0,1,2,3,4,5,6,7,8,9,10,11,12,13,14,15,16,17,18,19
0.027038102969527245,0.06395681202411652,0.07062870264053345,-0.03915216028690338,-0.05973523110151291,-0.025568857789039612,-0.024762265384197235,0.04180910065770149,-0.01883220300078392,-0.05883515626192093,-0.06388699263334274,0.06143267825245857,-0.02245824597775936,0.02574530988931656,0.06796851754188538,0.06430085748434067,-0.002087054308503866,0.0470634400844574,-0.01119062677025795,0.025506768375635147
0.005919926334172487,-0.029323512688279152,0.004949316848069429,-0.04274472966790199,0.006865421775728464,-0.009121931158006191,0.07138513773679733,-0.02382732927799225,-0.010442451573908329,0.014929146505892277,-0.09048323333263397,-0.07374774664640427,-0.042550377547740936,-0.032809849828481674,-0.03164052218198776,0.009450264275074005,-0.016641931608319283,0.027516160160303116,0.06822198629379272,-0.04651022329926491
-0.07425292581319809,0.007499613333493471,-0.019935784861445427,0.01505149994045496,0.05908094346523285,0.03415713831782341,-0.0439905971288681,0.006507899146527052,0.03107461892068386,-0.05443374440073967,0.041811857372522354,0.048657070845365524,0.007676548790186644,0.05407778546214104,0.032671865075826645,0.0911608636379242,0.030019914731383324,-0.08181998878717422,0.005222006235271692,0.011818574741482735
-0.07425292581319809,0.007499613333493471,-0.019935784861445427,0.01505149994045496,0.05908094346523285,0.03415713831782341,-0.0439905971288681,0.006507899146527052,0.03107461892068386,-0.05443374440073967,0.041811857372522354,0.048657070845365524,0.007676548790186644,0.05407778546214104,0.032671865075826645,0.0911608636379242,0.030019914731383324,-0.08181998878717422,0.005222006235271692,0.011818574741482735
-0.07425292581319809,0.007499613333493471,-0.019935784861445427,0.01505149994045496,0.05908094346523285,0.03415713831782341,-0.0439905971288681,0.006507899146527052,0.03107461892068386,-0.05443374440073967,0.041811857372522354,0.048657070845365524,0.007676548790186644,0.05407778546214104,0.032671865075826645,0.0911608636379242,0.030019914731383324,-0.08181998878717422,0.005222006235271692,0.011818574741482735
-0.07425292581319809,0.007499613333493471,-0.019935784861445427,0.01505149994045496,0.05908094346523285,0.03415713831782341,-0.0439905971288681,0.006507899146527052,0.03107461892068386,-0.05443374440073967,0.041811857372522354,0.048657070845365524,0.007676548790186644,0.05407778546214104,0.032671865075826645,0.0911608636379242,0.030019914731383324,-0.08181998878717422,0.005222006235271692,0.011818574741482735
-0.03253033012151718,0.034125663340091705,0.03749478608369827,0.04591008275747299,0.04540909454226494,0.04859088361263275,-0.03892120346426964,0.05055542662739754,0.1150175929069519,0.006079158280044794,-0.09256337583065033,-0.07162646949291229,0.039620064198970795,0.036076869815588,-0.053197331726551056,0.016577256843447685,-0.03460344299674034,-0.057719774544239044,-0.017924146726727486,-0.048660699278116226
-0.09682577848434448,-0.03080975078046322,-0.01977994292974472,-0.013807610608637333,-0.0310080423951149,0.057703517377376556,0.03788101300597191,-0.03272373974323273,0.04335540160536766,-0.00455824239179492,0.008940490894019604,-0.027962984517216682,0.0008303083013743162,0.06861837953329086,0.004090632777661085,0.08631174266338348,-0.028358982875943184,-0.02103564888238907,0.011632238514721394,-0.039861924946308136
-0.041247665882110596,-0.05747721716761589,0.04265146702528,0.08332722634077072,0.07325512915849686,0.07131674885749817,0.06826654821634293,-0.04332948848605156,-0.004335729870945215,-0.04508790373802185,-0.05186747759580612,-0.04925098642706871,-0.002089608693495393,-0.01797163486480713,0.04316950961947441,0.07598786801099777,-0.0297913309186697,0.04455817490816116,0.057009257376194,-0.05444096028804779
-0.001039281953126192,0.02218504436314106,0.023904232308268547,0.07868554443120956,-0.004249025136232376,0.0584106370806694,0.0346185602247715,0.056216295808553696,0.053995005786418915,0.07583487033843994,-0.05564618483185768,-0.023427218198776245,0.05386793985962868,-0.008969170041382313,-0.005296900402754545,0.025591949000954628,-0.06926283985376358,0.005708751268684864,0.0440676212310791,-0.019932791590690613
-0.032388556748628616,-0.07016917318105698,0.012094995938241482,0.011791100725531578,-0.012965151108801365,-0.012645183131098747,0.0007697085966356099,0.045261383056640625,-0.013039810582995415,0.018053395673632622,0.007272678427398205,-0.04687801003456116,-0.0397593230009079,-0.038711097091436386,-0.05873715132474899,-0.021079279482364655,0.032293371856212616,-0.04830329120159149,0.023507194593548775,-0.08137167245149612
0.026184730231761932,0.01223595067858696,-0.018384398892521858,-0.03807111456990242,-0.02133716642856598,0.024845508858561516,0.06764073669910431,0.05187118425965309,0.029786497354507446,0.0570235438644886,0.03947397693991661,-0.04254886135458946,0.047342706471681595,0.06866627931594849,-0.004358351696282625,0.02893039584159851,0.0003060784947592765,-0.05660136416554451,0.005489333998411894,-0.005915158428251743
0.04293399304151535,-0.04437946900725365,0.07751785218715668,0.009807722643017769,-0.024680649861693382,7.563774124719203e-05,0.024133043363690376,0.07976418733596802,0.05659148097038269,0.008749936707317829,-0.02035926841199398,-0.01780356839299202,0.061897922307252884,-0.009379436261951923,-0.04680459201335907,0.06391368806362152,0.0279752966016531,-0.07622725516557693,0.014033477753400803,0.05174187198281288
0.04293399304151535,-0.04437946900725365,0.07751785218715668,0.009807722643017769,-0.024680649861693382,7.563774124719203e-05,0.024133043363690376,0.07976418733596802,0.05659148097038269,0.008749936707317829,-0.02035926841199398,-0.01780356839299202,0.061897922307252884,-0.009379436261951923,-0.04680459201335907,0.06391368806362152,0.0279752966016531,-0.07622725516557693,0.014033477753400803,0.05174187198281288
0.04293399304151535,-0.04437946900725365,0.07751785218715668,0.009807722643017769,-0.024680649861693382,7.563774124719203e-05,0.024133043363690376,0.07976418733596802,0.05659148097038269,0.008749936707317829,-0.02035926841199398,-0.01780356839299202,0.061897922307252884,-0.009379436261951923,-0.04680459201335907,0.06391368806362152,0.0279752966016531,-0.07622725516557693,0.014033477753400803,0.05174187198281288
0.023835986852645874,-0.012827110476791859,0.0527726374566555,-0.03633671998977661,0.024296343326568604,-0.018458658829331398,-0.04853084683418274,0.06265027076005936,0.0973460003733635,0.017305724322795868,0.03402276709675789,-0.05561424419283867,-0.010180219076573849,-0.015969661995768547,0.018094036728143692,-0.008343257009983063,0.043715763837099075,-0.059581294655799866,0.002250322373583913,0.0502205528318882
-0.0019797179847955704,-0.060763176530599594,0.05829266831278801,0.029015975072979927,0.06906035542488098,0.05895978957414627,0.06925112754106522,-0.06042904034256935,0.0997849553823471,0.008710772730410099,-0.033064015209674835,-0.07243186235427856,0.07958617061376572,-0.04379093274474144,0.059640876948833466,0.06729888916015625,0.06877707690000534,0.027871618047356606,-0.01160410325974226,-0.04275042191147804
-0.0019797179847955704,-0.060763176530599594,0.05829266831278801,0.029015975072979927,0.06906035542488098,0.05895978957414627,0.06925112754106522,-0.06042904034256935,0.0997849553823471,0.008710772730410099,-0.033064015209674835,-0.07243186235427856,0.07958617061376572,-0.04379093274474144,0.059640876948833466,0.06729888916015625,0.06877707690000534,0.027871618047356606,-0.01160410325974226,-0.04275042191147804
-0.02774408645927906,-0.02322397194802761,-0.030718114227056503,-0.030140573158860207,0.03819533437490463,0.07545387744903564,-0.01941957138478756,0.029160182923078537,0.062061309814453125,0.06414294242858887,-0.00995781272649765,0.025385906919836998,-0.05149294063448906,-0.021412428468465805,0.038782749325037,0.008264636620879173,0.055634770542383194,-0.02126222848892212,-0.04079325124621391,0.05082002282142639
-0.02774408645927906,-0.02322397194802761,-0.030718114227056503,-0.030140573158860207,0.03819533437490463,0.07545387744903564,-0.01941957138478756,0.029160182923078537,0.062061309814453125,0.06414294242858887,-0.00995781272649765,0.025385906919836998,-0.05149294063448906,-0.021412428468465805,0.038782749325037,0.008264636620879173,0.055634770542383194,-0.02126222848892212,-0.04079325124621391,0.05082002282142639
0.032489050179719925,-0.05019595846533775,0.034417811781167984,-0.032160550355911255,-0.042413171380758286,0.022770049050450325,-0.046135496348142624,-0.03085923381149769,0.06529341638088226,0.00013473440776579082,0.015989376232028008,-0.022712331265211105,0.07985395193099976,0.01580113172531128,-0.012675821781158447,-0.020577766001224518,-0.030740633606910706,-0.02770029567182064,0.07153134793043137,-0.0864591971039772
0.032489050179719925,-0.05019595846533775,0.034417811781167984,-0.032160550355911255,-0.042413171380758286,0.022770049050450325,-0.046135496348142624,-0.03085923381149769,0.06529341638088226,0.00013473440776579082,0.015989376232028008,-0.022712331265211105,0.07985395193099976,0.01580113172531128,-0.012675821781158447,-0.020577766001224518,-0.030740633606910706,-0.02770029567182064,0.07153134793043137,-0.0864591971039772
0.032489050179719925,-0.05019595846533775,0.034417811781167984,-0.032160550355911255,-0.042413171380758286,0.022770049050450325,-0.046135496348142624,-0.03085923381149769,0.06529341638088226,0.00013473440776579082,0.015989376232028008,-0.022712331265211105,0.07985395193099976,0.01580113172531128,-0.012675821781158447,-0.020577766001224518,-0.030740633606910706,-0.02770029567182064,0.07153134793043137,-0.0864591971039772
-0.03446812927722931,0.015017783269286156,0.04129350557923317,-0.019005006179213524,0.010911824181675911,0.025213060900568962,0.017812976613640785,0.052669696509838104,0.07099083811044693,-0.01882014237344265,-0.0400390662252903,0.041151583194732666,0.021978633478283882,0.00849220436066389,-0.0050061410292983055,-0.029523614794015884,0.003632853738963604,0.013429725542664528,0.08218500763177872,-0.011630463413894176
-0.03446812927722931,0.015017783269286156,0.04129350557923317,-0.019005006179213524,0.010911824181675911,0.025213060900568962,0.017812976613640785,0.052669696509838104,0.07099083811044693,-0.01882014237344265,-0.0400390662252903,0.041151583194732666,0.021978633478283882,0.00849220436066389,-0.0050061410292983055,-0.029523614794015884,0.003632853738963604,0.013429725542664528,0.08218500763177872,-0.011630463413894176
0.032489050179719925,-0.05019595846533775,0.034417811781167984,-0.032160550355911255,-0.042413171380758286,0.022770049050450325,-0.046135496348142624,-0.03085923381149769,0.06529341638088226,0.00013473440776579082,0.015989376232028008,-0.022712331265211105,0.07985395193099976,0.01580113172531128,-0.012675821781158447,-0.020577766001224518,-0.030740633606910706,-0.02770029567182064,0.07153134793043137,-0.0864591971039772
0.0018834451911970973,-0.02244606986641884,0.0650089830160141,0.060534872114658356,-0.0570848286151886,0.07385332137346268,0.0702991932630539,-0.015685047954320908,-0.004034882877022028,-0.012960034422576427,-0.04318084195256233,0.05275620147585869,-0.02208086848258972,0.07768275588750839,-0.056016214191913605,-0.012656056322157383,-0.02795371785759926,-0.05980631709098816,0.020909801125526428,0.02735413983464241
-0.003490844275802374,-0.06278124451637268,-0.0336158461868763,-0.03590959310531616,0.06526386737823486,-0.008601861074566841,-0.06291575729846954,0.02013458125293255,-0.03236772119998932,0.05478329211473465,-0.04531197249889374,-0.07696223258972168,0.022574221715331078,0.03203714266419411,0.06315848231315613,0.0297818873077631,-0.057281672954559326,-0.07052967697381973,-0.04212518408894539,-0.030241603031754494
0.0018834451911970973,-0.02244606986641884,0.0650089830160141,0.060534872114658356,-0.0570848286151886,0.07385332137346268,0.0702991932630539,-0.015685047954320908,-0.004034882877022028,-0.012960034422576427,-0.04318084195256233,0.05275620147585869,-0.02208086848258972,0.07768275588750839,-0.056016214191913605,-0.012656056322157383,-0.02795371785759926,-0.05980631709098816,0.020909801125526428,0.02735413983464241
-0.02733839862048626,0.06235656514763832,0.0689980760216713,-0.02787594497203827,-0.02285982482135296,-0.05476218834519386,-0.0470101460814476,-1.8251739675179124e-05,0.09246537834405899,-0.033575862646102905,-0.10504328459501266,0.05023076757788658,0.06365640461444855,-0.029819482937455177,-0.01273969653993845,-0.0444675050675869,-0.02225080318748951,-0.05613694339990616,-0.0012630901765078306,-0.04386051371693611
-0.09319617599248886,-0.029301876202225685,0.05032406747341156,-0.01747240126132965,0.03906886652112007,-0.025731192901730537,-0.01470896229147911,0.02704107016324997,0.04427551105618477,0.01656096801161766,0.036526504904031754,-0.016703177243471146,-0.06654378771781921,-0.05888717249035835,0.02758454717695713,0.05351587384939194,-0.08153362572193146,-0.0560118705034256,-0.034578580409288406,-0.05108025670051575
0.02994128316640854,-0.04199351742863655,-0.06135440245270729,0.07915914058685303,0.05752864480018616,-0.040453020483255386,-0.022297237068414688,-0.035661909729242325,-0.008674096316099167,0.012525939382612705,-0.01060859952121973,-0.08164022117853165,-0.062196698039770126,0.012728840112686157,0.04875568673014641,0.0869060829281807,-0.001185417058877647,0.032019130885601044,-0.0015768494922667742,-0.052318025380373
-0.04398452863097191,0.029356492683291435,0.00899928156286478,0.08356287330389023,-0.042240630835294724,-0.05157581716775894,0.018629632890224457,0.0691719651222229,0.02683880366384983,-0.02165999636054039,0.03193941339850426,-0.022554107010364532,-0.04819652810692787,0.028998591005802155,0.0735771581530571,0.09286115318536758,-0.03532811626791954,0.01950996369123459,0.045524708926677704,-0.06368272006511688
0.0021176859736442566,0.01644282415509224,0.045761555433273315,0.014834572561085224,0.031624987721443176,-0.044678833335638046,-0.05311834439635277,0.07276269793510437,0.06298935413360596,-0.052898336201906204,-0.018946759402751923,0.041392747312784195,0.05086278170347214,-0.0477154366672039,0.060272760689258575,-0.04351522773504257,-0.03161364793777466,0.0181215051561594,0.022532736882567406,0.04563518241047859
-0.0668858140707016,0.058481305837631226,-0.0011277244193479419,0.04339418187737465,0.07638605684041977,-0.025340089574456215,0.021354513242840767,-0.04393266886472702,0.027569109573960304,0.06346189230680466,-0.06672659516334534,-0.07606232166290283,0.0631147250533104,0.009256049990653992,0.06539899110794067,0.02944926545023918,0.038828298449516296,-0.07205545902252197,-0.044850338250398636,-0.07729823142290115
0.025670599192380905,-0.0648503229022026,0.037770166993141174,-0.021594658493995667,0.07001037895679474,0.007192810531705618,0.0011242135660722852,0.07393615692853928,0.04967781901359558,-0.04404351860284805,0.027896441519260406,0.03571528196334839,0.04751469939947128,0.028507405892014503,0.060262370854616165,0.031993187963962555,-0.046203333884477615,0.03433768451213837,0.0404166541993618,0.0037305846344679594
0.006382833234965801,-0.011834322474896908,0.04466445744037628,0.036458712071180344,-0.029192360118031502,-0.02443450130522251,-0.035345204174518585,-0.05234675854444504,0.09446012228727341,-0.04932389408349991,-0.10784143209457397,0.025378184393048286,0.07071296870708466,0.021001797169446945,0.05607149377465248,-0.014090098440647125,0.06120406836271286,0.04161994159221649,0.061417076736688614,-0.01874442771077156
-0.08382613211870193,-0.0573224239051342,0.04005565121769905,-0.01690337248146534,-0.010696690529584885,0.017266299575567245,-0.06465300172567368,-0.043555848300457,0.04253103584051132,0.025069912895560265,-0.052225518971681595,-0.01885885000228882,0.05557357519865036,-0.04411855712532997,-0.06113811954855919,0.020789647474884987,0.00703473249450326,-0.006985935848206282,0.04916210472583771,-0.07259644567966461
0.01043375488370657,-0.05546199157834053,0.08801420032978058,-0.01702655479311943,0.07442162930965424,0.08124521374702454,0.020178409293293953,0.022935010492801666,0.07114182412624359,-0.0011096601374447346,-0.09705303609371185,-0.06190844997763634,0.0033069245982915163,0.00038350888644345105,0.03026176244020462,-0.031560543924570084,0.05864343419671059,-0.06077278405427933,0.08684774488210678,0.012180623598396778
0.010843750089406967,-0.0006100186728872359,-0.006558109074831009,-0.026585038751363754,-0.005673594307154417,0.023189101368188858,0.01569468528032303,0.03824526444077492,0.01534005906432867,-0.02074071392416954,0.01778584159910679,0.05010862275958061,-0.048279162496328354,0.007885363884270191,0.00985858403146267,0.08889877051115036,-0.03456346318125725,-0.05386093258857727,0.04410507157444954,-0.07225900888442993
-0.045790109783411026,0.012416659854352474,-0.015655430033802986,0.015295226126909256,0.0550135038793087,0.07048369199037552,0.016873730346560478,-0.009788330644369125,-0.03414095193147659,-0.03234971687197685,-0.09693212807178497,-0.0043488759547472,-0.014586982317268848,0.014325120486319065,0.06869467347860336,0.055262044072151184,-0.0007727748015895486,-0.07348133623600006,-0.04534599184989929,-0.07957854866981506
-0.012025626376271248,0.027748024091124535,-0.019015969708561897,0.007262594997882843,0.01476801186800003,0.043120235204696655,-0.04898883402347565,-0.0008571200887672603,0.024213669821619987,0.02794165164232254,-0.08208202570676804,0.015035475604236126,0.06143142655491829,-0.04565519466996193,-0.04830825328826904,-0.03198190778493881,0.006199325900524855,0.0004602413682732731,-0.029516039416193962,0.031550534069538116
-0.039099257439374924,-0.06615689396858215,0.006564107723534107,0.04869567230343819,0.016760336235165596,0.031385112553834915,-0.0009882933227345347,-0.020663486793637276,0.03642349690198898,0.05447781831026077,0.03550329804420471,-0.01763070374727249,0.06629151850938797,0.03574853017926216,-0.0678413137793541,-0.0014565382152795792,-0.023028157651424408,-0.04056071490049362,-0.013368195854127407,-0.038955219089984894
-0.06555085629224777,-0.00219512521289289,0.006873174104839563,0.016970328986644745,0.03603227809071541,0.016910206526517868,-0.0034944722428917885,0.0788576677441597,0.09095915406942368,0.043283142149448395,0.023637132719159126,-0.027594411745667458,-0.041962169110774994,-0.01816793903708458,-0.03345631808042526,0.09066656231880188,0.053124044090509415,-0.017727889120578766,-0.02335311472415924,-0.0642753466963768
0.03185902535915375,-0.009212077595293522,-0.02187473140656948,0.03067014366388321,-0.057265546172857285,0.03233818709850311,0.011492322199046612,-0.044014956802129745,0.09738131612539291,0.05228230357170105,-0.07486776262521744,0.04600103199481964,-0.02211577631533146,0.04941779002547264,-0.03368134796619415,0.02273215912282467,0.022055407986044884,-0.07501755654811859,-0.007313997950404882,0.054799340665340424
0.03185902535915375,-0.009212077595293522,-0.02187473140656948,0.03067014366388321,-0.057265546172857285,0.03233818709850311,0.011492322199046612,-0.044014956802129745,0.09738131612539291,0.05228230357170105,-0.07486776262521744,0.04600103199481964,-0.02211577631533146,0.04941779002547264,-0.03368134796619415,0.02273215912282467,0.022055407986044884,-0.07501755654811859,-0.007313997950404882,0.054799340665340424
-0.007895688526332378,-0.06459183245897293,0.0005078330868855119,0.019283616915345192,0.012251284904778004,0.013399513438344002,-0.0014372427249327302,0.05630781501531601,0.07499822229146957,-0.055753063410520554,-0.1009463518857956,0.05363326147198677,0.028275974094867706,0.00963966827839613,-0.03830733150243759,0.03876857832074165,0.020542951300740242,0.0059694694355130196,0.057487573474645615,0.004513705614954233
-0.007895688526332378,-0.06459183245897293,0.0005078330868855119,0.019283616915345192,0.012251284904778004,0.013399513438344002,-0.0014372427249327302,0.05630781501531601,0.07499822229146957,-0.055753063410520554,-0.1009463518857956,0.05363326147198677,0.028275974094867706,0.00963966827839613,-0.03830733150243759,0.03876857832074165,0.020542951300740242,0.0059694694355130196,0.057487573474645615,0.004513705614954233
-0.03383602201938629,-0.000746861333027482,0.017502833157777786,0.07960143685340881,-0.049848828464746475,-0.06066259741783142,0.07087913900613785,-0.02282877266407013,0.07593591511249542,0.020356198772788048,-0.09590819478034973,0.04321213811635971,0.022074619308114052,0.02674046717584133,0.006502723786979914,-0.027745002880692482,0.018314020708203316,-0.04328761622309685,-0.0359528474509716,0.0013426020741462708
-0.03383602201938629,-0.000746861333027482,0.017502833157777786,0.07960143685340881,-0.049848828464746475,-0.06066259741783142,0.07087913900613785,-0.02282877266407013,0.07593591511249542,0.020356198772788048,-0.09590819478034973,0.04321213811635971,0.022074619308114052,0.02674046717584133,0.006502723786979914,-0.027745002880692482,0.018314020708203316,-0.04328761622309685,-0.0359528474509716,0.0013426020741462708
-0.03383602201938629,-0.000746861333027482,0.017502833157777786,0.07960143685340881,-0.049848828464746475,-0.06066259741783142,0.07087913900613785,-0.02282877266407013,0.07593591511249542,0.020356198772788048,-0.09590819478034973,0.04321213811635971,0.022074619308114052,0.02674046717584133,0.006502723786979914,-0.027745002880692482,0.018314020708203316,-0.04328761622309685,-0.0359528474509716,0.0013426020741462708
-0.06290169805288315,-0.03382737934589386,0.059743732213974,-0.002205396071076393,0.08003363758325577,-0.056968219578266144,0.0340467132627964,0.03362616151571274,-0.007458685431629419,-0.04973626881837845,0.021436912938952446,-0.0233269315212965,0.02879771776497364,0.0623726062476635,-0.019591692835092545,-0.02596505731344223,-0.07442847639322281,0.002934638410806656,-0.0018989848904311657,-0.03485213965177536
-0.03704995661973953,0.014375219121575356,0.059921279549598694,0.06230917200446129,0.03179945424199104,-0.033273737877607346,0.05795912817120552,0.08640444278717041,0.06399255245923996,-0.05212998017668724,-0.05056040361523628,-0.004049770534038544,-0.004456700757145882,-0.010568484663963318,-0.024527771398425102,0.012589650228619576,0.03285658732056618,-0.0524667426943779,0.047375693917274475,-0.047439321875572205
-0.03704995661973953,0.014375219121575356,0.059921279549598694,0.06230917200446129,0.03179945424199104,-0.033273737877607346,0.05795912817120552,0.08640444278717041,0.06399255245923996,-0.05212998017668724,-0.05056040361523628,-0.004049770534038544,-0.004456700757145882,-0.010568484663963318,-0.024527771398425102,0.012589650228619576,0.03285658732056618,-0.0524667426943779,0.047375693917274475,-0.047439321875572205
-0.05350572615861893,-0.012006061151623726,7.628704770468175e-05,0.08256455510854721,-0.01351005956530571,-0.021133679896593094,0.06952996551990509,0.05216800421476364,0.013602330349385738,-0.038026150315999985,0.024180954322218895,-0.030062926933169365,0.02277480810880661,-0.0022644076962023973,0.04057087376713753,0.028902772814035416,-0.06227923557162285,-0.04807581752538681,0.04860402271151543,0.01253596879541874
-0.0163686852902174,-0.06637388467788696,0.0448286347091198,-0.04267853498458862,-0.009069842286407948,-0.05845986306667328,0.046923842281103134,-0.029294606298208237,-0.024640651419758797,-0.05492629110813141,-0.09688671678304672,-0.013354497961699963,-0.04459008947014809,0.06900664418935776,0.02820206619799137,0.05011609569191933,0.02468976378440857,-0.05126873403787613,0.04880082234740257,0.014874594286084175
-0.06368646025657654,0.03892449662089348,0.06420300155878067,0.028587710112333298,-0.02062397636473179,0.0465252548456192,-0.022553827613592148,-0.02800566516816616,0.04493521526455879,0.028697693720459938,-0.1053849309682846,0.054283663630485535,0.01058525126427412,0.05894526466727257,-0.010328268632292747,-0.01927865855395794,-0.03986785188317299,0.05026134103536606,0.017015285789966583,0.020749373361468315
0.005342623684555292,0.04647444561123848,-0.011818415485322475,-0.04978789761662483,0.05284661799669266,-0.039505526423454285,-0.0637064278125763,0.048473846167325974,0.08244618028402328,-0.05805131420493126,-0.07571648806333542,-0.022240014746785164,-0.022258538752794266,-0.03387967869639397,-0.07289940863847733,0.09325516223907471,-0.05352875590324402,-0.012525801546871662,0.08243100345134735,-0.026086075231432915
0.005342623684555292,0.04647444561123848,-0.011818415485322475,-0.04978789761662483,0.05284661799669266,-0.039505526423454285,-0.0637064278125763,0.048473846167325974,0.08244618028402328,-0.05805131420493126,-0.07571648806333542,-0.022240014746785164,-0.022258538752794266,-0.03387967869639397,-0.07289940863847733,0.09325516223907471,-0.05352875590324402,-0.012525801546871662,0.08243100345134735,-0.026086075231432915
0.022678079083561897,0.013341030105948448,-0.051145974546670914,0.08243539929389954,0.04740989953279495,0.07663467526435852,-0.062473881989717484,0.06489838659763336,0.030249090865254402,0.04315900430083275,-0.09345489740371704,-0.013538012281060219,-0.014877361245453358,-0.02328435704112053,0.03969666734337807,0.07491452991962433,0.021198531612753868,0.057586826384067535,-0.011033705435693264,-0.011449902318418026
-0.055674441158771515,0.04168509319424629,0.06470786035060883,0.08774217963218689,0.05405404046177864,-0.001629129983484745,0.027249258011579514,-0.016479074954986572,0.047918565571308136,-0.05413128063082695,-0.0629514530301094,-0.0002278927422594279,0.05778763070702553,-0.04927056282758713,-0.006438807118684053,0.0690111517906189,0.05431585758924484,-0.02270445227622986,0.0640912875533104,0.058661166578531265
0.005342623684555292,0.04647444561123848,-0.011818415485322475,-0.04978789761662483,0.05284661799669266,-0.039505526423454285,-0.0637064278125763,0.048473846167325974,0.08244618028402328,-0.05805131420493126,-0.07571648806333542,-0.022240014746785164,-0.022258538752794266,-0.03387967869639397,-0.07289940863847733,0.09325516223907471,-0.05352875590324402,-0.012525801546871662,0.08243100345134735,-0.026086075231432915
0.022678079083561897,0.013341030105948448,-0.051145974546670914,0.08243539929389954,0.04740989953279495,0.07663467526435852,-0.062473881989717484,0.06489838659763336,0.030249090865254402,0.04315900430083275,-0.09345489740371704,-0.013538012281060219,-0.014877361245453358,-0.02328435704112053,0.03969666734337807,0.07491452991962433,0.021198531612753868,0.057586826384067535,-0.011033705435693264,-0.011449902318418026
0.022678079083561897,0.013341030105948448,-0.051145974546670914,0.08243539929389954,0.04740989953279495,0.07663467526435852,-0.062473881989717484,0.06489838659763336,0.030249090865254402,0.04315900430083275,-0.09345489740371704,-0.013538012281060219,-0.014877361245453358,-0.02328435704112053,0.03969666734337807,0.07491452991962433,0.021198531612753868,0.057586826384067535,-0.011033705435693264,-0.011449902318418026
-0.028318818658590317,-0.041706908494234085,-0.023057973012328148,0.0515923909842968,-0.017941361293196678,-0.0037267315201461315,0.06207806244492531,-0.02847355231642723,0.039786554872989655,-0.016121704131364822,-0.009782985784113407,-0.06799591332674026,0.04946625605225563,0.04544859752058983,0.015845101326704025,0.0016870817635208368,-0.02482210099697113,0.022681739181280136,0.08580677956342697,-0.0012010419741272926
-0.028318818658590317,-0.041706908494234085,-0.023057973012328148,0.0515923909842968,-0.017941361293196678,-0.0037267315201461315,0.06207806244492531,-0.02847355231642723,0.039786554872989655,-0.016121704131364822,-0.009782985784113407,-0.06799591332674026,0.04946625605225563,0.04544859752058983,0.015845101326704025,0.0016870817635208368,-0.02482210099697113,0.022681739181280136,0.08580677956342697,-0.0012010419741272926
-0.048600416630506516,0.0408039353787899,0.04510686174035072,0.00940417405217886,-0.06042053923010826,0.04052463546395302,-0.06491639465093613,0.027889953926205635,0.027822354808449745,-0.05271737277507782,-0.03369027003645897,0.007774802856147289,0.03321950137615204,0.046461671590805054,0.043663736432790756,0.06381037831306458,0.04264672473073006,-0.04734524339437485,0.0679674744606018,-0.011370325461030006
-0.06609673798084259,-0.01056123897433281,0.04288757964968681,0.05611690878868103,0.04704032838344574,0.061126306653022766,0.002359923208132386,-0.0364505834877491,0.027640311047434807,0.06601732969284058,-0.03630620241165161,-0.03089153952896595,0.04555131867527962,-0.032388124614953995,0.03472729027271271,-0.0383736677467823,-0.011334074661135674,-0.007395975291728973,0.019774381071329117,0.05093592032790184
-0.084572933614254,-0.0209868885576725,0.059832293540239334,-0.004585498012602329,-0.02030736580491066,-0.030937641859054565,-0.012381424196064472,-0.0022662216797471046,0.07580041140317917,0.06413295865058899,-0.057915061712265015,0.03426002711057663,0.023397155106067657,0.08158362656831741,0.06477928161621094,0.027167094871401787,-0.030657388269901276,0.017403386533260345,-0.015403913334012032,0.015360605902969837
0.043698132038116455,0.04042017087340355,0.07399751991033554,0.021704748272895813,0.00191908807028085,0.034907300025224686,0.04468946531414986,0.006297409068793058,0.04788021743297577,-0.01599288545548916,0.02141684666275978,-0.049271877855062485,0.07259174436330795,0.028768738731741905,-0.0011447543511167169,0.07757847011089325,-0.0001256207178812474,0.02523360215127468,0.07026167958974838,-0.026123134419322014
0.043698132038116455,0.04042017087340355,0.07399751991033554,0.021704748272895813,0.00191908807028085,0.034907300025224686,0.04468946531414986,0.006297409068793058,0.04788021743297577,-0.01599288545548916,0.02141684666275978,-0.049271877855062485,0.07259174436330795,0.028768738731741905,-0.0011447543511167169,0.07757847011089325,-0.0001256207178812474,0.02523360215127468,0.07026167958974838,-0.026123134419322014
-0.08355653285980225,0.031893305480480194,0.038615260273218155,0.005268268287181854,-0.04681770130991936,0.03034462407231331,-0.06462639570236206,-0.018794184550642967,0.07933168858289719,0.04111999645829201,0.00453605130314827,-0.07756967842578888,-0.0033249470870941877,0.06979911774396896,-0.03811238333582878,0.03382718935608864,0.06024015694856644,-0.06792379170656204,-0.03581053391098976,0.008518656715750694
-0.08355653285980225,0.031893305480480194,0.038615260273218155,0.005268268287181854,-0.04681770130991936,0.03034462407231331,-0.06462639570236206,-0.018794184550642967,0.07933168858289719,0.04111999645829201,0.00453605130314827,-0.07756967842578888,-0.0033249470870941877,0.06979911774396896,-0.03811238333582878,0.03382718935608864,0.06024015694856644,-0.06792379170656204,-0.03581053391098976,0.008518656715750694
-0.016771281138062477,0.016462529078125954,-0.02217688038945198,-0.017782844603061676,-0.06438012421131134,-0.025075651705265045,-0.04069269821047783,0.072522833943367,0.08806449919939041,0.04696517810225487,-0.07184202969074249,0.005453820805996656,-0.0205465666949749,0.06815700978040695,0.021227767691016197,0.037059009075164795,0.014476791955530643,-0.043924856930971146,0.06011011451482773,0.002390806097537279
0.041749708354473114,-0.005209209863096476,0.009504478424787521,0.012968223541975021,0.060633864253759384,0.011404009535908699,-0.016136623919010162,0.05421514809131622,-0.005410519428551197,0.06544017046689987,-0.00452636182308197,0.0012967002112418413,-0.03256525471806526,-0.025452198460698128,0.008797481656074524,0.0006711610476486385,0.015930119901895523,-0.0002914129290729761,0.08531467616558075,-0.0341990701854229
-0.0679536759853363,0.04431448131799698,-0.051786597818136215,0.0030592225957661867,0.0710286945104599,0.017946457490324974,-0.03735535591840744,-0.0301328394562006,-0.023445507511496544,0.009478858672082424,0.01646554283797741,0.02912217006087303,0.028712132945656776,0.038743335753679276,0.03197433426976204,0.04330501705408096,-0.062249064445495605,-0.003115488216280937,0.029080070555210114,0.05753098800778389
-0.0679536759853363,0.04431448131799698,-0.051786597818136215,0.0030592225957661867,0.0710286945104599,0.017946457490324974,-0.03735535591840744,-0.0301328394562006,-0.023445507511496544,0.009478858672082424,0.01646554283797741,0.02912217006087303,0.028712132945656776,0.038743335753679276,0.03197433426976204,0.04330501705408096,-0.062249064445495605,-0.003115488216280937,0.029080070555210114,0.05753098800778389
-0.0679536759853363,0.04431448131799698,-0.051786597818136215,0.0030592225957661867,0.0710286945104599,0.017946457490324974,-0.03735535591840744,-0.0301328394562006,-0.023445507511496544,0.009478858672082424,0.01646554283797741,0.02912217006087303,0.028712132945656776,0.038743335753679276,0.03197433426976204,0.04330501705408096,-0.062249064445495605,-0.003115488216280937,0.029080070555210114,0.05753098800778389
-0.03170096501708031,-0.01731359027326107,0.009909523651003838,0.057981885969638824,-0.01199948601424694,0.06814631074666977,0.06810404360294342,0.07520934194326401,-0.018169531598687172,-9.664641402196139e-05,-0.03779808059334755,-0.034847650676965714,0.03004864975810051,-0.05121659114956856,-0.026285935193300247,0.04608311876654625,0.008441402576863766,0.03819962218403816,-0.007450927514582872,-0.01791449449956417
0.0032148142345249653,-0.07072678953409195,0.04879545047879219,0.009918471798300743,0.00021797421504743397,0.044006019830703735,-0.04845128580927849,0.06007033586502075,0.0025968439877033234,0.024255475029349327,-0.098021499812603,-0.01732424832880497,-0.06085622310638428,0.028629198670387268,0.025432448834180832,0.06352601200342178,0.004146316554397345,-0.019841525703668594,0.09503035992383957,0.01922723464667797
0.0032148142345249653,-0.07072678953409195,0.04879545047879219,0.009918471798300743,0.00021797421504743397,0.044006019830703735,-0.04845128580927849,0.06007033586502075,0.0025968439877033234,0.024255475029349327,-0.098021499812603,-0.01732424832880497,-0.06085622310638428,0.028629198670387268,0.025432448834180832,0.06352601200342178,0.004146316554397345,-0.019841525703668594,0.09503035992383957,0.01922723464667797
-0.024092724546790123,-0.0668436586856842,-0.049380794167518616,0.041508257389068604,-0.017841916531324387,0.01067535113543272,0.02828941121697426,-0.05300712585449219,0.10068248957395554,-0.03125746175646782,-0.039133939892053604,-0.037150416523218155,0.03835466504096985,0.05043984577059746,-0.053745463490486145,0.057227957993745804,0.013489481061697006,0.006205755285918713,0.06708689033985138,0.008834750391542912
0.00990265142172575,0.04138297960162163,0.05831044912338257,0.06946323812007904,0.06394243985414505,-0.04962833598256111,-0.02210681326687336,0.07561583071947098,0.061755865812301636,0.07632091641426086,-0.09774883091449738,0.057234298437833786,0.022977910935878754,0.04529397562146187,0.0011140677379444242,-0.036462679505348206,-0.06914151459932327,-0.017819706350564957,-0.03161171078681946,-0.07299596071243286
0.0008140234858728945,-0.06088148057460785,0.04672534763813019,0.016559932380914688,-0.044098757207393646,0.08436468988656998,-0.05319782346487045,0.007040448021143675,0.02852911502122879,0.052984870970249176,-0.05659767985343933,-0.025300869718194008,-0.033326052129268646,0.07404673844575882,-0.03967950493097305,0.07220866531133652,0.008528984151780605,0.021447978913784027,0.006989194545894861,-0.08000129461288452
-0.011042910628020763,-0.011775743216276169,0.013089031912386417,-0.03813605010509491,-0.0436093769967556,-0.028309179469943047,-0.06547805666923523,-0.002808193676173687,0.017234768718481064,0.06929215788841248,-0.09723801165819168,-0.06087331846356392,0.04954671114683151,0.03648020327091217,-0.04767279326915741,-0.027287527918815613,0.06401077657938004,0.002029819879680872,0.06803432106971741,-0.03339327499270439
0.03720448166131973,-0.05781255662441254,0.04179782420396805,-0.007114366628229618,-0.02143450640141964,0.06015998497605324,-0.051462605595588684,0.054282017052173615,-0.03816170617938042,0.0021183572243899107,0.02861224114894867,0.024039898067712784,-0.04478485882282257,-0.04238415136933327,-0.05275309085845947,0.03872508555650711,0.02608705498278141,0.02474217675626278,0.05137932300567627,0.007119813002645969
-0.03301822766661644,0.006542840972542763,-0.04496202617883682,-0.03547279164195061,-0.05757948011159897,-0.0646115094423294,-0.0345301628112793,0.050270866602659225,0.00808131042867899,-0.009392715990543365,-0.07936758548021317,-0.029864652082324028,-0.011304941028356552,-0.04887547343969345,0.02618253603577614,0.03145924210548401,0.018692664802074432,-0.06715428829193115,-0.04678099602460861,-0.0022682971321046352
-0.03301822766661644,0.006542840972542763,-0.04496202617883682,-0.03547279164195061,-0.05757948011159897,-0.0646115094423294,-0.0345301628112793,0.050270866602659225,0.00808131042867899,-0.009392715990543365,-0.07936758548021317,-0.029864652082324028,-0.011304941028356552,-0.04887547343969345,0.02618253603577614,0.03145924210548401,0.018692664802074432,-0.06715428829193115,-0.04678099602460861,-0.0022682971321046352
-0.03301822766661644,0.006542840972542763,-0.04496202617883682,-0.03547279164195061,-0.05757948011159897,-0.0646115094423294,-0.0345301628112793,0.050270866602659225,0.00808131042867899,-0.009392715990543365,-0.07936758548021317,-0.029864652082324028,-0.011304941028356552,-0.04887547343969345,0.02618253603577614,0.03145924210548401,0.018692664802074432,-0.06715428829193115,-0.04678099602460861,-0.0022682971321046352
-0.0608854703605175,-0.02847883850336075,0.021803000941872597,-0.010674412362277508,0.005455901380628347,-0.011256717145442963,-0.006164333783090115,-0.024465875700116158,0.06302545964717865,-0.06350263953208923,-0.08766884356737137,0.057784222066402435,-0.055721215903759,0.0747842863202095,0.05207834392786026,0.048066575080156326,-0.05957726389169693,0.008195968344807625,0.034962911158800125,-0.029142485931515694
-0.026782818138599396,-0.03297527879476547,0.08097760379314423,0.017458666115999222,0.054426129907369614,0.07107020169496536,-0.04914204031229019,-0.05072130262851715,-0.0008216974674724042,0.012707320041954517,-0.03320467099547386,0.048327356576919556,0.00342696625739336,-0.060941293835639954,0.037277355790138245,0.004569346085190773,-0.0310111902654171,0.042404305189847946,-0.03472007438540459,0.0004293325764592737
-0.017288845032453537,0.013895628973841667,-0.002608052920550108,0.023883886635303497,0.07171128690242767,0.07601658254861832,0.0611569844186306,0.04744982719421387,0.043407440185546875,0.05101364478468895,-0.03266976401209831,-0.06979896128177643,0.0026328503154218197,0.009190738201141357,-0.0007846539956517518,0.017803413793444633,-0.012686912901699543,-0.0482320636510849,0.0195760577917099,-0.01820206455886364
-0.007857468910515308,-0.06447885185480118,-0.03552458435297012,0.0021452484652400017,0.042839840054512024,0.0686860978603363,-0.0563667006790638,0.006940407678484917,0.06509287655353546,-0.01523787435144186,0.029861317947506905,-0.03675755113363266,0.07966284453868866,0.019738662987947464,-0.04464120417833328,-0.003399820765480399,-0.06018989905714989,-0.06738583743572235,0.05404885113239288,0.00469916732981801
-0.0026193035300821066,0.034246742725372314,0.00630570761859417,0.0684090256690979,-0.049408044666051865,-0.02569693513214588,-0.03818551450967789,0.0511007085442543,-0.016246099025011063,0.050723809748888016,-0.09183929860591888,-0.02138710953295231,-0.02523309737443924,0.08199942111968994,-0.004217493813484907,0.06306774169206619,0.008058176375925541,0.020987506955862045,0.03930551931262016,-0.016583668068051338
-0.06995168328285217,-0.06928502768278122,-1.4378637388290372e-05,0.04781278967857361,0.023370884358882904,0.009671861305832863,0.019489357247948647,-0.034428197890520096,0.008251993916928768,-0.013517233543097973,-0.09235191345214844,-0.05275948718190193,0.07834841310977936,0.03390517458319664,-0.03452010452747345,0.031066203489899635,-0.06024668738245964,-0.026468459516763687,0.023647883906960487,0.012043173424899578
0.0010578468209132552,-0.014833097346127033,-0.03914261981844902,0.07740170508623123,0.04423388093709946,0.06994425505399704,0.007094060070812702,-0.026121992617845535,0.07140028476715088,-0.010093591175973415,-0.056146278977394104,-0.04582520201802254,0.04935530573129654,-0.053338754922151566,0.04913211613893509,0.026273926720023155,0.04979775473475456,0.04246799275279045,0.013055913150310516,-0.04184739291667938
0.03251345828175545,-0.0026536325458437204,0.0710916668176651,0.058713626116514206,0.04164097458124161,-0.05129866302013397,0.008847023360431194,0.025691596791148186,0.0797903761267662,0.06036430597305298,-0.05054273456335068,-0.07896852493286133,-0.010075902566313744,0.07204528152942657,0.0024527988862246275,0.015930864959955215,-0.07491081207990646,-0.0541519969701767,0.000529065728187561,0.05040600150823593
-0.05538388341665268,-0.07069306820631027,0.03725877031683922,-0.015684764832258224,-0.005104725249111652,-0.03604047745466232,-0.021879073232412338,0.025744425132870674,0.10225096344947815,0.02818734012544155,0.04524679481983185,-0.034487590193748474,-0.0524909645318985,0.08125793188810349,0.025954242795705795,0.07990541309118271,-0.008520620875060558,0.029668204486370087,-0.03249478340148926,-0.013297653757035732
-0.0997314304113388,-0.0671890452504158,0.06362258642911911,0.0471845343708992,-0.002948909532278776,-0.045478854328393936,0.06265171617269516,0.056061629205942154,0.1046704351902008,0.06679073721170425,-0.03548884019255638,0.030313611030578613,-0.06234344467520714,-0.04132762551307678,0.02080250158905983,0.07813063263893127,-0.06531483680009842,0.03679216653108597,0.034603167325258255,-0.013073048554360867
0.04696419835090637,-0.01210236269980669,-0.04780033603310585,0.04362065717577934,0.05559729412198067,-0.015070078894495964,0.03472582623362541,0.05026775598526001,0.044204231351614,0.054824598133563995,0.031995005905628204,-0.006538746878504753,-0.03430330753326416,-0.03933362290263176,-0.043620213866233826,0.059384431689977646,0.05366173014044762,0.019415030255913734,-0.007046137936413288,0.030900774523615837
-0.060971301048994064,-0.06565055251121521,0.06525134295225143,-0.027500687167048454,0.048901449888944626,-0.0259654950350523,-0.04116802662611008,-0.05004806071519852,-0.003770085982978344,-0.04262978956103325,-0.07277141511440277,0.009982449933886528,0.006158687639981508,0.036225516349077225,0.06983042508363724,0.014682321809232235,0.02470974065363407,-0.042617108672857285,0.0753052681684494,0.02589838020503521
-0.043459922075271606,0.029758740216493607,-0.014046479016542435,0.044062476605176926,0.02114623598754406,0.09244028478860855,-0.022458260878920555,-0.05135983228683472,0.0126314302906394,-0.02110487036406994,-0.05891840532422066,0.04630095884203911,-0.06566572189331055,-0.0006391939823515713,0.05238720774650574,0.01718747615814209,0.05427994951605797,0.021748512983322144,0.05944443121552467,-0.06813174486160278
-0.060971301048994064,-0.06565055251121521,0.06525134295225143,-0.027500687167048454,0.048901449888944626,-0.0259654950350523,-0.04116802662611008,-0.05004806071519852,-0.003770085982978344,-0.04262978956103325,-0.07277141511440277,0.009982449933886528,0.006158687639981508,0.036225516349077225,0.06983042508363724,0.014682321809232235,0.02470974065363407,-0.042617108672857285,0.0753052681684494,0.02589838020503521
0.03284982219338417,0.010008643381297588,-0.019605476409196854,-0.03710484877228737,0.0365908183157444,0.0773325115442276,-0.0549602285027504,0.034606363624334335,0.013335855677723885,0.034275006502866745,-0.014218650758266449,0.040430404245853424,0.06549769639968872,-0.01178684551268816,-0.02692948468029499,0.06842532753944397,-0.02514452114701271,-0.055454522371292114,-0.003486064961180091,-0.06409061700105667
0.04802973195910454,-0.015574720688164234,0.04962100833654404,-0.03450406342744827,-0.06708710640668869,-0.05688322335481644,0.048828862607479095,0.03987390547990799,0.07701099663972855,-0.04840092360973358,0.031970877200365067,-0.0036730810534209013,0.08108726143836975,0.07302156090736389,-0.0300340224057436,0.013921914622187614,-0.04396113380789757,-0.0005568871856667101,0.07020877301692963,-0.06345207244157791
-0.05622677132487297,0.05101680010557175,-0.052139390259981155,-0.016694730147719383,0.00818044226616621,0.04321492463350296,0.041152529418468475,-0.006304142065346241,0.0789429098367691,-0.05467445030808449,0.03149526193737984,-0.01939178630709648,0.005368806887418032,0.04551305994391441,-0.023041175678372383,0.0882241502404213,0.047961678355932236,-0.05539100989699364,-0.014651063829660416,0.010081994347274303
-0.05622677132487297,0.05101680010557175,-0.052139390259981155,-0.016694730147719383,0.00818044226616621,0.04321492463350296,0.041152529418468475,-0.006304142065346241,0.0789429098367691,-0.05467445030808449,0.03149526193737984,-0.01939178630709648,0.005368806887418032,0.04551305994391441,-0.023041175678372383,0.0882241502404213,0.047961678355932236,-0.05539100989699364,-0.014651063829660416,0.010081994347274303
-0.06783559918403625,0.03360555320978165,0.007568101864308119,0.009665502235293388,0.012843375094234943,-0.016394395381212234,0.04615934565663338,-0.0414314866065979,0.017944635823369026,0.03199554607272148,-0.11015138775110245,0.013140538707375526,-0.031164854764938354,0.06440776586532593,-0.03480054438114166,0.08096229285001755,0.016278784722089767,-0.010399391874670982,0.0003125291841570288,0.042393893003463745
-0.050976045429706573,-0.032946858555078506,0.0518672876060009,0.0582968108355999,-0.027403293177485466,0.04998428747057915,0.005583836697041988,0.02002793736755848,0.029893340542912483,-0.0509454645216465,0.002761594019830227,0.02929609827697277,-0.06142619252204895,-0.012069051153957844,0.07114839553833008,-0.02453187108039856,0.04236988350749016,0.027106324210762978,0.08616453409194946,-0.03941604122519493
-0.06027331203222275,-0.053439781069755554,0.020192520692944527,0.02060570754110813,0.056941110640764236,-0.02598927542567253,-0.04932727664709091,-0.026457125321030617,0.06458502262830734,-0.039702314883470535,-0.0249235387891531,0.06662262231111526,-0.012338877655565739,0.04367673769593239,-0.057947758585214615,0.017973899841308594,0.005803202744573355,0.05880875512957573,0.027110284194350243,0.0582086406648159
-0.05845774710178375,0.039621733129024506,-0.04155921936035156,-0.04769129306077957,-0.01999986730515957,0.020657725632190704,0.05511511489748955,0.07741772383451462,0.03553839772939682,-0.02550453133881092,-0.014316779561340809,-0.06779135763645172,0.027707256376743317,-0.015775244683027267,-0.06304490566253662,-0.010147121734917164,0.02314629778265953,-0.03534872829914093,0.05946904420852661,-0.051676735281944275
-0.0752640813589096,-0.014118476770818233,0.03057875484228134,0.057385314255952835,0.018267963081598282,-0.006666986737400293,-0.01612827181816101,0.04943770170211792,-0.0013913271250203252,0.0004130750603508204,-0.0006630615098401904,-0.059931203722953796,0.0612996369600296,0.05874026194214821,0.018794002011418343,0.05833926424384117,0.011191245168447495,0.020207786932587624,-0.001815215335227549,-0.056535668671131134
-0.018038777634501457,-0.04622931778430939,-0.018187087029218674,0.05685709789395332,0.020455235615372658,0.03969532623887062,0.043742142617702484,0.025984641164541245,0.062484562397003174,0.019897455349564552,0.029122333973646164,0.048962004482746124,-0.032118212431669235,-0.03543415293097496,0.07119474560022354,-0.029651498422026634,-0.048052314668893814,-0.07905596494674683,-0.03859834000468254,-0.03628089278936386
-0.018038777634501457,-0.04622931778430939,-0.018187087029218674,0.05685709789395332,0.020455235615372658,0.03969532623887062,0.043742142617702484,0.025984641164541245,0.062484562397003174,0.019897455349564552,0.029122333973646164,0.048962004482746124,-0.032118212431669235,-0.03543415293097496,0.07119474560022354,-0.029651498422026634,-0.048052314668893814,-0.07905596494674683,-0.03859834000468254,-0.03628089278936386
-0.08455924689769745,-0.03439749404788017,0.03960036486387253,-0.033123455941677094,0.06741569936275482,-0.014857757836580276,0.014348111115396023,0.024144183844327927,0.05431121960282326,0.03327101841568947,-0.014210551045835018,0.011011584661900997,-0.04163575917482376,0.02575089782476425,-0.003131674602627754,0.003701927838847041,0.0344635546207428,-0.002025194698944688,0.014353007078170776,0.05193553864955902
-0.08455924689769745,-0.03439749404788017,0.03960036486387253,-0.033123455941677094,0.06741569936275482,-0.014857757836580276,0.014348111115396023,0.024144183844327927,0.05431121960282326,0.03327101841568947,-0.014210551045835018,0.011011584661900997,-0.04163575917482376,0.02575089782476425,-0.003131674602627754,0.003701927838847041,0.0344635546207428,-0.002025194698944688,0.014353007078170776,0.05193553864955902
0.006923960521817207,0.005583299323916435,-0.04755473881959915,-0.021401114761829376,0.010185932740569115,0.052284903824329376,0.07101493328809738,0.06111672520637512,-0.03339417651295662,-0.03615811839699745,-0.025821739807724953,-0.044342197477817535,0.02735716849565506,-0.004943222738802433,0.040130529552698135,0.012812813743948936,-0.028934750705957413,0.016794569790363312,0.08366496115922928,0.013646078296005726
-0.05648050084710121,0.04956774041056633,0.05183405056595802,0.033686958253383636,0.010820949450135231,-0.057445403188467026,0.011944429948925972,0.025790082290768623,0.04148766025900841,0.0008530732593499124,0.013761129230260849,-0.07888038456439972,-0.0310837235301733,0.07522670924663544,-0.0044113993644714355,0.06688229739665985,0.04800410941243172,0.029102560132741928,0.017243916168808937,0.018252331763505936
0.009120605885982513,-0.027503522112965584,-0.006801940035074949,-0.05362844094634056,0.05507891997694969,0.02398618683218956,-0.008897045627236366,0.04179126396775246,0.09375552833080292,0.034718215465545654,-0.020234305411577225,-0.05943281203508377,0.03152964636683464,-0.02916604094207287,-0.04613376036286354,0.06055657938122749,0.008854002691805363,-0.07390714436769485,-0.03671076148748398,-0.02746308408677578
0.009120605885982513,-0.027503522112965584,-0.006801940035074949,-0.05362844094634056,0.05507891997694969,0.02398618683218956,-0.008897045627236366,0.04179126396775246,0.09375552833080292,0.034718215465545654,-0.020234305411577225,-0.05943281203508377,0.03152964636683464,-0.02916604094207287,-0.04613376036286354,0.06055657938122749,0.008854002691805363,-0.07390714436769485,-0.03671076148748398,-0.02746308408677578
-0.0899415910243988,-0.012052234262228012,0.025764215737581253,0.029596226289868355,-0.0050728339701890945,-0.046574171632528305,-0.04558553919196129,-0.0035604541189968586,0.05879901349544525,0.06198766827583313,0.029156958684325218,0.014495931565761566,-0.018173351883888245,-0.0564371682703495,0.04520133510231972,0.07540952414274216,-0.05907726287841797,-0.017984522506594658,0.06176820769906044,0.004158475436270237
-0.010342917405068874,-0.016120770946145058,0.07255641371011734,0.011162485927343369,-0.008190146647393703,0.03803584352135658,0.033171772956848145,0.02546817809343338,0.0628596842288971,0.05558623746037483,-0.07684380561113358,-0.04224942997097969,0.014547504484653473,0.03306831419467926,0.05966569855809212,0.04693612828850746,-0.006978705991059542,-0.005894690286368132,-0.017130933701992035,-0.0671466812491417
-0.09296467900276184,-0.016550622880458832,0.005591485183686018,0.051211535930633545,0.03290014714002609,-0.0017056595534086227,0.069831982254982,-0.05231625586748123,-0.021313851699233055,-0.034667838364839554,-0.017252610996365547,-0.048404403030872345,-0.05131125450134277,0.026576392352581024,-0.058902136981487274,0.049575433135032654,-0.04303553327918053,-0.06190504506230354,-0.018652107566595078,0.006048994138836861
-0.09296467900276184,-0.016550622880458832,0.005591485183686018,0.051211535930633545,0.03290014714002609,-0.0017056595534086227,0.069831982254982,-0.05231625586748123,-0.021313851699233055,-0.034667838364839554,-0.017252610996365547,-0.048404403030872345,-0.05131125450134277,0.026576392352581024,-0.058902136981487274,0.049575433135032654,-0.04303553327918053,-0.06190504506230354,-0.018652107566595078,0.006048994138836861
-0.034212663769721985,-0.030522098764777184,-0.027909178286790848,0.06285950541496277,-0.01940796710550785,-0.009090371429920197,0.025515154004096985,0.02826715260744095,0.06678113341331482,0.06824363768100739,-0.10525308549404144,0.05610504001379013,-0.013788304291665554,0.05536763742566109,0.02970442920923233,0.050588060170412064,-0.011205595917999744,-0.04735962301492691,-0.01593119651079178,-0.008192426525056362
-0.010342917405068874,-0.016120770946145058,0.07255641371011734,0.011162485927343369,-0.008190146647393703,0.03803584352135658,0.033171772956848145,0.02546817809343338,0.0628596842288971,0.05558623746037483,-0.07684380561113358,-0.04224942997097969,0.014547504484653473,0.03306831419467926,0.05966569855809212,0.04693612828850746,-0.006978705991059542,-0.005894690286368132,-0.017130933701992035,-0.0671466812491417
-0.0899415910243988,-0.012052234262228012,0.025764215737581253,0.029596226289868355,-0.0050728339701890945,-0.046574171632528305,-0.04558553919196129,-0.0035604541189968586,0.05879901349544525,0.06198766827583313,0.029156958684325218,0.014495931565761566,-0.018173351883888245,-0.0564371682703495,0.04520133510231972,0.07540952414274216,-0.05907726287841797,-0.017984522506594658,0.06176820769906044,0.004158475436270237
-0.03769928216934204,-0.0010162913240492344,-0.03760284185409546,0.07378596067428589,0.013530593365430832,0.07097043842077255,-0.058975014835596085,0.07061160355806351,0.0957435742020607,-0.03710543364286423,-0.004589180462062359,0.021361952647566795,-0.039937976747751236,0.009737814776599407,-0.02391783893108368,-0.034939106553792953,0.0352042131125927,-0.05093102529644966,-0.03978715091943741,0.05505470931529999
0.02044367790222168,-0.033138521015644073,0.018058424815535545,0.0894666463136673,0.04859083518385887,0.028911717236042023,-0.06164293363690376,0.07528793811798096,0.10196960717439651,-0.06916964799165726,-0.07814787328243256,-0.037833940237760544,0.0082995081320405,0.0036930961068719625,-0.05293425917625427,-0.004495360888540745,-0.06135005131363869,-0.048066671937704086,0.05564748868346214,-0.04389587789773941
-0.019823476672172546,-0.01082912739366293,-0.010667284950613976,0.06005796790122986,0.048172082751989365,-0.006109515205025673,0.047498494386672974,-0.03657114878296852,0.08767609298229218,-0.003718581283465028,0.004200371913611889,0.006335684563964605,0.015962880104780197,-0.004923914559185505,-0.044315289705991745,-0.023846229538321495,0.014800703153014183,-0.057535819709300995,0.08131542056798935,0.008720486424863338
-0.07598579674959183,0.030735014006495476,0.07101346552371979,0.002942087361589074,0.020540399476885796,-0.039611805230379105,0.0617208406329155,0.040527042001485825,0.03495339676737785,0.05044208839535713,0.02050076797604561,0.05848909541964531,-0.03842633590102196,-0.01663929596543312,-0.06098392233252525,-0.0443635955452919,-0.05602942407131195,-0.00196858705021441,0.03875897824764252,0.047529060393571854
-0.07598579674959183,0.030735014006495476,0.07101346552371979,0.002942087361589074,0.020540399476885796,-0.039611805230379105,0.0617208406329155,0.040527042001485825,0.03495339676737785,0.05044208839535713,0.02050076797604561,0.05848909541964531,-0.03842633590102196,-0.01663929596543312,-0.06098392233252525,-0.0443635955452919,-0.05602942407131195,-0.00196858705021441,0.03875897824764252,0.047529060393571854
-0.02640438638627529,-0.055926721543073654,0.023383265361189842,-0.040005993098020554,-0.055237799882888794,0.018137648701667786,0.013005565851926804,-0.025463517755270004,0.025587648153305054,0.007111561018973589,-0.012688476592302322,-0.07039979845285416,-0.018232150003314018,0.019925594329833984,-0.02391688898205757,-0.002502361312508583,0.010982206091284752,-0.04965447634458542,0.011187032796442509,-0.077846460044384
-0.07700283825397491,0.0206214040517807,0.058424584567546844,0.07569727301597595,0.03428040072321892,-0.057145535945892334,-0.0706421509385109,0.05174386501312256,0.007868179120123386,0.04712933674454689,-0.07224804162979126,-0.07725254446268082,-0.011385043151676655,-0.04168669506907463,0.04048090800642967,0.08807634562253952,0.017410151660442352,0.044592734426259995,0.07693321257829666,-0.03664970025420189
-0.0969761312007904,0.027942895889282227,0.012116378173232079,-0.02317201718688011,0.03135986253619194,-0.02824322320520878,0.01231851615011692,0.009305793792009354,0.04063527286052704,0.040025439113378525,-0.0664287582039833,0.022872311994433403,-0.002751228865236044,-0.014252261258661747,-0.02575075812637806,-0.029468148946762085,0.04216444119811058,-0.06955155730247498,0.007214509882032871,0.04858801141381264
0.02550020068883896,0.03488832339644432,-0.044133108109235764,0.06182131916284561,0.04480539634823799,0.024716440588235855,-0.025375964120030403,0.08283203095197678,0.009806694462895393,0.038112327456474304,-0.05126155540347099,0.0026923599652945995,-0.011966302990913391,-0.002853003330528736,-0.019045332446694374,0.0762716680765152,-0.05132775008678436,0.025563741102814674,0.014140455983579159,0.0065316371619701385
-0.0971858948469162,0.006244603544473648,0.028028588742017746,-0.0469081811606884,0.016566874459385872,-0.05829544737935066,-0.06047363206744194,0.06786501407623291,0.05344241112470627,-0.013022102415561676,0.012730485759675503,-0.08078242838382721,0.07312820851802826,0.026363369077444077,-0.06429816782474518,-0.0362870879471302,0.058767709881067276,0.04626750573515892,-0.002352993469685316,0.03554724529385567
0.02053959108889103,-0.019303249195218086,0.06847567111253738,0.04383864626288414,-0.051323819905519485,-0.013865684159100056,-0.006901533342897892,-0.03695343807339668,0.03257641941308975,-0.032762449234724045,-0.06975863128900528,-0.013811234384775162,0.04060262069106102,-0.01910749264061451,0.0069679743610322475,-0.01925688609480858,0.0710243508219719,-0.02860954776406288,0.053114183247089386,0.030762651935219765
-0.0811903104186058,0.012399265542626381,-0.04357549175620079,-0.028070909902453423,-0.04031062126159668,-0.0020975631196051836,-0.03519511595368385,0.0349612683057785,0.013944469392299652,-0.012076564133167267,-0.04699459299445152,-0.05387492850422859,-0.056144315749406815,-0.003401657799258828,0.05680322274565697,-0.021332871168851852,0.036263346672058105,-0.014652549289166927,0.06553488224744797,-0.030163129791617393
-0.07391314953565598,0.06965809315443039,-0.01430449727922678,0.010540603660047054,-0.008241025730967522,0.043836865574121475,0.03653257340192795,0.015540681779384613,0.0674123615026474,0.03985223174095154,-0.09998961538076401,-0.002847003750503063,-0.02030891925096512,0.008123044855892658,0.011065955273807049,0.0026367679238319397,0.045235224068164825,-0.07513172179460526,0.03554089367389679,-0.013657746836543083
-0.074294313788414,0.059464454650878906,0.0418105386197567,-0.04946363344788551,0.024647153913974762,0.053561437875032425,0.05023190379142761,0.06016157567501068,0.01680486463010311,-0.06340872496366501,-0.027704749256372452,-0.0750308632850647,-0.05577070638537407,-0.019242919981479645,-0.03332722932100296,0.0016748689813539386,0.004261101596057415,-0.051162514835596085,-0.03702973574399948,0.01681840419769287
-0.07391314953565598,0.06965809315443039,-0.01430449727922678,0.010540603660047054,-0.008241025730967522,0.043836865574121475,0.03653257340192795,0.015540681779384613,0.0674123615026474,0.03985223174095154,-0.09998961538076401,-0.002847003750503063,-0.02030891925096512,0.008123044855892658,0.011065955273807049,0.0026367679238319397,0.045235224068164825,-0.07513172179460526,0.03554089367389679,-0.013657746836543083
-0.05287552624940872,-0.03586531803011894,0.03633968532085419,0.07627274841070175,0.02986040525138378,0.04119475185871124,-0.052687108516693115,-0.025645757094025612,-0.011260011233389378,0.009885708801448345,-0.10147412121295929,0.004780597984790802,0.05537688359618187,0.024362949654459953,-0.01021604798734188,0.08822459727525711,-0.045598164200782776,-0.08842410892248154,-0.018041661009192467,0.01431424729526043
-0.06248249113559723,0.035185620188713074,-0.042960911989212036,0.03246210515499115,-0.04866347089409828,0.05417821556329727,-0.026206141337752342,-0.020344242453575134,-0.0031329039484262466,0.035656023770570755,-0.07343855500221252,0.01875286176800728,0.07226768136024475,-0.05882100760936737,0.07377646863460541,0.081354059278965,0.00018068599456455559,-0.07352408766746521,0.05449993908405304,0.05751219019293785
0.023087777197360992,-0.045051105320453644,-0.004847303498536348,0.04962090030312538,0.005682547111064196,-0.021011903882026672,0.04856353998184204,0.03583313897252083,0.042974792420864105,0.017997130751609802,0.0269183237105608,-0.0184275321662426,-0.052280448377132416,0.014441224746406078,-0.032559189945459366,0.09313487261533737,-0.06434359401464462,0.028821926563978195,-0.03411727771162987,-0.0458860844373703
0.02390809915959835,0.04765653982758522,0.002916451543569565,0.03249816969037056,-0.035855695605278015,-0.0035097156651318073,-0.03213513642549515,-0.05207212641835213,0.07136718928813934,0.028091158717870712,-0.09964901208877563,-0.0780738890171051,-0.04747232794761658,-0.002752985106781125,0.020213495939970016,0.05387440323829651,0.018654966726899147,-0.03909522667527199,0.0604899525642395,-0.019056785851716995
-0.05948268622159958,-0.043439701199531555,-0.037457529455423355,0.07298457622528076,0.035873644053936005,-0.004974686540663242,0.06864136457443237,0.04294610396027565,-0.018367977812886238,0.03971323370933533,0.036333728581666946,0.013406800106167793,0.029168929904699326,-0.026914330199360847,0.015063382685184479,0.04368947818875313,-0.03561896085739136,-0.0169717688113451,-0.008612306788563728,-0.01718199998140335
0.02785208635032177,-0.01820715330541134,0.0004663609724957496,0.032501522451639175,0.007047813385725021,0.04589572176337242,0.044214438647031784,-0.017044629901647568,0.018277058377861977,-0.02730005420744419,-0.09768620878458023,0.0024033074732869864,0.02111378312110901,0.032576706260442734,-0.028782231733202934,0.04401494562625885,0.02627810835838318,-0.08525659888982773,-0.03461730480194092,-0.07874798774719238
-0.0022049963008612394,0.013432835228741169,0.041205938905477524,-0.015451010316610336,0.03084857575595379,0.059646278619766235,-0.03794310614466667,0.04460297152400017,0.02105238288640976,0.06951988488435745,-0.10588925331830978,0.009367579594254494,0.020051388069987297,0.02389146387577057,0.008430524729192257,-0.031766630709171295,-0.02504706382751465,0.013621052727103233,-0.05746067687869072,-0.0026132757775485516
-0.011127609759569168,-0.0763721764087677,0.005705129820853472,0.07984697073698044,0.018673047423362732,-0.03276950865983963,0.07052348554134369,-0.049515776336193085,0.06269671767950058,-0.04239032417535782,-0.03259028121829033,0.016916681081056595,-0.018055111169815063,-0.0038717796560376883,-0.04730476811528206,-0.017156507819890976,0.0296457689255476,-0.07201128453016281,-0.033473946154117584,-0.037371426820755005
0.038516897708177567,0.053925517946481705,0.009998899884521961,0.05732876434922218,0.049369506537914276,0.011867552995681763,-0.006054228637367487,0.008931729011237621,0.07291111350059509,0.05952655151486397,-0.09693729132413864,0.010159574449062347,0.007747387047857046,0.054957445710897446,-0.06909359246492386,0.018112387508153915,0.006801667157560587,0.030348746106028557,-0.013428647071123123,0.013726167380809784
-0.021170184016227722,-0.03722038492560387,-0.0583144947886467,0.004017889034003019,0.03977881371974945,-0.0021694451570510864,-0.05894332379102707,-0.039824169129133224,0.06588730961084366,0.017336757853627205,0.024779317900538445,0.012415388599038124,-0.012082155793905258,0.020338919013738632,0.025973161682486534,-0.003539878409355879,-0.042855434119701385,-0.06888844817876816,-0.025605060160160065,0.0114918677136302
-0.02284044772386551,0.052180614322423935,0.05568089336156845,0.033250752836465836,-0.03402215987443924,-0.04879897087812424,0.006371103227138519,0.0644933357834816,0.08692388981580734,-0.011544020846486092,0.038400325924158096,-0.08706100285053253,0.029580650851130486,-0.0045442418195307255,-0.007637111470103264,-0.038705192506313324,0.043447691947221756,-0.061431679874658585,0.026979200541973114,0.027652742341160774
-0.08872330188751221,-0.036183252930641174,-0.003020556876435876,-0.04941746965050697,-0.0012937685241922736,-0.030863750725984573,-0.011996211484074593,0.019299587234854698,0.07805760204792023,0.011554667726159096,-0.056373097002506256,0.023799899965524673,0.002125188009813428,-0.008501803502440453,-0.014919308945536613,0.053934600204229355,-0.04366644099354744,-0.0011439252411946654,0.030157126486301422,-0.037964679300785065
-0.08540093153715134,0.02775520645081997,-0.031123459339141846,-0.04303080588579178,0.03312523290514946,0.019300179556012154,0.07023207098245621,-0.03949964419007301,0.02912551537156105,0.031723953783512115,0.023702582344412804,0.04851336032152176,0.06383812427520752,-0.05633283033967018,0.008031003177165985,-0.013361616991460323,-0.014766575768589973,-0.029580073431134224,-0.04726821929216385,-0.042601682245731354
0.038516897708177567,0.053925517946481705,0.009998899884521961,0.05732876434922218,0.049369506537914276,0.011867552995681763,-0.006054228637367487,0.008931729011237621,0.07291111350059509,0.05952655151486397,-0.09693729132413864,0.010159574449062347,0.007747387047857046,0.054957445710897446,-0.06909359246492386,0.018112387508153915,0.006801667157560587,0.030348746106028557,-0.013428647071123123,0.013726167380809784
0.044120412319898605,-0.0026240707375109196,0.016967572271823883,0.06945328414440155,-0.04898098111152649,0.06042884290218353,-0.001434309408068657,0.051682066172361374,-0.035409752279520035,0.07605324685573578,-0.07780975848436356,0.01992245949804783,-0.019541393965482712,-0.03602885082364082,0.05642496049404144,0.0504462830722332,0.0031489392276853323,-0.07437746971845627,0.036204900592565536,-0.06459926068782806
0.044120412319898605,-0.0026240707375109196,0.016967572271823883,0.06945328414440155,-0.04898098111152649,0.06042884290218353,-0.001434309408068657,0.051682066172361374,-0.035409752279520035,0.07605324685573578,-0.07780975848436356,0.01992245949804783,-0.019541393965482712,-0.03602885082364082,0.05642496049404144,0.0504462830722332,0.0031489392276853323,-0.07437746971845627,0.036204900592565536,-0.06459926068782806
0.0181022547185421,-0.06466185301542282,-0.0416373610496521,0.032195813953876495,-0.05316398665308952,0.031791310757398605,0.03333243355154991,-0.024101875722408295,0.015399781055748463,0.03547017648816109,-0.034186769276857376,-0.06521948426961899,0.04759397730231285,0.009575499221682549,0.017577722668647766,0.012983713299036026,0.034444618970155716,-0.05912405252456665,0.07251276820898056,-0.03133390098810196
-0.023060323670506477,-0.06402410566806793,0.026586387306451797,0.024838069453835487,-0.011273708194494247,-0.012125254608690739,0.04647029936313629,-0.04500751197338104,0.009552271105349064,0.0293025653809309,-0.05447927489876747,0.020155932754278183,-0.016581512987613678,0.007234327029436827,-0.0586831271648407,0.033622924238443375,-0.06143862381577492,0.052603527903556824,0.00015068492211867124,-0.08078869432210922
0.0010295261163264513,-0.0008873883634805679,0.0494675450026989,-0.029537610709667206,-0.021374911069869995,0.0004037482140120119,-0.05131934955716133,0.057285625487565994,0.07465485483407974,-0.06228712201118469,-0.01798739656805992,-0.006245410535484552,0.06547859311103821,0.048249825835227966,-0.01847110129892826,-0.04169776663184166,-0.01486982498317957,-0.0051292963325977325,0.06274211406707764,-0.039627570658922195
-0.04969397559762001,-0.022267796099185944,-0.05655656382441521,0.03651079535484314,-0.04716219753026962,0.07456056028604507,-0.030011538416147232,0.015635021030902863,0.02468285895884037,-0.04337187856435776,-0.0562731996178627,-0.0240815207362175,0.04027834162116051,0.034380197525024414,-0.05207129940390587,0.002742174779996276,-0.023275133222341537,-0.04874376952648163,-0.005884603131562471,-0.06716009229421616
-0.08447469025850296,0.005335763096809387,0.058773573487997055,0.0546596460044384,0.06958466023206711,-0.043533485382795334,0.06279192119836807,0.043080855160951614,0.038112133741378784,-0.025866175070405006,-0.046376895159482956,-0.05884326994419098,0.058618489652872086,0.019041260704398155,-0.07152627408504486,0.06418589502573013,-0.020947325974702835,0.03171960264444351,0.02292238362133503,0.03547760099172592
-0.08867164701223373,-0.03230394050478935,0.061700306832790375,0.07459080219268799,-0.010836771689355373,0.00333607685752213,0.03929649665951729,0.0515088252723217,0.0518815703690052,-0.05054445564746857,-0.07317955791950226,-0.03855975717306137,-0.03694703429937363,0.015168741345405579,0.028459854423999786,0.027152568101882935,-0.030610915273427963,-0.07789797335863113,0.013989576138556004,0.025972554460167885
-0.06710443645715714,-0.026984162628650665,0.0530846081674099,0.008369036950170994,0.014603477902710438,-0.053530823439359665,0.041759345680475235,-0.05226725712418556,0.01877155713737011,-0.05712096765637398,-0.00816552247852087,-0.05588795617222786,0.027346579357981682,0.04561819136142731,0.0012165356893092394,0.06416783481836319,0.0598636120557785,-0.044769223779439926,0.08010958135128021,-0.015608641318976879
-0.09664751589298248,0.034552279859781265,0.004806124605238438,0.08539772033691406,0.038402121514081955,0.011825960129499435,0.0018594966968521476,0.08792401850223541,0.04427233338356018,0.07491853833198547,0.0069146230816841125,-0.04402490705251694,-0.02666362002491951,-0.0683034211397171,-0.018231557682156563,0.10336486250162125,0.041609738022089005,0.01611892320215702,0.06975536793470383,0.006020787637680769
-0.08202078938484192,-0.04201479256153107,-0.01774047128856182,-0.0427694246172905,-0.04269294813275337,-0.018926478922367096,-0.037764135748147964,-0.03503725305199623,-0.003475181758403778,0.05224395543336868,-0.043486207723617554,0.03750135377049446,-0.04941897466778755,0.055604368448257446,-0.05642221122980118,0.07961728423833847,0.02547328546643257,0.0257967971265316,-0.012584487907588482,0.025151055306196213
0.003597050905227661,-0.04641978070139885,0.005241277627646923,-0.041339512914419174,0.05620964244008064,0.041292767971754074,0.030795348808169365,0.014210684224963188,0.015762366354465485,-0.07156088948249817,0.03443586453795433,0.040609315037727356,0.0394088514149189,0.02253122627735138,0.027594491839408875,0.005720810033380985,-0.0630873590707779,-0.028381898999214172,0.0010637029772624373,-0.08419883251190186
-0.01840653270483017,-0.0347537063062191,0.06967399269342422,0.05534668266773224,0.013895729556679726,-0.036233313381671906,-0.052289124578237534,0.01712087355554104,-0.030857425183057785,0.05045322701334953,-0.006104618776589632,0.028902567923069,0.006885177921503782,0.051617756485939026,0.02996481955051422,0.008016589097678661,-0.03560435771942139,-0.02300320565700531,0.0235846359282732,-0.026022648438811302
-0.03532140329480171,0.049855511635541916,0.022254249081015587,0.0713910236954689,0.018172573298215866,0.0635821744799614,0.036585792899131775,0.06811434030532837,0.09245556592941284,-0.03077474609017372,0.04350699111819267,0.013819094747304916,-0.05222231149673462,0.07049590349197388,-0.03272213041782379,0.06398104131221771,-0.03599565103650093,-0.02116270177066326,0.0793888196349144,0.01540365256369114
0.015009447000920773,-0.0019098023185506463,0.051846787333488464,0.034628767520189285,0.029302796348929405,-0.02404051646590233,0.06308530271053314,-0.0023480989038944244,-0.033118076622486115,-0.05292512848973274,-0.012008999474346638,0.040452420711517334,0.039429329335689545,-0.045986056327819824,0.023156626150012016,0.06604272872209549,-0.006284781731665134,-0.0440143458545208,0.08476525545120239,0.027517223730683327
-0.07574217766523361,-0.017664669081568718,0.0035788887180387974,-0.016745012253522873,-0.020922932773828506,0.0031052539125084877,-0.04501540958881378,-0.04056607186794281,0.09459801018238068,-0.03128352388739586,0.023327134549617767,0.02323984168469906,-0.025871532037854195,0.06994151324033737,-0.06065176799893379,0.015837443992495537,-0.0027305176481604576,-0.011715571396052837,0.058085620403289795,0.02891712263226509
-0.07574217766523361,-0.017664669081568718,0.0035788887180387974,-0.016745012253522873,-0.020922932773828506,0.0031052539125084877,-0.04501540958881378,-0.04056607186794281,0.09459801018238068,-0.03128352388739586,0.023327134549617767,0.02323984168469906,-0.025871532037854195,0.06994151324033737,-0.06065176799893379,0.015837443992495537,-0.0027305176481604576,-0.011715571396052837,0.058085620403289795,0.02891712263226509
0.015009447000920773,-0.0019098023185506463,0.051846787333488464,0.034628767520189285,0.029302796348929405,-0.02404051646590233,0.06308530271053314,-0.0023480989038944244,-0.033118076622486115,-0.05292512848973274,-0.012008999474346638,0.040452420711517334,0.039429329335689545,-0.045986056327819824,0.023156626150012016,0.06604272872209549,-0.006284781731665134,-0.0440143458545208,0.08476525545120239,0.027517223730683327
-0.014300535432994366,0.033388908952474594,0.08056091517210007,0.08264553546905518,-0.00407978193834424,0.029047323390841484,-0.0031932590063661337,0.06683704257011414,-0.020402373746037483,-0.014867988415062428,-0.012784247286617756,0.021287143230438232,0.056775402277708054,-0.06248614564538002,0.05734315514564514,0.00735810212790966,-0.044283900409936905,0.057180196046829224,0.08573462069034576,-0.042032212018966675
-0.014300535432994366,0.033388908952474594,0.08056091517210007,0.08264553546905518,-0.00407978193834424,0.029047323390841484,-0.0031932590063661337,0.06683704257011414,-0.020402373746037483,-0.014867988415062428,-0.012784247286617756,0.021287143230438232,0.056775402277708054,-0.06248614564538002,0.05734315514564514,0.00735810212790966,-0.044283900409936905,0.057180196046829224,0.08573462069034576,-0.042032212018966675
-0.03693733364343643,-0.04881642386317253,-0.021947668865323067,-0.047851115465164185,-0.03145234286785126,0.06759364902973175,0.042761217802762985,0.014108254574239254,0.017519038170576096,-0.03895637392997742,0.032985981553792953,-0.08095614612102509,0.016112126410007477,0.01864079013466835,0.06310941278934479,0.030296875163912773,-0.048593174666166306,-0.07427098602056503,0.07749273627996445,0.01751120574772358
0.016440195962786674,-0.024741891771554947,-0.01768733747303486,0.040387678891420364,0.03956520929932594,0.008136428892612457,-0.015482669696211815,-0.048209644854068756,-0.033243328332901,-0.02130528911948204,0.01636286824941635,-0.02231627330183983,0.030176211148500443,0.023908117786049843,-0.013864526525139809,0.09088750183582306,-0.07211831212043762,0.06241310015320778,-0.01122372318059206,-0.049267787486314774
0.016440195962786674,-0.024741891771554947,-0.01768733747303486,0.040387678891420364,0.03956520929932594,0.008136428892612457,-0.015482669696211815,-0.048209644854068756,-0.033243328332901,-0.02130528911948204,0.01636286824941635,-0.02231627330183983,0.030176211148500443,0.023908117786049843,-0.013864526525139809,0.09088750183582306,-0.07211831212043762,0.06241310015320778,-0.01122372318059206,-0.049267787486314774
0.016440195962786674,-0.024741891771554947,-0.01768733747303486,0.040387678891420364,0.03956520929932594,0.008136428892612457,-0.015482669696211815,-0.048209644854068756,-0.033243328332901,-0.02130528911948204,0.01636286824941635,-0.02231627330183983,0.030176211148500443,0.023908117786049843,-0.013864526525139809,0.09088750183582306,-0.07211831212043762,0.06241310015320778,-0.01122372318059206,-0.049267787486314774
0.016440195962786674,-0.024741891771554947,-0.01768733747303486,0.040387678891420364,0.03956520929932594,0.008136428892612457,-0.015482669696211815,-0.048209644854068756,-0.033243328332901,-0.02130528911948204,0.01636286824941635,-0.02231627330183983,0.030176211148500443,0.023908117786049843,-0.013864526525139809,0.09088750183582306,-0.07211831212043762,0.06241310015320778,-0.01122372318059206,-0.049267787486314774
-0.08347754180431366,0.017686424776911736,0.06510231643915176,0.008515560068190098,-0.03154148533940315,-0.012057294137775898,-0.05353876203298569,0.054348886013031006,-0.005645517259836197,-0.06992249190807343,-0.06016750633716583,0.05607703700661659,0.049804385751485825,0.0324711799621582,-0.0015105140628293157,-0.025251194834709167,-0.05817539244890213,-0.07658002525568008,0.054046884179115295,-0.002495052758604288
-0.06942176073789597,0.04054708778858185,0.011708828620612621,0.059481408447027206,0.037056710571050644,0.032051559537649155,0.03076169081032276,0.03583764284849167,0.04539148882031441,0.013616600073873997,-0.023259205743670464,-0.05059581995010376,0.011402534320950508,0.08214782923460007,-0.012323256582021713,0.01819615438580513,0.013830305077135563,-0.029335763305425644,-0.025377728044986725,-0.050290778279304504
0.018062926828861237,-0.05555253475904465,0.023894239217042923,0.03008275106549263,0.05782611668109894,0.07008973509073257,-0.016245249658823013,0.019057786092162132,0.022386150434613228,-0.03629181534051895,-0.014458023943006992,-0.04506269097328186,-0.0010492423316463828,-0.014660075306892395,0.05177983269095421,-0.0061354017816483974,0.0005632893298752606,-0.059861697256565094,-0.015091627836227417,0.05202345550060272
-0.09236793965101242,0.05717582255601883,-0.03981279954314232,-0.04407716169953346,0.028979068621993065,-0.039337560534477234,0.045027222484350204,0.058058179914951324,0.015758782625198364,0.040305159986019135,-0.03873473033308983,0.027791934087872505,0.06863310933113098,0.0747181624174118,0.026981264352798462,0.08280753344297409,0.053121306002140045,-0.056195713579654694,-0.018508538603782654,-0.007270649541169405
-0.057889796793460846,0.037904661148786545,-0.03499750792980194,0.004222712013870478,0.04177619889378548,0.07825978845357895,0.031226247549057007,-0.03315620869398117,0.05596138909459114,0.02022373303771019,-0.09814798086881638,0.038828473538160324,-0.0037656340282410383,-0.01611487567424774,0.00809629075229168,-0.016997791826725006,-0.03459673374891281,0.019525839015841484,-0.05508037656545639,-0.06301344931125641
-0.041942983865737915,-0.07104021310806274,-0.035155437886714935,0.051015809178352356,0.060106419026851654,-0.044845111668109894,-0.004504012409597635,0.054004352539777756,0.07340764999389648,-0.040546078234910965,-0.07633864134550095,-0.02985568903386593,0.04310087114572525,0.04214291274547577,0.02175414003431797,0.031918004155159,0.020841684192419052,-0.07592473179101944,0.0910339429974556,-0.08996850997209549
-0.041942983865737915,-0.07104021310806274,-0.035155437886714935,0.051015809178352356,0.060106419026851654,-0.044845111668109894,-0.004504012409597635,0.054004352539777756,0.07340764999389648,-0.040546078234910965,-0.07633864134550095,-0.02985568903386593,0.04310087114572525,0.04214291274547577,0.02175414003431797,0.031918004155159,0.020841684192419052,-0.07592473179101944,0.0910339429974556,-0.08996850997209549
-0.08945298194885254,-0.04118580371141434,-0.014425245113670826,-0.03914294019341469,-0.0336412638425827,0.07581502199172974,0.06149245798587799,-0.03741646558046341,-0.013805571012198925,-0.02126661315560341,0.03196897730231285,-0.041524067521095276,0.07174736261367798,0.04841266945004463,-0.010205541737377644,0.07407474517822266,-0.019936872646212578,0.04479988291859627,0.03455808758735657,0.017975877970457077
0.03820174187421799,0.01874658837914467,-0.047889918088912964,-0.01472395658493042,0.025824839249253273,0.05872352793812752,-0.0038654382806271315,-0.006020835600793362,0.043748386204242706,-0.059087950736284256,0.006173341069370508,0.036724191159009933,0.0638686791062355,-0.04308449849486351,-0.03641529381275177,0.01493904273957014,-0.018270283937454224,-0.035237718373537064,0.03099467232823372,-0.045540887862443924
-0.04078810662031174,-0.04920358583331108,0.004869269207119942,0.000990138272754848,0.04506468027830124,-0.04885412007570267,0.04266836866736412,-0.04547220468521118,0.0606352798640728,0.014832299202680588,-0.08852026611566544,0.042296070605516434,0.06489364802837372,0.01290632039308548,0.053630661219358444,0.03452655300498009,-0.03510328382253647,-0.06084287911653519,0.03280986472964287,-0.05653644725680351
-0.06345542520284653,-0.012891159392893314,0.007362001109868288,-0.05336768925189972,-0.01345736626535654,0.021196357905864716,-0.05762431398034096,0.022566799074411392,0.0871163159608841,0.03444216027855873,-0.07072771340608597,-0.01757524348795414,0.05036666989326477,0.041362714022397995,-0.06735029071569443,0.030440667644143105,0.01570119336247444,-0.0652405247092247,-0.012941095978021622,-0.04460321366786957
-0.07437149435281754,0.04983903095126152,0.06363219022750854,-0.012118257582187653,0.009028838016092777,0.04679383337497711,-0.0525597520172596,0.04485355690121651,0.0912681445479393,-0.03108096681535244,0.024307923391461372,-0.07074560970067978,-0.05548344552516937,-0.05556492507457733,-0.02847321704030037,0.08536434173583984,0.0003644481475930661,-0.07207519561052322,0.08885574340820312,-0.012434843927621841
-0.060715556144714355,-0.03306509554386139,0.05287652835249901,-0.013536910526454449,-0.05605841055512428,-0.006952295079827309,0.052661459892988205,-0.03450259938836098,0.09205163270235062,0.028817564249038696,0.017286835238337517,0.040770724415779114,-0.055522918701171875,0.04950997605919838,0.026900051161646843,0.09374979138374329,-0.019230026751756668,0.041420865803956985,-0.049628954380750656,0.014946116134524345
0.005162108689546585,0.06084330379962921,0.05294071510434151,0.061034854501485825,-0.04076527804136276,0.07768730819225311,0.004976503551006317,-0.024242158979177475,0.03721657767891884,-0.01617818884551525,-0.06006687507033348,-0.05800550431013107,-0.02150264009833336,-0.04918881133198738,-0.03118579462170601,-0.023379497230052948,-0.0627170279622078,-0.008209655061364174,0.08075104653835297,-0.05593571439385414
-0.07594069093465805,0.01077356282621622,0.01664632558822632,0.023073019459843636,0.025593351572752,-0.02900349162518978,0.03974379226565361,0.03829793259501457,0.04020407795906067,-0.02545890025794506,-0.06331565231084824,0.023912537842988968,0.019502859562635422,-0.043335165828466415,-0.00797549169510603,0.08214163035154343,-0.06080671027302742,-0.05521603301167488,0.043074339628219604,-0.07232788950204849
-0.07585686445236206,-0.029703335836529732,-0.05669686943292618,0.05784667283296585,-0.010181798599660397,0.06110026687383652,-0.0007784600020386279,0.05787555128335953,-0.007272462360560894,0.02254783920943737,-0.05050021409988403,0.008788654580712318,0.005261620040982962,-0.0649346187710762,-0.007780136540532112,0.0364651195704937,-0.03533080220222473,0.002344980137422681,0.08011402189731598,-0.04353843256831169
-0.09629055112600327,-0.0756852775812149,0.0525953471660614,-0.03761526197195053,0.0234816987067461,-0.048799656331539154,0.01294749230146408,0.07051882892847061,0.08090760558843613,0.07315803319215775,-0.09993143379688263,0.04828197509050369,0.03964735195040703,-0.04044075310230255,0.0586981326341629,0.06705350428819656,0.0601407028734684,-0.03256561979651451,0.07976099848747253,-0.08377744257450104
0.01532147265970707,-0.004519973881542683,0.030151432380080223,0.07779671996831894,0.062023960053920746,0.01507621817290783,0.005846984218806028,0.024228820577263832,0.012024104595184326,0.031111693009734154,-0.034278322011232376,-0.0646127313375473,0.05884161219000816,0.0638311505317688,0.054594628512859344,0.0177737046033144,0.05999939143657684,-0.019483158364892006,-0.026843633502721786,0.002632161369547248
-0.1017729640007019,0.008184625767171383,0.005550805479288101,0.057574525475502014,0.06001054868102074,-0.02718987502157688,-0.03903903439640999,0.06224033981561661,0.10175757110118866,0.03394037112593651,0.011811668053269386,0.01248602382838726,0.02479933202266693,0.012141391634941101,-0.07069441676139832,-0.03100970759987831,-0.0009668213315308094,0.04657536745071411,0.06902916729450226,-0.01197518315166235
0.016275886446237564,0.014137190766632557,0.08244258165359497,-0.012916814535856247,-0.04575398936867714,0.0007990124868229032,-0.06711778044700623,-0.026264464482665062,0.05004260689020157,-0.04404284060001373,-0.032306525856256485,0.031390659511089325,-0.004504960495978594,-0.015685299411416054,-0.0065497783944010735,-0.04375957325100899,-0.004668216686695814,-0.07623855769634247,-0.009934631176292896,0.017123514786362648
-0.0452842153608799,0.015679936856031418,-0.004103346727788448,0.08036495000123978,-0.0020630238577723503,-0.040224961936473846,-0.0070177786983549595,0.06649035960435867,0.08076399564743042,-0.06022588908672333,0.025606844574213028,-0.04946040362119675,-0.031048569828271866,0.027713319286704063,-0.009190723299980164,-0.007794387638568878,0.05755370110273361,0.034141283482313156,0.06587214767932892,0.04085522145032883
-0.09745703637599945,0.036047663539648056,-0.039029158651828766,0.025711234658956528,-0.03403985872864723,-0.04815570265054703,-0.05932841822504997,0.009460804052650928,0.06244651600718498,-0.05843198671936989,0.0005756886675953865,-0.033745747059583664,-0.029761305078864098,-0.052522990852594376,-0.06703059375286102,0.002862489316612482,-0.02960813231766224,-0.020051900297403336,0.06819824874401093,0.03345014899969101
-0.06941589713096619,0.051975227892398834,-0.03705974295735359,0.033643871545791626,0.0033614737913012505,0.0034502812195569277,0.021129971370100975,0.05221542716026306,-0.028105005621910095,-0.06123529374599457,-0.07519625872373581,-0.05659787729382515,0.04134064167737961,-0.0575067512691021,-0.0011834240285679698,0.06514734029769897,0.06504732370376587,-0.0477030947804451,-0.0030422634445130825,-0.044869955629110336
-0.07939175516366959,-0.008008409291505814,-0.008316131308674812,0.01114634145051241,0.0056731742806732655,-0.0018190972041338682,-0.046301595866680145,0.03586475923657417,0.0885738730430603,-0.06070800498127937,0.018555423244833946,0.058281123638153076,0.0572625957429409,0.06364971399307251,-0.03623775765299797,-0.018295787274837494,-0.068867027759552,-0.04323802515864372,0.06180945038795471,0.015878766775131226
-0.03748968243598938,0.05253906548023224,-0.05646691843867302,-0.03819264471530914,-0.0410093292593956,0.04570821300148964,0.03896934166550636,0.06468796730041504,-0.01751537434756756,0.03449981287121773,-0.10022539645433426,0.055351246148347855,0.07072937488555908,0.04808984696865082,-0.021802496165037155,0.01367077324539423,-0.011249900795519352,0.016477560624480247,-0.04279887676239014,-0.026619145646691322
0.010536775924265385,-0.018769647926092148,-0.05006606876850128,-0.053349751979112625,0.07518354058265686,0.06158487871289253,-0.03658783808350563,0.03147176653146744,-0.0026591301430016756,-0.047716446220874786,0.005742472596466541,-0.05568553879857063,0.011060722172260284,-0.029214633628726006,0.06295540928840637,0.047676604241132736,0.019479786977171898,-0.054993681609630585,0.01537557877600193,-0.08347146958112717
-0.03748968243598938,0.05253906548023224,-0.05646691843867302,-0.03819264471530914,-0.0410093292593956,0.04570821300148964,0.03896934166550636,0.06468796730041504,-0.01751537434756756,0.03449981287121773,-0.10022539645433426,0.055351246148347855,0.07072937488555908,0.04808984696865082,-0.021802496165037155,0.01367077324539423,-0.011249900795519352,0.016477560624480247,-0.04279887676239014,-0.026619145646691322
-0.03748968243598938,0.05253906548023224,-0.05646691843867302,-0.03819264471530914,-0.0410093292593956,0.04570821300148964,0.03896934166550636,0.06468796730041504,-0.01751537434756756,0.03449981287121773,-0.10022539645433426,0.055351246148347855,0.07072937488555908,0.04808984696865082,-0.021802496165037155,0.01367077324539423,-0.011249900795519352,0.016477560624480247,-0.04279887676239014,-0.026619145646691322
-0.07556957006454468,-0.046676453202962875,0.023053057491779327,0.03530516475439072,0.03967871144413948,0.059218600392341614,-0.04922126606106758,0.012046835385262966,0.0864778533577919,0.06627655774354935,-0.021726710721850395,0.05799754336476326,0.012724222615361214,-0.004824292846024036,-0.03248903155326843,0.08729508519172668,-0.028292367234826088,-0.047558922320604324,0.06119079515337944,-0.08626831322908401
-0.07556957006454468,-0.046676453202962875,0.023053057491779327,0.03530516475439072,0.03967871144413948,0.059218600392341614,-0.04922126606106758,0.012046835385262966,0.0864778533577919,0.06627655774354935,-0.021726710721850395,0.05799754336476326,0.012724222615361214,-0.004824292846024036,-0.03248903155326843,0.08729508519172668,-0.028292367234826088,-0.047558922320604324,0.06119079515337944,-0.08626831322908401
-0.07671403884887695,-0.003223386127501726,0.005370642989873886,0.0504232794046402,0.028524424880743027,0.05217598378658295,-0.01828092150390148,-0.05694625526666641,-0.016705576330423355,-0.061375897377729416,0.020383037626743317,-0.06964085251092911,0.03357287496328354,0.050041310489177704,0.030148645862936974,0.013294859789311886,0.07155898213386536,-0.08056867867708206,-0.040012989193201065,-0.02559591829776764
-0.07259906083345413,0.05644876882433891,-0.032422617077827454,-0.04286761209368706,0.032561447471380234,0.05124805495142937,-0.013037220574915409,-0.008858603425323963,0.047654930502176285,0.0272916741669178,-0.08230511099100113,-0.026310492306947708,-0.01644185744225979,0.025746602565050125,-0.016222979873418808,-0.015176222659647465,-0.03366048261523247,-0.07338764518499374,-0.006280879490077496,-0.06050931662321091
-0.07377952337265015,0.013621388003230095,-0.01899206079542637,0.07575789093971252,-0.016758788377046585,0.06254122406244278,0.005657598841935396,-0.01864827238023281,0.04635579138994217,0.06153808906674385,-0.09403478354215622,-0.04688909277319908,0.04008929431438446,-0.014331341721117496,-0.033501770347356796,0.09317092597484589,0.06384659558534622,0.03463905677199364,0.0005489391623996198,-0.04797983169555664
-0.05766082555055618,-0.056907255202531815,0.0034042601473629475,0.023632878437638283,0.07840252667665482,0.01918664202094078,-0.004607406444847584,0.010802443139255047,-0.009110777638852596,0.04240874946117401,-0.09242987632751465,-0.04391266405582428,-0.0544370673596859,-0.04865453392267227,0.05908000096678734,0.048570435494184494,-0.05127216875553131,-0.05049072951078415,0.06894876807928085,-0.006072826683521271
-0.05766082555055618,-0.056907255202531815,0.0034042601473629475,0.023632878437638283,0.07840252667665482,0.01918664202094078,-0.004607406444847584,0.010802443139255047,-0.009110777638852596,0.04240874946117401,-0.09242987632751465,-0.04391266405582428,-0.0544370673596859,-0.04865453392267227,0.05908000096678734,0.048570435494184494,-0.05127216875553131,-0.05049072951078415,0.06894876807928085,-0.006072826683521271
-0.005266931373625994,0.014795953407883644,0.05771902948617935,0.05002376437187195,-0.05443450063467026,0.070283904671669,0.0060331751592457294,-0.03544829413294792,0.08760779350996017,0.026439739391207695,0.012435968965291977,-0.06585857272148132,-0.05769479647278786,0.032594479620456696,-0.0394926443696022,-0.02256239391863346,-0.030310455709695816,-0.04157158359885216,0.086920365691185,-0.0009267748682759702
0.014390132389962673,0.058283425867557526,0.07366199791431427,-0.018766967579722404,-0.04205978289246559,-0.046721201390028,-0.05331500992178917,0.03275217115879059,-0.0306396521627903,-0.004867479670792818,-0.03280111774802208,-0.013805512338876724,0.07429195195436478,0.06568923592567444,-0.05064232274889946,0.08735432475805283,0.022772952914237976,-0.05275871977210045,0.044212132692337036,-0.05210261791944504
0.026570230722427368,-0.043131738901138306,0.07270972430706024,0.03691188991069794,-0.047856997698545456,0.01339553389698267,-0.030655886977910995,-0.001793889794498682,0.03746311739087105,-0.0672384724020958,-0.08438124507665634,0.013326501473784447,0.020358603447675705,0.004106374457478523,-0.04699069261550903,0.036229465156793594,-0.07477473467588425,-0.0269122626632452,0.016048474237322807,0.01180507056415081
0.04467850923538208,-0.023800907656550407,-0.005866188555955887,-0.0091482475399971,0.007503951899707317,0.025713462382555008,0.04357052221894264,0.02700572833418846,0.08941157162189484,0.060818422585725784,-0.002160848118364811,-0.018134936690330505,-0.02486257813870907,0.04008748009800911,-0.022870996966958046,0.06582719832658768,0.06159166246652603,0.0023481943644583225,0.004821731708943844,-0.04522201046347618
0.04467850923538208,-0.023800907656550407,-0.005866188555955887,-0.0091482475399971,0.007503951899707317,0.025713462382555008,0.04357052221894264,0.02700572833418846,0.08941157162189484,0.060818422585725784,-0.002160848118364811,-0.018134936690330505,-0.02486257813870907,0.04008748009800911,-0.022870996966958046,0.06582719832658768,0.06159166246652603,0.0023481943644583225,0.004821731708943844,-0.04522201046347618
-0.0904812142252922,0.054170623421669006,-0.044671546667814255,0.08828096836805344,-0.04436362534761429,0.026663120836019516,0.024778390303254128,0.05746791139245033,-0.012206749059259892,-0.019821874797344208,0.03191056847572327,0.027767764404416084,0.0776459276676178,-0.009180470369756222,-0.05185144394636154,0.04770331829786301,0.03135061264038086,-0.020897379145026207,-0.033921901136636734,-0.08462205529212952
-0.03633427619934082,-0.06445154547691345,-0.0017426606500521302,0.06108863651752472,0.08137431740760803,0.005308128427714109,0.06617818772792816,-0.016256630420684814,0.02801794558763504,0.057859744876623154,-0.014177672564983368,0.05408652499318123,0.06032650172710419,0.03645966574549675,-0.031097181141376495,-0.012997190468013287,0.07226009666919708,-0.07812386006116867,0.0713551715016365,0.0023564656730741262
0.046149782836437225,0.008470888249576092,-0.007696299348026514,-0.04726768285036087,-0.05554836243391037,-0.03718021512031555,-0.06438519805669785,-0.044930215924978256,0.05468549579381943,0.014856666326522827,-0.09383641183376312,-0.07578708976507187,0.05255091190338135,-0.03291837126016617,0.05985648185014725,-0.0014274113345891237,0.06360554695129395,-0.022271253168582916,0.013863828033208847,-0.05698024109005928
0.025254657492041588,-0.05708480626344681,-0.022065510973334312,0.02792726829648018,0.027099352329969406,0.014222419820725918,0.04512085020542145,-0.0528741255402565,0.05018132925033569,0.042312029749155045,-0.03376459702849388,-0.07247977703809738,0.03560000658035278,0.07830347120761871,-0.010113482363522053,0.08159924298524857,0.025660822167992592,-0.05568484961986542,0.002556357765570283,0.019417528063058853
0.050081562250852585,0.044092632830142975,-0.04085332527756691,0.057140517979860306,0.04724506661295891,-0.049036040902137756,-0.059792548418045044,-0.011376525275409222,0.08073650300502777,-0.06472489982843399,-0.015702160075306892,-0.03856758400797844,-0.029117314144968987,-0.02185104601085186,0.05217087268829346,0.08963222801685333,0.02895977906882763,0.04333927482366562,0.05930116027593613,0.05722456052899361
0.050081562250852585,0.044092632830142975,-0.04085332527756691,0.057140517979860306,0.04724506661295891,-0.049036040902137756,-0.059792548418045044,-0.011376525275409222,0.08073650300502777,-0.06472489982843399,-0.015702160075306892,-0.03856758400797844,-0.029117314144968987,-0.02185104601085186,0.05217087268829346,0.08963222801685333,0.02895977906882763,0.04333927482366562,0.05930116027593613,0.05722456052899361
-0.05831710249185562,-0.019799256697297096,0.037629250437021255,0.08253182470798492,0.04660125821828842,0.0276776310056448,0.0444776713848114,-0.03774707019329071,0.07529537379741669,-0.029066424816846848,-0.032923512160778046,-0.0607798732817173,-0.056984104216098785,-0.04719499871134758,-0.005299744196236134,-0.030971812084317207,-0.0025432249531149864,0.05366547033190727,-0.012275377288460732,-0.07616671919822693
-0.07722442597150803,0.053121767938137054,-0.04603732004761696,0.07666467130184174,-0.0352543443441391,0.046721942722797394,-0.0015220833010971546,-0.010801125317811966,0.08188124746084213,-0.047504279762506485,-0.06887787580490112,0.04422997310757637,0.000894151977263391,-0.0318315364420414,-0.031475067138671875,-0.0058706291019916534,-0.011614312417805195,-0.022353004664182663,-0.04020536690950394,-0.009775126352906227
-0.07722442597150803,0.053121767938137054,-0.04603732004761696,0.07666467130184174,-0.0352543443441391,0.046721942722797394,-0.0015220833010971546,-0.010801125317811966,0.08188124746084213,-0.047504279762506485,-0.06887787580490112,0.04422997310757637,0.000894151977263391,-0.0318315364420414,-0.031475067138671875,-0.0058706291019916534,-0.011614312417805195,-0.022353004664182663,-0.04020536690950394,-0.009775126352906227
-0.07722442597150803,0.053121767938137054,-0.04603732004761696,0.07666467130184174,-0.0352543443441391,0.046721942722797394,-0.0015220833010971546,-0.010801125317811966,0.08188124746084213,-0.047504279762506485,-0.06887787580490112,0.04422997310757637,0.000894151977263391,-0.0318315364420414,-0.031475067138671875,-0.0058706291019916534,-0.011614312417805195,-0.022353004664182663,-0.04020536690950394,-0.009775126352906227
-0.01289000641554594,0.03219906613230705,-0.029989682137966156,0.06086011976003647,-0.0025058407336473465,0.03505392000079155,0.058656591922044754,0.05763212591409683,-0.0030695591121912003,0.033007390797138214,-0.07175176590681076,0.04319005087018013,-0.004409228451550007,0.0011502285487949848,-0.04951732978224754,0.08703918009996414,-0.04444849118590355,0.04325263202190399,-0.029000841081142426,0.035685278475284576
0.024208329617977142,0.03525606915354729,-0.023213643580675125,-0.05155659094452858,0.0011533661745488644,0.04472813382744789,0.03626633808016777,-0.014880267903208733,0.07424327731132507,-0.0701330378651619,0.014160698279738426,0.052119214087724686,0.060034241527318954,0.042070578783750534,-0.07432451844215393,0.09364277869462967,-0.001121632056310773,0.03743476793169975,-0.04752754420042038,-0.017923450097441673
0.01015927828848362,0.06651079654693604,-0.03466556593775749,-0.0016682806890457869,0.0027163506019860506,-0.02558119222521782,-0.04029180109500885,-0.019253620877861977,-0.011881398968398571,-0.037021033465862274,-0.06220989301800728,0.06095610931515694,0.08013255894184113,0.04163540154695511,-0.00833057053387165,-0.005615700967609882,0.052796393632888794,0.0545896477997303,-0.041378408670425415,0.04387897625565529
-0.006166067440062761,-0.01859976164996624,-0.05870509147644043,-0.02251763455569744,0.029389429837465286,0.064816415309906,-0.0036695951130241156,-0.0082765007391572,0.020928390324115753,0.04872753098607063,0.024859992787241936,-0.06568698585033417,-0.05260612443089485,-0.03564966470003128,-0.007930398918688297,0.07936961203813553,0.0421958789229393,-0.024264361709356308,0.07292521744966507,-0.01189031358808279
-0.03066527098417282,0.02311863750219345,0.009354730136692524,-0.03945140540599823,-0.039020951837301254,0.06578116863965988,-0.053714457899332047,-0.021940411999821663,0.06957818567752838,0.07449426501989365,-0.04408930242061615,0.05604502558708191,-0.015544462949037552,-0.03235189989209175,0.03972747176885605,0.06720022857189178,-0.06722597032785416,-0.05376777425408363,-0.044326409697532654,0.007756619714200497
-0.0551103837788105,0.06287042051553726,-0.025156810879707336,0.08232481777667999,-0.038609541952610016,0.05124985799193382,-0.04738609120249748,-0.05468498915433884,0.03510991856455803,0.044225648045539856,-0.08770851045846939,-0.016812535002827644,-0.02413826808333397,0.0399765819311142,-0.021678239107131958,0.0923653244972229,-0.04740804433822632,-0.05961507186293602,-0.03602036088705063,0.026968669146299362
0.0294430460780859,-0.06280271708965302,0.0656658411026001,0.042960166931152344,-0.06649498641490936,0.01602073200047016,-0.06465164572000504,0.021090926602482796,0.03305402398109436,0.022792957723140717,-0.053034499287605286,-0.0292611476033926,-0.05478636175394058,-0.01516773272305727,-0.03262639418244362,0.004248257726430893,-0.019872087985277176,0.008835343644022942,0.033824704587459564,0.02331751026213169
-0.0955878272652626,0.019388839602470398,0.059499140828847885,0.03841853514313698,-0.007276612333953381,-0.056318022310733795,-0.01906687393784523,0.04834835231304169,0.06871848553419113,-0.00972885824739933,-0.07538382709026337,-0.0782441794872284,0.056427404284477234,-0.0014251876855269074,0.0553460568189621,0.0552966482937336,0.04603814706206322,0.011809292249381542,0.09048089385032654,0.02942214161157608
-0.05982141196727753,-0.06619582325220108,-0.04430041462182999,-0.048920098692178726,-0.024779319763183594,0.027345160022377968,-0.03048112988471985,0.045687198638916016,0.08691734075546265,0.07446196675300598,-0.10126817226409912,-0.0503968708217144,-0.03984878212213516,0.04325079917907715,-0.05555042624473572,-0.0008858207729645073,0.0585918128490448,-0.06044274568557739,0.08230554312467575,0.023388098925352097
-0.014059660956263542,0.03670763596892357,-0.013098730705678463,-0.015027223154902458,0.021298296749591827,0.04931195452809334,-0.0407944992184639,0.010120433755218983,0.06239359825849533,0.030388586223125458,-0.03263333812355995,-0.027151133865118027,0.02703050523996353,0.054662249982357025,0.02184467203915119,0.04001845419406891,-0.0033672917634248734,-0.008266324177384377,0.07372063398361206,0.003995315637439489
-0.06392865628004074,0.006748964544385672,0.05253908410668373,0.0525825209915638,0.07558409124612808,0.013741121627390385,0.01130457129329443,-0.03216701000928879,0.0396052785217762,0.0006672649760730565,0.02978396601974964,-0.00531395897269249,-0.03737479820847511,0.022980570793151855,-0.006653844378888607,-0.030131349340081215,-0.022054608911275864,-0.008708127774298191,0.0763966366648674,-0.020599886775016785
0.012151253409683704,-0.06683477759361267,0.029669592157006264,0.03411957994103432,0.023165713995695114,0.08115024864673615,0.0685335323214531,0.04180196672677994,0.07910380512475967,-0.018715791404247284,-0.08829667419195175,-0.03237877041101456,0.06813449412584305,-0.006701688282191753,-0.03213861212134361,0.039032451808452606,-0.025609401986002922,0.018354518339037895,0.06426487863063812,-0.06412220001220703
-0.048408616334199905,-0.0045270188711583614,-0.038902703672647476,-0.02041100710630417,0.057709045708179474,-0.029196597635746002,0.05785107612609863,-0.039979882538318634,0.04106539115309715,-0.03696775436401367,-0.08691024780273438,-0.04030684009194374,-0.04000413045287132,-0.04068509489297867,0.051033973693847656,-0.012374412268400192,0.03513123840093613,-0.018810853362083435,-0.05496687814593315,-0.004255674313753843
-0.01411584485322237,-0.05334201827645302,-0.006808843929320574,0.06864941865205765,-0.03043411672115326,-0.021571991965174675,0.05647505447268486,0.005946223624050617,0.053126610815525055,0.00341336103156209,-0.08648139983415604,0.049157630652189255,0.014370634220540524,-0.04453490301966667,-0.016021668910980225,-0.010696046985685825,-0.028702452778816223,-0.005405973643064499,0.0031978690531104803,0.006007888354361057
-0.05599033832550049,0.057869136333465576,0.08235248178243637,0.040898602455854416,-0.04065079614520073,0.017503442242741585,-0.00242807250469923,-0.03352143242955208,0.01652720756828785,-0.05509047955274582,-0.09810683876276016,0.04597581923007965,0.034009188413619995,0.03999900445342064,-0.015614692121744156,-0.02817673422396183,-0.048925984650850296,-0.08264247328042984,-0.028394494205713272,-0.08620275557041168
-0.09699656814336777,0.0038302168250083923,0.0525037944316864,0.0815635621547699,0.046587564051151276,0.061434656381607056,0.0042596482671797276,0.0785549134016037,0.09300050139427185,0.0539846308529377,-0.0033759181387722492,-0.05245573818683624,-0.04205330088734627,0.01742841862142086,-0.006674721371382475,0.014389910735189915,0.006299661472439766,-0.03648114949464798,0.021347884088754654,0.0005054338253103197
-0.08263719081878662,-0.014045579358935356,0.08236368000507355,0.02610732801258564,0.011508137919008732,-0.020896874368190765,-0.003147113835439086,0.059490714222192764,0.0899047926068306,0.011855730786919594,-0.08989809453487396,0.01929176039993763,0.07176660001277924,-0.05700800195336342,0.057587914168834686,-0.02922460436820984,0.03501551225781441,-0.0429498516023159,0.020496491342782974,0.03847115859389305
-0.08883366733789444,-0.03677765652537346,-0.055845461785793304,0.09257164597511292,-0.06727922707796097,-0.05848328396677971,-0.01688099279999733,-0.01794923096895218,0.013771932572126389,-0.02756480500102043,-0.09875555336475372,0.0613270178437233,0.028108753263950348,-0.011585286818444729,-0.02877933345735073,0.0176153015345335,0.02692386694252491,-0.0786702111363411,0.06814554333686829,-0.03736328333616257
-0.09912016987800598,0.04123206064105034,0.017654146999120712,0.031109316274523735,-0.0034092022106051445,-0.0599338598549366,0.0644107386469841,-0.013552327640354633,0.07186863571405411,-0.026921197772026062,-0.02506651170551777,-0.014921413734555244,0.03875609487295151,-0.052092839032411575,-0.010582524351775646,-0.00947070587426424,0.028410959988832474,-0.05834456905722618,-0.047096431255340576,0.022018104791641235
0.030922040343284607,-0.06217587739229202,-0.026789985597133636,0.017986468970775604,0.01911373808979988,-0.011891103349626064,-0.05830368027091026,0.07095713913440704,0.03492223098874092,-0.05591847375035286,-0.04645611345767975,-0.045543912798166275,-0.03480914607644081,-0.008225086145102978,-0.022868331521749496,-0.0007825004286132753,-0.006543450523167849,0.03306029736995697,-0.03373127803206444,-0.05866667628288269
-0.03578542545437813,0.06282002478837967,0.03322280943393707,0.05192580819129944,8.644608169561252e-05,0.06291748583316803,-0.00841988530009985,0.022065740078687668,0.08972146362066269,0.014836753718554974,0.010143494233489037,-0.0068625519052147865,-0.02179909124970436,0.005567238666117191,-0.012358126230537891,-0.02833341248333454,-0.04492132365703583,-0.04493826627731323,-0.03327417001128197,-0.05661819502711296
-0.07736063748598099,0.037295132875442505,0.015162194147706032,0.05651934817433357,-0.028199216350913048,0.03434908390045166,0.02675049751996994,-0.04332781583070755,0.10621040314435959,-0.06759869307279587,-0.10615088045597076,-0.042363427579402924,-0.05174526199698448,-0.03696892783045769,-0.05584484338760376,-0.046710819005966187,-0.029981723055243492,0.015199418179690838,0.0675891786813736,-0.039583127945661545
0.02990775741636753,0.04444792866706848,0.04785880446434021,0.053310200572013855,-0.04385753348469734,-0.036583561450242996,0.02856101468205452,0.004154255613684654,0.07101883739233017,-0.038228344172239304,-0.09565292298793793,0.03261052072048187,-0.06128285825252533,-0.02581397071480751,-0.05695587769150734,-0.03913441300392151,0.02199609950184822,-0.030550047755241394,0.019621606916189194,0.04965620115399361
0.030997851863503456,-0.018816543743014336,0.007285963743925095,0.026992814615368843,-0.01157164853066206,-0.0483994334936142,0.05989759415388107,0.021053379401564598,0.006498096976429224,0.0033800869714468718,-0.10203743726015091,-0.02510177716612816,0.06842200458049774,-0.0039551700465381145,-0.06180284172296524,0.051354050636291504,0.021504387259483337,-0.015308729372918606,0.027240967378020287,-0.00825127586722374
-0.0629546120762825,0.018863918259739876,-0.011138125322759151,0.010309495963156223,-0.06122671067714691,-0.049319006502628326,0.03733840212225914,-0.027550995349884033,0.09877734631299973,-0.010849817655980587,-0.022368738427758217,-0.03893444314599037,0.0710301622748375,0.016134563833475113,-0.021271543577313423,-0.04253789782524109,0.05988745018839836,-0.048213519155979156,-0.042091213166713715,0.049666933715343475
-0.06053822115063667,0.006871804129332304,-0.0389937162399292,-0.003714964957907796,-0.06493118405342102,0.04078146815299988,-0.04398919641971588,-0.0003485961933620274,0.010364584624767303,0.0007268795161508024,0.027885086834430695,-0.07201898843050003,0.0831058919429779,0.07453401386737823,-0.016523556783795357,0.07279808074235916,0.04985734075307846,-0.04415947198867798,0.03372155874967575,-0.00834084115922451
-0.09498994797468185,-0.06367184221744537,-0.022319721058011055,0.061627134680747986,0.010618530213832855,0.06413428485393524,0.07248253375291824,-0.05278535187244415,0.08736377954483032,-0.035407520830631256,-0.10497140884399414,0.05592307075858116,-0.03841407597064972,-0.04528680071234703,0.009333995170891285,0.06933419406414032,0.005902827717363834,0.0304839126765728,0.09388880431652069,-0.04305655136704445
-0.04664032906293869,-0.0032753683626651764,0.042262256145477295,0.08140726387500763,-0.013987701386213303,0.06061083450913429,0.040740083903074265,0.07370628416538239,0.02696959115564823,-0.02947269193828106,0.008135653100907803,0.02163071744143963,0.040934231132268906,0.0028183870017528534,0.0610886886715889,0.09122495353221893,-0.055980049073696136,0.03892774134874344,0.017237447202205658,-0.08208062499761581
-0.08217284828424454,0.005678275600075722,0.0374792143702507,0.03356710821390152,-0.06072494387626648,-0.012852138839662075,-0.023685045540332794,0.017317432910203934,0.004101531580090523,-0.0426558181643486,-0.09581661969423294,0.040305063128471375,-0.011863079853355885,-0.025023287162184715,0.05963592231273651,0.09265656024217606,-0.02353857457637787,-0.057924073189496994,0.06762954592704773,-0.06429102271795273
-0.07339399307966232,-0.04480624943971634,-0.025070125237107277,0.027683528140187263,-0.048905398696660995,0.024879716336727142,0.04925926774740219,0.07926277816295624,-0.021162226796150208,0.023043198511004448,0.002681283513084054,-0.06478328257799149,0.0026244090404361486,-0.05889913812279701,-0.03905044496059418,-0.05051548406481743,0.03682694211602211,-0.01577010191977024,0.06616423279047012,0.038789451122283936
-0.10276949405670166,-0.01306231040507555,0.04697931930422783,-0.0074493782594799995,-0.05185404792428017,-0.059251055121421814,-0.021391477435827255,-0.03494763374328613,0.0888202041387558,-0.02701510488986969,-0.10376186668872833,0.04633389413356781,0.035149041563272476,-0.04992806166410446,-0.03146076947450638,0.016891423612833023,0.03642590716481209,-0.015127522870898247,0.0604473352432251,0.010202832520008087
-0.05661015585064888,-0.03118036687374115,-0.04914282262325287,-0.04507790878415108,-0.016186553984880447,-0.05115964263677597,0.011896203272044659,-0.01159867737442255,0.10776011645793915,-0.06702236086130142,-0.07953005284070969,-0.00231944234110415,-0.0012696727644652128,0.05939642712473869,-0.029490942135453224,0.02943577617406845,-0.06476127356290817,-0.020434478297829628,0.036872729659080505,-0.04181741923093796
-0.08004962652921677,0.011993753723800182,-0.05425851419568062,-0.04985758289694786,0.06072675436735153,0.0019420644966885448,-0.04884236305952072,0.055237334221601486,0.07103927433490753,-0.05486413091421127,-0.07757262140512466,-0.006094623357057571,-0.06345582753419876,0.012174692936241627,-0.020240871235728264,0.00615287758409977,-0.055687468498945236,0.0030717775225639343,-0.0029605617746710777,0.03514822572469711
-0.016130203381180763,-0.047748200595378876,-0.05081842467188835,0.05197691172361374,-0.054841700941324234,-0.034126125276088715,0.01728297397494316,0.046255506575107574,0.030608002096414566,0.029924558475613594,-0.05983894318342209,-0.05879628658294678,-0.050969239324331284,0.0005204479093663394,0.05354216694831848,0.03654184937477112,-0.01627999171614647,-0.03633264824748039,-0.04188672453165054,0.005733645521104336
-0.017559951171278954,0.03456193953752518,-0.0318310409784317,0.005612791050225496,0.06692592799663544,0.01786462776362896,0.023137012496590614,0.045812249183654785,0.02642151154577732,0.02319147065281868,-0.07848581671714783,-0.03651387616991997,0.05768302455544472,-0.05828075855970383,0.06376376003026962,0.029661154374480247,0.04789599031209946,-0.07379965484142303,0.03270243853330612,0.026573965325951576
-0.006118213292211294,0.05522759258747101,0.07068176567554474,-0.0004127845459152013,0.0035091766621917486,0.05468105152249336,-0.06225608289241791,0.08577868342399597,0.01999651826918125,-0.04080824926495552,-0.024149706587195396,-0.07193438708782196,0.00978860817849636,0.030911492183804512,0.011892808601260185,-0.028236661106348038,0.04968621954321861,-0.05628485977649689,0.031032994389533997,-0.07546450942754745
-0.04823538661003113,0.00975922029465437,-0.0006929023656994104,-0.019017614424228668,0.07578868418931961,0.0631047710776329,-0.0591227263212204,0.010117548517882824,0.026486117392778397,-0.0732618048787117,-0.033350687474012375,0.044315874576568604,-0.061675723642110825,0.06350043416023254,0.006237485911697149,0.06470709294080734,-0.02066541276872158,0.02722833678126335,0.015893161296844482,0.03839953616261482
-0.05494090914726257,0.003806600347161293,-0.05432972311973572,-0.031952619552612305,-0.05492515489459038,0.038567110896110535,0.043401576578617096,0.023697379976511,0.09088965505361557,-0.034371402114629745,-0.10363442450761795,-0.004102481063455343,0.02407560497522354,0.05423701927065849,-0.015243311412632465,-0.020926058292388916,0.06030401960015297,0.002522620838135481,0.01704220287501812,-0.08386118710041046
-0.00408267043530941,0.041800156235694885,0.019465582445263863,-0.01971675455570221,-0.0030511682853102684,0.059716422110795975,0.03517888858914375,-0.0003471155359875411,-0.010912640951573849,0.05316956341266632,-0.08540935814380646,0.052892785519361496,0.029689311981201172,0.06869275867938995,0.04975293204188347,0.034774333238601685,0.008969822898507118,-0.04543329030275345,0.08817808330059052,-0.04712957888841629
0.03231019526720047,-0.015124787576496601,0.048122044652700424,-0.013296184130012989,-0.014451461844146252,0.034783683717250824,0.018372349441051483,-0.03071819804608822,0.04914579913020134,0.04658570513129234,-0.07115224003791809,-0.06345642358064651,0.0725087821483612,-0.04751814529299736,-0.052968304604291916,-0.026532240211963654,0.0443774089217186,-0.047087691724300385,-0.04945533722639084,-0.00046551291598007083
-0.00408267043530941,0.041800156235694885,0.019465582445263863,-0.01971675455570221,-0.0030511682853102684,0.059716422110795975,0.03517888858914375,-0.0003471155359875411,-0.010912640951573849,0.05316956341266632,-0.08540935814380646,0.052892785519361496,0.029689311981201172,0.06869275867938995,0.04975293204188347,0.034774333238601685,0.008969822898507118,-0.04543329030275345,0.08817808330059052,-0.04712957888841629
-0.00408267043530941,0.041800156235694885,0.019465582445263863,-0.01971675455570221,-0.0030511682853102684,0.059716422110795975,0.03517888858914375,-0.0003471155359875411,-0.010912640951573849,0.05316956341266632,-0.08540935814380646,0.052892785519361496,0.029689311981201172,0.06869275867938995,0.04975293204188347,0.034774333238601685,0.008969822898507118,-0.04543329030275345,0.08817808330059052,-0.04712957888841629
0.0067460015416145325,-0.026587441563606262,0.04564597085118294,-0.04885512590408325,0.012058466672897339,0.026975782588124275,-0.06548304110765457,0.05772438645362854,0.044476382434368134,0.03240540623664856,-0.04833297058939934,0.04706280305981636,0.021190201863646507,0.008505024015903473,0.029809461906552315,0.0188845656812191,-0.06662172824144363,0.04574292153120041,0.04768512025475502,-0.019874192774295807
-0.044015537947416306,-0.06479920446872711,-0.0017990616615861654,-0.024261564016342163,0.07292460650205612,0.04987898841500282,-0.048407573252916336,0.06607508659362793,0.025826260447502136,-0.02436572127044201,-0.06510217487812042,-0.059178564697504044,-0.03905979543924332,0.06620161235332489,-0.042497411370277405,-0.019304167479276657,0.0500018373131752,0.031647421419620514,0.021089794114232063,-0.06961502134799957
-0.0424358956515789,-0.030444510281085968,0.032924387603998184,-0.04745439812541008,0.03884376212954521,0.03053254261612892,-0.051676660776138306,0.07518161088228226,0.041782353073358536,-0.03810476139187813,-0.05843512341380119,-0.036179687827825546,0.00773546053096652,0.009280079044401646,0.04297406226396561,0.02169286645948887,-0.04300839453935623,-0.044992733746767044,0.08935591578483582,0.020569028332829475
0.023715173825621605,0.058473676443099976,0.04061579331755638,-0.016499266028404236,-0.042696479707956314,-0.05826890468597412,0.06583902984857559,0.007953302934765816,0.054143067449331284,-0.060149792581796646,-0.05375261604785919,-0.010590330697596073,0.06512865424156189,-0.05209361016750336,-0.05363233759999275,0.014070039615035057,-0.03181934729218483,0.024082787334918976,0.004860473331063986,-0.027099566534161568
0.023715173825621605,0.058473676443099976,0.04061579331755638,-0.016499266028404236,-0.042696479707956314,-0.05826890468597412,0.06583902984857559,0.007953302934765816,0.054143067449331284,-0.060149792581796646,-0.05375261604785919,-0.010590330697596073,0.06512865424156189,-0.05209361016750336,-0.05363233759999275,0.014070039615035057,-0.03181934729218483,0.024082787334918976,0.004860473331063986,-0.027099566534161568
-0.07141383737325668,0.06560112535953522,0.05104883015155792,-0.053285010159015656,-0.022676745429635048,0.046781644225120544,0.024784162640571594,0.08080144226551056,0.0888780802488327,0.04883366450667381,-0.00410479074344039,-0.06977821886539459,0.02160438522696495,-0.033941421657800674,-0.016547901555895805,0.03159964829683304,-0.0372237004339695,0.056997526437044144,0.046921804547309875,-0.00485206488519907
-0.04154648259282112,-0.019666576758027077,0.0015266987029463053,0.009503365494310856,-0.0324588418006897,-0.011306828819215298,0.07190128415822983,0.05544215440750122,0.05941297486424446,0.03870295360684395,-0.019901420921087265,0.049679312855005264,-0.06334203481674194,0.004421381279826164,0.004295202437788248,-0.02018132247030735,-0.03488200157880783,0.017773978412151337,0.08422114700078964,-0.038169603794813156
-0.07141383737325668,0.06560112535953522,0.05104883015155792,-0.053285010159015656,-0.022676745429635048,0.046781644225120544,0.024784162640571594,0.08080144226551056,0.0888780802488327,0.04883366450667381,-0.00410479074344039,-0.06977821886539459,0.02160438522696495,-0.033941421657800674,-0.016547901555895805,0.03159964829683304,-0.0372237004339695,0.056997526437044144,0.046921804547309875,-0.00485206488519907
-0.009464857168495655,0.010813195258378983,-0.002161040436476469,0.021142659708857536,0.07487271726131439,0.03152720257639885,-0.071830615401268,-0.02676483616232872,-0.014530961401760578,0.06576461344957352,-0.06911149621009827,-0.04017509147524834,-0.03284883499145508,0.02863338775932789,-0.06190553307533264,0.04210797697305679,-0.01829291507601738,-0.055016081780195236,0.026034008711576462,0.02693329006433487
-0.045213136821985245,0.025421176105737686,-0.05494951829314232,0.07774394005537033,-0.005153616890311241,-0.004869435913860798,0.061618633568286896,0.024545766413211823,0.011624844744801521,-0.02902679704129696,0.03433810546994209,-0.06768976897001266,-0.016212495043873787,-0.0400240495800972,-0.040925994515419006,0.0724034458398819,0.05412222817540169,-0.043486762791872025,0.06867488473653793,-0.04812039062380791
-0.023748401552438736,-0.07386605441570282,-0.010354925878345966,0.008871333673596382,0.007768531795591116,-0.025658955797553062,0.07108492404222488,-0.03891991451382637,-0.018033526837825775,-0.030888088047504425,-0.09811539947986603,0.04457468166947365,0.06246600300073624,-0.020781314000487328,0.06732005625963211,-0.03149252012372017,0.011062313802540302,-0.030734241008758545,-0.04407946765422821,-0.020321330055594444
-0.03222362697124481,-0.05056154727935791,0.014116324484348297,0.04093397781252861,0.05003966763615608,0.0730448067188263,0.04040498659014702,0.009769936092197895,-0.013361879624426365,-0.05935128778219223,-0.09044250100851059,-0.006517475470900536,0.014917973428964615,0.0031108304392546415,-0.02891785092651844,0.0520184226334095,-0.061224691569805145,0.020497148856520653,0.017899632453918457,0.002771498868241906
-0.03222362697124481,-0.05056154727935791,0.014116324484348297,0.04093397781252861,0.05003966763615608,0.0730448067188263,0.04040498659014702,0.009769936092197895,-0.013361879624426365,-0.05935128778219223,-0.09044250100851059,-0.006517475470900536,0.014917973428964615,0.0031108304392546415,-0.02891785092651844,0.0520184226334095,-0.061224691569805145,0.020497148856520653,0.017899632453918457,0.002771498868241906
-0.03222362697124481,-0.05056154727935791,0.014116324484348297,0.04093397781252861,0.05003966763615608,0.0730448067188263,0.04040498659014702,0.009769936092197895,-0.013361879624426365,-0.05935128778219223,-0.09044250100851059,-0.006517475470900536,0.014917973428964615,0.0031108304392546415,-0.02891785092651844,0.0520184226334095,-0.061224691569805145,0.020497148856520653,0.017899632453918457,0.002771498868241906
-0.03765459358692169,0.008719696663320065,0.004862832836806774,0.03890156000852585,0.0008731316775083542,-0.01630905270576477,-0.01828458346426487,0.051558151841163635,0.06701324880123138,-0.057895272970199585,-0.10626395791769028,-0.07927776128053665,0.05702809616923332,-0.004977583885192871,0.014125760644674301,0.05734625831246376,0.06614742428064346,-0.07627338916063309,0.03420285880565643,-0.0460914671421051
0.004332493990659714,0.01922534592449665,0.000982650090008974,0.006825755350291729,-0.008515119552612305,0.01958155445754528,-0.032788656651973724,-0.05716158449649811,0.059300635010004044,0.020202595740556717,-0.0006347521557472646,0.04319463670253754,0.038361065089702606,-0.03756621107459068,0.018528029322624207,0.03597446158528328,-0.018844397738575935,-0.04181933403015137,0.021202124655246735,-0.05276302620768547
-0.045005518943071365,-0.009092186577618122,0.07608834654092789,0.03180311992764473,-0.05022214725613594,0.0019051656126976013,0.05029626563191414,0.007973658852279186,-0.004048556089401245,0.075705386698246,-0.07536669820547104,-0.004141394514590502,0.04262053221464157,-0.03630764037370682,0.04714702069759369,-0.011496491730213165,0.040345095098018646,0.047266244888305664,0.059296414256095886,0.048944905400276184
0.0033621792681515217,-0.05536213144659996,-0.013101717457175255,0.06873224675655365,0.07565833628177643,-0.0512629859149456,0.025415783748030663,0.08265954256057739,-0.0059538125060498714,0.05078330263495445,-0.04610491916537285,-0.006662887986749411,-0.002046695677563548,-0.06096796318888664,0.05410122126340866,0.07516159862279892,0.019118092954158783,-0.06270215660333633,-0.038681477308273315,0.04661623015999794
-0.0473649837076664,0.002924578497186303,0.03619825467467308,0.053387418389320374,0.0016424425411969423,-0.0415046252310276,-0.010816189460456371,0.04194902256131172,0.08325725048780441,0.023443972691893578,-0.06876713037490845,-0.0821760967373848,-0.051751114428043365,0.017576076090335846,-0.03276144713163376,0.019698241725564003,0.011857348494231701,0.04616371914744377,0.0860210731625557,-0.04500067979097366
-0.09929332882165909,0.05177978798747063,0.06977566331624985,-0.038389675319194794,0.04487201198935509,-0.04963694512844086,-0.02161400392651558,0.024818619713187218,0.08815465122461319,-0.0629061833024025,-0.09021776914596558,0.0058175926096737385,0.06696492433547974,0.06699202954769135,0.02891758270561695,0.06698053330183029,-0.006522716488689184,-0.0695687010884285,0.08642807602882385,0.04890087619423866
-0.006924903951585293,0.05984926223754883,0.016313161700963974,0.027156013995409012,-0.023341083899140358,-0.053625114262104034,0.0005029569147154689,-0.008765173144638538,0.11130206286907196,-0.06573349237442017,-0.06700059771537781,-0.04196727275848389,0.06730901449918747,-0.029167037457227707,-0.04130285978317261,0.05955146253108978,0.05566312372684479,0.008388462476432323,0.07955065369606018,-0.04724310338497162
-0.006924903951585293,0.05984926223754883,0.016313161700963974,0.027156013995409012,-0.023341083899140358,-0.053625114262104034,0.0005029569147154689,-0.008765173144638538,0.11130206286907196,-0.06573349237442017,-0.06700059771537781,-0.04196727275848389,0.06730901449918747,-0.029167037457227707,-0.04130285978317261,0.05955146253108978,0.05566312372684479,0.008388462476432323,0.07955065369606018,-0.04724310338497162
0.029817556962370872,-0.03681479021906853,0.040629755705595016,0.06364467740058899,-0.02210516482591629,-0.017886053770780563,0.01279094722121954,-0.02330690808594227,0.0699227899312973,-0.05759919434785843,-0.03932245820760727,0.010503570549190044,0.02027389220893383,0.02115579880774021,-0.04011117294430733,0.01514321006834507,-0.04483989626169205,-0.02251041680574417,0.060197774320840836,0.014572525396943092
0.03399170562624931,0.013245787471532822,0.05689321830868721,0.060336511582136154,0.001834105933085084,-0.005891149397939444,0.04660314694046974,-0.017077133059501648,-0.01910298876464367,-0.004667061381042004,0.03544096276164055,0.034812767058610916,0.014173152856528759,0.06150093302130699,-0.020287420600652695,0.0012806777376681566,0.054968491196632385,-0.028491538017988205,-0.0361970029771328,0.03769024461507797
-0.0708286464214325,0.06101139634847641,0.005239116493612528,0.02848917804658413,-0.03193018212914467,-0.06438225507736206,0.02591220661997795,-0.04653920605778694,-0.001741653075441718,-0.0023095118813216686,-0.06732300668954849,0.016730107367038727,0.020929567515850067,-0.04143743962049484,-0.049863819032907486,-0.0512213371694088,0.06205402687191963,0.013162515126168728,-0.005025119986385107,-0.018963990733027458
-0.0026907979045063257,0.06983964890241623,-0.04128838703036308,-0.0484560951590538,-0.042036864906549454,0.036134179681539536,-0.020391155034303665,0.0027706585824489594,-0.01937848888337612,-0.02740022912621498,0.015198223292827606,-0.017606057226657867,0.00013831446995027363,0.010102185420691967,0.04321983829140663,-0.02997884340584278,-0.04627112299203873,-0.07592921704053879,0.0486777201294899,-0.08739696443080902
-0.0026907979045063257,0.06983964890241623,-0.04128838703036308,-0.0484560951590538,-0.042036864906549454,0.036134179681539536,-0.020391155034303665,0.0027706585824489594,-0.01937848888337612,-0.02740022912621498,0.015198223292827606,-0.017606057226657867,0.00013831446995027363,0.010102185420691967,0.04321983829140663,-0.02997884340584278,-0.04627112299203873,-0.07592921704053879,0.0486777201294899,-0.08739696443080902
0.020084373652935028,-0.018887273967266083,0.04577856510877609,0.03270965814590454,-0.025527840480208397,-0.01583513617515564,0.017320945858955383,0.02134409360587597,-0.02622092328965664,0.07279715687036514,-0.1080087348818779,-0.03534794971346855,0.011015357449650764,-0.004580246284604073,0.04692398011684418,0.03073003888130188,0.05419488623738289,0.007061433512717485,0.08379381150007248,-0.008009825833141804
0.020084373652935028,-0.018887273967266083,0.04577856510877609,0.03270965814590454,-0.025527840480208397,-0.01583513617515564,0.017320945858955383,0.02134409360587597,-0.02622092328965664,0.07279715687036514,-0.1080087348818779,-0.03534794971346855,0.011015357449650764,-0.004580246284604073,0.04692398011684418,0.03073003888130188,0.05419488623738289,0.007061433512717485,0.08379381150007248,-0.008009825833141804
0.03889475390315056,-0.026260579004883766,0.014043872244656086,-0.02569526433944702,0.05599810928106308,0.03250303119421005,-0.06057732552289963,0.07868310809135437,0.021741606295108795,-0.009376240894198418,-0.04826503247022629,-0.03754352033138275,0.04016242176294327,-0.04570451378822327,-0.05086773633956909,0.07833363115787506,0.024768639355897903,-0.08262305706739426,-0.022522661834955215,-0.050591327250003815
0.0038769643288105726,-0.07166507095098495,0.05848399177193642,0.02722904086112976,-0.06052767485380173,0.0076674348674714565,0.0498783104121685,-0.014850080013275146,0.04465271160006523,0.037783436477184296,-0.10434248298406601,0.057601798325777054,0.06067510321736336,0.007805468048900366,-0.01692310906946659,0.025170186534523964,0.03173764422535896,0.0022755865938961506,0.0896926000714302,-0.0008668910013511777
-0.036866139620542526,0.00028169454890303314,0.05996190756559372,-0.0486917644739151,0.046073492616415024,-0.016045300289988518,0.042679574340581894,-0.0064612990245223045,0.07809975743293762,0.014137140475213528,0.028682762756943703,0.04325871542096138,-0.03932484611868858,-0.02349313348531723,0.045701827853918076,0.01141146570444107,0.001961508998647332,0.04312669858336449,0.03816693276166916,0.04830394312739372
-0.06464430689811707,-0.01858711428940296,-0.043040160089731216,0.08094590157270432,-0.0206269770860672,0.005988097749650478,0.04141705855727196,-0.0013017818564549088,0.045645128935575485,0.0005066817975603044,-0.002342445310205221,0.04617776721715927,0.03641437366604805,0.0435151532292366,0.002754115965217352,0.04715729132294655,0.05051317438483238,0.021306678652763367,0.04403490945696831,-0.0715775266289711
-0.07679230719804764,0.01654159650206566,0.06079213693737984,0.01594548486173153,0.013922879472374916,-0.04037072882056236,-0.004613501951098442,0.013261329382658005,0.018404411152005196,-0.04314126819372177,-0.10577119886875153,-0.023647760972380638,0.03050079755485058,0.04625210538506508,-0.029068486765027046,0.04008005931973457,-0.025761688128113747,-0.041190922260284424,0.09250843524932861,-0.04948895797133446
0.0016189560992643237,-0.023750625550746918,0.0527830496430397,0.031166257336735725,0.0666077584028244,0.07062298059463501,0.003058037953451276,-0.003410832490772009,0.08203655481338501,0.0501193143427372,0.02662350796163082,-0.0567687451839447,0.05589627847075462,0.08056912571191788,0.02012552320957184,0.07222084701061249,0.011022589169442654,-0.07647602260112762,0.014729870483279228,0.029335955157876015
-0.014483493752777576,-0.04517478868365288,0.05923648923635483,0.07701791822910309,-0.00910215638577938,0.033360257744789124,-0.020113322883844376,0.03435425087809563,0.02891838178038597,-0.05515778064727783,0.03573762997984886,-0.07992338389158249,-0.04510684683918953,0.035993847995996475,-0.06298869103193283,0.04550257325172424,-0.02011151798069477,-0.015063276514410973,0.05298680439591408,-0.05511501431465149
-0.014483493752777576,-0.04517478868365288,0.05923648923635483,0.07701791822910309,-0.00910215638577938,0.033360257744789124,-0.020113322883844376,0.03435425087809563,0.02891838178038597,-0.05515778064727783,0.03573762997984886,-0.07992338389158249,-0.04510684683918953,0.035993847995996475,-0.06298869103193283,0.04550257325172424,-0.02011151798069477,-0.015063276514410973,0.05298680439591408,-0.05511501431465149
-0.014483493752777576,-0.04517478868365288,0.05923648923635483,0.07701791822910309,-0.00910215638577938,0.033360257744789124,-0.020113322883844376,0.03435425087809563,0.02891838178038597,-0.05515778064727783,0.03573762997984886,-0.07992338389158249,-0.04510684683918953,0.035993847995996475,-0.06298869103193283,0.04550257325172424,-0.02011151798069477,-0.015063276514410973,0.05298680439591408,-0.05511501431465149
-0.014483493752777576,-0.04517478868365288,0.05923648923635483,0.07701791822910309,-0.00910215638577938,0.033360257744789124,-0.020113322883844376,0.03435425087809563,0.02891838178038597,-0.05515778064727783,0.03573762997984886,-0.07992338389158249,-0.04510684683918953,0.035993847995996475,-0.06298869103193283,0.04550257325172424,-0.02011151798069477,-0.015063276514410973,0.05298680439591408,-0.05511501431465149
-0.014483493752777576,-0.04517478868365288,0.05923648923635483,0.07701791822910309,-0.00910215638577938,0.033360257744789124,-0.020113322883844376,0.03435425087809563,0.02891838178038597,-0.05515778064727783,0.03573762997984886,-0.07992338389158249,-0.04510684683918953,0.035993847995996475,-0.06298869103193283,0.04550257325172424,-0.02011151798069477,-0.015063276514410973,0.05298680439591408,-0.05511501431465149
-0.014483493752777576,-0.04517478868365288,0.05923648923635483,0.07701791822910309,-0.00910215638577938,0.033360257744789124,-0.020113322883844376,0.03435425087809563,0.02891838178038597,-0.05515778064727783,0.03573762997984886,-0.07992338389158249,-0.04510684683918953,0.035993847995996475,-0.06298869103193283,0.04550257325172424,-0.02011151798069477,-0.015063276514410973,0.05298680439591408,-0.05511501431465149
-0.06439851969480515,-0.00836179219186306,0.03297819569706917,0.019238727167248726,0.05973832681775093,-0.017015447840094566,-0.06560327112674713,-0.03761778026819229,0.01042107678949833,0.009792440570890903,-0.09131840616464615,7.256402750499547e-05,-0.047288984060287476,0.06760787963867188,0.0627676248550415,0.01988905481994152,0.010483711957931519,-0.02139783278107643,-0.021193107590079308,0.015453624539077282
0.04139777645468712,0.05684750899672508,0.009585043415427208,0.006394256837666035,-0.020325765013694763,0.04414151981472969,0.025963502004742622,-0.04900471493601799,0.06402327865362167,0.05611427500844002,-0.08164315670728683,-0.005257549695670605,0.05772264674305916,-0.006419639568775892,-0.05113527923822403,0.09706578403711319,0.05711061879992485,-0.048901546746492386,-0.005991537589579821,-0.07039787620306015
0.04139777645468712,0.05684750899672508,0.009585043415427208,0.006394256837666035,-0.020325765013694763,0.04414151981472969,0.025963502004742622,-0.04900471493601799,0.06402327865362167,0.05611427500844002,-0.08164315670728683,-0.005257549695670605,0.05772264674305916,-0.006419639568775892,-0.05113527923822403,0.09706578403711319,0.05711061879992485,-0.048901546746492386,-0.005991537589579821,-0.07039787620306015
0.04139777645468712,0.05684750899672508,0.009585043415427208,0.006394256837666035,-0.020325765013694763,0.04414151981472969,0.025963502004742622,-0.04900471493601799,0.06402327865362167,0.05611427500844002,-0.08164315670728683,-0.005257549695670605,0.05772264674305916,-0.006419639568775892,-0.05113527923822403,0.09706578403711319,0.05711061879992485,-0.048901546746492386,-0.005991537589579821,-0.07039787620306015
-0.008309565484523773,-0.05814177915453911,0.06250916421413422,0.08538791537284851,-0.02078975923359394,-0.06406370550394058,-0.04431598633527756,0.0070520369336009026,0.062466640025377274,-0.010933960787951946,-0.07296966761350632,-0.02147018536925316,0.0232083797454834,0.06195342540740967,0.0245316531509161,0.07166702300310135,0.025875791907310486,0.012314491905272007,-0.035434529185295105,-0.024670355021953583
0.03069794923067093,0.06636276841163635,-0.04247405752539635,-0.01307907234877348,-0.014302125200629234,0.06424833834171295,0.05546010285615921,-0.007029232569038868,0.03717338293790817,0.06590085476636887,0.029575074091553688,-0.07388069480657578,-0.010335005819797516,0.0051340521313250065,0.03198093920946121,-0.04646620154380798,0.04809065908193588,0.022642504423856735,0.04946700856089592,-0.019162453711032867
-0.00015960073505993932,0.007202598266303539,0.0872044637799263,0.03645063564181328,0.04675106704235077,-0.04108218476176262,-0.003541710553690791,0.011130801402032375,0.1026756539940834,-0.06188694387674332,-0.05053620785474777,-0.0025710193440318108,0.02291833981871605,0.06492961198091507,0.06703035533428192,-0.002929466310888529,0.05786364898085594,0.021684497594833374,-0.018277570605278015,-0.043047185987234116
-0.04865545034408569,0.04493929445743561,-0.045415859669446945,0.007323010358959436,0.05320913344621658,0.027288071811199188,0.03261719271540642,0.04927252605557442,-0.01863052323460579,0.05433546006679535,0.025217100977897644,2.3833340492274147e-06,0.008639157749712467,-0.025550000369548798,-0.06720148772001266,0.08733965456485748,0.058171045035123825,0.011152633465826511,-0.031420085579156876,0.0030195426661521196
0.008665161207318306,-0.05255920812487602,0.009946737438440323,0.09001079201698303,0.07460451126098633,-0.006549729499965906,-0.04984305053949356,0.013850866816937923,0.034959305077791214,0.011817858554422855,0.0364793986082077,0.04189542308449745,0.04274088516831398,-0.04560219123959541,0.042406585067510605,0.020100314170122147,0.02626832388341427,0.04233275353908539,0.06013176962733269,-0.08002012223005295
0.008665161207318306,-0.05255920812487602,0.009946737438440323,0.09001079201698303,0.07460451126098633,-0.006549729499965906,-0.04984305053949356,0.013850866816937923,0.034959305077791214,0.011817858554422855,0.0364793986082077,0.04189542308449745,0.04274088516831398,-0.04560219123959541,0.042406585067510605,0.020100314170122147,0.02626832388341427,0.04233275353908539,0.06013176962733269,-0.08002012223005295
0.008665161207318306,-0.05255920812487602,0.009946737438440323,0.09001079201698303,0.07460451126098633,-0.006549729499965906,-0.04984305053949356,0.013850866816937923,0.034959305077791214,0.011817858554422855,0.0364793986082077,0.04189542308449745,0.04274088516831398,-0.04560219123959541,0.042406585067510605,0.020100314170122147,0.02626832388341427,0.04233275353908539,0.06013176962733269,-0.08002012223005295
-0.05275236815214157,-0.006159041076898575,-0.04772293567657471,-0.039918944239616394,0.0351579375565052,-0.007391148246824741,0.029789423570036888,0.019785471260547638,-0.019816262647509575,0.04103284701704979,0.020333589985966682,-0.0542231984436512,0.04275314882397652,0.02238016575574875,-0.05862688645720482,-0.02664778381586075,-0.062274739146232605,-0.01784154772758484,0.008086681365966797,0.006528375204652548
0.008665161207318306,-0.05255920812487602,0.009946737438440323,0.09001079201698303,0.07460451126098633,-0.006549729499965906,-0.04984305053949356,0.013850866816937923,0.034959305077791214,0.011817858554422855,0.0364793986082077,0.04189542308449745,0.04274088516831398,-0.04560219123959541,0.042406585067510605,0.020100314170122147,0.02626832388341427,0.04233275353908539,0.06013176962733269,-0.08002012223005295
0.04139777645468712,0.05684750899672508,0.009585043415427208,0.006394256837666035,-0.020325765013694763,0.04414151981472969,0.025963502004742622,-0.04900471493601799,0.06402327865362167,0.05611427500844002,-0.08164315670728683,-0.005257549695670605,0.05772264674305916,-0.006419639568775892,-0.05113527923822403,0.09706578403711319,0.05711061879992485,-0.048901546746492386,-0.005991537589579821,-0.07039787620306015
-0.05275236815214157,-0.006159041076898575,-0.04772293567657471,-0.039918944239616394,0.0351579375565052,-0.007391148246824741,0.029789423570036888,0.019785471260547638,-0.019816262647509575,0.04103284701704979,0.020333589985966682,-0.0542231984436512,0.04275314882397652,0.02238016575574875,-0.05862688645720482,-0.02664778381586075,-0.062274739146232605,-0.01784154772758484,0.008086681365966797,0.006528375204652548
-0.021646438166499138,-0.026018230244517326,0.053921859711408615,-0.010096296668052673,-0.025078613311052322,-0.058906618505716324,-0.04263538122177124,-0.04213613644242287,0.060515400022268295,0.02558915503323078,-0.004661364480853081,-0.002059269929304719,0.043166954070329666,0.01610371842980385,-0.024000002071261406,0.037111133337020874,0.028440292924642563,0.018151292577385902,0.0317874439060688,-0.07969093322753906
-0.021646438166499138,-0.026018230244517326,0.053921859711408615,-0.010096296668052673,-0.025078613311052322,-0.058906618505716324,-0.04263538122177124,-0.04213613644242287,0.060515400022268295,0.02558915503323078,-0.004661364480853081,-0.002059269929304719,0.043166954070329666,0.01610371842980385,-0.024000002071261406,0.037111133337020874,0.028440292924642563,0.018151292577385902,0.0317874439060688,-0.07969093322753906
-0.021646438166499138,-0.026018230244517326,0.053921859711408615,-0.010096296668052673,-0.025078613311052322,-0.058906618505716324,-0.04263538122177124,-0.04213613644242287,0.060515400022268295,0.02558915503323078,-0.004661364480853081,-0.002059269929304719,0.043166954070329666,0.01610371842980385,-0.024000002071261406,0.037111133337020874,0.028440292924642563,0.018151292577385902,0.0317874439060688,-0.07969093322753906
-0.021646438166499138,-0.026018230244517326,0.053921859711408615,-0.010096296668052673,-0.025078613311052322,-0.058906618505716324,-0.04263538122177124,-0.04213613644242287,0.060515400022268295,0.02558915503323078,-0.004661364480853081,-0.002059269929304719,0.043166954070329666,0.01610371842980385,-0.024000002071261406,0.037111133337020874,0.028440292924642563,0.018151292577385902,0.0317874439060688,-0.07969093322753906
-0.021646438166499138,-0.026018230244517326,0.053921859711408615,-0.010096296668052673,-0.025078613311052322,-0.058906618505716324,-0.04263538122177124,-0.04213613644242287,0.060515400022268295,0.02558915503323078,-0.004661364480853081,-0.002059269929304719,0.043166954070329666,0.01610371842980385,-0.024000002071261406,0.037111133337020874,0.028440292924642563,0.018151292577385902,0.0317874439060688,-0.07969093322753906
-0.005597932729870081,0.009280150756239891,0.04195749759674072,-0.034366123378276825,-0.0015360810793936253,0.018976429477334023,0.05243644490838051,0.05408742278814316,0.049105241894721985,0.05566463619470596,-0.024638576433062553,-0.05364883691072464,-0.05704526603221893,0.013805973343551159,0.06154749169945717,0.03728054463863373,0.001105363480746746,-0.0873245894908905,0.01941966451704502,0.023260820657014847
-0.03816995024681091,0.06559916585683823,-0.04774075001478195,0.004215397406369448,0.013844951055943966,0.014261843636631966,0.056803252547979355,0.016304802149534225,0.006868611555546522,-0.01807873323559761,-0.001139837666414678,-0.06550749391317368,-0.016744017601013184,0.017592020332813263,-0.06106412783265114,0.0808258205652237,0.007594686932861805,-0.03654200956225395,-0.006155947223305702,-0.04762520268559456
-0.05135168507695198,-0.007517208810895681,0.041922878473997116,0.07453453540802002,0.04439518600702286,-0.015099411830306053,-0.06436572968959808,0.021611882373690605,0.0672818049788475,0.06347179412841797,-0.054699186235666275,-0.01745506376028061,-0.029012858867645264,-0.0535338819026947,0.0362723208963871,0.05287187919020653,-0.007418464403599501,0.030676372349262238,0.052369751036167145,0.009180272929370403
-0.03538895025849342,-0.058664578944444656,-0.034839194267988205,0.04735884070396423,-0.038166601210832596,0.017570355907082558,5.773819430032745e-05,-0.038531988859176636,-0.022023148834705353,-0.009572415612637997,-0.025915736332535744,-0.05034487321972847,-0.013034908100962639,0.07274489104747772,-0.052383001893758774,0.042664382606744766,-0.0010496702743694186,0.02033894509077072,0.0005855150520801544,-0.024887965992093086
-0.03538895025849342,-0.058664578944444656,-0.034839194267988205,0.04735884070396423,-0.038166601210832596,0.017570355907082558,5.773819430032745e-05,-0.038531988859176636,-0.022023148834705353,-0.009572415612637997,-0.025915736332535744,-0.05034487321972847,-0.013034908100962639,0.07274489104747772,-0.052383001893758774,0.042664382606744766,-0.0010496702743694186,0.02033894509077072,0.0005855150520801544,-0.024887965992093086
-0.03538895025849342,-0.058664578944444656,-0.034839194267988205,0.04735884070396423,-0.038166601210832596,0.017570355907082558,5.773819430032745e-05,-0.038531988859176636,-0.022023148834705353,-0.009572415612637997,-0.025915736332535744,-0.05034487321972847,-0.013034908100962639,0.07274489104747772,-0.052383001893758774,0.042664382606744766,-0.0010496702743694186,0.02033894509077072,0.0005855150520801544,-0.024887965992093086
-0.03538895025849342,-0.058664578944444656,-0.034839194267988205,0.04735884070396423,-0.038166601210832596,0.017570355907082558,5.773819430032745e-05,-0.038531988859176636,-0.022023148834705353,-0.009572415612637997,-0.025915736332535744,-0.05034487321972847,-0.013034908100962639,0.07274489104747772,-0.052383001893758774,0.042664382606744766,-0.0010496702743694186,0.02033894509077072,0.0005855150520801544,-0.024887965992093086
-0.07597775757312775,-0.055906012654304504,0.008974632248282433,-0.028168318793177605,-0.046632565557956696,-0.04369769245386124,0.07465100288391113,0.03234510123729706,-0.024204514920711517,-0.04219324141740799,-0.014323065057396889,-0.07779816538095474,0.02651461400091648,-0.061513204127550125,0.04528673365712166,0.016307581216096878,-0.046530697494745255,-0.0779026448726654,-0.020122593268752098,-0.001766290282830596
-0.06759249418973923,-0.04805022105574608,0.07928470522165298,0.07705473154783249,-0.01753184385597706,0.0723983496427536,0.027346190065145493,0.0732123926281929,-0.03267248719930649,0.015517042018473148,-0.07558850944042206,-0.041494134813547134,-0.00686705531552434,-0.0383443757891655,0.03471194580197334,-0.008922796696424484,-0.04847549647092819,0.04334207996726036,0.06473126262426376,-0.06705912947654724
-0.05460177734494209,-0.01370022352784872,-0.03433028236031532,0.03607834875583649,0.0010550790466368198,-0.001372188562527299,0.02231549844145775,0.07439958304166794,0.056847721338272095,-0.06708096712827682,-0.007626328617334366,0.014356706291437149,0.04603283479809761,-0.02695671282708645,0.01747029833495617,-0.040822435170412064,-0.03667663410305977,-0.055465612560510635,0.014009389095008373,0.031442269682884216
-0.05460177734494209,-0.01370022352784872,-0.03433028236031532,0.03607834875583649,0.0010550790466368198,-0.001372188562527299,0.02231549844145775,0.07439958304166794,0.056847721338272095,-0.06708096712827682,-0.007626328617334366,0.014356706291437149,0.04603283479809761,-0.02695671282708645,0.01747029833495617,-0.040822435170412064,-0.03667663410305977,-0.055465612560510635,0.014009389095008373,0.031442269682884216
-0.05460177734494209,-0.01370022352784872,-0.03433028236031532,0.03607834875583649,0.0010550790466368198,-0.001372188562527299,0.02231549844145775,0.07439958304166794,0.056847721338272095,-0.06708096712827682,-0.007626328617334366,0.014356706291437149,0.04603283479809761,-0.02695671282708645,0.01747029833495617,-0.040822435170412064,-0.03667663410305977,-0.055465612560510635,0.014009389095008373,0.031442269682884216
-0.09013180434703827,-0.04189787805080414,-0.02728808857500553,-0.01824823208153248,0.01973581686615944,-0.03847678750753403,0.06777400523424149,0.003373748390004039,0.10444628447294235,0.03586016222834587,-0.03240659460425377,-2.4949904400273226e-05,0.01052377000451088,0.050595737993717194,-0.03769335895776749,-0.04066384956240654,0.056820470839738846,0.05317157879471779,0.025915924459695816,-0.036222394555807114
-0.09013180434703827,-0.04189787805080414,-0.02728808857500553,-0.01824823208153248,0.01973581686615944,-0.03847678750753403,0.06777400523424149,0.003373748390004039,0.10444628447294235,0.03586016222834587,-0.03240659460425377,-2.4949904400273226e-05,0.01052377000451088,0.050595737993717194,-0.03769335895776749,-0.04066384956240654,0.056820470839738846,0.05317157879471779,0.025915924459695816,-0.036222394555807114
-0.08463001996278763,0.04595464468002319,-0.04362352937459946,-0.0396275632083416,0.007869221270084381,-0.060175515711307526,0.01002227421849966,-0.031180251389741898,-0.022273143753409386,0.022549059242010117,0.03204076364636421,0.02509818598628044,-0.053891029208898544,0.013369032181799412,-0.02309660241007805,0.056671470403671265,0.01712297648191452,0.02358991652727127,0.051856379956007004,-0.04334801062941551
-0.06296098232269287,0.0022160725202411413,-0.02919517643749714,0.028222156688570976,0.003810672089457512,0.04192160442471504,0.029889104887843132,0.08460727334022522,0.04904889687895775,0.055211231112480164,-0.034623075276613235,0.03887562453746796,0.06984823197126389,-0.0018705404363572598,-0.03636527806520462,0.022746235132217407,0.05206810310482979,0.0429590567946434,-0.03747126832604408,-0.07167284935712814
-0.025213316082954407,-0.025272231549024582,-0.036087825894355774,-0.04851515218615532,-0.0003793791984207928,0.010423869825899601,0.015442440286278725,0.047633662819862366,0.011783575639128685,0.05541656166315079,-0.05950512737035751,-0.021908707916736603,-0.025558657944202423,0.020213231444358826,-0.05517114698886871,0.028407437726855278,-0.06648258119821548,0.037879765033721924,0.01311883982270956,-0.07991005480289459
-0.012275499291718006,0.07115251570940018,0.02260640449821949,0.08054683357477188,0.03418217971920967,0.040016259998083115,0.06020243465900421,0.01816093921661377,0.07755371183156967,-0.027559909969568253,-0.038512714207172394,-0.03210587054491043,0.005563394632190466,0.008627178147435188,-0.018702900037169456,-0.0016680663684383035,0.0033875589724630117,0.01200850959867239,0.01989680528640747,-0.07148797065019608
-0.012275499291718006,0.07115251570940018,0.02260640449821949,0.08054683357477188,0.03418217971920967,0.040016259998083115,0.06020243465900421,0.01816093921661377,0.07755371183156967,-0.027559909969568253,-0.038512714207172394,-0.03210587054491043,0.005563394632190466,0.008627178147435188,-0.018702900037169456,-0.0016680663684383035,0.0033875589724630117,0.01200850959867239,0.01989680528640747,-0.07148797065019608
0.04346945509314537,0.0433066189289093,0.03177724406123161,0.0017617085250094533,0.021934978663921356,0.06761335581541061,-1.1339830962242559e-05,-0.045616064220666885,0.005166236311197281,0.019916899502277374,-0.05609853193163872,-0.031941257417201996,0.05152289941906929,-0.053507253527641296,0.024517150595784187,0.0709543451666832,-0.030646368861198425,-0.05725403130054474,-0.034011583775281906,-0.05468134582042694
0.04346945509314537,0.0433066189289093,0.03177724406123161,0.0017617085250094533,0.021934978663921356,0.06761335581541061,-1.1339830962242559e-05,-0.045616064220666885,0.005166236311197281,0.019916899502277374,-0.05609853193163872,-0.031941257417201996,0.05152289941906929,-0.053507253527641296,0.024517150595784187,0.0709543451666832,-0.030646368861198425,-0.05725403130054474,-0.034011583775281906,-0.05468134582042694
0.04346945509314537,0.0433066189289093,0.03177724406123161,0.0017617085250094533,0.021934978663921356,0.06761335581541061,-1.1339830962242559e-05,-0.045616064220666885,0.005166236311197281,0.019916899502277374,-0.05609853193163872,-0.031941257417201996,0.05152289941906929,-0.053507253527641296,0.024517150595784187,0.0709543451666832,-0.030646368861198425,-0.05725403130054474,-0.034011583775281906,-0.05468134582042694
-0.03287862241268158,-0.02748093008995056,-0.022374415770173073,-0.021924858912825584,0.06317880749702454,0.07399395108222961,0.009361667558550835,0.06335503607988358,0.07934584468603134,-0.0445980504155159,-0.07500531524419785,-0.07258637994527817,0.024778740480542183,0.06038215756416321,0.055681124329566956,0.01525096781551838,-0.014625714160501957,-0.00927555188536644,-0.03931018337607384,0.0492284931242466
-0.07304917275905609,0.00857719499617815,-0.01156659983098507,0.0651368647813797,0.0705876350402832,0.06642337888479233,-0.04826171323657036,0.0262759942561388,0.08770562708377838,0.008687859401106834,0.009592755697667599,-0.07718264311552048,0.03442244976758957,-0.05437662452459335,0.022010205313563347,0.05788853392004967,0.024447815492749214,-0.018122753128409386,0.07087747752666473,0.04908037558197975
-0.0054365782998502254,0.0018960234010592103,-0.05713294818997383,-0.034744247794151306,0.004143167287111282,0.08175761997699738,-0.052346959710121155,0.011407723650336266,0.045814841985702515,0.030646031722426414,-0.043639715760946274,-0.05229659751057625,0.027580322697758675,0.018136179074645042,-0.06073394790291786,0.016644187271595,-0.06420276314020157,-0.0016256456729024649,0.03161237761378288,0.003499124199151993
-0.03585214167833328,0.012708722613751888,-0.006762046832591295,-0.016586553305387497,-0.0061036329716444016,0.03650585934519768,0.03932487964630127,0.005133817903697491,0.0589301772415638,-0.015246518887579441,-0.061647795140743256,-0.07214105874300003,0.014412752352654934,0.04010770469903946,0.004481268115341663,0.05695075914263725,0.03562764823436737,0.004632065072655678,-0.01937953196465969,0.0013866835506632924
-0.013801959343254566,0.046470027416944504,0.015013158321380615,-0.00043831326183862984,-0.04495245963335037,-0.008448692038655281,0.07102791219949722,-0.010023760609328747,0.07158033549785614,0.05744905024766922,-0.02547910436987877,0.039238277822732925,0.03991226851940155,0.03912847116589546,-0.013348069973289967,-0.005132043268531561,0.06804412603378296,-0.06750746071338654,0.06446190923452377,-0.015350508503615856
-0.017061693593859673,-0.017578447237610817,0.06750404089689255,-0.03812132775783539,0.06433861702680588,0.03476053476333618,0.0429411418735981,0.03729956969618797,0.034778304398059845,-0.03019900433719158,-0.07849535346031189,-0.0798938050866127,0.0016894969157874584,0.06529046595096588,0.018344316631555557,0.06184130907058716,0.007681397255510092,-0.036359336227178574,0.010200206190347672,0.016517290845513344
0.019195320084691048,0.04278389737010002,-0.011342090554535389,0.09145359694957733,-0.054567091166973114,0.006322387605905533,-0.015126402489840984,0.039780858904123306,0.04765857011079788,-0.057742148637771606,8.808658458292484e-05,-0.05956422910094261,-0.04472994804382324,0.0020129557233303785,-0.052441902458667755,-0.026814723387360573,-0.015118244104087353,0.05857907980680466,-0.03865053877234459,-0.030706796795129776
0.02553846687078476,-0.060835834592580795,0.028362516313791275,0.0827060118317604,0.05280759185552597,-0.04163103178143501,0.06769221276044846,0.027883894741535187,0.04444306343793869,-0.004119494464248419,-0.0866691917181015,-0.06755055487155914,-0.020096896216273308,0.03906507417559624,-0.007194716017693281,0.009497356601059437,0.036898814141750336,-0.06183016300201416,0.045752979815006256,-0.05932217463850975
0.013037210330367088,0.03703908994793892,-0.013637042604386806,0.0653417706489563,0.06348010152578354,-0.009590422734618187,0.00456593232229352,0.08481933921575546,0.028439652174711227,0.05305350199341774,0.01854202337563038,-0.014089077711105347,-0.058836840093135834,0.03029460646212101,0.004898720420897007,-0.024995626881718636,0.018552584573626518,-0.08648835867643356,0.009366591461002827,-0.0734189823269844
0.019195320084691048,0.04278389737010002,-0.011342090554535389,0.09145359694957733,-0.054567091166973114,0.006322387605905533,-0.015126402489840984,0.039780858904123306,0.04765857011079788,-0.057742148637771606,8.808658458292484e-05,-0.05956422910094261,-0.04472994804382324,0.0020129557233303785,-0.052441902458667755,-0.026814723387360573,-0.015118244104087353,0.05857907980680466,-0.03865053877234459,-0.030706796795129776
0.019195320084691048,0.04278389737010002,-0.011342090554535389,0.09145359694957733,-0.054567091166973114,0.006322387605905533,-0.015126402489840984,0.039780858904123306,0.04765857011079788,-0.057742148637771606,8.808658458292484e-05,-0.05956422910094261,-0.04472994804382324,0.0020129557233303785,-0.052441902458667755,-0.026814723387360573,-0.015118244104087353,0.05857907980680466,-0.03865053877234459,-0.030706796795129776
0.019195320084691048,0.04278389737010002,-0.011342090554535389,0.09145359694957733,-0.054567091166973114,0.006322387605905533,-0.015126402489840984,0.039780858904123306,0.04765857011079788,-0.057742148637771606,8.808658458292484e-05,-0.05956422910094261,-0.04472994804382324,0.0020129557233303785,-0.052441902458667755,-0.026814723387360573,-0.015118244104087353,0.05857907980680466,-0.03865053877234459,-0.030706796795129776
0.019195320084691048,0.04278389737010002,-0.011342090554535389,0.09145359694957733,-0.054567091166973114,0.006322387605905533,-0.015126402489840984,0.039780858904123306,0.04765857011079788,-0.057742148637771606,8.808658458292484e-05,-0.05956422910094261,-0.04472994804382324,0.0020129557233303785,-0.052441902458667755,-0.026814723387360573,-0.015118244104087353,0.05857907980680466,-0.03865053877234459,-0.030706796795129776
0.019195320084691048,0.04278389737010002,-0.011342090554535389,0.09145359694957733,-0.054567091166973114,0.006322387605905533,-0.015126402489840984,0.039780858904123306,0.04765857011079788,-0.057742148637771606,8.808658458292484e-05,-0.05956422910094261,-0.04472994804382324,0.0020129557233303785,-0.052441902458667755,-0.026814723387360573,-0.015118244104087353,0.05857907980680466,-0.03865053877234459,-0.030706796795129776
0.03906412795186043,-0.01897781901061535,0.08112441748380661,-0.057399727404117584,-0.007624303922057152,0.012723400257527828,-0.0014249994419515133,-0.03136621415615082,0.05164768919348717,-0.023732265457510948,0.010946931317448616,0.03186633810400963,0.02827216126024723,0.07839101552963257,-0.058587055653333664,0.08045906573534012,0.04638766497373581,-0.057664740830659866,0.07181648164987564,-0.04158174246549606
-0.06145935133099556,-0.04246658831834793,0.06345465034246445,-0.0075364867225289345,-0.0582999587059021,-0.011862669140100479,-0.010818549431860447,0.01744830049574375,0.10050655156373978,0.0228656567633152,0.008677991107106209,-0.049821045249700546,0.011324852705001831,0.07390132546424866,-0.004170142114162445,-0.005015115719288588,0.06828481703996658,-0.08222072571516037,0.06641430407762527,-0.000286423834040761
-0.06145935133099556,-0.04246658831834793,0.06345465034246445,-0.0075364867225289345,-0.0582999587059021,-0.011862669140100479,-0.010818549431860447,0.01744830049574375,0.10050655156373978,0.0228656567633152,0.008677991107106209,-0.049821045249700546,0.011324852705001831,0.07390132546424866,-0.004170142114162445,-0.005015115719288588,0.06828481703996658,-0.08222072571516037,0.06641430407762527,-0.000286423834040761
-0.09573110193014145,-0.0472271591424942,-0.021600989624857903,0.03552699461579323,0.05870356783270836,-0.024174634367227554,0.03605923056602478,-0.0281585194170475,0.10168454051017761,0.03270123153924942,0.03248709812760353,0.0017489413730800152,0.06773354113101959,-0.012803377583622932,-0.0028922671917825937,0.021225135773420334,-0.04457525163888931,0.02890688180923462,0.04186718165874481,0.0006378939724527299
-0.09573110193014145,-0.0472271591424942,-0.021600989624857903,0.03552699461579323,0.05870356783270836,-0.024174634367227554,0.03605923056602478,-0.0281585194170475,0.10168454051017761,0.03270123153924942,0.03248709812760353,0.0017489413730800152,0.06773354113101959,-0.012803377583622932,-0.0028922671917825937,0.021225135773420334,-0.04457525163888931,0.02890688180923462,0.04186718165874481,0.0006378939724527299
-0.09573110193014145,-0.0472271591424942,-0.021600989624857903,0.03552699461579323,0.05870356783270836,-0.024174634367227554,0.03605923056602478,-0.0281585194170475,0.10168454051017761,0.03270123153924942,0.03248709812760353,0.0017489413730800152,0.06773354113101959,-0.012803377583622932,-0.0028922671917825937,0.021225135773420334,-0.04457525163888931,0.02890688180923462,0.04186718165874481,0.0006378939724527299
-0.09573110193014145,-0.0472271591424942,-0.021600989624857903,0.03552699461579323,0.05870356783270836,-0.024174634367227554,0.03605923056602478,-0.0281585194170475,0.10168454051017761,0.03270123153924942,0.03248709812760353,0.0017489413730800152,0.06773354113101959,-0.012803377583622932,-0.0028922671917825937,0.021225135773420334,-0.04457525163888931,0.02890688180923462,0.04186718165874481,0.0006378939724527299
0.04150306060910225,0.013894789852201939,-0.003204519394785166,-0.007660889066755772,-0.02669835090637207,0.06556582450866699,0.06387893110513687,0.03468847647309303,0.02702893130481243,-0.009309502318501472,-0.0989561676979065,0.02135135978460312,0.06615452468395233,-0.0018130034441128373,0.04719195142388344,-0.047586772590875626,-0.018573829904198647,-0.01150838565081358,0.07581550627946854,0.00877956859767437
-0.08949149399995804,0.036303140223026276,-0.0007219255203381181,-0.007815583609044552,0.0265620406717062,-0.03789634630084038,0.04626235365867615,-0.010565981268882751,-0.030280543491244316,0.03763672709465027,-0.07807130366563797,-0.06830976903438568,-0.032124120742082596,0.06119544059038162,0.03944931924343109,0.01893828622996807,-0.03963979333639145,-0.023927785456180573,-0.020077774301171303,-0.07418951392173767
-0.08949149399995804,0.036303140223026276,-0.0007219255203381181,-0.007815583609044552,0.0265620406717062,-0.03789634630084038,0.04626235365867615,-0.010565981268882751,-0.030280543491244316,0.03763672709465027,-0.07807130366563797,-0.06830976903438568,-0.032124120742082596,0.06119544059038162,0.03944931924343109,0.01893828622996807,-0.03963979333639145,-0.023927785456180573,-0.020077774301171303,-0.07418951392173767
-0.09573110193014145,-0.0472271591424942,-0.021600989624857903,0.03552699461579323,0.05870356783270836,-0.024174634367227554,0.03605923056602478,-0.0281585194170475,0.10168454051017761,0.03270123153924942,0.03248709812760353,0.0017489413730800152,0.06773354113101959,-0.012803377583622932,-0.0028922671917825937,0.021225135773420334,-0.04457525163888931,0.02890688180923462,0.04186718165874481,0.0006378939724527299
-0.015307080931961536,0.050000861287117004,0.05870895832777023,-0.025026002898812294,-0.041293688118457794,-0.019513584673404694,0.0060184006579220295,0.05916120484471321,0.08373016864061356,0.060894619673490524,-0.07034581154584885,0.04342811554670334,0.048033785074949265,0.04687221720814705,-0.020687201991677284,0.014197945594787598,0.01576223038136959,-0.07689030468463898,0.014522215351462364,0.001901482348330319
-0.028400346636772156,0.03516668453812599,-0.02459511160850525,-0.007352588232606649,-0.026273462921380997,0.0711684301495552,0.032278966158628464,0.015005289576947689,0.04182906076312065,0.05709876865148544,-0.0626898854970932,-0.043549519032239914,0.06994615495204926,0.02798394113779068,-0.022469136863946915,0.0697297751903534,0.059329647570848465,-0.06996765732765198,0.02943585067987442,0.019890550523996353
0.0050294180400669575,-0.06735032796859741,0.005705440882593393,0.012398227117955685,-0.0036380314268171787,-0.039296481758356094,-0.023365197703242302,0.024835051968693733,0.012445199303328991,-0.05686131864786148,-0.038292497396469116,-0.02379184029996395,-0.017357269302010536,-0.04728702828288078,0.021711844950914383,0.03198358416557312,-0.04050282761454582,-0.06871816515922546,0.07084415853023529,-0.0665631964802742
-0.028400346636772156,0.03516668453812599,-0.02459511160850525,-0.007352588232606649,-0.026273462921380997,0.0711684301495552,0.032278966158628464,0.015005289576947689,0.04182906076312065,0.05709876865148544,-0.0626898854970932,-0.043549519032239914,0.06994615495204926,0.02798394113779068,-0.022469136863946915,0.0697297751903534,0.059329647570848465,-0.06996765732765198,0.02943585067987442,0.019890550523996353
0.021141711622476578,0.06574691087007523,-0.028691615909337997,0.018483193591237068,0.009853897616267204,-0.006387350615113974,-0.04432087764143944,0.04444010555744171,0.08579592406749725,0.044513825327157974,-0.009830418974161148,-0.006998940370976925,-0.013466637581586838,0.059386417269706726,-0.052446987479925156,-0.013781045563519001,-0.05243181064724922,0.0022025401704013348,-0.047960471361875534,0.028101380914449692
-0.08606761693954468,-0.007040521129965782,0.021533040329813957,-0.04508047550916672,0.0745452344417572,0.03659072518348694,0.06736981868743896,-0.038207102566957474,-0.011398780159652233,0.06262988597154617,0.01619475707411766,0.02497446909546852,0.05034398287534714,0.06278685480356216,0.016826940700411797,-0.031442791223526,0.006637546233832836,-0.0066103762947022915,0.08351834863424301,0.0004482616495806724
-0.08354710787534714,-0.055820051580667496,0.08270283788442612,-0.044879037886857986,0.009408507496118546,0.06027371063828468,0.058049511164426804,-0.022904112935066223,0.08179863542318344,-0.007788608781993389,-0.09873628616333008,0.016647255048155785,-0.03546829894185066,-0.05443871021270752,0.014620744623243809,0.04577097296714783,0.056893885135650635,-0.026968752965331078,-0.04633389413356781,0.018898222595453262
-0.011513766832649708,0.029024366289377213,0.020871615037322044,0.08456148952245712,0.0029905634000897408,0.07475621998310089,-0.019635861739516258,-0.015662577003240585,0.08427336066961288,0.031185969710350037,0.0013987455749884248,0.04123745113611221,0.0743682011961937,0.013322926126420498,0.05106804892420769,-0.009811797179281712,-0.06665915995836258,-0.019581571221351624,-0.03860520198941231,-0.07544603198766708
-0.01646960712969303,-0.025064386427402496,0.05515511706471443,0.011239230632781982,-0.06646399945020676,0.07364045083522797,0.02550371363759041,0.03714423626661301,-0.027465540915727615,0.06988029927015305,0.015673892572522163,-0.0315944142639637,0.05068058520555496,0.020407550036907196,0.0668877512216568,0.05025390163064003,-0.04246950149536133,0.054931558668613434,-0.04564633592963219,-0.05238969624042511
-0.011513766832649708,0.029024366289377213,0.020871615037322044,0.08456148952245712,0.0029905634000897408,0.07475621998310089,-0.019635861739516258,-0.015662577003240585,0.08427336066961288,0.031185969710350037,0.0013987455749884248,0.04123745113611221,0.0743682011961937,0.013322926126420498,0.05106804892420769,-0.009811797179281712,-0.06665915995836258,-0.019581571221351624,-0.03860520198941231,-0.07544603198766708
-0.011513766832649708,0.029024366289377213,0.020871615037322044,0.08456148952245712,0.0029905634000897408,0.07475621998310089,-0.019635861739516258,-0.015662577003240585,0.08427336066961288,0.031185969710350037,0.0013987455749884248,0.04123745113611221,0.0743682011961937,0.013322926126420498,0.05106804892420769,-0.009811797179281712,-0.06665915995836258,-0.019581571221351624,-0.03860520198941231,-0.07544603198766708
-0.011513766832649708,0.029024366289377213,0.020871615037322044,0.08456148952245712,0.0029905634000897408,0.07475621998310089,-0.019635861739516258,-0.015662577003240585,0.08427336066961288,0.031185969710350037,0.0013987455749884248,0.04123745113611221,0.0743682011961937,0.013322926126420498,0.05106804892420769,-0.009811797179281712,-0.06665915995836258,-0.019581571221351624,-0.03860520198941231,-0.07544603198766708
-0.01557126548141241,0.007410994730889797,0.060409944504499435,0.0010210782056674361,0.0767889991402626,0.018906353041529655,-0.0069643789902329445,0.027246784418821335,0.021737609058618546,0.05314420163631439,-0.07436191290616989,-0.045464348047971725,0.03138330206274986,0.06179794669151306,-0.0389888733625412,-0.027903441339731216,0.03420453146100044,-0.017952606081962585,0.05875391885638237,-0.04540352150797844
-0.10418673604726791,-0.04768335074186325,0.057964712381362915,0.049100179225206375,-0.057203687727451324,0.07345913350582123,-0.005481171887367964,-0.030680818483233452,-0.020204441621899605,0.0031382108572870493,0.00194535031914711,-0.020488383248448372,0.04678110033273697,0.04683414474129677,0.027101648971438408,0.08173322677612305,0.02263711206614971,0.030387571081519127,0.0002487273304723203,-0.03100588731467724
-0.10418673604726791,-0.04768335074186325,0.057964712381362915,0.049100179225206375,-0.057203687727451324,0.07345913350582123,-0.005481171887367964,-0.030680818483233452,-0.020204441621899605,0.0031382108572870493,0.00194535031914711,-0.020488383248448372,0.04678110033273697,0.04683414474129677,0.027101648971438408,0.08173322677612305,0.02263711206614971,0.030387571081519127,0.0002487273304723203,-0.03100588731467724
-0.06742068380117416,-0.05920562520623207,0.05858675390481949,0.07716699689626694,-0.0532275065779686,0.013002893887460232,-0.020634397864341736,-0.04705978184938431,0.08693792670965195,-0.024180522188544273,-0.03594956919550896,-0.07858280092477798,-0.003057872410863638,-0.017684312537312508,-0.015222934074699879,0.06129073351621628,-0.010952304117381573,-0.04058239236474037,-0.025148645043373108,-0.015388350002467632
-0.03846427798271179,-0.04818090423941612,0.08546040207147598,0.06668700277805328,-0.008344065397977829,0.013396652415394783,-0.006309810094535351,-0.01817520521581173,0.047752220183610916,-0.024713847786188126,0.012839153409004211,0.025486033409833908,0.08181208372116089,0.03463234752416611,0.019767221063375473,0.051865559071302414,-0.012125442735850811,0.03926588594913483,-0.02195221185684204,0.0028704253491014242
-0.018007434904575348,0.032998304814100266,-0.0393935851752758,0.047061987221241,-0.05573686957359314,0.011652792803943157,-0.02858685329556465,0.07400526106357574,0.018785512074828148,0.039489638060331345,-0.04577197879552841,0.03375522047281265,0.037848398089408875,-0.06374404579401016,0.014477868564426899,0.06469646096229553,0.03700227290391922,-0.023792767897248268,0.03976468741893768,-0.0033247859682887793
-0.09333133697509766,0.05711962655186653,-0.036578401923179626,0.0503343902528286,0.016826091334223747,-0.021668704226613045,-0.02365172654390335,-0.03261881694197655,0.09526780247688293,-0.05426850914955139,-0.1058254987001419,-0.04526258632540703,-0.01690957322716713,-0.05975165590643883,-0.017646169289946556,-0.012342292815446854,0.060611456632614136,-0.08923429995775223,0.010211898945271969,-0.06947152316570282
-0.044921472668647766,0.050892941653728485,0.05665034428238869,-0.03858625143766403,0.07616658508777618,-0.016414480283856392,-0.06133052334189415,-0.008197900839149952,-0.005407095421105623,-0.054183732718229294,-0.020777501165866852,-0.00013244345609564334,0.017983872443437576,-0.013328040018677711,-0.028750941157341003,-0.011421178467571735,0.011976481415331364,-0.07896167039871216,0.008634406141936779,-0.037977248430252075
-0.058029137551784515,0.014413735829293728,-0.0050904834643006325,-0.02566862851381302,-0.022709276527166367,-0.008536698296666145,0.06373129785060883,0.07212566584348679,0.02099943533539772,0.03117663785815239,-0.06170520558953285,-0.0022288155741989613,-0.03446061164140701,0.06575068831443787,-0.032283078879117966,-0.036324068903923035,-0.04290575906634331,-0.05943402275443077,-0.035202473402023315,0.004167112987488508
-0.044921472668647766,0.050892941653728485,0.05665034428238869,-0.03858625143766403,0.07616658508777618,-0.016414480283856392,-0.06133052334189415,-0.008197900839149952,-0.005407095421105623,-0.054183732718229294,-0.020777501165866852,-0.00013244345609564334,0.017983872443437576,-0.013328040018677711,-0.028750941157341003,-0.011421178467571735,0.011976481415331364,-0.07896167039871216,0.008634406141936779,-0.037977248430252075
0.03972815349698067,0.0417298898100853,0.06470990926027298,0.03182137757539749,0.0753517672419548,0.0546734593808651,0.020726704970002174,-0.052226707339286804,0.09318966418504715,0.059455376118421555,-0.06661684811115265,-0.019041812047362328,-0.04037873074412346,-0.055695995688438416,0.06879890710115433,0.09002870321273804,-0.002828184049576521,0.03797248750925064,-0.0004705446190200746,-0.008087966591119766
-0.08226818591356277,-0.04913942515850067,0.028028598055243492,0.08023818582296371,0.041555698961019516,0.03820549324154854,0.03346090391278267,-0.00161831546574831,0.02293619140982628,0.03358661010861397,0.02250722423195839,-0.07417108863592148,-0.05293923243880272,0.03347008302807808,-0.034878648817539215,0.02267298474907875,-0.01529270876199007,0.046768270432949066,0.07527974247932434,-0.035550523549318314
-0.10663880407810211,-0.05314531922340393,0.06784354150295258,-0.004720450844615698,0.0065075708553195,-0.03581252321600914,0.006261815316975117,0.010658669285476208,-0.01079835556447506,0.04766976833343506,-0.09141648560762405,0.020309865474700928,-0.03137076273560524,-0.016244681552052498,-0.011234438046813011,0.0051161861047148705,0.009785720147192478,-0.02486068196594715,-0.00029385427478700876,-0.038891151547431946
-0.062146443873643875,-0.012365385890007019,0.03275106102228165,-0.04516419395804405,-0.021635752171278,0.04808536171913147,0.0034750306513160467,0.026908529922366142,0.05148836970329285,-0.06339475512504578,0.018513429909944534,0.007422470021992922,-0.021182244643568993,0.02590969018638134,-0.04784240946173668,-0.03451990336179733,0.036230698227882385,-0.0019735011737793684,0.07110229879617691,-0.03130899742245674
-0.028895225375890732,0.056879132986068726,0.03157639130949974,0.035824451595544815,0.05417316406965256,-0.019592607393860817,-0.03684510290622711,-0.014789857901632786,0.08467023819684982,-0.05283471196889877,-0.07747133076190948,-0.0647231712937355,-0.019899362698197365,0.037534069269895554,0.024145180359482765,0.04100651293992996,0.014765925705432892,-0.07000315934419632,0.028638973832130432,0.03652256727218628
-0.08528275787830353,-0.02977847494184971,0.04420480132102966,0.07641888409852982,0.06820477545261383,0.0636717826128006,0.05871688574552536,0.05810832604765892,0.015016141347587109,0.03269249573349953,0.0380764901638031,0.04759529232978821,0.03069271333515644,0.004579747561365366,-0.022802678868174553,0.09175048768520355,0.06996145099401474,-0.05366479232907295,0.020626474171876907,0.019269393756985664
0.029272131621837616,0.040026552975177765,0.06059419363737106,-0.015406215563416481,-0.06350506097078323,-0.008194745518267155,0.029470060020685196,0.05027145892381668,0.032189540565013885,-0.043881408870220184,0.011612925678491592,-0.0248949583619833,0.04908772185444832,-0.015530112199485302,-0.004911981523036957,-0.016746077686548233,-0.002479509450495243,-0.027448121458292007,0.0704856663942337,0.017853621393442154
-0.06467173993587494,-0.04554761201143265,0.03086976706981659,0.020937951281666756,-0.030070727691054344,0.03714501112699509,-0.03581368550658226,0.05040803551673889,-0.01334938034415245,0.02981780655682087,0.005342070944607258,-0.023044057190418243,0.02730843983590603,-0.053202446550130844,-0.02992621436715126,-0.04751787707209587,-0.045320309698581696,-0.028757646679878235,0.08380924165248871,0.02097941003739834
-0.06467173993587494,-0.04554761201143265,0.03086976706981659,0.020937951281666756,-0.030070727691054344,0.03714501112699509,-0.03581368550658226,0.05040803551673889,-0.01334938034415245,0.02981780655682087,0.005342070944607258,-0.023044057190418243,0.02730843983590603,-0.053202446550130844,-0.02992621436715126,-0.04751787707209587,-0.045320309698581696,-0.028757646679878235,0.08380924165248871,0.02097941003739834
-0.010458603501319885,0.07001177221536636,0.03434952348470688,-0.012822628021240234,0.07084529846906662,0.07241213321685791,-0.04139038547873497,-0.05359949544072151,0.013041753321886063,-0.020243054255843163,-0.0333174504339695,-0.04371039196848869,-0.06387704610824585,0.07341022044420242,-0.006382332183420658,-0.004977394361048937,0.05567453056573868,-0.024466587230563164,-0.0300288163125515,0.017889682203531265
0.014237957075238228,0.042321812361478806,0.041833262890577316,0.06409410387277603,0.07580557465553284,0.0660286545753479,-0.0017430564621463418,0.06256164610385895,-0.022166341543197632,0.010031845420598984,-0.019809013232588768,0.01737663708627224,0.00949104130268097,-0.04363735020160675,-0.026816770434379578,0.036613959819078445,0.032243527472019196,0.04882952943444252,0.08507708460092545,-0.04674119874835014
-0.07380601018667221,-0.0063319457694888115,0.06841472536325455,-0.016957122832536697,-0.02303648367524147,0.01851806789636612,0.019019046798348427,0.0062574660405516624,0.0013965730322524905,-0.019528379663825035,-0.010055596008896828,0.042031239718198776,0.042625557631254196,-0.01454685814678669,-0.05131755769252777,0.08038026839494705,-0.0029131988994777203,0.026548419147729874,0.003130402183160186,0.020025556907057762
0.0024066688492894173,0.04791275039315224,0.08604434132575989,0.03989119827747345,-0.019309865310788155,-0.02856222540140152,0.06098848208785057,0.008040460757911205,0.10587524622678757,0.02395341731607914,-0.0870371162891388,-0.07618153095245361,-0.031404994428157806,-0.038096681237220764,0.03029593825340271,0.012511437758803368,-0.024702852591872215,-0.07087041437625885,0.014867372810840607,0.0424906350672245
0.0024066688492894173,0.04791275039315224,0.08604434132575989,0.03989119827747345,-0.019309865310788155,-0.02856222540140152,0.06098848208785057,0.008040460757911205,0.10587524622678757,0.02395341731607914,-0.0870371162891388,-0.07618153095245361,-0.031404994428157806,-0.038096681237220764,0.03029593825340271,0.012511437758803368,-0.024702852591872215,-0.07087041437625885,0.014867372810840607,0.0424906350672245
-0.04099028557538986,0.05019180104136467,-0.051681164652109146,-0.034386198967695236,0.05603819340467453,-0.02635137178003788,0.018542377278208733,0.07591795921325684,0.09098540246486664,0.016950858756899834,-0.09599567949771881,-0.06989815831184387,0.053279511630535126,0.07860444486141205,-0.037443868815898895,0.09391935914754868,0.046349912881851196,-0.05073285475373268,0.03295973688364029,0.024951348081231117
-0.02240201085805893,0.016558418050408363,0.055442679673433304,-0.03430905193090439,-0.005528716836124659,0.01387743465602398,0.06244710460305214,-0.029537050053477287,0.028479646891355515,-0.034058235585689545,-0.002324355999007821,-0.035968128591775894,0.04226807504892349,0.03345315903425217,0.037456560879945755,0.016508212313055992,0.06022408977150917,0.04098192974925041,0.0500214621424675,-0.04169993847608566
0.0252407006919384,-0.019690223038196564,-0.018066877499222755,0.00678893830627203,0.04982104152441025,-0.011629508808255196,0.022685682401061058,0.03935994207859039,0.09050578624010086,-0.06922087073326111,0.013797652907669544,-0.05329015478491783,-0.04706108197569847,-0.04109719768166542,-0.05475837364792824,-0.03424794599413872,-0.051185138523578644,-0.014558526687324047,0.024675091728568077,-0.08264228701591492
-0.011978871189057827,0.03230660781264305,-0.048838548362255096,0.07098761945962906,-0.0047330171801149845,-0.011680696159601212,-0.016176661476492882,0.06286044418811798,0.0772542953491211,-0.042865581810474396,0.008656642399728298,0.045232683420181274,-0.03390591964125633,0.06380036473274231,0.055146753787994385,-0.0010343501344323158,-0.029390908777713776,0.017960507422685623,0.08102437853813171,-0.06681142747402191
-0.022778354585170746,0.008212849497795105,0.00124869286082685,0.034870024770498276,0.06588815152645111,0.045666854828596115,-0.05770232900977135,0.004234368912875652,0.0035690481308847666,0.06158459931612015,-0.057622674852609634,-0.07465243339538574,0.02702297456562519,0.07380308210849762,-0.020991958677768707,0.06798487901687622,-0.07150870561599731,0.027118951082229614,-0.03918032348155975,-0.07168756425380707
-0.015178017318248749,-0.047647230327129364,-0.027602173388004303,0.08871129155158997,-0.02120240218937397,-0.029427897185087204,-0.023045534268021584,-0.06423681229352951,0.09180276840925217,0.07020016014575958,0.009157698601484299,0.039291396737098694,0.05872374773025513,-0.018084920942783356,0.0505879782140255,0.02790801413357258,0.014628053642809391,0.0070475186221301556,0.02362162061035633,-0.000378982862457633
-0.04661250486969948,-0.036673177033662796,-0.014833199791610241,0.06344762444496155,-0.01500189770013094,-0.04113287851214409,-0.030516862869262695,0.05559610202908516,0.023526767268776894,0.06854802370071411,-0.07442662119865417,0.0020439380314201117,-0.03897592052817345,-0.04277960583567619,0.06429871916770935,-0.04440322145819664,-0.07005676627159119,0.05608098953962326,0.034795716404914856,-0.03533308207988739
-0.022310562431812286,0.042089130729436874,0.04487786814570427,0.07019393146038055,0.008767523802816868,0.04424043744802475,0.01489835325628519,-0.05649065226316452,-0.003026796504855156,0.015621754340827465,-0.06064116209745407,-0.07062860578298569,0.005194826051592827,0.07001803815364838,0.026501618325710297,0.07921325415372849,0.01130975503474474,0.01029884535819292,0.021121669560670853,0.04403531551361084
-0.08528419584035873,0.01672486402094364,0.048088084906339645,0.007631135638803244,0.025482166558504105,-0.05474253371357918,0.04158749431371689,0.04268079623579979,0.10645196586847305,-0.03644649311900139,-0.0896732434630394,0.05603187531232834,0.014090550132095814,0.006670309230685234,-0.06216166168451309,0.021446241065859795,-0.0463561974465847,-0.059547219425439835,0.06830650568008423,0.02808208577334881
-0.022778354585170746,0.008212849497795105,0.00124869286082685,0.034870024770498276,0.06588815152645111,0.045666854828596115,-0.05770232900977135,0.004234368912875652,0.0035690481308847666,0.06158459931612015,-0.057622674852609634,-0.07465243339538574,0.02702297456562519,0.07380308210849762,-0.020991958677768707,0.06798487901687622,-0.07150870561599731,0.027118951082229614,-0.03918032348155975,-0.07168756425380707
-0.022778354585170746,0.008212849497795105,0.00124869286082685,0.034870024770498276,0.06588815152645111,0.045666854828596115,-0.05770232900977135,0.004234368912875652,0.0035690481308847666,0.06158459931612015,-0.057622674852609634,-0.07465243339538574,0.02702297456562519,0.07380308210849762,-0.020991958677768707,0.06798487901687622,-0.07150870561599731,0.027118951082229614,-0.03918032348155975,-0.07168756425380707
0.02011437900364399,-0.02968808449804783,-0.04671461135149002,-0.028474779799580574,0.0055170925334095955,-0.035066623240709305,0.036092162132263184,0.014524344354867935,0.020867392420768738,-0.056408029049634933,-0.023338237777352333,0.03482682630419731,-0.0029535035137087107,0.07402316480875015,-0.029447469860315323,0.04811955243349075,0.002472839318215847,-0.022860215976834297,0.0673302635550499,-0.07652239501476288
0.006408895365893841,0.03611786291003227,-0.040241967886686325,0.028484784066677094,0.0156044727191329,-0.053757112473249435,-0.00487809581682086,-0.006288281641900539,3.7526369851548225e-06,0.05111857131123543,-0.009794785641133785,0.022750090807676315,0.05632348731160164,0.03513947129249573,0.03884147107601166,-0.009629687294363976,0.017713114619255066,0.04582468792796135,-0.005716631654649973,-0.049144793301820755
0.006408895365893841,0.03611786291003227,-0.040241967886686325,0.028484784066677094,0.0156044727191329,-0.053757112473249435,-0.00487809581682086,-0.006288281641900539,3.7526369851548225e-06,0.05111857131123543,-0.009794785641133785,0.022750090807676315,0.05632348731160164,0.03513947129249573,0.03884147107601166,-0.009629687294363976,0.017713114619255066,0.04582468792796135,-0.005716631654649973,-0.049144793301820755
-0.001954770414158702,-0.02085132896900177,-0.02189650572836399,0.06233115494251251,-0.022150123491883278,0.08485511690378189,-0.01612137071788311,-0.031102504581212997,0.01803472451865673,-0.02687007188796997,-0.017974473536014557,-0.03906374052166939,-0.0070441183634102345,0.007298819720745087,0.012995312921702862,-0.00878374557942152,-0.015254827216267586,-0.05390968546271324,0.0707421824336052,-0.08337224274873734
-0.04193668067455292,-0.06677752733230591,-0.012966437265276909,0.0731845274567604,-0.05967095494270325,-0.05538812652230263,0.06486163288354874,0.04632733017206192,0.09735267609357834,-0.04136793315410614,-0.10563205927610397,0.00386920478194952,-0.02965438924729824,0.08035358041524887,0.00916496105492115,0.053815875202417374,-0.07507693022489548,-0.00445686187595129,-0.01878190226852894,-0.08406910300254822
0.02047044225037098,-0.0106500294059515,0.07028216868638992,0.0632450059056282,-0.02666788175702095,-0.015884067863225937,-0.03989916294813156,0.06688804179430008,-0.01179985236376524,0.030496584251523018,-0.08791408687829971,-0.06849487125873566,0.05371963605284691,0.021325575187802315,0.016052570194005966,0.06629648804664612,-0.04776697978377342,-0.0028993054293096066,0.020616943016648293,0.04740137606859207
-0.01054540928453207,-0.05913575738668442,0.07842027395963669,0.04991944506764412,-0.04918649047613144,-0.05804235115647316,-0.021111488342285156,0.06257480382919312,-0.008707965724170208,0.019562849774956703,-0.07464681565761566,-0.06188276782631874,-0.011711888946592808,-0.044428590685129166,0.06053801253437996,-0.0410732664167881,-0.051263995468616486,-0.04190663620829582,-0.04439989849925041,0.04526936635375023
-0.06677378714084625,0.049372173845767975,0.02254665642976761,0.031221585348248482,-0.03518056869506836,0.03800230100750923,-0.02927766554057598,0.07317903637886047,0.0784970074892044,0.05220818147063255,-0.08610105514526367,-0.040663011372089386,-0.05990344658493996,-0.019475720822811127,0.018560031428933144,0.08439821749925613,0.0022716205567121506,0.02411671169102192,-0.002400270663201809,0.030272359028458595
-0.03930797800421715,-0.03914555162191391,0.03402404114603996,-0.029959222301840782,-0.05553458631038666,0.009225401096045971,0.016461394727230072,-0.033126190304756165,0.05731726810336113,0.06182011961936951,0.046911802142858505,0.022077837958931923,0.07100937515497208,0.075197234749794,0.03515727072954178,-0.0068404353223741055,0.00505119189620018,-0.012438149191439152,-0.017707092687487602,0.03130999952554703
0.030819788575172424,0.01713274046778679,0.075705386698246,-0.040108002722263336,-0.05379772186279297,0.06140642985701561,0.05533698946237564,0.0703313946723938,0.07584990561008453,0.05469761788845062,0.03629124164581299,-0.07312178611755371,0.021297892555594444,0.05334201455116272,0.07587210088968277,0.0016675078077241778,0.008945930749177933,-0.016733486205339432,-0.042523715645074844,-0.05149161443114281
0.030819788575172424,0.01713274046778679,0.075705386698246,-0.040108002722263336,-0.05379772186279297,0.06140642985701561,0.05533698946237564,0.0703313946723938,0.07584990561008453,0.05469761788845062,0.03629124164581299,-0.07312178611755371,0.021297892555594444,0.05334201455116272,0.07587210088968277,0.0016675078077241778,0.008945930749177933,-0.016733486205339432,-0.042523715645074844,-0.05149161443114281
-0.03930797800421715,-0.03914555162191391,0.03402404114603996,-0.029959222301840782,-0.05553458631038666,0.009225401096045971,0.016461394727230072,-0.033126190304756165,0.05731726810336113,0.06182011961936951,0.046911802142858505,0.022077837958931923,0.07100937515497208,0.075197234749794,0.03515727072954178,-0.0068404353223741055,0.00505119189620018,-0.012438149191439152,-0.017707092687487602,0.03130999952554703
-0.026694057509303093,0.02228764444589615,-0.003744166111573577,0.035964202135801315,0.049072589725255966,-0.057411011308431625,0.030649570748209953,0.06895594298839569,-0.02840314246714115,0.05262717977166176,0.03514251857995987,0.03145349770784378,0.05606329068541527,-0.012175818905234337,0.06872695684432983,-0.01975855603814125,0.07005273550748825,0.055042658001184464,0.042367108166217804,0.03476864472031593
-0.00538521446287632,0.016944490373134613,-0.056474074721336365,0.024144858121871948,-0.06510495394468307,0.017548495903611183,0.07218671590089798,0.026709655299782753,0.10188531130552292,0.03099854476749897,-0.09633462876081467,0.029798410832881927,-0.030229274183511734,0.007940517738461494,0.057027529925107956,-0.004178783856332302,-0.0048415749333798885,-0.06690575927495956,0.05425816774368286,-0.01928188093006611
-0.00538521446287632,0.016944490373134613,-0.056474074721336365,0.024144858121871948,-0.06510495394468307,0.017548495903611183,0.07218671590089798,0.026709655299782753,0.10188531130552292,0.03099854476749897,-0.09633462876081467,0.029798410832881927,-0.030229274183511734,0.007940517738461494,0.057027529925107956,-0.004178783856332302,-0.0048415749333798885,-0.06690575927495956,0.05425816774368286,-0.01928188093006611
0.029059236869215965,-0.07540100067853928,0.04962417110800743,-0.05299308896064758,0.002035114448517561,0.0396118201315403,0.06586609780788422,-0.028848053887486458,0.05882086977362633,0.010287024080753326,0.039604198187589645,-0.04002891108393669,0.06272007524967194,0.07180677354335785,0.03879043832421303,0.055176571011543274,-0.036939218640327454,0.04400823637843132,-0.05048789456486702,0.010305291973054409
0.032420434057712555,-0.016276836395263672,0.0316445529460907,-0.05389769375324249,-0.04071545973420143,-0.030972594395279884,-0.026889730244874954,-0.04897214472293854,0.06402577459812164,-0.04075091704726219,-0.023062869906425476,0.052822310477495193,-0.005034457426518202,-0.030113516375422478,-0.028824198991060257,-0.03219391778111458,0.06522835046052933,0.007508440874516964,0.03670255094766617,0.015025555156171322
-0.020563382655382156,-0.06420815736055374,0.004960008896887302,0.08406881988048553,0.017407551407814026,-0.040340356528759,-0.04164294898509979,-0.014027471654117107,0.0838150903582573,-0.011835716664791107,0.0037697702646255493,0.008685984648764133,0.01164538599550724,0.011729313060641289,0.03819801285862923,-0.04711388796567917,-0.026300761848688126,0.00669441930949688,0.06542672216892242,0.04069213569164276
-0.03855931758880615,0.028780099004507065,0.07034627348184586,-0.004289818461984396,0.03998935595154762,-0.03348517417907715,-0.011435926891863346,0.043766334652900696,-0.026173977181315422,0.04058628901839256,-0.03344625234603882,-0.05971570312976837,-0.03677159547805786,0.005572348367422819,-0.006669959519058466,0.07381480932235718,-0.06402730196714401,-0.04106771573424339,0.017732325941324234,0.026371126994490623
-0.03571757674217224,-0.06593234091997147,0.07433215528726578,0.07074858248233795,-0.01578378491103649,0.037006065249443054,0.0013592421310022473,0.05361616238951683,0.02289459854364395,0.07313791662454605,-0.06880729645490646,-0.017854224890470505,0.04311274364590645,0.023388894274830818,-0.0005503517459146678,-0.0011375461472198367,-0.048725392669439316,-0.036180369555950165,0.04733828455209732,-0.03865092247724533
-0.02871514856815338,-0.06852622330188751,0.018643377348780632,0.028386857360601425,-0.0651707798242569,0.07003337889909744,-0.006833886262029409,0.041888732463121414,0.06310050189495087,-0.026918886229395866,0.002513572573661804,0.011209533549845219,-0.06094351038336754,0.0805215835571289,-0.032031603157520294,0.0253168772906065,0.06854027509689331,-0.04765542596578598,0.05710039660334587,-0.03370581567287445
-0.015575343742966652,-0.015305801294744015,0.03129846602678299,-0.00911850854754448,0.07065600901842117,0.012464121915400028,0.0036651906557381153,0.07583635300397873,0.10597362369298935,-0.020492922514677048,-0.0751965194940567,-0.001130505814217031,0.05959401652216911,0.01539390068501234,-0.012140590697526932,0.0842876136302948,0.015221131965517998,0.04587171971797943,0.07909081876277924,-0.038563672453165054
-0.06335587799549103,0.0479758083820343,0.02680039405822754,-0.055897582322359085,0.009071649052202702,-0.02371245063841343,0.002566237933933735,0.016770867630839348,-0.014032449573278427,-0.037957221269607544,-0.07351460307836533,-0.07828005403280258,-0.0011743352515622973,0.011759606190025806,0.01069506723433733,0.08679675310850143,-0.011704051867127419,-0.032845549285411835,0.075925812125206,-0.0386439748108387
0.04034564271569252,0.03567570820450783,0.04376625642180443,0.019711192697286606,0.030376408249139786,-0.004229820799082518,0.00201082369312644,0.020006980746984482,0.07597595453262329,0.01618443988263607,-0.05180516466498375,-0.034612275660037994,0.031645823270082474,0.054885320365428925,-0.05989638715982437,0.049037083983421326,-0.06659100204706192,-0.026139110326766968,0.07733619213104248,-0.04754425957798958
0.012846086174249649,-0.04345301538705826,0.0825895220041275,0.06851837038993835,-0.007497658021748066,0.004260582383722067,0.016467008739709854,-0.021773293614387512,0.0652977004647255,0.06379703432321548,0.0026810604613274336,-0.019246023148298264,0.004676773212850094,-0.05473240464925766,0.030466381460428238,0.08884596079587936,0.024349862709641457,-0.07404739409685135,0.07352035492658615,0.018465541303157806
-0.09462849050760269,-0.027737164869904518,0.039198968559503555,-0.03574586659669876,0.06341583281755447,0.03441111370921135,0.07003486901521683,0.0467749647796154,0.058584220707416534,0.06880731880664825,-0.025783484801650047,0.036080047488212585,0.04848005995154381,0.020289698615670204,-0.002958897966891527,0.06490308046340942,0.04135645553469658,-0.040948789566755295,0.048953644931316376,0.019986214116215706
0.0006816950044594705,0.05281361564993858,-0.02133178524672985,-0.008790949359536171,-0.02713216282427311,0.06618843227624893,-0.02720208652317524,-0.007430781610310078,0.01147752720862627,0.06866748631000519,0.011048409156501293,-0.05953028053045273,-0.019236870110034943,-0.008246848359704018,0.01312774233520031,-0.03329448774456978,0.07511197775602341,-0.012962959706783295,-0.0008555050007998943,-0.017608370631933212
-0.051785245537757874,0.042748235166072845,-0.02314572036266327,0.01867898553609848,0.03487261384725571,0.0016714741941541433,-0.0012818005634471774,0.017820822075009346,0.08817540109157562,-0.015527714043855667,0.032941412180662155,-0.06886054575443268,0.06802858412265778,-0.009721296839416027,-0.02809283509850502,0.0824531689286232,-0.054923441261053085,-0.04286738485097885,-0.04178667813539505,-0.020359259098768234
0.010806501843035221,0.042779505252838135,0.06416463851928711,0.05854356288909912,0.0580720491707325,-0.05246018245816231,-0.04414895921945572,0.05373421683907509,0.05259305238723755,0.03819656744599342,-0.09339746832847595,-0.018774067983031273,0.04089154675602913,0.06140662729740143,0.03858871012926102,0.0046150474809110165,-0.06685072183609009,-0.056520894169807434,0.011912045069038868,-0.07269006967544556
-0.09069729596376419,0.007812974974513054,0.04618830233812332,0.07314348965883255,0.025993235409259796,0.06500543653964996,0.01106527540832758,-0.05417340621352196,0.0664408802986145,-0.07148919999599457,-0.03343047574162483,0.05330290272831917,-0.03182094916701317,0.08005216717720032,0.0535786934196949,0.05947671830654144,-0.05347514897584915,-0.0637868270277977,-0.002306608948856592,-0.05233529582619667
-0.04369087517261505,-0.06957602500915527,-0.0438351146876812,-0.04621531814336777,0.03249723091721535,-0.029402876272797585,-0.073007732629776,0.05813055485486984,0.07773726433515549,-0.04806050658226013,-0.028225086629390717,-0.05476822704076767,-0.05220608413219452,-0.04048294201493263,0.014517578296363354,-0.01916343718767166,-0.02237127721309662,-0.010627699084579945,-0.045783791691064835,-0.019083863124251366
-0.08984178304672241,0.005393792409449816,0.07736348360776901,0.08784004300832748,-0.014613162726163864,-0.011903973296284676,-0.06049728766083717,-0.029593447223305702,0.09565501660108566,-0.02665277197957039,-0.1068008542060852,0.00042235234286636114,0.0476347990334034,-0.03979368135333061,0.043415043503046036,0.02250600978732109,0.022257370874285698,-0.005327112972736359,-0.00484577938914299,-0.034500960260629654
-0.09082071483135223,-0.03822143003344536,-0.020230835303664207,0.07384424656629562,-0.03788900002837181,-0.035361506044864655,-0.017672350630164146,-0.049463268369436264,-0.026792846620082855,0.03343147784471512,-0.026186319068074226,0.02893945388495922,0.056945379823446274,-0.051890019327402115,0.010986385866999626,0.051388610154390335,-0.051389072090387344,-0.04277670383453369,0.03800470381975174,-0.05214511603116989
-0.0838523656129837,-0.019999967887997627,0.08192128688097,0.08361854404211044,-0.023674393072724342,0.0633402168750763,-0.04595501348376274,0.05580566078424454,0.04596303775906563,-0.04946358874440193,0.025114139541983604,-0.049388352781534195,-0.002276221988722682,0.06473498046398163,-0.04626832902431488,0.018751805648207664,0.019550379365682602,-0.06729696691036224,0.01305367425084114,-0.04686589911580086
-0.07981019467115402,0.013942068442702293,-0.03595965728163719,-0.042068615555763245,0.024275455623865128,0.002248218050226569,-0.03860880807042122,-0.04357030615210533,0.018578359857201576,0.005964987445622683,-0.011593390256166458,-0.052683837711811066,-0.054358191788196564,0.00036511034704744816,-0.012252802029252052,0.048042941838502884,-0.0038673568051308393,-0.013896165415644646,0.02026146650314331,0.041257068514823914
-0.030546292662620544,-0.005059101153165102,0.05348014831542969,0.040619637817144394,0.025039851665496826,0.05964314937591553,-0.01610194705426693,-0.02176353521645069,0.09155616164207458,0.05501067265868187,0.0013128570280969143,-0.01566951721906662,0.07514380663633347,-0.03476922959089279,-0.04809681698679924,0.004850068595260382,-0.06526577472686768,-0.013129251077771187,-0.04564224183559418,-0.032035864889621735
-0.027533147484064102,-0.060775723308324814,-0.004534670617431402,0.07526884973049164,-0.0013679541880264878,0.044838059693574905,0.05490832030773163,-0.04996908828616142,0.006201255135238171,0.05987962707877159,-0.029584286734461784,0.049459557980298996,0.03216278553009033,-0.0528826005756855,0.04192625731229782,0.015647603198885918,-0.026297345757484436,0.03595768287777901,0.09231910854578018,0.04078083485364914
0.014369034208357334,0.06041290611028671,0.005500355269759893,-0.025911083444952965,0.05969241261482239,0.0157010518014431,0.006258746609091759,0.07404233515262604,-0.027953123673796654,0.03167056664824486,0.0012677876511588693,-0.055073149502277374,0.08080805838108063,-0.039328962564468384,-0.015233506448566914,0.08684634417295456,-0.013044146820902824,-0.06522367149591446,0.005270382855087519,0.03067869320511818
0.012549640610814095,-0.06195610761642456,0.004958726931363344,0.06044995039701462,-0.028243565931916237,0.030189719051122665,-0.044395189732313156,-0.006684646010398865,0.054938774555921555,0.044908687472343445,-0.024508511647582054,0.04616697132587433,0.053154684603214264,-0.020127935335040092,-0.045948151499032974,-0.0058694505132734776,-0.0657934695482254,0.019583243876695633,-0.04787880927324295,0.01674097217619419
-0.0630328580737114,-0.012836598791182041,0.07543432712554932,0.04337937757372856,0.025035331025719643,0.04506087303161621,0.07544276118278503,0.02519892156124115,0.048934560269117355,-0.043689243495464325,-0.07274778187274933,0.02396565116941929,0.03711315616965294,-0.027096271514892578,-0.023314189165830612,-0.03163917735219002,-0.02750461734831333,-0.008443796075880527,0.0617109015583992,-0.05850445106625557
0.0008526435703970492,0.05799886956810951,0.0762181207537651,-0.012689541094005108,0.04059801623225212,-0.06507225334644318,-0.0633140355348587,0.02456149086356163,0.08612820506095886,0.016095580533146858,0.0149995107203722,-0.08095914125442505,0.07334697991609573,0.0028089829720556736,-0.00035399425541982055,0.011670580133795738,-0.06970228254795074,-0.035353340208530426,0.02441411092877388,-0.061008382588624954
-0.047526903450489044,-0.021972084417939186,0.015040350146591663,0.06874844431877136,0.05759213864803314,-0.055186644196510315,0.0021686034742742777,-0.03288224712014198,0.05213715508580208,0.02893058955669403,-0.10575060546398163,0.032050833106040955,0.015012474730610847,-0.05559193342924118,-0.03894893079996109,0.017183484509587288,0.06602682173252106,-0.054646462202072144,-0.050838835537433624,-0.045286811888217926
0.016381027176976204,0.04594491049647331,-0.04807403311133385,0.06625190377235413,-0.053297009319067,-0.05550112575292587,-0.003858582815155387,0.03730657324194908,0.08824900537729263,-0.019683336839079857,-0.08813288062810898,0.009799090214073658,-0.04456305503845215,-0.010253232903778553,-0.04271501302719116,0.07755173742771149,-0.06995437294244766,0.002534376224502921,0.06977907568216324,0.016001375392079353
-0.027473552152514458,-0.07263091951608658,-0.010000326670706272,-0.03163627162575722,0.06075694411993027,0.032134391367435455,-0.048681020736694336,0.08631504327058792,0.08873781561851501,-0.024999504908919334,-0.09546858817338943,-0.03757893666625023,0.0599447526037693,0.05418975278735161,0.03168177604675293,-0.015042279846966267,0.01803836040198803,0.016991790384054184,0.07922068983316422,-0.06651882827281952
-0.027473552152514458,-0.07263091951608658,-0.010000326670706272,-0.03163627162575722,0.06075694411993027,0.032134391367435455,-0.048681020736694336,0.08631504327058792,0.08873781561851501,-0.024999504908919334,-0.09546858817338943,-0.03757893666625023,0.0599447526037693,0.05418975278735161,0.03168177604675293,-0.015042279846966267,0.01803836040198803,0.016991790384054184,0.07922068983316422,-0.06651882827281952
-0.027473552152514458,-0.07263091951608658,-0.010000326670706272,-0.03163627162575722,0.06075694411993027,0.032134391367435455,-0.048681020736694336,0.08631504327058792,0.08873781561851501,-0.024999504908919334,-0.09546858817338943,-0.03757893666625023,0.0599447526037693,0.05418975278735161,0.03168177604675293,-0.015042279846966267,0.01803836040198803,0.016991790384054184,0.07922068983316422,-0.06651882827281952
-0.027473552152514458,-0.07263091951608658,-0.010000326670706272,-0.03163627162575722,0.06075694411993027,0.032134391367435455,-0.048681020736694336,0.08631504327058792,0.08873781561851501,-0.024999504908919334,-0.09546858817338943,-0.03757893666625023,0.0599447526037693,0.05418975278735161,0.03168177604675293,-0.015042279846966267,0.01803836040198803,0.016991790384054184,0.07922068983316422,-0.06651882827281952
-0.05457092821598053,0.04110551252961159,0.0031934655271470547,-0.009959811344742775,-0.000619822705630213,-0.0022663043346256018,0.0555645115673542,-0.057571686804294586,-0.004978188779205084,0.003630052786320448,-0.07680881768465042,0.017548101022839546,-0.023673608899116516,-0.042321834713220596,0.06496084481477737,0.07214587926864624,-0.0363810695707798,0.005224074702709913,0.06712868809700012,-0.02298583649098873
0.0026176082901656628,-0.01662525348365307,0.040157608687877655,-0.05072113126516342,-0.022934751585125923,0.05917492136359215,-0.02300126850605011,0.0626879408955574,0.016694702208042145,0.012053951621055603,-0.08241968601942062,0.031497523188591,0.011718359775841236,-0.05758203566074371,0.02805817313492298,0.07818140834569931,-0.0003300687239971012,-0.024418625980615616,-0.04907048121094704,0.03698171302676201
-0.024997523054480553,0.06200895458459854,0.031217964366078377,0.03035539947450161,0.011453027836978436,-0.04485474154353142,0.04327627643942833,0.042170047760009766,-0.022432316094636917,-0.016716741025447845,-0.06007067859172821,0.0009231005678884685,0.07681678980588913,-0.048537008464336395,0.07233971357345581,-0.024222997948527336,-0.05522875115275383,-0.02132195420563221,-0.013900870457291603,-0.053431086242198944
-0.0744246244430542,0.05602511391043663,-0.052213866263628006,-0.006673055700957775,-0.027632618322968483,-0.020390445366501808,0.022699758410453796,0.048954665660858154,0.05643760412931442,-0.06396018713712692,-0.08868057280778885,0.05463220179080963,0.05975206941366196,-0.02765434980392456,0.02644912712275982,-0.001041007344610989,0.04814770445227623,0.03461087495088577,0.07476343959569931,0.043812159448862076
-0.02874118648469448,-0.00789609458297491,0.03149596229195595,-0.026003800332546234,0.004770016297698021,0.0793340802192688,0.0613025426864624,0.03594381734728813,0.032943665981292725,0.019614964723587036,-0.09058362990617752,-0.03869408369064331,0.0012711838353425264,0.04728696122765541,-0.0068532186560332775,-0.0210176482796669,-0.004230025224387646,0.021839777007699013,0.07004377245903015,-0.04632902517914772
-0.042637694627046585,-0.06824158132076263,0.08310592174530029,0.08206889778375626,0.033785440027713776,0.04814077168703079,-0.03135538846254349,0.008789931423962116,0.018147340044379234,-0.06893906742334366,0.026228323578834534,-0.07757943868637085,0.03139640763401985,-0.023104436695575714,0.05074091628193855,-0.03075050376355648,0.0335855633020401,-0.030295787379145622,0.06369117647409439,-0.06514673680067062
0.024911949411034584,-0.07013146579265594,-0.051319681107997894,-0.03125414624810219,0.03680215775966644,0.002065868815407157,-0.034485459327697754,-0.04491781070828438,0.05724001303315163,0.04937463998794556,-0.02358483523130417,0.03798799216747284,-0.04760624095797539,0.04913487657904625,0.05554121732711792,0.03543216735124588,-0.04541020840406418,0.015174529515206814,0.05237365514039993,-0.016023319214582443
-0.010750885121524334,-0.056253816932439804,0.031660109758377075,-0.038901954889297485,0.03450571000576019,0.060774464160203934,0.030978817492723465,-0.050920166075229645,0.01910334639251232,0.0558413527905941,-0.047419335693120956,0.04822712391614914,0.02100362814962864,-0.05315925180912018,0.01126991305500269,0.05527912825345993,0.023746347054839134,-0.08670461922883987,-0.014229304157197475,-0.016580374911427498
-0.010750885121524334,-0.056253816932439804,0.031660109758377075,-0.038901954889297485,0.03450571000576019,0.060774464160203934,0.030978817492723465,-0.050920166075229645,0.01910334639251232,0.0558413527905941,-0.047419335693120956,0.04822712391614914,0.02100362814962864,-0.05315925180912018,0.01126991305500269,0.05527912825345993,0.023746347054839134,-0.08670461922883987,-0.014229304157197475,-0.016580374911427498
-0.046129580587148666,0.026234181597828865,0.07083386927843094,-0.04477829486131668,-0.006848987191915512,0.06597207486629486,-0.03906039521098137,0.07432712614536285,0.0069201611913740635,0.030903024598956108,-0.09722190350294113,-0.0247486662119627,-0.029527412727475166,0.06279954314231873,0.003162357024848461,-0.023246634751558304,0.06673049181699753,-0.06706546992063522,-0.0037403046153485775,-0.07440651208162308
0.03312985599040985,-0.01593947410583496,0.058043889701366425,0.07274923473596573,0.004236994311213493,-0.02372279390692711,-0.025131955742836,-0.022238554432988167,-0.01998959854245186,0.02009117603302002,-0.10315998643636703,0.047023821622133255,0.07194557040929794,0.01488788053393364,0.07746655493974686,0.0980214849114418,-0.03703656420111656,-0.059997592121362686,-0.018554717302322388,0.005794999655336142
-0.06786403059959412,-0.061427805572748184,0.045139968395233154,0.05567307770252228,-0.07229362428188324,-0.032903462648391724,0.004054933786392212,0.0012523520272225142,0.08198390156030655,0.02831738255918026,0.010408070869743824,-0.0032573083881288767,-0.0003583746438380331,0.0069305249489843845,-0.02061963640153408,-0.03695047274231911,-0.018353842198848724,-0.04190926253795624,-0.019566861912608147,-0.06540367752313614
-0.017313307151198387,-0.055722251534461975,0.07636527717113495,-0.056462883949279785,0.01706559956073761,-0.04490181803703308,0.004729804117232561,-0.03206001594662666,0.03161292523145676,0.00686437776312232,-0.08319936692714691,0.013175413943827152,0.052146632224321365,-0.017227228730916977,-0.003659565933048725,0.027609793469309807,0.014643578790128231,-0.05819183588027954,-0.0003366185410413891,-0.013318058103322983
0.017854543402791023,0.03450589254498482,-0.05104018747806549,-0.014539598487317562,0.028551654890179634,-0.05815906077623367,0.03207671642303467,0.05388454720377922,0.09319211542606354,0.049240291118621826,-0.05241211876273155,-0.01871199533343315,-0.0018946313066408038,0.013364575803279877,-0.026088332757353783,0.09102044254541397,0.026484720408916473,-0.019263841211795807,-0.042740050703287125,-0.01982627436518669
-0.09180320054292679,0.05468900501728058,-0.0351606085896492,0.026121927425265312,-0.029874468222260475,0.06319738179445267,-0.03670749068260193,-0.021802376955747604,0.013743720948696136,0.0010135077172890306,-0.046337198466062546,-0.07292763888835907,0.03826666995882988,-0.019868096336722374,-0.06567691266536713,0.01722634583711624,0.0032026427797973156,-0.0022585541009902954,0.09159030765295029,0.037347931414842606
-0.056832846254110336,-0.0241620484739542,-0.05156668275594711,0.011279632337391376,0.05974188446998596,-0.05441028252243996,0.026370203122496605,0.0667010173201561,0.1097305491566658,-0.015058251097798347,-0.08114903420209885,-0.07503043860197067,-0.056081436574459076,0.07489708811044693,0.046745773404836655,0.010887124575674534,0.04293547570705414,-0.04967651143670082,0.015116932801902294,0.05588389188051224
-0.08329572528600693,0.032268501818180084,-0.022362370043992996,0.05910386145114899,0.03997251018881798,-0.05306196212768555,-0.007642956450581551,-0.030796172097325325,0.09541640430688858,0.06013807654380798,-0.07694368809461594,-0.010182336904108524,0.039262425154447556,0.018819265067577362,0.05004718899726868,0.06201768293976784,0.00767842261120677,0.04581110179424286,0.001324907410889864,-0.075516477227211
-0.06106182560324669,-0.06303428113460541,0.03489873185753822,0.07172153890132904,0.058783210813999176,0.03340887278318405,-0.06666512787342072,-0.022723540663719177,0.019687216728925705,0.03241633623838425,-0.012722227722406387,-0.02283749356865883,-0.028686361387372017,0.04359761252999306,0.06329942494630814,0.049098458141088486,0.011856131255626678,0.01159482728689909,0.040019191801548004,-0.019453661516308784
0.0021641263738274574,0.01845664158463478,-0.046189844608306885,0.06683947145938873,-0.025402143597602844,0.04930621385574341,0.007748805917799473,0.007780646905303001,-0.024480313062667847,0.028930723667144775,-0.03202292323112488,0.06093502417206764,-0.034323230385780334,0.07130412757396698,-0.024817636236548424,0.05479559302330017,0.05791628360748291,-0.0003574009460862726,0.03654108941555023,0.04244966804981232
-0.020575011149048805,-0.021156778559088707,0.059275854378938675,0.07485444098711014,0.010161804966628551,0.007802518550306559,0.029827311635017395,-0.026201162487268448,0.07557066529989243,-0.024645570665597916,-0.0710277408361435,-0.05742258206009865,-0.06066227704286575,-0.0023942056577652693,0.060323458164930344,0.046039994806051254,0.03868812322616577,0.030910268425941467,0.02066335268318653,-0.03458176553249359
-0.023954877629876137,0.011050446890294552,0.049114443361759186,-0.040981750935316086,0.056530214846134186,0.010886132717132568,0.0024970697704702616,0.006305201444774866,0.08340685814619064,0.014529461041092873,-0.06670194119215012,-0.0718916729092598,-0.019884461537003517,0.025920968502759933,0.0058615002781152725,-0.00029079848900437355,0.02926545776426792,-0.02980717457830906,-0.017591334879398346,-0.01593717746436596
0.023799017071723938,-0.019056236371397972,-0.014699161052703857,-0.015120849013328552,0.04735565930604935,0.05583296716213226,-0.008636264130473137,0.0594656765460968,0.018177466467022896,0.018070891499519348,0.02793055586516857,-0.011205187998712063,-0.048449523746967316,-0.05934417247772217,0.011463564820587635,0.034010451287031174,0.014537637121975422,-0.06903538852930069,0.08959417045116425,-0.03609897568821907
0.023799017071723938,-0.019056236371397972,-0.014699161052703857,-0.015120849013328552,0.04735565930604935,0.05583296716213226,-0.008636264130473137,0.0594656765460968,0.018177466467022896,0.018070891499519348,0.02793055586516857,-0.011205187998712063,-0.048449523746967316,-0.05934417247772217,0.011463564820587635,0.034010451287031174,0.014537637121975422,-0.06903538852930069,0.08959417045116425,-0.03609897568821907
-0.02462453581392765,0.05422668531537056,-0.03878121078014374,0.0720328539609909,0.08189038187265396,0.030309129506349564,-0.025728944689035416,0.054426904767751694,-0.03528124839067459,-0.03987612947821617,-0.0469089075922966,-0.0747605413198471,-0.01815999485552311,0.003212801180779934,-0.048313092440366745,0.04360632970929146,-0.020973697304725647,0.06648937612771988,0.029714083299040794,-0.045608460903167725
0.0430864654481411,0.05972988158464432,0.06853415071964264,-0.002432462526485324,0.042628057301044464,-0.061930879950523376,-0.04841971769928932,-3.1149851565714926e-05,-0.014326860196888447,-0.07002615183591843,-0.10617125779390335,-0.0504523329436779,0.012044800445437431,0.07596896588802338,0.010160120204091072,-0.0005485148285515606,-0.013707245700061321,0.05652608722448349,0.002155780093744397,-0.07362724095582962
-0.03145870938897133,-0.055391378700733185,0.03996399790048599,0.030808690935373306,0.0471724271774292,-0.0007696187822148204,-0.005131029523909092,0.02141837775707245,0.03365224599838257,0.06542094796895981,-0.06377086043357849,0.05946056917309761,0.004883770365267992,0.0720728188753128,-0.06500029563903809,0.08760092407464981,0.0584576316177845,-0.041729625314474106,0.03523533418774605,-0.06018362194299698
-0.0786234587430954,0.020973099395632744,-0.043302617967128754,-0.05529562383890152,0.03345433250069618,0.044720761477947235,0.05879587307572365,0.06524527072906494,0.10718540102243423,-0.024396970868110657,-0.006374310702085495,-0.04155375063419342,-0.010915317572653294,-0.044325415045022964,-0.009378344751894474,0.03874899819493294,-0.01637999340891838,0.0033274460583925247,-0.027174316346645355,0.007515736855566502
0.000918445351999253,0.060535527765750885,0.015824012458324432,0.02542693354189396,0.06137723848223686,0.0183430053293705,-0.027264432981610298,-0.05652710795402527,-0.01522582396864891,0.008182313293218613,-0.08911752700805664,0.06511062383651733,0.045254047960042953,-0.04755871370434761,0.05234677717089653,-0.025372132658958435,0.027405505999922752,0.007960218004882336,0.021172018721699715,-0.0815751701593399
0.01950637809932232,-0.03154560178518295,-0.025945143774151802,0.06467123329639435,0.07003483176231384,0.045879654586315155,-0.025045227259397507,0.06810665875673294,0.01956355944275856,-0.015248515643179417,-0.06889301538467407,-0.0408795066177845,0.05613875389099121,0.07260321825742722,-0.021087154746055603,-0.016820071265101433,-0.04009246081113815,-0.012419790960848331,0.03505236655473709,-0.058794476091861725
-0.026147445663809776,0.04980609938502312,-0.04521600529551506,0.08953575789928436,-0.006724003702402115,-0.05652947723865509,-0.01855471357703209,0.07099597156047821,0.01761621981859207,-0.062201738357543945,0.017434919252991676,-0.07306788116693497,0.01933007687330246,0.050654031336307526,-0.0024276801850646734,0.05776924267411232,0.004055841825902462,-0.08021769672632217,-0.029801009222865105,-0.0012977086007595062
-0.04177150875329971,-9.201448847306892e-05,0.01792457140982151,-0.005012980196624994,0.07582655549049377,0.013524243608117104,0.0339043028652668,0.043635640293359756,0.052817363291978836,-0.06954608857631683,-0.030525609850883484,-0.037150461226701736,-0.023635433986783028,0.010016409680247307,0.007267978973686695,0.04201439395546913,0.020990299060940742,0.05052389204502106,0.08036863058805466,0.010918749496340752
0.032636143267154694,-0.04842200502753258,0.06710150837898254,0.07342039793729782,0.02805805578827858,0.07478838413953781,-0.024500666186213493,0.08180704712867737,0.10078931599855423,-0.023705992847681046,-0.024478791281580925,0.012558761052787304,0.04641726240515709,0.020552370697259903,-0.06919676065444946,0.08113402873277664,-0.027350997552275658,-0.003426912473514676,-0.004151411820203066,-0.08759637922048569
-0.03162652254104614,0.020189275965094566,0.03320443630218506,0.06630449742078781,0.025488147512078285,-0.057081688195466995,0.003946936689317226,-0.021593280136585236,0.10218344628810883,-0.04672130197286606,-0.07637258619070053,0.04144173115491867,-0.04762379825115204,-0.004411470610648394,-0.04749801754951477,-0.014189258217811584,-0.006727185100317001,0.047666192054748535,-0.007039837073534727,-0.0019234392093494534
-0.007171481382101774,0.03735080733895302,0.00650053983554244,-0.0008297197055071592,0.02043810300529003,0.051101766526699066,-0.02060556970536709,0.04018094763159752,0.04712977260351181,0.024906761944293976,-0.04237550124526024,0.015613540075719357,-0.0503605455160141,0.06076817959547043,0.03131282329559326,0.03667933866381645,0.0262320414185524,0.0214914008975029,0.05698323994874954,-0.011864552274346352
0.024956952780485153,0.05499669536948204,0.03403407335281372,0.029398292303085327,0.005893797613680363,-0.04347139596939087,-0.008493833243846893,-0.024641338735818863,-0.03501584008336067,0.016019301488995552,-0.03891152888536453,-0.014823711477220058,-0.04779085889458656,-0.010007040575146675,-0.04693381115794182,0.06396307796239853,0.02416600100696087,-0.03821691498160362,0.02556593529880047,-0.05773549526929855
0.030344152823090553,0.06037576124072075,0.04064229130744934,0.04849293828010559,-0.03738381341099739,0.08350653201341629,-0.05164261534810066,-0.03259662166237831,0.10172039270401001,0.0668230876326561,-0.002968211891129613,-0.027026724070310593,-0.011780339293181896,-0.03633425757288933,0.021901516243815422,0.06053999811410904,-0.06134307011961937,-0.07027304172515869,0.052229490131139755,-0.017500510439276695
-0.06317400187253952,0.012121028266847134,-0.04686308279633522,0.015161176212131977,-0.04745415225625038,0.07786739617586136,-0.05037856847047806,0.0654163658618927,-0.015681827440857887,-0.06745333969593048,0.003783534048125148,-0.013322477228939533,0.06048097461462021,0.06388483196496964,0.06768017262220383,-0.024915721267461777,0.0067809042520821095,0.01658276468515396,0.042370911687612534,0.030716605484485626
-0.02597496472299099,-0.06477443873882294,0.060019757598638535,0.040322259068489075,-0.032271113246679306,0.04234369471669197,-0.014643397182226181,0.06335600465536118,0.1025749146938324,-0.005390132311731577,-0.012269027531147003,0.030816813930869102,-0.04125159606337547,-0.06287737935781479,0.05430581793189049,0.0745321661233902,-0.014323278330266476,-0.057548366487026215,0.06247081607580185,-0.06844236701726913
0.001538813696242869,0.06503398716449738,0.014295194298028946,-0.00883137434720993,0.017704784870147705,-0.0036502755247056484,-0.023405615240335464,0.029309788718819618,0.005181991029530764,-0.0681416466832161,0.03314618766307831,0.00971292145550251,-0.050099048763513565,0.0003095712745562196,0.0631457269191742,-0.023266473785042763,0.05875161662697792,0.0039287288673222065,0.032298944890499115,-0.05450083315372467
0.016940275207161903,-0.015995720401406288,0.030023569241166115,0.03494977951049805,-0.016764523461461067,-0.02683647908270359,0.050231657922267914,-0.006511070765554905,0.0710725262761116,-0.05811961740255356,0.03375628963112831,0.047725941985845566,0.0195876844227314,0.05730389431118965,-0.0164810661226511,0.06525232642889023,-0.039090219885110855,-0.07110865414142609,-0.03286261484026909,-0.0244304072111845
-0.028628211468458176,-0.007764225825667381,-0.002631915034726262,0.06531810015439987,-0.007807299494743347,0.08097769320011139,-0.0014419576618820429,0.007167898118495941,-0.03197657689452171,0.04446376487612724,-0.021203123033046722,-0.04270723834633827,-0.022276621311903,0.014909841120243073,0.07640330493450165,0.0205606110394001,0.014428496360778809,0.04296984523534775,0.032088376581668854,-0.049528852105140686
-0.007665669079869986,-0.068183034658432,-9.394621883984655e-05,0.023621561005711555,-0.03823830187320709,0.05126103386282921,0.024489179253578186,0.06358091533184052,-0.023702768608927727,0.04755372554063797,-0.051344823092222214,-0.0684674009680748,0.03260105848312378,0.018539534881711006,-0.0234195776283741,0.029011914506554604,0.057471901178359985,-0.047322776168584824,0.015149288810789585,-0.06016251817345619
-0.07057442516088486,0.018056193366646767,0.026161959394812584,-0.027472015470266342,0.05015788972377777,-0.05983087792992592,0.027941297739744186,0.009862152859568596,0.004492277279496193,0.04120796546339989,-0.04550265893340111,-0.023270603269338608,0.034270551055669785,-0.05694371089339256,-0.048231884837150574,-0.03844016045331955,-0.051524654030799866,-0.013217296451330185,0.0586262084543705,-0.023542119190096855
-0.008479231037199497,0.024513622745871544,0.04966422915458679,-0.04626059532165527,0.026941651478409767,0.04907723888754845,0.06768340617418289,0.0635945200920105,0.09473971277475357,0.04658309742808342,0.010640481486916542,0.037868063896894455,-0.034246135503053665,-0.0048273238353431225,-0.0004285975592210889,0.06770357489585876,-0.0023894452024251223,-0.05652308836579323,0.05546863377094269,0.03460647910833359
-0.036976125091314316,0.04527848958969116,-0.024056579917669296,0.07228029519319534,-0.06326118111610413,0.0646437257528305,-0.015484614297747612,-0.0051118177361786366,0.021334819495677948,-0.014835446141660213,-0.08258017897605896,-0.03804515302181244,0.04337616264820099,0.06878645718097687,0.04272730275988579,0.06873498111963272,0.031757742166519165,-0.051163021475076675,0.026288680732250214,-0.06351033598184586
-0.030153263360261917,-0.033700745552778244,0.005187817849218845,0.08339101076126099,-0.0129056666046381,-0.047793738543987274,0.00436891196295619,0.047170042991638184,0.08160150796175003,-0.010112209245562553,-0.0863933190703392,0.06010027974843979,0.05503956601023674,-0.0368342362344265,0.024780908599495888,-0.011768203228712082,-0.002503098687157035,0.01112386304885149,0.0816262885928154,-0.017264176160097122
-0.019823476672172546,-0.01082912739366293,-0.010667284950613976,0.06005796790122986,0.048172082751989365,-0.006109515205025673,0.047498494386672974,-0.03657114878296852,0.08767609298229218,-0.003718581283465028,0.004200371913611889,0.006335684563964605,0.015962880104780197,-0.004923914559185505,-0.044315289705991745,-0.023846229538321495,0.014800703153014183,-0.057535819709300995,0.08131542056798935,0.008720486424863338
-0.019823476672172546,-0.01082912739366293,-0.010667284950613976,0.06005796790122986,0.048172082751989365,-0.006109515205025673,0.047498494386672974,-0.03657114878296852,0.08767609298229218,-0.003718581283465028,0.004200371913611889,0.006335684563964605,0.015962880104780197,-0.004923914559185505,-0.044315289705991745,-0.023846229538321495,0.014800703153014183,-0.057535819709300995,0.08131542056798935,0.008720486424863338
-0.019823476672172546,-0.01082912739366293,-0.010667284950613976,0.06005796790122986,0.048172082751989365,-0.006109515205025673,0.047498494386672974,-0.03657114878296852,0.08767609298229218,-0.003718581283465028,0.004200371913611889,0.006335684563964605,0.015962880104780197,-0.004923914559185505,-0.044315289705991745,-0.023846229538321495,0.014800703153014183,-0.057535819709300995,0.08131542056798935,0.008720486424863338
-0.022786131128668785,0.05781107023358345,0.06562191247940063,-0.04700770974159241,0.04427371174097061,0.016301851719617844,0.034908220171928406,0.06203172355890274,0.03207600861787796,0.04381353780627251,-0.065700463950634,0.006957316771149635,-0.019756119698286057,-0.03500678390264511,-0.0671996995806694,0.006993685849010944,-0.041307542473077774,-0.04036508873105049,0.024676471948623657,0.026255981996655464
-0.019823476672172546,-0.01082912739366293,-0.010667284950613976,0.06005796790122986,0.048172082751989365,-0.006109515205025673,0.047498494386672974,-0.03657114878296852,0.08767609298229218,-0.003718581283465028,0.004200371913611889,0.006335684563964605,0.015962880104780197,-0.004923914559185505,-0.044315289705991745,-0.023846229538321495,0.014800703153014183,-0.057535819709300995,0.08131542056798935,0.008720486424863338
0.02194560319185257,0.049317434430122375,0.006093880161643028,0.07826819270849228,-0.05020665377378464,-0.0559215173125267,-0.05545846372842789,-0.013424363918602467,0.07985825091600418,0.024351580068469048,-0.05534861236810684,0.02933843433856964,0.0082883071154356,0.06270696967840195,-0.03140173479914665,0.048680566251277924,0.013087190687656403,0.050658658146858215,-0.0304524265229702,-0.08175908029079437
-0.022856637835502625,-0.0615985132753849,0.04401598125696182,0.07475466281175613,-0.001166415517218411,0.03341883793473244,0.06727467477321625,-0.03042629361152649,0.08852767199277878,-0.02495323121547699,-0.008131621405482292,0.017606239765882492,-0.029825422912836075,-0.043244194239377975,0.02148071490228176,0.08870284259319305,-0.027619391679763794,-0.03659364581108093,0.025021012872457504,0.04024972394108772
-0.06307739019393921,-0.03104889951646328,0.046408332884311676,-0.024150550365447998,0.04303596913814545,-0.02525571919977665,-0.06395599246025085,0.05255801975727081,0.08979601413011551,-0.008594280108809471,0.021332120522856712,-0.05582699552178383,0.02062983438372612,0.03579544275999069,-0.033913496881723404,0.08962669968605042,0.007847731001675129,-0.06400461494922638,0.08531955629587173,0.03820023685693741
-0.06307739019393921,-0.03104889951646328,0.046408332884311676,-0.024150550365447998,0.04303596913814545,-0.02525571919977665,-0.06395599246025085,0.05255801975727081,0.08979601413011551,-0.008594280108809471,0.021332120522856712,-0.05582699552178383,0.02062983438372612,0.03579544275999069,-0.033913496881723404,0.08962669968605042,0.007847731001675129,-0.06400461494922638,0.08531955629587173,0.03820023685693741
-0.09228146076202393,-0.07182127982378006,0.03354456275701523,-0.005132610443979502,0.0362587608397007,-0.014415672980248928,-0.027429837733507156,-0.02147017791867256,0.09017762541770935,-0.013136545196175575,-0.029925469309091568,-0.02183670550584793,0.033489663153886795,0.03497908636927605,-0.013769702054560184,0.06138262897729874,0.05894387513399124,-0.027186302468180656,0.06012951582670212,0.0073470757342875
0.044620443135499954,-0.01158882025629282,0.028401952236890793,-0.034595757722854614,-0.03284239023923874,0.06687852740287781,-0.055080216377973557,0.053703755140304565,0.01640518195927143,0.048895422369241714,-0.08275990933179855,0.007769580464810133,-0.04320686683058739,-4.617698778019985e-06,-0.0381799153983593,0.03609848767518997,0.028252748772501945,-0.02214818447828293,0.00030451329075731337,-0.03260843828320503
0.0009745083516463637,0.0582035668194294,-0.020704394206404686,0.04837220162153244,-0.050773415714502335,0.012859653681516647,-0.0263321865350008,0.029901720583438873,-0.03022308088839054,-0.0694536417722702,-0.0997919961810112,-0.054751936346292496,0.06725109368562698,0.03476497903466225,0.0038395721931010485,0.08447867631912231,0.04986521601676941,0.06332265585660934,-0.021191895008087158,0.038251329213380814
0.0009745083516463637,0.0582035668194294,-0.020704394206404686,0.04837220162153244,-0.050773415714502335,0.012859653681516647,-0.0263321865350008,0.029901720583438873,-0.03022308088839054,-0.0694536417722702,-0.0997919961810112,-0.054751936346292496,0.06725109368562698,0.03476497903466225,0.0038395721931010485,0.08447867631912231,0.04986521601676941,0.06332265585660934,-0.021191895008087158,0.038251329213380814
-0.008177626878023148,0.062090445309877396,0.01347577478736639,-0.03027747943997383,0.020962877199053764,0.06575347483158112,0.011238695122301579,0.056157540529966354,0.03827560320496559,0.04606868699193001,-0.022636817768216133,-0.057603269815444946,-0.02839644066989422,0.06288286298513412,0.06996172666549683,0.07194255292415619,0.008450476452708244,0.014787944033741951,0.005116469692438841,0.021711772307753563
-0.10048799216747284,-0.026448652148246765,-0.017148051410913467,0.014506054110825062,-0.060565367341041565,0.07338902354240417,-0.04709983244538307,-0.027224626392126083,0.08827468752861023,0.013323694467544556,0.03758469969034195,-0.05076845362782478,-0.0008429678273387253,0.0634632408618927,-0.011506686918437481,0.021151108667254448,-0.029384998604655266,0.03046293370425701,-0.02761033922433853,0.006087853107601404
-0.09745164215564728,-0.004474933724850416,-0.02262313850224018,0.019902637228369713,-0.018492484465241432,0.005113260354846716,-0.06325577199459076,0.005997922737151384,0.025704890489578247,-0.033202722668647766,-0.047762833535671234,-0.0866493210196495,-0.009017432108521461,0.031247256323695183,0.03054441697895527,0.07108327746391296,-0.06706150621175766,-0.07251863181591034,0.06859853863716125,0.0038045612163841724
-0.06387259066104889,-0.06583303958177567,0.07985910028219223,-0.028787609189748764,0.04109669476747513,-0.056977592408657074,0.05396334454417229,-0.05956527590751648,0.020101265981793404,0.056207578629255295,-0.08959832042455673,-0.08093282580375671,-0.05462176725268364,-0.05408373102545738,-0.012094050645828247,0.05475572869181633,-0.027372853830456734,-0.023732762783765793,0.046341486275196075,-0.06697981059551239
-0.06387259066104889,-0.06583303958177567,0.07985910028219223,-0.028787609189748764,0.04109669476747513,-0.056977592408657074,0.05396334454417229,-0.05956527590751648,0.020101265981793404,0.056207578629255295,-0.08959832042455673,-0.08093282580375671,-0.05462176725268364,-0.05408373102545738,-0.012094050645828247,0.05475572869181633,-0.027372853830456734,-0.023732762783765793,0.046341486275196075,-0.06697981059551239
-0.029329800978302956,0.045672837644815445,0.011329292319715023,0.056094467639923096,-0.04564626142382622,0.04880553483963013,-0.018630949780344963,-0.06128251552581787,0.09751228988170624,-0.004822202026844025,-0.10127103328704834,0.004835548344999552,0.011243782937526703,0.04109198600053787,0.04804574325680733,0.053233370184898376,0.011438533663749695,0.05733952298760414,-0.021735435351729393,0.023712333291769028
-0.04690486565232277,-0.047348786145448685,0.07595229148864746,0.05881331115961075,0.060361552983522415,0.056776780635118484,-0.05870312824845314,-0.01864052191376686,0.07277360558509827,-0.030351942405104637,-0.0016503521474078298,-0.0011734558502212167,-0.05503425374627113,0.03196031600236893,-0.020344242453575134,0.024316200986504555,0.06308437883853912,-0.04296696558594704,0.042115092277526855,-0.055467717349529266
0.011566776782274246,-0.050381697714328766,0.041153620928525925,-0.03438588231801987,-0.05453413724899292,0.03662808611989021,0.048281025141477585,0.023826638236641884,0.07567541301250458,0.035162098705768585,-0.10034804791212082,-0.012322292663156986,0.04000656306743622,0.017237339168787003,-0.026637522503733635,-0.029436150565743446,0.017482595518231392,-0.044683244079351425,0.05990200489759445,-0.059737976640462875
0.007563822902739048,-0.0291229709982872,0.06122885271906853,0.06334389001131058,-0.042394980788230896,0.04954703152179718,-0.02804487943649292,-0.06039468199014664,0.005482807289808989,0.028795650228857994,-0.030877862125635147,-0.010602399706840515,-0.05221320316195488,0.002715821610763669,-0.011033205315470695,0.008393676951527596,0.019012337550520897,-0.03263913840055466,-0.005030499771237373,-0.012143624946475029
-0.03173980116844177,0.005662163253873587,0.0161400455981493,-0.04639824852347374,0.03329458460211754,-0.0444902665913105,-0.054381731897592545,-0.05187978968024254,0.06436750292778015,-0.015154930762946606,0.02231241762638092,-0.009759614244103432,-0.0371934249997139,0.005364751443266869,0.04806407541036606,0.09405239671468735,-0.027791352942585945,0.05936538800597191,-0.011706373654305935,0.03580104559659958
0.02471391297876835,-0.01844179816544056,-0.001794031006284058,0.03949938341975212,-0.027021076530218124,0.07677863538265228,0.06461294740438461,-0.02229611761868,-0.004130787216126919,-0.043970298022031784,0.017445329576730728,0.006111276336014271,0.047644443809986115,0.014629415236413479,0.031073037534952164,0.07282637804746628,-0.0320347361266613,-0.037451229989528656,-0.024642782285809517,-0.06510262936353683
0.025542421266436577,0.01661541499197483,0.0044515710324049,-0.025643398985266685,0.02498299442231655,0.0361364521086216,0.01773214153945446,0.06807048618793488,0.0720573365688324,-0.002841448411345482,-0.09482650458812714,-0.012707347050309181,0.057718489319086075,0.08426596224308014,0.01002592034637928,0.06571792811155319,-0.010453615337610245,-0.07668179273605347,-0.021463284268975258,-0.0011972181964665651
-0.02598004788160324,0.013439252972602844,-0.04945061355829239,-0.0012936205603182316,-0.014212271198630333,0.03808758035302162,0.016065064817667007,0.052592720836400986,0.04131264239549637,-0.022007137537002563,0.016904670745134354,0.046598322689533234,0.03291721269488335,0.06396297365427017,-0.03463655337691307,0.07630618661642075,-0.04765503481030464,-0.01291560661047697,0.023377077654004097,0.014112762175500393
-0.053043559193611145,-0.0057271611876785755,0.04570763558149338,-0.02392367646098137,0.0196025799959898,0.07181376218795776,-0.02114279195666313,0.08597763627767563,0.07516839355230331,-0.0248554814606905,-0.044254254549741745,-0.004805057309567928,-0.016243919730186462,0.07360658794641495,0.013156566768884659,0.050409749150276184,0.00046069471864029765,-0.043390724807977676,-0.045664865523576736,0.01919897459447384
-0.04075469449162483,-0.006527236197143793,-0.04356081411242485,0.004979026038199663,-0.011468607932329178,-0.004890423268079758,-0.014339117333292961,0.010948548093438148,-0.015004212036728859,-0.019797826185822487,-0.062485694885253906,-0.06083648279309273,0.032988354563713074,-0.02683732472360134,0.01852417178452015,-0.01604590192437172,-0.059249427169561386,-0.02021513693034649,0.045017484575510025,0.050230298191308975
-0.024744302034378052,-0.06174810603260994,-0.04870772361755371,-0.05822313204407692,-0.027344053611159325,0.0026467537973076105,-0.017916852608323097,-0.0003524201747495681,-0.012256273068487644,-0.02426726184785366,-0.08453639596700668,-0.07324919104576111,0.06382746249437332,0.033053379505872726,0.06860845535993576,0.07218585163354874,-0.029760805889964104,0.024047138169407845,0.0761125385761261,0.014851579442620277
0.0035218780394643545,0.06474292278289795,0.02356921322643757,-0.03130374103784561,-0.000744618650060147,0.06097400188446045,0.01903422549366951,-0.02210642211139202,0.10899937897920609,0.036113619804382324,-0.03842855244874954,0.009369687177240849,0.040819451212882996,-0.046537380665540695,0.06607092916965485,-0.005750627256929874,-0.07189730554819107,-0.008215930312871933,-0.03542641922831535,-0.0001650612975936383
-0.05486369505524635,0.023114336654543877,-0.00839183945208788,0.05293358117341995,-5.759153646067716e-05,-0.06352950632572174,0.06129495054483414,0.020167967304587364,0.0936499834060669,-0.05796467140316963,-0.032835934311151505,-0.03174632042646408,0.07048144191503525,0.031727273017168045,-0.009888979606330395,0.058533716946840286,-0.04661758616566658,0.04579874873161316,-0.012576267123222351,-0.0668780729174614
-0.07835325598716736,-0.06327106058597565,0.043234340846538544,0.033930517733097076,0.07590076327323914,0.04058125615119934,0.01350458711385727,-0.05242129787802696,0.005728777498006821,0.03737730160355568,0.037339936941862106,-0.0671987384557724,0.06590012460947037,0.005663273390382528,-0.020672203972935677,0.024016305804252625,0.010294857434928417,0.04664149880409241,0.05788372829556465,-0.04576898738741875
-0.05026699975132942,0.03761601448059082,-0.05803951248526573,-0.03357911482453346,0.026412276551127434,-0.03929655998945236,0.04950035735964775,-0.04579100012779236,0.07742070406675339,-0.022231442853808403,-0.08369332551956177,0.001688343589194119,-0.03899182379245758,-0.06007317081093788,0.055146705359220505,0.04169787839055061,0.022822652012109756,0.0401422455906868,0.056239210069179535,-0.02567560411989689
-0.06496767699718475,-0.005674936342984438,0.06046932190656662,0.02001986652612686,0.03783508390188217,-0.05525810271501541,-0.04455344006419182,-0.030171716585755348,-0.0002468243765179068,0.005881291348487139,0.003889261046424508,-0.005079942289739847,0.002399563090875745,0.0709116980433464,-0.060098275542259216,0.0054800971411168575,-0.06746463477611542,0.042117808014154434,-0.005068724974989891,-0.025617193430662155
-0.0940612405538559,-0.03152073174715042,0.07127611339092255,-0.024891598150134087,0.011624699458479881,0.013406614772975445,0.003624747507274151,0.05995825305581093,0.013628760352730751,-0.036623649299144745,-0.02659950591623783,-0.06858433037996292,0.07923581451177597,-0.0073486799374222755,0.043336041271686554,-0.03142429143190384,-0.0010076777543872595,-0.03455508127808571,-0.010277845896780491,0.013673687353730202
-0.07182615995407104,-0.024303415790200233,0.012546476908028126,-0.05574119836091995,0.039781831204891205,-0.03353278711438179,-0.019820140674710274,0.03254931420087814,0.03621948882937431,-0.016357190907001495,-0.07609983533620834,-0.06822384148836136,0.0026975988876074553,-0.0591549351811409,0.050199344754219055,0.022321652621030807,-0.024358008056879044,0.05021786689758301,0.08877208083868027,-0.022888075560331345
-0.09981516003608704,0.019439946860074997,-0.023719986900687218,0.06527306139469147,0.06742344051599503,0.04973384737968445,-0.01994551531970501,-0.0336938202381134,0.10471151769161224,0.05025889724493027,-0.08624551445245743,0.04099433496594429,-0.008025984279811382,-0.004029440227895975,0.012001198716461658,0.025432374328374863,-0.0621177963912487,-0.07857766002416611,0.06368942558765411,-0.08528116345405579
0.018339727073907852,0.005828405264765024,0.06341119855642319,0.028144147247076035,0.051546189934015274,0.07985140383243561,0.005235848017036915,0.04869807884097099,0.08448565751314163,-0.052359145134687424,-0.005912760738283396,-0.005192600656300783,0.02264981158077717,0.03290139511227608,-0.06450291723012924,-0.031629592180252075,0.057305868715047836,0.03975402191281319,0.0476825125515461,0.019390253350138664
-0.05069289356470108,-0.04961873218417168,-0.018350014463067055,0.061480049043893814,0.018162837252020836,-0.014853260479867458,-0.059838712215423584,0.00011323027138132602,-0.037568099796772,-0.008779940195381641,0.028075724840164185,0.040724288672208786,-0.0031347274780273438,-0.02631700225174427,-0.052947141230106354,0.0378551185131073,0.060489121824502945,-0.036406051367521286,0.07666795700788498,0.04316247999668121
-0.015122422948479652,-0.05698918178677559,-0.038210850208997726,0.0658368170261383,0.06838376075029373,0.06769031286239624,0.04325471073389053,-0.052247174084186554,0.017635349184274673,0.022046752274036407,0.01864548772573471,0.0010677669197320938,-0.05170930549502373,-0.002621032763272524,0.008278744295239449,0.0016987414564937353,-0.01945521868765354,-0.07320442795753479,0.021154949441552162,-0.02020486444234848
-0.07240359485149384,0.021667689085006714,0.021810276433825493,-0.03675686568021774,0.047669216990470886,0.031271446496248245,0.00984048843383789,0.0756588950753212,0.01003322470933199,0.062478866428136826,-0.07794182002544403,-0.05371858924627304,-0.05021362379193306,0.02284274995326996,-0.04236386716365814,0.025255335494875908,-0.005099552683532238,-0.05150202289223671,0.05788685008883476,-0.0355718731880188
-0.08440110087394714,-0.00014672649558633566,0.07955846190452576,-0.04156956821680069,0.0752117782831192,-0.0438319630920887,-0.04448733478784561,-0.03425241634249687,0.11044828593730927,-0.002548751886934042,-0.05317217856645584,-0.02920093759894371,0.01695125736296177,-0.013126606121659279,-0.013996236026287079,0.04904135316610336,-0.009497358463704586,0.007485835812985897,0.036736808717250824,-0.027118191123008728
-0.1012602299451828,0.03287466615438461,0.07851989567279816,0.025826385244727135,-0.055482737720012665,-0.04386816546320915,-0.01827477663755417,-0.039525821805000305,-0.013153698295354843,-0.03298706188797951,-0.08310545980930328,0.04796341806650162,-0.056640755385160446,-0.03992875665426254,0.03000587597489357,-0.02006748877465725,-0.03037586621940136,-0.09114880114793777,0.08213713765144348,0.021478991955518723
0.0001608153252163902,0.023912649601697922,0.026007099077105522,-0.04102795198559761,0.003698494052514434,-0.036352358758449554,0.03569788858294487,-0.005577700212597847,0.08168560266494751,0.022465195506811142,-0.10070818662643433,-0.029356399551033974,-0.032982029020786285,0.0027029942721128464,0.04584822803735733,0.07969311624765396,0.0691041499376297,-0.0482320636510849,-0.02642321027815342,0.04456502944231033
0.0001608153252163902,0.023912649601697922,0.026007099077105522,-0.04102795198559761,0.003698494052514434,-0.036352358758449554,0.03569788858294487,-0.005577700212597847,0.08168560266494751,0.022465195506811142,-0.10070818662643433,-0.029356399551033974,-0.032982029020786285,0.0027029942721128464,0.04584822803735733,0.07969311624765396,0.0691041499376297,-0.0482320636510849,-0.02642321027815342,0.04456502944231033
0.024890746921300888,0.024875013157725334,0.0210553091019392,-0.03436530753970146,0.0018456678371876478,-0.017091594636440277,0.048061273992061615,0.01321633905172348,0.09067384898662567,-0.07356197386980057,0.008917737752199173,0.022311639040708542,0.04043907672166824,0.06565725058317184,-0.05014703795313835,0.04147651419043541,0.029176294803619385,-0.04847541078925133,-0.040679436177015305,-0.06169029325246811
-0.08276175707578659,0.004611830227077007,0.04721340164542198,-0.04880043491721153,0.07110119611024857,0.034124717116355896,0.020740602165460587,0.020194686949253082,0.09395148605108261,-0.06390691548585892,-0.07279237359762192,-0.05532814934849739,0.044938262552022934,0.0008784393430687487,-0.06272893399000168,-0.01524632889777422,0.010183518752455711,-0.008123696781694889,0.0377318412065506,-0.061006978154182434
-0.06222431734204292,0.012396268546581268,-0.012841173447668552,-0.02223730832338333,-0.044734612107276917,-0.04167076200246811,-0.053498875349760056,0.03725263848900795,0.10194062441587448,0.0435086265206337,-0.03160496801137924,-0.0077302781865000725,0.031532108783721924,0.008026741445064545,0.03885403648018837,0.039552584290504456,-0.0005362993106245995,-0.017017295584082603,-0.01122466754168272,-0.062336720526218414
-0.056591738015413284,0.06286758929491043,0.030246676877141,0.048611149191856384,-0.04209462180733681,-0.03371453657746315,0.06924170255661011,0.018220994621515274,0.046267274767160416,0.05440005287528038,0.016589360311627388,0.02755005843937397,-0.02517063543200493,0.0328533761203289,-0.05187242105603218,0.06833917647600174,-0.007207370828837156,-0.0706617459654808,0.061031147837638855,-0.045562561601400375
-0.0029327841475605965,0.0020249227527529,0.056972749531269073,-0.04638047143816948,0.061979904770851135,0.05990368127822876,-0.02447248436510563,-0.0027829085011035204,0.06786272674798965,-0.028864143416285515,-0.04964756220579147,0.00256973784416914,0.055638428777456284,-0.020327651873230934,0.011844359338283539,-0.02655664272606373,0.0001931496080942452,-0.0640365332365036,0.029723865911364555,0.01982715353369713
-0.042560264468193054,-0.02018919587135315,0.00535518117249012,-0.045459769666194916,0.03799869492650032,-0.028468329459428787,-0.04799807071685791,-0.02760111168026924,0.02372959442436695,0.029971808195114136,-0.02655623108148575,-0.06770064681768417,0.062463294714689255,-0.02398603968322277,0.012006936594843864,0.06800639629364014,-0.011388502083718777,0.031963806599378586,0.045279014855623245,-0.04023144394159317
-0.08399944752454758,0.015581347979605198,-0.0474124550819397,0.038143228739500046,-0.028021227568387985,-0.044352054595947266,-0.05572200194001198,0.08014051616191864,0.056259311735630035,0.049858760088682175,0.015584987588226795,0.06495745480060577,0.002028224291279912,-0.0023632284719496965,0.061303116381168365,0.025801295414566994,-0.003660875139757991,-0.04297219216823578,0.050883084535598755,-0.03506733477115631
-0.00653816107660532,-0.01934773102402687,-0.019209492951631546,0.08618291467428207,0.07957836985588074,0.02316547930240631,-0.008479421027004719,0.05966493859887123,-0.026364881545305252,0.0507504977285862,-0.07143370062112808,0.002743699122220278,-0.04703754931688309,-0.028474314138293266,0.04322066158056259,0.0172813069075346,-0.06344608217477798,-0.012567863799631596,0.0790625810623169,-0.07688464224338531
-0.08276598155498505,-0.05418558046221733,0.08237575739622116,-0.04983363673090935,0.04420005530118942,0.02191644348204136,-0.052300598472356796,-0.05964140594005585,0.02595699019730091,-0.060776300728321075,-0.04813757166266441,0.04761065915226936,-0.0020482863765209913,0.0732557401061058,-0.009365303441882133,0.026971111074090004,-0.05075091868638992,-0.04019181802868843,-0.05129200592637062,0.041993096470832825
-0.0017533673672005534,-0.007858725264668465,0.04918529838323593,0.07332377880811691,-0.01645088382065296,0.03367767855525017,-0.039452556520700455,0.03228912875056267,0.054045870900154114,-0.03114433027803898,0.013199904002249241,-0.05157243087887764,-0.037835750728845596,-0.06537820398807526,0.06429672241210938,0.06742898374795914,-0.06409519910812378,-0.024252571165561676,0.01498984545469284,-0.04664166271686554
-0.019767219200730324,-0.0718178078532219,0.0780300572514534,0.036889996379613876,0.00016006422811187804,-0.021381055936217308,0.04935447499155998,-0.006999544333666563,-0.016853531822562218,0.005527551285922527,-0.011240554973483086,-0.04725547879934311,-0.03571557626128197,0.02763696014881134,-0.059553902596235275,-0.008578027598559856,-0.00648213317617774,0.007030620239675045,-0.03872853145003319,0.04324232041835785
-0.0864347517490387,-0.043470218777656555,0.0628587007522583,0.0470922514796257,-0.0676325261592865,-0.031754907220602036,0.05814013630151749,0.00395934097468853,-0.012150878086686134,-0.013648908585309982,-0.027134867385029793,0.03152754530310631,-0.042974431067705154,0.07493692636489868,0.021667199209332466,0.014582819305360317,-0.01809365302324295,0.030480867251753807,0.08625952154397964,-0.05826554447412491
-0.06691190600395203,0.06967046111822128,-0.009969502687454224,0.06905829161405563,-0.0615837499499321,-0.05470510944724083,0.06754730641841888,0.006801607087254524,0.02681884728372097,-0.0110404621809721,-0.10221368819475174,-0.0762219950556755,0.06558607518672943,-0.050606898963451385,-0.012397941201925278,0.020658880472183228,-0.04767148941755295,0.015920480713248253,0.023400427773594856,-0.06344032287597656
-0.0864347517490387,-0.043470218777656555,0.0628587007522583,0.0470922514796257,-0.0676325261592865,-0.031754907220602036,0.05814013630151749,0.00395934097468853,-0.012150878086686134,-0.013648908585309982,-0.027134867385029793,0.03152754530310631,-0.042974431067705154,0.07493692636489868,0.021667199209332466,0.014582819305360317,-0.01809365302324295,0.030480867251753807,0.08625952154397964,-0.05826554447412491
0.038138024508953094,0.024914884939789772,-0.06195268779993057,0.030321205034852028,-0.05430576950311661,0.014537652023136616,0.06227441877126694,-0.05175567790865898,0.09121676534414291,-0.05641378089785576,-0.05444691330194473,-0.011173993349075317,0.06850075721740723,0.07038847357034683,-0.009547111578285694,0.08490345627069473,-0.011881383135914803,0.017193486914038658,0.03800535947084427,-0.04867376759648323
0.025057921186089516,0.0575624443590641,0.004207859747111797,0.021030576899647713,0.008903403766453266,0.06410470604896545,-0.0682365745306015,0.015477309934794903,0.06616059690713882,-0.03346234932541847,-0.009285437874495983,0.011392340064048767,-0.01911321096122265,0.042181555181741714,-0.005616925656795502,-0.03219304233789444,0.014818082563579082,-0.03751714155077934,0.05387980863451958,-0.04810222238302231
-0.06347611546516418,-0.03204992786049843,-0.027400951832532883,-0.009081519208848476,-0.009941278025507927,0.024825548753142357,0.022252758964896202,0.04057466611266136,0.06374863535165787,0.015807198360562325,-0.022576427087187767,0.03892689570784569,-0.05874047800898552,-0.03593626990914345,0.04750142619013786,0.02112540416419506,-0.0029781810007989407,0.025177597999572754,-0.013159196823835373,0.038289815187454224
0.01894722878932953,-0.030696598812937737,-0.029786953702569008,0.06808769702911377,-0.036736324429512024,0.04772285372018814,-0.03677907586097717,0.012855090200901031,-0.019484447315335274,-0.024284590035676956,-0.09892654418945312,-0.07800424098968506,0.020563961938023567,0.07113324105739594,0.0110254418104887,0.04883889853954315,0.06453514099121094,0.031497225165367126,-0.017175624147057533,0.0071355244144797325
-0.0034938917960971594,0.020070647820830345,-0.0367874950170517,-0.03311185538768768,0.023193376138806343,-0.04494491592049599,0.04978865757584572,0.03509554639458656,0.014565641060471535,0.0007103735697455704,-0.02196308597922325,0.053315311670303345,-0.056870754808187485,0.0649716705083847,0.015835188329219818,0.04310782998800278,-0.057788047939538956,0.03652873635292053,0.03652448579668999,-0.023901361972093582
-0.07044161856174469,0.024638967588543892,0.044102493673563004,0.06984375417232513,0.026388386264443398,0.016385100781917572,0.025451144203543663,-0.026294399052858353,-0.01281833928078413,0.032029855996370316,-0.023399576544761658,-0.035007718950510025,0.04739892855286598,0.06724318116903305,-0.039000894874334335,0.015559356659650803,0.03179139271378517,0.014442959800362587,0.06933289021253586,-0.06120000779628754
-0.0019285521702840924,0.008249901235103607,0.025049256160855293,0.037893280386924744,-0.022850584238767624,0.018269911408424377,0.011819088831543922,0.0387393981218338,0.07766986638307571,-0.014596015214920044,-0.03217298537492752,-0.031041374430060387,-0.05855129659175873,0.028924908488988876,0.001571049913764,0.0019782762974500656,0.002102299826219678,-0.0021815947256982327,0.03961523622274399,-0.01867709681391716
-0.06823385506868362,-0.015557963401079178,-0.05626580864191055,-0.020859073847532272,-0.027371110394597054,-0.02888992428779602,0.014170738868415356,0.0019174781627953053,-0.007756083272397518,-0.010869955644011497,0.006625365000218153,0.022636402398347855,0.03461860492825508,0.0023097044322639704,0.003685607574880123,0.04677112400531769,-0.0641765370965004,0.018002428114414215,-0.0015138115268200636,0.01105045247823
0.020485039800405502,-0.06559767574071884,-0.016285860911011696,0.010439138859510422,0.034061700105667114,0.033016450703144073,0.03253665566444397,-0.005471405107527971,-0.010163896717131138,0.05154477059841156,-0.022149646654725075,0.02628081478178501,-0.019736822694540024,0.040936071425676346,0.012111709453165531,-0.03957632929086685,0.05436885729432106,-0.029681719839572906,-0.023577125743031502,-0.07624145597219467
-0.05976032465696335,0.04974463954567909,0.07811339944601059,0.01493019051849842,-0.017115658149123192,0.07736711949110031,-0.03683285787701607,0.05220972001552582,0.024350915104150772,-0.04323919489979744,-0.038218241184949875,-0.058527182787656784,0.05174543336033821,-0.05558224767446518,-0.02586141601204872,-0.022864531725645065,-0.06107854098081589,0.04677952080965042,0.011648870073258877,0.03532862663269043
-0.09877602756023407,0.006393172312527895,-0.05501352250576019,0.01595371589064598,-0.018992865458130836,-0.028289519250392914,0.06597638130187988,0.07782208919525146,-0.030331678688526154,-0.032609134912490845,0.014866470359265804,-0.050454407930374146,0.013297829777002335,0.021869296208024025,0.04724014550447464,0.07443810999393463,-0.054803796112537384,0.028989126905798912,0.003646294819191098,-0.04369458928704262
-0.0440298430621624,0.06151288375258446,0.021108921617269516,-0.004725527949631214,0.06423090398311615,-0.019191598519682884,-0.05844751372933388,0.04408758878707886,0.1014101579785347,0.007873406633734703,0.003960886970162392,-0.07307210564613342,-0.0009460313012823462,-0.050892818719148636,-0.010291071608662605,0.08455737680196762,-0.025993304327130318,0.006858387030661106,-0.006595582235604525,-0.021863115951418877
-0.03812422230839729,0.012403679080307484,0.023757880553603172,-0.04266471043229103,0.030770599842071533,0.053672850131988525,-0.043505750596523285,0.050807174295186996,0.0350215770304203,0.03780120238661766,-0.08157003670930862,-0.013843314722180367,-0.045128099620342255,-0.02367963083088398,-0.060437992215156555,0.055478520691394806,0.012675460427999496,0.04277436062693596,0.00034972027060575783,-0.028636299073696136
-0.03812422230839729,0.012403679080307484,0.023757880553603172,-0.04266471043229103,0.030770599842071533,0.053672850131988525,-0.043505750596523285,0.050807174295186996,0.0350215770304203,0.03780120238661766,-0.08157003670930862,-0.013843314722180367,-0.045128099620342255,-0.02367963083088398,-0.060437992215156555,0.055478520691394806,0.012675460427999496,0.04277436062693596,0.00034972027060575783,-0.028636299073696136
-0.019899489358067513,0.05079874023795128,0.0434827022254467,0.05689840763807297,0.04117503762245178,0.06364154815673828,-0.03290204703807831,0.020543184131383896,-0.005186873022466898,-0.05557218939065933,-0.08717705309391022,-0.06666425615549088,0.0035228938795626163,0.06409374624490738,-0.02671005204319954,0.06622910499572754,2.2461574189946987e-05,0.03652607649564743,0.07724665105342865,0.0036907170433551073
