Step,X,Predicted_Y_Scaled,Predicted_Y_Unscaled,day_of_week_Unscaled,day_of_month_Unscaled,week_of_year_Unscaled,week_of_month_Unscaled,month_Unscaled,quarter_Unscaled,is_weekend_Unscaled,lag_1_Unscaled,lag_7_Unscaled,lag_30_Unscaled,is_month_start_Unscaled,is_month_end_Unscaled,is_quarter_start_Unscaled,is_quarter_end_Unscaled,is_monday_Unscaled,is_friday_Unscaled,is_holiday_Unscaled,is_thanksgiving_Unscaled,is_black_friday_Unscaled,is_christmas_Unscaled,is_christmas_eve_Unscaled,is_new_year_eve_Unscaled,is_pre_holiday_1_Unscaled,is_pre_holiday_2_Unscaled,is_pre_holiday_3_Unscaled,is_pre_holiday_7_Unscaled,is_post_holiday_1_Unscaled,is_post_holiday_2_Unscaled,is_post_holiday_3_Unscaled,is_post_holiday_7_Unscaled,is_bridge_day_Unscaled,day_of_week_Scaled,day_of_month_Scaled,week_of_year_Scaled,week_of_month_Scaled,month_Scaled,quarter_Scaled,is_weekend_Scaled,lag_1_Scaled,lag_7_Scaled,lag_30_Scaled,is_month_start_Scaled,is_month_end_Scaled,is_quarter_start_Scaled,is_quarter_end_Scaled,is_monday_Scaled,is_friday_Scaled,is_holiday_Scaled,is_thanksgiving_Scaled,is_black_friday_Scaled,is_christmas_Scaled,is_christmas_eve_Scaled,is_new_year_eve_Scaled,is_pre_holiday_1_Scaled,is_pre_holiday_2_Scaled,is_pre_holiday_3_Scaled,is_pre_holiday_7_Scaled,is_post_holiday_1_Scaled,is_post_holiday_2_Scaled,is_post_holiday_3_Scaled,is_post_holiday_7_Scaled,is_bridge_day_Scaled
0,"[[0.26170798898071623, 1.0, 0.5666666666666667, 0.7058823529411764, 0.5, 0.7272727272727273, 0.6666666666666667, 1.0, 0.26170798898071623, 0.2892561983471075, 0.26170798898071623, 0.0, 0.0, 0.0, 0.0, 0.0, 0.0, 0.0, 0.0, 0.0, 0.0, 0.0, 0.0, 0.0, 0.0, 0.0, 0.0, 0.0, 0.0, 0.0, 0.0, 0.0], [0.278236914600551, 0.0, 0.6, 0.7254901960784313, 0.5, 0.7272727272727273, 0.6666666666666667, 0.0, 0.278236914600551, 0.23415977961432508, 0.20385674931129477, 0.0, 0.0, 0.0, 0.0, 1.0, 0.0, 0.0, 0.0, 0.0, 0.0, 0.0, 0.0, 0.0, 0.0, 0.0, 0.0, 0.0, 0.0, 0.0, 0.0, 0.0], [0.27548209366391185, 0.16666666666666666, 0.6333333333333333, 0.7254901960784313, 0.5, 0.7272727272727273, 0.6666666666666667, 0.0, 0.27548209366391185, 0.21763085399449036, 0.27548209366391185, 0.0, 0.0, 0.0, 0.0, 0.0, 0.0, 0.0, 0.0, 0.0, 0.0, 0.0, 0.0, 0.0, 0.0, 0.0, 0.0, 0.0, 0.0, 0.0, 0.0, 0.0], [0.15151515151515152, 0.3333333333333333, 0.6666666666666666, 0.7254901960784313, 0.5, 0.7272727272727273, 0.6666666666666667, 0.0, 0.15151515151515152, 0.1349862258953168, 0.1487603305785124, 0.0, 0.0, 0.0, 0.0, 0.0, 0.0, 0.0, 0.0, 0.0, 0.0, 0.0, 0.0, 0.0, 0.0, 0.0, 0.0, 0.0, 0.0, 0.0, 0.0, 0.0], [0.19008264462809918, 0.5, 0.7, 0.7254901960784313, 0.75, 0.7272727272727273, 0.6666666666666667, 0.0, 0.19008264462809918, 0.1652892561983471, 0.14600550964187328, 0.0, 0.0, 0.0, 0.0, 0.0, 0.0, 0.0, 0.0, 0.0, 0.0, 0.0, 0.0, 0.0, 0.0, 0.0, 0.0, 0.0, 0.0, 0.0, 0.0, 0.0], [0.1763085399449036, 0.6666666666666666, 0.7333333333333333, 0.7254901960784313, 0.75, 0.7272727272727273, 0.6666666666666667, 0.0, 0.1763085399449036, 0.1928374655647383, 0.14600550964187328, 0.0, 0.0, 0.0, 0.0, 0.0, 1.0, 0.0, 0.0, 0.0, 0.0, 0.0, 0.0, 0.0, 0.0, 0.0, 0.0, 0.0, 0.0, 0.0, 0.0, 0.0], [0.278236914600551, 0.8333333333333333, 0.7666666666666667, 0.7254901960784313, 0.75, 0.7272727272727273, 0.6666666666666667, 1.0, 0.278236914600551, 0.26170798898071623, 0.12672176308539945, 0.0, 0.0, 0.0, 0.0, 0.0, 0.0, 0.0, 0.0, 0.0, 0.0, 0.0, 0.0, 0.0, 0.0, 0.0, 0.0, 0.0, 0.0, 0.0, 0.0, 0.0]]",0.22375622391700745,81.2235092818737,5.0,24.0,38.0,4.0,9.0,3.0,1.0,101.00000000000001,94.99999999999999,46.0,0.0,0.0,0.0,0.0,0.0,0.0,0.0,0.0,0.0,0.0,0.0,0.0,0.0,0.0,0.0,0.0,0.0,0.0,0.0,0.0,0.0,0.8333333333333333,0.7666666666666667,0.7254901960784313,0.75,0.7272727272727273,0.6666666666666667,1.0,0.278236914600551,0.26170798898071623,0.12672176308539945,0.0,0.0,0.0,0.0,0.0,0.0,0.0,0.0,0.0,0.0,0.0,0.0,0.0,0.0,0.0,0.0,0.0,0.0,0.0,0.0,0.0
1,"[[0.278236914600551, 0.0, 0.6, 0.7254901960784313, 0.5, 0.7272727272727273, 0.6666666666666667, 0.0, 0.278236914600551, 0.23415977961432508, 0.20385674931129477, 0.0, 0.0, 0.0, 0.0, 1.0, 0.0, 0.0, 0.0, 0.0, 0.0, 0.0, 0.0, 0.0, 0.0, 0.0, 0.0, 0.0, 0.0, 0.0, 0.0, 0.0], [0.27548209366391185, 0.16666666666666666, 0.6333333333333333, 0.7254901960784313, 0.5, 0.7272727272727273, 0.6666666666666667, 0.0, 0.27548209366391185, 0.21763085399449036, 0.27548209366391185, 0.0, 0.0, 0.0, 0.0, 0.0, 0.0, 0.0, 0.0, 0.0, 0.0, 0.0, 0.0, 0.0, 0.0, 0.0, 0.0, 0.0, 0.0, 0.0, 0.0, 0.0], [0.15151515151515152, 0.3333333333333333, 0.6666666666666666, 0.7254901960784313, 0.5, 0.7272727272727273, 0.6666666666666667, 0.0, 0.15151515151515152, 0.1349862258953168, 0.1487603305785124, 0.0, 0.0, 0.0, 0.0, 0.0, 0.0, 0.0, 0.0, 0.0, 0.0, 0.0, 0.0, 0.0, 0.0, 0.0, 0.0, 0.0, 0.0, 0.0, 0.0, 0.0], [0.19008264462809918, 0.5, 0.7, 0.7254901960784313, 0.75, 0.7272727272727273, 0.6666666666666667, 0.0, 0.19008264462809918, 0.1652892561983471, 0.14600550964187328, 0.0, 0.0, 0.0, 0.0, 0.0, 0.0, 0.0, 0.0, 0.0, 0.0, 0.0, 0.0, 0.0, 0.0, 0.0, 0.0, 0.0, 0.0, 0.0, 0.0, 0.0], [0.1763085399449036, 0.6666666666666666, 0.7333333333333333, 0.7254901960784313, 0.75, 0.7272727272727273, 0.6666666666666667, 0.0, 0.1763085399449036, 0.1928374655647383, 0.14600550964187328, 0.0, 0.0, 0.0, 0.0, 0.0, 1.0, 0.0, 0.0, 0.0, 0.0, 0.0, 0.0, 0.0, 0.0, 0.0, 0.0, 0.0, 0.0, 0.0, 0.0, 0.0], [0.278236914600551, 0.8333333333333333, 0.7666666666666667, 0.7254901960784313, 0.75, 0.7272727272727273, 0.6666666666666667, 1.0, 0.278236914600551, 0.26170798898071623, 0.12672176308539945, 0.0, 0.0, 0.0, 0.0, 0.0, 0.0, 0.0, 0.0, 0.0, 0.0, 0.0, 0.0, 0.0, 0.0, 0.0, 0.0, 0.0, 0.0, 0.0, 0.0, 0.0], [0.22375622391700745, 1.0, 0.8, 0.7254901960784313, 0.75, 0.7272727272727273, 0.6666666666666667, 1.0, 0.22375622391700745, 0.278236914600551, 0.278236914600551, 0.0, 0.0, 0.0, 0.0, 0.0, 0.0, 0.0, 0.0, 0.0, 0.0, 0.0, 0.0, 0.0, 0.0, 0.0, 0.0, 0.0, 0.0, 0.0, 0.0, 0.0]]",0.29583799839019775,107.38919341564178,6.0,25.0,38.0,4.0,9.0,3.0,1.0,81.2235092818737,101.00000000000001,101.00000000000001,0.0,0.0,0.0,0.0,0.0,0.0,0.0,0.0,0.0,0.0,0.0,0.0,0.0,0.0,0.0,0.0,0.0,0.0,0.0,0.0,0.0,1.0,0.8,0.7254901960784313,0.75,0.7272727272727273,0.6666666666666667,1.0,0.22375622391700745,0.278236914600551,0.278236914600551,0.0,0.0,0.0,0.0,0.0,0.0,0.0,0.0,0.0,0.0,0.0,0.0,0.0,0.0,0.0,0.0,0.0,0.0,0.0,0.0,0.0
2,"[[0.27548209366391185, 0.16666666666666666, 0.6333333333333333, 0.7254901960784313, 0.5, 0.7272727272727273, 0.6666666666666667, 0.0, 0.27548209366391185, 0.21763085399449036, 0.27548209366391185, 0.0, 0.0, 0.0, 0.0, 0.0, 0.0, 0.0, 0.0, 0.0, 0.0, 0.0, 0.0, 0.0, 0.0, 0.0, 0.0, 0.0, 0.0, 0.0, 0.0, 0.0], [0.15151515151515152, 0.3333333333333333, 0.6666666666666666, 0.7254901960784313, 0.5, 0.7272727272727273, 0.6666666666666667, 0.0, 0.15151515151515152, 0.1349862258953168, 0.1487603305785124, 0.0, 0.0, 0.0, 0.0, 0.0, 0.0, 0.0, 0.0, 0.0, 0.0, 0.0, 0.0, 0.0, 0.0, 0.0, 0.0, 0.0, 0.0, 0.0, 0.0, 0.0], [0.19008264462809918, 0.5, 0.7, 0.7254901960784313, 0.75, 0.7272727272727273, 0.6666666666666667, 0.0, 0.19008264462809918, 0.1652892561983471, 0.14600550964187328, 0.0, 0.0, 0.0, 0.0, 0.0, 0.0, 0.0, 0.0, 0.0, 0.0, 0.0, 0.0, 0.0, 0.0, 0.0, 0.0, 0.0, 0.0, 0.0, 0.0, 0.0], [0.1763085399449036, 0.6666666666666666, 0.7333333333333333, 0.7254901960784313, 0.75, 0.7272727272727273, 0.6666666666666667, 0.0, 0.1763085399449036, 0.1928374655647383, 0.14600550964187328, 0.0, 0.0, 0.0, 0.0, 0.0, 1.0, 0.0, 0.0, 0.0, 0.0, 0.0, 0.0, 0.0, 0.0, 0.0, 0.0, 0.0, 0.0, 0.0, 0.0, 0.0], [0.278236914600551, 0.8333333333333333, 0.7666666666666667, 0.7254901960784313, 0.75, 0.7272727272727273, 0.6666666666666667, 1.0, 0.278236914600551, 0.26170798898071623, 0.12672176308539945, 0.0, 0.0, 0.0, 0.0, 0.0, 0.0, 0.0, 0.0, 0.0, 0.0, 0.0, 0.0, 0.0, 0.0, 0.0, 0.0, 0.0, 0.0, 0.0, 0.0, 0.0], [0.22375622391700745, 1.0, 0.8, 0.7254901960784313, 0.75, 0.7272727272727273, 0.6666666666666667, 1.0, 0.22375622391700745, 0.278236914600551, 0.278236914600551, 0.0, 0.0, 0.0, 0.0, 0.0, 0.0, 0.0, 0.0, 0.0, 0.0, 0.0, 0.0, 0.0, 0.0, 0.0, 0.0, 0.0, 0.0, 0.0, 0.0, 0.0], [0.29583799839019775, 0.0, 0.8333333333333334, 0.7450980392156862, 0.75, 0.7272727272727273, 0.6666666666666667, 0.0, 0.29583799839019775, 0.27548209366391185, 0.27548209366391185, 0.0, 0.0, 0.0, 0.0, 1.0, 0.0, 0.0, 0.0, 0.0, 0.0, 0.0, 0.0, 0.0, 0.0, 0.0, 0.0, 0.0, 0.0, 0.0, 0.0, 0.0]]",0.2151971310377121,78.11655856668949,0.0,26.0,39.0,4.0,9.0,3.0,0.0,107.38919341564178,100.0,100.0,0.0,0.0,0.0,0.0,1.0,0.0,0.0,0.0,0.0,0.0,0.0,0.0,0.0,0.0,0.0,0.0,0.0,0.0,0.0,0.0,0.0,0.0,0.8333333333333334,0.7450980392156862,0.75,0.7272727272727273,0.6666666666666667,0.0,0.29583799839019775,0.27548209366391185,0.27548209366391185,0.0,0.0,0.0,0.0,1.0,0.0,0.0,0.0,0.0,0.0,0.0,0.0,0.0,0.0,0.0,0.0,0.0,0.0,0.0,0.0,0.0
3,"[[0.15151515151515152, 0.3333333333333333, 0.6666666666666666, 0.7254901960784313, 0.5, 0.7272727272727273, 0.6666666666666667, 0.0, 0.15151515151515152, 0.1349862258953168, 0.1487603305785124, 0.0, 0.0, 0.0, 0.0, 0.0, 0.0, 0.0, 0.0, 0.0, 0.0, 0.0, 0.0, 0.0, 0.0, 0.0, 0.0, 0.0, 0.0, 0.0, 0.0, 0.0], [0.19008264462809918, 0.5, 0.7, 0.7254901960784313, 0.75, 0.7272727272727273, 0.6666666666666667, 0.0, 0.19008264462809918, 0.1652892561983471, 0.14600550964187328, 0.0, 0.0, 0.0, 0.0, 0.0, 0.0, 0.0, 0.0, 0.0, 0.0, 0.0, 0.0, 0.0, 0.0, 0.0, 0.0, 0.0, 0.0, 0.0, 0.0, 0.0], [0.1763085399449036, 0.6666666666666666, 0.7333333333333333, 0.7254901960784313, 0.75, 0.7272727272727273, 0.6666666666666667, 0.0, 0.1763085399449036, 0.1928374655647383, 0.14600550964187328, 0.0, 0.0, 0.0, 0.0, 0.0, 1.0, 0.0, 0.0, 0.0, 0.0, 0.0, 0.0, 0.0, 0.0, 0.0, 0.0, 0.0, 0.0, 0.0, 0.0, 0.0], [0.278236914600551, 0.8333333333333333, 0.7666666666666667, 0.7254901960784313, 0.75, 0.7272727272727273, 0.6666666666666667, 1.0, 0.278236914600551, 0.26170798898071623, 0.12672176308539945, 0.0, 0.0, 0.0, 0.0, 0.0, 0.0, 0.0, 0.0, 0.0, 0.0, 0.0, 0.0, 0.0, 0.0, 0.0, 0.0, 0.0, 0.0, 0.0, 0.0, 0.0], [0.22375622391700745, 1.0, 0.8, 0.7254901960784313, 0.75, 0.7272727272727273, 0.6666666666666667, 1.0, 0.22375622391700745, 0.278236914600551, 0.278236914600551, 0.0, 0.0, 0.0, 0.0, 0.0, 0.0, 0.0, 0.0, 0.0, 0.0, 0.0, 0.0, 0.0, 0.0, 0.0, 0.0, 0.0, 0.0, 0.0, 0.0, 0.0], [0.29583799839019775, 0.0, 0.8333333333333334, 0.7450980392156862, 0.75, 0.7272727272727273, 0.6666666666666667, 0.0, 0.29583799839019775, 0.27548209366391185, 0.27548209366391185, 0.0, 0.0, 0.0, 0.0, 1.0, 0.0, 0.0, 0.0, 0.0, 0.0, 0.0, 0.0, 0.0, 0.0, 0.0, 0.0, 0.0, 0.0, 0.0, 0.0, 0.0], [0.2151971310377121, 0.16666666666666666, 0.8666666666666667, 0.7450980392156862, 0.75, 0.7272727272727273, 0.6666666666666667, 0.0, 0.2151971310377121, 0.15151515151515152, 0.15151515151515152, 0.0, 0.0, 0.0, 0.0, 0.0, 0.0, 0.0, 0.0, 0.0, 0.0, 0.0, 0.0, 0.0, 0.0, 0.0, 0.0, 0.0, 0.0, 0.0, 0.0, 0.0]]",0.16461879014968872,59.756620824337006,1.0,27.0,39.0,4.0,9.0,3.0,0.0,78.11655856668949,55.0,55.0,0.0,0.0,0.0,0.0,0.0,0.0,0.0,0.0,0.0,0.0,0.0,0.0,0.0,0.0,0.0,0.0,0.0,0.0,0.0,0.0,0.0,0.16666666666666666,0.8666666666666667,0.7450980392156862,0.75,0.7272727272727273,0.6666666666666667,0.0,0.2151971310377121,0.15151515151515152,0.15151515151515152,0.0,0.0,0.0,0.0,0.0,0.0,0.0,0.0,0.0,0.0,0.0,0.0,0.0,0.0,0.0,0.0,0.0,0.0,0.0,0.0,0.0
4,"[[0.19008264462809918, 0.5, 0.7, 0.7254901960784313, 0.75, 0.7272727272727273, 0.6666666666666667, 0.0, 0.19008264462809918, 0.1652892561983471, 0.14600550964187328, 0.0, 0.0, 0.0, 0.0, 0.0, 0.0, 0.0, 0.0, 0.0, 0.0, 0.0, 0.0, 0.0, 0.0, 0.0, 0.0, 0.0, 0.0, 0.0, 0.0, 0.0], [0.1763085399449036, 0.6666666666666666, 0.7333333333333333, 0.7254901960784313, 0.75, 0.7272727272727273, 0.6666666666666667, 0.0, 0.1763085399449036, 0.1928374655647383, 0.14600550964187328, 0.0, 0.0, 0.0, 0.0, 0.0, 1.0, 0.0, 0.0, 0.0, 0.0, 0.0, 0.0, 0.0, 0.0, 0.0, 0.0, 0.0, 0.0, 0.0, 0.0, 0.0], [0.278236914600551, 0.8333333333333333, 0.7666666666666667, 0.7254901960784313, 0.75, 0.7272727272727273, 0.6666666666666667, 1.0, 0.278236914600551, 0.26170798898071623, 0.12672176308539945, 0.0, 0.0, 0.0, 0.0, 0.0, 0.0, 0.0, 0.0, 0.0, 0.0, 0.0, 0.0, 0.0, 0.0, 0.0, 0.0, 0.0, 0.0, 0.0, 0.0, 0.0], [0.22375622391700745, 1.0, 0.8, 0.7254901960784313, 0.75, 0.7272727272727273, 0.6666666666666667, 1.0, 0.22375622391700745, 0.278236914600551, 0.278236914600551, 0.0, 0.0, 0.0, 0.0, 0.0, 0.0, 0.0, 0.0, 0.0, 0.0, 0.0, 0.0, 0.0, 0.0, 0.0, 0.0, 0.0, 0.0, 0.0, 0.0, 0.0], [0.29583799839019775, 0.0, 0.8333333333333334, 0.7450980392156862, 0.75, 0.7272727272727273, 0.6666666666666667, 0.0, 0.29583799839019775, 0.27548209366391185, 0.27548209366391185, 0.0, 0.0, 0.0, 0.0, 1.0, 0.0, 0.0, 0.0, 0.0, 0.0, 0.0, 0.0, 0.0, 0.0, 0.0, 0.0, 0.0, 0.0, 0.0, 0.0, 0.0], [0.2151971310377121, 0.16666666666666666, 0.8666666666666667, 0.7450980392156862, 0.75, 0.7272727272727273, 0.6666666666666667, 0.0, 0.2151971310377121, 0.15151515151515152, 0.15151515151515152, 0.0, 0.0, 0.0, 0.0, 0.0, 0.0, 0.0, 0.0, 0.0, 0.0, 0.0, 0.0, 0.0, 0.0, 0.0, 0.0, 0.0, 0.0, 0.0, 0.0, 0.0], [0.16461879014968872, 0.3333333333333333, 0.9, 0.7450980392156862, 0.75, 0.7272727272727273, 0.6666666666666667, 0.0, 0.16461879014968872, 0.19008264462809918, 0.19008264462809918, 0.0, 0.0, 0.0, 0.0, 0.0, 0.0, 0.0, 0.0, 0.0, 0.0, 0.0, 0.0, 0.0, 0.0, 0.0, 0.0, 0.0, 0.0, 0.0, 0.0, 0.0]]",0.15874868631362915,57.62577313184738,2.0,28.0,39.0,4.0,9.0,3.0,0.0,59.756620824337006,69.0,69.0,0.0,0.0,0.0,0.0,0.0,0.0,0.0,0.0,0.0,0.0,0.0,0.0,0.0,0.0,0.0,0.0,0.0,0.0,0.0,0.0,0.0,0.3333333333333333,0.9,0.7450980392156862,0.75,0.7272727272727273,0.6666666666666667,0.0,0.16461879014968872,0.19008264462809918,0.19008264462809918,0.0,0.0,0.0,0.0,0.0,0.0,0.0,0.0,0.0,0.0,0.0,0.0,0.0,0.0,0.0,0.0,0.0,0.0,0.0,0.0,0.0
5,"[[0.1763085399449036, 0.6666666666666666, 0.7333333333333333, 0.7254901960784313, 0.75, 0.7272727272727273, 0.6666666666666667, 0.0, 0.1763085399449036, 0.1928374655647383, 0.14600550964187328, 0.0, 0.0, 0.0, 0.0, 0.0, 1.0, 0.0, 0.0, 0.0, 0.0, 0.0, 0.0, 0.0, 0.0, 0.0, 0.0, 0.0, 0.0, 0.0, 0.0, 0.0], [0.278236914600551, 0.8333333333333333, 0.7666666666666667, 0.7254901960784313, 0.75, 0.7272727272727273, 0.6666666666666667, 1.0, 0.278236914600551, 0.26170798898071623, 0.12672176308539945, 0.0, 0.0, 0.0, 0.0, 0.0, 0.0, 0.0, 0.0, 0.0, 0.0, 0.0, 0.0, 0.0, 0.0, 0.0, 0.0, 0.0, 0.0, 0.0, 0.0, 0.0], [0.22375622391700745, 1.0, 0.8, 0.7254901960784313, 0.75, 0.7272727272727273, 0.6666666666666667, 1.0, 0.22375622391700745, 0.278236914600551, 0.278236914600551, 0.0, 0.0, 0.0, 0.0, 0.0, 0.0, 0.0, 0.0, 0.0, 0.0, 0.0, 0.0, 0.0, 0.0, 0.0, 0.0, 0.0, 0.0, 0.0, 0.0, 0.0], [0.29583799839019775, 0.0, 0.8333333333333334, 0.7450980392156862, 0.75, 0.7272727272727273, 0.6666666666666667, 0.0, 0.29583799839019775, 0.27548209366391185, 0.27548209366391185, 0.0, 0.0, 0.0, 0.0, 1.0, 0.0, 0.0, 0.0, 0.0, 0.0, 0.0, 0.0, 0.0, 0.0, 0.0, 0.0, 0.0, 0.0, 0.0, 0.0, 0.0], [0.2151971310377121, 0.16666666666666666, 0.8666666666666667, 0.7450980392156862, 0.75, 0.7272727272727273, 0.6666666666666667, 0.0, 0.2151971310377121, 0.15151515151515152, 0.15151515151515152, 0.0, 0.0, 0.0, 0.0, 0.0, 0.0, 0.0, 0.0, 0.0, 0.0, 0.0, 0.0, 0.0, 0.0, 0.0, 0.0, 0.0, 0.0, 0.0, 0.0, 0.0], [0.16461879014968872, 0.3333333333333333, 0.9, 0.7450980392156862, 0.75, 0.7272727272727273, 0.6666666666666667, 0.0, 0.16461879014968872, 0.19008264462809918, 0.19008264462809918, 0.0, 0.0, 0.0, 0.0, 0.0, 0.0, 0.0, 0.0, 0.0, 0.0, 0.0, 0.0, 0.0, 0.0, 0.0, 0.0, 0.0, 0.0, 0.0, 0.0, 0.0], [0.15874868631362915, 0.5, 0.9333333333333333, 0.7450980392156862, 1.0, 0.7272727272727273, 0.6666666666666667, 0.0, 0.15874868631362915, 0.1763085399449036, 0.1763085399449036, 0.0, 0.0, 0.0, 0.0, 0.0, 0.0, 0.0, 0.0, 0.0, 0.0, 0.0, 0.0, 0.0, 0.0, 0.0, 0.0, 0.0, 0.0, 0.0, 0.0, 0.0]]",0.17088258266448975,62.03037750720978,3.0,29.0,39.0,5.0,9.0,3.0,0.0,57.62577313184738,64.0,64.0,0.0,0.0,0.0,0.0,0.0,0.0,0.0,0.0,0.0,0.0,0.0,0.0,0.0,0.0,0.0,0.0,0.0,0.0,0.0,0.0,0.0,0.5,0.9333333333333333,0.7450980392156862,1.0,0.7272727272727273,0.6666666666666667,0.0,0.15874868631362915,0.1763085399449036,0.1763085399449036,0.0,0.0,0.0,0.0,0.0,0.0,0.0,0.0,0.0,0.0,0.0,0.0,0.0,0.0,0.0,0.0,0.0,0.0,0.0,0.0,0.0
6,"[[0.278236914600551, 0.8333333333333333, 0.7666666666666667, 0.7254901960784313, 0.75, 0.7272727272727273, 0.6666666666666667, 1.0, 0.278236914600551, 0.26170798898071623, 0.12672176308539945, 0.0, 0.0, 0.0, 0.0, 0.0, 0.0, 0.0, 0.0, 0.0, 0.0, 0.0, 0.0, 0.0, 0.0, 0.0, 0.0, 0.0, 0.0, 0.0, 0.0, 0.0], [0.22375622391700745, 1.0, 0.8, 0.7254901960784313, 0.75, 0.7272727272727273, 0.6666666666666667, 1.0, 0.22375622391700745, 0.278236914600551, 0.278236914600551, 0.0, 0.0, 0.0, 0.0, 0.0, 0.0, 0.0, 0.0, 0.0, 0.0, 0.0, 0.0, 0.0, 0.0, 0.0, 0.0, 0.0, 0.0, 0.0, 0.0, 0.0], [0.29583799839019775, 0.0, 0.8333333333333334, 0.7450980392156862, 0.75, 0.7272727272727273, 0.6666666666666667, 0.0, 0.29583799839019775, 0.27548209366391185, 0.27548209366391185, 0.0, 0.0, 0.0, 0.0, 1.0, 0.0, 0.0, 0.0, 0.0, 0.0, 0.0, 0.0, 0.0, 0.0, 0.0, 0.0, 0.0, 0.0, 0.0, 0.0, 0.0], [0.2151971310377121, 0.16666666666666666, 0.8666666666666667, 0.7450980392156862, 0.75, 0.7272727272727273, 0.6666666666666667, 0.0, 0.2151971310377121, 0.15151515151515152, 0.15151515151515152, 0.0, 0.0, 0.0, 0.0, 0.0, 0.0, 0.0, 0.0, 0.0, 0.0, 0.0, 0.0, 0.0, 0.0, 0.0, 0.0, 0.0, 0.0, 0.0, 0.0, 0.0], [0.16461879014968872, 0.3333333333333333, 0.9, 0.7450980392156862, 0.75, 0.7272727272727273, 0.6666666666666667, 0.0, 0.16461879014968872, 0.19008264462809918, 0.19008264462809918, 0.0, 0.0, 0.0, 0.0, 0.0, 0.0, 0.0, 0.0, 0.0, 0.0, 0.0, 0.0, 0.0, 0.0, 0.0, 0.0, 0.0, 0.0, 0.0, 0.0, 0.0], [0.15874868631362915, 0.5, 0.9333333333333333, 0.7450980392156862, 1.0, 0.7272727272727273, 0.6666666666666667, 0.0, 0.15874868631362915, 0.1763085399449036, 0.1763085399449036, 0.0, 0.0, 0.0, 0.0, 0.0, 0.0, 0.0, 0.0, 0.0, 0.0, 0.0, 0.0, 0.0, 0.0, 0.0, 0.0, 0.0, 0.0, 0.0, 0.0, 0.0], [0.17088258266448975, 0.6666666666666666, 0.9666666666666667, 0.7450980392156862, 1.0, 0.7272727272727273, 0.6666666666666667, 0.0, 0.17088258266448975, 0.278236914600551, 0.278236914600551, 0.0, 1.0, 0.0, 1.0, 0.0, 1.0, 0.0, 0.0, 0.0, 0.0, 0.0, 0.0, 0.0, 0.0, 0.0, 0.0, 0.0, 0.0, 0.0, 0.0, 0.0]]",0.2712308466434479,98.45679733157158,4.0,30.0,39.0,5.0,9.0,3.0,0.0,62.03037750720978,101.00000000000001,101.00000000000001,0.0,1.0,0.0,1.0,0.0,1.0,0.0,0.0,0.0,0.0,0.0,0.0,0.0,0.0,0.0,0.0,0.0,0.0,0.0,0.0,0.0,0.6666666666666666,0.9666666666666667,0.7450980392156862,1.0,0.7272727272727273,0.6666666666666667,0.0,0.17088258266448975,0.278236914600551,0.278236914600551,0.0,1.0,0.0,1.0,0.0,1.0,0.0,0.0,0.0,0.0,0.0,0.0,0.0,0.0,0.0,0.0,0.0,0.0,0.0,0.0,0.0
7,"[[0.22375622391700745, 1.0, 0.8, 0.7254901960784313, 0.75, 0.7272727272727273, 0.6666666666666667, 1.0, 0.22375622391700745, 0.278236914600551, 0.278236914600551, 0.0, 0.0, 0.0, 0.0, 0.0, 0.0, 0.0, 0.0, 0.0, 0.0, 0.0, 0.0, 0.0, 0.0, 0.0, 0.0, 0.0, 0.0, 0.0, 0.0, 0.0], [0.29583799839019775, 0.0, 0.8333333333333334, 0.7450980392156862, 0.75, 0.7272727272727273, 0.6666666666666667, 0.0, 0.29583799839019775, 0.27548209366391185, 0.27548209366391185, 0.0, 0.0, 0.0, 0.0, 1.0, 0.0, 0.0, 0.0, 0.0, 0.0, 0.0, 0.0, 0.0, 0.0, 0.0, 0.0, 0.0, 0.0, 0.0, 0.0, 0.0], [0.2151971310377121, 0.16666666666666666, 0.8666666666666667, 0.7450980392156862, 0.75, 0.7272727272727273, 0.6666666666666667, 0.0, 0.2151971310377121, 0.15151515151515152, 0.15151515151515152, 0.0, 0.0, 0.0, 0.0, 0.0, 0.0, 0.0, 0.0, 0.0, 0.0, 0.0, 0.0, 0.0, 0.0, 0.0, 0.0, 0.0, 0.0, 0.0, 0.0, 0.0], [0.16461879014968872, 0.3333333333333333, 0.9, 0.7450980392156862, 0.75, 0.7272727272727273, 0.6666666666666667, 0.0, 0.16461879014968872, 0.19008264462809918, 0.19008264462809918, 0.0, 0.0, 0.0, 0.0, 0.0, 0.0, 0.0, 0.0, 0.0, 0.0, 0.0, 0.0, 0.0, 0.0, 0.0, 0.0, 0.0, 0.0, 0.0, 0.0, 0.0], [0.15874868631362915, 0.5, 0.9333333333333333, 0.7450980392156862, 1.0, 0.7272727272727273, 0.6666666666666667, 0.0, 0.15874868631362915, 0.1763085399449036, 0.1763085399449036, 0.0, 0.0, 0.0, 0.0, 0.0, 0.0, 0.0, 0.0, 0.0, 0.0, 0.0, 0.0, 0.0, 0.0, 0.0, 0.0, 0.0, 0.0, 0.0, 0.0, 0.0], [0.17088258266448975, 0.6666666666666666, 0.9666666666666667, 0.7450980392156862, 1.0, 0.7272727272727273, 0.6666666666666667, 0.0, 0.17088258266448975, 0.278236914600551, 0.278236914600551, 0.0, 1.0, 0.0, 1.0, 0.0, 1.0, 0.0, 0.0, 0.0, 0.0, 0.0, 0.0, 0.0, 0.0, 0.0, 0.0, 0.0, 0.0, 0.0, 0.0, 0.0], [0.2712308466434479, 0.8333333333333333, 0.0, 0.7450980392156862, 0.0, 0.8181818181818182, 1.0, 1.0, 0.2712308395007425, 0.22375622793991048, 0.22375622793991048, 1.0, 0.0, 1.0, 0.0, 0.0, 0.0, 0.0, 0.0, 0.0, 0.0, 0.0, 0.0, 0.0, 0.0, 0.0, 0.0, 0.0, 0.0, 0.0, 0.0, 0.0]]",0.26188623905181885,95.06470477581024,5.0,1.0,39.0,1.0,10.0,4.0,1.0,98.45679473876953,81.2235107421875,81.2235107421875,1.0,0.0,1.0,0.0,0.0,0.0,0.0,0.0,0.0,0.0,0.0,0.0,0.0,0.0,0.0,0.0,0.0,0.0,0.0,0.0,0.0,0.8333333333333333,0.0,0.7450980392156862,0.0,0.8181818181818182,1.0,1.0,0.2712308395007425,0.22375622793991048,0.22375622793991048,1.0,0.0,1.0,0.0,0.0,0.0,0.0,0.0,0.0,0.0,0.0,0.0,0.0,0.0,0.0,0.0,0.0,0.0,0.0,0.0,0.0
8,"[[0.29583799839019775, 0.0, 0.8333333333333334, 0.7450980392156862, 0.75, 0.7272727272727273, 0.6666666666666667, 0.0, 0.29583799839019775, 0.27548209366391185, 0.27548209366391185, 0.0, 0.0, 0.0, 0.0, 1.0, 0.0, 0.0, 0.0, 0.0, 0.0, 0.0, 0.0, 0.0, 0.0, 0.0, 0.0, 0.0, 0.0, 0.0, 0.0, 0.0], [0.2151971310377121, 0.16666666666666666, 0.8666666666666667, 0.7450980392156862, 0.75, 0.7272727272727273, 0.6666666666666667, 0.0, 0.2151971310377121, 0.15151515151515152, 0.15151515151515152, 0.0, 0.0, 0.0, 0.0, 0.0, 0.0, 0.0, 0.0, 0.0, 0.0, 0.0, 0.0, 0.0, 0.0, 0.0, 0.0, 0.0, 0.0, 0.0, 0.0, 0.0], [0.16461879014968872, 0.3333333333333333, 0.9, 0.7450980392156862, 0.75, 0.7272727272727273, 0.6666666666666667, 0.0, 0.16461879014968872, 0.19008264462809918, 0.19008264462809918, 0.0, 0.0, 0.0, 0.0, 0.0, 0.0, 0.0, 0.0, 0.0, 0.0, 0.0, 0.0, 0.0, 0.0, 0.0, 0.0, 0.0, 0.0, 0.0, 0.0, 0.0], [0.15874868631362915, 0.5, 0.9333333333333333, 0.7450980392156862, 1.0, 0.7272727272727273, 0.6666666666666667, 0.0, 0.15874868631362915, 0.1763085399449036, 0.1763085399449036, 0.0, 0.0, 0.0, 0.0, 0.0, 0.0, 0.0, 0.0, 0.0, 0.0, 0.0, 0.0, 0.0, 0.0, 0.0, 0.0, 0.0, 0.0, 0.0, 0.0, 0.0], [0.17088258266448975, 0.6666666666666666, 0.9666666666666667, 0.7450980392156862, 1.0, 0.7272727272727273, 0.6666666666666667, 0.0, 0.17088258266448975, 0.278236914600551, 0.278236914600551, 0.0, 1.0, 0.0, 1.0, 0.0, 1.0, 0.0, 0.0, 0.0, 0.0, 0.0, 0.0, 0.0, 0.0, 0.0, 0.0, 0.0, 0.0, 0.0, 0.0, 0.0], [0.2712308466434479, 0.8333333333333333, 0.0, 0.7450980392156862, 0.0, 0.8181818181818182, 1.0, 1.0, 0.2712308395007425, 0.22375622793991048, 0.22375622793991048, 1.0, 0.0, 1.0, 0.0, 0.0, 0.0, 0.0, 0.0, 0.0, 0.0, 0.0, 0.0, 0.0, 0.0, 0.0, 0.0, 0.0, 0.0, 0.0, 0.0, 0.0], [0.26188623905181885, 1.0, 0.03333333333333333, 0.7450980392156862, 0.0, 0.8181818181818182, 1.0, 1.0, 0.2618862393802191, 0.2958379908369921, 0.2958379908369921, 0.0, 0.0, 0.0, 0.0, 0.0, 0.0, 0.0, 0.0, 0.0, 0.0, 0.0, 0.0, 0.0, 0.0, 0.0, 0.0, 0.0, 0.0, 0.0, 0.0, 0.0]]",0.30873584747314453,112.07111263275146,6.0,2.0,39.0,1.0,10.0,4.0,1.0,95.06470489501953,107.38919067382812,107.38919067382812,0.0,0.0,0.0,0.0,0.0,0.0,0.0,0.0,0.0,0.0,0.0,0.0,0.0,0.0,0.0,0.0,0.0,0.0,0.0,0.0,0.0,1.0,0.03333333333333333,0.7450980392156862,0.0,0.8181818181818182,1.0,1.0,0.2618862393802191,0.2958379908369921,0.2958379908369921,0.0,0.0,0.0,0.0,0.0,0.0,0.0,0.0,0.0,0.0,0.0,0.0,0.0,0.0,0.0,0.0,0.0,0.0,0.0,0.0,0.0
9,"[[0.2151971310377121, 0.16666666666666666, 0.8666666666666667, 0.7450980392156862, 0.75, 0.7272727272727273, 0.6666666666666667, 0.0, 0.2151971310377121, 0.15151515151515152, 0.15151515151515152, 0.0, 0.0, 0.0, 0.0, 0.0, 0.0, 0.0, 0.0, 0.0, 0.0, 0.0, 0.0, 0.0, 0.0, 0.0, 0.0, 0.0, 0.0, 0.0, 0.0, 0.0], [0.16461879014968872, 0.3333333333333333, 0.9, 0.7450980392156862, 0.75, 0.7272727272727273, 0.6666666666666667, 0.0, 0.16461879014968872, 0.19008264462809918, 0.19008264462809918, 0.0, 0.0, 0.0, 0.0, 0.0, 0.0, 0.0, 0.0, 0.0, 0.0, 0.0, 0.0, 0.0, 0.0, 0.0, 0.0, 0.0, 0.0, 0.0, 0.0, 0.0], [0.15874868631362915, 0.5, 0.9333333333333333, 0.7450980392156862, 1.0, 0.7272727272727273, 0.6666666666666667, 0.0, 0.15874868631362915, 0.1763085399449036, 0.1763085399449036, 0.0, 0.0, 0.0, 0.0, 0.0, 0.0, 0.0, 0.0, 0.0, 0.0, 0.0, 0.0, 0.0, 0.0, 0.0, 0.0, 0.0, 0.0, 0.0, 0.0, 0.0], [0.17088258266448975, 0.6666666666666666, 0.9666666666666667, 0.7450980392156862, 1.0, 0.7272727272727273, 0.6666666666666667, 0.0, 0.17088258266448975, 0.278236914600551, 0.278236914600551, 0.0, 1.0, 0.0, 1.0, 0.0, 1.0, 0.0, 0.0, 0.0, 0.0, 0.0, 0.0, 0.0, 0.0, 0.0, 0.0, 0.0, 0.0, 0.0, 0.0, 0.0], [0.2712308466434479, 0.8333333333333333, 0.0, 0.7450980392156862, 0.0, 0.8181818181818182, 1.0, 1.0, 0.2712308395007425, 0.22375622793991048, 0.22375622793991048, 1.0, 0.0, 1.0, 0.0, 0.0, 0.0, 0.0, 0.0, 0.0, 0.0, 0.0, 0.0, 0.0, 0.0, 0.0, 0.0, 0.0, 0.0, 0.0, 0.0, 0.0], [0.26188623905181885, 1.0, 0.03333333333333333, 0.7450980392156862, 0.0, 0.8181818181818182, 1.0, 1.0, 0.2618862393802191, 0.2958379908369921, 0.2958379908369921, 0.0, 0.0, 0.0, 0.0, 0.0, 0.0, 0.0, 0.0, 0.0, 0.0, 0.0, 0.0, 0.0, 0.0, 0.0, 0.0, 0.0, 0.0, 0.0, 0.0, 0.0], [0.30873584747314453, 0.0, 0.06666666666666668, 0.7647058823529411, 0.0, 0.8181818181818182, 1.0, 0.0, 0.3087358501003465, 0.21519714019186897, 0.21519714019186897, 0.0, 0.0, 0.0, 0.0, 1.0, 0.0, 0.0, 0.0, 0.0, 0.0, 0.0, 0.0, 0.0, 0.0, 0.0, 0.0, 0.0, 0.0, 0.0, 0.0, 0.0]]",0.3048187792301178,110.64921686053276,0.0,3.0,40.0,1.0,10.0,4.0,0.0,112.07111358642577,78.11656188964844,78.11656188964844,0.0,0.0,0.0,0.0,1.0,0.0,0.0,0.0,0.0,0.0,0.0,0.0,0.0,0.0,0.0,0.0,0.0,0.0,0.0,0.0,0.0,0.0,0.06666666666666668,0.7647058823529411,0.0,0.8181818181818182,1.0,0.0,0.3087358501003465,0.21519714019186897,0.21519714019186897,0.0,0.0,0.0,0.0,1.0,0.0,0.0,0.0,0.0,0.0,0.0,0.0,0.0,0.0,0.0,0.0,0.0,0.0,0.0,0.0,0.0
10,"[[0.16461879014968872, 0.3333333333333333, 0.9, 0.7450980392156862, 0.75, 0.7272727272727273, 0.6666666666666667, 0.0, 0.16461879014968872, 0.19008264462809918, 0.19008264462809918, 0.0, 0.0, 0.0, 0.0, 0.0, 0.0, 0.0, 0.0, 0.0, 0.0, 0.0, 0.0, 0.0, 0.0, 0.0, 0.0, 0.0, 0.0, 0.0, 0.0, 0.0], [0.15874868631362915, 0.5, 0.9333333333333333, 0.7450980392156862, 1.0, 0.7272727272727273, 0.6666666666666667, 0.0, 0.15874868631362915, 0.1763085399449036, 0.1763085399449036, 0.0, 0.0, 0.0, 0.0, 0.0, 0.0, 0.0, 0.0, 0.0, 0.0, 0.0, 0.0, 0.0, 0.0, 0.0, 0.0, 0.0, 0.0, 0.0, 0.0, 0.0], [0.17088258266448975, 0.6666666666666666, 0.9666666666666667, 0.7450980392156862, 1.0, 0.7272727272727273, 0.6666666666666667, 0.0, 0.17088258266448975, 0.278236914600551, 0.278236914600551, 0.0, 1.0, 0.0, 1.0, 0.0, 1.0, 0.0, 0.0, 0.0, 0.0, 0.0, 0.0, 0.0, 0.0, 0.0, 0.0, 0.0, 0.0, 0.0, 0.0, 0.0], [0.2712308466434479, 0.8333333333333333, 0.0, 0.7450980392156862, 0.0, 0.8181818181818182, 1.0, 1.0, 0.2712308395007425, 0.22375622793991048, 0.22375622793991048, 1.0, 0.0, 1.0, 0.0, 0.0, 0.0, 0.0, 0.0, 0.0, 0.0, 0.0, 0.0, 0.0, 0.0, 0.0, 0.0, 0.0, 0.0, 0.0, 0.0, 0.0], [0.26188623905181885, 1.0, 0.03333333333333333, 0.7450980392156862, 0.0, 0.8181818181818182, 1.0, 1.0, 0.2618862393802191, 0.2958379908369921, 0.2958379908369921, 0.0, 0.0, 0.0, 0.0, 0.0, 0.0, 0.0, 0.0, 0.0, 0.0, 0.0, 0.0, 0.0, 0.0, 0.0, 0.0, 0.0, 0.0, 0.0, 0.0, 0.0], [0.30873584747314453, 0.0, 0.06666666666666668, 0.7647058823529411, 0.0, 0.8181818181818182, 1.0, 0.0, 0.3087358501003465, 0.21519714019186897, 0.21519714019186897, 0.0, 0.0, 0.0, 0.0, 1.0, 0.0, 0.0, 0.0, 0.0, 0.0, 0.0, 0.0, 0.0, 0.0, 0.0, 0.0, 0.0, 0.0, 0.0, 0.0, 0.0], [0.3048187792301178, 0.16666666666666666, 0.1, 0.7647058823529411, 0.0, 0.8181818181818182, 1.0, 0.0, 0.3048187760282154, 0.1646187942546918, 0.1646187942546918, 0.0, 0.0, 0.0, 0.0, 0.0, 0.0, 0.0, 0.0, 0.0, 0.0, 0.0, 0.0, 0.0, 0.0, 0.0, 0.0, 0.0, 0.0, 0.0, 0.0, 0.0]]",0.17255783081054688,62.638492584228516,1.0,4.0,40.0,1.0,10.0,4.0,0.0,110.64921569824219,59.756622314453125,59.756622314453125,0.0,0.0,0.0,0.0,0.0,0.0,0.0,0.0,0.0,0.0,0.0,0.0,0.0,0.0,0.0,0.0,0.0,0.0,0.0,0.0,0.0,0.16666666666666666,0.1,0.7647058823529411,0.0,0.8181818181818182,1.0,0.0,0.3048187760282154,0.1646187942546918,0.1646187942546918,0.0,0.0,0.0,0.0,0.0,0.0,0.0,0.0,0.0,0.0,0.0,0.0,0.0,0.0,0.0,0.0,0.0,0.0,0.0,0.0,0.0
11,"[[0.15874868631362915, 0.5, 0.9333333333333333, 0.7450980392156862, 1.0, 0.7272727272727273, 0.6666666666666667, 0.0, 0.15874868631362915, 0.1763085399449036, 0.1763085399449036, 0.0, 0.0, 0.0, 0.0, 0.0, 0.0, 0.0, 0.0, 0.0, 0.0, 0.0, 0.0, 0.0, 0.0, 0.0, 0.0, 0.0, 0.0, 0.0, 0.0, 0.0], [0.17088258266448975, 0.6666666666666666, 0.9666666666666667, 0.7450980392156862, 1.0, 0.7272727272727273, 0.6666666666666667, 0.0, 0.17088258266448975, 0.278236914600551, 0.278236914600551, 0.0, 1.0, 0.0, 1.0, 0.0, 1.0, 0.0, 0.0, 0.0, 0.0, 0.0, 0.0, 0.0, 0.0, 0.0, 0.0, 0.0, 0.0, 0.0, 0.0, 0.0], [0.2712308466434479, 0.8333333333333333, 0.0, 0.7450980392156862, 0.0, 0.8181818181818182, 1.0, 1.0, 0.2712308395007425, 0.22375622793991048, 0.22375622793991048, 1.0, 0.0, 1.0, 0.0, 0.0, 0.0, 0.0, 0.0, 0.0, 0.0, 0.0, 0.0, 0.0, 0.0, 0.0, 0.0, 0.0, 0.0, 0.0, 0.0, 0.0], [0.26188623905181885, 1.0, 0.03333333333333333, 0.7450980392156862, 0.0, 0.8181818181818182, 1.0, 1.0, 0.2618862393802191, 0.2958379908369921, 0.2958379908369921, 0.0, 0.0, 0.0, 0.0, 0.0, 0.0, 0.0, 0.0, 0.0, 0.0, 0.0, 0.0, 0.0, 0.0, 0.0, 0.0, 0.0, 0.0, 0.0, 0.0, 0.0], [0.30873584747314453, 0.0, 0.06666666666666668, 0.7647058823529411, 0.0, 0.8181818181818182, 1.0, 0.0, 0.3087358501003465, 0.21519714019186897, 0.21519714019186897, 0.0, 0.0, 0.0, 0.0, 1.0, 0.0, 0.0, 0.0, 0.0, 0.0, 0.0, 0.0, 0.0, 0.0, 0.0, 0.0, 0.0, 0.0, 0.0, 0.0, 0.0], [0.3048187792301178, 0.16666666666666666, 0.1, 0.7647058823529411, 0.0, 0.8181818181818182, 1.0, 0.0, 0.3048187760282154, 0.1646187942546918, 0.1646187942546918, 0.0, 0.0, 0.0, 0.0, 0.0, 0.0, 0.0, 0.0, 0.0, 0.0, 0.0, 0.0, 0.0, 0.0, 0.0, 0.0, 0.0, 0.0, 0.0, 0.0, 0.0], [0.17255783081054688, 0.3333333333333333, 0.13333333333333333, 0.7647058823529411, 0.0, 0.8181818181818182, 1.0, 0.0, 0.17255783081054688, 0.15874868976183173, 0.15874868976183173, 0.0, 0.0, 0.0, 0.0, 0.0, 0.0, 0.0, 0.0, 0.0, 0.0, 0.0, 0.0, 0.0, 0.0, 0.0, 0.0, 0.0, 0.0, 0.0, 0.0, 0.0]]",0.16936315596103668,61.478825613856316,2.0,5.0,40.0,1.0,10.0,4.0,0.0,62.638492584228516,57.625774383544915,57.625774383544915,0.0,0.0,0.0,0.0,0.0,0.0,0.0,0.0,0.0,0.0,0.0,0.0,0.0,0.0,0.0,0.0,0.0,0.0,0.0,0.0,0.0,0.3333333333333333,0.13333333333333333,0.7647058823529411,0.0,0.8181818181818182,1.0,0.0,0.17255783081054688,0.15874868976183173,0.15874868976183173,0.0,0.0,0.0,0.0,0.0,0.0,0.0,0.0,0.0,0.0,0.0,0.0,0.0,0.0,0.0,0.0,0.0,0.0,0.0,0.0,0.0
12,"[[0.17088258266448975, 0.6666666666666666, 0.9666666666666667, 0.7450980392156862, 1.0, 0.7272727272727273, 0.6666666666666667, 0.0, 0.17088258266448975, 0.278236914600551, 0.278236914600551, 0.0, 1.0, 0.0, 1.0, 0.0, 1.0, 0.0, 0.0, 0.0, 0.0, 0.0, 0.0, 0.0, 0.0, 0.0, 0.0, 0.0, 0.0, 0.0, 0.0, 0.0], [0.2712308466434479, 0.8333333333333333, 0.0, 0.7450980392156862, 0.0, 0.8181818181818182, 1.0, 1.0, 0.2712308395007425, 0.22375622793991048, 0.22375622793991048, 1.0, 0.0, 1.0, 0.0, 0.0, 0.0, 0.0, 0.0, 0.0, 0.0, 0.0, 0.0, 0.0, 0.0, 0.0, 0.0, 0.0, 0.0, 0.0, 0.0, 0.0], [0.26188623905181885, 1.0, 0.03333333333333333, 0.7450980392156862, 0.0, 0.8181818181818182, 1.0, 1.0, 0.2618862393802191, 0.2958379908369921, 0.2958379908369921, 0.0, 0.0, 0.0, 0.0, 0.0, 0.0, 0.0, 0.0, 0.0, 0.0, 0.0, 0.0, 0.0, 0.0, 0.0, 0.0, 0.0, 0.0, 0.0, 0.0, 0.0], [0.30873584747314453, 0.0, 0.06666666666666668, 0.7647058823529411, 0.0, 0.8181818181818182, 1.0, 0.0, 0.3087358501003465, 0.21519714019186897, 0.21519714019186897, 0.0, 0.0, 0.0, 0.0, 1.0, 0.0, 0.0, 0.0, 0.0, 0.0, 0.0, 0.0, 0.0, 0.0, 0.0, 0.0, 0.0, 0.0, 0.0, 0.0, 0.0], [0.3048187792301178, 0.16666666666666666, 0.1, 0.7647058823529411, 0.0, 0.8181818181818182, 1.0, 0.0, 0.3048187760282154, 0.1646187942546918, 0.1646187942546918, 0.0, 0.0, 0.0, 0.0, 0.0, 0.0, 0.0, 0.0, 0.0, 0.0, 0.0, 0.0, 0.0, 0.0, 0.0, 0.0, 0.0, 0.0, 0.0, 0.0, 0.0], [0.17255783081054688, 0.3333333333333333, 0.13333333333333333, 0.7647058823529411, 0.0, 0.8181818181818182, 1.0, 0.0, 0.17255783081054688, 0.15874868976183173, 0.15874868976183173, 0.0, 0.0, 0.0, 0.0, 0.0, 0.0, 0.0, 0.0, 0.0, 0.0, 0.0, 0.0, 0.0, 0.0, 0.0, 0.0, 0.0, 0.0, 0.0, 0.0, 0.0], [0.16936315596103668, 0.5, 0.16666666666666669, 0.7647058823529411, 0.0, 0.8181818181818182, 1.0, 0.0, 0.16936315321068462, 0.17088257970888754, 0.17088257970888754, 0.0, 0.0, 0.0, 0.0, 0.0, 0.0, 0.0, 0.0, 0.0, 0.0, 0.0, 0.0, 0.0, 0.0, 0.0, 0.0, 0.0, 0.0, 0.0, 0.0, 0.0]]",0.1693112552165985,61.45998564362526,3.0,6.0,40.0,1.0,10.0,4.0,0.0,61.478824615478516,62.03037643432617,62.03037643432617,0.0,0.0,0.0,0.0,0.0,0.0,0.0,0.0,0.0,0.0,0.0,0.0,0.0,0.0,0.0,0.0,0.0,0.0,0.0,0.0,0.0,0.5,0.16666666666666669,0.7647058823529411,0.0,0.8181818181818182,1.0,0.0,0.16936315321068462,0.17088257970888754,0.17088257970888754,0.0,0.0,0.0,0.0,0.0,0.0,0.0,0.0,0.0,0.0,0.0,0.0,0.0,0.0,0.0,0.0,0.0,0.0,0.0,0.0,0.0
13,"[[0.2712308466434479, 0.8333333333333333, 0.0, 0.7450980392156862, 0.0, 0.8181818181818182, 1.0, 1.0, 0.2712308395007425, 0.22375622793991048, 0.22375622793991048, 1.0, 0.0, 1.0, 0.0, 0.0, 0.0, 0.0, 0.0, 0.0, 0.0, 0.0, 0.0, 0.0, 0.0, 0.0, 0.0, 0.0, 0.0, 0.0, 0.0, 0.0], [0.26188623905181885, 1.0, 0.03333333333333333, 0.7450980392156862, 0.0, 0.8181818181818182, 1.0, 1.0, 0.2618862393802191, 0.2958379908369921, 0.2958379908369921, 0.0, 0.0, 0.0, 0.0, 0.0, 0.0, 0.0, 0.0, 0.0, 0.0, 0.0, 0.0, 0.0, 0.0, 0.0, 0.0, 0.0, 0.0, 0.0, 0.0, 0.0], [0.30873584747314453, 0.0, 0.06666666666666668, 0.7647058823529411, 0.0, 0.8181818181818182, 1.0, 0.0, 0.3087358501003465, 0.21519714019186897, 0.21519714019186897, 0.0, 0.0, 0.0, 0.0, 1.0, 0.0, 0.0, 0.0, 0.0, 0.0, 0.0, 0.0, 0.0, 0.0, 0.0, 0.0, 0.0, 0.0, 0.0, 0.0, 0.0], [0.3048187792301178, 0.16666666666666666, 0.1, 0.7647058823529411, 0.0, 0.8181818181818182, 1.0, 0.0, 0.3048187760282154, 0.1646187942546918, 0.1646187942546918, 0.0, 0.0, 0.0, 0.0, 0.0, 0.0, 0.0, 0.0, 0.0, 0.0, 0.0, 0.0, 0.0, 0.0, 0.0, 0.0, 0.0, 0.0, 0.0, 0.0, 0.0], [0.17255783081054688, 0.3333333333333333, 0.13333333333333333, 0.7647058823529411, 0.0, 0.8181818181818182, 1.0, 0.0, 0.17255783081054688, 0.15874868976183173, 0.15874868976183173, 0.0, 0.0, 0.0, 0.0, 0.0, 0.0, 0.0, 0.0, 0.0, 0.0, 0.0, 0.0, 0.0, 0.0, 0.0, 0.0, 0.0, 0.0, 0.0, 0.0, 0.0], [0.16936315596103668, 0.5, 0.16666666666666669, 0.7647058823529411, 0.0, 0.8181818181818182, 1.0, 0.0, 0.16936315321068462, 0.17088257970888754, 0.17088257970888754, 0.0, 0.0, 0.0, 0.0, 0.0, 0.0, 0.0, 0.0, 0.0, 0.0, 0.0, 0.0, 0.0, 0.0, 0.0, 0.0, 0.0, 0.0, 0.0, 0.0, 0.0], [0.1693112552165985, 0.6666666666666666, 0.2, 0.7647058823529411, 0.0, 0.8181818181818182, 1.0, 0.0, 0.16931125020849475, 0.2712308395007425, 0.2712308395007425, 0.0, 0.0, 0.0, 0.0, 0.0, 1.0, 0.0, 0.0, 0.0, 0.0, 0.0, 0.0, 0.0, 0.0, 0.0, 0.0, 0.0, 0.0, 0.0, 0.0, 0.0]]",0.2089214026927948,75.83846917748451,4.0,7.0,40.0,1.0,10.0,4.0,0.0,61.459983825683594,98.45679473876953,98.45679473876953,0.0,0.0,0.0,0.0,0.0,1.0,0.0,0.0,0.0,0.0,0.0,0.0,0.0,0.0,0.0,0.0,0.0,0.0,0.0,0.0,0.0,0.6666666666666666,0.2,0.7647058823529411,0.0,0.8181818181818182,1.0,0.0,0.16931125020849475,0.2712308395007425,0.2712308395007425,0.0,0.0,0.0,0.0,0.0,1.0,0.0,0.0,0.0,0.0,0.0,0.0,0.0,0.0,0.0,0.0,0.0,0.0,0.0,0.0,0.0
14,"[[0.26188623905181885, 1.0, 0.03333333333333333, 0.7450980392156862, 0.0, 0.8181818181818182, 1.0, 1.0, 0.2618862393802191, 0.2958379908369921, 0.2958379908369921, 0.0, 0.0, 0.0, 0.0, 0.0, 0.0, 0.0, 0.0, 0.0, 0.0, 0.0, 0.0, 0.0, 0.0, 0.0, 0.0, 0.0, 0.0, 0.0, 0.0, 0.0], [0.30873584747314453, 0.0, 0.06666666666666668, 0.7647058823529411, 0.0, 0.8181818181818182, 1.0, 0.0, 0.3087358501003465, 0.21519714019186897, 0.21519714019186897, 0.0, 0.0, 0.0, 0.0, 1.0, 0.0, 0.0, 0.0, 0.0, 0.0, 0.0, 0.0, 0.0, 0.0, 0.0, 0.0, 0.0, 0.0, 0.0, 0.0, 0.0], [0.3048187792301178, 0.16666666666666666, 0.1, 0.7647058823529411, 0.0, 0.8181818181818182, 1.0, 0.0, 0.3048187760282154, 0.1646187942546918, 0.1646187942546918, 0.0, 0.0, 0.0, 0.0, 0.0, 0.0, 0.0, 0.0, 0.0, 0.0, 0.0, 0.0, 0.0, 0.0, 0.0, 0.0, 0.0, 0.0, 0.0, 0.0, 0.0], [0.17255783081054688, 0.3333333333333333, 0.13333333333333333, 0.7647058823529411, 0.0, 0.8181818181818182, 1.0, 0.0, 0.17255783081054688, 0.15874868976183173, 0.15874868976183173, 0.0, 0.0, 0.0, 0.0, 0.0, 0.0, 0.0, 0.0, 0.0, 0.0, 0.0, 0.0, 0.0, 0.0, 0.0, 0.0, 0.0, 0.0, 0.0, 0.0, 0.0], [0.16936315596103668, 0.5, 0.16666666666666669, 0.7647058823529411, 0.0, 0.8181818181818182, 1.0, 0.0, 0.16936315321068462, 0.17088257970888754, 0.17088257970888754, 0.0, 0.0, 0.0, 0.0, 0.0, 0.0, 0.0, 0.0, 0.0, 0.0, 0.0, 0.0, 0.0, 0.0, 0.0, 0.0, 0.0, 0.0, 0.0, 0.0, 0.0], [0.1693112552165985, 0.6666666666666666, 0.2, 0.7647058823529411, 0.0, 0.8181818181818182, 1.0, 0.0, 0.16931125020849475, 0.2712308395007425, 0.2712308395007425, 0.0, 0.0, 0.0, 0.0, 0.0, 1.0, 0.0, 0.0, 0.0, 0.0, 0.0, 0.0, 0.0, 0.0, 0.0, 0.0, 0.0, 0.0, 0.0, 0.0, 0.0], [0.2089214026927948, 0.8333333333333333, 0.23333333333333334, 0.7647058823529411, 0.25, 0.8181818181818182, 1.0, 1.0, 0.20892140622309746, 0.2618862393802191, 0.2618862393802191, 0.0, 0.0, 0.0, 0.0, 0.0, 0.0, 0.0, 0.0, 0.0, 0.0, 0.0, 0.0, 0.0, 0.0, 0.0, 0.0, 0.0, 0.0, 0.0, 0.0, 0.0]]",0.2554735541343689,92.73690015077591,5.0,8.0,40.0,2.0,10.0,4.0,1.0,75.83847045898438,95.06470489501953,95.06470489501953,0.0,0.0,0.0,0.0,0.0,0.0,0.0,0.0,0.0,0.0,0.0,0.0,0.0,0.0,0.0,0.0,0.0,0.0,0.0,0.0,0.0,0.8333333333333333,0.23333333333333334,0.7647058823529411,0.25,0.8181818181818182,1.0,1.0,0.20892140622309746,0.2618862393802191,0.2618862393802191,0.0,0.0,0.0,0.0,0.0,0.0,0.0,0.0,0.0,0.0,0.0,0.0,0.0,0.0,0.0,0.0,0.0,0.0,0.0,0.0,0.0
15,"[[0.30873584747314453, 0.0, 0.06666666666666668, 0.7647058823529411, 0.0, 0.8181818181818182, 1.0, 0.0, 0.3087358501003465, 0.21519714019186897, 0.21519714019186897, 0.0, 0.0, 0.0, 0.0, 1.0, 0.0, 0.0, 0.0, 0.0, 0.0, 0.0, 0.0, 0.0, 0.0, 0.0, 0.0, 0.0, 0.0, 0.0, 0.0, 0.0], [0.3048187792301178, 0.16666666666666666, 0.1, 0.7647058823529411, 0.0, 0.8181818181818182, 1.0, 0.0, 0.3048187760282154, 0.1646187942546918, 0.1646187942546918, 0.0, 0.0, 0.0, 0.0, 0.0, 0.0, 0.0, 0.0, 0.0, 0.0, 0.0, 0.0, 0.0, 0.0, 0.0, 0.0, 0.0, 0.0, 0.0, 0.0, 0.0], [0.17255783081054688, 0.3333333333333333, 0.13333333333333333, 0.7647058823529411, 0.0, 0.8181818181818182, 1.0, 0.0, 0.17255783081054688, 0.15874868976183173, 0.15874868976183173, 0.0, 0.0, 0.0, 0.0, 0.0, 0.0, 0.0, 0.0, 0.0, 0.0, 0.0, 0.0, 0.0, 0.0, 0.0, 0.0, 0.0, 0.0, 0.0, 0.0, 0.0], [0.16936315596103668, 0.5, 0.16666666666666669, 0.7647058823529411, 0.0, 0.8181818181818182, 1.0, 0.0, 0.16936315321068462, 0.17088257970888754, 0.17088257970888754, 0.0, 0.0, 0.0, 0.0, 0.0, 0.0, 0.0, 0.0, 0.0, 0.0, 0.0, 0.0, 0.0, 0.0, 0.0, 0.0, 0.0, 0.0, 0.0, 0.0, 0.0], [0.1693112552165985, 0.6666666666666666, 0.2, 0.7647058823529411, 0.0, 0.8181818181818182, 1.0, 0.0, 0.16931125020849475, 0.2712308395007425, 0.2712308395007425, 0.0, 0.0, 0.0, 0.0, 0.0, 1.0, 0.0, 0.0, 0.0, 0.0, 0.0, 0.0, 0.0, 0.0, 0.0, 0.0, 0.0, 0.0, 0.0, 0.0, 0.0], [0.2089214026927948, 0.8333333333333333, 0.23333333333333334, 0.7647058823529411, 0.25, 0.8181818181818182, 1.0, 1.0, 0.20892140622309746, 0.2618862393802191, 0.2618862393802191, 0.0, 0.0, 0.0, 0.0, 0.0, 0.0, 0.0, 0.0, 0.0, 0.0, 0.0, 0.0, 0.0, 0.0, 0.0, 0.0, 0.0, 0.0, 0.0, 0.0, 0.0], [0.2554735541343689, 1.0, 0.26666666666666666, 0.7647058823529411, 0.25, 0.8181818181818182, 1.0, 1.0, 0.25547355462696925, 0.3087358501003465, 0.3087358501003465, 0.0, 0.0, 0.0, 0.0, 0.0, 0.0, 0.0, 0.0, 0.0, 0.0, 0.0, 0.0, 0.0, 0.0, 0.0, 0.0, 0.0, 0.0, 0.0, 0.0, 0.0]]",0.2606375813484192,94.61144202947617,6.0,9.0,40.0,2.0,10.0,4.0,1.0,92.73690032958983,112.07111358642577,112.07111358642577,0.0,0.0,0.0,0.0,0.0,0.0,0.0,0.0,0.0,0.0,0.0,0.0,0.0,0.0,0.0,0.0,0.0,0.0,0.0,0.0,0.0,1.0,0.26666666666666666,0.7647058823529411,0.25,0.8181818181818182,1.0,1.0,0.25547355462696925,0.3087358501003465,0.3087358501003465,0.0,0.0,0.0,0.0,0.0,0.0,0.0,0.0,0.0,0.0,0.0,0.0,0.0,0.0,0.0,0.0,0.0,0.0,0.0,0.0,0.0
16,"[[0.3048187792301178, 0.16666666666666666, 0.1, 0.7647058823529411, 0.0, 0.8181818181818182, 1.0, 0.0, 0.3048187760282154, 0.1646187942546918, 0.1646187942546918, 0.0, 0.0, 0.0, 0.0, 0.0, 0.0, 0.0, 0.0, 0.0, 0.0, 0.0, 0.0, 0.0, 0.0, 0.0, 0.0, 0.0, 0.0, 0.0, 0.0, 0.0], [0.17255783081054688, 0.3333333333333333, 0.13333333333333333, 0.7647058823529411, 0.0, 0.8181818181818182, 1.0, 0.0, 0.17255783081054688, 0.15874868976183173, 0.15874868976183173, 0.0, 0.0, 0.0, 0.0, 0.0, 0.0, 0.0, 0.0, 0.0, 0.0, 0.0, 0.0, 0.0, 0.0, 0.0, 0.0, 0.0, 0.0, 0.0, 0.0, 0.0], [0.16936315596103668, 0.5, 0.16666666666666669, 0.7647058823529411, 0.0, 0.8181818181818182, 1.0, 0.0, 0.16936315321068462, 0.17088257970888754, 0.17088257970888754, 0.0, 0.0, 0.0, 0.0, 0.0, 0.0, 0.0, 0.0, 0.0, 0.0, 0.0, 0.0, 0.0, 0.0, 0.0, 0.0, 0.0, 0.0, 0.0, 0.0, 0.0], [0.1693112552165985, 0.6666666666666666, 0.2, 0.7647058823529411, 0.0, 0.8181818181818182, 1.0, 0.0, 0.16931125020849475, 0.2712308395007425, 0.2712308395007425, 0.0, 0.0, 0.0, 0.0, 0.0, 1.0, 0.0, 0.0, 0.0, 0.0, 0.0, 0.0, 0.0, 0.0, 0.0, 0.0, 0.0, 0.0, 0.0, 0.0, 0.0], [0.2089214026927948, 0.8333333333333333, 0.23333333333333334, 0.7647058823529411, 0.25, 0.8181818181818182, 1.0, 1.0, 0.20892140622309746, 0.2618862393802191, 0.2618862393802191, 0.0, 0.0, 0.0, 0.0, 0.0, 0.0, 0.0, 0.0, 0.0, 0.0, 0.0, 0.0, 0.0, 0.0, 0.0, 0.0, 0.0, 0.0, 0.0, 0.0, 0.0], [0.2554735541343689, 1.0, 0.26666666666666666, 0.7647058823529411, 0.25, 0.8181818181818182, 1.0, 1.0, 0.25547355462696925, 0.3087358501003465, 0.3087358501003465, 0.0, 0.0, 0.0, 0.0, 0.0, 0.0, 0.0, 0.0, 0.0, 0.0, 0.0, 0.0, 0.0, 0.0, 0.0, 0.0, 0.0, 0.0, 0.0, 0.0, 0.0], [0.2606375813484192, 0.0, 0.3, 0.7843137254901961, 0.25, 0.8181818181818182, 1.0, 0.0, 0.2606375828262203, 0.3048187760282154, 0.3048187760282154, 0.0, 0.0, 0.0, 0.0, 1.0, 0.0, 0.0, 0.0, 0.0, 0.0, 0.0, 0.0, 0.0, 0.0, 0.0, 0.0, 0.0, 0.0, 0.0, 0.0, 0.0]]",0.2177596390247345,79.04674896597862,0.0,10.0,41.0,2.0,10.0,4.0,0.0,94.61144256591797,110.64921569824219,110.64921569824219,0.0,0.0,0.0,0.0,1.0,0.0,0.0,0.0,0.0,0.0,0.0,0.0,0.0,0.0,0.0,0.0,0.0,0.0,0.0,0.0,0.0,0.0,0.3,0.7843137254901961,0.25,0.8181818181818182,1.0,0.0,0.2606375828262203,0.3048187760282154,0.3048187760282154,0.0,0.0,0.0,0.0,1.0,0.0,0.0,0.0,0.0,0.0,0.0,0.0,0.0,0.0,0.0,0.0,0.0,0.0,0.0,0.0,0.0
17,"[[0.17255783081054688, 0.3333333333333333, 0.13333333333333333, 0.7647058823529411, 0.0, 0.8181818181818182, 1.0, 0.0, 0.17255783081054688, 0.15874868976183173, 0.15874868976183173, 0.0, 0.0, 0.0, 0.0, 0.0, 0.0, 0.0, 0.0, 0.0, 0.0, 0.0, 0.0, 0.0, 0.0, 0.0, 0.0, 0.0, 0.0, 0.0, 0.0, 0.0], [0.16936315596103668, 0.5, 0.16666666666666669, 0.7647058823529411, 0.0, 0.8181818181818182, 1.0, 0.0, 0.16936315321068462, 0.17088257970888754, 0.17088257970888754, 0.0, 0.0, 0.0, 0.0, 0.0, 0.0, 0.0, 0.0, 0.0, 0.0, 0.0, 0.0, 0.0, 0.0, 0.0, 0.0, 0.0, 0.0, 0.0, 0.0, 0.0], [0.1693112552165985, 0.6666666666666666, 0.2, 0.7647058823529411, 0.0, 0.8181818181818182, 1.0, 0.0, 0.16931125020849475, 0.2712308395007425, 0.2712308395007425, 0.0, 0.0, 0.0, 0.0, 0.0, 1.0, 0.0, 0.0, 0.0, 0.0, 0.0, 0.0, 0.0, 0.0, 0.0, 0.0, 0.0, 0.0, 0.0, 0.0, 0.0], [0.2089214026927948, 0.8333333333333333, 0.23333333333333334, 0.7647058823529411, 0.25, 0.8181818181818182, 1.0, 1.0, 0.20892140622309746, 0.2618862393802191, 0.2618862393802191, 0.0, 0.0, 0.0, 0.0, 0.0, 0.0, 0.0, 0.0, 0.0, 0.0, 0.0, 0.0, 0.0, 0.0, 0.0, 0.0, 0.0, 0.0, 0.0, 0.0, 0.0], [0.2554735541343689, 1.0, 0.26666666666666666, 0.7647058823529411, 0.25, 0.8181818181818182, 1.0, 1.0, 0.25547355462696925, 0.3087358501003465, 0.3087358501003465, 0.0, 0.0, 0.0, 0.0, 0.0, 0.0, 0.0, 0.0, 0.0, 0.0, 0.0, 0.0, 0.0, 0.0, 0.0, 0.0, 0.0, 0.0, 0.0, 0.0, 0.0], [0.2606375813484192, 0.0, 0.3, 0.7843137254901961, 0.25, 0.8181818181818182, 1.0, 0.0, 0.2606375828262203, 0.3048187760282154, 0.3048187760282154, 0.0, 0.0, 0.0, 0.0, 1.0, 0.0, 0.0, 0.0, 0.0, 0.0, 0.0, 0.0, 0.0, 0.0, 0.0, 0.0, 0.0, 0.0, 0.0, 0.0, 0.0], [0.2177596390247345, 0.16666666666666666, 0.3333333333333333, 0.7843137254901961, 0.25, 0.8181818181818182, 1.0, 0.0, 0.21775962892642692, 0.17255783081054688, 0.17255783081054688, 0.0, 0.0, 0.0, 0.0, 0.0, 0.0, 0.0, 0.0, 0.0, 0.0, 0.0, 0.0, 0.0, 0.0, 0.0, 0.0, 0.0, 0.0, 0.0, 0.0, 0.0]]",0.16659168899059296,60.47278310358524,1.0,11.0,41.0,2.0,10.0,4.0,0.0,79.04674530029297,62.638492584228516,62.638492584228516,0.0,0.0,0.0,0.0,0.0,0.0,0.0,0.0,0.0,0.0,0.0,0.0,0.0,0.0,0.0,0.0,0.0,0.0,0.0,0.0,0.0,0.16666666666666666,0.3333333333333333,0.7843137254901961,0.25,0.8181818181818182,1.0,0.0,0.21775962892642692,0.17255783081054688,0.17255783081054688,0.0,0.0,0.0,0.0,0.0,0.0,0.0,0.0,0.0,0.0,0.0,0.0,0.0,0.0,0.0,0.0,0.0,0.0,0.0,0.0,0.0
18,"[[0.16936315596103668, 0.5, 0.16666666666666669, 0.7647058823529411, 0.0, 0.8181818181818182, 1.0, 0.0, 0.16936315321068462, 0.17088257970888754, 0.17088257970888754, 0.0, 0.0, 0.0, 0.0, 0.0, 0.0, 0.0, 0.0, 0.0, 0.0, 0.0, 0.0, 0.0, 0.0, 0.0, 0.0, 0.0, 0.0, 0.0, 0.0, 0.0], [0.1693112552165985, 0.6666666666666666, 0.2, 0.7647058823529411, 0.0, 0.8181818181818182, 1.0, 0.0, 0.16931125020849475, 0.2712308395007425, 0.2712308395007425, 0.0, 0.0, 0.0, 0.0, 0.0, 1.0, 0.0, 0.0, 0.0, 0.0, 0.0, 0.0, 0.0, 0.0, 0.0, 0.0, 0.0, 0.0, 0.0, 0.0, 0.0], [0.2089214026927948, 0.8333333333333333, 0.23333333333333334, 0.7647058823529411, 0.25, 0.8181818181818182, 1.0, 1.0, 0.20892140622309746, 0.2618862393802191, 0.2618862393802191, 0.0, 0.0, 0.0, 0.0, 0.0, 0.0, 0.0, 0.0, 0.0, 0.0, 0.0, 0.0, 0.0, 0.0, 0.0, 0.0, 0.0, 0.0, 0.0, 0.0, 0.0], [0.2554735541343689, 1.0, 0.26666666666666666, 0.7647058823529411, 0.25, 0.8181818181818182, 1.0, 1.0, 0.25547355462696925, 0.3087358501003465, 0.3087358501003465, 0.0, 0.0, 0.0, 0.0, 0.0, 0.0, 0.0, 0.0, 0.0, 0.0, 0.0, 0.0, 0.0, 0.0, 0.0, 0.0, 0.0, 0.0, 0.0, 0.0, 0.0], [0.2606375813484192, 0.0, 0.3, 0.7843137254901961, 0.25, 0.8181818181818182, 1.0, 0.0, 0.2606375828262203, 0.3048187760282154, 0.3048187760282154, 0.0, 0.0, 0.0, 0.0, 1.0, 0.0, 0.0, 0.0, 0.0, 0.0, 0.0, 0.0, 0.0, 0.0, 0.0, 0.0, 0.0, 0.0, 0.0, 0.0, 0.0], [0.2177596390247345, 0.16666666666666666, 0.3333333333333333, 0.7843137254901961, 0.25, 0.8181818181818182, 1.0, 0.0, 0.21775962892642692, 0.17255783081054688, 0.17255783081054688, 0.0, 0.0, 0.0, 0.0, 0.0, 0.0, 0.0, 0.0, 0.0, 0.0, 0.0, 0.0, 0.0, 0.0, 0.0, 0.0, 0.0, 0.0, 0.0, 0.0, 0.0], [0.16659168899059296, 0.3333333333333333, 0.3666666666666667, 0.7843137254901961, 0.25, 0.8181818181818182, 1.0, 0.0, 0.16659168632234095, 0.16936315321068462, 0.16936315321068462, 0.0, 0.0, 0.0, 0.0, 0.0, 0.0, 0.0, 0.0, 0.0, 0.0, 0.0, 0.0, 0.0, 0.0, 0.0, 0.0, 0.0, 0.0, 0.0, 0.0, 0.0]]",0.18174415826797485,65.97312945127487,2.0,12.0,41.0,2.0,10.0,4.0,0.0,60.472782135009766,61.478824615478516,61.478824615478516,0.0,0.0,0.0,0.0,0.0,0.0,0.0,0.0,0.0,0.0,0.0,0.0,0.0,0.0,0.0,0.0,0.0,0.0,0.0,0.0,0.0,0.3333333333333333,0.3666666666666667,0.7843137254901961,0.25,0.8181818181818182,1.0,0.0,0.16659168632234095,0.16936315321068462,0.16936315321068462,0.0,0.0,0.0,0.0,0.0,0.0,0.0,0.0,0.0,0.0,0.0,0.0,0.0,0.0,0.0,0.0,0.0,0.0,0.0,0.0,0.0
19,"[[0.1693112552165985, 0.6666666666666666, 0.2, 0.7647058823529411, 0.0, 0.8181818181818182, 1.0, 0.0, 0.16931125020849475, 0.2712308395007425, 0.2712308395007425, 0.0, 0.0, 0.0, 0.0, 0.0, 1.0, 0.0, 0.0, 0.0, 0.0, 0.0, 0.0, 0.0, 0.0, 0.0, 0.0, 0.0, 0.0, 0.0, 0.0, 0.0], [0.2089214026927948, 0.8333333333333333, 0.23333333333333334, 0.7647058823529411, 0.25, 0.8181818181818182, 1.0, 1.0, 0.20892140622309746, 0.2618862393802191, 0.2618862393802191, 0.0, 0.0, 0.0, 0.0, 0.0, 0.0, 0.0, 0.0, 0.0, 0.0, 0.0, 0.0, 0.0, 0.0, 0.0, 0.0, 0.0, 0.0, 0.0, 0.0, 0.0], [0.2554735541343689, 1.0, 0.26666666666666666, 0.7647058823529411, 0.25, 0.8181818181818182, 1.0, 1.0, 0.25547355462696925, 0.3087358501003465, 0.3087358501003465, 0.0, 0.0, 0.0, 0.0, 0.0, 0.0, 0.0, 0.0, 0.0, 0.0, 0.0, 0.0, 0.0, 0.0, 0.0, 0.0, 0.0, 0.0, 0.0, 0.0, 0.0], [0.2606375813484192, 0.0, 0.3, 0.7843137254901961, 0.25, 0.8181818181818182, 1.0, 0.0, 0.2606375828262203, 0.3048187760282154, 0.3048187760282154, 0.0, 0.0, 0.0, 0.0, 1.0, 0.0, 0.0, 0.0, 0.0, 0.0, 0.0, 0.0, 0.0, 0.0, 0.0, 0.0, 0.0, 0.0, 0.0, 0.0, 0.0], [0.2177596390247345, 0.16666666666666666, 0.3333333333333333, 0.7843137254901961, 0.25, 0.8181818181818182, 1.0, 0.0, 0.21775962892642692, 0.17255783081054688, 0.17255783081054688, 0.0, 0.0, 0.0, 0.0, 0.0, 0.0, 0.0, 0.0, 0.0, 0.0, 0.0, 0.0, 0.0, 0.0, 0.0, 0.0, 0.0, 0.0, 0.0, 0.0, 0.0], [0.16659168899059296, 0.3333333333333333, 0.3666666666666667, 0.7843137254901961, 0.25, 0.8181818181818182, 1.0, 0.0, 0.16659168632234095, 0.16936315321068462, 0.16936315321068462, 0.0, 0.0, 0.0, 0.0, 0.0, 0.0, 0.0, 0.0, 0.0, 0.0, 0.0, 0.0, 0.0, 0.0, 0.0, 0.0, 0.0, 0.0, 0.0, 0.0, 0.0], [0.18174415826797485, 0.5, 0.4, 0.7843137254901961, 0.25, 0.8181818181818182, 1.0, 0.0, 0.18174415777537448, 0.16931125020849475, 0.16931125020849475, 0.0, 0.0, 0.0, 0.0, 0.0, 0.0, 0.0, 0.0, 0.0, 0.0, 0.0, 0.0, 0.0, 0.0, 0.0, 0.0, 0.0, 0.0, 0.0, 0.0, 0.0]]",0.18561041355133057,67.376580119133,3.0,13.0,41.0,2.0,10.0,4.0,0.0,65.97312927246094,61.459983825683594,61.459983825683594,0.0,0.0,0.0,0.0,0.0,0.0,0.0,0.0,0.0,0.0,0.0,0.0,0.0,0.0,0.0,0.0,0.0,0.0,0.0,0.0,0.0,0.5,0.4,0.7843137254901961,0.25,0.8181818181818182,1.0,0.0,0.18174415777537448,0.16931125020849475,0.16931125020849475,0.0,0.0,0.0,0.0,0.0,0.0,0.0,0.0,0.0,0.0,0.0,0.0,0.0,0.0,0.0,0.0,0.0,0.0,0.0,0.0,0.0
20,"[[0.2089214026927948, 0.8333333333333333, 0.23333333333333334, 0.7647058823529411, 0.25, 0.8181818181818182, 1.0, 1.0, 0.20892140622309746, 0.2618862393802191, 0.2618862393802191, 0.0, 0.0, 0.0, 0.0, 0.0, 0.0, 0.0, 0.0, 0.0, 0.0, 0.0, 0.0, 0.0, 0.0, 0.0, 0.0, 0.0, 0.0, 0.0, 0.0, 0.0], [0.2554735541343689, 1.0, 0.26666666666666666, 0.7647058823529411, 0.25, 0.8181818181818182, 1.0, 1.0, 0.25547355462696925, 0.3087358501003465, 0.3087358501003465, 0.0, 0.0, 0.0, 0.0, 0.0, 0.0, 0.0, 0.0, 0.0, 0.0, 0.0, 0.0, 0.0, 0.0, 0.0, 0.0, 0.0, 0.0, 0.0, 0.0, 0.0], [0.2606375813484192, 0.0, 0.3, 0.7843137254901961, 0.25, 0.8181818181818182, 1.0, 0.0, 0.2606375828262203, 0.3048187760282154, 0.3048187760282154, 0.0, 0.0, 0.0, 0.0, 1.0, 0.0, 0.0, 0.0, 0.0, 0.0, 0.0, 0.0, 0.0, 0.0, 0.0, 0.0, 0.0, 0.0, 0.0, 0.0, 0.0], [0.2177596390247345, 0.16666666666666666, 0.3333333333333333, 0.7843137254901961, 0.25, 0.8181818181818182, 1.0, 0.0, 0.21775962892642692, 0.17255783081054688, 0.17255783081054688, 0.0, 0.0, 0.0, 0.0, 0.0, 0.0, 0.0, 0.0, 0.0, 0.0, 0.0, 0.0, 0.0, 0.0, 0.0, 0.0, 0.0, 0.0, 0.0, 0.0, 0.0], [0.16659168899059296, 0.3333333333333333, 0.3666666666666667, 0.7843137254901961, 0.25, 0.8181818181818182, 1.0, 0.0, 0.16659168632234095, 0.16936315321068462, 0.16936315321068462, 0.0, 0.0, 0.0, 0.0, 0.0, 0.0, 0.0, 0.0, 0.0, 0.0, 0.0, 0.0, 0.0, 0.0, 0.0, 0.0, 0.0, 0.0, 0.0, 0.0, 0.0], [0.18174415826797485, 0.5, 0.4, 0.7843137254901961, 0.25, 0.8181818181818182, 1.0, 0.0, 0.18174415777537448, 0.16931125020849475, 0.16931125020849475, 0.0, 0.0, 0.0, 0.0, 0.0, 0.0, 0.0, 0.0, 0.0, 0.0, 0.0, 0.0, 0.0, 0.0, 0.0, 0.0, 0.0, 0.0, 0.0, 0.0, 0.0], [0.18561041355133057, 0.6666666666666666, 0.43333333333333335, 0.7843137254901961, 0.25, 0.8181818181818182, 1.0, 0.0, 0.18561041125252883, 0.20892140622309746, 0.20892140622309746, 0.0, 0.0, 0.0, 0.0, 0.0, 1.0, 0.0, 0.0, 0.0, 0.0, 0.0, 0.0, 0.0, 0.0, 0.0, 0.0, 0.0, 0.0, 0.0, 0.0, 0.0]]",0.2532312870025635,91.92295718193054,4.0,14.0,41.0,2.0,10.0,4.0,0.0,67.37657928466797,75.83847045898438,75.83847045898438,0.0,0.0,0.0,0.0,0.0,1.0,0.0,0.0,0.0,0.0,0.0,0.0,0.0,0.0,0.0,0.0,0.0,0.0,0.0,0.0,0.0,0.6666666666666666,0.43333333333333335,0.7843137254901961,0.25,0.8181818181818182,1.0,0.0,0.18561041125252883,0.20892140622309746,0.20892140622309746,0.0,0.0,0.0,0.0,0.0,1.0,0.0,0.0,0.0,0.0,0.0,0.0,0.0,0.0,0.0,0.0,0.0,0.0,0.0,0.0,0.0
21,"[[0.2554735541343689, 1.0, 0.26666666666666666, 0.7647058823529411, 0.25, 0.8181818181818182, 1.0, 1.0, 0.25547355462696925, 0.3087358501003465, 0.3087358501003465, 0.0, 0.0, 0.0, 0.0, 0.0, 0.0, 0.0, 0.0, 0.0, 0.0, 0.0, 0.0, 0.0, 0.0, 0.0, 0.0, 0.0, 0.0, 0.0, 0.0, 0.0], [0.2606375813484192, 0.0, 0.3, 0.7843137254901961, 0.25, 0.8181818181818182, 1.0, 0.0, 0.2606375828262203, 0.3048187760282154, 0.3048187760282154, 0.0, 0.0, 0.0, 0.0, 1.0, 0.0, 0.0, 0.0, 0.0, 0.0, 0.0, 0.0, 0.0, 0.0, 0.0, 0.0, 0.0, 0.0, 0.0, 0.0, 0.0], [0.2177596390247345, 0.16666666666666666, 0.3333333333333333, 0.7843137254901961, 0.25, 0.8181818181818182, 1.0, 0.0, 0.21775962892642692, 0.17255783081054688, 0.17255783081054688, 0.0, 0.0, 0.0, 0.0, 0.0, 0.0, 0.0, 0.0, 0.0, 0.0, 0.0, 0.0, 0.0, 0.0, 0.0, 0.0, 0.0, 0.0, 0.0, 0.0, 0.0], [0.16659168899059296, 0.3333333333333333, 0.3666666666666667, 0.7843137254901961, 0.25, 0.8181818181818182, 1.0, 0.0, 0.16659168632234095, 0.16936315321068462, 0.16936315321068462, 0.0, 0.0, 0.0, 0.0, 0.0, 0.0, 0.0, 0.0, 0.0, 0.0, 0.0, 0.0, 0.0, 0.0, 0.0, 0.0, 0.0, 0.0, 0.0, 0.0, 0.0], [0.18174415826797485, 0.5, 0.4, 0.7843137254901961, 0.25, 0.8181818181818182, 1.0, 0.0, 0.18174415777537448, 0.16931125020849475, 0.16931125020849475, 0.0, 0.0, 0.0, 0.0, 0.0, 0.0, 0.0, 0.0, 0.0, 0.0, 0.0, 0.0, 0.0, 0.0, 0.0, 0.0, 0.0, 0.0, 0.0, 0.0, 0.0], [0.18561041355133057, 0.6666666666666666, 0.43333333333333335, 0.7843137254901961, 0.25, 0.8181818181818182, 1.0, 0.0, 0.18561041125252883, 0.20892140622309746, 0.20892140622309746, 0.0, 0.0, 0.0, 0.0, 0.0, 1.0, 0.0, 0.0, 0.0, 0.0, 0.0, 0.0, 0.0, 0.0, 0.0, 0.0, 0.0, 0.0, 0.0, 0.0, 0.0], [0.2532312870025635, 0.8333333333333333, 0.4666666666666667, 0.7843137254901961, 0.5, 0.8181818181818182, 1.0, 1.0, 0.25323129028656594, 0.25547355462696925, 0.25547355462696925, 0.0, 0.0, 0.0, 0.0, 0.0, 0.0, 0.0, 0.0, 0.0, 0.0, 0.0, 0.0, 0.0, 0.0, 0.0, 0.0, 0.0, 0.0, 0.0, 0.0, 0.0]]",0.24142475426197052,87.6371857970953,5.0,15.0,41.0,3.0,10.0,4.0,1.0,91.92295837402344,92.73690032958983,92.73690032958983,0.0,0.0,0.0,0.0,0.0,0.0,0.0,0.0,0.0,0.0,0.0,0.0,0.0,0.0,0.0,0.0,0.0,0.0,0.0,0.0,0.0,0.8333333333333333,0.4666666666666667,0.7843137254901961,0.5,0.8181818181818182,1.0,1.0,0.25323129028656594,0.25547355462696925,0.25547355462696925,0.0,0.0,0.0,0.0,0.0,0.0,0.0,0.0,0.0,0.0,0.0,0.0,0.0,0.0,0.0,0.0,0.0,0.0,0.0,0.0,0.0
22,"[[0.2606375813484192, 0.0, 0.3, 0.7843137254901961, 0.25, 0.8181818181818182, 1.0, 0.0, 0.2606375828262203, 0.3048187760282154, 0.3048187760282154, 0.0, 0.0, 0.0, 0.0, 1.0, 0.0, 0.0, 0.0, 0.0, 0.0, 0.0, 0.0, 0.0, 0.0, 0.0, 0.0, 0.0, 0.0, 0.0, 0.0, 0.0], [0.2177596390247345, 0.16666666666666666, 0.3333333333333333, 0.7843137254901961, 0.25, 0.8181818181818182, 1.0, 0.0, 0.21775962892642692, 0.17255783081054688, 0.17255783081054688, 0.0, 0.0, 0.0, 0.0, 0.0, 0.0, 0.0, 0.0, 0.0, 0.0, 0.0, 0.0, 0.0, 0.0, 0.0, 0.0, 0.0, 0.0, 0.0, 0.0, 0.0], [0.16659168899059296, 0.3333333333333333, 0.3666666666666667, 0.7843137254901961, 0.25, 0.8181818181818182, 1.0, 0.0, 0.16659168632234095, 0.16936315321068462, 0.16936315321068462, 0.0, 0.0, 0.0, 0.0, 0.0, 0.0, 0.0, 0.0, 0.0, 0.0, 0.0, 0.0, 0.0, 0.0, 0.0, 0.0, 0.0, 0.0, 0.0, 0.0, 0.0], [0.18174415826797485, 0.5, 0.4, 0.7843137254901961, 0.25, 0.8181818181818182, 1.0, 0.0, 0.18174415777537448, 0.16931125020849475, 0.16931125020849475, 0.0, 0.0, 0.0, 0.0, 0.0, 0.0, 0.0, 0.0, 0.0, 0.0, 0.0, 0.0, 0.0, 0.0, 0.0, 0.0, 0.0, 0.0, 0.0, 0.0, 0.0], [0.18561041355133057, 0.6666666666666666, 0.43333333333333335, 0.7843137254901961, 0.25, 0.8181818181818182, 1.0, 0.0, 0.18561041125252883, 0.20892140622309746, 0.20892140622309746, 0.0, 0.0, 0.0, 0.0, 0.0, 1.0, 0.0, 0.0, 0.0, 0.0, 0.0, 0.0, 0.0, 0.0, 0.0, 0.0, 0.0, 0.0, 0.0, 0.0, 0.0], [0.2532312870025635, 0.8333333333333333, 0.4666666666666667, 0.7843137254901961, 0.5, 0.8181818181818182, 1.0, 1.0, 0.25323129028656594, 0.25547355462696925, 0.25547355462696925, 0.0, 0.0, 0.0, 0.0, 0.0, 0.0, 0.0, 0.0, 0.0, 0.0, 0.0, 0.0, 0.0, 0.0, 0.0, 0.0, 0.0, 0.0, 0.0, 0.0, 0.0], [0.24142475426197052, 1.0, 0.5, 0.7843137254901961, 0.5, 0.8181818181818182, 1.0, 1.0, 0.2414247497054171, 0.2606375828262203, 0.2606375828262203, 0.0, 0.0, 0.0, 0.0, 0.0, 0.0, 0.0, 0.0, 0.0, 0.0, 0.0, 0.0, 0.0, 0.0, 0.0, 0.0, 0.0, 0.0, 0.0, 0.0, 0.0]]",0.2893555760383606,105.0360741019249,6.0,16.0,41.0,3.0,10.0,4.0,1.0,87.6371841430664,94.61144256591797,94.61144256591797,0.0,0.0,0.0,0.0,0.0,0.0,0.0,0.0,0.0,0.0,0.0,0.0,0.0,0.0,0.0,0.0,0.0,0.0,0.0,0.0,0.0,1.0,0.5,0.7843137254901961,0.5,0.8181818181818182,1.0,1.0,0.2414247497054171,0.2606375828262203,0.2606375828262203,0.0,0.0,0.0,0.0,0.0,0.0,0.0,0.0,0.0,0.0,0.0,0.0,0.0,0.0,0.0,0.0,0.0,0.0,0.0,0.0,0.0
23,"[[0.2177596390247345, 0.16666666666666666, 0.3333333333333333, 0.7843137254901961, 0.25, 0.8181818181818182, 1.0, 0.0, 0.21775962892642692, 0.17255783081054688, 0.17255783081054688, 0.0, 0.0, 0.0, 0.0, 0.0, 0.0, 0.0, 0.0, 0.0, 0.0, 0.0, 0.0, 0.0, 0.0, 0.0, 0.0, 0.0, 0.0, 0.0, 0.0, 0.0], [0.16659168899059296, 0.3333333333333333, 0.3666666666666667, 0.7843137254901961, 0.25, 0.8181818181818182, 1.0, 0.0, 0.16659168632234095, 0.16936315321068462, 0.16936315321068462, 0.0, 0.0, 0.0, 0.0, 0.0, 0.0, 0.0, 0.0, 0.0, 0.0, 0.0, 0.0, 0.0, 0.0, 0.0, 0.0, 0.0, 0.0, 0.0, 0.0, 0.0], [0.18174415826797485, 0.5, 0.4, 0.7843137254901961, 0.25, 0.8181818181818182, 1.0, 0.0, 0.18174415777537448, 0.16931125020849475, 0.16931125020849475, 0.0, 0.0, 0.0, 0.0, 0.0, 0.0, 0.0, 0.0, 0.0, 0.0, 0.0, 0.0, 0.0, 0.0, 0.0, 0.0, 0.0, 0.0, 0.0, 0.0, 0.0], [0.18561041355133057, 0.6666666666666666, 0.43333333333333335, 0.7843137254901961, 0.25, 0.8181818181818182, 1.0, 0.0, 0.18561041125252883, 0.20892140622309746, 0.20892140622309746, 0.0, 0.0, 0.0, 0.0, 0.0, 1.0, 0.0, 0.0, 0.0, 0.0, 0.0, 0.0, 0.0, 0.0, 0.0, 0.0, 0.0, 0.0, 0.0, 0.0, 0.0], [0.2532312870025635, 0.8333333333333333, 0.4666666666666667, 0.7843137254901961, 0.5, 0.8181818181818182, 1.0, 1.0, 0.25323129028656594, 0.25547355462696925, 0.25547355462696925, 0.0, 0.0, 0.0, 0.0, 0.0, 0.0, 0.0, 0.0, 0.0, 0.0, 0.0, 0.0, 0.0, 0.0, 0.0, 0.0, 0.0, 0.0, 0.0, 0.0, 0.0], [0.24142475426197052, 1.0, 0.5, 0.7843137254901961, 0.5, 0.8181818181818182, 1.0, 1.0, 0.2414247497054171, 0.2606375828262203, 0.2606375828262203, 0.0, 0.0, 0.0, 0.0, 0.0, 0.0, 0.0, 0.0, 0.0, 0.0, 0.0, 0.0, 0.0, 0.0, 0.0, 0.0, 0.0, 0.0, 0.0, 0.0, 0.0], [0.2893555760383606, 0.0, 0.5333333333333333, 0.8039215686274509, 0.5, 0.8181818181818182, 1.0, 0.0, 0.2893555696345558, 0.21775962892642692, 0.21775962892642692, 0.0, 0.0, 0.0, 0.0, 1.0, 0.0, 0.0, 0.0, 0.0, 0.0, 0.0, 0.0, 0.0, 0.0, 0.0, 0.0, 0.0, 0.0, 0.0, 0.0, 0.0]]",0.22724387049674988,82.4895249903202,0.0,17.0,42.0,3.0,10.0,4.0,0.0,105.03607177734375,79.04674530029297,79.04674530029297,0.0,0.0,0.0,0.0,1.0,0.0,0.0,0.0,0.0,0.0,0.0,0.0,0.0,0.0,0.0,0.0,0.0,0.0,0.0,0.0,0.0,0.0,0.5333333333333333,0.8039215686274509,0.5,0.8181818181818182,1.0,0.0,0.2893555696345558,0.21775962892642692,0.21775962892642692,0.0,0.0,0.0,0.0,1.0,0.0,0.0,0.0,0.0,0.0,0.0,0.0,0.0,0.0,0.0,0.0,0.0,0.0,0.0,0.0,0.0
24,"[[0.16659168899059296, 0.3333333333333333, 0.3666666666666667, 0.7843137254901961, 0.25, 0.8181818181818182, 1.0, 0.0, 0.16659168632234095, 0.16936315321068462, 0.16936315321068462, 0.0, 0.0, 0.0, 0.0, 0.0, 0.0, 0.0, 0.0, 0.0, 0.0, 0.0, 0.0, 0.0, 0.0, 0.0, 0.0, 0.0, 0.0, 0.0, 0.0, 0.0], [0.18174415826797485, 0.5, 0.4, 0.7843137254901961, 0.25, 0.8181818181818182, 1.0, 0.0, 0.18174415777537448, 0.16931125020849475, 0.16931125020849475, 0.0, 0.0, 0.0, 0.0, 0.0, 0.0, 0.0, 0.0, 0.0, 0.0, 0.0, 0.0, 0.0, 0.0, 0.0, 0.0, 0.0, 0.0, 0.0, 0.0, 0.0], [0.18561041355133057, 0.6666666666666666, 0.43333333333333335, 0.7843137254901961, 0.25, 0.8181818181818182, 1.0, 0.0, 0.18561041125252883, 0.20892140622309746, 0.20892140622309746, 0.0, 0.0, 0.0, 0.0, 0.0, 1.0, 0.0, 0.0, 0.0, 0.0, 0.0, 0.0, 0.0, 0.0, 0.0, 0.0, 0.0, 0.0, 0.0, 0.0, 0.0], [0.2532312870025635, 0.8333333333333333, 0.4666666666666667, 0.7843137254901961, 0.5, 0.8181818181818182, 1.0, 1.0, 0.25323129028656594, 0.25547355462696925, 0.25547355462696925, 0.0, 0.0, 0.0, 0.0, 0.0, 0.0, 0.0, 0.0, 0.0, 0.0, 0.0, 0.0, 0.0, 0.0, 0.0, 0.0, 0.0, 0.0, 0.0, 0.0, 0.0], [0.24142475426197052, 1.0, 0.5, 0.7843137254901961, 0.5, 0.8181818181818182, 1.0, 1.0, 0.2414247497054171, 0.2606375828262203, 0.2606375828262203, 0.0, 0.0, 0.0, 0.0, 0.0, 0.0, 0.0, 0.0, 0.0, 0.0, 0.0, 0.0, 0.0, 0.0, 0.0, 0.0, 0.0, 0.0, 0.0, 0.0, 0.0], [0.2893555760383606, 0.0, 0.5333333333333333, 0.8039215686274509, 0.5, 0.8181818181818182, 1.0, 0.0, 0.2893555696345558, 0.21775962892642692, 0.21775962892642692, 0.0, 0.0, 0.0, 0.0, 1.0, 0.0, 0.0, 0.0, 0.0, 0.0, 0.0, 0.0, 0.0, 0.0, 0.0, 0.0, 0.0, 0.0, 0.0, 0.0, 0.0], [0.22724387049674988, 0.16666666666666666, 0.5666666666666667, 0.8039215686274509, 0.5, 0.8181818181818182, 1.0, 0.0, 0.22724387008624958, 0.16659168632234095, 0.16659168632234095, 0.0, 0.0, 0.0, 0.0, 0.0, 0.0, 0.0, 0.0, 0.0, 0.0, 0.0, 0.0, 0.0, 0.0, 0.0, 0.0, 0.0, 0.0, 0.0, 0.0, 0.0]]",0.16824646294116974,61.073466047644615,1.0,18.0,42.0,3.0,10.0,4.0,0.0,82.4895248413086,60.472782135009766,60.472782135009766,0.0,0.0,0.0,0.0,0.0,0.0,0.0,0.0,0.0,0.0,0.0,0.0,0.0,0.0,0.0,0.0,0.0,0.0,0.0,0.0,0.0,0.16666666666666666,0.5666666666666667,0.8039215686274509,0.5,0.8181818181818182,1.0,0.0,0.22724387008624958,0.16659168632234095,0.16659168632234095,0.0,0.0,0.0,0.0,0.0,0.0,0.0,0.0,0.0,0.0,0.0,0.0,0.0,0.0,0.0,0.0,0.0,0.0,0.0,0.0,0.0
25,"[[0.18174415826797485, 0.5, 0.4, 0.7843137254901961, 0.25, 0.8181818181818182, 1.0, 0.0, 0.18174415777537448, 0.16931125020849475, 0.16931125020849475, 0.0, 0.0, 0.0, 0.0, 0.0, 0.0, 0.0, 0.0, 0.0, 0.0, 0.0, 0.0, 0.0, 0.0, 0.0, 0.0, 0.0, 0.0, 0.0, 0.0, 0.0], [0.18561041355133057, 0.6666666666666666, 0.43333333333333335, 0.7843137254901961, 0.25, 0.8181818181818182, 1.0, 0.0, 0.18561041125252883, 0.20892140622309746, 0.20892140622309746, 0.0, 0.0, 0.0, 0.0, 0.0, 1.0, 0.0, 0.0, 0.0, 0.0, 0.0, 0.0, 0.0, 0.0, 0.0, 0.0, 0.0, 0.0, 0.0, 0.0, 0.0], [0.2532312870025635, 0.8333333333333333, 0.4666666666666667, 0.7843137254901961, 0.5, 0.8181818181818182, 1.0, 1.0, 0.25323129028656594, 0.25547355462696925, 0.25547355462696925, 0.0, 0.0, 0.0, 0.0, 0.0, 0.0, 0.0, 0.0, 0.0, 0.0, 0.0, 0.0, 0.0, 0.0, 0.0, 0.0, 0.0, 0.0, 0.0, 0.0, 0.0], [0.24142475426197052, 1.0, 0.5, 0.7843137254901961, 0.5, 0.8181818181818182, 1.0, 1.0, 0.2414247497054171, 0.2606375828262203, 0.2606375828262203, 0.0, 0.0, 0.0, 0.0, 0.0, 0.0, 0.0, 0.0, 0.0, 0.0, 0.0, 0.0, 0.0, 0.0, 0.0, 0.0, 0.0, 0.0, 0.0, 0.0, 0.0], [0.2893555760383606, 0.0, 0.5333333333333333, 0.8039215686274509, 0.5, 0.8181818181818182, 1.0, 0.0, 0.2893555696345558, 0.21775962892642692, 0.21775962892642692, 0.0, 0.0, 0.0, 0.0, 1.0, 0.0, 0.0, 0.0, 0.0, 0.0, 0.0, 0.0, 0.0, 0.0, 0.0, 0.0, 0.0, 0.0, 0.0, 0.0, 0.0], [0.22724387049674988, 0.16666666666666666, 0.5666666666666667, 0.8039215686274509, 0.5, 0.8181818181818182, 1.0, 0.0, 0.22724387008624958, 0.16659168632234095, 0.16659168632234095, 0.0, 0.0, 0.0, 0.0, 0.0, 0.0, 0.0, 0.0, 0.0, 0.0, 0.0, 0.0, 0.0, 0.0, 0.0, 0.0, 0.0, 0.0, 0.0, 0.0, 0.0], [0.16824646294116974, 0.3333333333333333, 0.6, 0.8039215686274509, 0.5, 0.8181818181818182, 1.0, 0.0, 0.16824646626622225, 0.18174415777537448, 0.18174415777537448, 0.0, 0.0, 0.0, 0.0, 0.0, 0.0, 0.0, 0.0, 0.0, 0.0, 0.0, 0.0, 0.0, 0.0, 0.0, 0.0, 0.0, 0.0, 0.0, 0.0, 0.0]]",0.18005074560642242,65.35842065513134,2.0,19.0,42.0,3.0,10.0,4.0,0.0,61.07346725463867,65.97312927246094,65.97312927246094,0.0,0.0,0.0,0.0,0.0,0.0,0.0,0.0,0.0,0.0,0.0,0.0,0.0,0.0,0.0,0.0,0.0,0.0,0.0,0.0,0.0,0.3333333333333333,0.6,0.8039215686274509,0.5,0.8181818181818182,1.0,0.0,0.16824646626622225,0.18174415777537448,0.18174415777537448,0.0,0.0,0.0,0.0,0.0,0.0,0.0,0.0,0.0,0.0,0.0,0.0,0.0,0.0,0.0,0.0,0.0,0.0,0.0,0.0,0.0
26,"[[0.18561041355133057, 0.6666666666666666, 0.43333333333333335, 0.7843137254901961, 0.25, 0.8181818181818182, 1.0, 0.0, 0.18561041125252883, 0.20892140622309746, 0.20892140622309746, 0.0, 0.0, 0.0, 0.0, 0.0, 1.0, 0.0, 0.0, 0.0, 0.0, 0.0, 0.0, 0.0, 0.0, 0.0, 0.0, 0.0, 0.0, 0.0, 0.0, 0.0], [0.2532312870025635, 0.8333333333333333, 0.4666666666666667, 0.7843137254901961, 0.5, 0.8181818181818182, 1.0, 1.0, 0.25323129028656594, 0.25547355462696925, 0.25547355462696925, 0.0, 0.0, 0.0, 0.0, 0.0, 0.0, 0.0, 0.0, 0.0, 0.0, 0.0, 0.0, 0.0, 0.0, 0.0, 0.0, 0.0, 0.0, 0.0, 0.0, 0.0], [0.24142475426197052, 1.0, 0.5, 0.7843137254901961, 0.5, 0.8181818181818182, 1.0, 1.0, 0.2414247497054171, 0.2606375828262203, 0.2606375828262203, 0.0, 0.0, 0.0, 0.0, 0.0, 0.0, 0.0, 0.0, 0.0, 0.0, 0.0, 0.0, 0.0, 0.0, 0.0, 0.0, 0.0, 0.0, 0.0, 0.0, 0.0], [0.2893555760383606, 0.0, 0.5333333333333333, 0.8039215686274509, 0.5, 0.8181818181818182, 1.0, 0.0, 0.2893555696345558, 0.21775962892642692, 0.21775962892642692, 0.0, 0.0, 0.0, 0.0, 1.0, 0.0, 0.0, 0.0, 0.0, 0.0, 0.0, 0.0, 0.0, 0.0, 0.0, 0.0, 0.0, 0.0, 0.0, 0.0, 0.0], [0.22724387049674988, 0.16666666666666666, 0.5666666666666667, 0.8039215686274509, 0.5, 0.8181818181818182, 1.0, 0.0, 0.22724387008624958, 0.16659168632234095, 0.16659168632234095, 0.0, 0.0, 0.0, 0.0, 0.0, 0.0, 0.0, 0.0, 0.0, 0.0, 0.0, 0.0, 0.0, 0.0, 0.0, 0.0, 0.0, 0.0, 0.0, 0.0, 0.0], [0.16824646294116974, 0.3333333333333333, 0.6, 0.8039215686274509, 0.5, 0.8181818181818182, 1.0, 0.0, 0.16824646626622225, 0.18174415777537448, 0.18174415777537448, 0.0, 0.0, 0.0, 0.0, 0.0, 0.0, 0.0, 0.0, 0.0, 0.0, 0.0, 0.0, 0.0, 0.0, 0.0, 0.0, 0.0, 0.0, 0.0, 0.0, 0.0], [0.18005074560642242, 0.5, 0.6333333333333333, 0.8039215686274509, 0.5, 0.8181818181818182, 1.0, 0.0, 0.1800507474536738, 0.18561041125252883, 0.18561041125252883, 0.0, 0.0, 0.0, 0.0, 0.0, 0.0, 0.0, 0.0, 0.0, 0.0, 0.0, 0.0, 0.0, 0.0, 0.0, 0.0, 0.0, 0.0, 0.0, 0.0, 0.0]]",0.18284912407398224,66.37423203885555,3.0,20.0,42.0,3.0,10.0,4.0,0.0,65.3584213256836,67.37657928466797,67.37657928466797,0.0,0.0,0.0,0.0,0.0,0.0,0.0,0.0,0.0,0.0,0.0,0.0,0.0,0.0,0.0,0.0,0.0,0.0,0.0,0.0,0.0,0.5,0.6333333333333333,0.8039215686274509,0.5,0.8181818181818182,1.0,0.0,0.1800507474536738,0.18561041125252883,0.18561041125252883,0.0,0.0,0.0,0.0,0.0,0.0,0.0,0.0,0.0,0.0,0.0,0.0,0.0,0.0,0.0,0.0,0.0,0.0,0.0,0.0,0.0
27,"[[0.2532312870025635, 0.8333333333333333, 0.4666666666666667, 0.7843137254901961, 0.5, 0.8181818181818182, 1.0, 1.0, 0.25323129028656594, 0.25547355462696925, 0.25547355462696925, 0.0, 0.0, 0.0, 0.0, 0.0, 0.0, 0.0, 0.0, 0.0, 0.0, 0.0, 0.0, 0.0, 0.0, 0.0, 0.0, 0.0, 0.0, 0.0, 0.0, 0.0], [0.24142475426197052, 1.0, 0.5, 0.7843137254901961, 0.5, 0.8181818181818182, 1.0, 1.0, 0.2414247497054171, 0.2606375828262203, 0.2606375828262203, 0.0, 0.0, 0.0, 0.0, 0.0, 0.0, 0.0, 0.0, 0.0, 0.0, 0.0, 0.0, 0.0, 0.0, 0.0, 0.0, 0.0, 0.0, 0.0, 0.0, 0.0], [0.2893555760383606, 0.0, 0.5333333333333333, 0.8039215686274509, 0.5, 0.8181818181818182, 1.0, 0.0, 0.2893555696345558, 0.21775962892642692, 0.21775962892642692, 0.0, 0.0, 0.0, 0.0, 1.0, 0.0, 0.0, 0.0, 0.0, 0.0, 0.0, 0.0, 0.0, 0.0, 0.0, 0.0, 0.0, 0.0, 0.0, 0.0, 0.0], [0.22724387049674988, 0.16666666666666666, 0.5666666666666667, 0.8039215686274509, 0.5, 0.8181818181818182, 1.0, 0.0, 0.22724387008624958, 0.16659168632234095, 0.16659168632234095, 0.0, 0.0, 0.0, 0.0, 0.0, 0.0, 0.0, 0.0, 0.0, 0.0, 0.0, 0.0, 0.0, 0.0, 0.0, 0.0, 0.0, 0.0, 0.0, 0.0, 0.0], [0.16824646294116974, 0.3333333333333333, 0.6, 0.8039215686274509, 0.5, 0.8181818181818182, 1.0, 0.0, 0.16824646626622225, 0.18174415777537448, 0.18174415777537448, 0.0, 0.0, 0.0, 0.0, 0.0, 0.0, 0.0, 0.0, 0.0, 0.0, 0.0, 0.0, 0.0, 0.0, 0.0, 0.0, 0.0, 0.0, 0.0, 0.0, 0.0], [0.18005074560642242, 0.5, 0.6333333333333333, 0.8039215686274509, 0.5, 0.8181818181818182, 1.0, 0.0, 0.1800507474536738, 0.18561041125252883, 0.18561041125252883, 0.0, 0.0, 0.0, 0.0, 0.0, 0.0, 0.0, 0.0, 0.0, 0.0, 0.0, 0.0, 0.0, 0.0, 0.0, 0.0, 0.0, 0.0, 0.0, 0.0, 0.0], [0.18284912407398224, 0.6666666666666666, 0.6666666666666666, 0.8039215686274509, 0.5, 0.8181818181818182, 1.0, 0.0, 0.18284911689022684, 0.25323129028656594, 0.25323129028656594, 0.0, 0.0, 0.0, 0.0, 0.0, 1.0, 0.0, 0.0, 0.0, 0.0, 0.0, 0.0, 0.0, 0.0, 0.0, 0.0, 0.0, 0.0, 0.0, 0.0, 0.0]]",0.2522217333316803,91.55648919939995,4.0,21.0,42.0,3.0,10.0,4.0,0.0,66.37422943115234,91.92295837402344,91.92295837402344,0.0,0.0,0.0,0.0,0.0,1.0,0.0,0.0,0.0,0.0,0.0,0.0,0.0,0.0,0.0,0.0,0.0,0.0,0.0,0.0,0.0,0.6666666666666666,0.6666666666666666,0.8039215686274509,0.5,0.8181818181818182,1.0,0.0,0.18284911689022684,0.25323129028656594,0.25323129028656594,0.0,0.0,0.0,0.0,0.0,1.0,0.0,0.0,0.0,0.0,0.0,0.0,0.0,0.0,0.0,0.0,0.0,0.0,0.0,0.0,0.0
28,"[[0.24142475426197052, 1.0, 0.5, 0.7843137254901961, 0.5, 0.8181818181818182, 1.0, 1.0, 0.2414247497054171, 0.2606375828262203, 0.2606375828262203, 0.0, 0.0, 0.0, 0.0, 0.0, 0.0, 0.0, 0.0, 0.0, 0.0, 0.0, 0.0, 0.0, 0.0, 0.0, 0.0, 0.0, 0.0, 0.0, 0.0, 0.0], [0.2893555760383606, 0.0, 0.5333333333333333, 0.8039215686274509, 0.5, 0.8181818181818182, 1.0, 0.0, 0.2893555696345558, 0.21775962892642692, 0.21775962892642692, 0.0, 0.0, 0.0, 0.0, 1.0, 0.0, 0.0, 0.0, 0.0, 0.0, 0.0, 0.0, 0.0, 0.0, 0.0, 0.0, 0.0, 0.0, 0.0, 0.0, 0.0], [0.22724387049674988, 0.16666666666666666, 0.5666666666666667, 0.8039215686274509, 0.5, 0.8181818181818182, 1.0, 0.0, 0.22724387008624958, 0.16659168632234095, 0.16659168632234095, 0.0, 0.0, 0.0, 0.0, 0.0, 0.0, 0.0, 0.0, 0.0, 0.0, 0.0, 0.0, 0.0, 0.0, 0.0, 0.0, 0.0, 0.0, 0.0, 0.0, 0.0], [0.16824646294116974, 0.3333333333333333, 0.6, 0.8039215686274509, 0.5, 0.8181818181818182, 1.0, 0.0, 0.16824646626622225, 0.18174415777537448, 0.18174415777537448, 0.0, 0.0, 0.0, 0.0, 0.0, 0.0, 0.0, 0.0, 0.0, 0.0, 0.0, 0.0, 0.0, 0.0, 0.0, 0.0, 0.0, 0.0, 0.0, 0.0, 0.0], [0.18005074560642242, 0.5, 0.6333333333333333, 0.8039215686274509, 0.5, 0.8181818181818182, 1.0, 0.0, 0.1800507474536738, 0.18561041125252883, 0.18561041125252883, 0.0, 0.0, 0.0, 0.0, 0.0, 0.0, 0.0, 0.0, 0.0, 0.0, 0.0, 0.0, 0.0, 0.0, 0.0, 0.0, 0.0, 0.0, 0.0, 0.0, 0.0], [0.18284912407398224, 0.6666666666666666, 0.6666666666666666, 0.8039215686274509, 0.5, 0.8181818181818182, 1.0, 0.0, 0.18284911689022684, 0.25323129028656594, 0.25323129028656594, 0.0, 0.0, 0.0, 0.0, 0.0, 1.0, 0.0, 0.0, 0.0, 0.0, 0.0, 0.0, 0.0, 0.0, 0.0, 0.0, 0.0, 0.0, 0.0, 0.0, 0.0], [0.2522217333316803, 0.8333333333333333, 0.7, 0.8039215686274509, 0.75, 0.8181818181818182, 1.0, 1.0, 0.2522217301297779, 0.2414247497054171, 0.2414247497054171, 0.0, 0.0, 0.0, 0.0, 0.0, 0.0, 0.0, 0.0, 0.0, 0.0, 0.0, 0.0, 0.0, 0.0, 0.0, 0.0, 0.0, 0.0, 0.0, 0.0, 0.0]]",0.22143447399139404,80.38071405887604,5.0,22.0,42.0,4.0,10.0,4.0,1.0,91.55648803710938,87.6371841430664,87.6371841430664,0.0,0.0,0.0,0.0,0.0,0.0,0.0,0.0,0.0,0.0,0.0,0.0,0.0,0.0,0.0,0.0,0.0,0.0,0.0,0.0,0.0,0.8333333333333333,0.7,0.8039215686274509,0.75,0.8181818181818182,1.0,1.0,0.2522217301297779,0.2414247497054171,0.2414247497054171,0.0,0.0,0.0,0.0,0.0,0.0,0.0,0.0,0.0,0.0,0.0,0.0,0.0,0.0,0.0,0.0,0.0,0.0,0.0,0.0,0.0
29,"[[0.2893555760383606, 0.0, 0.5333333333333333, 0.8039215686274509, 0.5, 0.8181818181818182, 1.0, 0.0, 0.2893555696345558, 0.21775962892642692, 0.21775962892642692, 0.0, 0.0, 0.0, 0.0, 1.0, 0.0, 0.0, 0.0, 0.0, 0.0, 0.0, 0.0, 0.0, 0.0, 0.0, 0.0, 0.0, 0.0, 0.0, 0.0, 0.0], [0.22724387049674988, 0.16666666666666666, 0.5666666666666667, 0.8039215686274509, 0.5, 0.8181818181818182, 1.0, 0.0, 0.22724387008624958, 0.16659168632234095, 0.16659168632234095, 0.0, 0.0, 0.0, 0.0, 0.0, 0.0, 0.0, 0.0, 0.0, 0.0, 0.0, 0.0, 0.0, 0.0, 0.0, 0.0, 0.0, 0.0, 0.0, 0.0, 0.0], [0.16824646294116974, 0.3333333333333333, 0.6, 0.8039215686274509, 0.5, 0.8181818181818182, 1.0, 0.0, 0.16824646626622225, 0.18174415777537448, 0.18174415777537448, 0.0, 0.0, 0.0, 0.0, 0.0, 0.0, 0.0, 0.0, 0.0, 0.0, 0.0, 0.0, 0.0, 0.0, 0.0, 0.0, 0.0, 0.0, 0.0, 0.0, 0.0], [0.18005074560642242, 0.5, 0.6333333333333333, 0.8039215686274509, 0.5, 0.8181818181818182, 1.0, 0.0, 0.1800507474536738, 0.18561041125252883, 0.18561041125252883, 0.0, 0.0, 0.0, 0.0, 0.0, 0.0, 0.0, 0.0, 0.0, 0.0, 0.0, 0.0, 0.0, 0.0, 0.0, 0.0, 0.0, 0.0, 0.0, 0.0, 0.0], [0.18284912407398224, 0.6666666666666666, 0.6666666666666666, 0.8039215686274509, 0.5, 0.8181818181818182, 1.0, 0.0, 0.18284911689022684, 0.25323129028656594, 0.25323129028656594, 0.0, 0.0, 0.0, 0.0, 0.0, 1.0, 0.0, 0.0, 0.0, 0.0, 0.0, 0.0, 0.0, 0.0, 0.0, 0.0, 0.0, 0.0, 0.0, 0.0, 0.0], [0.2522217333316803, 0.8333333333333333, 0.7, 0.8039215686274509, 0.75, 0.8181818181818182, 1.0, 1.0, 0.2522217301297779, 0.2414247497054171, 0.2414247497054171, 0.0, 0.0, 0.0, 0.0, 0.0, 0.0, 0.0, 0.0, 0.0, 0.0, 0.0, 0.0, 0.0, 0.0, 0.0, 0.0, 0.0, 0.0, 0.0, 0.0, 0.0], [0.22143447399139404, 1.0, 0.7333333333333333, 0.8039215686274509, 0.75, 0.8181818181818182, 1.0, 1.0, 0.2214344749765948, 0.2893555696345558, 0.2893555696345558, 0.0, 0.0, 0.0, 0.0, 0.0, 0.0, 0.0, 0.0, 0.0, 0.0, 0.0, 0.0, 0.0, 0.0, 0.0, 0.0, 0.0, 0.0, 0.0, 0.0, 0.0]]",0.3064776360988617,111.2513819038868,6.0,23.0,42.0,4.0,10.0,4.0,1.0,80.3807144165039,105.03607177734375,105.03607177734375,0.0,0.0,0.0,0.0,0.0,0.0,0.0,0.0,0.0,0.0,0.0,0.0,0.0,0.0,0.0,0.0,0.0,0.0,0.0,0.0,0.0,1.0,0.7333333333333333,0.8039215686274509,0.75,0.8181818181818182,1.0,1.0,0.2214344749765948,0.2893555696345558,0.2893555696345558,0.0,0.0,0.0,0.0,0.0,0.0,0.0,0.0,0.0,0.0,0.0,0.0,0.0,0.0,0.0,0.0,0.0,0.0,0.0,0.0,0.0
30,"[[0.22724387049674988, 0.16666666666666666, 0.5666666666666667, 0.8039215686274509, 0.5, 0.8181818181818182, 1.0, 0.0, 0.22724387008624958, 0.16659168632234095, 0.16659168632234095, 0.0, 0.0, 0.0, 0.0, 0.0, 0.0, 0.0, 0.0, 0.0, 0.0, 0.0, 0.0, 0.0, 0.0, 0.0, 0.0, 0.0, 0.0, 0.0, 0.0, 0.0], [0.16824646294116974, 0.3333333333333333, 0.6, 0.8039215686274509, 0.5, 0.8181818181818182, 1.0, 0.0, 0.16824646626622225, 0.18174415777537448, 0.18174415777537448, 0.0, 0.0, 0.0, 0.0, 0.0, 0.0, 0.0, 0.0, 0.0, 0.0, 0.0, 0.0, 0.0, 0.0, 0.0, 0.0, 0.0, 0.0, 0.0, 0.0, 0.0], [0.18005074560642242, 0.5, 0.6333333333333333, 0.8039215686274509, 0.5, 0.8181818181818182, 1.0, 0.0, 0.1800507474536738, 0.18561041125252883, 0.18561041125252883, 0.0, 0.0, 0.0, 0.0, 0.0, 0.0, 0.0, 0.0, 0.0, 0.0, 0.0, 0.0, 0.0, 0.0, 0.0, 0.0, 0.0, 0.0, 0.0, 0.0, 0.0], [0.18284912407398224, 0.6666666666666666, 0.6666666666666666, 0.8039215686274509, 0.5, 0.8181818181818182, 1.0, 0.0, 0.18284911689022684, 0.25323129028656594, 0.25323129028656594, 0.0, 0.0, 0.0, 0.0, 0.0, 1.0, 0.0, 0.0, 0.0, 0.0, 0.0, 0.0, 0.0, 0.0, 0.0, 0.0, 0.0, 0.0, 0.0, 0.0, 0.0], [0.2522217333316803, 0.8333333333333333, 0.7, 0.8039215686274509, 0.75, 0.8181818181818182, 1.0, 1.0, 0.2522217301297779, 0.2414247497054171, 0.2414247497054171, 0.0, 0.0, 0.0, 0.0, 0.0, 0.0, 0.0, 0.0, 0.0, 0.0, 0.0, 0.0, 0.0, 0.0, 0.0, 0.0, 0.0, 0.0, 0.0, 0.0, 0.0], [0.22143447399139404, 1.0, 0.7333333333333333, 0.8039215686274509, 0.75, 0.8181818181818182, 1.0, 1.0, 0.2214344749765948, 0.2893555696345558, 0.2893555696345558, 0.0, 0.0, 0.0, 0.0, 0.0, 0.0, 0.0, 0.0, 0.0, 0.0, 0.0, 0.0, 0.0, 0.0, 0.0, 0.0, 0.0, 0.0, 0.0, 0.0, 0.0], [0.3064776360988617, 0.0, 0.7666666666666667, 0.8235294117647058, 0.75, 0.8181818181818182, 1.0, 0.0, 0.3064776333895597, 0.22724387008624958, 0.22724387008624958, 0.0, 0.0, 0.0, 0.0, 1.0, 0.0, 0.0, 0.0, 0.0, 0.0, 0.0, 0.0, 0.0, 0.0, 0.0, 0.0, 0.0, 0.0, 0.0, 0.0, 0.0]]",0.23612898588180542,85.71482187509537,0.0,24.0,43.0,4.0,10.0,4.0,0.0,111.25138092041017,82.4895248413086,82.4895248413086,0.0,0.0,0.0,0.0,1.0,0.0,0.0,0.0,0.0,0.0,0.0,0.0,0.0,0.0,0.0,0.0,0.0,0.0,0.0,0.0,0.0,0.0,0.7666666666666667,0.8235294117647058,0.75,0.8181818181818182,1.0,0.0,0.3064776333895597,0.22724387008624958,0.22724387008624958,0.0,0.0,0.0,0.0,1.0,0.0,0.0,0.0,0.0,0.0,0.0,0.0,0.0,0.0,0.0,0.0,0.0,0.0,0.0,0.0,0.0
31,"[[0.16824646294116974, 0.3333333333333333, 0.6, 0.8039215686274509, 0.5, 0.8181818181818182, 1.0, 0.0, 0.16824646626622225, 0.18174415777537448, 0.18174415777537448, 0.0, 0.0, 0.0, 0.0, 0.0, 0.0, 0.0, 0.0, 0.0, 0.0, 0.0, 0.0, 0.0, 0.0, 0.0, 0.0, 0.0, 0.0, 0.0, 0.0, 0.0], [0.18005074560642242, 0.5, 0.6333333333333333, 0.8039215686274509, 0.5, 0.8181818181818182, 1.0, 0.0, 0.1800507474536738, 0.18561041125252883, 0.18561041125252883, 0.0, 0.0, 0.0, 0.0, 0.0, 0.0, 0.0, 0.0, 0.0, 0.0, 0.0, 0.0, 0.0, 0.0, 0.0, 0.0, 0.0, 0.0, 0.0, 0.0, 0.0], [0.18284912407398224, 0.6666666666666666, 0.6666666666666666, 0.8039215686274509, 0.5, 0.8181818181818182, 1.0, 0.0, 0.18284911689022684, 0.25323129028656594, 0.25323129028656594, 0.0, 0.0, 0.0, 0.0, 0.0, 1.0, 0.0, 0.0, 0.0, 0.0, 0.0, 0.0, 0.0, 0.0, 0.0, 0.0, 0.0, 0.0, 0.0, 0.0, 0.0], [0.2522217333316803, 0.8333333333333333, 0.7, 0.8039215686274509, 0.75, 0.8181818181818182, 1.0, 1.0, 0.2522217301297779, 0.2414247497054171, 0.2414247497054171, 0.0, 0.0, 0.0, 0.0, 0.0, 0.0, 0.0, 0.0, 0.0, 0.0, 0.0, 0.0, 0.0, 0.0, 0.0, 0.0, 0.0, 0.0, 0.0, 0.0, 0.0], [0.22143447399139404, 1.0, 0.7333333333333333, 0.8039215686274509, 0.75, 0.8181818181818182, 1.0, 1.0, 0.2214344749765948, 0.2893555696345558, 0.2893555696345558, 0.0, 0.0, 0.0, 0.0, 0.0, 0.0, 0.0, 0.0, 0.0, 0.0, 0.0, 0.0, 0.0, 0.0, 0.0, 0.0, 0.0, 0.0, 0.0, 0.0, 0.0], [0.3064776360988617, 0.0, 0.7666666666666667, 0.8235294117647058, 0.75, 0.8181818181818182, 1.0, 0.0, 0.3064776333895597, 0.22724387008624958, 0.22724387008624958, 0.0, 0.0, 0.0, 0.0, 1.0, 0.0, 0.0, 0.0, 0.0, 0.0, 0.0, 0.0, 0.0, 0.0, 0.0, 0.0, 0.0, 0.0, 0.0, 0.0, 0.0], [0.23612898588180542, 0.16666666666666666, 0.8, 0.8235294117647058, 0.75, 0.8181818181818182, 1.0, 0.0, 0.23612898309040334, 0.16824646626622225, 0.16824646626622225, 0.0, 0.0, 0.0, 0.0, 0.0, 0.0, 0.0, 0.0, 0.0, 0.0, 0.0, 0.0, 0.0, 0.0, 0.0, 0.0, 0.0, 0.0, 0.0, 0.0, 0.0]]",0.17575514316558838,63.79911696910858,1.0,25.0,43.0,4.0,10.0,4.0,0.0,85.7148208618164,61.07346725463867,61.07346725463867,0.0,0.0,0.0,0.0,0.0,0.0,0.0,0.0,0.0,0.0,0.0,0.0,0.0,0.0,0.0,0.0,0.0,0.0,0.0,0.0,0.0,0.16666666666666666,0.8,0.8235294117647058,0.75,0.8181818181818182,1.0,0.0,0.23612898309040334,0.16824646626622225,0.16824646626622225,0.0,0.0,0.0,0.0,0.0,0.0,0.0,0.0,0.0,0.0,0.0,0.0,0.0,0.0,0.0,0.0,0.0,0.0,0.0,0.0,0.0
32,"[[0.18005074560642242, 0.5, 0.6333333333333333, 0.8039215686274509, 0.5, 0.8181818181818182, 1.0, 0.0, 0.1800507474536738, 0.18561041125252883, 0.18561041125252883, 0.0, 0.0, 0.0, 0.0, 0.0, 0.0, 0.0, 0.0, 0.0, 0.0, 0.0, 0.0, 0.0, 0.0, 0.0, 0.0, 0.0, 0.0, 0.0, 0.0, 0.0], [0.18284912407398224, 0.6666666666666666, 0.6666666666666666, 0.8039215686274509, 0.5, 0.8181818181818182, 1.0, 0.0, 0.18284911689022684, 0.25323129028656594, 0.25323129028656594, 0.0, 0.0, 0.0, 0.0, 0.0, 1.0, 0.0, 0.0, 0.0, 0.0, 0.0, 0.0, 0.0, 0.0, 0.0, 0.0, 0.0, 0.0, 0.0, 0.0, 0.0], [0.2522217333316803, 0.8333333333333333, 0.7, 0.8039215686274509, 0.75, 0.8181818181818182, 1.0, 1.0, 0.2522217301297779, 0.2414247497054171, 0.2414247497054171, 0.0, 0.0, 0.0, 0.0, 0.0, 0.0, 0.0, 0.0, 0.0, 0.0, 0.0, 0.0, 0.0, 0.0, 0.0, 0.0, 0.0, 0.0, 0.0, 0.0, 0.0], [0.22143447399139404, 1.0, 0.7333333333333333, 0.8039215686274509, 0.75, 0.8181818181818182, 1.0, 1.0, 0.2214344749765948, 0.2893555696345558, 0.2893555696345558, 0.0, 0.0, 0.0, 0.0, 0.0, 0.0, 0.0, 0.0, 0.0, 0.0, 0.0, 0.0, 0.0, 0.0, 0.0, 0.0, 0.0, 0.0, 0.0, 0.0, 0.0], [0.3064776360988617, 0.0, 0.7666666666666667, 0.8235294117647058, 0.75, 0.8181818181818182, 1.0, 0.0, 0.3064776333895597, 0.22724387008624958, 0.22724387008624958, 0.0, 0.0, 0.0, 0.0, 1.0, 0.0, 0.0, 0.0, 0.0, 0.0, 0.0, 0.0, 0.0, 0.0, 0.0, 0.0, 0.0, 0.0, 0.0, 0.0, 0.0], [0.23612898588180542, 0.16666666666666666, 0.8, 0.8235294117647058, 0.75, 0.8181818181818182, 1.0, 0.0, 0.23612898309040334, 0.16824646626622225, 0.16824646626622225, 0.0, 0.0, 0.0, 0.0, 0.0, 0.0, 0.0, 0.0, 0.0, 0.0, 0.0, 0.0, 0.0, 0.0, 0.0, 0.0, 0.0, 0.0, 0.0, 0.0, 0.0], [0.17575514316558838, 0.3333333333333333, 0.8333333333333334, 0.8235294117647058, 0.75, 0.8181818181818182, 1.0, 0.0, 0.17575514612119061, 0.1800507474536738, 0.1800507474536738, 0.0, 0.0, 0.0, 0.0, 0.0, 0.0, 0.0, 0.0, 0.0, 0.0, 0.0, 0.0, 0.0, 0.0, 0.0, 0.0, 0.0, 0.0, 0.0, 0.0, 0.0]]",0.1756589710712433,63.76420649886131,2.0,26.0,43.0,4.0,10.0,4.0,0.0,63.799118041992195,65.3584213256836,65.3584213256836,0.0,0.0,0.0,0.0,0.0,0.0,0.0,0.0,0.0,0.0,0.0,0.0,0.0,0.0,0.0,0.0,0.0,0.0,0.0,0.0,0.0,0.3333333333333333,0.8333333333333334,0.8235294117647058,0.75,0.8181818181818182,1.0,0.0,0.17575514612119061,0.1800507474536738,0.1800507474536738,0.0,0.0,0.0,0.0,0.0,0.0,0.0,0.0,0.0,0.0,0.0,0.0,0.0,0.0,0.0,0.0,0.0,0.0,0.0,0.0,0.0
33,"[[0.18284912407398224, 0.6666666666666666, 0.6666666666666666, 0.8039215686274509, 0.5, 0.8181818181818182, 1.0, 0.0, 0.18284911689022684, 0.25323129028656594, 0.25323129028656594, 0.0, 0.0, 0.0, 0.0, 0.0, 1.0, 0.0, 0.0, 0.0, 0.0, 0.0, 0.0, 0.0, 0.0, 0.0, 0.0, 0.0, 0.0, 0.0, 0.0, 0.0], [0.2522217333316803, 0.8333333333333333, 0.7, 0.8039215686274509, 0.75, 0.8181818181818182, 1.0, 1.0, 0.2522217301297779, 0.2414247497054171, 0.2414247497054171, 0.0, 0.0, 0.0, 0.0, 0.0, 0.0, 0.0, 0.0, 0.0, 0.0, 0.0, 0.0, 0.0, 0.0, 0.0, 0.0, 0.0, 0.0, 0.0, 0.0, 0.0], [0.22143447399139404, 1.0, 0.7333333333333333, 0.8039215686274509, 0.75, 0.8181818181818182, 1.0, 1.0, 0.2214344749765948, 0.2893555696345558, 0.2893555696345558, 0.0, 0.0, 0.0, 0.0, 0.0, 0.0, 0.0, 0.0, 0.0, 0.0, 0.0, 0.0, 0.0, 0.0, 0.0, 0.0, 0.0, 0.0, 0.0, 0.0, 0.0], [0.3064776360988617, 0.0, 0.7666666666666667, 0.8235294117647058, 0.75, 0.8181818181818182, 1.0, 0.0, 0.3064776333895597, 0.22724387008624958, 0.22724387008624958, 0.0, 0.0, 0.0, 0.0, 1.0, 0.0, 0.0, 0.0, 0.0, 0.0, 0.0, 0.0, 0.0, 0.0, 0.0, 0.0, 0.0, 0.0, 0.0, 0.0, 0.0], [0.23612898588180542, 0.16666666666666666, 0.8, 0.8235294117647058, 0.75, 0.8181818181818182, 1.0, 0.0, 0.23612898309040334, 0.16824646626622225, 0.16824646626622225, 0.0, 0.0, 0.0, 0.0, 0.0, 0.0, 0.0, 0.0, 0.0, 0.0, 0.0, 0.0, 0.0, 0.0, 0.0, 0.0, 0.0, 0.0, 0.0, 0.0, 0.0], [0.17575514316558838, 0.3333333333333333, 0.8333333333333334, 0.8235294117647058, 0.75, 0.8181818181818182, 1.0, 0.0, 0.17575514612119061, 0.1800507474536738, 0.1800507474536738, 0.0, 0.0, 0.0, 0.0, 0.0, 0.0, 0.0, 0.0, 0.0, 0.0, 0.0, 0.0, 0.0, 0.0, 0.0, 0.0, 0.0, 0.0, 0.0, 0.0, 0.0], [0.1756589710712433, 0.5, 0.8666666666666667, 0.8235294117647058, 0.75, 0.8181818181818182, 1.0, 0.0, 0.1756589695113421, 0.18284911689022684, 0.18284911689022684, 0.0, 0.0, 0.0, 0.0, 0.0, 0.0, 0.0, 0.0, 0.0, 0.0, 0.0, 0.0, 0.0, 0.0, 0.0, 0.0, 0.0, 0.0, 0.0, 0.0, 0.0]]",0.18921326100826263,68.68441374599934,3.0,27.0,43.0,4.0,10.0,4.0,0.0,63.76420593261718,66.37422943115234,66.37422943115234,0.0,0.0,0.0,0.0,0.0,0.0,0.0,0.0,0.0,0.0,0.0,0.0,0.0,0.0,0.0,0.0,0.0,0.0,0.0,0.0,0.0,0.5,0.8666666666666667,0.8235294117647058,0.75,0.8181818181818182,1.0,0.0,0.1756589695113421,0.18284911689022684,0.18284911689022684,0.0,0.0,0.0,0.0,0.0,0.0,0.0,0.0,0.0,0.0,0.0,0.0,0.0,0.0,0.0,0.0,0.0,0.0,0.0,0.0,0.0
34,"[[0.2522217333316803, 0.8333333333333333, 0.7, 0.8039215686274509, 0.75, 0.8181818181818182, 1.0, 1.0, 0.2522217301297779, 0.2414247497054171, 0.2414247497054171, 0.0, 0.0, 0.0, 0.0, 0.0, 0.0, 0.0, 0.0, 0.0, 0.0, 0.0, 0.0, 0.0, 0.0, 0.0, 0.0, 0.0, 0.0, 0.0, 0.0, 0.0], [0.22143447399139404, 1.0, 0.7333333333333333, 0.8039215686274509, 0.75, 0.8181818181818182, 1.0, 1.0, 0.2214344749765948, 0.2893555696345558, 0.2893555696345558, 0.0, 0.0, 0.0, 0.0, 0.0, 0.0, 0.0, 0.0, 0.0, 0.0, 0.0, 0.0, 0.0, 0.0, 0.0, 0.0, 0.0, 0.0, 0.0, 0.0, 0.0], [0.3064776360988617, 0.0, 0.7666666666666667, 0.8235294117647058, 0.75, 0.8181818181818182, 1.0, 0.0, 0.3064776333895597, 0.22724387008624958, 0.22724387008624958, 0.0, 0.0, 0.0, 0.0, 1.0, 0.0, 0.0, 0.0, 0.0, 0.0, 0.0, 0.0, 0.0, 0.0, 0.0, 0.0, 0.0, 0.0, 0.0, 0.0, 0.0], [0.23612898588180542, 0.16666666666666666, 0.8, 0.8235294117647058, 0.75, 0.8181818181818182, 1.0, 0.0, 0.23612898309040334, 0.16824646626622225, 0.16824646626622225, 0.0, 0.0, 0.0, 0.0, 0.0, 0.0, 0.0, 0.0, 0.0, 0.0, 0.0, 0.0, 0.0, 0.0, 0.0, 0.0, 0.0, 0.0, 0.0, 0.0, 0.0], [0.17575514316558838, 0.3333333333333333, 0.8333333333333334, 0.8235294117647058, 0.75, 0.8181818181818182, 1.0, 0.0, 0.17575514612119061, 0.1800507474536738, 0.1800507474536738, 0.0, 0.0, 0.0, 0.0, 0.0, 0.0, 0.0, 0.0, 0.0, 0.0, 0.0, 0.0, 0.0, 0.0, 0.0, 0.0, 0.0, 0.0, 0.0, 0.0, 0.0], [0.1756589710712433, 0.5, 0.8666666666666667, 0.8235294117647058, 0.75, 0.8181818181818182, 1.0, 0.0, 0.1756589695113421, 0.18284911689022684, 0.18284911689022684, 0.0, 0.0, 0.0, 0.0, 0.0, 0.0, 0.0, 0.0, 0.0, 0.0, 0.0, 0.0, 0.0, 0.0, 0.0, 0.0, 0.0, 0.0, 0.0, 0.0, 0.0], [0.18921326100826263, 0.6666666666666666, 0.9, 0.8235294117647058, 0.75, 0.8181818181818182, 1.0, 0.0, 0.18921325095100508, 0.2522217301297779, 0.2522217301297779, 0.0, 0.0, 0.0, 0.0, 0.0, 1.0, 0.0, 0.0, 0.0, 0.0, 0.0, 0.0, 0.0, 0.0, 0.0, 0.0, 0.0, 0.0, 0.0, 0.0, 0.0]]",0.257980614900589,93.6469632089138,4.0,28.0,43.0,4.0,10.0,4.0,0.0,68.68441009521484,91.55648803710938,91.55648803710938,0.0,0.0,0.0,0.0,0.0,1.0,0.0,0.0,0.0,0.0,0.0,0.0,0.0,0.0,0.0,0.0,0.0,0.0,0.0,0.0,0.0,0.6666666666666666,0.9,0.8235294117647058,0.75,0.8181818181818182,1.0,0.0,0.18921325095100508,0.2522217301297779,0.2522217301297779,0.0,0.0,0.0,0.0,0.0,1.0,0.0,0.0,0.0,0.0,0.0,0.0,0.0,0.0,0.0,0.0,0.0,0.0,0.0,0.0,0.0
35,"[[0.22143447399139404, 1.0, 0.7333333333333333, 0.8039215686274509, 0.75, 0.8181818181818182, 1.0, 1.0, 0.2214344749765948, 0.2893555696345558, 0.2893555696345558, 0.0, 0.0, 0.0, 0.0, 0.0, 0.0, 0.0, 0.0, 0.0, 0.0, 0.0, 0.0, 0.0, 0.0, 0.0, 0.0, 0.0, 0.0, 0.0, 0.0, 0.0], [0.3064776360988617, 0.0, 0.7666666666666667, 0.8235294117647058, 0.75, 0.8181818181818182, 1.0, 0.0, 0.3064776333895597, 0.22724387008624958, 0.22724387008624958, 0.0, 0.0, 0.0, 0.0, 1.0, 0.0, 0.0, 0.0, 0.0, 0.0, 0.0, 0.0, 0.0, 0.0, 0.0, 0.0, 0.0, 0.0, 0.0, 0.0, 0.0], [0.23612898588180542, 0.16666666666666666, 0.8, 0.8235294117647058, 0.75, 0.8181818181818182, 1.0, 0.0, 0.23612898309040334, 0.16824646626622225, 0.16824646626622225, 0.0, 0.0, 0.0, 0.0, 0.0, 0.0, 0.0, 0.0, 0.0, 0.0, 0.0, 0.0, 0.0, 0.0, 0.0, 0.0, 0.0, 0.0, 0.0, 0.0, 0.0], [0.17575514316558838, 0.3333333333333333, 0.8333333333333334, 0.8235294117647058, 0.75, 0.8181818181818182, 1.0, 0.0, 0.17575514612119061, 0.1800507474536738, 0.1800507474536738, 0.0, 0.0, 0.0, 0.0, 0.0, 0.0, 0.0, 0.0, 0.0, 0.0, 0.0, 0.0, 0.0, 0.0, 0.0, 0.0, 0.0, 0.0, 0.0, 0.0, 0.0], [0.1756589710712433, 0.5, 0.8666666666666667, 0.8235294117647058, 0.75, 0.8181818181818182, 1.0, 0.0, 0.1756589695113421, 0.18284911689022684, 0.18284911689022684, 0.0, 0.0, 0.0, 0.0, 0.0, 0.0, 0.0, 0.0, 0.0, 0.0, 0.0, 0.0, 0.0, 0.0, 0.0, 0.0, 0.0, 0.0, 0.0, 0.0, 0.0], [0.18921326100826263, 0.6666666666666666, 0.9, 0.8235294117647058, 0.75, 0.8181818181818182, 1.0, 0.0, 0.18921325095100508, 0.2522217301297779, 0.2522217301297779, 0.0, 0.0, 0.0, 0.0, 0.0, 1.0, 0.0, 0.0, 0.0, 0.0, 0.0, 0.0, 0.0, 0.0, 0.0, 0.0, 0.0, 0.0, 0.0, 0.0, 0.0], [0.257980614900589, 0.8333333333333333, 0.9333333333333333, 0.8235294117647058, 1.0, 0.8181818181818182, 1.0, 1.0, 0.25798061990869275, 0.2214344749765948, 0.2214344749765948, 0.0, 0.0, 0.0, 0.0, 0.0, 0.0, 0.0, 0.0, 0.0, 0.0, 0.0, 0.0, 0.0, 0.0, 0.0, 0.0, 0.0, 0.0, 0.0, 0.0, 0.0]]",0.2643469572067261,95.95794546604156,5.0,29.0,43.0,5.0,10.0,4.0,1.0,93.64696502685547,80.3807144165039,80.3807144165039,0.0,0.0,0.0,0.0,0.0,0.0,0.0,0.0,0.0,0.0,0.0,0.0,0.0,0.0,0.0,0.0,0.0,0.0,0.0,0.0,0.0,0.8333333333333333,0.9333333333333333,0.8235294117647058,1.0,0.8181818181818182,1.0,1.0,0.25798061990869275,0.2214344749765948,0.2214344749765948,0.0,0.0,0.0,0.0,0.0,0.0,0.0,0.0,0.0,0.0,0.0,0.0,0.0,0.0,0.0,0.0,0.0,0.0,0.0,0.0,0.0
36,"[[0.3064776360988617, 0.0, 0.7666666666666667, 0.8235294117647058, 0.75, 0.8181818181818182, 1.0, 0.0, 0.3064776333895597, 0.22724387008624958, 0.22724387008624958, 0.0, 0.0, 0.0, 0.0, 1.0, 0.0, 0.0, 0.0, 0.0, 0.0, 0.0, 0.0, 0.0, 0.0, 0.0, 0.0, 0.0, 0.0, 0.0, 0.0, 0.0], [0.23612898588180542, 0.16666666666666666, 0.8, 0.8235294117647058, 0.75, 0.8181818181818182, 1.0, 0.0, 0.23612898309040334, 0.16824646626622225, 0.16824646626622225, 0.0, 0.0, 0.0, 0.0, 0.0, 0.0, 0.0, 0.0, 0.0, 0.0, 0.0, 0.0, 0.0, 0.0, 0.0, 0.0, 0.0, 0.0, 0.0, 0.0, 0.0], [0.17575514316558838, 0.3333333333333333, 0.8333333333333334, 0.8235294117647058, 0.75, 0.8181818181818182, 1.0, 0.0, 0.17575514612119061, 0.1800507474536738, 0.1800507474536738, 0.0, 0.0, 0.0, 0.0, 0.0, 0.0, 0.0, 0.0, 0.0, 0.0, 0.0, 0.0, 0.0, 0.0, 0.0, 0.0, 0.0, 0.0, 0.0, 0.0, 0.0], [0.1756589710712433, 0.5, 0.8666666666666667, 0.8235294117647058, 0.75, 0.8181818181818182, 1.0, 0.0, 0.1756589695113421, 0.18284911689022684, 0.18284911689022684, 0.0, 0.0, 0.0, 0.0, 0.0, 0.0, 0.0, 0.0, 0.0, 0.0, 0.0, 0.0, 0.0, 0.0, 0.0, 0.0, 0.0, 0.0, 0.0, 0.0, 0.0], [0.18921326100826263, 0.6666666666666666, 0.9, 0.8235294117647058, 0.75, 0.8181818181818182, 1.0, 0.0, 0.18921325095100508, 0.2522217301297779, 0.2522217301297779, 0.0, 0.0, 0.0, 0.0, 0.0, 1.0, 0.0, 0.0, 0.0, 0.0, 0.0, 0.0, 0.0, 0.0, 0.0, 0.0, 0.0, 0.0, 0.0, 0.0, 0.0], [0.257980614900589, 0.8333333333333333, 0.9333333333333333, 0.8235294117647058, 1.0, 0.8181818181818182, 1.0, 1.0, 0.25798061990869275, 0.2214344749765948, 0.2214344749765948, 0.0, 0.0, 0.0, 0.0, 0.0, 0.0, 0.0, 0.0, 0.0, 0.0, 0.0, 0.0, 0.0, 0.0, 0.0, 0.0, 0.0, 0.0, 0.0, 0.0, 0.0], [0.2643469572067261, 1.0, 0.9666666666666667, 0.8235294117647058, 1.0, 0.8181818181818182, 1.0, 1.0, 0.2643469608191288, 0.3064776333895597, 0.3064776333895597, 0.0, 0.0, 0.0, 0.0, 0.0, 0.0, 0.0, 0.0, 0.0, 0.0, 0.0, 0.0, 0.0, 0.0, 0.0, 0.0, 0.0, 0.0, 0.0, 0.0, 0.0]]",0.36660414934158325,133.07730621099472,6.0,30.0,43.0,5.0,10.0,4.0,1.0,95.95794677734375,111.25138092041017,111.25138092041017,0.0,0.0,0.0,0.0,0.0,0.0,0.0,0.0,0.0,0.0,0.0,0.0,0.0,0.0,0.0,0.0,0.0,0.0,0.0,0.0,0.0,1.0,0.9666666666666667,0.8235294117647058,1.0,0.8181818181818182,1.0,1.0,0.2643469608191288,0.3064776333895597,0.3064776333895597,0.0,0.0,0.0,0.0,0.0,0.0,0.0,0.0,0.0,0.0,0.0,0.0,0.0,0.0,0.0,0.0,0.0,0.0,0.0,0.0,0.0
37,"[[0.23612898588180542, 0.16666666666666666, 0.8, 0.8235294117647058, 0.75, 0.8181818181818182, 1.0, 0.0, 0.23612898309040334, 0.16824646626622225, 0.16824646626622225, 0.0, 0.0, 0.0, 0.0, 0.0, 0.0, 0.0, 0.0, 0.0, 0.0, 0.0, 0.0, 0.0, 0.0, 0.0, 0.0, 0.0, 0.0, 0.0, 0.0, 0.0], [0.17575514316558838, 0.3333333333333333, 0.8333333333333334, 0.8235294117647058, 0.75, 0.8181818181818182, 1.0, 0.0, 0.17575514612119061, 0.1800507474536738, 0.1800507474536738, 0.0, 0.0, 0.0, 0.0, 0.0, 0.0, 0.0, 0.0, 0.0, 0.0, 0.0, 0.0, 0.0, 0.0, 0.0, 0.0, 0.0, 0.0, 0.0, 0.0, 0.0], [0.1756589710712433, 0.5, 0.8666666666666667, 0.8235294117647058, 0.75, 0.8181818181818182, 1.0, 0.0, 0.1756589695113421, 0.18284911689022684, 0.18284911689022684, 0.0, 0.0, 0.0, 0.0, 0.0, 0.0, 0.0, 0.0, 0.0, 0.0, 0.0, 0.0, 0.0, 0.0, 0.0, 0.0, 0.0, 0.0, 0.0, 0.0, 0.0], [0.18921326100826263, 0.6666666666666666, 0.9, 0.8235294117647058, 0.75, 0.8181818181818182, 1.0, 0.0, 0.18921325095100508, 0.2522217301297779, 0.2522217301297779, 0.0, 0.0, 0.0, 0.0, 0.0, 1.0, 0.0, 0.0, 0.0, 0.0, 0.0, 0.0, 0.0, 0.0, 0.0, 0.0, 0.0, 0.0, 0.0, 0.0, 0.0], [0.257980614900589, 0.8333333333333333, 0.9333333333333333, 0.8235294117647058, 1.0, 0.8181818181818182, 1.0, 1.0, 0.25798061990869275, 0.2214344749765948, 0.2214344749765948, 0.0, 0.0, 0.0, 0.0, 0.0, 0.0, 0.0, 0.0, 0.0, 0.0, 0.0, 0.0, 0.0, 0.0, 0.0, 0.0, 0.0, 0.0, 0.0, 0.0, 0.0], [0.2643469572067261, 1.0, 0.9666666666666667, 0.8235294117647058, 1.0, 0.8181818181818182, 1.0, 1.0, 0.2643469608191288, 0.3064776333895597, 0.3064776333895597, 0.0, 0.0, 0.0, 0.0, 0.0, 0.0, 0.0, 0.0, 0.0, 0.0, 0.0, 0.0, 0.0, 0.0, 0.0, 0.0, 0.0, 0.0, 0.0, 0.0, 0.0], [0.36660414934158325, 0.0, 0.9999999999999999, 0.8431372549019608, 1.0, 0.8181818181818182, 1.0, 0.0, 0.3666041350561725, 0.23612898309040334, 0.23612898309040334, 0.0, 1.0, 0.0, 0.0, 1.0, 0.0, 0.0, 0.0, 0.0, 0.0, 0.0, 0.0, 0.0, 0.0, 0.0, 0.0, 0.0, 0.0, 0.0, 0.0, 0.0]]",0.2544463574886322,92.36402776837349,0.0,30.999999999999996,44.0,5.0,10.0,4.0,0.0,133.07730102539062,85.7148208618164,85.7148208618164,0.0,1.0,0.0,0.0,1.0,0.0,0.0,0.0,0.0,0.0,0.0,0.0,0.0,0.0,0.0,0.0,0.0,0.0,0.0,0.0,0.0,0.0,0.9999999999999999,0.8431372549019608,1.0,0.8181818181818182,1.0,0.0,0.3666041350561725,0.23612898309040334,0.23612898309040334,0.0,1.0,0.0,0.0,1.0,0.0,0.0,0.0,0.0,0.0,0.0,0.0,0.0,0.0,0.0,0.0,0.0,0.0,0.0,0.0,0.0
38,"[[0.17575514316558838, 0.3333333333333333, 0.8333333333333334, 0.8235294117647058, 0.75, 0.8181818181818182, 1.0, 0.0, 0.17575514612119061, 0.1800507474536738, 0.1800507474536738, 0.0, 0.0, 0.0, 0.0, 0.0, 0.0, 0.0, 0.0, 0.0, 0.0, 0.0, 0.0, 0.0, 0.0, 0.0, 0.0, 0.0, 0.0, 0.0, 0.0, 0.0], [0.1756589710712433, 0.5, 0.8666666666666667, 0.8235294117647058, 0.75, 0.8181818181818182, 1.0, 0.0, 0.1756589695113421, 0.18284911689022684, 0.18284911689022684, 0.0, 0.0, 0.0, 0.0, 0.0, 0.0, 0.0, 0.0, 0.0, 0.0, 0.0, 0.0, 0.0, 0.0, 0.0, 0.0, 0.0, 0.0, 0.0, 0.0, 0.0], [0.18921326100826263, 0.6666666666666666, 0.9, 0.8235294117647058, 0.75, 0.8181818181818182, 1.0, 0.0, 0.18921325095100508, 0.2522217301297779, 0.2522217301297779, 0.0, 0.0, 0.0, 0.0, 0.0, 1.0, 0.0, 0.0, 0.0, 0.0, 0.0, 0.0, 0.0, 0.0, 0.0, 0.0, 0.0, 0.0, 0.0, 0.0, 0.0], [0.257980614900589, 0.8333333333333333, 0.9333333333333333, 0.8235294117647058, 1.0, 0.8181818181818182, 1.0, 1.0, 0.25798061990869275, 0.2214344749765948, 0.2214344749765948, 0.0, 0.0, 0.0, 0.0, 0.0, 0.0, 0.0, 0.0, 0.0, 0.0, 0.0, 0.0, 0.0, 0.0, 0.0, 0.0, 0.0, 0.0, 0.0, 0.0, 0.0], [0.2643469572067261, 1.0, 0.9666666666666667, 0.8235294117647058, 1.0, 0.8181818181818182, 1.0, 1.0, 0.2643469608191288, 0.3064776333895597, 0.3064776333895597, 0.0, 0.0, 0.0, 0.0, 0.0, 0.0, 0.0, 0.0, 0.0, 0.0, 0.0, 0.0, 0.0, 0.0, 0.0, 0.0, 0.0, 0.0, 0.0, 0.0, 0.0], [0.36660414934158325, 0.0, 0.9999999999999999, 0.8431372549019608, 1.0, 0.8181818181818182, 1.0, 0.0, 0.3666041350561725, 0.23612898309040334, 0.23612898309040334, 0.0, 1.0, 0.0, 0.0, 1.0, 0.0, 0.0, 0.0, 0.0, 0.0, 0.0, 0.0, 0.0, 0.0, 0.0, 0.0, 0.0, 0.0, 0.0, 0.0, 0.0], [0.2544463574886322, 0.16666666666666666, 0.0, 0.8431372549019608, 0.0, 0.9090909090909091, 1.0, 0.0, 0.2544463606905346, 0.17575514612119061, 0.17575514612119061, 1.0, 0.0, 0.0, 0.0, 0.0, 0.0, 0.0, 0.0, 0.0, 0.0, 0.0, 0.0, 0.0, 0.0, 0.0, 0.0, 0.0, 0.0, 0.0, 0.0, 0.0]]",0.21704430878162384,78.78708408772945,1.0,1.0,44.0,1.0,11.0,4.0,0.0,92.36402893066406,63.799118041992195,63.799118041992195,1.0,0.0,0.0,0.0,0.0,0.0,0.0,0.0,0.0,0.0,0.0,0.0,0.0,0.0,0.0,0.0,0.0,0.0,0.0,0.0,0.0,0.16666666666666666,0.0,0.8431372549019608,0.0,0.9090909090909091,1.0,0.0,0.2544463606905346,0.17575514612119061,0.17575514612119061,1.0,0.0,0.0,0.0,0.0,0.0,0.0,0.0,0.0,0.0,0.0,0.0,0.0,0.0,0.0,0.0,0.0,0.0,0.0,0.0,0.0
39,"[[0.1756589710712433, 0.5, 0.8666666666666667, 0.8235294117647058, 0.75, 0.8181818181818182, 1.0, 0.0, 0.1756589695113421, 0.18284911689022684, 0.18284911689022684, 0.0, 0.0, 0.0, 0.0, 0.0, 0.0, 0.0, 0.0, 0.0, 0.0, 0.0, 0.0, 0.0, 0.0, 0.0, 0.0, 0.0, 0.0, 0.0, 0.0, 0.0], [0.18921326100826263, 0.6666666666666666, 0.9, 0.8235294117647058, 0.75, 0.8181818181818182, 1.0, 0.0, 0.18921325095100508, 0.2522217301297779, 0.2522217301297779, 0.0, 0.0, 0.0, 0.0, 0.0, 1.0, 0.0, 0.0, 0.0, 0.0, 0.0, 0.0, 0.0, 0.0, 0.0, 0.0, 0.0, 0.0, 0.0, 0.0, 0.0], [0.257980614900589, 0.8333333333333333, 0.9333333333333333, 0.8235294117647058, 1.0, 0.8181818181818182, 1.0, 1.0, 0.25798061990869275, 0.2214344749765948, 0.2214344749765948, 0.0, 0.0, 0.0, 0.0, 0.0, 0.0, 0.0, 0.0, 0.0, 0.0, 0.0, 0.0, 0.0, 0.0, 0.0, 0.0, 0.0, 0.0, 0.0, 0.0, 0.0], [0.2643469572067261, 1.0, 0.9666666666666667, 0.8235294117647058, 1.0, 0.8181818181818182, 1.0, 1.0, 0.2643469608191288, 0.3064776333895597, 0.3064776333895597, 0.0, 0.0, 0.0, 0.0, 0.0, 0.0, 0.0, 0.0, 0.0, 0.0, 0.0, 0.0, 0.0, 0.0, 0.0, 0.0, 0.0, 0.0, 0.0, 0.0, 0.0], [0.36660414934158325, 0.0, 0.9999999999999999, 0.8431372549019608, 1.0, 0.8181818181818182, 1.0, 0.0, 0.3666041350561725, 0.23612898309040334, 0.23612898309040334, 0.0, 1.0, 0.0, 0.0, 1.0, 0.0, 0.0, 0.0, 0.0, 0.0, 0.0, 0.0, 0.0, 0.0, 0.0, 0.0, 0.0, 0.0, 0.0, 0.0, 0.0], [0.2544463574886322, 0.16666666666666666, 0.0, 0.8431372549019608, 0.0, 0.9090909090909091, 1.0, 0.0, 0.2544463606905346, 0.17575514612119061, 0.17575514612119061, 1.0, 0.0, 0.0, 0.0, 0.0, 0.0, 0.0, 0.0, 0.0, 0.0, 0.0, 0.0, 0.0, 0.0, 0.0, 0.0, 0.0, 0.0, 0.0, 0.0, 0.0], [0.21704430878162384, 0.3333333333333333, 0.03333333333333333, 0.8431372549019608, 0.0, 0.9090909090909091, 1.0, 0.0, 0.2170443153906788, 0.1756589695113421, 0.1756589695113421, 0.0, 0.0, 0.0, 0.0, 0.0, 0.0, 0.0, 0.0, 0.0, 0.0, 0.0, 0.0, 0.0, 0.0, 0.0, 0.0, 0.0, 0.0, 0.0, 0.0, 0.0]]",0.21265080571174622,77.19224247336388,2.0,2.0,44.0,1.0,11.0,4.0,0.0,78.7870864868164,63.76420593261718,63.76420593261718,0.0,0.0,0.0,0.0,0.0,0.0,0.0,0.0,0.0,0.0,0.0,0.0,0.0,0.0,0.0,0.0,0.0,0.0,0.0,0.0,0.0,0.3333333333333333,0.03333333333333333,0.8431372549019608,0.0,0.9090909090909091,1.0,0.0,0.2170443153906788,0.1756589695113421,0.1756589695113421,0.0,0.0,0.0,0.0,0.0,0.0,0.0,0.0,0.0,0.0,0.0,0.0,0.0,0.0,0.0,0.0,0.0,0.0,0.0,0.0,0.0
40,"[[0.18921326100826263, 0.6666666666666666, 0.9, 0.8235294117647058, 0.75, 0.8181818181818182, 1.0, 0.0, 0.18921325095100508, 0.2522217301297779, 0.2522217301297779, 0.0, 0.0, 0.0, 0.0, 0.0, 1.0, 0.0, 0.0, 0.0, 0.0, 0.0, 0.0, 0.0, 0.0, 0.0, 0.0, 0.0, 0.0, 0.0, 0.0, 0.0], [0.257980614900589, 0.8333333333333333, 0.9333333333333333, 0.8235294117647058, 1.0, 0.8181818181818182, 1.0, 1.0, 0.25798061990869275, 0.2214344749765948, 0.2214344749765948, 0.0, 0.0, 0.0, 0.0, 0.0, 0.0, 0.0, 0.0, 0.0, 0.0, 0.0, 0.0, 0.0, 0.0, 0.0, 0.0, 0.0, 0.0, 0.0, 0.0, 0.0], [0.2643469572067261, 1.0, 0.9666666666666667, 0.8235294117647058, 1.0, 0.8181818181818182, 1.0, 1.0, 0.2643469608191288, 0.3064776333895597, 0.3064776333895597, 0.0, 0.0, 0.0, 0.0, 0.0, 0.0, 0.0, 0.0, 0.0, 0.0, 0.0, 0.0, 0.0, 0.0, 0.0, 0.0, 0.0, 0.0, 0.0, 0.0, 0.0], [0.36660414934158325, 0.0, 0.9999999999999999, 0.8431372549019608, 1.0, 0.8181818181818182, 1.0, 0.0, 0.3666041350561725, 0.23612898309040334, 0.23612898309040334, 0.0, 1.0, 0.0, 0.0, 1.0, 0.0, 0.0, 0.0, 0.0, 0.0, 0.0, 0.0, 0.0, 0.0, 0.0, 0.0, 0.0, 0.0, 0.0, 0.0, 0.0], [0.2544463574886322, 0.16666666666666666, 0.0, 0.8431372549019608, 0.0, 0.9090909090909091, 1.0, 0.0, 0.2544463606905346, 0.17575514612119061, 0.17575514612119061, 1.0, 0.0, 0.0, 0.0, 0.0, 0.0, 0.0, 0.0, 0.0, 0.0, 0.0, 0.0, 0.0, 0.0, 0.0, 0.0, 0.0, 0.0, 0.0, 0.0, 0.0], [0.21704430878162384, 0.3333333333333333, 0.03333333333333333, 0.8431372549019608, 0.0, 0.9090909090909091, 1.0, 0.0, 0.2170443153906788, 0.1756589695113421, 0.1756589695113421, 0.0, 0.0, 0.0, 0.0, 0.0, 0.0, 0.0, 0.0, 0.0, 0.0, 0.0, 0.0, 0.0, 0.0, 0.0, 0.0, 0.0, 0.0, 0.0, 0.0, 0.0], [0.21265080571174622, 0.5, 0.06666666666666668, 0.8431372549019608, 0.0, 0.9090909090909091, 1.0, 0.0, 0.21265081400385244, 0.18921325095100508, 0.18921325095100508, 0.0, 0.0, 0.0, 0.0, 0.0, 0.0, 0.0, 0.0, 0.0, 0.0, 0.0, 0.0, 0.0, 0.0, 0.0, 0.0, 0.0, 0.0, 0.0, 0.0, 0.0]]",0.1860157996416092,67.52373526990414,3.0,3.0,44.0,1.0,11.0,4.0,0.0,77.19224548339844,68.68441009521484,68.68441009521484,0.0,0.0,0.0,0.0,0.0,0.0,0.0,0.0,0.0,0.0,0.0,0.0,0.0,0.0,0.0,0.0,0.0,0.0,0.0,0.0,0.0,0.5,0.06666666666666668,0.8431372549019608,0.0,0.9090909090909091,1.0,0.0,0.21265081400385244,0.18921325095100508,0.18921325095100508,0.0,0.0,0.0,0.0,0.0,0.0,0.0,0.0,0.0,0.0,0.0,0.0,0.0,0.0,0.0,0.0,0.0,0.0,0.0,0.0,0.0
41,"[[0.257980614900589, 0.8333333333333333, 0.9333333333333333, 0.8235294117647058, 1.0, 0.8181818181818182, 1.0, 1.0, 0.25798061990869275, 0.2214344749765948, 0.2214344749765948, 0.0, 0.0, 0.0, 0.0, 0.0, 0.0, 0.0, 0.0, 0.0, 0.0, 0.0, 0.0, 0.0, 0.0, 0.0, 0.0, 0.0, 0.0, 0.0, 0.0, 0.0], [0.2643469572067261, 1.0, 0.9666666666666667, 0.8235294117647058, 1.0, 0.8181818181818182, 1.0, 1.0, 0.2643469608191288, 0.3064776333895597, 0.3064776333895597, 0.0, 0.0, 0.0, 0.0, 0.0, 0.0, 0.0, 0.0, 0.0, 0.0, 0.0, 0.0, 0.0, 0.0, 0.0, 0.0, 0.0, 0.0, 0.0, 0.0, 0.0], [0.36660414934158325, 0.0, 0.9999999999999999, 0.8431372549019608, 1.0, 0.8181818181818182, 1.0, 0.0, 0.3666041350561725, 0.23612898309040334, 0.23612898309040334, 0.0, 1.0, 0.0, 0.0, 1.0, 0.0, 0.0, 0.0, 0.0, 0.0, 0.0, 0.0, 0.0, 0.0, 0.0, 0.0, 0.0, 0.0, 0.0, 0.0, 0.0], [0.2544463574886322, 0.16666666666666666, 0.0, 0.8431372549019608, 0.0, 0.9090909090909091, 1.0, 0.0, 0.2544463606905346, 0.17575514612119061, 0.17575514612119061, 1.0, 0.0, 0.0, 0.0, 0.0, 0.0, 0.0, 0.0, 0.0, 0.0, 0.0, 0.0, 0.0, 0.0, 0.0, 0.0, 0.0, 0.0, 0.0, 0.0, 0.0], [0.21704430878162384, 0.3333333333333333, 0.03333333333333333, 0.8431372549019608, 0.0, 0.9090909090909091, 1.0, 0.0, 0.2170443153906788, 0.1756589695113421, 0.1756589695113421, 0.0, 0.0, 0.0, 0.0, 0.0, 0.0, 0.0, 0.0, 0.0, 0.0, 0.0, 0.0, 0.0, 0.0, 0.0, 0.0, 0.0, 0.0, 0.0, 0.0, 0.0], [0.21265080571174622, 0.5, 0.06666666666666668, 0.8431372549019608, 0.0, 0.9090909090909091, 1.0, 0.0, 0.21265081400385244, 0.18921325095100508, 0.18921325095100508, 0.0, 0.0, 0.0, 0.0, 0.0, 0.0, 0.0, 0.0, 0.0, 0.0, 0.0, 0.0, 0.0, 0.0, 0.0, 0.0, 0.0, 0.0, 0.0, 0.0, 0.0], [0.1860157996416092, 0.6666666666666666, 0.1, 0.8431372549019608, 0.0, 0.9090909090909091, 1.0, 0.0, 0.18601579902585874, 0.25798061990869275, 0.25798061990869275, 0.0, 0.0, 0.0, 0.0, 0.0, 1.0, 0.0, 0.0, 0.0, 0.0, 0.0, 0.0, 0.0, 0.0, 0.0, 0.0, 0.0, 0.0, 0.0, 0.0, 0.0]]",0.2130296677350998,77.32976938784122,4.0,4.0,44.0,1.0,11.0,4.0,0.0,67.52373504638672,93.64696502685547,93.64696502685547,0.0,0.0,0.0,0.0,0.0,1.0,0.0,0.0,0.0,0.0,0.0,0.0,0.0,0.0,0.0,0.0,0.0,0.0,0.0,0.0,0.0,0.6666666666666666,0.1,0.8431372549019608,0.0,0.9090909090909091,1.0,0.0,0.18601579902585874,0.25798061990869275,0.25798061990869275,0.0,0.0,0.0,0.0,0.0,1.0,0.0,0.0,0.0,0.0,0.0,0.0,0.0,0.0,0.0,0.0,0.0,0.0,0.0,0.0,0.0
42,"[[0.2643469572067261, 1.0, 0.9666666666666667, 0.8235294117647058, 1.0, 0.8181818181818182, 1.0, 1.0, 0.2643469608191288, 0.3064776333895597, 0.3064776333895597, 0.0, 0.0, 0.0, 0.0, 0.0, 0.0, 0.0, 0.0, 0.0, 0.0, 0.0, 0.0, 0.0, 0.0, 0.0, 0.0, 0.0, 0.0, 0.0, 0.0, 0.0], [0.36660414934158325, 0.0, 0.9999999999999999, 0.8431372549019608, 1.0, 0.8181818181818182, 1.0, 0.0, 0.3666041350561725, 0.23612898309040334, 0.23612898309040334, 0.0, 1.0, 0.0, 0.0, 1.0, 0.0, 0.0, 0.0, 0.0, 0.0, 0.0, 0.0, 0.0, 0.0, 0.0, 0.0, 0.0, 0.0, 0.0, 0.0, 0.0], [0.2544463574886322, 0.16666666666666666, 0.0, 0.8431372549019608, 0.0, 0.9090909090909091, 1.0, 0.0, 0.2544463606905346, 0.17575514612119061, 0.17575514612119061, 1.0, 0.0, 0.0, 0.0, 0.0, 0.0, 0.0, 0.0, 0.0, 0.0, 0.0, 0.0, 0.0, 0.0, 0.0, 0.0, 0.0, 0.0, 0.0, 0.0, 0.0], [0.21704430878162384, 0.3333333333333333, 0.03333333333333333, 0.8431372549019608, 0.0, 0.9090909090909091, 1.0, 0.0, 0.2170443153906788, 0.1756589695113421, 0.1756589695113421, 0.0, 0.0, 0.0, 0.0, 0.0, 0.0, 0.0, 0.0, 0.0, 0.0, 0.0, 0.0, 0.0, 0.0, 0.0, 0.0, 0.0, 0.0, 0.0, 0.0, 0.0], [0.21265080571174622, 0.5, 0.06666666666666668, 0.8431372549019608, 0.0, 0.9090909090909091, 1.0, 0.0, 0.21265081400385244, 0.18921325095100508, 0.18921325095100508, 0.0, 0.0, 0.0, 0.0, 0.0, 0.0, 0.0, 0.0, 0.0, 0.0, 0.0, 0.0, 0.0, 0.0, 0.0, 0.0, 0.0, 0.0, 0.0, 0.0, 0.0], [0.1860157996416092, 0.6666666666666666, 0.1, 0.8431372549019608, 0.0, 0.9090909090909091, 1.0, 0.0, 0.18601579902585874, 0.25798061990869275, 0.25798061990869275, 0.0, 0.0, 0.0, 0.0, 0.0, 1.0, 0.0, 0.0, 0.0, 0.0, 0.0, 0.0, 0.0, 0.0, 0.0, 0.0, 0.0, 0.0, 0.0, 0.0, 0.0], [0.2130296677350998, 0.8333333333333333, 0.13333333333333333, 0.8431372549019608, 0.0, 0.9090909090909091, 1.0, 1.0, 0.21302967754605717, 0.2643469608191288, 0.2643469608191288, 0.0, 0.0, 0.0, 0.0, 0.0, 0.0, 0.0, 0.0, 0.0, 0.0, 0.0, 0.0, 0.0, 0.0, 0.0, 0.0, 0.0, 0.0, 0.0, 0.0, 0.0]]",0.24228429794311523,87.94920015335083,5.0,5.0,44.0,1.0,11.0,4.0,1.0,77.32977294921875,95.95794677734375,95.95794677734375,0.0,0.0,0.0,0.0,0.0,0.0,0.0,0.0,0.0,0.0,0.0,0.0,0.0,0.0,0.0,0.0,0.0,0.0,0.0,0.0,0.0,0.8333333333333333,0.13333333333333333,0.8431372549019608,0.0,0.9090909090909091,1.0,1.0,0.21302967754605717,0.2643469608191288,0.2643469608191288,0.0,0.0,0.0,0.0,0.0,0.0,0.0,0.0,0.0,0.0,0.0,0.0,0.0,0.0,0.0,0.0,0.0,0.0,0.0,0.0,0.0
43,"[[0.36660414934158325, 0.0, 0.9999999999999999, 0.8431372549019608, 1.0, 0.8181818181818182, 1.0, 0.0, 0.3666041350561725, 0.23612898309040334, 0.23612898309040334, 0.0, 1.0, 0.0, 0.0, 1.0, 0.0, 0.0, 0.0, 0.0, 0.0, 0.0, 0.0, 0.0, 0.0, 0.0, 0.0, 0.0, 0.0, 0.0, 0.0, 0.0], [0.2544463574886322, 0.16666666666666666, 0.0, 0.8431372549019608, 0.0, 0.9090909090909091, 1.0, 0.0, 0.2544463606905346, 0.17575514612119061, 0.17575514612119061, 1.0, 0.0, 0.0, 0.0, 0.0, 0.0, 0.0, 0.0, 0.0, 0.0, 0.0, 0.0, 0.0, 0.0, 0.0, 0.0, 0.0, 0.0, 0.0, 0.0, 0.0], [0.21704430878162384, 0.3333333333333333, 0.03333333333333333, 0.8431372549019608, 0.0, 0.9090909090909091, 1.0, 0.0, 0.2170443153906788, 0.1756589695113421, 0.1756589695113421, 0.0, 0.0, 0.0, 0.0, 0.0, 0.0, 0.0, 0.0, 0.0, 0.0, 0.0, 0.0, 0.0, 0.0, 0.0, 0.0, 0.0, 0.0, 0.0, 0.0, 0.0], [0.21265080571174622, 0.5, 0.06666666666666668, 0.8431372549019608, 0.0, 0.9090909090909091, 1.0, 0.0, 0.21265081400385244, 0.18921325095100508, 0.18921325095100508, 0.0, 0.0, 0.0, 0.0, 0.0, 0.0, 0.0, 0.0, 0.0, 0.0, 0.0, 0.0, 0.0, 0.0, 0.0, 0.0, 0.0, 0.0, 0.0, 0.0, 0.0], [0.1860157996416092, 0.6666666666666666, 0.1, 0.8431372549019608, 0.0, 0.9090909090909091, 1.0, 0.0, 0.18601579902585874, 0.25798061990869275, 0.25798061990869275, 0.0, 0.0, 0.0, 0.0, 0.0, 1.0, 0.0, 0.0, 0.0, 0.0, 0.0, 0.0, 0.0, 0.0, 0.0, 0.0, 0.0, 0.0, 0.0, 0.0, 0.0], [0.2130296677350998, 0.8333333333333333, 0.13333333333333333, 0.8431372549019608, 0.0, 0.9090909090909091, 1.0, 1.0, 0.21302967754605717, 0.2643469608191288, 0.2643469608191288, 0.0, 0.0, 0.0, 0.0, 0.0, 0.0, 0.0, 0.0, 0.0, 0.0, 0.0, 0.0, 0.0, 0.0, 0.0, 0.0, 0.0, 0.0, 0.0, 0.0, 0.0], [0.24228429794311523, 1.0, 0.16666666666666669, 0.8431372549019608, 0.0, 0.9090909090909091, 1.0, 1.0, 0.24228430713832214, 0.3666041350561725, 0.3666041350561725, 0.0, 0.0, 0.0, 0.0, 0.0, 0.0, 0.0, 0.0, 0.0, 0.0, 0.0, 0.0, 0.0, 0.0, 0.0, 0.0, 0.0, 0.0, 0.0, 0.0, 0.0]]",0.3937792181968689,142.9418562054634,6.0,6.0,44.0,1.0,11.0,4.0,1.0,87.94920349121094,133.07730102539062,133.07730102539062,0.0,0.0,0.0,0.0,0.0,0.0,0.0,0.0,0.0,0.0,0.0,0.0,0.0,0.0,0.0,0.0,0.0,0.0,0.0,0.0,0.0,1.0,0.16666666666666669,0.8431372549019608,0.0,0.9090909090909091,1.0,1.0,0.24228430713832214,0.3666041350561725,0.3666041350561725,0.0,0.0,0.0,0.0,0.0,0.0,0.0,0.0,0.0,0.0,0.0,0.0,0.0,0.0,0.0,0.0,0.0,0.0,0.0,0.0,0.0
44,"[[0.2544463574886322, 0.16666666666666666, 0.0, 0.8431372549019608, 0.0, 0.9090909090909091, 1.0, 0.0, 0.2544463606905346, 0.17575514612119061, 0.17575514612119061, 1.0, 0.0, 0.0, 0.0, 0.0, 0.0, 0.0, 0.0, 0.0, 0.0, 0.0, 0.0, 0.0, 0.0, 0.0, 0.0, 0.0, 0.0, 0.0, 0.0, 0.0], [0.21704430878162384, 0.3333333333333333, 0.03333333333333333, 0.8431372549019608, 0.0, 0.9090909090909091, 1.0, 0.0, 0.2170443153906788, 0.1756589695113421, 0.1756589695113421, 0.0, 0.0, 0.0, 0.0, 0.0, 0.0, 0.0, 0.0, 0.0, 0.0, 0.0, 0.0, 0.0, 0.0, 0.0, 0.0, 0.0, 0.0, 0.0, 0.0, 0.0], [0.21265080571174622, 0.5, 0.06666666666666668, 0.8431372549019608, 0.0, 0.9090909090909091, 1.0, 0.0, 0.21265081400385244, 0.18921325095100508, 0.18921325095100508, 0.0, 0.0, 0.0, 0.0, 0.0, 0.0, 0.0, 0.0, 0.0, 0.0, 0.0, 0.0, 0.0, 0.0, 0.0, 0.0, 0.0, 0.0, 0.0, 0.0, 0.0], [0.1860157996416092, 0.6666666666666666, 0.1, 0.8431372549019608, 0.0, 0.9090909090909091, 1.0, 0.0, 0.18601579902585874, 0.25798061990869275, 0.25798061990869275, 0.0, 0.0, 0.0, 0.0, 0.0, 1.0, 0.0, 0.0, 0.0, 0.0, 0.0, 0.0, 0.0, 0.0, 0.0, 0.0, 0.0, 0.0, 0.0, 0.0, 0.0], [0.2130296677350998, 0.8333333333333333, 0.13333333333333333, 0.8431372549019608, 0.0, 0.9090909090909091, 1.0, 1.0, 0.21302967754605717, 0.2643469608191288, 0.2643469608191288, 0.0, 0.0, 0.0, 0.0, 0.0, 0.0, 0.0, 0.0, 0.0, 0.0, 0.0, 0.0, 0.0, 0.0, 0.0, 0.0, 0.0, 0.0, 0.0, 0.0, 0.0], [0.24228429794311523, 1.0, 0.16666666666666669, 0.8431372549019608, 0.0, 0.9090909090909091, 1.0, 1.0, 0.24228430713832214, 0.3666041350561725, 0.3666041350561725, 0.0, 0.0, 0.0, 0.0, 0.0, 0.0, 0.0, 0.0, 0.0, 0.0, 0.0, 0.0, 0.0, 0.0, 0.0, 0.0, 0.0, 0.0, 0.0, 0.0, 0.0], [0.3937792181968689, 0.0, 0.2, 0.8627450980392156, 0.0, 0.9090909090909091, 1.0, 0.0, 0.3937791976718535, 0.2544463606905346, 0.2544463606905346, 0.0, 0.0, 0.0, 0.0, 1.0, 0.0, 0.0, 0.0, 0.0, 0.0, 0.0, 0.0, 0.0, 0.0, 0.0, 0.0, 0.0, 0.0, 0.0, 0.0, 0.0]]",0.23603302240371704,85.67998713254929,0.0,7.0,45.0,1.0,11.0,4.0,0.0,142.9418487548828,92.36402893066406,92.36402893066406,0.0,0.0,0.0,0.0,1.0,0.0,0.0,0.0,0.0,0.0,0.0,0.0,0.0,0.0,0.0,0.0,0.0,0.0,0.0,0.0,0.0,0.0,0.2,0.8627450980392156,0.0,0.9090909090909091,1.0,0.0,0.3937791976718535,0.2544463606905346,0.2544463606905346,0.0,0.0,0.0,0.0,1.0,0.0,0.0,0.0,0.0,0.0,0.0,0.0,0.0,0.0,0.0,0.0,0.0,0.0,0.0,0.0,0.0
45,"[[0.21704430878162384, 0.3333333333333333, 0.03333333333333333, 0.8431372549019608, 0.0, 0.9090909090909091, 1.0, 0.0, 0.2170443153906788, 0.1756589695113421, 0.1756589695113421, 0.0, 0.0, 0.0, 0.0, 0.0, 0.0, 0.0, 0.0, 0.0, 0.0, 0.0, 0.0, 0.0, 0.0, 0.0, 0.0, 0.0, 0.0, 0.0, 0.0, 0.0], [0.21265080571174622, 0.5, 0.06666666666666668, 0.8431372549019608, 0.0, 0.9090909090909091, 1.0, 0.0, 0.21265081400385244, 0.18921325095100508, 0.18921325095100508, 0.0, 0.0, 0.0, 0.0, 0.0, 0.0, 0.0, 0.0, 0.0, 0.0, 0.0, 0.0, 0.0, 0.0, 0.0, 0.0, 0.0, 0.0, 0.0, 0.0, 0.0], [0.1860157996416092, 0.6666666666666666, 0.1, 0.8431372549019608, 0.0, 0.9090909090909091, 1.0, 0.0, 0.18601579902585874, 0.25798061990869275, 0.25798061990869275, 0.0, 0.0, 0.0, 0.0, 0.0, 1.0, 0.0, 0.0, 0.0, 0.0, 0.0, 0.0, 0.0, 0.0, 0.0, 0.0, 0.0, 0.0, 0.0, 0.0, 0.0], [0.2130296677350998, 0.8333333333333333, 0.13333333333333333, 0.8431372549019608, 0.0, 0.9090909090909091, 1.0, 1.0, 0.21302967754605717, 0.2643469608191288, 0.2643469608191288, 0.0, 0.0, 0.0, 0.0, 0.0, 0.0, 0.0, 0.0, 0.0, 0.0, 0.0, 0.0, 0.0, 0.0, 0.0, 0.0, 0.0, 0.0, 0.0, 0.0, 0.0], [0.24228429794311523, 1.0, 0.16666666666666669, 0.8431372549019608, 0.0, 0.9090909090909091, 1.0, 1.0, 0.24228430713832214, 0.3666041350561725, 0.3666041350561725, 0.0, 0.0, 0.0, 0.0, 0.0, 0.0, 0.0, 0.0, 0.0, 0.0, 0.0, 0.0, 0.0, 0.0, 0.0, 0.0, 0.0, 0.0, 0.0, 0.0, 0.0], [0.3937792181968689, 0.0, 0.2, 0.8627450980392156, 0.0, 0.9090909090909091, 1.0, 0.0, 0.3937791976718535, 0.2544463606905346, 0.2544463606905346, 0.0, 0.0, 0.0, 0.0, 1.0, 0.0, 0.0, 0.0, 0.0, 0.0, 0.0, 0.0, 0.0, 0.0, 0.0, 0.0, 0.0, 0.0, 0.0, 0.0, 0.0], [0.23603302240371704, 0.16666666666666666, 0.23333333333333334, 0.8627450980392156, 0.25, 0.9090909090909091, 1.0, 0.0, 0.23603301665671272, 0.2170443153906788, 0.2170443153906788, 0.0, 0.0, 0.0, 0.0, 0.0, 0.0, 0.0, 0.0, 0.0, 0.0, 0.0, 0.0, 0.0, 0.0, 0.0, 0.0, 0.0, 0.0, 0.0, 0.0, 0.0]]",0.18870683014392853,68.50057934224606,1.0,8.0,45.0,2.0,11.0,4.0,0.0,85.67998504638672,78.7870864868164,78.7870864868164,0.0,0.0,0.0,0.0,0.0,0.0,0.0,0.0,0.0,0.0,0.0,0.0,0.0,0.0,0.0,0.0,0.0,0.0,0.0,0.0,0.0,0.16666666666666666,0.23333333333333334,0.8627450980392156,0.25,0.9090909090909091,1.0,0.0,0.23603301665671272,0.2170443153906788,0.2170443153906788,0.0,0.0,0.0,0.0,0.0,0.0,0.0,0.0,0.0,0.0,0.0,0.0,0.0,0.0,0.0,0.0,0.0,0.0,0.0,0.0,0.0
46,"[[0.21265080571174622, 0.5, 0.06666666666666668, 0.8431372549019608, 0.0, 0.9090909090909091, 1.0, 0.0, 0.21265081400385244, 0.18921325095100508, 0.18921325095100508, 0.0, 0.0, 0.0, 0.0, 0.0, 0.0, 0.0, 0.0, 0.0, 0.0, 0.0, 0.0, 0.0, 0.0, 0.0, 0.0, 0.0, 0.0, 0.0, 0.0, 0.0], [0.1860157996416092, 0.6666666666666666, 0.1, 0.8431372549019608, 0.0, 0.9090909090909091, 1.0, 0.0, 0.18601579902585874, 0.25798061990869275, 0.25798061990869275, 0.0, 0.0, 0.0, 0.0, 0.0, 1.0, 0.0, 0.0, 0.0, 0.0, 0.0, 0.0, 0.0, 0.0, 0.0, 0.0, 0.0, 0.0, 0.0, 0.0, 0.0], [0.2130296677350998, 0.8333333333333333, 0.13333333333333333, 0.8431372549019608, 0.0, 0.9090909090909091, 1.0, 1.0, 0.21302967754605717, 0.2643469608191288, 0.2643469608191288, 0.0, 0.0, 0.0, 0.0, 0.0, 0.0, 0.0, 0.0, 0.0, 0.0, 0.0, 0.0, 0.0, 0.0, 0.0, 0.0, 0.0, 0.0, 0.0, 0.0, 0.0], [0.24228429794311523, 1.0, 0.16666666666666669, 0.8431372549019608, 0.0, 0.9090909090909091, 1.0, 1.0, 0.24228430713832214, 0.3666041350561725, 0.3666041350561725, 0.0, 0.0, 0.0, 0.0, 0.0, 0.0, 0.0, 0.0, 0.0, 0.0, 0.0, 0.0, 0.0, 0.0, 0.0, 0.0, 0.0, 0.0, 0.0, 0.0, 0.0], [0.3937792181968689, 0.0, 0.2, 0.8627450980392156, 0.0, 0.9090909090909091, 1.0, 0.0, 0.3937791976718535, 0.2544463606905346, 0.2544463606905346, 0.0, 0.0, 0.0, 0.0, 1.0, 0.0, 0.0, 0.0, 0.0, 0.0, 0.0, 0.0, 0.0, 0.0, 0.0, 0.0, 0.0, 0.0, 0.0, 0.0, 0.0], [0.23603302240371704, 0.16666666666666666, 0.23333333333333334, 0.8627450980392156, 0.25, 0.9090909090909091, 1.0, 0.0, 0.23603301665671272, 0.2170443153906788, 0.2170443153906788, 0.0, 0.0, 0.0, 0.0, 0.0, 0.0, 0.0, 0.0, 0.0, 0.0, 0.0, 0.0, 0.0, 0.0, 0.0, 0.0, 0.0, 0.0, 0.0, 0.0, 0.0], [0.18870683014392853, 0.3333333333333333, 0.26666666666666666, 0.8627450980392156, 0.25, 0.9090909090909091, 1.0, 0.0, 0.18870683149857956, 0.21265081400385244, 0.21265081400385244, 0.0, 0.0, 0.0, 0.0, 0.0, 0.0, 0.0, 0.0, 0.0, 0.0, 0.0, 0.0, 0.0, 0.0, 0.0, 0.0, 0.0, 0.0, 0.0, 0.0, 0.0]]",0.20009246468544006,72.63356468081474,2.0,9.0,45.0,2.0,11.0,4.0,0.0,68.50057983398438,77.19224548339844,77.19224548339844,0.0,0.0,0.0,0.0,0.0,0.0,0.0,0.0,0.0,0.0,0.0,0.0,0.0,0.0,0.0,0.0,0.0,0.0,0.0,0.0,0.0,0.3333333333333333,0.26666666666666666,0.8627450980392156,0.25,0.9090909090909091,1.0,0.0,0.18870683149857956,0.21265081400385244,0.21265081400385244,0.0,0.0,0.0,0.0,0.0,0.0,0.0,0.0,0.0,0.0,0.0,0.0,0.0,0.0,0.0,0.0,0.0,0.0,0.0,0.0,0.0
47,"[[0.1860157996416092, 0.6666666666666666, 0.1, 0.8431372549019608, 0.0, 0.9090909090909091, 1.0, 0.0, 0.18601579902585874, 0.25798061990869275, 0.25798061990869275, 0.0, 0.0, 0.0, 0.0, 0.0, 1.0, 0.0, 0.0, 0.0, 0.0, 0.0, 0.0, 0.0, 0.0, 0.0, 0.0, 0.0, 0.0, 0.0, 0.0, 0.0], [0.2130296677350998, 0.8333333333333333, 0.13333333333333333, 0.8431372549019608, 0.0, 0.9090909090909091, 1.0, 1.0, 0.21302967754605717, 0.2643469608191288, 0.2643469608191288, 0.0, 0.0, 0.0, 0.0, 0.0, 0.0, 0.0, 0.0, 0.0, 0.0, 0.0, 0.0, 0.0, 0.0, 0.0, 0.0, 0.0, 0.0, 0.0, 0.0, 0.0], [0.24228429794311523, 1.0, 0.16666666666666669, 0.8431372549019608, 0.0, 0.9090909090909091, 1.0, 1.0, 0.24228430713832214, 0.3666041350561725, 0.3666041350561725, 0.0, 0.0, 0.0, 0.0, 0.0, 0.0, 0.0, 0.0, 0.0, 0.0, 0.0, 0.0, 0.0, 0.0, 0.0, 0.0, 0.0, 0.0, 0.0, 0.0, 0.0], [0.3937792181968689, 0.0, 0.2, 0.8627450980392156, 0.0, 0.9090909090909091, 1.0, 0.0, 0.3937791976718535, 0.2544463606905346, 0.2544463606905346, 0.0, 0.0, 0.0, 0.0, 1.0, 0.0, 0.0, 0.0, 0.0, 0.0, 0.0, 0.0, 0.0, 0.0, 0.0, 0.0, 0.0, 0.0, 0.0, 0.0, 0.0], [0.23603302240371704, 0.16666666666666666, 0.23333333333333334, 0.8627450980392156, 0.25, 0.9090909090909091, 1.0, 0.0, 0.23603301665671272, 0.2170443153906788, 0.2170443153906788, 0.0, 0.0, 0.0, 0.0, 0.0, 0.0, 0.0, 0.0, 0.0, 0.0, 0.0, 0.0, 0.0, 0.0, 0.0, 0.0, 0.0, 0.0, 0.0, 0.0, 0.0], [0.18870683014392853, 0.3333333333333333, 0.26666666666666666, 0.8627450980392156, 0.25, 0.9090909090909091, 1.0, 0.0, 0.18870683149857956, 0.21265081400385244, 0.21265081400385244, 0.0, 0.0, 0.0, 0.0, 0.0, 0.0, 0.0, 0.0, 0.0, 0.0, 0.0, 0.0, 0.0, 0.0, 0.0, 0.0, 0.0, 0.0, 0.0, 0.0, 0.0], [0.20009246468544006, 0.5, 0.3, 0.8627450980392156, 0.25, 0.9090909090909091, 1.0, 0.0, 0.20009247330594654, 0.18601579902585874, 0.18601579902585874, 0.0, 0.0, 0.0, 0.0, 0.0, 0.0, 0.0, 0.0, 0.0, 0.0, 0.0, 0.0, 0.0, 0.0, 0.0, 0.0, 0.0, 0.0, 0.0, 0.0, 0.0]]",0.2031879723072052,73.75723394751549,3.0,10.0,45.0,2.0,11.0,4.0,0.0,72.6335678100586,67.52373504638672,67.52373504638672,0.0,0.0,0.0,0.0,0.0,0.0,0.0,0.0,0.0,0.0,0.0,0.0,0.0,0.0,0.0,0.0,0.0,0.0,0.0,0.0,0.0,0.5,0.3,0.8627450980392156,0.25,0.9090909090909091,1.0,0.0,0.20009247330594654,0.18601579902585874,0.18601579902585874,0.0,0.0,0.0,0.0,0.0,0.0,0.0,0.0,0.0,0.0,0.0,0.0,0.0,0.0,0.0,0.0,0.0,0.0,0.0,0.0,0.0
48,"[[0.2130296677350998, 0.8333333333333333, 0.13333333333333333, 0.8431372549019608, 0.0, 0.9090909090909091, 1.0, 1.0, 0.21302967754605717, 0.2643469608191288, 0.2643469608191288, 0.0, 0.0, 0.0, 0.0, 0.0, 0.0, 0.0, 0.0, 0.0, 0.0, 0.0, 0.0, 0.0, 0.0, 0.0, 0.0, 0.0, 0.0, 0.0, 0.0, 0.0], [0.24228429794311523, 1.0, 0.16666666666666669, 0.8431372549019608, 0.0, 0.9090909090909091, 1.0, 1.0, 0.24228430713832214, 0.3666041350561725, 0.3666041350561725, 0.0, 0.0, 0.0, 0.0, 0.0, 0.0, 0.0, 0.0, 0.0, 0.0, 0.0, 0.0, 0.0, 0.0, 0.0, 0.0, 0.0, 0.0, 0.0, 0.0, 0.0], [0.3937792181968689, 0.0, 0.2, 0.8627450980392156, 0.0, 0.9090909090909091, 1.0, 0.0, 0.3937791976718535, 0.2544463606905346, 0.2544463606905346, 0.0, 0.0, 0.0, 0.0, 1.0, 0.0, 0.0, 0.0, 0.0, 0.0, 0.0, 0.0, 0.0, 0.0, 0.0, 0.0, 0.0, 0.0, 0.0, 0.0, 0.0], [0.23603302240371704, 0.16666666666666666, 0.23333333333333334, 0.8627450980392156, 0.25, 0.9090909090909091, 1.0, 0.0, 0.23603301665671272, 0.2170443153906788, 0.2170443153906788, 0.0, 0.0, 0.0, 0.0, 0.0, 0.0, 0.0, 0.0, 0.0, 0.0, 0.0, 0.0, 0.0, 0.0, 0.0, 0.0, 0.0, 0.0, 0.0, 0.0, 0.0], [0.18870683014392853, 0.3333333333333333, 0.26666666666666666, 0.8627450980392156, 0.25, 0.9090909090909091, 1.0, 0.0, 0.18870683149857956, 0.21265081400385244, 0.21265081400385244, 0.0, 0.0, 0.0, 0.0, 0.0, 0.0, 0.0, 0.0, 0.0, 0.0, 0.0, 0.0, 0.0, 0.0, 0.0, 0.0, 0.0, 0.0, 0.0, 0.0, 0.0], [0.20009246468544006, 0.5, 0.3, 0.8627450980392156, 0.25, 0.9090909090909091, 1.0, 0.0, 0.20009247330594654, 0.18601579902585874, 0.18601579902585874, 0.0, 0.0, 0.0, 0.0, 0.0, 0.0, 0.0, 0.0, 0.0, 0.0, 0.0, 0.0, 0.0, 0.0, 0.0, 0.0, 0.0, 0.0, 0.0, 0.0, 0.0], [0.2031879723072052, 0.6666666666666666, 0.3333333333333333, 0.8627450980392156, 0.25, 0.9090909090909091, 1.0, 0.0, 0.20318796877690257, 0.21302967754605717, 0.21302967754605717, 0.0, 0.0, 0.0, 0.0, 0.0, 1.0, 0.0, 0.0, 0.0, 0.0, 0.0, 0.0, 0.0, 0.0, 0.0, 0.0, 0.0, 0.0, 0.0, 0.0, 0.0]]",0.2915096879005432,105.81801670789719,4.0,11.0,45.0,2.0,11.0,4.0,0.0,73.75723266601562,77.32977294921875,77.32977294921875,0.0,0.0,0.0,0.0,0.0,1.0,0.0,0.0,0.0,0.0,0.0,0.0,0.0,0.0,0.0,0.0,0.0,0.0,0.0,0.0,0.0,0.6666666666666666,0.3333333333333333,0.8627450980392156,0.25,0.9090909090909091,1.0,0.0,0.20318796877690257,0.21302967754605717,0.21302967754605717,0.0,0.0,0.0,0.0,0.0,1.0,0.0,0.0,0.0,0.0,0.0,0.0,0.0,0.0,0.0,0.0,0.0,0.0,0.0,0.0,0.0
49,"[[0.24228429794311523, 1.0, 0.16666666666666669, 0.8431372549019608, 0.0, 0.9090909090909091, 1.0, 1.0, 0.24228430713832214, 0.3666041350561725, 0.3666041350561725, 0.0, 0.0, 0.0, 0.0, 0.0, 0.0, 0.0, 0.0, 0.0, 0.0, 0.0, 0.0, 0.0, 0.0, 0.0, 0.0, 0.0, 0.0, 0.0, 0.0, 0.0], [0.3937792181968689, 0.0, 0.2, 0.8627450980392156, 0.0, 0.9090909090909091, 1.0, 0.0, 0.3937791976718535, 0.2544463606905346, 0.2544463606905346, 0.0, 0.0, 0.0, 0.0, 1.0, 0.0, 0.0, 0.0, 0.0, 0.0, 0.0, 0.0, 0.0, 0.0, 0.0, 0.0, 0.0, 0.0, 0.0, 0.0, 0.0], [0.23603302240371704, 0.16666666666666666, 0.23333333333333334, 0.8627450980392156, 0.25, 0.9090909090909091, 1.0, 0.0, 0.23603301665671272, 0.2170443153906788, 0.2170443153906788, 0.0, 0.0, 0.0, 0.0, 0.0, 0.0, 0.0, 0.0, 0.0, 0.0, 0.0, 0.0, 0.0, 0.0, 0.0, 0.0, 0.0, 0.0, 0.0, 0.0, 0.0], [0.18870683014392853, 0.3333333333333333, 0.26666666666666666, 0.8627450980392156, 0.25, 0.9090909090909091, 1.0, 0.0, 0.18870683149857956, 0.21265081400385244, 0.21265081400385244, 0.0, 0.0, 0.0, 0.0, 0.0, 0.0, 0.0, 0.0, 0.0, 0.0, 0.0, 0.0, 0.0, 0.0, 0.0, 0.0, 0.0, 0.0, 0.0, 0.0, 0.0], [0.20009246468544006, 0.5, 0.3, 0.8627450980392156, 0.25, 0.9090909090909091, 1.0, 0.0, 0.20009247330594654, 0.18601579902585874, 0.18601579902585874, 0.0, 0.0, 0.0, 0.0, 0.0, 0.0, 0.0, 0.0, 0.0, 0.0, 0.0, 0.0, 0.0, 0.0, 0.0, 0.0, 0.0, 0.0, 0.0, 0.0, 0.0], [0.2031879723072052, 0.6666666666666666, 0.3333333333333333, 0.8627450980392156, 0.25, 0.9090909090909091, 1.0, 0.0, 0.20318796877690257, 0.21302967754605717, 0.21302967754605717, 0.0, 0.0, 0.0, 0.0, 0.0, 1.0, 0.0, 0.0, 0.0, 0.0, 0.0, 0.0, 0.0, 0.0, 0.0, 0.0, 0.0, 0.0, 0.0, 0.0, 0.0], [0.2915096879005432, 0.8333333333333333, 0.3666666666666667, 0.8627450980392156, 0.25, 0.9090909090909091, 1.0, 1.0, 0.29150968609434186, 0.24228430713832214, 0.24228430713832214, 0.0, 0.0, 0.0, 0.0, 0.0, 0.0, 0.0, 0.0, 0.0, 0.0, 0.0, 0.0, 0.0, 0.0, 0.0, 0.0, 0.0, 0.0, 0.0, 0.0, 0.0]]",0.29723817110061646,107.89745610952377,5.0,12.0,45.0,2.0,11.0,4.0,1.0,105.8180160522461,87.94920349121094,87.94920349121094,0.0,0.0,0.0,0.0,0.0,0.0,0.0,0.0,0.0,0.0,0.0,0.0,0.0,0.0,0.0,0.0,0.0,0.0,0.0,0.0,0.0,0.8333333333333333,0.3666666666666667,0.8627450980392156,0.25,0.9090909090909091,1.0,1.0,0.29150968609434186,0.24228430713832214,0.24228430713832214,0.0,0.0,0.0,0.0,0.0,0.0,0.0,0.0,0.0,0.0,0.0,0.0,0.0,0.0,0.0,0.0,0.0,0.0,0.0,0.0,0.0
50,"[[0.3937792181968689, 0.0, 0.2, 0.8627450980392156, 0.0, 0.9090909090909091, 1.0, 0.0, 0.3937791976718535, 0.2544463606905346, 0.2544463606905346, 0.0, 0.0, 0.0, 0.0, 1.0, 0.0, 0.0, 0.0, 0.0, 0.0, 0.0, 0.0, 0.0, 0.0, 0.0, 0.0, 0.0, 0.0, 0.0, 0.0, 0.0], [0.23603302240371704, 0.16666666666666666, 0.23333333333333334, 0.8627450980392156, 0.25, 0.9090909090909091, 1.0, 0.0, 0.23603301665671272, 0.2170443153906788, 0.2170443153906788, 0.0, 0.0, 0.0, 0.0, 0.0, 0.0, 0.0, 0.0, 0.0, 0.0, 0.0, 0.0, 0.0, 0.0, 0.0, 0.0, 0.0, 0.0, 0.0, 0.0, 0.0], [0.18870683014392853, 0.3333333333333333, 0.26666666666666666, 0.8627450980392156, 0.25, 0.9090909090909091, 1.0, 0.0, 0.18870683149857956, 0.21265081400385244, 0.21265081400385244, 0.0, 0.0, 0.0, 0.0, 0.0, 0.0, 0.0, 0.0, 0.0, 0.0, 0.0, 0.0, 0.0, 0.0, 0.0, 0.0, 0.0, 0.0, 0.0, 0.0, 0.0], [0.20009246468544006, 0.5, 0.3, 0.8627450980392156, 0.25, 0.9090909090909091, 1.0, 0.0, 0.20009247330594654, 0.18601579902585874, 0.18601579902585874, 0.0, 0.0, 0.0, 0.0, 0.0, 0.0, 0.0, 0.0, 0.0, 0.0, 0.0, 0.0, 0.0, 0.0, 0.0, 0.0, 0.0, 0.0, 0.0, 0.0, 0.0], [0.2031879723072052, 0.6666666666666666, 0.3333333333333333, 0.8627450980392156, 0.25, 0.9090909090909091, 1.0, 0.0, 0.20318796877690257, 0.21302967754605717, 0.21302967754605717, 0.0, 0.0, 0.0, 0.0, 0.0, 1.0, 0.0, 0.0, 0.0, 0.0, 0.0, 0.0, 0.0, 0.0, 0.0, 0.0, 0.0, 0.0, 0.0, 0.0, 0.0], [0.2915096879005432, 0.8333333333333333, 0.3666666666666667, 0.8627450980392156, 0.25, 0.9090909090909091, 1.0, 1.0, 0.29150968609434186, 0.24228430713832214, 0.24228430713832214, 0.0, 0.0, 0.0, 0.0, 0.0, 0.0, 0.0, 0.0, 0.0, 0.0, 0.0, 0.0, 0.0, 0.0, 0.0, 0.0, 0.0, 0.0, 0.0, 0.0, 0.0], [0.29723817110061646, 1.0, 0.4, 0.8627450980392156, 0.25, 0.9090909090909091, 1.0, 1.0, 0.2972381633832107, 0.3937791976718535, 0.3937791976718535, 0.0, 0.0, 0.0, 0.0, 0.0, 0.0, 0.0, 0.0, 0.0, 0.0, 0.0, 0.0, 0.0, 0.0, 0.0, 0.0, 0.0, 0.0, 0.0, 0.0, 0.0]]",0.32601985335350037,118.34520676732063,6.0,13.0,45.0,2.0,11.0,4.0,1.0,107.89745330810547,142.9418487548828,142.9418487548828,0.0,0.0,0.0,0.0,0.0,0.0,0.0,0.0,0.0,0.0,0.0,0.0,0.0,0.0,0.0,0.0,0.0,0.0,0.0,0.0,0.0,1.0,0.4,0.8627450980392156,0.25,0.9090909090909091,1.0,1.0,0.2972381633832107,0.3937791976718535,0.3937791976718535,0.0,0.0,0.0,0.0,0.0,0.0,0.0,0.0,0.0,0.0,0.0,0.0,0.0,0.0,0.0,0.0,0.0,0.0,0.0,0.0,0.0
51,"[[0.23603302240371704, 0.16666666666666666, 0.23333333333333334, 0.8627450980392156, 0.25, 0.9090909090909091, 1.0, 0.0, 0.23603301665671272, 0.2170443153906788, 0.2170443153906788, 0.0, 0.0, 0.0, 0.0, 0.0, 0.0, 0.0, 0.0, 0.0, 0.0, 0.0, 0.0, 0.0, 0.0, 0.0, 0.0, 0.0, 0.0, 0.0, 0.0, 0.0], [0.18870683014392853, 0.3333333333333333, 0.26666666666666666, 0.8627450980392156, 0.25, 0.9090909090909091, 1.0, 0.0, 0.18870683149857956, 0.21265081400385244, 0.21265081400385244, 0.0, 0.0, 0.0, 0.0, 0.0, 0.0, 0.0, 0.0, 0.0, 0.0, 0.0, 0.0, 0.0, 0.0, 0.0, 0.0, 0.0, 0.0, 0.0, 0.0, 0.0], [0.20009246468544006, 0.5, 0.3, 0.8627450980392156, 0.25, 0.9090909090909091, 1.0, 0.0, 0.20009247330594654, 0.18601579902585874, 0.18601579902585874, 0.0, 0.0, 0.0, 0.0, 0.0, 0.0, 0.0, 0.0, 0.0, 0.0, 0.0, 0.0, 0.0, 0.0, 0.0, 0.0, 0.0, 0.0, 0.0, 0.0, 0.0], [0.2031879723072052, 0.6666666666666666, 0.3333333333333333, 0.8627450980392156, 0.25, 0.9090909090909091, 1.0, 0.0, 0.20318796877690257, 0.21302967754605717, 0.21302967754605717, 0.0, 0.0, 0.0, 0.0, 0.0, 1.0, 0.0, 0.0, 0.0, 0.0, 0.0, 0.0, 0.0, 0.0, 0.0, 0.0, 0.0, 0.0, 0.0, 0.0, 0.0], [0.2915096879005432, 0.8333333333333333, 0.3666666666666667, 0.8627450980392156, 0.25, 0.9090909090909091, 1.0, 1.0, 0.29150968609434186, 0.24228430713832214, 0.24228430713832214, 0.0, 0.0, 0.0, 0.0, 0.0, 0.0, 0.0, 0.0, 0.0, 0.0, 0.0, 0.0, 0.0, 0.0, 0.0, 0.0, 0.0, 0.0, 0.0, 0.0, 0.0], [0.29723817110061646, 1.0, 0.4, 0.8627450980392156, 0.25, 0.9090909090909091, 1.0, 1.0, 0.2972381633832107, 0.3937791976718535, 0.3937791976718535, 0.0, 0.0, 0.0, 0.0, 0.0, 0.0, 0.0, 0.0, 0.0, 0.0, 0.0, 0.0, 0.0, 0.0, 0.0, 0.0, 0.0, 0.0, 0.0, 0.0, 0.0], [0.32601985335350037, 0.0, 0.43333333333333335, 0.8823529411764706, 0.25, 0.9090909090909091, 1.0, 0.0, 0.3260198545850013, 0.23603301665671272, 0.23603301665671272, 0.0, 0.0, 0.0, 0.0, 1.0, 0.0, 0.0, 0.0, 0.0, 0.0, 0.0, 0.0, 0.0, 0.0, 0.0, 0.0, 0.0, 0.0, 0.0, 0.0, 0.0]]",0.25848567485809326,93.83029997348785,0.0,14.0,46.0,2.0,11.0,4.0,0.0,118.34520721435548,85.67998504638672,85.67998504638672,0.0,0.0,0.0,0.0,1.0,0.0,0.0,0.0,0.0,0.0,0.0,0.0,0.0,0.0,0.0,0.0,0.0,0.0,0.0,0.0,0.0,0.0,0.43333333333333335,0.8823529411764706,0.25,0.9090909090909091,1.0,0.0,0.3260198545850013,0.23603301665671272,0.23603301665671272,0.0,0.0,0.0,0.0,1.0,0.0,0.0,0.0,0.0,0.0,0.0,0.0,0.0,0.0,0.0,0.0,0.0,0.0,0.0,0.0,0.0
52,"[[0.18870683014392853, 0.3333333333333333, 0.26666666666666666, 0.8627450980392156, 0.25, 0.9090909090909091, 1.0, 0.0, 0.18870683149857956, 0.21265081400385244, 0.21265081400385244, 0.0, 0.0, 0.0, 0.0, 0.0, 0.0, 0.0, 0.0, 0.0, 0.0, 0.0, 0.0, 0.0, 0.0, 0.0, 0.0, 0.0, 0.0, 0.0, 0.0, 0.0], [0.20009246468544006, 0.5, 0.3, 0.8627450980392156, 0.25, 0.9090909090909091, 1.0, 0.0, 0.20009247330594654, 0.18601579902585874, 0.18601579902585874, 0.0, 0.0, 0.0, 0.0, 0.0, 0.0, 0.0, 0.0, 0.0, 0.0, 0.0, 0.0, 0.0, 0.0, 0.0, 0.0, 0.0, 0.0, 0.0, 0.0, 0.0], [0.2031879723072052, 0.6666666666666666, 0.3333333333333333, 0.8627450980392156, 0.25, 0.9090909090909091, 1.0, 0.0, 0.20318796877690257, 0.21302967754605717, 0.21302967754605717, 0.0, 0.0, 0.0, 0.0, 0.0, 1.0, 0.0, 0.0, 0.0, 0.0, 0.0, 0.0, 0.0, 0.0, 0.0, 0.0, 0.0, 0.0, 0.0, 0.0, 0.0], [0.2915096879005432, 0.8333333333333333, 0.3666666666666667, 0.8627450980392156, 0.25, 0.9090909090909091, 1.0, 1.0, 0.29150968609434186, 0.24228430713832214, 0.24228430713832214, 0.0, 0.0, 0.0, 0.0, 0.0, 0.0, 0.0, 0.0, 0.0, 0.0, 0.0, 0.0, 0.0, 0.0, 0.0, 0.0, 0.0, 0.0, 0.0, 0.0, 0.0], [0.29723817110061646, 1.0, 0.4, 0.8627450980392156, 0.25, 0.9090909090909091, 1.0, 1.0, 0.2972381633832107, 0.3937791976718535, 0.3937791976718535, 0.0, 0.0, 0.0, 0.0, 0.0, 0.0, 0.0, 0.0, 0.0, 0.0, 0.0, 0.0, 0.0, 0.0, 0.0, 0.0, 0.0, 0.0, 0.0, 0.0, 0.0], [0.32601985335350037, 0.0, 0.43333333333333335, 0.8823529411764706, 0.25, 0.9090909090909091, 1.0, 0.0, 0.3260198545850013, 0.23603301665671272, 0.23603301665671272, 0.0, 0.0, 0.0, 0.0, 1.0, 0.0, 0.0, 0.0, 0.0, 0.0, 0.0, 0.0, 0.0, 0.0, 0.0, 0.0, 0.0, 0.0, 0.0, 0.0, 0.0], [0.25848567485809326, 0.16666666666666666, 0.4666666666666667, 0.8823529411764706, 0.5, 0.9090909090909091, 1.0, 0.0, 0.25848567321609206, 0.18870683149857956, 0.18870683149857956, 0.0, 0.0, 0.0, 0.0, 0.0, 0.0, 0.0, 0.0, 0.0, 0.0, 0.0, 0.0, 0.0, 0.0, 0.0, 0.0, 0.0, 0.0, 0.0, 0.0, 0.0]]",0.2030322402715683,73.70070321857929,1.0,15.0,46.0,3.0,11.0,4.0,0.0,93.83029937744142,68.50057983398438,68.50057983398438,0.0,0.0,0.0,0.0,0.0,0.0,0.0,0.0,0.0,0.0,0.0,0.0,0.0,0.0,0.0,0.0,0.0,0.0,0.0,0.0,0.0,0.16666666666666666,0.4666666666666667,0.8823529411764706,0.5,0.9090909090909091,1.0,0.0,0.25848567321609206,0.18870683149857956,0.18870683149857956,0.0,0.0,0.0,0.0,0.0,0.0,0.0,0.0,0.0,0.0,0.0,0.0,0.0,0.0,0.0,0.0,0.0,0.0,0.0,0.0,0.0
53,"[[0.20009246468544006, 0.5, 0.3, 0.8627450980392156, 0.25, 0.9090909090909091, 1.0, 0.0, 0.20009247330594654, 0.18601579902585874, 0.18601579902585874, 0.0, 0.0, 0.0, 0.0, 0.0, 0.0, 0.0, 0.0, 0.0, 0.0, 0.0, 0.0, 0.0, 0.0, 0.0, 0.0, 0.0, 0.0, 0.0, 0.0, 0.0], [0.2031879723072052, 0.6666666666666666, 0.3333333333333333, 0.8627450980392156, 0.25, 0.9090909090909091, 1.0, 0.0, 0.20318796877690257, 0.21302967754605717, 0.21302967754605717, 0.0, 0.0, 0.0, 0.0, 0.0, 1.0, 0.0, 0.0, 0.0, 0.0, 0.0, 0.0, 0.0, 0.0, 0.0, 0.0, 0.0, 0.0, 0.0, 0.0, 0.0], [0.2915096879005432, 0.8333333333333333, 0.3666666666666667, 0.8627450980392156, 0.25, 0.9090909090909091, 1.0, 1.0, 0.29150968609434186, 0.24228430713832214, 0.24228430713832214, 0.0, 0.0, 0.0, 0.0, 0.0, 0.0, 0.0, 0.0, 0.0, 0.0, 0.0, 0.0, 0.0, 0.0, 0.0, 0.0, 0.0, 0.0, 0.0, 0.0, 0.0], [0.29723817110061646, 1.0, 0.4, 0.8627450980392156, 0.25, 0.9090909090909091, 1.0, 1.0, 0.2972381633832107, 0.3937791976718535, 0.3937791976718535, 0.0, 0.0, 0.0, 0.0, 0.0, 0.0, 0.0, 0.0, 0.0, 0.0, 0.0, 0.0, 0.0, 0.0, 0.0, 0.0, 0.0, 0.0, 0.0, 0.0, 0.0], [0.32601985335350037, 0.0, 0.43333333333333335, 0.8823529411764706, 0.25, 0.9090909090909091, 1.0, 0.0, 0.3260198545850013, 0.23603301665671272, 0.23603301665671272, 0.0, 0.0, 0.0, 0.0, 1.0, 0.0, 0.0, 0.0, 0.0, 0.0, 0.0, 0.0, 0.0, 0.0, 0.0, 0.0, 0.0, 0.0, 0.0, 0.0, 0.0], [0.25848567485809326, 0.16666666666666666, 0.4666666666666667, 0.8823529411764706, 0.5, 0.9090909090909091, 1.0, 0.0, 0.25848567321609206, 0.18870683149857956, 0.18870683149857956, 0.0, 0.0, 0.0, 0.0, 0.0, 0.0, 0.0, 0.0, 0.0, 0.0, 0.0, 0.0, 0.0, 0.0, 0.0, 0.0, 0.0, 0.0, 0.0, 0.0, 0.0], [0.2030322402715683, 0.3333333333333333, 0.5, 0.8823529411764706, 0.5, 0.9090909090909091, 1.0, 0.0, 0.20303224926152505, 0.20009247330594654, 0.20009247330594654, 0.0, 0.0, 0.0, 0.0, 0.0, 0.0, 0.0, 0.0, 0.0, 0.0, 0.0, 0.0, 0.0, 0.0, 0.0, 0.0, 0.0, 0.0, 0.0, 0.0, 0.0]]",0.220608651638031,80.08094054460526,2.0,16.0,46.0,3.0,11.0,4.0,0.0,73.7007064819336,72.6335678100586,72.6335678100586,0.0,0.0,0.0,0.0,0.0,0.0,0.0,0.0,0.0,0.0,0.0,0.0,0.0,0.0,0.0,0.0,0.0,0.0,0.0,0.0,0.0,0.3333333333333333,0.5,0.8823529411764706,0.5,0.9090909090909091,1.0,0.0,0.20303224926152505,0.20009247330594654,0.20009247330594654,0.0,0.0,0.0,0.0,0.0,0.0,0.0,0.0,0.0,0.0,0.0,0.0,0.0,0.0,0.0,0.0,0.0,0.0,0.0,0.0,0.0
54,"[[0.2031879723072052, 0.6666666666666666, 0.3333333333333333, 0.8627450980392156, 0.25, 0.9090909090909091, 1.0, 0.0, 0.20318796877690257, 0.21302967754605717, 0.21302967754605717, 0.0, 0.0, 0.0, 0.0, 0.0, 1.0, 0.0, 0.0, 0.0, 0.0, 0.0, 0.0, 0.0, 0.0, 0.0, 0.0, 0.0, 0.0, 0.0, 0.0, 0.0], [0.2915096879005432, 0.8333333333333333, 0.3666666666666667, 0.8627450980392156, 0.25, 0.9090909090909091, 1.0, 1.0, 0.29150968609434186, 0.24228430713832214, 0.24228430713832214, 0.0, 0.0, 0.0, 0.0, 0.0, 0.0, 0.0, 0.0, 0.0, 0.0, 0.0, 0.0, 0.0, 0.0, 0.0, 0.0, 0.0, 0.0, 0.0, 0.0, 0.0], [0.29723817110061646, 1.0, 0.4, 0.8627450980392156, 0.25, 0.9090909090909091, 1.0, 1.0, 0.2972381633832107, 0.3937791976718535, 0.3937791976718535, 0.0, 0.0, 0.0, 0.0, 0.0, 0.0, 0.0, 0.0, 0.0, 0.0, 0.0, 0.0, 0.0, 0.0, 0.0, 0.0, 0.0, 0.0, 0.0, 0.0, 0.0], [0.32601985335350037, 0.0, 0.43333333333333335, 0.8823529411764706, 0.25, 0.9090909090909091, 1.0, 0.0, 0.3260198545850013, 0.23603301665671272, 0.23603301665671272, 0.0, 0.0, 0.0, 0.0, 1.0, 0.0, 0.0, 0.0, 0.0, 0.0, 0.0, 0.0, 0.0, 0.0, 0.0, 0.0, 0.0, 0.0, 0.0, 0.0, 0.0], [0.25848567485809326, 0.16666666666666666, 0.4666666666666667, 0.8823529411764706, 0.5, 0.9090909090909091, 1.0, 0.0, 0.25848567321609206, 0.18870683149857956, 0.18870683149857956, 0.0, 0.0, 0.0, 0.0, 0.0, 0.0, 0.0, 0.0, 0.0, 0.0, 0.0, 0.0, 0.0, 0.0, 0.0, 0.0, 0.0, 0.0, 0.0, 0.0, 0.0], [0.2030322402715683, 0.3333333333333333, 0.5, 0.8823529411764706, 0.5, 0.9090909090909091, 1.0, 0.0, 0.20303224926152505, 0.20009247330594654, 0.20009247330594654, 0.0, 0.0, 0.0, 0.0, 0.0, 0.0, 0.0, 0.0, 0.0, 0.0, 0.0, 0.0, 0.0, 0.0, 0.0, 0.0, 0.0, 0.0, 0.0, 0.0, 0.0], [0.220608651638031, 0.5, 0.5333333333333333, 0.8823529411764706, 0.5, 0.9090909090909091, 1.0, 0.0, 0.2206086508170304, 0.20318796877690257, 0.20318796877690257, 0.0, 0.0, 0.0, 0.0, 0.0, 0.0, 0.0, 0.0, 0.0, 0.0, 0.0, 0.0, 0.0, 0.0, 0.0, 0.0, 0.0, 0.0, 0.0, 0.0, 0.0]]",0.22410234808921814,81.34915235638618,3.0,17.0,46.0,3.0,11.0,4.0,0.0,80.08094024658203,73.75723266601562,73.75723266601562,0.0,0.0,0.0,0.0,0.0,0.0,0.0,0.0,0.0,0.0,0.0,0.0,0.0,0.0,0.0,0.0,0.0,0.0,0.0,0.0,0.0,0.5,0.5333333333333333,0.8823529411764706,0.5,0.9090909090909091,1.0,0.0,0.2206086508170304,0.20318796877690257,0.20318796877690257,0.0,0.0,0.0,0.0,0.0,0.0,0.0,0.0,0.0,0.0,0.0,0.0,0.0,0.0,0.0,0.0,0.0,0.0,0.0,0.0,0.0
55,"[[0.2915096879005432, 0.8333333333333333, 0.3666666666666667, 0.8627450980392156, 0.25, 0.9090909090909091, 1.0, 1.0, 0.29150968609434186, 0.24228430713832214, 0.24228430713832214, 0.0, 0.0, 0.0, 0.0, 0.0, 0.0, 0.0, 0.0, 0.0, 0.0, 0.0, 0.0, 0.0, 0.0, 0.0, 0.0, 0.0, 0.0, 0.0, 0.0, 0.0], [0.29723817110061646, 1.0, 0.4, 0.8627450980392156, 0.25, 0.9090909090909091, 1.0, 1.0, 0.2972381633832107, 0.3937791976718535, 0.3937791976718535, 0.0, 0.0, 0.0, 0.0, 0.0, 0.0, 0.0, 0.0, 0.0, 0.0, 0.0, 0.0, 0.0, 0.0, 0.0, 0.0, 0.0, 0.0, 0.0, 0.0, 0.0], [0.32601985335350037, 0.0, 0.43333333333333335, 0.8823529411764706, 0.25, 0.9090909090909091, 1.0, 0.0, 0.3260198545850013, 0.23603301665671272, 0.23603301665671272, 0.0, 0.0, 0.0, 0.0, 1.0, 0.0, 0.0, 0.0, 0.0, 0.0, 0.0, 0.0, 0.0, 0.0, 0.0, 0.0, 0.0, 0.0, 0.0, 0.0, 0.0], [0.25848567485809326, 0.16666666666666666, 0.4666666666666667, 0.8823529411764706, 0.5, 0.9090909090909091, 1.0, 0.0, 0.25848567321609206, 0.18870683149857956, 0.18870683149857956, 0.0, 0.0, 0.0, 0.0, 0.0, 0.0, 0.0, 0.0, 0.0, 0.0, 0.0, 0.0, 0.0, 0.0, 0.0, 0.0, 0.0, 0.0, 0.0, 0.0, 0.0], [0.2030322402715683, 0.3333333333333333, 0.5, 0.8823529411764706, 0.5, 0.9090909090909091, 1.0, 0.0, 0.20303224926152505, 0.20009247330594654, 0.20009247330594654, 0.0, 0.0, 0.0, 0.0, 0.0, 0.0, 0.0, 0.0, 0.0, 0.0, 0.0, 0.0, 0.0, 0.0, 0.0, 0.0, 0.0, 0.0, 0.0, 0.0, 0.0], [0.220608651638031, 0.5, 0.5333333333333333, 0.8823529411764706, 0.5, 0.9090909090909091, 1.0, 0.0, 0.2206086508170304, 0.20318796877690257, 0.20318796877690257, 0.0, 0.0, 0.0, 0.0, 0.0, 0.0, 0.0, 0.0, 0.0, 0.0, 0.0, 0.0, 0.0, 0.0, 0.0, 0.0, 0.0, 0.0, 0.0, 0.0, 0.0], [0.22410234808921814, 0.6666666666666666, 0.5666666666666667, 0.8823529411764706, 0.5, 0.9090909090909091, 1.0, 0.0, 0.2241023460367166, 0.29150968609434186, 0.29150968609434186, 0.0, 0.0, 0.0, 0.0, 0.0, 1.0, 0.0, 0.0, 0.0, 0.0, 0.0, 0.0, 0.0, 0.0, 0.0, 0.0, 0.0, 0.0, 0.0, 0.0, 0.0]]",0.30630987882614136,111.19048601388931,4.0,18.0,46.0,3.0,11.0,4.0,0.0,81.34915161132812,105.8180160522461,105.8180160522461,0.0,0.0,0.0,0.0,0.0,1.0,0.0,0.0,0.0,0.0,0.0,0.0,0.0,0.0,0.0,0.0,0.0,0.0,0.0,0.0,0.0,0.6666666666666666,0.5666666666666667,0.8823529411764706,0.5,0.9090909090909091,1.0,0.0,0.2241023460367166,0.29150968609434186,0.29150968609434186,0.0,0.0,0.0,0.0,0.0,1.0,0.0,0.0,0.0,0.0,0.0,0.0,0.0,0.0,0.0,0.0,0.0,0.0,0.0,0.0,0.0
56,"[[0.29723817110061646, 1.0, 0.4, 0.8627450980392156, 0.25, 0.9090909090909091, 1.0, 1.0, 0.2972381633832107, 0.3937791976718535, 0.3937791976718535, 0.0, 0.0, 0.0, 0.0, 0.0, 0.0, 0.0, 0.0, 0.0, 0.0, 0.0, 0.0, 0.0, 0.0, 0.0, 0.0, 0.0, 0.0, 0.0, 0.0, 0.0], [0.32601985335350037, 0.0, 0.43333333333333335, 0.8823529411764706, 0.25, 0.9090909090909091, 1.0, 0.0, 0.3260198545850013, 0.23603301665671272, 0.23603301665671272, 0.0, 0.0, 0.0, 0.0, 1.0, 0.0, 0.0, 0.0, 0.0, 0.0, 0.0, 0.0, 0.0, 0.0, 0.0, 0.0, 0.0, 0.0, 0.0, 0.0, 0.0], [0.25848567485809326, 0.16666666666666666, 0.4666666666666667, 0.8823529411764706, 0.5, 0.9090909090909091, 1.0, 0.0, 0.25848567321609206, 0.18870683149857956, 0.18870683149857956, 0.0, 0.0, 0.0, 0.0, 0.0, 0.0, 0.0, 0.0, 0.0, 0.0, 0.0, 0.0, 0.0, 0.0, 0.0, 0.0, 0.0, 0.0, 0.0, 0.0, 0.0], [0.2030322402715683, 0.3333333333333333, 0.5, 0.8823529411764706, 0.5, 0.9090909090909091, 1.0, 0.0, 0.20303224926152505, 0.20009247330594654, 0.20009247330594654, 0.0, 0.0, 0.0, 0.0, 0.0, 0.0, 0.0, 0.0, 0.0, 0.0, 0.0, 0.0, 0.0, 0.0, 0.0, 0.0, 0.0, 0.0, 0.0, 0.0, 0.0], [0.220608651638031, 0.5, 0.5333333333333333, 0.8823529411764706, 0.5, 0.9090909090909091, 1.0, 0.0, 0.2206086508170304, 0.20318796877690257, 0.20318796877690257, 0.0, 0.0, 0.0, 0.0, 0.0, 0.0, 0.0, 0.0, 0.0, 0.0, 0.0, 0.0, 0.0, 0.0, 0.0, 0.0, 0.0, 0.0, 0.0, 0.0, 0.0], [0.22410234808921814, 0.6666666666666666, 0.5666666666666667, 0.8823529411764706, 0.5, 0.9090909090909091, 1.0, 0.0, 0.2241023460367166, 0.29150968609434186, 0.29150968609434186, 0.0, 0.0, 0.0, 0.0, 0.0, 1.0, 0.0, 0.0, 0.0, 0.0, 0.0, 0.0, 0.0, 0.0, 0.0, 0.0, 0.0, 0.0, 0.0, 0.0, 0.0], [0.30630987882614136, 0.8333333333333333, 0.6, 0.8823529411764706, 0.5, 0.9090909090909091, 1.0, 1.0, 0.30630987078033534, 0.2972381633832107, 0.2972381633832107, 0.0, 0.0, 0.0, 0.0, 0.0, 0.0, 0.0, 0.0, 0.0, 0.0, 0.0, 0.0, 0.0, 0.0, 0.0, 0.0, 0.0, 0.0, 0.0, 0.0, 0.0]]",0.296061635017395,107.47037351131439,5.0,19.0,46.0,3.0,11.0,4.0,1.0,111.19048309326172,107.89745330810547,107.89745330810547,0.0,0.0,0.0,0.0,0.0,0.0,0.0,0.0,0.0,0.0,0.0,0.0,0.0,0.0,0.0,0.0,0.0,0.0,0.0,0.0,0.0,0.8333333333333333,0.6,0.8823529411764706,0.5,0.9090909090909091,1.0,1.0,0.30630987078033534,0.2972381633832107,0.2972381633832107,0.0,0.0,0.0,0.0,0.0,0.0,0.0,0.0,0.0,0.0,0.0,0.0,0.0,0.0,0.0,0.0,0.0,0.0,0.0,0.0,0.0
57,"[[0.32601985335350037, 0.0, 0.43333333333333335, 0.8823529411764706, 0.25, 0.9090909090909091, 1.0, 0.0, 0.3260198545850013, 0.23603301665671272, 0.23603301665671272, 0.0, 0.0, 0.0, 0.0, 1.0, 0.0, 0.0, 0.0, 0.0, 0.0, 0.0, 0.0, 0.0, 0.0, 0.0, 0.0, 0.0, 0.0, 0.0, 0.0, 0.0], [0.25848567485809326, 0.16666666666666666, 0.4666666666666667, 0.8823529411764706, 0.5, 0.9090909090909091, 1.0, 0.0, 0.25848567321609206, 0.18870683149857956, 0.18870683149857956, 0.0, 0.0, 0.0, 0.0, 0.0, 0.0, 0.0, 0.0, 0.0, 0.0, 0.0, 0.0, 0.0, 0.0, 0.0, 0.0, 0.0, 0.0, 0.0, 0.0, 0.0], [0.2030322402715683, 0.3333333333333333, 0.5, 0.8823529411764706, 0.5, 0.9090909090909091, 1.0, 0.0, 0.20303224926152505, 0.20009247330594654, 0.20009247330594654, 0.0, 0.0, 0.0, 0.0, 0.0, 0.0, 0.0, 0.0, 0.0, 0.0, 0.0, 0.0, 0.0, 0.0, 0.0, 0.0, 0.0, 0.0, 0.0, 0.0, 0.0], [0.220608651638031, 0.5, 0.5333333333333333, 0.8823529411764706, 0.5, 0.9090909090909091, 1.0, 0.0, 0.2206086508170304, 0.20318796877690257, 0.20318796877690257, 0.0, 0.0, 0.0, 0.0, 0.0, 0.0, 0.0, 0.0, 0.0, 0.0, 0.0, 0.0, 0.0, 0.0, 0.0, 0.0, 0.0, 0.0, 0.0, 0.0, 0.0], [0.22410234808921814, 0.6666666666666666, 0.5666666666666667, 0.8823529411764706, 0.5, 0.9090909090909091, 1.0, 0.0, 0.2241023460367166, 0.29150968609434186, 0.29150968609434186, 0.0, 0.0, 0.0, 0.0, 0.0, 1.0, 0.0, 0.0, 0.0, 0.0, 0.0, 0.0, 0.0, 0.0, 0.0, 0.0, 0.0, 0.0, 0.0, 0.0, 0.0], [0.30630987882614136, 0.8333333333333333, 0.6, 0.8823529411764706, 0.5, 0.9090909090909091, 1.0, 1.0, 0.30630987078033534, 0.2972381633832107, 0.2972381633832107, 0.0, 0.0, 0.0, 0.0, 0.0, 0.0, 0.0, 0.0, 0.0, 0.0, 0.0, 0.0, 0.0, 0.0, 0.0, 0.0, 0.0, 0.0, 0.0, 0.0, 0.0], [0.296061635017395, 1.0, 0.6333333333333333, 0.8823529411764706, 0.5, 0.9090909090909091, 1.0, 1.0, 0.29606163928659823, 0.3260198545850013, 0.3260198545850013, 0.0, 0.0, 0.0, 0.0, 0.0, 0.0, 0.0, 0.0, 0.0, 0.0, 0.0, 0.0, 0.0, 0.0, 0.0, 0.0, 0.0, 0.0, 0.0, 0.0, 0.0]]",0.3776799738407135,137.097830504179,6.0,20.0,46.0,3.0,11.0,4.0,1.0,107.47037506103516,118.34520721435548,118.34520721435548,0.0,0.0,0.0,0.0,0.0,0.0,0.0,0.0,0.0,0.0,0.0,0.0,0.0,0.0,0.0,0.0,0.0,0.0,0.0,0.0,0.0,1.0,0.6333333333333333,0.8823529411764706,0.5,0.9090909090909091,1.0,1.0,0.29606163928659823,0.3260198545850013,0.3260198545850013,0.0,0.0,0.0,0.0,0.0,0.0,0.0,0.0,0.0,0.0,0.0,0.0,0.0,0.0,0.0,0.0,0.0,0.0,0.0,0.0,0.0
58,"[[0.25848567485809326, 0.16666666666666666, 0.4666666666666667, 0.8823529411764706, 0.5, 0.9090909090909091, 1.0, 0.0, 0.25848567321609206, 0.18870683149857956, 0.18870683149857956, 0.0, 0.0, 0.0, 0.0, 0.0, 0.0, 0.0, 0.0, 0.0, 0.0, 0.0, 0.0, 0.0, 0.0, 0.0, 0.0, 0.0, 0.0, 0.0, 0.0, 0.0], [0.2030322402715683, 0.3333333333333333, 0.5, 0.8823529411764706, 0.5, 0.9090909090909091, 1.0, 0.0, 0.20303224926152505, 0.20009247330594654, 0.20009247330594654, 0.0, 0.0, 0.0, 0.0, 0.0, 0.0, 0.0, 0.0, 0.0, 0.0, 0.0, 0.0, 0.0, 0.0, 0.0, 0.0, 0.0, 0.0, 0.0, 0.0, 0.0], [0.220608651638031, 0.5, 0.5333333333333333, 0.8823529411764706, 0.5, 0.9090909090909091, 1.0, 0.0, 0.2206086508170304, 0.20318796877690257, 0.20318796877690257, 0.0, 0.0, 0.0, 0.0, 0.0, 0.0, 0.0, 0.0, 0.0, 0.0, 0.0, 0.0, 0.0, 0.0, 0.0, 0.0, 0.0, 0.0, 0.0, 0.0, 0.0], [0.22410234808921814, 0.6666666666666666, 0.5666666666666667, 0.8823529411764706, 0.5, 0.9090909090909091, 1.0, 0.0, 0.2241023460367166, 0.29150968609434186, 0.29150968609434186, 0.0, 0.0, 0.0, 0.0, 0.0, 1.0, 0.0, 0.0, 0.0, 0.0, 0.0, 0.0, 0.0, 0.0, 0.0, 0.0, 0.0, 0.0, 0.0, 0.0, 0.0], [0.30630987882614136, 0.8333333333333333, 0.6, 0.8823529411764706, 0.5, 0.9090909090909091, 1.0, 1.0, 0.30630987078033534, 0.2972381633832107, 0.2972381633832107, 0.0, 0.0, 0.0, 0.0, 0.0, 0.0, 0.0, 0.0, 0.0, 0.0, 0.0, 0.0, 0.0, 0.0, 0.0, 0.0, 0.0, 0.0, 0.0, 0.0, 0.0], [0.296061635017395, 1.0, 0.6333333333333333, 0.8823529411764706, 0.5, 0.9090909090909091, 1.0, 1.0, 0.29606163928659823, 0.3260198545850013, 0.3260198545850013, 0.0, 0.0, 0.0, 0.0, 0.0, 0.0, 0.0, 0.0, 0.0, 0.0, 0.0, 0.0, 0.0, 0.0, 0.0, 0.0, 0.0, 0.0, 0.0, 0.0, 0.0], [0.3776799738407135, 0.0, 0.6666666666666666, 0.9019607843137254, 0.5, 0.9090909090909091, 1.0, 0.0, 0.37767995618920025, 0.25848567321609206, 0.25848567321609206, 0.0, 0.0, 0.0, 0.0, 1.0, 0.0, 0.0, 0.0, 0.0, 0.0, 0.0, 0.0, 0.0, 0.0, 0.0, 0.0, 0.0, 0.0, 0.0, 0.0, 0.0]]",0.30037203431129456,109.03504845499992,0.0,21.0,47.0,3.0,11.0,4.0,0.0,137.0978240966797,93.83029937744142,93.83029937744142,0.0,0.0,0.0,0.0,1.0,0.0,0.0,0.0,0.0,0.0,0.0,0.0,0.0,0.0,0.0,0.0,0.0,0.0,0.0,0.0,0.0,0.0,0.6666666666666666,0.9019607843137254,0.5,0.9090909090909091,1.0,0.0,0.37767995618920025,0.25848567321609206,0.25848567321609206,0.0,0.0,0.0,0.0,1.0,0.0,0.0,0.0,0.0,0.0,0.0,0.0,0.0,0.0,0.0,0.0,0.0,0.0,0.0,0.0,0.0
59,"[[0.2030322402715683, 0.3333333333333333, 0.5, 0.8823529411764706, 0.5, 0.9090909090909091, 1.0, 0.0, 0.20303224926152505, 0.20009247330594654, 0.20009247330594654, 0.0, 0.0, 0.0, 0.0, 0.0, 0.0, 0.0, 0.0, 0.0, 0.0, 0.0, 0.0, 0.0, 0.0, 0.0, 0.0, 0.0, 0.0, 0.0, 0.0, 0.0], [0.220608651638031, 0.5, 0.5333333333333333, 0.8823529411764706, 0.5, 0.9090909090909091, 1.0, 0.0, 0.2206086508170304, 0.20318796877690257, 0.20318796877690257, 0.0, 0.0, 0.0, 0.0, 0.0, 0.0, 0.0, 0.0, 0.0, 0.0, 0.0, 0.0, 0.0, 0.0, 0.0, 0.0, 0.0, 0.0, 0.0, 0.0, 0.0], [0.22410234808921814, 0.6666666666666666, 0.5666666666666667, 0.8823529411764706, 0.5, 0.9090909090909091, 1.0, 0.0, 0.2241023460367166, 0.29150968609434186, 0.29150968609434186, 0.0, 0.0, 0.0, 0.0, 0.0, 1.0, 0.0, 0.0, 0.0, 0.0, 0.0, 0.0, 0.0, 0.0, 0.0, 0.0, 0.0, 0.0, 0.0, 0.0, 0.0], [0.30630987882614136, 0.8333333333333333, 0.6, 0.8823529411764706, 0.5, 0.9090909090909091, 1.0, 1.0, 0.30630987078033534, 0.2972381633832107, 0.2972381633832107, 0.0, 0.0, 0.0, 0.0, 0.0, 0.0, 0.0, 0.0, 0.0, 0.0, 0.0, 0.0, 0.0, 0.0, 0.0, 0.0, 0.0, 0.0, 0.0, 0.0, 0.0], [0.296061635017395, 1.0, 0.6333333333333333, 0.8823529411764706, 0.5, 0.9090909090909091, 1.0, 1.0, 0.29606163928659823, 0.3260198545850013, 0.3260198545850013, 0.0, 0.0, 0.0, 0.0, 0.0, 0.0, 0.0, 0.0, 0.0, 0.0, 0.0, 0.0, 0.0, 0.0, 0.0, 0.0, 0.0, 0.0, 0.0, 0.0, 0.0], [0.3776799738407135, 0.0, 0.6666666666666666, 0.9019607843137254, 0.5, 0.9090909090909091, 1.0, 0.0, 0.37767995618920025, 0.25848567321609206, 0.25848567321609206, 0.0, 0.0, 0.0, 0.0, 1.0, 0.0, 0.0, 0.0, 0.0, 0.0, 0.0, 0.0, 0.0, 0.0, 0.0, 0.0, 0.0, 0.0, 0.0, 0.0, 0.0], [0.30037203431129456, 0.16666666666666666, 0.7, 0.9019607843137254, 0.75, 0.9090909090909091, 1.0, 0.0, 0.3003720370205966, 0.20303224926152505, 0.20303224926152505, 0.0, 0.0, 0.0, 0.0, 0.0, 0.0, 0.0, 0.0, 0.0, 0.0, 0.0, 0.0, 0.0, 0.0, 0.0, 0.0, 0.0, 0.0, 0.0, 0.0, 0.0]]",0.2483249455690384,90.14195524156094,1.0,22.0,47.0,4.0,11.0,4.0,0.0,109.03504943847656,73.7007064819336,73.7007064819336,0.0,0.0,0.0,0.0,0.0,0.0,0.0,0.0,0.0,0.0,0.0,0.0,0.0,0.0,0.0,0.0,0.0,0.0,0.0,0.0,0.0,0.16666666666666666,0.7,0.9019607843137254,0.75,0.9090909090909091,1.0,0.0,0.3003720370205966,0.20303224926152505,0.20303224926152505,0.0,0.0,0.0,0.0,0.0,0.0,0.0,0.0,0.0,0.0,0.0,0.0,0.0,0.0,0.0,0.0,0.0,0.0,0.0,0.0,0.0
60,"[[0.220608651638031, 0.5, 0.5333333333333333, 0.8823529411764706, 0.5, 0.9090909090909091, 1.0, 0.0, 0.2206086508170304, 0.20318796877690257, 0.20318796877690257, 0.0, 0.0, 0.0, 0.0, 0.0, 0.0, 0.0, 0.0, 0.0, 0.0, 0.0, 0.0, 0.0, 0.0, 0.0, 0.0, 0.0, 0.0, 0.0, 0.0, 0.0], [0.22410234808921814, 0.6666666666666666, 0.5666666666666667, 0.8823529411764706, 0.5, 0.9090909090909091, 1.0, 0.0, 0.2241023460367166, 0.29150968609434186, 0.29150968609434186, 0.0, 0.0, 0.0, 0.0, 0.0, 1.0, 0.0, 0.0, 0.0, 0.0, 0.0, 0.0, 0.0, 0.0, 0.0, 0.0, 0.0, 0.0, 0.0, 0.0, 0.0], [0.30630987882614136, 0.8333333333333333, 0.6, 0.8823529411764706, 0.5, 0.9090909090909091, 1.0, 1.0, 0.30630987078033534, 0.2972381633832107, 0.2972381633832107, 0.0, 0.0, 0.0, 0.0, 0.0, 0.0, 0.0, 0.0, 0.0, 0.0, 0.0, 0.0, 0.0, 0.0, 0.0, 0.0, 0.0, 0.0, 0.0, 0.0, 0.0], [0.296061635017395, 1.0, 0.6333333333333333, 0.8823529411764706, 0.5, 0.9090909090909091, 1.0, 1.0, 0.29606163928659823, 0.3260198545850013, 0.3260198545850013, 0.0, 0.0, 0.0, 0.0, 0.0, 0.0, 0.0, 0.0, 0.0, 0.0, 0.0, 0.0, 0.0, 0.0, 0.0, 0.0, 0.0, 0.0, 0.0, 0.0, 0.0], [0.3776799738407135, 0.0, 0.6666666666666666, 0.9019607843137254, 0.5, 0.9090909090909091, 1.0, 0.0, 0.37767995618920025, 0.25848567321609206, 0.25848567321609206, 0.0, 0.0, 0.0, 0.0, 1.0, 0.0, 0.0, 0.0, 0.0, 0.0, 0.0, 0.0, 0.0, 0.0, 0.0, 0.0, 0.0, 0.0, 0.0, 0.0, 0.0], [0.30037203431129456, 0.16666666666666666, 0.7, 0.9019607843137254, 0.75, 0.9090909090909091, 1.0, 0.0, 0.3003720370205966, 0.20303224926152505, 0.20303224926152505, 0.0, 0.0, 0.0, 0.0, 0.0, 0.0, 0.0, 0.0, 0.0, 0.0, 0.0, 0.0, 0.0, 0.0, 0.0, 0.0, 0.0, 0.0, 0.0, 0.0, 0.0], [0.2483249455690384, 0.3333333333333333, 0.7333333333333333, 0.9019607843137254, 0.75, 0.9090909090909091, 1.0, 0.0, 0.24832493805688274, 0.2206086508170304, 0.2206086508170304, 0.0, 0.0, 0.0, 0.0, 0.0, 0.0, 0.0, 0.0, 0.0, 0.0, 0.0, 0.0, 0.0, 0.0, 0.0, 0.0, 0.0, 0.0, 0.0, 0.0, 0.0]]",0.26500850915908813,96.198088824749,2.0,23.0,47.0,4.0,11.0,4.0,0.0,90.14195251464844,80.08094024658203,80.08094024658203,0.0,0.0,0.0,0.0,0.0,0.0,0.0,0.0,0.0,0.0,0.0,0.0,0.0,0.0,0.0,0.0,0.0,0.0,0.0,0.0,0.0,0.3333333333333333,0.7333333333333333,0.9019607843137254,0.75,0.9090909090909091,1.0,0.0,0.24832493805688274,0.2206086508170304,0.2206086508170304,0.0,0.0,0.0,0.0,0.0,0.0,0.0,0.0,0.0,0.0,0.0,0.0,0.0,0.0,0.0,0.0,0.0,0.0,0.0,0.0,0.0
61,"[[0.22410234808921814, 0.6666666666666666, 0.5666666666666667, 0.8823529411764706, 0.5, 0.9090909090909091, 1.0, 0.0, 0.2241023460367166, 0.29150968609434186, 0.29150968609434186, 0.0, 0.0, 0.0, 0.0, 0.0, 1.0, 0.0, 0.0, 0.0, 0.0, 0.0, 0.0, 0.0, 0.0, 0.0, 0.0, 0.0, 0.0, 0.0, 0.0, 0.0], [0.30630987882614136, 0.8333333333333333, 0.6, 0.8823529411764706, 0.5, 0.9090909090909091, 1.0, 1.0, 0.30630987078033534, 0.2972381633832107, 0.2972381633832107, 0.0, 0.0, 0.0, 0.0, 0.0, 0.0, 0.0, 0.0, 0.0, 0.0, 0.0, 0.0, 0.0, 0.0, 0.0, 0.0, 0.0, 0.0, 0.0, 0.0, 0.0], [0.296061635017395, 1.0, 0.6333333333333333, 0.8823529411764706, 0.5, 0.9090909090909091, 1.0, 1.0, 0.29606163928659823, 0.3260198545850013, 0.3260198545850013, 0.0, 0.0, 0.0, 0.0, 0.0, 0.0, 0.0, 0.0, 0.0, 0.0, 0.0, 0.0, 0.0, 0.0, 0.0, 0.0, 0.0, 0.0, 0.0, 0.0, 0.0], [0.3776799738407135, 0.0, 0.6666666666666666, 0.9019607843137254, 0.5, 0.9090909090909091, 1.0, 0.0, 0.37767995618920025, 0.25848567321609206, 0.25848567321609206, 0.0, 0.0, 0.0, 0.0, 1.0, 0.0, 0.0, 0.0, 0.0, 0.0, 0.0, 0.0, 0.0, 0.0, 0.0, 0.0, 0.0, 0.0, 0.0, 0.0, 0.0], [0.30037203431129456, 0.16666666666666666, 0.7, 0.9019607843137254, 0.75, 0.9090909090909091, 1.0, 0.0, 0.3003720370205966, 0.20303224926152505, 0.20303224926152505, 0.0, 0.0, 0.0, 0.0, 0.0, 0.0, 0.0, 0.0, 0.0, 0.0, 0.0, 0.0, 0.0, 0.0, 0.0, 0.0, 0.0, 0.0, 0.0, 0.0, 0.0], [0.2483249455690384, 0.3333333333333333, 0.7333333333333333, 0.9019607843137254, 0.75, 0.9090909090909091, 1.0, 0.0, 0.24832493805688274, 0.2206086508170304, 0.2206086508170304, 0.0, 0.0, 0.0, 0.0, 0.0, 0.0, 0.0, 0.0, 0.0, 0.0, 0.0, 0.0, 0.0, 0.0, 0.0, 0.0, 0.0, 0.0, 0.0, 0.0, 0.0], [0.26500850915908813, 0.5, 0.7666666666666667, 0.9019607843137254, 0.75, 0.9090909090909091, 1.0, 0.0, 0.26500851129368974, 0.2241023460367166, 0.2241023460367166, 0.0, 0.0, 0.0, 0.0, 0.0, 0.0, 0.0, 1.0, 0.0, 0.0, 0.0, 0.0, 0.0, 0.0, 0.0, 0.0, 0.0, 0.0, 0.0, 0.0, 0.0]]",-0.04756291210651398,-17.265337094664574,3.0,24.0,47.0,4.0,11.0,4.0,0.0,96.19808959960938,81.34915161132812,81.34915161132812,0.0,0.0,0.0,0.0,0.0,0.0,0.0,1.0,0.0,0.0,0.0,0.0,0.0,0.0,0.0,0.0,0.0,0.0,0.0,0.0,0.0,0.5,0.7666666666666667,0.9019607843137254,0.75,0.9090909090909091,1.0,0.0,0.26500851129368974,0.2241023460367166,0.2241023460367166,0.0,0.0,0.0,0.0,0.0,0.0,0.0,1.0,0.0,0.0,0.0,0.0,0.0,0.0,0.0,0.0,0.0,0.0,0.0,0.0,0.0
62,"[[0.30630987882614136, 0.8333333333333333, 0.6, 0.8823529411764706, 0.5, 0.9090909090909091, 1.0, 1.0, 0.30630987078033534, 0.2972381633832107, 0.2972381633832107, 0.0, 0.0, 0.0, 0.0, 0.0, 0.0, 0.0, 0.0, 0.0, 0.0, 0.0, 0.0, 0.0, 0.0, 0.0, 0.0, 0.0, 0.0, 0.0, 0.0, 0.0], [0.296061635017395, 1.0, 0.6333333333333333, 0.8823529411764706, 0.5, 0.9090909090909091, 1.0, 1.0, 0.29606163928659823, 0.3260198545850013, 0.3260198545850013, 0.0, 0.0, 0.0, 0.0, 0.0, 0.0, 0.0, 0.0, 0.0, 0.0, 0.0, 0.0, 0.0, 0.0, 0.0, 0.0, 0.0, 0.0, 0.0, 0.0, 0.0], [0.3776799738407135, 0.0, 0.6666666666666666, 0.9019607843137254, 0.5, 0.9090909090909091, 1.0, 0.0, 0.37767995618920025, 0.25848567321609206, 0.25848567321609206, 0.0, 0.0, 0.0, 0.0, 1.0, 0.0, 0.0, 0.0, 0.0, 0.0, 0.0, 0.0, 0.0, 0.0, 0.0, 0.0, 0.0, 0.0, 0.0, 0.0, 0.0], [0.30037203431129456, 0.16666666666666666, 0.7, 0.9019607843137254, 0.75, 0.9090909090909091, 1.0, 0.0, 0.3003720370205966, 0.20303224926152505, 0.20303224926152505, 0.0, 0.0, 0.0, 0.0, 0.0, 0.0, 0.0, 0.0, 0.0, 0.0, 0.0, 0.0, 0.0, 0.0, 0.0, 0.0, 0.0, 0.0, 0.0, 0.0, 0.0], [0.2483249455690384, 0.3333333333333333, 0.7333333333333333, 0.9019607843137254, 0.75, 0.9090909090909091, 1.0, 0.0, 0.24832493805688274, 0.2206086508170304, 0.2206086508170304, 0.0, 0.0, 0.0, 0.0, 0.0, 0.0, 0.0, 0.0, 0.0, 0.0, 0.0, 0.0, 0.0, 0.0, 0.0, 0.0, 0.0, 0.0, 0.0, 0.0, 0.0], [0.26500850915908813, 0.5, 0.7666666666666667, 0.9019607843137254, 0.75, 0.9090909090909091, 1.0, 0.0, 0.26500851129368974, 0.2241023460367166, 0.2241023460367166, 0.0, 0.0, 0.0, 0.0, 0.0, 0.0, 0.0, 1.0, 0.0, 0.0, 0.0, 0.0, 0.0, 0.0, 0.0, 0.0, 0.0, 0.0, 0.0, 0.0, 0.0], [-0.04756291210651398, 0.6666666666666666, 0.8, 0.9019607843137254, 0.75, 0.9090909090909091, 1.0, 0.0, -0.047562911819163764, 0.30630987078033534, 0.30630987078033534, 0.0, 0.0, 0.0, 0.0, 0.0, 1.0, 0.0, 0.0, 1.0, 0.0, 0.0, 0.0, 0.0, 0.0, 0.0, 0.0, 0.0, 0.0, 0.0, 0.0, 0.0]]",0.0888734757900238,32.26107171177864,4.0,25.0,47.0,4.0,11.0,4.0,0.0,-17.265336990356445,111.19048309326172,111.19048309326172,0.0,0.0,0.0,0.0,0.0,1.0,0.0,0.0,1.0,0.0,0.0,0.0,0.0,0.0,0.0,0.0,0.0,0.0,0.0,0.0,0.0,0.6666666666666666,0.8,0.9019607843137254,0.75,0.9090909090909091,1.0,0.0,-0.047562911819163764,0.30630987078033534,0.30630987078033534,0.0,0.0,0.0,0.0,0.0,1.0,0.0,0.0,1.0,0.0,0.0,0.0,0.0,0.0,0.0,0.0,0.0,0.0,0.0,0.0,0.0
63,"[[0.296061635017395, 1.0, 0.6333333333333333, 0.8823529411764706, 0.5, 0.9090909090909091, 1.0, 1.0, 0.29606163928659823, 0.3260198545850013, 0.3260198545850013, 0.0, 0.0, 0.0, 0.0, 0.0, 0.0, 0.0, 0.0, 0.0, 0.0, 0.0, 0.0, 0.0, 0.0, 0.0, 0.0, 0.0, 0.0, 0.0, 0.0, 0.0], [0.3776799738407135, 0.0, 0.6666666666666666, 0.9019607843137254, 0.5, 0.9090909090909091, 1.0, 0.0, 0.37767995618920025, 0.25848567321609206, 0.25848567321609206, 0.0, 0.0, 0.0, 0.0, 1.0, 0.0, 0.0, 0.0, 0.0, 0.0, 0.0, 0.0, 0.0, 0.0, 0.0, 0.0, 0.0, 0.0, 0.0, 0.0, 0.0], [0.30037203431129456, 0.16666666666666666, 0.7, 0.9019607843137254, 0.75, 0.9090909090909091, 1.0, 0.0, 0.3003720370205966, 0.20303224926152505, 0.20303224926152505, 0.0, 0.0, 0.0, 0.0, 0.0, 0.0, 0.0, 0.0, 0.0, 0.0, 0.0, 0.0, 0.0, 0.0, 0.0, 0.0, 0.0, 0.0, 0.0, 0.0, 0.0], [0.2483249455690384, 0.3333333333333333, 0.7333333333333333, 0.9019607843137254, 0.75, 0.9090909090909091, 1.0, 0.0, 0.24832493805688274, 0.2206086508170304, 0.2206086508170304, 0.0, 0.0, 0.0, 0.0, 0.0, 0.0, 0.0, 0.0, 0.0, 0.0, 0.0, 0.0, 0.0, 0.0, 0.0, 0.0, 0.0, 0.0, 0.0, 0.0, 0.0], [0.26500850915908813, 0.5, 0.7666666666666667, 0.9019607843137254, 0.75, 0.9090909090909091, 1.0, 0.0, 0.26500851129368974, 0.2241023460367166, 0.2241023460367166, 0.0, 0.0, 0.0, 0.0, 0.0, 0.0, 0.0, 1.0, 0.0, 0.0, 0.0, 0.0, 0.0, 0.0, 0.0, 0.0, 0.0, 0.0, 0.0, 0.0, 0.0], [-0.04756291210651398, 0.6666666666666666, 0.8, 0.9019607843137254, 0.75, 0.9090909090909091, 1.0, 0.0, -0.047562911819163764, 0.30630987078033534, 0.30630987078033534, 0.0, 0.0, 0.0, 0.0, 0.0, 1.0, 0.0, 0.0, 1.0, 0.0, 0.0, 0.0, 0.0, 0.0, 0.0, 0.0, 0.0, 0.0, 0.0, 0.0, 0.0], [0.0888734757900238, 0.8333333333333333, 0.8333333333333334, 0.9019607843137254, 0.75, 0.9090909090909091, 1.0, 1.0, 0.08887347176712078, 0.29606163928659823, 0.29606163928659823, 0.0, 0.0, 0.0, 0.0, 0.0, 0.0, 0.0, 0.0, 0.0, 0.0, 0.0, 0.0, 0.0, 0.0, 0.0, 0.0, 0.0, 0.0, 0.0, 0.0, 0.0]]",0.1811928004026413,65.77298654615879,5.0,26.0,47.0,4.0,11.0,4.0,1.0,32.261070251464844,107.47037506103516,107.47037506103516,0.0,0.0,0.0,0.0,0.0,0.0,0.0,0.0,0.0,0.0,0.0,0.0,0.0,0.0,0.0,0.0,0.0,0.0,0.0,0.0,0.0,0.8333333333333333,0.8333333333333334,0.9019607843137254,0.75,0.9090909090909091,1.0,1.0,0.08887347176712078,0.29606163928659823,0.29606163928659823,0.0,0.0,0.0,0.0,0.0,0.0,0.0,0.0,0.0,0.0,0.0,0.0,0.0,0.0,0.0,0.0,0.0,0.0,0.0,0.0,0.0
64,"[[0.3776799738407135, 0.0, 0.6666666666666666, 0.9019607843137254, 0.5, 0.9090909090909091, 1.0, 0.0, 0.37767995618920025, 0.25848567321609206, 0.25848567321609206, 0.0, 0.0, 0.0, 0.0, 1.0, 0.0, 0.0, 0.0, 0.0, 0.0, 0.0, 0.0, 0.0, 0.0, 0.0, 0.0, 0.0, 0.0, 0.0, 0.0, 0.0], [0.30037203431129456, 0.16666666666666666, 0.7, 0.9019607843137254, 0.75, 0.9090909090909091, 1.0, 0.0, 0.3003720370205966, 0.20303224926152505, 0.20303224926152505, 0.0, 0.0, 0.0, 0.0, 0.0, 0.0, 0.0, 0.0, 0.0, 0.0, 0.0, 0.0, 0.0, 0.0, 0.0, 0.0, 0.0, 0.0, 0.0, 0.0, 0.0], [0.2483249455690384, 0.3333333333333333, 0.7333333333333333, 0.9019607843137254, 0.75, 0.9090909090909091, 1.0, 0.0, 0.24832493805688274, 0.2206086508170304, 0.2206086508170304, 0.0, 0.0, 0.0, 0.0, 0.0, 0.0, 0.0, 0.0, 0.0, 0.0, 0.0, 0.0, 0.0, 0.0, 0.0, 0.0, 0.0, 0.0, 0.0, 0.0, 0.0], [0.26500850915908813, 0.5, 0.7666666666666667, 0.9019607843137254, 0.75, 0.9090909090909091, 1.0, 0.0, 0.26500851129368974, 0.2241023460367166, 0.2241023460367166, 0.0, 0.0, 0.0, 0.0, 0.0, 0.0, 0.0, 1.0, 0.0, 0.0, 0.0, 0.0, 0.0, 0.0, 0.0, 0.0, 0.0, 0.0, 0.0, 0.0, 0.0], [-0.04756291210651398, 0.6666666666666666, 0.8, 0.9019607843137254, 0.75, 0.9090909090909091, 1.0, 0.0, -0.047562911819163764, 0.30630987078033534, 0.30630987078033534, 0.0, 0.0, 0.0, 0.0, 0.0, 1.0, 0.0, 0.0, 1.0, 0.0, 0.0, 0.0, 0.0, 0.0, 0.0, 0.0, 0.0, 0.0, 0.0, 0.0, 0.0], [0.0888734757900238, 0.8333333333333333, 0.8333333333333334, 0.9019607843137254, 0.75, 0.9090909090909091, 1.0, 1.0, 0.08887347176712078, 0.29606163928659823, 0.29606163928659823, 0.0, 0.0, 0.0, 0.0, 0.0, 0.0, 0.0, 0.0, 0.0, 0.0, 0.0, 0.0, 0.0, 0.0, 0.0, 0.0, 0.0, 0.0, 0.0, 0.0, 0.0], [0.1811928004026413, 1.0, 0.8666666666666667, 0.9019607843137254, 0.75, 0.9090909090909091, 1.0, 1.0, 0.181192802660393, 0.37767995618920025, 0.37767995618920025, 0.0, 0.0, 0.0, 0.0, 0.0, 0.0, 0.0, 0.0, 0.0, 0.0, 0.0, 0.0, 0.0, 0.0, 0.0, 0.0, 0.0, 0.0, 0.0, 0.0, 0.0]]",0.22801651060581207,82.76999334990978,6.0,27.0,47.0,4.0,11.0,4.0,1.0,65.77298736572266,137.0978240966797,137.0978240966797,0.0,0.0,0.0,0.0,0.0,0.0,0.0,0.0,0.0,0.0,0.0,0.0,0.0,0.0,0.0,0.0,0.0,0.0,0.0,0.0,0.0,1.0,0.8666666666666667,0.9019607843137254,0.75,0.9090909090909091,1.0,1.0,0.181192802660393,0.37767995618920025,0.37767995618920025,0.0,0.0,0.0,0.0,0.0,0.0,0.0,0.0,0.0,0.0,0.0,0.0,0.0,0.0,0.0,0.0,0.0,0.0,0.0,0.0,0.0
65,"[[0.30037203431129456, 0.16666666666666666, 0.7, 0.9019607843137254, 0.75, 0.9090909090909091, 1.0, 0.0, 0.3003720370205966, 0.20303224926152505, 0.20303224926152505, 0.0, 0.0, 0.0, 0.0, 0.0, 0.0, 0.0, 0.0, 0.0, 0.0, 0.0, 0.0, 0.0, 0.0, 0.0, 0.0, 0.0, 0.0, 0.0, 0.0, 0.0], [0.2483249455690384, 0.3333333333333333, 0.7333333333333333, 0.9019607843137254, 0.75, 0.9090909090909091, 1.0, 0.0, 0.24832493805688274, 0.2206086508170304, 0.2206086508170304, 0.0, 0.0, 0.0, 0.0, 0.0, 0.0, 0.0, 0.0, 0.0, 0.0, 0.0, 0.0, 0.0, 0.0, 0.0, 0.0, 0.0, 0.0, 0.0, 0.0, 0.0], [0.26500850915908813, 0.5, 0.7666666666666667, 0.9019607843137254, 0.75, 0.9090909090909091, 1.0, 0.0, 0.26500851129368974, 0.2241023460367166, 0.2241023460367166, 0.0, 0.0, 0.0, 0.0, 0.0, 0.0, 0.0, 1.0, 0.0, 0.0, 0.0, 0.0, 0.0, 0.0, 0.0, 0.0, 0.0, 0.0, 0.0, 0.0, 0.0], [-0.04756291210651398, 0.6666666666666666, 0.8, 0.9019607843137254, 0.75, 0.9090909090909091, 1.0, 0.0, -0.047562911819163764, 0.30630987078033534, 0.30630987078033534, 0.0, 0.0, 0.0, 0.0, 0.0, 1.0, 0.0, 0.0, 1.0, 0.0, 0.0, 0.0, 0.0, 0.0, 0.0, 0.0, 0.0, 0.0, 0.0, 0.0, 0.0], [0.0888734757900238, 0.8333333333333333, 0.8333333333333334, 0.9019607843137254, 0.75, 0.9090909090909091, 1.0, 1.0, 0.08887347176712078, 0.29606163928659823, 0.29606163928659823, 0.0, 0.0, 0.0, 0.0, 0.0, 0.0, 0.0, 0.0, 0.0, 0.0, 0.0, 0.0, 0.0, 0.0, 0.0, 0.0, 0.0, 0.0, 0.0, 0.0, 0.0], [0.1811928004026413, 1.0, 0.8666666666666667, 0.9019607843137254, 0.75, 0.9090909090909091, 1.0, 1.0, 0.181192802660393, 0.37767995618920025, 0.37767995618920025, 0.0, 0.0, 0.0, 0.0, 0.0, 0.0, 0.0, 0.0, 0.0, 0.0, 0.0, 0.0, 0.0, 0.0, 0.0, 0.0, 0.0, 0.0, 0.0, 0.0, 0.0], [0.22801651060581207, 0.0, 0.9, 0.9215686274509803, 0.75, 0.9090909090909091, 1.0, 0.0, 0.2280165196778689, 0.3003720370205966, 0.3003720370205966, 0.0, 0.0, 0.0, 0.0, 1.0, 0.0, 0.0, 0.0, 0.0, 0.0, 0.0, 0.0, 0.0, 0.0, 0.0, 0.0, 0.0, 0.0, 0.0, 0.0, 0.0]]",0.19934096932411194,72.36077186465263,0.0,28.0,48.0,4.0,11.0,4.0,0.0,82.7699966430664,109.03504943847656,109.03504943847656,0.0,0.0,0.0,0.0,1.0,0.0,0.0,0.0,0.0,0.0,0.0,0.0,0.0,0.0,0.0,0.0,0.0,0.0,0.0,0.0,0.0,0.0,0.9,0.9215686274509803,0.75,0.9090909090909091,1.0,0.0,0.2280165196778689,0.3003720370205966,0.3003720370205966,0.0,0.0,0.0,0.0,1.0,0.0,0.0,0.0,0.0,0.0,0.0,0.0,0.0,0.0,0.0,0.0,0.0,0.0,0.0,0.0,0.0
66,"[[0.2483249455690384, 0.3333333333333333, 0.7333333333333333, 0.9019607843137254, 0.75, 0.9090909090909091, 1.0, 0.0, 0.24832493805688274, 0.2206086508170304, 0.2206086508170304, 0.0, 0.0, 0.0, 0.0, 0.0, 0.0, 0.0, 0.0, 0.0, 0.0, 0.0, 0.0, 0.0, 0.0, 0.0, 0.0, 0.0, 0.0, 0.0, 0.0, 0.0], [0.26500850915908813, 0.5, 0.7666666666666667, 0.9019607843137254, 0.75, 0.9090909090909091, 1.0, 0.0, 0.26500851129368974, 0.2241023460367166, 0.2241023460367166, 0.0, 0.0, 0.0, 0.0, 0.0, 0.0, 0.0, 1.0, 0.0, 0.0, 0.0, 0.0, 0.0, 0.0, 0.0, 0.0, 0.0, 0.0, 0.0, 0.0, 0.0], [-0.04756291210651398, 0.6666666666666666, 0.8, 0.9019607843137254, 0.75, 0.9090909090909091, 1.0, 0.0, -0.047562911819163764, 0.30630987078033534, 0.30630987078033534, 0.0, 0.0, 0.0, 0.0, 0.0, 1.0, 0.0, 0.0, 1.0, 0.0, 0.0, 0.0, 0.0, 0.0, 0.0, 0.0, 0.0, 0.0, 0.0, 0.0, 0.0], [0.0888734757900238, 0.8333333333333333, 0.8333333333333334, 0.9019607843137254, 0.75, 0.9090909090909091, 1.0, 1.0, 0.08887347176712078, 0.29606163928659823, 0.29606163928659823, 0.0, 0.0, 0.0, 0.0, 0.0, 0.0, 0.0, 0.0, 0.0, 0.0, 0.0, 0.0, 0.0, 0.0, 0.0, 0.0, 0.0, 0.0, 0.0, 0.0, 0.0], [0.1811928004026413, 1.0, 0.8666666666666667, 0.9019607843137254, 0.75, 0.9090909090909091, 1.0, 1.0, 0.181192802660393, 0.37767995618920025, 0.37767995618920025, 0.0, 0.0, 0.0, 0.0, 0.0, 0.0, 0.0, 0.0, 0.0, 0.0, 0.0, 0.0, 0.0, 0.0, 0.0, 0.0, 0.0, 0.0, 0.0, 0.0, 0.0], [0.22801651060581207, 0.0, 0.9, 0.9215686274509803, 0.75, 0.9090909090909091, 1.0, 0.0, 0.2280165196778689, 0.3003720370205966, 0.3003720370205966, 0.0, 0.0, 0.0, 0.0, 1.0, 0.0, 0.0, 0.0, 0.0, 0.0, 0.0, 0.0, 0.0, 0.0, 0.0, 0.0, 0.0, 0.0, 0.0, 0.0, 0.0], [0.19934096932411194, 0.16666666666666666, 0.9333333333333333, 0.9215686274509803, 1.0, 0.9090909090909091, 1.0, 0.0, 0.19934096743581053, 0.24832493805688274, 0.24832493805688274, 0.0, 0.0, 0.0, 0.0, 0.0, 0.0, 0.0, 0.0, 0.0, 0.0, 0.0, 0.0, 0.0, 0.0, 0.0, 0.0, 0.0, 0.0, 0.0, 0.0, 0.0]]",0.19968019425868988,72.48391051590443,1.0,29.0,48.0,5.0,11.0,4.0,0.0,72.36077117919922,90.14195251464844,90.14195251464844,0.0,0.0,0.0,0.0,0.0,0.0,0.0,0.0,0.0,0.0,0.0,0.0,0.0,0.0,0.0,0.0,0.0,0.0,0.0,0.0,0.0,0.16666666666666666,0.9333333333333333,0.9215686274509803,1.0,0.9090909090909091,1.0,0.0,0.19934096743581053,0.24832493805688274,0.24832493805688274,0.0,0.0,0.0,0.0,0.0,0.0,0.0,0.0,0.0,0.0,0.0,0.0,0.0,0.0,0.0,0.0,0.0,0.0,0.0,0.0,0.0
67,"[[0.26500850915908813, 0.5, 0.7666666666666667, 0.9019607843137254, 0.75, 0.9090909090909091, 1.0, 0.0, 0.26500851129368974, 0.2241023460367166, 0.2241023460367166, 0.0, 0.0, 0.0, 0.0, 0.0, 0.0, 0.0, 1.0, 0.0, 0.0, 0.0, 0.0, 0.0, 0.0, 0.0, 0.0, 0.0, 0.0, 0.0, 0.0, 0.0], [-0.04756291210651398, 0.6666666666666666, 0.8, 0.9019607843137254, 0.75, 0.9090909090909091, 1.0, 0.0, -0.047562911819163764, 0.30630987078033534, 0.30630987078033534, 0.0, 0.0, 0.0, 0.0, 0.0, 1.0, 0.0, 0.0, 1.0, 0.0, 0.0, 0.0, 0.0, 0.0, 0.0, 0.0, 0.0, 0.0, 0.0, 0.0, 0.0], [0.0888734757900238, 0.8333333333333333, 0.8333333333333334, 0.9019607843137254, 0.75, 0.9090909090909091, 1.0, 1.0, 0.08887347176712078, 0.29606163928659823, 0.29606163928659823, 0.0, 0.0, 0.0, 0.0, 0.0, 0.0, 0.0, 0.0, 0.0, 0.0, 0.0, 0.0, 0.0, 0.0, 0.0, 0.0, 0.0, 0.0, 0.0, 0.0, 0.0], [0.1811928004026413, 1.0, 0.8666666666666667, 0.9019607843137254, 0.75, 0.9090909090909091, 1.0, 1.0, 0.181192802660393, 0.37767995618920025, 0.37767995618920025, 0.0, 0.0, 0.0, 0.0, 0.0, 0.0, 0.0, 0.0, 0.0, 0.0, 0.0, 0.0, 0.0, 0.0, 0.0, 0.0, 0.0, 0.0, 0.0, 0.0, 0.0], [0.22801651060581207, 0.0, 0.9, 0.9215686274509803, 0.75, 0.9090909090909091, 1.0, 0.0, 0.2280165196778689, 0.3003720370205966, 0.3003720370205966, 0.0, 0.0, 0.0, 0.0, 1.0, 0.0, 0.0, 0.0, 0.0, 0.0, 0.0, 0.0, 0.0, 0.0, 0.0, 0.0, 0.0, 0.0, 0.0, 0.0, 0.0], [0.19934096932411194, 0.16666666666666666, 0.9333333333333333, 0.9215686274509803, 1.0, 0.9090909090909091, 1.0, 0.0, 0.19934096743581053, 0.24832493805688274, 0.24832493805688274, 0.0, 0.0, 0.0, 0.0, 0.0, 0.0, 0.0, 0.0, 0.0, 0.0, 0.0, 0.0, 0.0, 0.0, 0.0, 0.0, 0.0, 0.0, 0.0, 0.0, 0.0], [0.19968019425868988, 0.3333333333333333, 0.9666666666666667, 0.9215686274509803, 1.0, 0.9090909090909091, 1.0, 0.0, 0.199680191754638, 0.26500851129368974, 0.26500851129368974, 0.0, 1.0, 0.0, 0.0, 0.0, 0.0, 0.0, 0.0, 0.0, 0.0, 0.0, 0.0, 0.0, 0.0, 0.0, 0.0, 0.0, 0.0, 0.0, 0.0, 0.0]]",0.19732190668582916,71.62785212695599,2.0,30.0,48.0,5.0,11.0,4.0,0.0,72.4839096069336,96.19808959960938,96.19808959960938,0.0,1.0,0.0,0.0,0.0,0.0,0.0,0.0,0.0,0.0,0.0,0.0,0.0,0.0,0.0,0.0,0.0,0.0,0.0,0.0,0.0,0.3333333333333333,0.9666666666666667,0.9215686274509803,1.0,0.9090909090909091,1.0,0.0,0.199680191754638,0.26500851129368974,0.26500851129368974,0.0,1.0,0.0,0.0,0.0,0.0,0.0,0.0,0.0,0.0,0.0,0.0,0.0,0.0,0.0,0.0,0.0,0.0,0.0,0.0,0.0
68,"[[-0.04756291210651398, 0.6666666666666666, 0.8, 0.9019607843137254, 0.75, 0.9090909090909091, 1.0, 0.0, -0.047562911819163764, 0.30630987078033534, 0.30630987078033534, 0.0, 0.0, 0.0, 0.0, 0.0, 1.0, 0.0, 0.0, 1.0, 0.0, 0.0, 0.0, 0.0, 0.0, 0.0, 0.0, 0.0, 0.0, 0.0, 0.0, 0.0], [0.0888734757900238, 0.8333333333333333, 0.8333333333333334, 0.9019607843137254, 0.75, 0.9090909090909091, 1.0, 1.0, 0.08887347176712078, 0.29606163928659823, 0.29606163928659823, 0.0, 0.0, 0.0, 0.0, 0.0, 0.0, 0.0, 0.0, 0.0, 0.0, 0.0, 0.0, 0.0, 0.0, 0.0, 0.0, 0.0, 0.0, 0.0, 0.0, 0.0], [0.1811928004026413, 1.0, 0.8666666666666667, 0.9019607843137254, 0.75, 0.9090909090909091, 1.0, 1.0, 0.181192802660393, 0.37767995618920025, 0.37767995618920025, 0.0, 0.0, 0.0, 0.0, 0.0, 0.0, 0.0, 0.0, 0.0, 0.0, 0.0, 0.0, 0.0, 0.0, 0.0, 0.0, 0.0, 0.0, 0.0, 0.0, 0.0], [0.22801651060581207, 0.0, 0.9, 0.9215686274509803, 0.75, 0.9090909090909091, 1.0, 0.0, 0.2280165196778689, 0.3003720370205966, 0.3003720370205966, 0.0, 0.0, 0.0, 0.0, 1.0, 0.0, 0.0, 0.0, 0.0, 0.0, 0.0, 0.0, 0.0, 0.0, 0.0, 0.0, 0.0, 0.0, 0.0, 0.0, 0.0], [0.19934096932411194, 0.16666666666666666, 0.9333333333333333, 0.9215686274509803, 1.0, 0.9090909090909091, 1.0, 0.0, 0.19934096743581053, 0.24832493805688274, 0.24832493805688274, 0.0, 0.0, 0.0, 0.0, 0.0, 0.0, 0.0, 0.0, 0.0, 0.0, 0.0, 0.0, 0.0, 0.0, 0.0, 0.0, 0.0, 0.0, 0.0, 0.0, 0.0], [0.19968019425868988, 0.3333333333333333, 0.9666666666666667, 0.9215686274509803, 1.0, 0.9090909090909091, 1.0, 0.0, 0.199680191754638, 0.26500851129368974, 0.26500851129368974, 0.0, 1.0, 0.0, 0.0, 0.0, 0.0, 0.0, 0.0, 0.0, 0.0, 0.0, 0.0, 0.0, 0.0, 0.0, 0.0, 0.0, 0.0, 0.0, 0.0, 0.0], [0.19732190668582916, 0.5, 0.0, 0.9215686274509803, 0.0, 0.9999999999999999, 1.0, 0.0, 0.1973219101750818, -0.047562911819163764, -0.047562911819163764, 1.0, 0.0, 0.0, 0.0, 0.0, 0.0, 0.0, 0.0, 0.0, 0.0, 0.0, 0.0, 0.0, 0.0, 0.0, 0.0, 0.0, 0.0, 0.0, 0.0, 0.0]]",0.20583009719848633,74.71632528305054,3.0,1.0,48.0,1.0,11.999999999999998,4.0,0.0,71.62785339355469,-17.265336990356445,-17.265336990356445,1.0,0.0,0.0,0.0,0.0,0.0,0.0,0.0,0.0,0.0,0.0,0.0,0.0,0.0,0.0,0.0,0.0,0.0,0.0,0.0,0.0,0.5,0.0,0.9215686274509803,0.0,0.9999999999999999,1.0,0.0,0.1973219101750818,-0.047562911819163764,-0.047562911819163764,1.0,0.0,0.0,0.0,0.0,0.0,0.0,0.0,0.0,0.0,0.0,0.0,0.0,0.0,0.0,0.0,0.0,0.0,0.0,0.0,0.0
69,"[[0.0888734757900238, 0.8333333333333333, 0.8333333333333334, 0.9019607843137254, 0.75, 0.9090909090909091, 1.0, 1.0, 0.08887347176712078, 0.29606163928659823, 0.29606163928659823, 0.0, 0.0, 0.0, 0.0, 0.0, 0.0, 0.0, 0.0, 0.0, 0.0, 0.0, 0.0, 0.0, 0.0, 0.0, 0.0, 0.0, 0.0, 0.0, 0.0, 0.0], [0.1811928004026413, 1.0, 0.8666666666666667, 0.9019607843137254, 0.75, 0.9090909090909091, 1.0, 1.0, 0.181192802660393, 0.37767995618920025, 0.37767995618920025, 0.0, 0.0, 0.0, 0.0, 0.0, 0.0, 0.0, 0.0, 0.0, 0.0, 0.0, 0.0, 0.0, 0.0, 0.0, 0.0, 0.0, 0.0, 0.0, 0.0, 0.0], [0.22801651060581207, 0.0, 0.9, 0.9215686274509803, 0.75, 0.9090909090909091, 1.0, 0.0, 0.2280165196778689, 0.3003720370205966, 0.3003720370205966, 0.0, 0.0, 0.0, 0.0, 1.0, 0.0, 0.0, 0.0, 0.0, 0.0, 0.0, 0.0, 0.0, 0.0, 0.0, 0.0, 0.0, 0.0, 0.0, 0.0, 0.0], [0.19934096932411194, 0.16666666666666666, 0.9333333333333333, 0.9215686274509803, 1.0, 0.9090909090909091, 1.0, 0.0, 0.19934096743581053, 0.24832493805688274, 0.24832493805688274, 0.0, 0.0, 0.0, 0.0, 0.0, 0.0, 0.0, 0.0, 0.0, 0.0, 0.0, 0.0, 0.0, 0.0, 0.0, 0.0, 0.0, 0.0, 0.0, 0.0, 0.0], [0.19968019425868988, 0.3333333333333333, 0.9666666666666667, 0.9215686274509803, 1.0, 0.9090909090909091, 1.0, 0.0, 0.199680191754638, 0.26500851129368974, 0.26500851129368974, 0.0, 1.0, 0.0, 0.0, 0.0, 0.0, 0.0, 0.0, 0.0, 0.0, 0.0, 0.0, 0.0, 0.0, 0.0, 0.0, 0.0, 0.0, 0.0, 0.0, 0.0], [0.19732190668582916, 0.5, 0.0, 0.9215686274509803, 0.0, 0.9999999999999999, 1.0, 0.0, 0.1973219101750818, -0.047562911819163764, -0.047562911819163764, 1.0, 0.0, 0.0, 0.0, 0.0, 0.0, 0.0, 0.0, 0.0, 0.0, 0.0, 0.0, 0.0, 0.0, 0.0, 0.0, 0.0, 0.0, 0.0, 0.0, 0.0], [0.20583009719848633, 0.6666666666666666, 0.03333333333333333, 0.9215686274509803, 0.0, 0.9999999999999999, 1.0, 0.0, 0.20583009325768337, 0.08887347176712078, 0.08887347176712078, 0.0, 0.0, 0.0, 0.0, 0.0, 1.0, 0.0, 0.0, 0.0, 0.0, 0.0, 0.0, 0.0, 0.0, 0.0, 0.0, 0.0, 0.0, 0.0, 0.0, 0.0]]",0.27281662821769714,99.03243604302406,4.0,2.0,48.0,1.0,11.999999999999998,4.0,0.0,74.71632385253906,32.261070251464844,32.261070251464844,0.0,0.0,0.0,0.0,0.0,1.0,0.0,0.0,0.0,0.0,0.0,0.0,0.0,0.0,0.0,0.0,0.0,0.0,0.0,0.0,0.0,0.6666666666666666,0.03333333333333333,0.9215686274509803,0.0,0.9999999999999999,1.0,0.0,0.20583009325768337,0.08887347176712078,0.08887347176712078,0.0,0.0,0.0,0.0,0.0,1.0,0.0,0.0,0.0,0.0,0.0,0.0,0.0,0.0,0.0,0.0,0.0,0.0,0.0,0.0,0.0
70,"[[0.1811928004026413, 1.0, 0.8666666666666667, 0.9019607843137254, 0.75, 0.9090909090909091, 1.0, 1.0, 0.181192802660393, 0.37767995618920025, 0.37767995618920025, 0.0, 0.0, 0.0, 0.0, 0.0, 0.0, 0.0, 0.0, 0.0, 0.0, 0.0, 0.0, 0.0, 0.0, 0.0, 0.0, 0.0, 0.0, 0.0, 0.0, 0.0], [0.22801651060581207, 0.0, 0.9, 0.9215686274509803, 0.75, 0.9090909090909091, 1.0, 0.0, 0.2280165196778689, 0.3003720370205966, 0.3003720370205966, 0.0, 0.0, 0.0, 0.0, 1.0, 0.0, 0.0, 0.0, 0.0, 0.0, 0.0, 0.0, 0.0, 0.0, 0.0, 0.0, 0.0, 0.0, 0.0, 0.0, 0.0], [0.19934096932411194, 0.16666666666666666, 0.9333333333333333, 0.9215686274509803, 1.0, 0.9090909090909091, 1.0, 0.0, 0.19934096743581053, 0.24832493805688274, 0.24832493805688274, 0.0, 0.0, 0.0, 0.0, 0.0, 0.0, 0.0, 0.0, 0.0, 0.0, 0.0, 0.0, 0.0, 0.0, 0.0, 0.0, 0.0, 0.0, 0.0, 0.0, 0.0], [0.19968019425868988, 0.3333333333333333, 0.9666666666666667, 0.9215686274509803, 1.0, 0.9090909090909091, 1.0, 0.0, 0.199680191754638, 0.26500851129368974, 0.26500851129368974, 0.0, 1.0, 0.0, 0.0, 0.0, 0.0, 0.0, 0.0, 0.0, 0.0, 0.0, 0.0, 0.0, 0.0, 0.0, 0.0, 0.0, 0.0, 0.0, 0.0, 0.0], [0.19732190668582916, 0.5, 0.0, 0.9215686274509803, 0.0, 0.9999999999999999, 1.0, 0.0, 0.1973219101750818, -0.047562911819163764, -0.047562911819163764, 1.0, 0.0, 0.0, 0.0, 0.0, 0.0, 0.0, 0.0, 0.0, 0.0, 0.0, 0.0, 0.0, 0.0, 0.0, 0.0, 0.0, 0.0, 0.0, 0.0, 0.0], [0.20583009719848633, 0.6666666666666666, 0.03333333333333333, 0.9215686274509803, 0.0, 0.9999999999999999, 1.0, 0.0, 0.20583009325768337, 0.08887347176712078, 0.08887347176712078, 0.0, 0.0, 0.0, 0.0, 0.0, 1.0, 0.0, 0.0, 0.0, 0.0, 0.0, 0.0, 0.0, 0.0, 0.0, 0.0, 0.0, 0.0, 0.0, 0.0, 0.0], [0.27281662821769714, 0.8333333333333333, 0.06666666666666668, 0.9215686274509803, 0.0, 0.9999999999999999, 1.0, 1.0, 0.2728166186119899, 0.181192802660393, 0.181192802660393, 0.0, 0.0, 0.0, 0.0, 0.0, 0.0, 0.0, 0.0, 0.0, 0.0, 0.0, 0.0, 0.0, 0.0, 0.0, 0.0, 0.0, 0.0, 0.0, 0.0, 0.0]]",0.22721204161643982,82.47797110676765,5.0,3.0,48.0,1.0,11.999999999999998,4.0,1.0,99.03243255615233,65.77298736572266,65.77298736572266,0.0,0.0,0.0,0.0,0.0,0.0,0.0,0.0,0.0,0.0,0.0,0.0,0.0,0.0,0.0,0.0,0.0,0.0,0.0,0.0,0.0,0.8333333333333333,0.06666666666666668,0.9215686274509803,0.0,0.9999999999999999,1.0,1.0,0.2728166186119899,0.181192802660393,0.181192802660393,0.0,0.0,0.0,0.0,0.0,0.0,0.0,0.0,0.0,0.0,0.0,0.0,0.0,0.0,0.0,0.0,0.0,0.0,0.0,0.0,0.0
71,"[[0.22801651060581207, 0.0, 0.9, 0.9215686274509803, 0.75, 0.9090909090909091, 1.0, 0.0, 0.2280165196778689, 0.3003720370205966, 0.3003720370205966, 0.0, 0.0, 0.0, 0.0, 1.0, 0.0, 0.0, 0.0, 0.0, 0.0, 0.0, 0.0, 0.0, 0.0, 0.0, 0.0, 0.0, 0.0, 0.0, 0.0, 0.0], [0.19934096932411194, 0.16666666666666666, 0.9333333333333333, 0.9215686274509803, 1.0, 0.9090909090909091, 1.0, 0.0, 0.19934096743581053, 0.24832493805688274, 0.24832493805688274, 0.0, 0.0, 0.0, 0.0, 0.0, 0.0, 0.0, 0.0, 0.0, 0.0, 0.0, 0.0, 0.0, 0.0, 0.0, 0.0, 0.0, 0.0, 0.0, 0.0, 0.0], [0.19968019425868988, 0.3333333333333333, 0.9666666666666667, 0.9215686274509803, 1.0, 0.9090909090909091, 1.0, 0.0, 0.199680191754638, 0.26500851129368974, 0.26500851129368974, 0.0, 1.0, 0.0, 0.0, 0.0, 0.0, 0.0, 0.0, 0.0, 0.0, 0.0, 0.0, 0.0, 0.0, 0.0, 0.0, 0.0, 0.0, 0.0, 0.0, 0.0], [0.19732190668582916, 0.5, 0.0, 0.9215686274509803, 0.0, 0.9999999999999999, 1.0, 0.0, 0.1973219101750818, -0.047562911819163764, -0.047562911819163764, 1.0, 0.0, 0.0, 0.0, 0.0, 0.0, 0.0, 0.0, 0.0, 0.0, 0.0, 0.0, 0.0, 0.0, 0.0, 0.0, 0.0, 0.0, 0.0, 0.0, 0.0], [0.20583009719848633, 0.6666666666666666, 0.03333333333333333, 0.9215686274509803, 0.0, 0.9999999999999999, 1.0, 0.0, 0.20583009325768337, 0.08887347176712078, 0.08887347176712078, 0.0, 0.0, 0.0, 0.0, 0.0, 1.0, 0.0, 0.0, 0.0, 0.0, 0.0, 0.0, 0.0, 0.0, 0.0, 0.0, 0.0, 0.0, 0.0, 0.0, 0.0], [0.27281662821769714, 0.8333333333333333, 0.06666666666666668, 0.9215686274509803, 0.0, 0.9999999999999999, 1.0, 1.0, 0.2728166186119899, 0.181192802660393, 0.181192802660393, 0.0, 0.0, 0.0, 0.0, 0.0, 0.0, 0.0, 0.0, 0.0, 0.0, 0.0, 0.0, 0.0, 0.0, 0.0, 0.0, 0.0, 0.0, 0.0, 0.0, 0.0], [0.22721204161643982, 1.0, 0.1, 0.9215686274509803, 0.0, 0.9999999999999999, 1.0, 1.0, 0.2272120494159457, 0.2280165196778689, 0.2280165196778689, 0.0, 0.0, 0.0, 0.0, 0.0, 0.0, 0.0, 0.0, 0.0, 0.0, 0.0, 0.0, 0.0, 0.0, 0.0, 0.0, 0.0, 0.0, 0.0, 0.0, 0.0]]",0.3297070860862732,119.68367224931717,6.0,4.0,48.0,1.0,11.999999999999998,4.0,1.0,82.47797393798828,82.7699966430664,82.7699966430664,0.0,0.0,0.0,0.0,0.0,0.0,0.0,0.0,0.0,0.0,0.0,0.0,0.0,0.0,0.0,0.0,0.0,0.0,0.0,0.0,0.0,1.0,0.1,0.9215686274509803,0.0,0.9999999999999999,1.0,1.0,0.2272120494159457,0.2280165196778689,0.2280165196778689,0.0,0.0,0.0,0.0,0.0,0.0,0.0,0.0,0.0,0.0,0.0,0.0,0.0,0.0,0.0,0.0,0.0,0.0,0.0,0.0,0.0
72,"[[0.19934096932411194, 0.16666666666666666, 0.9333333333333333, 0.9215686274509803, 1.0, 0.9090909090909091, 1.0, 0.0, 0.19934096743581053, 0.24832493805688274, 0.24832493805688274, 0.0, 0.0, 0.0, 0.0, 0.0, 0.0, 0.0, 0.0, 0.0, 0.0, 0.0, 0.0, 0.0, 0.0, 0.0, 0.0, 0.0, 0.0, 0.0, 0.0, 0.0], [0.19968019425868988, 0.3333333333333333, 0.9666666666666667, 0.9215686274509803, 1.0, 0.9090909090909091, 1.0, 0.0, 0.199680191754638, 0.26500851129368974, 0.26500851129368974, 0.0, 1.0, 0.0, 0.0, 0.0, 0.0, 0.0, 0.0, 0.0, 0.0, 0.0, 0.0, 0.0, 0.0, 0.0, 0.0, 0.0, 0.0, 0.0, 0.0, 0.0], [0.19732190668582916, 0.5, 0.0, 0.9215686274509803, 0.0, 0.9999999999999999, 1.0, 0.0, 0.1973219101750818, -0.047562911819163764, -0.047562911819163764, 1.0, 0.0, 0.0, 0.0, 0.0, 0.0, 0.0, 0.0, 0.0, 0.0, 0.0, 0.0, 0.0, 0.0, 0.0, 0.0, 0.0, 0.0, 0.0, 0.0, 0.0], [0.20583009719848633, 0.6666666666666666, 0.03333333333333333, 0.9215686274509803, 0.0, 0.9999999999999999, 1.0, 0.0, 0.20583009325768337, 0.08887347176712078, 0.08887347176712078, 0.0, 0.0, 0.0, 0.0, 0.0, 1.0, 0.0, 0.0, 0.0, 0.0, 0.0, 0.0, 0.0, 0.0, 0.0, 0.0, 0.0, 0.0, 0.0, 0.0, 0.0], [0.27281662821769714, 0.8333333333333333, 0.06666666666666668, 0.9215686274509803, 0.0, 0.9999999999999999, 1.0, 1.0, 0.2728166186119899, 0.181192802660393, 0.181192802660393, 0.0, 0.0, 0.0, 0.0, 0.0, 0.0, 0.0, 0.0, 0.0, 0.0, 0.0, 0.0, 0.0, 0.0, 0.0, 0.0, 0.0, 0.0, 0.0, 0.0, 0.0], [0.22721204161643982, 1.0, 0.1, 0.9215686274509803, 0.0, 0.9999999999999999, 1.0, 1.0, 0.2272120494159457, 0.2280165196778689, 0.2280165196778689, 0.0, 0.0, 0.0, 0.0, 0.0, 0.0, 0.0, 0.0, 0.0, 0.0, 0.0, 0.0, 0.0, 0.0, 0.0, 0.0, 0.0, 0.0, 0.0, 0.0, 0.0], [0.3297070860862732, 0.0, 0.13333333333333333, 0.9411764705882353, 0.0, 0.9999999999999999, 1.0, 0.0, 0.3297070800108686, 0.19934096743581053, 0.19934096743581053, 0.0, 0.0, 0.0, 0.0, 1.0, 0.0, 0.0, 0.0, 0.0, 0.0, 0.0, 0.0, 0.0, 0.0, 0.0, 0.0, 0.0, 0.0, 0.0, 0.0, 0.0]]",0.36606457829475403,132.8814419209957,0.0,5.0,49.0,1.0,11.999999999999998,4.0,0.0,119.68367004394531,72.36077117919922,72.36077117919922,0.0,0.0,0.0,0.0,1.0,0.0,0.0,0.0,0.0,0.0,0.0,0.0,0.0,0.0,0.0,0.0,0.0,0.0,0.0,0.0,0.0,0.0,0.13333333333333333,0.9411764705882353,0.0,0.9999999999999999,1.0,0.0,0.3297070800108686,0.19934096743581053,0.19934096743581053,0.0,0.0,0.0,0.0,1.0,0.0,0.0,0.0,0.0,0.0,0.0,0.0,0.0,0.0,0.0,0.0,0.0,0.0,0.0,0.0,0.0
73,"[[0.19968019425868988, 0.3333333333333333, 0.9666666666666667, 0.9215686274509803, 1.0, 0.9090909090909091, 1.0, 0.0, 0.199680191754638, 0.26500851129368974, 0.26500851129368974, 0.0, 1.0, 0.0, 0.0, 0.0, 0.0, 0.0, 0.0, 0.0, 0.0, 0.0, 0.0, 0.0, 0.0, 0.0, 0.0, 0.0, 0.0, 0.0, 0.0, 0.0], [0.19732190668582916, 0.5, 0.0, 0.9215686274509803, 0.0, 0.9999999999999999, 1.0, 0.0, 0.1973219101750818, -0.047562911819163764, -0.047562911819163764, 1.0, 0.0, 0.0, 0.0, 0.0, 0.0, 0.0, 0.0, 0.0, 0.0, 0.0, 0.0, 0.0, 0.0, 0.0, 0.0, 0.0, 0.0, 0.0, 0.0, 0.0], [0.20583009719848633, 0.6666666666666666, 0.03333333333333333, 0.9215686274509803, 0.0, 0.9999999999999999, 1.0, 0.0, 0.20583009325768337, 0.08887347176712078, 0.08887347176712078, 0.0, 0.0, 0.0, 0.0, 0.0, 1.0, 0.0, 0.0, 0.0, 0.0, 0.0, 0.0, 0.0, 0.0, 0.0, 0.0, 0.0, 0.0, 0.0, 0.0, 0.0], [0.27281662821769714, 0.8333333333333333, 0.06666666666666668, 0.9215686274509803, 0.0, 0.9999999999999999, 1.0, 1.0, 0.2728166186119899, 0.181192802660393, 0.181192802660393, 0.0, 0.0, 0.0, 0.0, 0.0, 0.0, 0.0, 0.0, 0.0, 0.0, 0.0, 0.0, 0.0, 0.0, 0.0, 0.0, 0.0, 0.0, 0.0, 0.0, 0.0], [0.22721204161643982, 1.0, 0.1, 0.9215686274509803, 0.0, 0.9999999999999999, 1.0, 1.0, 0.2272120494159457, 0.2280165196778689, 0.2280165196778689, 0.0, 0.0, 0.0, 0.0, 0.0, 0.0, 0.0, 0.0, 0.0, 0.0, 0.0, 0.0, 0.0, 0.0, 0.0, 0.0, 0.0, 0.0, 0.0, 0.0, 0.0], [0.3297070860862732, 0.0, 0.13333333333333333, 0.9411764705882353, 0.0, 0.9999999999999999, 1.0, 0.0, 0.3297070800108686, 0.19934096743581053, 0.19934096743581053, 0.0, 0.0, 0.0, 0.0, 1.0, 0.0, 0.0, 0.0, 0.0, 0.0, 0.0, 0.0, 0.0, 0.0, 0.0, 0.0, 0.0, 0.0, 0.0, 0.0, 0.0], [0.36606457829475403, 0.16666666666666666, 0.16666666666666669, 0.9411764705882353, 0.0, 0.9999999999999999, 1.0, 0.0, 0.3660645708236484, 0.199680191754638, 0.199680191754638, 0.0, 0.0, 0.0, 0.0, 0.0, 0.0, 0.0, 0.0, 0.0, 0.0, 0.0, 0.0, 0.0, 0.0, 0.0, 0.0, 0.0, 0.0, 0.0, 0.0, 0.0]]",0.2356124073266983,85.52730385959148,1.0,6.0,49.0,1.0,11.999999999999998,4.0,0.0,132.88143920898438,72.4839096069336,72.4839096069336,0.0,0.0,0.0,0.0,0.0,0.0,0.0,0.0,0.0,0.0,0.0,0.0,0.0,0.0,0.0,0.0,0.0,0.0,0.0,0.0,0.0,0.16666666666666666,0.16666666666666669,0.9411764705882353,0.0,0.9999999999999999,1.0,0.0,0.3660645708236484,0.199680191754638,0.199680191754638,0.0,0.0,0.0,0.0,0.0,0.0,0.0,0.0,0.0,0.0,0.0,0.0,0.0,0.0,0.0,0.0,0.0,0.0,0.0,0.0,0.0
74,"[[0.19732190668582916, 0.5, 0.0, 0.9215686274509803, 0.0, 0.9999999999999999, 1.0, 0.0, 0.1973219101750818, -0.047562911819163764, -0.047562911819163764, 1.0, 0.0, 0.0, 0.0, 0.0, 0.0, 0.0, 0.0, 0.0, 0.0, 0.0, 0.0, 0.0, 0.0, 0.0, 0.0, 0.0, 0.0, 0.0, 0.0, 0.0], [0.20583009719848633, 0.6666666666666666, 0.03333333333333333, 0.9215686274509803, 0.0, 0.9999999999999999, 1.0, 0.0, 0.20583009325768337, 0.08887347176712078, 0.08887347176712078, 0.0, 0.0, 0.0, 0.0, 0.0, 1.0, 0.0, 0.0, 0.0, 0.0, 0.0, 0.0, 0.0, 0.0, 0.0, 0.0, 0.0, 0.0, 0.0, 0.0, 0.0], [0.27281662821769714, 0.8333333333333333, 0.06666666666666668, 0.9215686274509803, 0.0, 0.9999999999999999, 1.0, 1.0, 0.2728166186119899, 0.181192802660393, 0.181192802660393, 0.0, 0.0, 0.0, 0.0, 0.0, 0.0, 0.0, 0.0, 0.0, 0.0, 0.0, 0.0, 0.0, 0.0, 0.0, 0.0, 0.0, 0.0, 0.0, 0.0, 0.0], [0.22721204161643982, 1.0, 0.1, 0.9215686274509803, 0.0, 0.9999999999999999, 1.0, 1.0, 0.2272120494159457, 0.2280165196778689, 0.2280165196778689, 0.0, 0.0, 0.0, 0.0, 0.0, 0.0, 0.0, 0.0, 0.0, 0.0, 0.0, 0.0, 0.0, 0.0, 0.0, 0.0, 0.0, 0.0, 0.0, 0.0, 0.0], [0.3297070860862732, 0.0, 0.13333333333333333, 0.9411764705882353, 0.0, 0.9999999999999999, 1.0, 0.0, 0.3297070800108686, 0.19934096743581053, 0.19934096743581053, 0.0, 0.0, 0.0, 0.0, 1.0, 0.0, 0.0, 0.0, 0.0, 0.0, 0.0, 0.0, 0.0, 0.0, 0.0, 0.0, 0.0, 0.0, 0.0, 0.0, 0.0], [0.36606457829475403, 0.16666666666666666, 0.16666666666666669, 0.9411764705882353, 0.0, 0.9999999999999999, 1.0, 0.0, 0.3660645708236484, 0.199680191754638, 0.199680191754638, 0.0, 0.0, 0.0, 0.0, 0.0, 0.0, 0.0, 0.0, 0.0, 0.0, 0.0, 0.0, 0.0, 0.0, 0.0, 0.0, 0.0, 0.0, 0.0, 0.0, 0.0], [0.2356124073266983, 0.3333333333333333, 0.2, 0.9411764705882353, 0.0, 0.9999999999999999, 1.0, 0.0, 0.23561241212955192, 0.1973219101750818, 0.1973219101750818, 0.0, 0.0, 0.0, 0.0, 0.0, 0.0, 0.0, 0.0, 0.0, 0.0, 0.0, 0.0, 0.0, 0.0, 0.0, 0.0, 0.0, 0.0, 0.0, 0.0, 0.0]]",0.1939511001110077,70.40424934029579,2.0,7.0,49.0,1.0,11.999999999999998,4.0,0.0,85.52730560302734,71.62785339355469,71.62785339355469,0.0,0.0,0.0,0.0,0.0,0.0,0.0,0.0,0.0,0.0,0.0,0.0,0.0,0.0,0.0,0.0,0.0,0.0,0.0,0.0,0.0,0.3333333333333333,0.2,0.9411764705882353,0.0,0.9999999999999999,1.0,0.0,0.23561241212955192,0.1973219101750818,0.1973219101750818,0.0,0.0,0.0,0.0,0.0,0.0,0.0,0.0,0.0,0.0,0.0,0.0,0.0,0.0,0.0,0.0,0.0,0.0,0.0,0.0,0.0
75,"[[0.20583009719848633, 0.6666666666666666, 0.03333333333333333, 0.9215686274509803, 0.0, 0.9999999999999999, 1.0, 0.0, 0.20583009325768337, 0.08887347176712078, 0.08887347176712078, 0.0, 0.0, 0.0, 0.0, 0.0, 1.0, 0.0, 0.0, 0.0, 0.0, 0.0, 0.0, 0.0, 0.0, 0.0, 0.0, 0.0, 0.0, 0.0, 0.0, 0.0], [0.27281662821769714, 0.8333333333333333, 0.06666666666666668, 0.9215686274509803, 0.0, 0.9999999999999999, 1.0, 1.0, 0.2728166186119899, 0.181192802660393, 0.181192802660393, 0.0, 0.0, 0.0, 0.0, 0.0, 0.0, 0.0, 0.0, 0.0, 0.0, 0.0, 0.0, 0.0, 0.0, 0.0, 0.0, 0.0, 0.0, 0.0, 0.0, 0.0], [0.22721204161643982, 1.0, 0.1, 0.9215686274509803, 0.0, 0.9999999999999999, 1.0, 1.0, 0.2272120494159457, 0.2280165196778689, 0.2280165196778689, 0.0, 0.0, 0.0, 0.0, 0.0, 0.0, 0.0, 0.0, 0.0, 0.0, 0.0, 0.0, 0.0, 0.0, 0.0, 0.0, 0.0, 0.0, 0.0, 0.0, 0.0], [0.3297070860862732, 0.0, 0.13333333333333333, 0.9411764705882353, 0.0, 0.9999999999999999, 1.0, 0.0, 0.3297070800108686, 0.19934096743581053, 0.19934096743581053, 0.0, 0.0, 0.0, 0.0, 1.0, 0.0, 0.0, 0.0, 0.0, 0.0, 0.0, 0.0, 0.0, 0.0, 0.0, 0.0, 0.0, 0.0, 0.0, 0.0, 0.0], [0.36606457829475403, 0.16666666666666666, 0.16666666666666669, 0.9411764705882353, 0.0, 0.9999999999999999, 1.0, 0.0, 0.3660645708236484, 0.199680191754638, 0.199680191754638, 0.0, 0.0, 0.0, 0.0, 0.0, 0.0, 0.0, 0.0, 0.0, 0.0, 0.0, 0.0, 0.0, 0.0, 0.0, 0.0, 0.0, 0.0, 0.0, 0.0, 0.0], [0.2356124073266983, 0.3333333333333333, 0.2, 0.9411764705882353, 0.0, 0.9999999999999999, 1.0, 0.0, 0.23561241212955192, 0.1973219101750818, 0.1973219101750818, 0.0, 0.0, 0.0, 0.0, 0.0, 0.0, 0.0, 0.0, 0.0, 0.0, 0.0, 0.0, 0.0, 0.0, 0.0, 0.0, 0.0, 0.0, 0.0, 0.0, 0.0], [0.1939511001110077, 0.5, 0.23333333333333334, 0.9411764705882353, 0.25, 0.9999999999999999, 1.0, 0.0, 0.19395110495491133, 0.20583009325768337, 0.20583009325768337, 0.0, 0.0, 0.0, 0.0, 0.0, 0.0, 0.0, 0.0, 0.0, 0.0, 0.0, 0.0, 0.0, 0.0, 0.0, 0.0, 0.0, 0.0, 0.0, 0.0, 0.0]]",0.2013520747423172,73.09080313146114,3.0,8.0,49.0,2.0,11.999999999999998,4.0,0.0,70.40425109863281,74.71632385253906,74.71632385253906,0.0,0.0,0.0,0.0,0.0,0.0,0.0,0.0,0.0,0.0,0.0,0.0,0.0,0.0,0.0,0.0,0.0,0.0,0.0,0.0,0.0,0.5,0.23333333333333334,0.9411764705882353,0.25,0.9999999999999999,1.0,0.0,0.19395110495491133,0.20583009325768337,0.20583009325768337,0.0,0.0,0.0,0.0,0.0,0.0,0.0,0.0,0.0,0.0,0.0,0.0,0.0,0.0,0.0,0.0,0.0,0.0,0.0,0.0,0.0
76,"[[0.27281662821769714, 0.8333333333333333, 0.06666666666666668, 0.9215686274509803, 0.0, 0.9999999999999999, 1.0, 1.0, 0.2728166186119899, 0.181192802660393, 0.181192802660393, 0.0, 0.0, 0.0, 0.0, 0.0, 0.0, 0.0, 0.0, 0.0, 0.0, 0.0, 0.0, 0.0, 0.0, 0.0, 0.0, 0.0, 0.0, 0.0, 0.0, 0.0], [0.22721204161643982, 1.0, 0.1, 0.9215686274509803, 0.0, 0.9999999999999999, 1.0, 1.0, 0.2272120494159457, 0.2280165196778689, 0.2280165196778689, 0.0, 0.0, 0.0, 0.0, 0.0, 0.0, 0.0, 0.0, 0.0, 0.0, 0.0, 0.0, 0.0, 0.0, 0.0, 0.0, 0.0, 0.0, 0.0, 0.0, 0.0], [0.3297070860862732, 0.0, 0.13333333333333333, 0.9411764705882353, 0.0, 0.9999999999999999, 1.0, 0.0, 0.3297070800108686, 0.19934096743581053, 0.19934096743581053, 0.0, 0.0, 0.0, 0.0, 1.0, 0.0, 0.0, 0.0, 0.0, 0.0, 0.0, 0.0, 0.0, 0.0, 0.0, 0.0, 0.0, 0.0, 0.0, 0.0, 0.0], [0.36606457829475403, 0.16666666666666666, 0.16666666666666669, 0.9411764705882353, 0.0, 0.9999999999999999, 1.0, 0.0, 0.3660645708236484, 0.199680191754638, 0.199680191754638, 0.0, 0.0, 0.0, 0.0, 0.0, 0.0, 0.0, 0.0, 0.0, 0.0, 0.0, 0.0, 0.0, 0.0, 0.0, 0.0, 0.0, 0.0, 0.0, 0.0, 0.0], [0.2356124073266983, 0.3333333333333333, 0.2, 0.9411764705882353, 0.0, 0.9999999999999999, 1.0, 0.0, 0.23561241212955192, 0.1973219101750818, 0.1973219101750818, 0.0, 0.0, 0.0, 0.0, 0.0, 0.0, 0.0, 0.0, 0.0, 0.0, 0.0, 0.0, 0.0, 0.0, 0.0, 0.0, 0.0, 0.0, 0.0, 0.0, 0.0], [0.1939511001110077, 0.5, 0.23333333333333334, 0.9411764705882353, 0.25, 0.9999999999999999, 1.0, 0.0, 0.19395110495491133, 0.20583009325768337, 0.20583009325768337, 0.0, 0.0, 0.0, 0.0, 0.0, 0.0, 0.0, 0.0, 0.0, 0.0, 0.0, 0.0, 0.0, 0.0, 0.0, 0.0, 0.0, 0.0, 0.0, 0.0, 0.0], [0.2013520747423172, 0.6666666666666666, 0.26666666666666666, 0.9411764705882353, 0.25, 0.9999999999999999, 1.0, 0.0, 0.2013520800377712, 0.2728166186119899, 0.2728166186119899, 0.0, 0.0, 0.0, 0.0, 0.0, 1.0, 0.0, 0.0, 0.0, 0.0, 0.0, 0.0, 0.0, 0.0, 0.0, 0.0, 0.0, 0.0, 0.0, 0.0, 0.0]]",0.28449565172195435,103.27192157506943,4.0,9.0,49.0,2.0,11.999999999999998,4.0,0.0,73.09080505371094,99.03243255615233,99.03243255615233,0.0,0.0,0.0,0.0,0.0,1.0,0.0,0.0,0.0,0.0,0.0,0.0,0.0,0.0,0.0,0.0,0.0,0.0,0.0,0.0,0.0,0.6666666666666666,0.26666666666666666,0.9411764705882353,0.25,0.9999999999999999,1.0,0.0,0.2013520800377712,0.2728166186119899,0.2728166186119899,0.0,0.0,0.0,0.0,0.0,1.0,0.0,0.0,0.0,0.0,0.0,0.0,0.0,0.0,0.0,0.0,0.0,0.0,0.0,0.0,0.0
77,"[[0.22721204161643982, 1.0, 0.1, 0.9215686274509803, 0.0, 0.9999999999999999, 1.0, 1.0, 0.2272120494159457, 0.2280165196778689, 0.2280165196778689, 0.0, 0.0, 0.0, 0.0, 0.0, 0.0, 0.0, 0.0, 0.0, 0.0, 0.0, 0.0, 0.0, 0.0, 0.0, 0.0, 0.0, 0.0, 0.0, 0.0, 0.0], [0.3297070860862732, 0.0, 0.13333333333333333, 0.9411764705882353, 0.0, 0.9999999999999999, 1.0, 0.0, 0.3297070800108686, 0.19934096743581053, 0.19934096743581053, 0.0, 0.0, 0.0, 0.0, 1.0, 0.0, 0.0, 0.0, 0.0, 0.0, 0.0, 0.0, 0.0, 0.0, 0.0, 0.0, 0.0, 0.0, 0.0, 0.0, 0.0], [0.36606457829475403, 0.16666666666666666, 0.16666666666666669, 0.9411764705882353, 0.0, 0.9999999999999999, 1.0, 0.0, 0.3660645708236484, 0.199680191754638, 0.199680191754638, 0.0, 0.0, 0.0, 0.0, 0.0, 0.0, 0.0, 0.0, 0.0, 0.0, 0.0, 0.0, 0.0, 0.0, 0.0, 0.0, 0.0, 0.0, 0.0, 0.0, 0.0], [0.2356124073266983, 0.3333333333333333, 0.2, 0.9411764705882353, 0.0, 0.9999999999999999, 1.0, 0.0, 0.23561241212955192, 0.1973219101750818, 0.1973219101750818, 0.0, 0.0, 0.0, 0.0, 0.0, 0.0, 0.0, 0.0, 0.0, 0.0, 0.0, 0.0, 0.0, 0.0, 0.0, 0.0, 0.0, 0.0, 0.0, 0.0, 0.0], [0.1939511001110077, 0.5, 0.23333333333333334, 0.9411764705882353, 0.25, 0.9999999999999999, 1.0, 0.0, 0.19395110495491133, 0.20583009325768337, 0.20583009325768337, 0.0, 0.0, 0.0, 0.0, 0.0, 0.0, 0.0, 0.0, 0.0, 0.0, 0.0, 0.0, 0.0, 0.0, 0.0, 0.0, 0.0, 0.0, 0.0, 0.0, 0.0], [0.2013520747423172, 0.6666666666666666, 0.26666666666666666, 0.9411764705882353, 0.25, 0.9999999999999999, 1.0, 0.0, 0.2013520800377712, 0.2728166186119899, 0.2728166186119899, 0.0, 0.0, 0.0, 0.0, 0.0, 1.0, 0.0, 0.0, 0.0, 0.0, 0.0, 0.0, 0.0, 0.0, 0.0, 0.0, 0.0, 0.0, 0.0, 0.0, 0.0], [0.28449565172195435, 0.8333333333333333, 0.3, 0.9411764705882353, 0.25, 0.9999999999999999, 1.0, 1.0, 0.2844956453181495, 0.2272120494159457, 0.2272120494159457, 0.0, 0.0, 0.0, 0.0, 0.0, 0.0, 0.0, 0.0, 0.0, 0.0, 0.0, 0.0, 0.0, 0.0, 0.0, 0.0, 0.0, 0.0, 0.0, 0.0, 0.0]]",0.2881268858909607,104.59005957841873,5.0,10.0,49.0,2.0,11.999999999999998,4.0,1.0,103.27191925048828,82.47797393798828,82.47797393798828,0.0,0.0,0.0,0.0,0.0,0.0,0.0,0.0,0.0,0.0,0.0,0.0,0.0,0.0,0.0,0.0,0.0,0.0,0.0,0.0,0.0,0.8333333333333333,0.3,0.9411764705882353,0.25,0.9999999999999999,1.0,1.0,0.2844956453181495,0.2272120494159457,0.2272120494159457,0.0,0.0,0.0,0.0,0.0,0.0,0.0,0.0,0.0,0.0,0.0,0.0,0.0,0.0,0.0,0.0,0.0,0.0,0.0,0.0,0.0
78,"[[0.3297070860862732, 0.0, 0.13333333333333333, 0.9411764705882353, 0.0, 0.9999999999999999, 1.0, 0.0, 0.3297070800108686, 0.19934096743581053, 0.19934096743581053, 0.0, 0.0, 0.0, 0.0, 1.0, 0.0, 0.0, 0.0, 0.0, 0.0, 0.0, 0.0, 0.0, 0.0, 0.0, 0.0, 0.0, 0.0, 0.0, 0.0, 0.0], [0.36606457829475403, 0.16666666666666666, 0.16666666666666669, 0.9411764705882353, 0.0, 0.9999999999999999, 1.0, 0.0, 0.3660645708236484, 0.199680191754638, 0.199680191754638, 0.0, 0.0, 0.0, 0.0, 0.0, 0.0, 0.0, 0.0, 0.0, 0.0, 0.0, 0.0, 0.0, 0.0, 0.0, 0.0, 0.0, 0.0, 0.0, 0.0, 0.0], [0.2356124073266983, 0.3333333333333333, 0.2, 0.9411764705882353, 0.0, 0.9999999999999999, 1.0, 0.0, 0.23561241212955192, 0.1973219101750818, 0.1973219101750818, 0.0, 0.0, 0.0, 0.0, 0.0, 0.0, 0.0, 0.0, 0.0, 0.0, 0.0, 0.0, 0.0, 0.0, 0.0, 0.0, 0.0, 0.0, 0.0, 0.0, 0.0], [0.1939511001110077, 0.5, 0.23333333333333334, 0.9411764705882353, 0.25, 0.9999999999999999, 1.0, 0.0, 0.19395110495491133, 0.20583009325768337, 0.20583009325768337, 0.0, 0.0, 0.0, 0.0, 0.0, 0.0, 0.0, 0.0, 0.0, 0.0, 0.0, 0.0, 0.0, 0.0, 0.0, 0.0, 0.0, 0.0, 0.0, 0.0, 0.0], [0.2013520747423172, 0.6666666666666666, 0.26666666666666666, 0.9411764705882353, 0.25, 0.9999999999999999, 1.0, 0.0, 0.2013520800377712, 0.2728166186119899, 0.2728166186119899, 0.0, 0.0, 0.0, 0.0, 0.0, 1.0, 0.0, 0.0, 0.0, 0.0, 0.0, 0.0, 0.0, 0.0, 0.0, 0.0, 0.0, 0.0, 0.0, 0.0, 0.0], [0.28449565172195435, 0.8333333333333333, 0.3, 0.9411764705882353, 0.25, 0.9999999999999999, 1.0, 1.0, 0.2844956453181495, 0.2272120494159457, 0.2272120494159457, 0.0, 0.0, 0.0, 0.0, 0.0, 0.0, 0.0, 0.0, 0.0, 0.0, 0.0, 0.0, 0.0, 0.0, 0.0, 0.0, 0.0, 0.0, 0.0, 0.0, 0.0], [0.2881268858909607, 1.0, 0.3333333333333333, 0.9411764705882353, 0.25, 0.9999999999999999, 1.0, 1.0, 0.2881268798155561, 0.3297070800108686, 0.3297070800108686, 0.0, 0.0, 0.0, 0.0, 0.0, 0.0, 0.0, 0.0, 0.0, 0.0, 0.0, 0.0, 0.0, 0.0, 0.0, 0.0, 0.0, 0.0, 0.0, 0.0, 0.0]]",0.3321356773376465,120.56525087356567,6.0,11.0,49.0,2.0,11.999999999999998,4.0,1.0,104.59005737304688,119.68367004394531,119.68367004394531,0.0,0.0,0.0,0.0,0.0,0.0,0.0,0.0,0.0,0.0,0.0,0.0,0.0,0.0,0.0,0.0,0.0,0.0,0.0,0.0,0.0,1.0,0.3333333333333333,0.9411764705882353,0.25,0.9999999999999999,1.0,1.0,0.2881268798155561,0.3297070800108686,0.3297070800108686,0.0,0.0,0.0,0.0,0.0,0.0,0.0,0.0,0.0,0.0,0.0,0.0,0.0,0.0,0.0,0.0,0.0,0.0,0.0,0.0,0.0
79,"[[0.36606457829475403, 0.16666666666666666, 0.16666666666666669, 0.9411764705882353, 0.0, 0.9999999999999999, 1.0, 0.0, 0.3660645708236484, 0.199680191754638, 0.199680191754638, 0.0, 0.0, 0.0, 0.0, 0.0, 0.0, 0.0, 0.0, 0.0, 0.0, 0.0, 0.0, 0.0, 0.0, 0.0, 0.0, 0.0, 0.0, 0.0, 0.0, 0.0], [0.2356124073266983, 0.3333333333333333, 0.2, 0.9411764705882353, 0.0, 0.9999999999999999, 1.0, 0.0, 0.23561241212955192, 0.1973219101750818, 0.1973219101750818, 0.0, 0.0, 0.0, 0.0, 0.0, 0.0, 0.0, 0.0, 0.0, 0.0, 0.0, 0.0, 0.0, 0.0, 0.0, 0.0, 0.0, 0.0, 0.0, 0.0, 0.0], [0.1939511001110077, 0.5, 0.23333333333333334, 0.9411764705882353, 0.25, 0.9999999999999999, 1.0, 0.0, 0.19395110495491133, 0.20583009325768337, 0.20583009325768337, 0.0, 0.0, 0.0, 0.0, 0.0, 0.0, 0.0, 0.0, 0.0, 0.0, 0.0, 0.0, 0.0, 0.0, 0.0, 0.0, 0.0, 0.0, 0.0, 0.0, 0.0], [0.2013520747423172, 0.6666666666666666, 0.26666666666666666, 0.9411764705882353, 0.25, 0.9999999999999999, 1.0, 0.0, 0.2013520800377712, 0.2728166186119899, 0.2728166186119899, 0.0, 0.0, 0.0, 0.0, 0.0, 1.0, 0.0, 0.0, 0.0, 0.0, 0.0, 0.0, 0.0, 0.0, 0.0, 0.0, 0.0, 0.0, 0.0, 0.0, 0.0], [0.28449565172195435, 0.8333333333333333, 0.3, 0.9411764705882353, 0.25, 0.9999999999999999, 1.0, 1.0, 0.2844956453181495, 0.2272120494159457, 0.2272120494159457, 0.0, 0.0, 0.0, 0.0, 0.0, 0.0, 0.0, 0.0, 0.0, 0.0, 0.0, 0.0, 0.0, 0.0, 0.0, 0.0, 0.0, 0.0, 0.0, 0.0, 0.0], [0.2881268858909607, 1.0, 0.3333333333333333, 0.9411764705882353, 0.25, 0.9999999999999999, 1.0, 1.0, 0.2881268798155561, 0.3297070800108686, 0.3297070800108686, 0.0, 0.0, 0.0, 0.0, 0.0, 0.0, 0.0, 0.0, 0.0, 0.0, 0.0, 0.0, 0.0, 0.0, 0.0, 0.0, 0.0, 0.0, 0.0, 0.0, 0.0], [0.3321356773376465, 0.0, 0.3666666666666667, 0.9607843137254901, 0.25, 0.9999999999999999, 1.0, 0.0, 0.3321356865328534, 0.3660645708236484, 0.3660645708236484, 0.0, 0.0, 0.0, 0.0, 1.0, 0.0, 0.0, 0.0, 0.0, 0.0, 0.0, 0.0, 0.0, 0.0, 0.0, 0.0, 0.0, 0.0, 0.0, 0.0, 0.0]]",0.25970375537872314,94.2724632024765,0.0,12.0,50.0,2.0,11.999999999999998,4.0,0.0,120.56525421142578,132.88143920898438,132.88143920898438,0.0,0.0,0.0,0.0,1.0,0.0,0.0,0.0,0.0,0.0,0.0,0.0,0.0,0.0,0.0,0.0,0.0,0.0,0.0,0.0,0.0,0.0,0.3666666666666667,0.9607843137254901,0.25,0.9999999999999999,1.0,0.0,0.3321356865328534,0.3660645708236484,0.3660645708236484,0.0,0.0,0.0,0.0,1.0,0.0,0.0,0.0,0.0,0.0,0.0,0.0,0.0,0.0,0.0,0.0,0.0,0.0,0.0,0.0,0.0
80,"[[0.2356124073266983, 0.3333333333333333, 0.2, 0.9411764705882353, 0.0, 0.9999999999999999, 1.0, 0.0, 0.23561241212955192, 0.1973219101750818, 0.1973219101750818, 0.0, 0.0, 0.0, 0.0, 0.0, 0.0, 0.0, 0.0, 0.0, 0.0, 0.0, 0.0, 0.0, 0.0, 0.0, 0.0, 0.0, 0.0, 0.0, 0.0, 0.0], [0.1939511001110077, 0.5, 0.23333333333333334, 0.9411764705882353, 0.25, 0.9999999999999999, 1.0, 0.0, 0.19395110495491133, 0.20583009325768337, 0.20583009325768337, 0.0, 0.0, 0.0, 0.0, 0.0, 0.0, 0.0, 0.0, 0.0, 0.0, 0.0, 0.0, 0.0, 0.0, 0.0, 0.0, 0.0, 0.0, 0.0, 0.0, 0.0], [0.2013520747423172, 0.6666666666666666, 0.26666666666666666, 0.9411764705882353, 0.25, 0.9999999999999999, 1.0, 0.0, 0.2013520800377712, 0.2728166186119899, 0.2728166186119899, 0.0, 0.0, 0.0, 0.0, 0.0, 1.0, 0.0, 0.0, 0.0, 0.0, 0.0, 0.0, 0.0, 0.0, 0.0, 0.0, 0.0, 0.0, 0.0, 0.0, 0.0], [0.28449565172195435, 0.8333333333333333, 0.3, 0.9411764705882353, 0.25, 0.9999999999999999, 1.0, 1.0, 0.2844956453181495, 0.2272120494159457, 0.2272120494159457, 0.0, 0.0, 0.0, 0.0, 0.0, 0.0, 0.0, 0.0, 0.0, 0.0, 0.0, 0.0, 0.0, 0.0, 0.0, 0.0, 0.0, 0.0, 0.0, 0.0, 0.0], [0.2881268858909607, 1.0, 0.3333333333333333, 0.9411764705882353, 0.25, 0.9999999999999999, 1.0, 1.0, 0.2881268798155561, 0.3297070800108686, 0.3297070800108686, 0.0, 0.0, 0.0, 0.0, 0.0, 0.0, 0.0, 0.0, 0.0, 0.0, 0.0, 0.0, 0.0, 0.0, 0.0, 0.0, 0.0, 0.0, 0.0, 0.0, 0.0], [0.3321356773376465, 0.0, 0.3666666666666667, 0.9607843137254901, 0.25, 0.9999999999999999, 1.0, 0.0, 0.3321356865328534, 0.3660645708236484, 0.3660645708236484, 0.0, 0.0, 0.0, 0.0, 1.0, 0.0, 0.0, 0.0, 0.0, 0.0, 0.0, 0.0, 0.0, 0.0, 0.0, 0.0, 0.0, 0.0, 0.0, 0.0, 0.0], [0.25970375537872314, 0.16666666666666666, 0.4, 0.9607843137254901, 0.25, 0.9999999999999999, 1.0, 0.0, 0.2597037491391185, 0.23561241212955192, 0.23561241212955192, 0.0, 0.0, 0.0, 0.0, 0.0, 0.0, 0.0, 0.0, 0.0, 0.0, 0.0, 0.0, 0.0, 0.0, 0.0, 0.0, 0.0, 0.0, 0.0, 0.0, 0.0]]",0.20814193785190582,75.55552344024181,1.0,13.0,50.0,2.0,11.999999999999998,4.0,0.0,94.2724609375,85.52730560302734,85.52730560302734,0.0,0.0,0.0,0.0,0.0,0.0,0.0,0.0,0.0,0.0,0.0,0.0,0.0,0.0,0.0,0.0,0.0,0.0,0.0,0.0,0.0,0.16666666666666666,0.4,0.9607843137254901,0.25,0.9999999999999999,1.0,0.0,0.2597037491391185,0.23561241212955192,0.23561241212955192,0.0,0.0,0.0,0.0,0.0,0.0,0.0,0.0,0.0,0.0,0.0,0.0,0.0,0.0,0.0,0.0,0.0,0.0,0.0,0.0,0.0
81,"[[0.1939511001110077, 0.5, 0.23333333333333334, 0.9411764705882353, 0.25, 0.9999999999999999, 1.0, 0.0, 0.19395110495491133, 0.20583009325768337, 0.20583009325768337, 0.0, 0.0, 0.0, 0.0, 0.0, 0.0, 0.0, 0.0, 0.0, 0.0, 0.0, 0.0, 0.0, 0.0, 0.0, 0.0, 0.0, 0.0, 0.0, 0.0, 0.0], [0.2013520747423172, 0.6666666666666666, 0.26666666666666666, 0.9411764705882353, 0.25, 0.9999999999999999, 1.0, 0.0, 0.2013520800377712, 0.2728166186119899, 0.2728166186119899, 0.0, 0.0, 0.0, 0.0, 0.0, 1.0, 0.0, 0.0, 0.0, 0.0, 0.0, 0.0, 0.0, 0.0, 0.0, 0.0, 0.0, 0.0, 0.0, 0.0, 0.0], [0.28449565172195435, 0.8333333333333333, 0.3, 0.9411764705882353, 0.25, 0.9999999999999999, 1.0, 1.0, 0.2844956453181495, 0.2272120494159457, 0.2272120494159457, 0.0, 0.0, 0.0, 0.0, 0.0, 0.0, 0.0, 0.0, 0.0, 0.0, 0.0, 0.0, 0.0, 0.0, 0.0, 0.0, 0.0, 0.0, 0.0, 0.0, 0.0], [0.2881268858909607, 1.0, 0.3333333333333333, 0.9411764705882353, 0.25, 0.9999999999999999, 1.0, 1.0, 0.2881268798155561, 0.3297070800108686, 0.3297070800108686, 0.0, 0.0, 0.0, 0.0, 0.0, 0.0, 0.0, 0.0, 0.0, 0.0, 0.0, 0.0, 0.0, 0.0, 0.0, 0.0, 0.0, 0.0, 0.0, 0.0, 0.0], [0.3321356773376465, 0.0, 0.3666666666666667, 0.9607843137254901, 0.25, 0.9999999999999999, 1.0, 0.0, 0.3321356865328534, 0.3660645708236484, 0.3660645708236484, 0.0, 0.0, 0.0, 0.0, 1.0, 0.0, 0.0, 0.0, 0.0, 0.0, 0.0, 0.0, 0.0, 0.0, 0.0, 0.0, 0.0, 0.0, 0.0, 0.0, 0.0], [0.25970375537872314, 0.16666666666666666, 0.4, 0.9607843137254901, 0.25, 0.9999999999999999, 1.0, 0.0, 0.2597037491391185, 0.23561241212955192, 0.23561241212955192, 0.0, 0.0, 0.0, 0.0, 0.0, 0.0, 0.0, 0.0, 0.0, 0.0, 0.0, 0.0, 0.0, 0.0, 0.0, 0.0, 0.0, 0.0, 0.0, 0.0, 0.0], [0.20814193785190582, 0.3333333333333333, 0.43333333333333335, 0.9607843137254901, 0.25, 0.9999999999999999, 1.0, 0.0, 0.20814194692396265, 0.19395110495491133, 0.19395110495491133, 0.0, 0.0, 0.0, 0.0, 0.0, 0.0, 0.0, 0.0, 0.0, 0.0, 0.0, 0.0, 0.0, 0.0, 0.0, 0.0, 0.0, 0.0, 0.0, 0.0, 0.0]]",0.23339100182056427,84.72093366086483,2.0,14.0,50.0,2.0,11.999999999999998,4.0,0.0,75.55552673339844,70.40425109863281,70.40425109863281,0.0,0.0,0.0,0.0,0.0,0.0,0.0,0.0,0.0,0.0,0.0,0.0,0.0,0.0,0.0,0.0,0.0,0.0,0.0,0.0,0.0,0.3333333333333333,0.43333333333333335,0.9607843137254901,0.25,0.9999999999999999,1.0,0.0,0.20814194692396265,0.19395110495491133,0.19395110495491133,0.0,0.0,0.0,0.0,0.0,0.0,0.0,0.0,0.0,0.0,0.0,0.0,0.0,0.0,0.0,0.0,0.0,0.0,0.0,0.0,0.0
82,"[[0.2013520747423172, 0.6666666666666666, 0.26666666666666666, 0.9411764705882353, 0.25, 0.9999999999999999, 1.0, 0.0, 0.2013520800377712, 0.2728166186119899, 0.2728166186119899, 0.0, 0.0, 0.0, 0.0, 0.0, 1.0, 0.0, 0.0, 0.0, 0.0, 0.0, 0.0, 0.0, 0.0, 0.0, 0.0, 0.0, 0.0, 0.0, 0.0, 0.0], [0.28449565172195435, 0.8333333333333333, 0.3, 0.9411764705882353, 0.25, 0.9999999999999999, 1.0, 1.0, 0.2844956453181495, 0.2272120494159457, 0.2272120494159457, 0.0, 0.0, 0.0, 0.0, 0.0, 0.0, 0.0, 0.0, 0.0, 0.0, 0.0, 0.0, 0.0, 0.0, 0.0, 0.0, 0.0, 0.0, 0.0, 0.0, 0.0], [0.2881268858909607, 1.0, 0.3333333333333333, 0.9411764705882353, 0.25, 0.9999999999999999, 1.0, 1.0, 0.2881268798155561, 0.3297070800108686, 0.3297070800108686, 0.0, 0.0, 0.0, 0.0, 0.0, 0.0, 0.0, 0.0, 0.0, 0.0, 0.0, 0.0, 0.0, 0.0, 0.0, 0.0, 0.0, 0.0, 0.0, 0.0, 0.0], [0.3321356773376465, 0.0, 0.3666666666666667, 0.9607843137254901, 0.25, 0.9999999999999999, 1.0, 0.0, 0.3321356865328534, 0.3660645708236484, 0.3660645708236484, 0.0, 0.0, 0.0, 0.0, 1.0, 0.0, 0.0, 0.0, 0.0, 0.0, 0.0, 0.0, 0.0, 0.0, 0.0, 0.0, 0.0, 0.0, 0.0, 0.0, 0.0], [0.25970375537872314, 0.16666666666666666, 0.4, 0.9607843137254901, 0.25, 0.9999999999999999, 1.0, 0.0, 0.2597037491391185, 0.23561241212955192, 0.23561241212955192, 0.0, 0.0, 0.0, 0.0, 0.0, 0.0, 0.0, 0.0, 0.0, 0.0, 0.0, 0.0, 0.0, 0.0, 0.0, 0.0, 0.0, 0.0, 0.0, 0.0, 0.0], [0.20814193785190582, 0.3333333333333333, 0.43333333333333335, 0.9607843137254901, 0.25, 0.9999999999999999, 1.0, 0.0, 0.20814194692396265, 0.19395110495491133, 0.19395110495491133, 0.0, 0.0, 0.0, 0.0, 0.0, 0.0, 0.0, 0.0, 0.0, 0.0, 0.0, 0.0, 0.0, 0.0, 0.0, 0.0, 0.0, 0.0, 0.0, 0.0, 0.0], [0.23339100182056427, 0.5, 0.4666666666666667, 0.9607843137254901, 0.5, 0.9999999999999999, 1.0, 0.0, 0.23339099726401086, 0.2013520800377712, 0.2013520800377712, 0.0, 0.0, 0.0, 0.0, 0.0, 0.0, 0.0, 0.0, 0.0, 0.0, 0.0, 0.0, 0.0, 0.0, 0.0, 0.0, 0.0, 0.0, 0.0, 0.0, 0.0]]",0.2407926619052887,87.4077362716198,3.0,15.0,50.0,3.0,11.999999999999998,4.0,0.0,84.72093200683594,73.09080505371094,73.09080505371094,0.0,0.0,0.0,0.0,0.0,0.0,0.0,0.0,0.0,0.0,0.0,0.0,0.0,0.0,0.0,0.0,0.0,0.0,0.0,0.0,0.0,0.5,0.4666666666666667,0.9607843137254901,0.5,0.9999999999999999,1.0,0.0,0.23339099726401086,0.2013520800377712,0.2013520800377712,0.0,0.0,0.0,0.0,0.0,0.0,0.0,0.0,0.0,0.0,0.0,0.0,0.0,0.0,0.0,0.0,0.0,0.0,0.0,0.0,0.0
83,"[[0.28449565172195435, 0.8333333333333333, 0.3, 0.9411764705882353, 0.25, 0.9999999999999999, 1.0, 1.0, 0.2844956453181495, 0.2272120494159457, 0.2272120494159457, 0.0, 0.0, 0.0, 0.0, 0.0, 0.0, 0.0, 0.0, 0.0, 0.0, 0.0, 0.0, 0.0, 0.0, 0.0, 0.0, 0.0, 0.0, 0.0, 0.0, 0.0], [0.2881268858909607, 1.0, 0.3333333333333333, 0.9411764705882353, 0.25, 0.9999999999999999, 1.0, 1.0, 0.2881268798155561, 0.3297070800108686, 0.3297070800108686, 0.0, 0.0, 0.0, 0.0, 0.0, 0.0, 0.0, 0.0, 0.0, 0.0, 0.0, 0.0, 0.0, 0.0, 0.0, 0.0, 0.0, 0.0, 0.0, 0.0, 0.0], [0.3321356773376465, 0.0, 0.3666666666666667, 0.9607843137254901, 0.25, 0.9999999999999999, 1.0, 0.0, 0.3321356865328534, 0.3660645708236484, 0.3660645708236484, 0.0, 0.0, 0.0, 0.0, 1.0, 0.0, 0.0, 0.0, 0.0, 0.0, 0.0, 0.0, 0.0, 0.0, 0.0, 0.0, 0.0, 0.0, 0.0, 0.0, 0.0], [0.25970375537872314, 0.16666666666666666, 0.4, 0.9607843137254901, 0.25, 0.9999999999999999, 1.0, 0.0, 0.2597037491391185, 0.23561241212955192, 0.23561241212955192, 0.0, 0.0, 0.0, 0.0, 0.0, 0.0, 0.0, 0.0, 0.0, 0.0, 0.0, 0.0, 0.0, 0.0, 0.0, 0.0, 0.0, 0.0, 0.0, 0.0, 0.0], [0.20814193785190582, 0.3333333333333333, 0.43333333333333335, 0.9607843137254901, 0.25, 0.9999999999999999, 1.0, 0.0, 0.20814194692396265, 0.19395110495491133, 0.19395110495491133, 0.0, 0.0, 0.0, 0.0, 0.0, 0.0, 0.0, 0.0, 0.0, 0.0, 0.0, 0.0, 0.0, 0.0, 0.0, 0.0, 0.0, 0.0, 0.0, 0.0, 0.0], [0.23339100182056427, 0.5, 0.4666666666666667, 0.9607843137254901, 0.5, 0.9999999999999999, 1.0, 0.0, 0.23339099726401086, 0.2013520800377712, 0.2013520800377712, 0.0, 0.0, 0.0, 0.0, 0.0, 0.0, 0.0, 0.0, 0.0, 0.0, 0.0, 0.0, 0.0, 0.0, 0.0, 0.0, 0.0, 0.0, 0.0, 0.0, 0.0], [0.2407926619052887, 0.6666666666666666, 0.5, 0.9607843137254901, 0.5, 0.9999999999999999, 1.0, 0.0, 0.24079266592819173, 0.2844956453181495, 0.2844956453181495, 0.0, 0.0, 0.0, 0.0, 0.0, 1.0, 0.0, 0.0, 0.0, 0.0, 0.0, 0.0, 0.0, 0.0, 0.0, 0.0, 0.0, 0.0, 0.0, 0.0, 0.0]]",0.34312760829925537,124.5553218126297,4.0,16.0,50.0,3.0,11.999999999999998,4.0,0.0,87.4077377319336,103.27191925048828,103.27191925048828,0.0,0.0,0.0,0.0,0.0,1.0,0.0,0.0,0.0,0.0,0.0,0.0,0.0,0.0,0.0,0.0,0.0,0.0,0.0,0.0,0.0,0.6666666666666666,0.5,0.9607843137254901,0.5,0.9999999999999999,1.0,0.0,0.24079266592819173,0.2844956453181495,0.2844956453181495,0.0,0.0,0.0,0.0,0.0,1.0,0.0,0.0,0.0,0.0,0.0,0.0,0.0,0.0,0.0,0.0,0.0,0.0,0.0,0.0,0.0
84,"[[0.2881268858909607, 1.0, 0.3333333333333333, 0.9411764705882353, 0.25, 0.9999999999999999, 1.0, 1.0, 0.2881268798155561, 0.3297070800108686, 0.3297070800108686, 0.0, 0.0, 0.0, 0.0, 0.0, 0.0, 0.0, 0.0, 0.0, 0.0, 0.0, 0.0, 0.0, 0.0, 0.0, 0.0, 0.0, 0.0, 0.0, 0.0, 0.0], [0.3321356773376465, 0.0, 0.3666666666666667, 0.9607843137254901, 0.25, 0.9999999999999999, 1.0, 0.0, 0.3321356865328534, 0.3660645708236484, 0.3660645708236484, 0.0, 0.0, 0.0, 0.0, 1.0, 0.0, 0.0, 0.0, 0.0, 0.0, 0.0, 0.0, 0.0, 0.0, 0.0, 0.0, 0.0, 0.0, 0.0, 0.0, 0.0], [0.25970375537872314, 0.16666666666666666, 0.4, 0.9607843137254901, 0.25, 0.9999999999999999, 1.0, 0.0, 0.2597037491391185, 0.23561241212955192, 0.23561241212955192, 0.0, 0.0, 0.0, 0.0, 0.0, 0.0, 0.0, 0.0, 0.0, 0.0, 0.0, 0.0, 0.0, 0.0, 0.0, 0.0, 0.0, 0.0, 0.0, 0.0, 0.0], [0.20814193785190582, 0.3333333333333333, 0.43333333333333335, 0.9607843137254901, 0.25, 0.9999999999999999, 1.0, 0.0, 0.20814194692396265, 0.19395110495491133, 0.19395110495491133, 0.0, 0.0, 0.0, 0.0, 0.0, 0.0, 0.0, 0.0, 0.0, 0.0, 0.0, 0.0, 0.0, 0.0, 0.0, 0.0, 0.0, 0.0, 0.0, 0.0, 0.0], [0.23339100182056427, 0.5, 0.4666666666666667, 0.9607843137254901, 0.5, 0.9999999999999999, 1.0, 0.0, 0.23339099726401086, 0.2013520800377712, 0.2013520800377712, 0.0, 0.0, 0.0, 0.0, 0.0, 0.0, 0.0, 0.0, 0.0, 0.0, 0.0, 0.0, 0.0, 0.0, 0.0, 0.0, 0.0, 0.0, 0.0, 0.0, 0.0], [0.2407926619052887, 0.6666666666666666, 0.5, 0.9607843137254901, 0.5, 0.9999999999999999, 1.0, 0.0, 0.24079266592819173, 0.2844956453181495, 0.2844956453181495, 0.0, 0.0, 0.0, 0.0, 0.0, 1.0, 0.0, 0.0, 0.0, 0.0, 0.0, 0.0, 0.0, 0.0, 0.0, 0.0, 0.0, 0.0, 0.0, 0.0, 0.0], [0.34312760829925537, 0.8333333333333333, 0.5333333333333333, 0.9607843137254901, 0.5, 0.9999999999999999, 1.0, 1.0, 0.34312760534365316, 0.2881268798155561, 0.2881268798155561, 0.0, 0.0, 0.0, 0.0, 0.0, 0.0, 0.0, 0.0, 0.0, 0.0, 0.0, 0.0, 0.0, 0.0, 0.0, 0.0, 0.0, 0.0, 0.0, 0.0, 0.0]]",0.3656526803970337,132.73192298412323,5.0,17.0,50.0,3.0,11.999999999999998,4.0,1.0,124.5553207397461,104.59005737304688,104.59005737304688,0.0,0.0,0.0,0.0,0.0,0.0,0.0,0.0,0.0,0.0,0.0,0.0,0.0,0.0,0.0,0.0,0.0,0.0,0.0,0.0,0.0,0.8333333333333333,0.5333333333333333,0.9607843137254901,0.5,0.9999999999999999,1.0,1.0,0.34312760534365316,0.2881268798155561,0.2881268798155561,0.0,0.0,0.0,0.0,0.0,0.0,0.0,0.0,0.0,0.0,0.0,0.0,0.0,0.0,0.0,0.0,0.0,0.0,0.0,0.0,0.0
85,"[[0.3321356773376465, 0.0, 0.3666666666666667, 0.9607843137254901, 0.25, 0.9999999999999999, 1.0, 0.0, 0.3321356865328534, 0.3660645708236484, 0.3660645708236484, 0.0, 0.0, 0.0, 0.0, 1.0, 0.0, 0.0, 0.0, 0.0, 0.0, 0.0, 0.0, 0.0, 0.0, 0.0, 0.0, 0.0, 0.0, 0.0, 0.0, 0.0], [0.25970375537872314, 0.16666666666666666, 0.4, 0.9607843137254901, 0.25, 0.9999999999999999, 1.0, 0.0, 0.2597037491391185, 0.23561241212955192, 0.23561241212955192, 0.0, 0.0, 0.0, 0.0, 0.0, 0.0, 0.0, 0.0, 0.0, 0.0, 0.0, 0.0, 0.0, 0.0, 0.0, 0.0, 0.0, 0.0, 0.0, 0.0, 0.0], [0.20814193785190582, 0.3333333333333333, 0.43333333333333335, 0.9607843137254901, 0.25, 0.9999999999999999, 1.0, 0.0, 0.20814194692396265, 0.19395110495491133, 0.19395110495491133, 0.0, 0.0, 0.0, 0.0, 0.0, 0.0, 0.0, 0.0, 0.0, 0.0, 0.0, 0.0, 0.0, 0.0, 0.0, 0.0, 0.0, 0.0, 0.0, 0.0, 0.0], [0.23339100182056427, 0.5, 0.4666666666666667, 0.9607843137254901, 0.5, 0.9999999999999999, 1.0, 0.0, 0.23339099726401086, 0.2013520800377712, 0.2013520800377712, 0.0, 0.0, 0.0, 0.0, 0.0, 0.0, 0.0, 0.0, 0.0, 0.0, 0.0, 0.0, 0.0, 0.0, 0.0, 0.0, 0.0, 0.0, 0.0, 0.0, 0.0], [0.2407926619052887, 0.6666666666666666, 0.5, 0.9607843137254901, 0.5, 0.9999999999999999, 1.0, 0.0, 0.24079266592819173, 0.2844956453181495, 0.2844956453181495, 0.0, 0.0, 0.0, 0.0, 0.0, 1.0, 0.0, 0.0, 0.0, 0.0, 0.0, 0.0, 0.0, 0.0, 0.0, 0.0, 0.0, 0.0, 0.0, 0.0, 0.0], [0.34312760829925537, 0.8333333333333333, 0.5333333333333333, 0.9607843137254901, 0.5, 0.9999999999999999, 1.0, 1.0, 0.34312760534365316, 0.2881268798155561, 0.2881268798155561, 0.0, 0.0, 0.0, 0.0, 0.0, 0.0, 0.0, 0.0, 0.0, 0.0, 0.0, 0.0, 0.0, 0.0, 0.0, 0.0, 0.0, 0.0, 0.0, 0.0, 0.0], [0.3656526803970337, 1.0, 0.5666666666666667, 0.9607843137254901, 0.5, 0.9999999999999999, 1.0, 1.0, 0.3656526675894241, 0.3321356865328534, 0.3321356865328534, 0.0, 0.0, 0.0, 0.0, 0.0, 0.0, 0.0, 0.0, 0.0, 0.0, 0.0, 0.0, 0.0, 0.0, 0.0, 0.0, 0.0, 0.0, 0.0, 0.0, 0.0]]",0.46424442529678345,168.5207263827324,6.0,18.0,50.0,3.0,11.999999999999998,4.0,1.0,132.73191833496094,120.56525421142578,120.56525421142578,0.0,0.0,0.0,0.0,0.0,0.0,0.0,0.0,0.0,0.0,0.0,0.0,0.0,0.0,0.0,0.0,0.0,0.0,0.0,0.0,0.0,1.0,0.5666666666666667,0.9607843137254901,0.5,0.9999999999999999,1.0,1.0,0.3656526675894241,0.3321356865328534,0.3321356865328534,0.0,0.0,0.0,0.0,0.0,0.0,0.0,0.0,0.0,0.0,0.0,0.0,0.0,0.0,0.0,0.0,0.0,0.0,0.0,0.0,0.0
86,"[[0.25970375537872314, 0.16666666666666666, 0.4, 0.9607843137254901, 0.25, 0.9999999999999999, 1.0, 0.0, 0.2597037491391185, 0.23561241212955192, 0.23561241212955192, 0.0, 0.0, 0.0, 0.0, 0.0, 0.0, 0.0, 0.0, 0.0, 0.0, 0.0, 0.0, 0.0, 0.0, 0.0, 0.0, 0.0, 0.0, 0.0, 0.0, 0.0], [0.20814193785190582, 0.3333333333333333, 0.43333333333333335, 0.9607843137254901, 0.25, 0.9999999999999999, 1.0, 0.0, 0.20814194692396265, 0.19395110495491133, 0.19395110495491133, 0.0, 0.0, 0.0, 0.0, 0.0, 0.0, 0.0, 0.0, 0.0, 0.0, 0.0, 0.0, 0.0, 0.0, 0.0, 0.0, 0.0, 0.0, 0.0, 0.0, 0.0], [0.23339100182056427, 0.5, 0.4666666666666667, 0.9607843137254901, 0.5, 0.9999999999999999, 1.0, 0.0, 0.23339099726401086, 0.2013520800377712, 0.2013520800377712, 0.0, 0.0, 0.0, 0.0, 0.0, 0.0, 0.0, 0.0, 0.0, 0.0, 0.0, 0.0, 0.0, 0.0, 0.0, 0.0, 0.0, 0.0, 0.0, 0.0, 0.0], [0.2407926619052887, 0.6666666666666666, 0.5, 0.9607843137254901, 0.5, 0.9999999999999999, 1.0, 0.0, 0.24079266592819173, 0.2844956453181495, 0.2844956453181495, 0.0, 0.0, 0.0, 0.0, 0.0, 1.0, 0.0, 0.0, 0.0, 0.0, 0.0, 0.0, 0.0, 0.0, 0.0, 0.0, 0.0, 0.0, 0.0, 0.0, 0.0], [0.34312760829925537, 0.8333333333333333, 0.5333333333333333, 0.9607843137254901, 0.5, 0.9999999999999999, 1.0, 1.0, 0.34312760534365316, 0.2881268798155561, 0.2881268798155561, 0.0, 0.0, 0.0, 0.0, 0.0, 0.0, 0.0, 0.0, 0.0, 0.0, 0.0, 0.0, 0.0, 0.0, 0.0, 0.0, 0.0, 0.0, 0.0, 0.0, 0.0], [0.3656526803970337, 1.0, 0.5666666666666667, 0.9607843137254901, 0.5, 0.9999999999999999, 1.0, 1.0, 0.3656526675894241, 0.3321356865328534, 0.3321356865328534, 0.0, 0.0, 0.0, 0.0, 0.0, 0.0, 0.0, 0.0, 0.0, 0.0, 0.0, 0.0, 0.0, 0.0, 0.0, 0.0, 0.0, 0.0, 0.0, 0.0, 0.0], [0.46424442529678345, 0.0, 0.6, 0.9803921568627451, 0.5, 0.9999999999999999, 1.0, 0.0, 0.4642444116681732, 0.2597037491391185, 0.2597037491391185, 0.0, 0.0, 0.0, 0.0, 1.0, 0.0, 0.0, 0.0, 0.0, 0.0, 0.0, 0.0, 0.0, 0.0, 0.0, 0.0, 0.0, 0.0, 0.0, 0.0, 0.0]]",0.33827412128448486,122.793506026268,0.0,19.0,51.0,3.0,11.999999999999998,4.0,0.0,168.52072143554688,94.2724609375,94.2724609375,0.0,0.0,0.0,0.0,1.0,0.0,0.0,0.0,0.0,0.0,0.0,0.0,0.0,0.0,0.0,0.0,0.0,0.0,0.0,0.0,0.0,0.0,0.6,0.9803921568627451,0.5,0.9999999999999999,1.0,0.0,0.4642444116681732,0.2597037491391185,0.2597037491391185,0.0,0.0,0.0,0.0,1.0,0.0,0.0,0.0,0.0,0.0,0.0,0.0,0.0,0.0,0.0,0.0,0.0,0.0,0.0,0.0,0.0
87,"[[0.20814193785190582, 0.3333333333333333, 0.43333333333333335, 0.9607843137254901, 0.25, 0.9999999999999999, 1.0, 0.0, 0.20814194692396265, 0.19395110495491133, 0.19395110495491133, 0.0, 0.0, 0.0, 0.0, 0.0, 0.0, 0.0, 0.0, 0.0, 0.0, 0.0, 0.0, 0.0, 0.0, 0.0, 0.0, 0.0, 0.0, 0.0, 0.0, 0.0], [0.23339100182056427, 0.5, 0.4666666666666667, 0.9607843137254901, 0.5, 0.9999999999999999, 1.0, 0.0, 0.23339099726401086, 0.2013520800377712, 0.2013520800377712, 0.0, 0.0, 0.0, 0.0, 0.0, 0.0, 0.0, 0.0, 0.0, 0.0, 0.0, 0.0, 0.0, 0.0, 0.0, 0.0, 0.0, 0.0, 0.0, 0.0, 0.0], [0.2407926619052887, 0.6666666666666666, 0.5, 0.9607843137254901, 0.5, 0.9999999999999999, 1.0, 0.0, 0.24079266592819173, 0.2844956453181495, 0.2844956453181495, 0.0, 0.0, 0.0, 0.0, 0.0, 1.0, 0.0, 0.0, 0.0, 0.0, 0.0, 0.0, 0.0, 0.0, 0.0, 0.0, 0.0, 0.0, 0.0, 0.0, 0.0], [0.34312760829925537, 0.8333333333333333, 0.5333333333333333, 0.9607843137254901, 0.5, 0.9999999999999999, 1.0, 1.0, 0.34312760534365316, 0.2881268798155561, 0.2881268798155561, 0.0, 0.0, 0.0, 0.0, 0.0, 0.0, 0.0, 0.0, 0.0, 0.0, 0.0, 0.0, 0.0, 0.0, 0.0, 0.0, 0.0, 0.0, 0.0, 0.0, 0.0], [0.3656526803970337, 1.0, 0.5666666666666667, 0.9607843137254901, 0.5, 0.9999999999999999, 1.0, 1.0, 0.3656526675894241, 0.3321356865328534, 0.3321356865328534, 0.0, 0.0, 0.0, 0.0, 0.0, 0.0, 0.0, 0.0, 0.0, 0.0, 0.0, 0.0, 0.0, 0.0, 0.0, 0.0, 0.0, 0.0, 0.0, 0.0, 0.0], [0.46424442529678345, 0.0, 0.6, 0.9803921568627451, 0.5, 0.9999999999999999, 1.0, 0.0, 0.4642444116681732, 0.2597037491391185, 0.2597037491391185, 0.0, 0.0, 0.0, 0.0, 1.0, 0.0, 0.0, 0.0, 0.0, 0.0, 0.0, 0.0, 0.0, 0.0, 0.0, 0.0, 0.0, 0.0, 0.0, 0.0, 0.0], [0.33827412128448486, 0.16666666666666666, 0.6333333333333333, 0.9803921568627451, 0.5, 0.9999999999999999, 1.0, 0.0, 0.3382741124176782, 0.20814194692396265, 0.20814194692396265, 0.0, 0.0, 0.0, 0.0, 0.0, 0.0, 0.0, 0.0, 0.0, 0.0, 0.0, 0.0, 0.0, 0.0, 0.0, 0.0, 0.0, 0.0, 0.0, 0.0, 0.0]]",0.29862964153289795,108.40255987644196,1.0,20.0,51.0,3.0,11.999999999999998,4.0,0.0,122.79350280761717,75.55552673339844,75.55552673339844,0.0,0.0,0.0,0.0,0.0,0.0,0.0,0.0,0.0,0.0,0.0,0.0,0.0,0.0,0.0,0.0,0.0,0.0,0.0,0.0,0.0,0.16666666666666666,0.6333333333333333,0.9803921568627451,0.5,0.9999999999999999,1.0,0.0,0.3382741124176782,0.20814194692396265,0.20814194692396265,0.0,0.0,0.0,0.0,0.0,0.0,0.0,0.0,0.0,0.0,0.0,0.0,0.0,0.0,0.0,0.0,0.0,0.0,0.0,0.0,0.0
88,"[[0.23339100182056427, 0.5, 0.4666666666666667, 0.9607843137254901, 0.5, 0.9999999999999999, 1.0, 0.0, 0.23339099726401086, 0.2013520800377712, 0.2013520800377712, 0.0, 0.0, 0.0, 0.0, 0.0, 0.0, 0.0, 0.0, 0.0, 0.0, 0.0, 0.0, 0.0, 0.0, 0.0, 0.0, 0.0, 0.0, 0.0, 0.0, 0.0], [0.2407926619052887, 0.6666666666666666, 0.5, 0.9607843137254901, 0.5, 0.9999999999999999, 1.0, 0.0, 0.24079266592819173, 0.2844956453181495, 0.2844956453181495, 0.0, 0.0, 0.0, 0.0, 0.0, 1.0, 0.0, 0.0, 0.0, 0.0, 0.0, 0.0, 0.0, 0.0, 0.0, 0.0, 0.0, 0.0, 0.0, 0.0, 0.0], [0.34312760829925537, 0.8333333333333333, 0.5333333333333333, 0.9607843137254901, 0.5, 0.9999999999999999, 1.0, 1.0, 0.34312760534365316, 0.2881268798155561, 0.2881268798155561, 0.0, 0.0, 0.0, 0.0, 0.0, 0.0, 0.0, 0.0, 0.0, 0.0, 0.0, 0.0, 0.0, 0.0, 0.0, 0.0, 0.0, 0.0, 0.0, 0.0, 0.0], [0.3656526803970337, 1.0, 0.5666666666666667, 0.9607843137254901, 0.5, 0.9999999999999999, 1.0, 1.0, 0.3656526675894241, 0.3321356865328534, 0.3321356865328534, 0.0, 0.0, 0.0, 0.0, 0.0, 0.0, 0.0, 0.0, 0.0, 0.0, 0.0, 0.0, 0.0, 0.0, 0.0, 0.0, 0.0, 0.0, 0.0, 0.0, 0.0], [0.46424442529678345, 0.0, 0.6, 0.9803921568627451, 0.5, 0.9999999999999999, 1.0, 0.0, 0.4642444116681732, 0.2597037491391185, 0.2597037491391185, 0.0, 0.0, 0.0, 0.0, 1.0, 0.0, 0.0, 0.0, 0.0, 0.0, 0.0, 0.0, 0.0, 0.0, 0.0, 0.0, 0.0, 0.0, 0.0, 0.0, 0.0], [0.33827412128448486, 0.16666666666666666, 0.6333333333333333, 0.9803921568627451, 0.5, 0.9999999999999999, 1.0, 0.0, 0.3382741124176782, 0.20814194692396265, 0.20814194692396265, 0.0, 0.0, 0.0, 0.0, 0.0, 0.0, 0.0, 0.0, 0.0, 0.0, 0.0, 0.0, 0.0, 0.0, 0.0, 0.0, 0.0, 0.0, 0.0, 0.0, 0.0], [0.29862964153289795, 0.3333333333333333, 0.6666666666666666, 0.9803921568627451, 0.5, 0.9999999999999999, 1.0, 0.0, 0.2986296346364928, 0.23339099726401086, 0.23339099726401086, 0.0, 0.0, 0.0, 0.0, 0.0, 0.0, 0.0, 0.0, 0.0, 0.0, 0.0, 0.0, 0.0, 0.0, 0.0, 0.0, 0.0, 0.0, 0.0, 0.0, 0.0]]",0.36060649156570435,130.90015643835068,2.0,21.0,51.0,3.0,11.999999999999998,4.0,0.0,108.40255737304688,84.72093200683594,84.72093200683594,0.0,0.0,0.0,0.0,0.0,0.0,0.0,0.0,0.0,0.0,0.0,0.0,0.0,0.0,0.0,0.0,0.0,0.0,0.0,0.0,0.0,0.3333333333333333,0.6666666666666666,0.9803921568627451,0.5,0.9999999999999999,1.0,0.0,0.2986296346364928,0.23339099726401086,0.23339099726401086,0.0,0.0,0.0,0.0,0.0,0.0,0.0,0.0,0.0,0.0,0.0,0.0,0.0,0.0,0.0,0.0,0.0,0.0,0.0,0.0,0.0
89,"[[0.2407926619052887, 0.6666666666666666, 0.5, 0.9607843137254901, 0.5, 0.9999999999999999, 1.0, 0.0, 0.24079266592819173, 0.2844956453181495, 0.2844956453181495, 0.0, 0.0, 0.0, 0.0, 0.0, 1.0, 0.0, 0.0, 0.0, 0.0, 0.0, 0.0, 0.0, 0.0, 0.0, 0.0, 0.0, 0.0, 0.0, 0.0, 0.0], [0.34312760829925537, 0.8333333333333333, 0.5333333333333333, 0.9607843137254901, 0.5, 0.9999999999999999, 1.0, 1.0, 0.34312760534365316, 0.2881268798155561, 0.2881268798155561, 0.0, 0.0, 0.0, 0.0, 0.0, 0.0, 0.0, 0.0, 0.0, 0.0, 0.0, 0.0, 0.0, 0.0, 0.0, 0.0, 0.0, 0.0, 0.0, 0.0, 0.0], [0.3656526803970337, 1.0, 0.5666666666666667, 0.9607843137254901, 0.5, 0.9999999999999999, 1.0, 1.0, 0.3656526675894241, 0.3321356865328534, 0.3321356865328534, 0.0, 0.0, 0.0, 0.0, 0.0, 0.0, 0.0, 0.0, 0.0, 0.0, 0.0, 0.0, 0.0, 0.0, 0.0, 0.0, 0.0, 0.0, 0.0, 0.0, 0.0], [0.46424442529678345, 0.0, 0.6, 0.9803921568627451, 0.5, 0.9999999999999999, 1.0, 0.0, 0.4642444116681732, 0.2597037491391185, 0.2597037491391185, 0.0, 0.0, 0.0, 0.0, 1.0, 0.0, 0.0, 0.0, 0.0, 0.0, 0.0, 0.0, 0.0, 0.0, 0.0, 0.0, 0.0, 0.0, 0.0, 0.0, 0.0], [0.33827412128448486, 0.16666666666666666, 0.6333333333333333, 0.9803921568627451, 0.5, 0.9999999999999999, 1.0, 0.0, 0.3382741124176782, 0.20814194692396265, 0.20814194692396265, 0.0, 0.0, 0.0, 0.0, 0.0, 0.0, 0.0, 0.0, 0.0, 0.0, 0.0, 0.0, 0.0, 0.0, 0.0, 0.0, 0.0, 0.0, 0.0, 0.0, 0.0], [0.29862964153289795, 0.3333333333333333, 0.6666666666666666, 0.9803921568627451, 0.5, 0.9999999999999999, 1.0, 0.0, 0.2986296346364928, 0.23339099726401086, 0.23339099726401086, 0.0, 0.0, 0.0, 0.0, 0.0, 0.0, 0.0, 0.0, 0.0, 0.0, 0.0, 0.0, 0.0, 0.0, 0.0, 0.0, 0.0, 0.0, 0.0, 0.0, 0.0], [0.36060649156570435, 0.5, 0.7, 0.9803921568627451, 0.75, 0.9999999999999999, 1.0, 0.0, 0.36060650617951534, 0.24079266592819173, 0.24079266592819173, 0.0, 0.0, 0.0, 0.0, 0.0, 0.0, 0.0, 0.0, 0.0, 0.0, 0.0, 0.0, 0.0, 0.0, 0.0, 0.0, 0.0, 0.0, 0.0, 0.0, 0.0]]",0.38409295678138733,139.4257433116436,3.0,22.0,51.0,4.0,11.999999999999998,4.0,0.0,130.90016174316406,87.4077377319336,87.4077377319336,0.0,0.0,0.0,0.0,0.0,0.0,0.0,0.0,0.0,0.0,0.0,0.0,0.0,0.0,0.0,0.0,0.0,0.0,0.0,0.0,0.0,0.5,0.7,0.9803921568627451,0.75,0.9999999999999999,1.0,0.0,0.36060650617951534,0.24079266592819173,0.24079266592819173,0.0,0.0,0.0,0.0,0.0,0.0,0.0,0.0,0.0,0.0,0.0,0.0,0.0,0.0,0.0,0.0,0.0,0.0,0.0,0.0,0.0
90,"[[0.34312760829925537, 0.8333333333333333, 0.5333333333333333, 0.9607843137254901, 0.5, 0.9999999999999999, 1.0, 1.0, 0.34312760534365316, 0.2881268798155561, 0.2881268798155561, 0.0, 0.0, 0.0, 0.0, 0.0, 0.0, 0.0, 0.0, 0.0, 0.0, 0.0, 0.0, 0.0, 0.0, 0.0, 0.0, 0.0, 0.0, 0.0, 0.0, 0.0], [0.3656526803970337, 1.0, 0.5666666666666667, 0.9607843137254901, 0.5, 0.9999999999999999, 1.0, 1.0, 0.3656526675894241, 0.3321356865328534, 0.3321356865328534, 0.0, 0.0, 0.0, 0.0, 0.0, 0.0, 0.0, 0.0, 0.0, 0.0, 0.0, 0.0, 0.0, 0.0, 0.0, 0.0, 0.0, 0.0, 0.0, 0.0, 0.0], [0.46424442529678345, 0.0, 0.6, 0.9803921568627451, 0.5, 0.9999999999999999, 1.0, 0.0, 0.4642444116681732, 0.2597037491391185, 0.2597037491391185, 0.0, 0.0, 0.0, 0.0, 1.0, 0.0, 0.0, 0.0, 0.0, 0.0, 0.0, 0.0, 0.0, 0.0, 0.0, 0.0, 0.0, 0.0, 0.0, 0.0, 0.0], [0.33827412128448486, 0.16666666666666666, 0.6333333333333333, 0.9803921568627451, 0.5, 0.9999999999999999, 1.0, 0.0, 0.3382741124176782, 0.20814194692396265, 0.20814194692396265, 0.0, 0.0, 0.0, 0.0, 0.0, 0.0, 0.0, 0.0, 0.0, 0.0, 0.0, 0.0, 0.0, 0.0, 0.0, 0.0, 0.0, 0.0, 0.0, 0.0, 0.0], [0.29862964153289795, 0.3333333333333333, 0.6666666666666666, 0.9803921568627451, 0.5, 0.9999999999999999, 1.0, 0.0, 0.2986296346364928, 0.23339099726401086, 0.23339099726401086, 0.0, 0.0, 0.0, 0.0, 0.0, 0.0, 0.0, 0.0, 0.0, 0.0, 0.0, 0.0, 0.0, 0.0, 0.0, 0.0, 0.0, 0.0, 0.0, 0.0, 0.0], [0.36060649156570435, 0.5, 0.7, 0.9803921568627451, 0.75, 0.9999999999999999, 1.0, 0.0, 0.36060650617951534, 0.24079266592819173, 0.24079266592819173, 0.0, 0.0, 0.0, 0.0, 0.0, 0.0, 0.0, 0.0, 0.0, 0.0, 0.0, 0.0, 0.0, 0.0, 0.0, 0.0, 0.0, 0.0, 0.0, 0.0, 0.0], [0.38409295678138733, 0.6666666666666666, 0.7333333333333333, 0.9803921568627451, 0.75, 0.9999999999999999, 1.0, 0.0, 0.3840929772243027, 0.34312760534365316, 0.34312760534365316, 0.0, 0.0, 0.0, 0.0, 0.0, 1.0, 0.0, 0.0, 0.0, 0.0, 0.0, 0.0, 0.0, 0.0, 0.0, 0.0, 0.0, 0.0, 0.0, 0.0, 0.0]]",0.4302253723144531,156.17181015014648,4.0,23.0,51.0,4.0,11.999999999999998,4.0,0.0,139.42575073242188,124.5553207397461,124.5553207397461,0.0,0.0,0.0,0.0,0.0,1.0,0.0,0.0,0.0,0.0,0.0,0.0,0.0,0.0,0.0,0.0,0.0,0.0,0.0,0.0,0.0,0.6666666666666666,0.7333333333333333,0.9803921568627451,0.75,0.9999999999999999,1.0,0.0,0.3840929772243027,0.34312760534365316,0.34312760534365316,0.0,0.0,0.0,0.0,0.0,1.0,0.0,0.0,0.0,0.0,0.0,0.0,0.0,0.0,0.0,0.0,0.0,0.0,0.0,0.0,0.0
91,"[[0.3656526803970337, 1.0, 0.5666666666666667, 0.9607843137254901, 0.5, 0.9999999999999999, 1.0, 1.0, 0.3656526675894241, 0.3321356865328534, 0.3321356865328534, 0.0, 0.0, 0.0, 0.0, 0.0, 0.0, 0.0, 0.0, 0.0, 0.0, 0.0, 0.0, 0.0, 0.0, 0.0, 0.0, 0.0, 0.0, 0.0, 0.0, 0.0], [0.46424442529678345, 0.0, 0.6, 0.9803921568627451, 0.5, 0.9999999999999999, 1.0, 0.0, 0.4642444116681732, 0.2597037491391185, 0.2597037491391185, 0.0, 0.0, 0.0, 0.0, 1.0, 0.0, 0.0, 0.0, 0.0, 0.0, 0.0, 0.0, 0.0, 0.0, 0.0, 0.0, 0.0, 0.0, 0.0, 0.0, 0.0], [0.33827412128448486, 0.16666666666666666, 0.6333333333333333, 0.9803921568627451, 0.5, 0.9999999999999999, 1.0, 0.0, 0.3382741124176782, 0.20814194692396265, 0.20814194692396265, 0.0, 0.0, 0.0, 0.0, 0.0, 0.0, 0.0, 0.0, 0.0, 0.0, 0.0, 0.0, 0.0, 0.0, 0.0, 0.0, 0.0, 0.0, 0.0, 0.0, 0.0], [0.29862964153289795, 0.3333333333333333, 0.6666666666666666, 0.9803921568627451, 0.5, 0.9999999999999999, 1.0, 0.0, 0.2986296346364928, 0.23339099726401086, 0.23339099726401086, 0.0, 0.0, 0.0, 0.0, 0.0, 0.0, 0.0, 0.0, 0.0, 0.0, 0.0, 0.0, 0.0, 0.0, 0.0, 0.0, 0.0, 0.0, 0.0, 0.0, 0.0], [0.36060649156570435, 0.5, 0.7, 0.9803921568627451, 0.75, 0.9999999999999999, 1.0, 0.0, 0.36060650617951534, 0.24079266592819173, 0.24079266592819173, 0.0, 0.0, 0.0, 0.0, 0.0, 0.0, 0.0, 0.0, 0.0, 0.0, 0.0, 0.0, 0.0, 0.0, 0.0, 0.0, 0.0, 0.0, 0.0, 0.0, 0.0], [0.38409295678138733, 0.6666666666666666, 0.7333333333333333, 0.9803921568627451, 0.75, 0.9999999999999999, 1.0, 0.0, 0.3840929772243027, 0.34312760534365316, 0.34312760534365316, 0.0, 0.0, 0.0, 0.0, 0.0, 1.0, 0.0, 0.0, 0.0, 0.0, 0.0, 0.0, 0.0, 0.0, 0.0, 0.0, 0.0, 0.0, 0.0, 0.0, 0.0], [0.4302253723144531, 0.8333333333333333, 0.7666666666666667, 0.9803921568627451, 0.75, 0.9999999999999999, 1.0, 1.0, 0.430225382823261, 0.3656526675894241, 0.3656526675894241, 0.0, 0.0, 0.0, 0.0, 0.0, 0.0, 0.0, 0.0, 0.0, 0.0, 1.0, 0.0, 0.0, 0.0, 0.0, 0.0, 0.0, 0.0, 0.0, 0.0, 0.0]]",0.39872539043426514,144.73731672763824,5.0,24.0,51.0,4.0,11.999999999999998,4.0,1.0,156.17181396484375,132.73191833496094,132.73191833496094,0.0,0.0,0.0,0.0,0.0,0.0,0.0,0.0,0.0,0.0,1.0,0.0,0.0,0.0,0.0,0.0,0.0,0.0,0.0,0.0,0.0,0.8333333333333333,0.7666666666666667,0.9803921568627451,0.75,0.9999999999999999,1.0,1.0,0.430225382823261,0.3656526675894241,0.3656526675894241,0.0,0.0,0.0,0.0,0.0,0.0,0.0,0.0,0.0,0.0,1.0,0.0,0.0,0.0,0.0,0.0,0.0,0.0,0.0,0.0,0.0
92,"[[0.46424442529678345, 0.0, 0.6, 0.9803921568627451, 0.5, 0.9999999999999999, 1.0, 0.0, 0.4642444116681732, 0.2597037491391185, 0.2597037491391185, 0.0, 0.0, 0.0, 0.0, 1.0, 0.0, 0.0, 0.0, 0.0, 0.0, 0.0, 0.0, 0.0, 0.0, 0.0, 0.0, 0.0, 0.0, 0.0, 0.0, 0.0], [0.33827412128448486, 0.16666666666666666, 0.6333333333333333, 0.9803921568627451, 0.5, 0.9999999999999999, 1.0, 0.0, 0.3382741124176782, 0.20814194692396265, 0.20814194692396265, 0.0, 0.0, 0.0, 0.0, 0.0, 0.0, 0.0, 0.0, 0.0, 0.0, 0.0, 0.0, 0.0, 0.0, 0.0, 0.0, 0.0, 0.0, 0.0, 0.0, 0.0], [0.29862964153289795, 0.3333333333333333, 0.6666666666666666, 0.9803921568627451, 0.5, 0.9999999999999999, 1.0, 0.0, 0.2986296346364928, 0.23339099726401086, 0.23339099726401086, 0.0, 0.0, 0.0, 0.0, 0.0, 0.0, 0.0, 0.0, 0.0, 0.0, 0.0, 0.0, 0.0, 0.0, 0.0, 0.0, 0.0, 0.0, 0.0, 0.0, 0.0], [0.36060649156570435, 0.5, 0.7, 0.9803921568627451, 0.75, 0.9999999999999999, 1.0, 0.0, 0.36060650617951534, 0.24079266592819173, 0.24079266592819173, 0.0, 0.0, 0.0, 0.0, 0.0, 0.0, 0.0, 0.0, 0.0, 0.0, 0.0, 0.0, 0.0, 0.0, 0.0, 0.0, 0.0, 0.0, 0.0, 0.0, 0.0], [0.38409295678138733, 0.6666666666666666, 0.7333333333333333, 0.9803921568627451, 0.75, 0.9999999999999999, 1.0, 0.0, 0.3840929772243027, 0.34312760534365316, 0.34312760534365316, 0.0, 0.0, 0.0, 0.0, 0.0, 1.0, 0.0, 0.0, 0.0, 0.0, 0.0, 0.0, 0.0, 0.0, 0.0, 0.0, 0.0, 0.0, 0.0, 0.0, 0.0], [0.4302253723144531, 0.8333333333333333, 0.7666666666666667, 0.9803921568627451, 0.75, 0.9999999999999999, 1.0, 1.0, 0.430225382823261, 0.3656526675894241, 0.3656526675894241, 0.0, 0.0, 0.0, 0.0, 0.0, 0.0, 0.0, 0.0, 0.0, 0.0, 1.0, 0.0, 0.0, 0.0, 0.0, 0.0, 0.0, 0.0, 0.0, 0.0, 0.0], [0.39872539043426514, 1.0, 0.8, 0.9803921568627451, 0.75, 0.9999999999999999, 1.0, 1.0, 0.3987253993010718, 0.4642444116681732, 0.4642444116681732, 0.0, 0.0, 0.0, 0.0, 0.0, 0.0, 0.0, 0.0, 0.0, 1.0, 0.0, 0.0, 0.0, 0.0, 0.0, 0.0, 0.0, 0.0, 0.0, 0.0, 0.0]]",-0.13032250106334686,-47.30706788599491,6.0,25.0,51.0,4.0,11.999999999999998,4.0,1.0,144.73731994628906,168.52072143554688,168.52072143554688,0.0,0.0,0.0,0.0,0.0,0.0,0.0,0.0,0.0,1.0,0.0,0.0,0.0,0.0,0.0,0.0,0.0,0.0,0.0,0.0,0.0,1.0,0.8,0.9803921568627451,0.75,0.9999999999999999,1.0,1.0,0.3987253993010718,0.4642444116681732,0.4642444116681732,0.0,0.0,0.0,0.0,0.0,0.0,0.0,0.0,0.0,1.0,0.0,0.0,0.0,0.0,0.0,0.0,0.0,0.0,0.0,0.0,0.0
93,"[[0.33827412128448486, 0.16666666666666666, 0.6333333333333333, 0.9803921568627451, 0.5, 0.9999999999999999, 1.0, 0.0, 0.3382741124176782, 0.20814194692396265, 0.20814194692396265, 0.0, 0.0, 0.0, 0.0, 0.0, 0.0, 0.0, 0.0, 0.0, 0.0, 0.0, 0.0, 0.0, 0.0, 0.0, 0.0, 0.0, 0.0, 0.0, 0.0, 0.0], [0.29862964153289795, 0.3333333333333333, 0.6666666666666666, 0.9803921568627451, 0.5, 0.9999999999999999, 1.0, 0.0, 0.2986296346364928, 0.23339099726401086, 0.23339099726401086, 0.0, 0.0, 0.0, 0.0, 0.0, 0.0, 0.0, 0.0, 0.0, 0.0, 0.0, 0.0, 0.0, 0.0, 0.0, 0.0, 0.0, 0.0, 0.0, 0.0, 0.0], [0.36060649156570435, 0.5, 0.7, 0.9803921568627451, 0.75, 0.9999999999999999, 1.0, 0.0, 0.36060650617951534, 0.24079266592819173, 0.24079266592819173, 0.0, 0.0, 0.0, 0.0, 0.0, 0.0, 0.0, 0.0, 0.0, 0.0, 0.0, 0.0, 0.0, 0.0, 0.0, 0.0, 0.0, 0.0, 0.0, 0.0, 0.0], [0.38409295678138733, 0.6666666666666666, 0.7333333333333333, 0.9803921568627451, 0.75, 0.9999999999999999, 1.0, 0.0, 0.3840929772243027, 0.34312760534365316, 0.34312760534365316, 0.0, 0.0, 0.0, 0.0, 0.0, 1.0, 0.0, 0.0, 0.0, 0.0, 0.0, 0.0, 0.0, 0.0, 0.0, 0.0, 0.0, 0.0, 0.0, 0.0, 0.0], [0.4302253723144531, 0.8333333333333333, 0.7666666666666667, 0.9803921568627451, 0.75, 0.9999999999999999, 1.0, 1.0, 0.430225382823261, 0.3656526675894241, 0.3656526675894241, 0.0, 0.0, 0.0, 0.0, 0.0, 0.0, 0.0, 0.0, 0.0, 0.0, 1.0, 0.0, 0.0, 0.0, 0.0, 0.0, 0.0, 0.0, 0.0, 0.0, 0.0], [0.39872539043426514, 1.0, 0.8, 0.9803921568627451, 0.75, 0.9999999999999999, 1.0, 1.0, 0.3987253993010718, 0.4642444116681732, 0.4642444116681732, 0.0, 0.0, 0.0, 0.0, 0.0, 0.0, 0.0, 0.0, 0.0, 1.0, 0.0, 0.0, 0.0, 0.0, 0.0, 0.0, 0.0, 0.0, 0.0, 0.0, 0.0], [-0.13032250106334686, 0.0, 0.8333333333333334, 0.9999999999999999, 0.75, 0.9999999999999999, 1.0, 0.0, -0.13032250102229684, 0.3382741124176782, 0.3382741124176782, 0.0, 0.0, 0.0, 0.0, 1.0, 0.0, 0.0, 0.0, 0.0, 0.0, 0.0, 0.0, 0.0, 0.0, 0.0, 0.0, 0.0, 0.0, 0.0, 0.0, 0.0]]",-0.04303671419620514,-15.622327253222466,0.0,26.0,52.0,4.0,11.999999999999998,4.0,0.0,-47.30706787109375,122.79350280761717,122.79350280761717,0.0,0.0,0.0,0.0,1.0,0.0,0.0,0.0,0.0,0.0,0.0,0.0,0.0,0.0,0.0,0.0,0.0,0.0,0.0,0.0,0.0,0.0,0.8333333333333334,0.9999999999999999,0.75,0.9999999999999999,1.0,0.0,-0.13032250102229684,0.3382741124176782,0.3382741124176782,0.0,0.0,0.0,0.0,1.0,0.0,0.0,0.0,0.0,0.0,0.0,0.0,0.0,0.0,0.0,0.0,0.0,0.0,0.0,0.0,0.0
94,"[[0.29862964153289795, 0.3333333333333333, 0.6666666666666666, 0.9803921568627451, 0.5, 0.9999999999999999, 1.0, 0.0, 0.2986296346364928, 0.23339099726401086, 0.23339099726401086, 0.0, 0.0, 0.0, 0.0, 0.0, 0.0, 0.0, 0.0, 0.0, 0.0, 0.0, 0.0, 0.0, 0.0, 0.0, 0.0, 0.0, 0.0, 0.0, 0.0, 0.0], [0.36060649156570435, 0.5, 0.7, 0.9803921568627451, 0.75, 0.9999999999999999, 1.0, 0.0, 0.36060650617951534, 0.24079266592819173, 0.24079266592819173, 0.0, 0.0, 0.0, 0.0, 0.0, 0.0, 0.0, 0.0, 0.0, 0.0, 0.0, 0.0, 0.0, 0.0, 0.0, 0.0, 0.0, 0.0, 0.0, 0.0, 0.0], [0.38409295678138733, 0.6666666666666666, 0.7333333333333333, 0.9803921568627451, 0.75, 0.9999999999999999, 1.0, 0.0, 0.3840929772243027, 0.34312760534365316, 0.34312760534365316, 0.0, 0.0, 0.0, 0.0, 0.0, 1.0, 0.0, 0.0, 0.0, 0.0, 0.0, 0.0, 0.0, 0.0, 0.0, 0.0, 0.0, 0.0, 0.0, 0.0, 0.0], [0.4302253723144531, 0.8333333333333333, 0.7666666666666667, 0.9803921568627451, 0.75, 0.9999999999999999, 1.0, 1.0, 0.430225382823261, 0.3656526675894241, 0.3656526675894241, 0.0, 0.0, 0.0, 0.0, 0.0, 0.0, 0.0, 0.0, 0.0, 0.0, 1.0, 0.0, 0.0, 0.0, 0.0, 0.0, 0.0, 0.0, 0.0, 0.0, 0.0], [0.39872539043426514, 1.0, 0.8, 0.9803921568627451, 0.75, 0.9999999999999999, 1.0, 1.0, 0.3987253993010718, 0.4642444116681732, 0.4642444116681732, 0.0, 0.0, 0.0, 0.0, 0.0, 0.0, 0.0, 0.0, 0.0, 1.0, 0.0, 0.0, 0.0, 0.0, 0.0, 0.0, 0.0, 0.0, 0.0, 0.0, 0.0], [-0.13032250106334686, 0.0, 0.8333333333333334, 0.9999999999999999, 0.75, 0.9999999999999999, 1.0, 0.0, -0.13032250102229684, 0.3382741124176782, 0.3382741124176782, 0.0, 0.0, 0.0, 0.0, 1.0, 0.0, 0.0, 0.0, 0.0, 0.0, 0.0, 0.0, 0.0, 0.0, 0.0, 0.0, 0.0, 0.0, 0.0, 0.0, 0.0], [-0.04303671419620514, 0.16666666666666666, 0.8666666666666667, 0.9999999999999999, 0.75, 0.9999999999999999, 1.0, 0.0, -0.043036713087854304, 0.2986296346364928, 0.2986296346364928, 0.0, 0.0, 0.0, 0.0, 0.0, 0.0, 0.0, 0.0, 0.0, 0.0, 0.0, 0.0, 0.0, 0.0, 0.0, 0.0, 0.0, 0.0, 0.0, 0.0, 0.0]]",-0.08173401653766632,-29.669448003172874,1.0,27.0,52.0,4.0,11.999999999999998,4.0,0.0,-15.622326850891112,108.40255737304688,108.40255737304688,0.0,0.0,0.0,0.0,0.0,0.0,0.0,0.0,0.0,0.0,0.0,0.0,0.0,0.0,0.0,0.0,0.0,0.0,0.0,0.0,0.0,0.16666666666666666,0.8666666666666667,0.9999999999999999,0.75,0.9999999999999999,1.0,0.0,-0.043036713087854304,0.2986296346364928,0.2986296346364928,0.0,0.0,0.0,0.0,0.0,0.0,0.0,0.0,0.0,0.0,0.0,0.0,0.0,0.0,0.0,0.0,0.0,0.0,0.0,0.0,0.0
95,"[[0.36060649156570435, 0.5, 0.7, 0.9803921568627451, 0.75, 0.9999999999999999, 1.0, 0.0, 0.36060650617951534, 0.24079266592819173, 0.24079266592819173, 0.0, 0.0, 0.0, 0.0, 0.0, 0.0, 0.0, 0.0, 0.0, 0.0, 0.0, 0.0, 0.0, 0.0, 0.0, 0.0, 0.0, 0.0, 0.0, 0.0, 0.0], [0.38409295678138733, 0.6666666666666666, 0.7333333333333333, 0.9803921568627451, 0.75, 0.9999999999999999, 1.0, 0.0, 0.3840929772243027, 0.34312760534365316, 0.34312760534365316, 0.0, 0.0, 0.0, 0.0, 0.0, 1.0, 0.0, 0.0, 0.0, 0.0, 0.0, 0.0, 0.0, 0.0, 0.0, 0.0, 0.0, 0.0, 0.0, 0.0, 0.0], [0.4302253723144531, 0.8333333333333333, 0.7666666666666667, 0.9803921568627451, 0.75, 0.9999999999999999, 1.0, 1.0, 0.430225382823261, 0.3656526675894241, 0.3656526675894241, 0.0, 0.0, 0.0, 0.0, 0.0, 0.0, 0.0, 0.0, 0.0, 0.0, 1.0, 0.0, 0.0, 0.0, 0.0, 0.0, 0.0, 0.0, 0.0, 0.0, 0.0], [0.39872539043426514, 1.0, 0.8, 0.9803921568627451, 0.75, 0.9999999999999999, 1.0, 1.0, 0.3987253993010718, 0.4642444116681732, 0.4642444116681732, 0.0, 0.0, 0.0, 0.0, 0.0, 0.0, 0.0, 0.0, 0.0, 1.0, 0.0, 0.0, 0.0, 0.0, 0.0, 0.0, 0.0, 0.0, 0.0, 0.0, 0.0], [-0.13032250106334686, 0.0, 0.8333333333333334, 0.9999999999999999, 0.75, 0.9999999999999999, 1.0, 0.0, -0.13032250102229684, 0.3382741124176782, 0.3382741124176782, 0.0, 0.0, 0.0, 0.0, 1.0, 0.0, 0.0, 0.0, 0.0, 0.0, 0.0, 0.0, 0.0, 0.0, 0.0, 0.0, 0.0, 0.0, 0.0, 0.0, 0.0], [-0.04303671419620514, 0.16666666666666666, 0.8666666666666667, 0.9999999999999999, 0.75, 0.9999999999999999, 1.0, 0.0, -0.043036713087854304, 0.2986296346364928, 0.2986296346364928, 0.0, 0.0, 0.0, 0.0, 0.0, 0.0, 0.0, 0.0, 0.0, 0.0, 0.0, 0.0, 0.0, 0.0, 0.0, 0.0, 0.0, 0.0, 0.0, 0.0, 0.0], [-0.08173401653766632, 0.3333333333333333, 0.9, 0.9999999999999999, 0.75, 0.9999999999999999, 1.0, 0.0, -0.08173401887751808, 0.36060650617951534, 0.36060650617951534, 0.0, 0.0, 0.0, 0.0, 0.0, 0.0, 0.0, 0.0, 0.0, 0.0, 0.0, 0.0, 0.0, 0.0, 0.0, 0.0, 0.0, 0.0, 0.0, 0.0, 0.0]]",-0.02536708116531372,-9.20825046300888,2.0,28.0,52.0,4.0,11.999999999999998,4.0,0.0,-29.669448852539062,130.90016174316406,130.90016174316406,0.0,0.0,0.0,0.0,0.0,0.0,0.0,0.0,0.0,0.0,0.0,0.0,0.0,0.0,0.0,0.0,0.0,0.0,0.0,0.0,0.0,0.3333333333333333,0.9,0.9999999999999999,0.75,0.9999999999999999,1.0,0.0,-0.08173401887751808,0.36060650617951534,0.36060650617951534,0.0,0.0,0.0,0.0,0.0,0.0,0.0,0.0,0.0,0.0,0.0,0.0,0.0,0.0,0.0,0.0,0.0,0.0,0.0,0.0,0.0
96,"[[0.38409295678138733, 0.6666666666666666, 0.7333333333333333, 0.9803921568627451, 0.75, 0.9999999999999999, 1.0, 0.0, 0.3840929772243027, 0.34312760534365316, 0.34312760534365316, 0.0, 0.0, 0.0, 0.0, 0.0, 1.0, 0.0, 0.0, 0.0, 0.0, 0.0, 0.0, 0.0, 0.0, 0.0, 0.0, 0.0, 0.0, 0.0, 0.0, 0.0], [0.4302253723144531, 0.8333333333333333, 0.7666666666666667, 0.9803921568627451, 0.75, 0.9999999999999999, 1.0, 1.0, 0.430225382823261, 0.3656526675894241, 0.3656526675894241, 0.0, 0.0, 0.0, 0.0, 0.0, 0.0, 0.0, 0.0, 0.0, 0.0, 1.0, 0.0, 0.0, 0.0, 0.0, 0.0, 0.0, 0.0, 0.0, 0.0, 0.0], [0.39872539043426514, 1.0, 0.8, 0.9803921568627451, 0.75, 0.9999999999999999, 1.0, 1.0, 0.3987253993010718, 0.4642444116681732, 0.4642444116681732, 0.0, 0.0, 0.0, 0.0, 0.0, 0.0, 0.0, 0.0, 0.0, 1.0, 0.0, 0.0, 0.0, 0.0, 0.0, 0.0, 0.0, 0.0, 0.0, 0.0, 0.0], [-0.13032250106334686, 0.0, 0.8333333333333334, 0.9999999999999999, 0.75, 0.9999999999999999, 1.0, 0.0, -0.13032250102229684, 0.3382741124176782, 0.3382741124176782, 0.0, 0.0, 0.0, 0.0, 1.0, 0.0, 0.0, 0.0, 0.0, 0.0, 0.0, 0.0, 0.0, 0.0, 0.0, 0.0, 0.0, 0.0, 0.0, 0.0, 0.0], [-0.04303671419620514, 0.16666666666666666, 0.8666666666666667, 0.9999999999999999, 0.75, 0.9999999999999999, 1.0, 0.0, -0.043036713087854304, 0.2986296346364928, 0.2986296346364928, 0.0, 0.0, 0.0, 0.0, 0.0, 0.0, 0.0, 0.0, 0.0, 0.0, 0.0, 0.0, 0.0, 0.0, 0.0, 0.0, 0.0, 0.0, 0.0, 0.0, 0.0], [-0.08173401653766632, 0.3333333333333333, 0.9, 0.9999999999999999, 0.75, 0.9999999999999999, 1.0, 0.0, -0.08173401887751808, 0.36060650617951534, 0.36060650617951534, 0.0, 0.0, 0.0, 0.0, 0.0, 0.0, 0.0, 0.0, 0.0, 0.0, 0.0, 0.0, 0.0, 0.0, 0.0, 0.0, 0.0, 0.0, 0.0, 0.0, 0.0], [-0.02536708116531372, 0.5, 0.9333333333333333, 0.9999999999999999, 1.0, 0.9999999999999999, 1.0, 0.0, -0.025367080015912858, 0.3840929772243027, 0.3840929772243027, 0.0, 0.0, 0.0, 0.0, 0.0, 0.0, 0.0, 0.0, 0.0, 0.0, 0.0, 0.0, 0.0, 0.0, 0.0, 0.0, 0.0, 0.0, 0.0, 0.0, 0.0]]",0.0691700354218483,25.108722858130932,3.0,29.0,52.0,5.0,11.999999999999998,4.0,0.0,-9.208250045776367,139.42575073242188,139.42575073242188,0.0,0.0,0.0,0.0,0.0,0.0,0.0,0.0,0.0,0.0,0.0,0.0,0.0,0.0,0.0,0.0,0.0,0.0,0.0,0.0,0.0,0.5,0.9333333333333333,0.9999999999999999,1.0,0.9999999999999999,1.0,0.0,-0.025367080015912858,0.3840929772243027,0.3840929772243027,0.0,0.0,0.0,0.0,0.0,0.0,0.0,0.0,0.0,0.0,0.0,0.0,0.0,0.0,0.0,0.0,0.0,0.0,0.0,0.0,0.0
97,"[[0.4302253723144531, 0.8333333333333333, 0.7666666666666667, 0.9803921568627451, 0.75, 0.9999999999999999, 1.0, 1.0, 0.430225382823261, 0.3656526675894241, 0.3656526675894241, 0.0, 0.0, 0.0, 0.0, 0.0, 0.0, 0.0, 0.0, 0.0, 0.0, 1.0, 0.0, 0.0, 0.0, 0.0, 0.0, 0.0, 0.0, 0.0, 0.0, 0.0], [0.39872539043426514, 1.0, 0.8, 0.9803921568627451, 0.75, 0.9999999999999999, 1.0, 1.0, 0.3987253993010718, 0.4642444116681732, 0.4642444116681732, 0.0, 0.0, 0.0, 0.0, 0.0, 0.0, 0.0, 0.0, 0.0, 1.0, 0.0, 0.0, 0.0, 0.0, 0.0, 0.0, 0.0, 0.0, 0.0, 0.0, 0.0], [-0.13032250106334686, 0.0, 0.8333333333333334, 0.9999999999999999, 0.75, 0.9999999999999999, 1.0, 0.0, -0.13032250102229684, 0.3382741124176782, 0.3382741124176782, 0.0, 0.0, 0.0, 0.0, 1.0, 0.0, 0.0, 0.0, 0.0, 0.0, 0.0, 0.0, 0.0, 0.0, 0.0, 0.0, 0.0, 0.0, 0.0, 0.0, 0.0], [-0.04303671419620514, 0.16666666666666666, 0.8666666666666667, 0.9999999999999999, 0.75, 0.9999999999999999, 1.0, 0.0, -0.043036713087854304, 0.2986296346364928, 0.2986296346364928, 0.0, 0.0, 0.0, 0.0, 0.0, 0.0, 0.0, 0.0, 0.0, 0.0, 0.0, 0.0, 0.0, 0.0, 0.0, 0.0, 0.0, 0.0, 0.0, 0.0, 0.0], [-0.08173401653766632, 0.3333333333333333, 0.9, 0.9999999999999999, 0.75, 0.9999999999999999, 1.0, 0.0, -0.08173401887751808, 0.36060650617951534, 0.36060650617951534, 0.0, 0.0, 0.0, 0.0, 0.0, 0.0, 0.0, 0.0, 0.0, 0.0, 0.0, 0.0, 0.0, 0.0, 0.0, 0.0, 0.0, 0.0, 0.0, 0.0, 0.0], [-0.02536708116531372, 0.5, 0.9333333333333333, 0.9999999999999999, 1.0, 0.9999999999999999, 1.0, 0.0, -0.025367080015912858, 0.3840929772243027, 0.3840929772243027, 0.0, 0.0, 0.0, 0.0, 0.0, 0.0, 0.0, 0.0, 0.0, 0.0, 0.0, 0.0, 0.0, 0.0, 0.0, 0.0, 0.0, 0.0, 0.0, 0.0, 0.0], [0.0691700354218483, 0.6666666666666666, 0.9666666666666667, 0.9999999999999999, 1.0, 0.9999999999999999, 1.0, 0.0, 0.06917003494977295, 0.430225382823261, 0.430225382823261, 0.0, 0.0, 0.0, 0.0, 0.0, 1.0, 0.0, 0.0, 0.0, 0.0, 0.0, 0.0, 0.0, 0.0, 0.0, 0.0, 0.0, 0.0, 0.0, 0.0, 0.0]]",0.2068394422531128,75.08271753787994,4.0,30.0,52.0,5.0,11.999999999999998,4.0,0.0,25.108722686767578,156.17181396484375,156.17181396484375,0.0,0.0,0.0,0.0,0.0,1.0,0.0,0.0,0.0,0.0,0.0,0.0,0.0,0.0,0.0,0.0,0.0,0.0,0.0,0.0,0.0,0.6666666666666666,0.9666666666666667,0.9999999999999999,1.0,0.9999999999999999,1.0,0.0,0.06917003494977295,0.430225382823261,0.430225382823261,0.0,0.0,0.0,0.0,0.0,1.0,0.0,0.0,0.0,0.0,0.0,0.0,0.0,0.0,0.0,0.0,0.0,0.0,0.0,0.0,0.0
98,"[[0.39872539043426514, 1.0, 0.8, 0.9803921568627451, 0.75, 0.9999999999999999, 1.0, 1.0, 0.3987253993010718, 0.4642444116681732, 0.4642444116681732, 0.0, 0.0, 0.0, 0.0, 0.0, 0.0, 0.0, 0.0, 0.0, 1.0, 0.0, 0.0, 0.0, 0.0, 0.0, 0.0, 0.0, 0.0, 0.0, 0.0, 0.0], [-0.13032250106334686, 0.0, 0.8333333333333334, 0.9999999999999999, 0.75, 0.9999999999999999, 1.0, 0.0, -0.13032250102229684, 0.3382741124176782, 0.3382741124176782, 0.0, 0.0, 0.0, 0.0, 1.0, 0.0, 0.0, 0.0, 0.0, 0.0, 0.0, 0.0, 0.0, 0.0, 0.0, 0.0, 0.0, 0.0, 0.0, 0.0, 0.0], [-0.04303671419620514, 0.16666666666666666, 0.8666666666666667, 0.9999999999999999, 0.75, 0.9999999999999999, 1.0, 0.0, -0.043036713087854304, 0.2986296346364928, 0.2986296346364928, 0.0, 0.0, 0.0, 0.0, 0.0, 0.0, 0.0, 0.0, 0.0, 0.0, 0.0, 0.0, 0.0, 0.0, 0.0, 0.0, 0.0, 0.0, 0.0, 0.0, 0.0], [-0.08173401653766632, 0.3333333333333333, 0.9, 0.9999999999999999, 0.75, 0.9999999999999999, 1.0, 0.0, -0.08173401887751808, 0.36060650617951534, 0.36060650617951534, 0.0, 0.0, 0.0, 0.0, 0.0, 0.0, 0.0, 0.0, 0.0, 0.0, 0.0, 0.0, 0.0, 0.0, 0.0, 0.0, 0.0, 0.0, 0.0, 0.0, 0.0], [-0.02536708116531372, 0.5, 0.9333333333333333, 0.9999999999999999, 1.0, 0.9999999999999999, 1.0, 0.0, -0.025367080015912858, 0.3840929772243027, 0.3840929772243027, 0.0, 0.0, 0.0, 0.0, 0.0, 0.0, 0.0, 0.0, 0.0, 0.0, 0.0, 0.0, 0.0, 0.0, 0.0, 0.0, 0.0, 0.0, 0.0, 0.0, 0.0], [0.0691700354218483, 0.6666666666666666, 0.9666666666666667, 0.9999999999999999, 1.0, 0.9999999999999999, 1.0, 0.0, 0.06917003494977295, 0.430225382823261, 0.430225382823261, 0.0, 0.0, 0.0, 0.0, 0.0, 1.0, 0.0, 0.0, 0.0, 0.0, 0.0, 0.0, 0.0, 0.0, 0.0, 0.0, 0.0, 0.0, 0.0, 0.0, 0.0], [0.2068394422531128, 0.8333333333333333, 0.9999999999999999, 0.9999999999999999, 1.0, 0.9999999999999999, 1.0, 1.0, 0.20683944323831355, 0.3987253993010718, 0.3987253993010718, 0.0, 1.0, 0.0, 1.0, 0.0, 0.0, 0.0, 0.0, 0.0, 0.0, 0.0, 1.0, 0.0, 0.0, 0.0, 0.0, 0.0, 0.0, 0.0, 0.0, 0.0]]",0.2240392118692398,81.32623390853405,5.0,30.999999999999996,52.0,5.0,11.999999999999998,4.0,1.0,75.08271789550781,144.73731994628906,144.73731994628906,0.0,1.0,0.0,1.0,0.0,0.0,0.0,0.0,0.0,0.0,0.0,1.0,0.0,0.0,0.0,0.0,0.0,0.0,0.0,0.0,0.0,0.8333333333333333,0.9999999999999999,0.9999999999999999,1.0,0.9999999999999999,1.0,1.0,0.20683944323831355,0.3987253993010718,0.3987253993010718,0.0,1.0,0.0,1.0,0.0,0.0,0.0,0.0,0.0,0.0,0.0,1.0,0.0,0.0,0.0,0.0,0.0,0.0,0.0,0.0,0.0
99,"[[-0.13032250106334686, 0.0, 0.8333333333333334, 0.9999999999999999, 0.75, 0.9999999999999999, 1.0, 0.0, -0.13032250102229684, 0.3382741124176782, 0.3382741124176782, 0.0, 0.0, 0.0, 0.0, 1.0, 0.0, 0.0, 0.0, 0.0, 0.0, 0.0, 0.0, 0.0, 0.0, 0.0, 0.0, 0.0, 0.0, 0.0, 0.0, 0.0], [-0.04303671419620514, 0.16666666666666666, 0.8666666666666667, 0.9999999999999999, 0.75, 0.9999999999999999, 1.0, 0.0, -0.043036713087854304, 0.2986296346364928, 0.2986296346364928, 0.0, 0.0, 0.0, 0.0, 0.0, 0.0, 0.0, 0.0, 0.0, 0.0, 0.0, 0.0, 0.0, 0.0, 0.0, 0.0, 0.0, 0.0, 0.0, 0.0, 0.0], [-0.08173401653766632, 0.3333333333333333, 0.9, 0.9999999999999999, 0.75, 0.9999999999999999, 1.0, 0.0, -0.08173401887751808, 0.36060650617951534, 0.36060650617951534, 0.0, 0.0, 0.0, 0.0, 0.0, 0.0, 0.0, 0.0, 0.0, 0.0, 0.0, 0.0, 0.0, 0.0, 0.0, 0.0, 0.0, 0.0, 0.0, 0.0, 0.0], [-0.02536708116531372, 0.5, 0.9333333333333333, 0.9999999999999999, 1.0, 0.9999999999999999, 1.0, 0.0, -0.025367080015912858, 0.3840929772243027, 0.3840929772243027, 0.0, 0.0, 0.0, 0.0, 0.0, 0.0, 0.0, 0.0, 0.0, 0.0, 0.0, 0.0, 0.0, 0.0, 0.0, 0.0, 0.0, 0.0, 0.0, 0.0, 0.0], [0.0691700354218483, 0.6666666666666666, 0.9666666666666667, 0.9999999999999999, 1.0, 0.9999999999999999, 1.0, 0.0, 0.06917003494977295, 0.430225382823261, 0.430225382823261, 0.0, 0.0, 0.0, 0.0, 0.0, 1.0, 0.0, 0.0, 0.0, 0.0, 0.0, 0.0, 0.0, 0.0, 0.0, 0.0, 0.0, 0.0, 0.0, 0.0, 0.0], [0.2068394422531128, 0.8333333333333333, 0.9999999999999999, 0.9999999999999999, 1.0, 0.9999999999999999, 1.0, 1.0, 0.20683944323831355, 0.3987253993010718, 0.3987253993010718, 0.0, 1.0, 0.0, 1.0, 0.0, 0.0, 0.0, 0.0, 0.0, 0.0, 0.0, 1.0, 0.0, 0.0, 0.0, 0.0, 0.0, 0.0, 0.0, 0.0, 0.0], [0.2240392118692398, 1.0, 0.0, 0.9999999999999999, 0.0, 0.0, 0.0, 1.0, 0.22403920911888775, -0.13032250102229684, -0.13032250102229684, 1.0, 0.0, 1.0, 0.0, 0.0, 0.0, 0.0, 0.0, 0.0, 0.0, 0.0, 0.0, 0.0, 0.0, 0.0, 0.0, 0.0, 0.0, 0.0, 0.0, 0.0]]",0.15320952236652374,55.61505661904812,6.0,1.0,52.0,1.0,1.0,1.0,1.0,81.32623291015625,-47.30706787109375,-47.30706787109375,1.0,0.0,1.0,0.0,0.0,0.0,0.0,0.0,0.0,0.0,0.0,0.0,0.0,0.0,0.0,0.0,0.0,0.0,0.0,0.0,0.0,1.0,0.0,0.9999999999999999,0.0,0.0,0.0,1.0,0.22403920911888775,-0.13032250102229684,-0.13032250102229684,1.0,0.0,1.0,0.0,0.0,0.0,0.0,0.0,0.0,0.0,0.0,0.0,0.0,0.0,0.0,0.0,0.0,0.0,0.0,0.0,0.0
100,"[[-0.04303671419620514, 0.16666666666666666, 0.8666666666666667, 0.9999999999999999, 0.75, 0.9999999999999999, 1.0, 0.0, -0.043036713087854304, 0.2986296346364928, 0.2986296346364928, 0.0, 0.0, 0.0, 0.0, 0.0, 0.0, 0.0, 0.0, 0.0, 0.0, 0.0, 0.0, 0.0, 0.0, 0.0, 0.0, 0.0, 0.0, 0.0, 0.0, 0.0], [-0.08173401653766632, 0.3333333333333333, 0.9, 0.9999999999999999, 0.75, 0.9999999999999999, 1.0, 0.0, -0.08173401887751808, 0.36060650617951534, 0.36060650617951534, 0.0, 0.0, 0.0, 0.0, 0.0, 0.0, 0.0, 0.0, 0.0, 0.0, 0.0, 0.0, 0.0, 0.0, 0.0, 0.0, 0.0, 0.0, 0.0, 0.0, 0.0], [-0.02536708116531372, 0.5, 0.9333333333333333, 0.9999999999999999, 1.0, 0.9999999999999999, 1.0, 0.0, -0.025367080015912858, 0.3840929772243027, 0.3840929772243027, 0.0, 0.0, 0.0, 0.0, 0.0, 0.0, 0.0, 0.0, 0.0, 0.0, 0.0, 0.0, 0.0, 0.0, 0.0, 0.0, 0.0, 0.0, 0.0, 0.0, 0.0], [0.0691700354218483, 0.6666666666666666, 0.9666666666666667, 0.9999999999999999, 1.0, 0.9999999999999999, 1.0, 0.0, 0.06917003494977295, 0.430225382823261, 0.430225382823261, 0.0, 0.0, 0.0, 0.0, 0.0, 1.0, 0.0, 0.0, 0.0, 0.0, 0.0, 0.0, 0.0, 0.0, 0.0, 0.0, 0.0, 0.0, 0.0, 0.0, 0.0], [0.2068394422531128, 0.8333333333333333, 0.9999999999999999, 0.9999999999999999, 1.0, 0.9999999999999999, 1.0, 1.0, 0.20683944323831355, 0.3987253993010718, 0.3987253993010718, 0.0, 1.0, 0.0, 1.0, 0.0, 0.0, 0.0, 0.0, 0.0, 0.0, 0.0, 1.0, 0.0, 0.0, 0.0, 0.0, 0.0, 0.0, 0.0, 0.0, 0.0], [0.2240392118692398, 1.0, 0.0, 0.9999999999999999, 0.0, 0.0, 0.0, 1.0, 0.22403920911888775, -0.13032250102229684, -0.13032250102229684, 1.0, 0.0, 1.0, 0.0, 0.0, 0.0, 0.0, 0.0, 0.0, 0.0, 0.0, 0.0, 0.0, 0.0, 0.0, 0.0, 0.0, 0.0, 0.0, 0.0, 0.0], [0.15320952236652374, 0.0, 0.03333333333333333, 0.0, 0.0, 0.0, 0.0, 0.0, 0.15320951813837058, -0.043036713087854304, -0.043036713087854304, 0.0, 0.0, 0.0, 0.0, 1.0, 0.0, 0.0, 0.0, 0.0, 0.0, 0.0, 0.0, 0.0, 0.0, 0.0, 0.0, 0.0, 0.0, 0.0, 0.0, 0.0]]",0.12749923765659332,46.282223269343376,0.0,2.0,1.0,1.0,1.0,1.0,0.0,55.61505508422852,-15.622326850891112,-15.622326850891112,0.0,0.0,0.0,0.0,1.0,0.0,0.0,0.0,0.0,0.0,0.0,0.0,0.0,0.0,0.0,0.0,0.0,0.0,0.0,0.0,0.0,0.0,0.03333333333333333,0.0,0.0,0.0,0.0,0.0,0.15320951813837058,-0.043036713087854304,-0.043036713087854304,0.0,0.0,0.0,0.0,1.0,0.0,0.0,0.0,0.0,0.0,0.0,0.0,0.0,0.0,0.0,0.0,0.0,0.0,0.0,0.0,0.0
101,"[[-0.08173401653766632, 0.3333333333333333, 0.9, 0.9999999999999999, 0.75, 0.9999999999999999, 1.0, 0.0, -0.08173401887751808, 0.36060650617951534, 0.36060650617951534, 0.0, 0.0, 0.0, 0.0, 0.0, 0.0, 0.0, 0.0, 0.0, 0.0, 0.0, 0.0, 0.0, 0.0, 0.0, 0.0, 0.0, 0.0, 0.0, 0.0, 0.0], [-0.02536708116531372, 0.5, 0.9333333333333333, 0.9999999999999999, 1.0, 0.9999999999999999, 1.0, 0.0, -0.025367080015912858, 0.3840929772243027, 0.3840929772243027, 0.0, 0.0, 0.0, 0.0, 0.0, 0.0, 0.0, 0.0, 0.0, 0.0, 0.0, 0.0, 0.0, 0.0, 0.0, 0.0, 0.0, 0.0, 0.0, 0.0, 0.0], [0.0691700354218483, 0.6666666666666666, 0.9666666666666667, 0.9999999999999999, 1.0, 0.9999999999999999, 1.0, 0.0, 0.06917003494977295, 0.430225382823261, 0.430225382823261, 0.0, 0.0, 0.0, 0.0, 0.0, 1.0, 0.0, 0.0, 0.0, 0.0, 0.0, 0.0, 0.0, 0.0, 0.0, 0.0, 0.0, 0.0, 0.0, 0.0, 0.0], [0.2068394422531128, 0.8333333333333333, 0.9999999999999999, 0.9999999999999999, 1.0, 0.9999999999999999, 1.0, 1.0, 0.20683944323831355, 0.3987253993010718, 0.3987253993010718, 0.0, 1.0, 0.0, 1.0, 0.0, 0.0, 0.0, 0.0, 0.0, 0.0, 0.0, 1.0, 0.0, 0.0, 0.0, 0.0, 0.0, 0.0, 0.0, 0.0, 0.0], [0.2240392118692398, 1.0, 0.0, 0.9999999999999999, 0.0, 0.0, 0.0, 1.0, 0.22403920911888775, -0.13032250102229684, -0.13032250102229684, 1.0, 0.0, 1.0, 0.0, 0.0, 0.0, 0.0, 0.0, 0.0, 0.0, 0.0, 0.0, 0.0, 0.0, 0.0, 0.0, 0.0, 0.0, 0.0, 0.0, 0.0], [0.15320952236652374, 0.0, 0.03333333333333333, 0.0, 0.0, 0.0, 0.0, 0.0, 0.15320951813837058, -0.043036713087854304, -0.043036713087854304, 0.0, 0.0, 0.0, 0.0, 1.0, 0.0, 0.0, 0.0, 0.0, 0.0, 0.0, 0.0, 0.0, 0.0, 0.0, 0.0, 0.0, 0.0, 0.0, 0.0, 0.0], [0.12749923765659332, 0.16666666666666666, 0.06666666666666668, 0.0, 0.0, 0.0, 0.0, 0.0, 0.12749923621984224, -0.08173401887751808, -0.08173401887751808, 0.0, 0.0, 0.0, 0.0, 0.0, 0.0, 0.0, 0.0, 0.0, 0.0, 0.0, 0.0, 0.0, 0.0, 0.0, 0.0, 0.0, 0.0, 0.0, 0.0, 0.0]]",0.16809150576591492,61.017216593027115,1.0,3.0,1.0,1.0,1.0,1.0,0.0,46.282222747802734,-29.669448852539062,-29.669448852539062,0.0,0.0,0.0,0.0,0.0,0.0,0.0,0.0,0.0,0.0,0.0,0.0,0.0,0.0,0.0,0.0,0.0,0.0,0.0,0.0,0.0,0.16666666666666666,0.06666666666666668,0.0,0.0,0.0,0.0,0.0,0.12749923621984224,-0.08173401887751808,-0.08173401887751808,0.0,0.0,0.0,0.0,0.0,0.0,0.0,0.0,0.0,0.0,0.0,0.0,0.0,0.0,0.0,0.0,0.0,0.0,0.0,0.0,0.0
102,"[[-0.02536708116531372, 0.5, 0.9333333333333333, 0.9999999999999999, 1.0, 0.9999999999999999, 1.0, 0.0, -0.025367080015912858, 0.3840929772243027, 0.3840929772243027, 0.0, 0.0, 0.0, 0.0, 0.0, 0.0, 0.0, 0.0, 0.0, 0.0, 0.0, 0.0, 0.0, 0.0, 0.0, 0.0, 0.0, 0.0, 0.0, 0.0, 0.0], [0.0691700354218483, 0.6666666666666666, 0.9666666666666667, 0.9999999999999999, 1.0, 0.9999999999999999, 1.0, 0.0, 0.06917003494977295, 0.430225382823261, 0.430225382823261, 0.0, 0.0, 0.0, 0.0, 0.0, 1.0, 0.0, 0.0, 0.0, 0.0, 0.0, 0.0, 0.0, 0.0, 0.0, 0.0, 0.0, 0.0, 0.0, 0.0, 0.0], [0.2068394422531128, 0.8333333333333333, 0.9999999999999999, 0.9999999999999999, 1.0, 0.9999999999999999, 1.0, 1.0, 0.20683944323831355, 0.3987253993010718, 0.3987253993010718, 0.0, 1.0, 0.0, 1.0, 0.0, 0.0, 0.0, 0.0, 0.0, 0.0, 0.0, 1.0, 0.0, 0.0, 0.0, 0.0, 0.0, 0.0, 0.0, 0.0, 0.0], [0.2240392118692398, 1.0, 0.0, 0.9999999999999999, 0.0, 0.0, 0.0, 1.0, 0.22403920911888775, -0.13032250102229684, -0.13032250102229684, 1.0, 0.0, 1.0, 0.0, 0.0, 0.0, 0.0, 0.0, 0.0, 0.0, 0.0, 0.0, 0.0, 0.0, 0.0, 0.0, 0.0, 0.0, 0.0, 0.0, 0.0], [0.15320952236652374, 0.0, 0.03333333333333333, 0.0, 0.0, 0.0, 0.0, 0.0, 0.15320951813837058, -0.043036713087854304, -0.043036713087854304, 0.0, 0.0, 0.0, 0.0, 1.0, 0.0, 0.0, 0.0, 0.0, 0.0, 0.0, 0.0, 0.0, 0.0, 0.0, 0.0, 0.0, 0.0, 0.0, 0.0, 0.0], [0.12749923765659332, 0.16666666666666666, 0.06666666666666668, 0.0, 0.0, 0.0, 0.0, 0.0, 0.12749923621984224, -0.08173401887751808, -0.08173401887751808, 0.0, 0.0, 0.0, 0.0, 0.0, 0.0, 0.0, 0.0, 0.0, 0.0, 0.0, 0.0, 0.0, 0.0, 0.0, 0.0, 0.0, 0.0, 0.0, 0.0, 0.0], [0.16809150576591492, 0.3333333333333333, 0.1, 0.0, 0.0, 0.0, 0.0, 0.0, 0.16809150338501314, -0.025367080015912858, -0.025367080015912858, 0.0, 0.0, 0.0, 0.0, 0.0, 0.0, 0.0, 0.0, 0.0, 0.0, 0.0, 0.0, 0.0, 0.0, 0.0, 0.0, 0.0, 0.0, 0.0, 0.0, 0.0]]",0.2234094738960266,81.09763902425766,2.0,4.0,1.0,1.0,1.0,1.0,0.0,61.017215728759766,-9.208250045776367,-9.208250045776367,0.0,0.0,0.0,0.0,0.0,0.0,0.0,0.0,0.0,0.0,0.0,0.0,0.0,0.0,0.0,0.0,0.0,0.0,0.0,0.0,0.0,0.3333333333333333,0.1,0.0,0.0,0.0,0.0,0.0,0.16809150338501314,-0.025367080015912858,-0.025367080015912858,0.0,0.0,0.0,0.0,0.0,0.0,0.0,0.0,0.0,0.0,0.0,0.0,0.0,0.0,0.0,0.0,0.0,0.0,0.0,0.0,0.0
103,"[[0.0691700354218483, 0.6666666666666666, 0.9666666666666667, 0.9999999999999999, 1.0, 0.9999999999999999, 1.0, 0.0, 0.06917003494977295, 0.430225382823261, 0.430225382823261, 0.0, 0.0, 0.0, 0.0, 0.0, 1.0, 0.0, 0.0, 0.0, 0.0, 0.0, 0.0, 0.0, 0.0, 0.0, 0.0, 0.0, 0.0, 0.0, 0.0, 0.0], [0.2068394422531128, 0.8333333333333333, 0.9999999999999999, 0.9999999999999999, 1.0, 0.9999999999999999, 1.0, 1.0, 0.20683944323831355, 0.3987253993010718, 0.3987253993010718, 0.0, 1.0, 0.0, 1.0, 0.0, 0.0, 0.0, 0.0, 0.0, 0.0, 0.0, 1.0, 0.0, 0.0, 0.0, 0.0, 0.0, 0.0, 0.0, 0.0, 0.0], [0.2240392118692398, 1.0, 0.0, 0.9999999999999999, 0.0, 0.0, 0.0, 1.0, 0.22403920911888775, -0.13032250102229684, -0.13032250102229684, 1.0, 0.0, 1.0, 0.0, 0.0, 0.0, 0.0, 0.0, 0.0, 0.0, 0.0, 0.0, 0.0, 0.0, 0.0, 0.0, 0.0, 0.0, 0.0, 0.0, 0.0], [0.15320952236652374, 0.0, 0.03333333333333333, 0.0, 0.0, 0.0, 0.0, 0.0, 0.15320951813837058, -0.043036713087854304, -0.043036713087854304, 0.0, 0.0, 0.0, 0.0, 1.0, 0.0, 0.0, 0.0, 0.0, 0.0, 0.0, 0.0, 0.0, 0.0, 0.0, 0.0, 0.0, 0.0, 0.0, 0.0, 0.0], [0.12749923765659332, 0.16666666666666666, 0.06666666666666668, 0.0, 0.0, 0.0, 0.0, 0.0, 0.12749923621984224, -0.08173401887751808, -0.08173401887751808, 0.0, 0.0, 0.0, 0.0, 0.0, 0.0, 0.0, 0.0, 0.0, 0.0, 0.0, 0.0, 0.0, 0.0, 0.0, 0.0, 0.0, 0.0, 0.0, 0.0, 0.0], [0.16809150576591492, 0.3333333333333333, 0.1, 0.0, 0.0, 0.0, 0.0, 0.0, 0.16809150338501314, -0.025367080015912858, -0.025367080015912858, 0.0, 0.0, 0.0, 0.0, 0.0, 0.0, 0.0, 0.0, 0.0, 0.0, 0.0, 0.0, 0.0, 0.0, 0.0, 0.0, 0.0, 0.0, 0.0, 0.0, 0.0], [0.2234094738960266, 0.5, 0.13333333333333333, 0.0, 0.0, 0.0, 0.0, 0.0, 0.22340947931463068, 0.06917003494977295, 0.06917003494977295, 0.0, 0.0, 0.0, 0.0, 0.0, 0.0, 0.0, 0.0, 0.0, 0.0, 0.0, 0.0, 0.0, 0.0, 0.0, 0.0, 0.0, 0.0, 0.0, 0.0, 0.0]]",0.2504805624485016,90.92444416880608,3.0,5.0,1.0,1.0,1.0,1.0,0.0,81.09764099121094,25.108722686767578,25.108722686767578,0.0,0.0,0.0,0.0,0.0,0.0,0.0,0.0,0.0,0.0,0.0,0.0,0.0,0.0,0.0,0.0,0.0,0.0,0.0,0.0,0.0,0.5,0.13333333333333333,0.0,0.0,0.0,0.0,0.0,0.22340947931463068,0.06917003494977295,0.06917003494977295,0.0,0.0,0.0,0.0,0.0,0.0,0.0,0.0,0.0,0.0,0.0,0.0,0.0,0.0,0.0,0.0,0.0,0.0,0.0,0.0,0.0
104,"[[0.2068394422531128, 0.8333333333333333, 0.9999999999999999, 0.9999999999999999, 1.0, 0.9999999999999999, 1.0, 1.0, 0.20683944323831355, 0.3987253993010718, 0.3987253993010718, 0.0, 1.0, 0.0, 1.0, 0.0, 0.0, 0.0, 0.0, 0.0, 0.0, 0.0, 1.0, 0.0, 0.0, 0.0, 0.0, 0.0, 0.0, 0.0, 0.0, 0.0], [0.2240392118692398, 1.0, 0.0, 0.9999999999999999, 0.0, 0.0, 0.0, 1.0, 0.22403920911888775, -0.13032250102229684, -0.13032250102229684, 1.0, 0.0, 1.0, 0.0, 0.0, 0.0, 0.0, 0.0, 0.0, 0.0, 0.0, 0.0, 0.0, 0.0, 0.0, 0.0, 0.0, 0.0, 0.0, 0.0, 0.0], [0.15320952236652374, 0.0, 0.03333333333333333, 0.0, 0.0, 0.0, 0.0, 0.0, 0.15320951813837058, -0.043036713087854304, -0.043036713087854304, 0.0, 0.0, 0.0, 0.0, 1.0, 0.0, 0.0, 0.0, 0.0, 0.0, 0.0, 0.0, 0.0, 0.0, 0.0, 0.0, 0.0, 0.0, 0.0, 0.0, 0.0], [0.12749923765659332, 0.16666666666666666, 0.06666666666666668, 0.0, 0.0, 0.0, 0.0, 0.0, 0.12749923621984224, -0.08173401887751808, -0.08173401887751808, 0.0, 0.0, 0.0, 0.0, 0.0, 0.0, 0.0, 0.0, 0.0, 0.0, 0.0, 0.0, 0.0, 0.0, 0.0, 0.0, 0.0, 0.0, 0.0, 0.0, 0.0], [0.16809150576591492, 0.3333333333333333, 0.1, 0.0, 0.0, 0.0, 0.0, 0.0, 0.16809150338501314, -0.025367080015912858, -0.025367080015912858, 0.0, 0.0, 0.0, 0.0, 0.0, 0.0, 0.0, 0.0, 0.0, 0.0, 0.0, 0.0, 0.0, 0.0, 0.0, 0.0, 0.0, 0.0, 0.0, 0.0, 0.0], [0.2234094738960266, 0.5, 0.13333333333333333, 0.0, 0.0, 0.0, 0.0, 0.0, 0.22340947931463068, 0.06917003494977295, 0.06917003494977295, 0.0, 0.0, 0.0, 0.0, 0.0, 0.0, 0.0, 0.0, 0.0, 0.0, 0.0, 0.0, 0.0, 0.0, 0.0, 0.0, 0.0, 0.0, 0.0, 0.0, 0.0], [0.2504805624485016, 0.6666666666666666, 0.16666666666666669, 0.0, 0.0, 0.0, 0.0, 0.0, 0.2504805677850056, 0.20683944323831355, 0.20683944323831355, 0.0, 0.0, 0.0, 0.0, 0.0, 1.0, 0.0, 0.0, 0.0, 0.0, 0.0, 0.0, 0.0, 0.0, 0.0, 0.0, 0.0, 0.0, 0.0, 0.0, 0.0]]",0.29349270462989807,106.537851780653,4.0,6.0,1.0,1.0,1.0,1.0,0.0,90.92444610595703,75.08271789550781,75.08271789550781,0.0,0.0,0.0,0.0,0.0,1.0,0.0,0.0,0.0,0.0,0.0,0.0,0.0,0.0,0.0,0.0,0.0,0.0,0.0,0.0,0.0,0.6666666666666666,0.16666666666666669,0.0,0.0,0.0,0.0,0.0,0.2504805677850056,0.20683944323831355,0.20683944323831355,0.0,0.0,0.0,0.0,0.0,1.0,0.0,0.0,0.0,0.0,0.0,0.0,0.0,0.0,0.0,0.0,0.0,0.0,0.0,0.0,0.0
105,"[[0.2240392118692398, 1.0, 0.0, 0.9999999999999999, 0.0, 0.0, 0.0, 1.0, 0.22403920911888775, -0.13032250102229684, -0.13032250102229684, 1.0, 0.0, 1.0, 0.0, 0.0, 0.0, 0.0, 0.0, 0.0, 0.0, 0.0, 0.0, 0.0, 0.0, 0.0, 0.0, 0.0, 0.0, 0.0, 0.0, 0.0], [0.15320952236652374, 0.0, 0.03333333333333333, 0.0, 0.0, 0.0, 0.0, 0.0, 0.15320951813837058, -0.043036713087854304, -0.043036713087854304, 0.0, 0.0, 0.0, 0.0, 1.0, 0.0, 0.0, 0.0, 0.0, 0.0, 0.0, 0.0, 0.0, 0.0, 0.0, 0.0, 0.0, 0.0, 0.0, 0.0, 0.0], [0.12749923765659332, 0.16666666666666666, 0.06666666666666668, 0.0, 0.0, 0.0, 0.0, 0.0, 0.12749923621984224, -0.08173401887751808, -0.08173401887751808, 0.0, 0.0, 0.0, 0.0, 0.0, 0.0, 0.0, 0.0, 0.0, 0.0, 0.0, 0.0, 0.0, 0.0, 0.0, 0.0, 0.0, 0.0, 0.0, 0.0, 0.0], [0.16809150576591492, 0.3333333333333333, 0.1, 0.0, 0.0, 0.0, 0.0, 0.0, 0.16809150338501314, -0.025367080015912858, -0.025367080015912858, 0.0, 0.0, 0.0, 0.0, 0.0, 0.0, 0.0, 0.0, 0.0, 0.0, 0.0, 0.0, 0.0, 0.0, 0.0, 0.0, 0.0, 0.0, 0.0, 0.0, 0.0], [0.2234094738960266, 0.5, 0.13333333333333333, 0.0, 0.0, 0.0, 0.0, 0.0, 0.22340947931463068, 0.06917003494977295, 0.06917003494977295, 0.0, 0.0, 0.0, 0.0, 0.0, 0.0, 0.0, 0.0, 0.0, 0.0, 0.0, 0.0, 0.0, 0.0, 0.0, 0.0, 0.0, 0.0, 0.0, 0.0, 0.0], [0.2504805624485016, 0.6666666666666666, 0.16666666666666669, 0.0, 0.0, 0.0, 0.0, 0.0, 0.2504805677850056, 0.20683944323831355, 0.20683944323831355, 0.0, 0.0, 0.0, 0.0, 0.0, 1.0, 0.0, 0.0, 0.0, 0.0, 0.0, 0.0, 0.0, 0.0, 0.0, 0.0, 0.0, 0.0, 0.0, 0.0, 0.0], [0.29349270462989807, 0.8333333333333333, 0.2, 0.0, 0.0, 0.0, 0.0, 1.0, 0.2934926981439932, 0.22403920911888775, 0.22403920911888775, 0.0, 0.0, 0.0, 0.0, 0.0, 0.0, 0.0, 0.0, 0.0, 0.0, 0.0, 0.0, 0.0, 0.0, 0.0, 0.0, 0.0, 0.0, 0.0, 0.0, 0.0]]",0.31700485944747925,115.07276397943497,5.0,7.0,1.0,1.0,1.0,1.0,1.0,106.53784942626953,81.32623291015625,81.32623291015625,0.0,0.0,0.0,0.0,0.0,0.0,0.0,0.0,0.0,0.0,0.0,0.0,0.0,0.0,0.0,0.0,0.0,0.0,0.0,0.0,0.0,0.8333333333333333,0.2,0.0,0.0,0.0,0.0,1.0,0.2934926981439932,0.22403920911888775,0.22403920911888775,0.0,0.0,0.0,0.0,0.0,0.0,0.0,0.0,0.0,0.0,0.0,0.0,0.0,0.0,0.0,0.0,0.0,0.0,0.0,0.0,0.0
106,"[[0.15320952236652374, 0.0, 0.03333333333333333, 0.0, 0.0, 0.0, 0.0, 0.0, 0.15320951813837058, -0.043036713087854304, -0.043036713087854304, 0.0, 0.0, 0.0, 0.0, 1.0, 0.0, 0.0, 0.0, 0.0, 0.0, 0.0, 0.0, 0.0, 0.0, 0.0, 0.0, 0.0, 0.0, 0.0, 0.0, 0.0], [0.12749923765659332, 0.16666666666666666, 0.06666666666666668, 0.0, 0.0, 0.0, 0.0, 0.0, 0.12749923621984224, -0.08173401887751808, -0.08173401887751808, 0.0, 0.0, 0.0, 0.0, 0.0, 0.0, 0.0, 0.0, 0.0, 0.0, 0.0, 0.0, 0.0, 0.0, 0.0, 0.0, 0.0, 0.0, 0.0, 0.0, 0.0], [0.16809150576591492, 0.3333333333333333, 0.1, 0.0, 0.0, 0.0, 0.0, 0.0, 0.16809150338501314, -0.025367080015912858, -0.025367080015912858, 0.0, 0.0, 0.0, 0.0, 0.0, 0.0, 0.0, 0.0, 0.0, 0.0, 0.0, 0.0, 0.0, 0.0, 0.0, 0.0, 0.0, 0.0, 0.0, 0.0, 0.0], [0.2234094738960266, 0.5, 0.13333333333333333, 0.0, 0.0, 0.0, 0.0, 0.0, 0.22340947931463068, 0.06917003494977295, 0.06917003494977295, 0.0, 0.0, 0.0, 0.0, 0.0, 0.0, 0.0, 0.0, 0.0, 0.0, 0.0, 0.0, 0.0, 0.0, 0.0, 0.0, 0.0, 0.0, 0.0, 0.0, 0.0], [0.2504805624485016, 0.6666666666666666, 0.16666666666666669, 0.0, 0.0, 0.0, 0.0, 0.0, 0.2504805677850056, 0.20683944323831355, 0.20683944323831355, 0.0, 0.0, 0.0, 0.0, 0.0, 1.0, 0.0, 0.0, 0.0, 0.0, 0.0, 0.0, 0.0, 0.0, 0.0, 0.0, 0.0, 0.0, 0.0, 0.0, 0.0], [0.29349270462989807, 0.8333333333333333, 0.2, 0.0, 0.0, 0.0, 0.0, 1.0, 0.2934926981439932, 0.22403920911888775, 0.22403920911888775, 0.0, 0.0, 0.0, 0.0, 0.0, 0.0, 0.0, 0.0, 0.0, 0.0, 0.0, 0.0, 0.0, 0.0, 0.0, 0.0, 0.0, 0.0, 0.0, 0.0, 0.0], [0.31700485944747925, 1.0, 0.23333333333333334, 0.0, 0.25, 0.0, 0.0, 1.0, 0.3170048527152742, 0.15320951813837058, 0.15320951813837058, 0.0, 0.0, 0.0, 0.0, 0.0, 0.0, 0.0, 0.0, 0.0, 0.0, 0.0, 0.0, 0.0, 0.0, 0.0, 0.0, 0.0, 0.0, 0.0, 0.0, 0.0]]",0.28644460439682007,103.97939139604568,6.0,8.0,1.0,2.0,1.0,1.0,1.0,115.07276153564452,55.61505508422852,55.61505508422852,0.0,0.0,0.0,0.0,0.0,0.0,0.0,0.0,0.0,0.0,0.0,0.0,0.0,0.0,0.0,0.0,0.0,0.0,0.0,0.0,0.0,1.0,0.23333333333333334,0.0,0.25,0.0,0.0,1.0,0.3170048527152742,0.15320951813837058,0.15320951813837058,0.0,0.0,0.0,0.0,0.0,0.0,0.0,0.0,0.0,0.0,0.0,0.0,0.0,0.0,0.0,0.0,0.0,0.0,0.0,0.0,0.0
107,"[[0.12749923765659332, 0.16666666666666666, 0.06666666666666668, 0.0, 0.0, 0.0, 0.0, 0.0, 0.12749923621984224, -0.08173401887751808, -0.08173401887751808, 0.0, 0.0, 0.0, 0.0, 0.0, 0.0, 0.0, 0.0, 0.0, 0.0, 0.0, 0.0, 0.0, 0.0, 0.0, 0.0, 0.0, 0.0, 0.0, 0.0, 0.0], [0.16809150576591492, 0.3333333333333333, 0.1, 0.0, 0.0, 0.0, 0.0, 0.0, 0.16809150338501314, -0.025367080015912858, -0.025367080015912858, 0.0, 0.0, 0.0, 0.0, 0.0, 0.0, 0.0, 0.0, 0.0, 0.0, 0.0, 0.0, 0.0, 0.0, 0.0, 0.0, 0.0, 0.0, 0.0, 0.0, 0.0], [0.2234094738960266, 0.5, 0.13333333333333333, 0.0, 0.0, 0.0, 0.0, 0.0, 0.22340947931463068, 0.06917003494977295, 0.06917003494977295, 0.0, 0.0, 0.0, 0.0, 0.0, 0.0, 0.0, 0.0, 0.0, 0.0, 0.0, 0.0, 0.0, 0.0, 0.0, 0.0, 0.0, 0.0, 0.0, 0.0, 0.0], [0.2504805624485016, 0.6666666666666666, 0.16666666666666669, 0.0, 0.0, 0.0, 0.0, 0.0, 0.2504805677850056, 0.20683944323831355, 0.20683944323831355, 0.0, 0.0, 0.0, 0.0, 0.0, 1.0, 0.0, 0.0, 0.0, 0.0, 0.0, 0.0, 0.0, 0.0, 0.0, 0.0, 0.0, 0.0, 0.0, 0.0, 0.0], [0.29349270462989807, 0.8333333333333333, 0.2, 0.0, 0.0, 0.0, 0.0, 1.0, 0.2934926981439932, 0.22403920911888775, 0.22403920911888775, 0.0, 0.0, 0.0, 0.0, 0.0, 0.0, 0.0, 0.0, 0.0, 0.0, 0.0, 0.0, 0.0, 0.0, 0.0, 0.0, 0.0, 0.0, 0.0, 0.0, 0.0], [0.31700485944747925, 1.0, 0.23333333333333334, 0.0, 0.25, 0.0, 0.0, 1.0, 0.3170048527152742, 0.15320951813837058, 0.15320951813837058, 0.0, 0.0, 0.0, 0.0, 0.0, 0.0, 0.0, 0.0, 0.0, 0.0, 0.0, 0.0, 0.0, 0.0, 0.0, 0.0, 0.0, 0.0, 0.0, 0.0, 0.0], [0.28644460439682007, 0.0, 0.26666666666666666, 0.0196078431372549, 0.25, 0.0, 0.0, 0.0, 0.2864446088302234, 0.12749923621984224, 0.12749923621984224, 0.0, 0.0, 0.0, 0.0, 1.0, 0.0, 0.0, 0.0, 0.0, 0.0, 0.0, 0.0, 0.0, 0.0, 0.0, 0.0, 0.0, 0.0, 0.0, 0.0, 0.0]]",0.1931772232055664,70.1233320236206,0.0,9.0,2.0,2.0,1.0,1.0,0.0,103.97939300537108,46.282222747802734,46.282222747802734,0.0,0.0,0.0,0.0,1.0,0.0,0.0,0.0,0.0,0.0,0.0,0.0,0.0,0.0,0.0,0.0,0.0,0.0,0.0,0.0,0.0,0.0,0.26666666666666666,0.0196078431372549,0.25,0.0,0.0,0.0,0.2864446088302234,0.12749923621984224,0.12749923621984224,0.0,0.0,0.0,0.0,1.0,0.0,0.0,0.0,0.0,0.0,0.0,0.0,0.0,0.0,0.0,0.0,0.0,0.0,0.0,0.0,0.0
108,"[[0.16809150576591492, 0.3333333333333333, 0.1, 0.0, 0.0, 0.0, 0.0, 0.0, 0.16809150338501314, -0.025367080015912858, -0.025367080015912858, 0.0, 0.0, 0.0, 0.0, 0.0, 0.0, 0.0, 0.0, 0.0, 0.0, 0.0, 0.0, 0.0, 0.0, 0.0, 0.0, 0.0, 0.0, 0.0, 0.0, 0.0], [0.2234094738960266, 0.5, 0.13333333333333333, 0.0, 0.0, 0.0, 0.0, 0.0, 0.22340947931463068, 0.06917003494977295, 0.06917003494977295, 0.0, 0.0, 0.0, 0.0, 0.0, 0.0, 0.0, 0.0, 0.0, 0.0, 0.0, 0.0, 0.0, 0.0, 0.0, 0.0, 0.0, 0.0, 0.0, 0.0, 0.0], [0.2504805624485016, 0.6666666666666666, 0.16666666666666669, 0.0, 0.0, 0.0, 0.0, 0.0, 0.2504805677850056, 0.20683944323831355, 0.20683944323831355, 0.0, 0.0, 0.0, 0.0, 0.0, 1.0, 0.0, 0.0, 0.0, 0.0, 0.0, 0.0, 0.0, 0.0, 0.0, 0.0, 0.0, 0.0, 0.0, 0.0, 0.0], [0.29349270462989807, 0.8333333333333333, 0.2, 0.0, 0.0, 0.0, 0.0, 1.0, 0.2934926981439932, 0.22403920911888775, 0.22403920911888775, 0.0, 0.0, 0.0, 0.0, 0.0, 0.0, 0.0, 0.0, 0.0, 0.0, 0.0, 0.0, 0.0, 0.0, 0.0, 0.0, 0.0, 0.0, 0.0, 0.0, 0.0], [0.31700485944747925, 1.0, 0.23333333333333334, 0.0, 0.25, 0.0, 0.0, 1.0, 0.3170048527152742, 0.15320951813837058, 0.15320951813837058, 0.0, 0.0, 0.0, 0.0, 0.0, 0.0, 0.0, 0.0, 0.0, 0.0, 0.0, 0.0, 0.0, 0.0, 0.0, 0.0, 0.0, 0.0, 0.0, 0.0, 0.0], [0.28644460439682007, 0.0, 0.26666666666666666, 0.0196078431372549, 0.25, 0.0, 0.0, 0.0, 0.2864446088302234, 0.12749923621984224, 0.12749923621984224, 0.0, 0.0, 0.0, 0.0, 1.0, 0.0, 0.0, 0.0, 0.0, 0.0, 0.0, 0.0, 0.0, 0.0, 0.0, 0.0, 0.0, 0.0, 0.0, 0.0, 0.0], [0.1931772232055664, 0.16666666666666666, 0.3, 0.0196078431372549, 0.25, 0.0, 0.0, 0.0, 0.19317721532396048, 0.16809150338501314, 0.16809150338501314, 0.0, 0.0, 0.0, 0.0, 0.0, 0.0, 0.0, 0.0, 0.0, 0.0, 0.0, 0.0, 0.0, 0.0, 0.0, 0.0, 0.0, 0.0, 0.0, 0.0, 0.0]]",0.18819387257099152,68.31437574326992,1.0,10.0,2.0,2.0,1.0,1.0,0.0,70.12332916259766,61.017215728759766,61.017215728759766,0.0,0.0,0.0,0.0,0.0,0.0,0.0,0.0,0.0,0.0,0.0,0.0,0.0,0.0,0.0,0.0,0.0,0.0,0.0,0.0,0.0,0.16666666666666666,0.3,0.0196078431372549,0.25,0.0,0.0,0.0,0.19317721532396048,0.16809150338501314,0.16809150338501314,0.0,0.0,0.0,0.0,0.0,0.0,0.0,0.0,0.0,0.0,0.0,0.0,0.0,0.0,0.0,0.0,0.0,0.0,0.0,0.0,0.0
109,"[[0.2234094738960266, 0.5, 0.13333333333333333, 0.0, 0.0, 0.0, 0.0, 0.0, 0.22340947931463068, 0.06917003494977295, 0.06917003494977295, 0.0, 0.0, 0.0, 0.0, 0.0, 0.0, 0.0, 0.0, 0.0, 0.0, 0.0, 0.0, 0.0, 0.0, 0.0, 0.0, 0.0, 0.0, 0.0, 0.0, 0.0], [0.2504805624485016, 0.6666666666666666, 0.16666666666666669, 0.0, 0.0, 0.0, 0.0, 0.0, 0.2504805677850056, 0.20683944323831355, 0.20683944323831355, 0.0, 0.0, 0.0, 0.0, 0.0, 1.0, 0.0, 0.0, 0.0, 0.0, 0.0, 0.0, 0.0, 0.0, 0.0, 0.0, 0.0, 0.0, 0.0, 0.0, 0.0], [0.29349270462989807, 0.8333333333333333, 0.2, 0.0, 0.0, 0.0, 0.0, 1.0, 0.2934926981439932, 0.22403920911888775, 0.22403920911888775, 0.0, 0.0, 0.0, 0.0, 0.0, 0.0, 0.0, 0.0, 0.0, 0.0, 0.0, 0.0, 0.0, 0.0, 0.0, 0.0, 0.0, 0.0, 0.0, 0.0, 0.0], [0.31700485944747925, 1.0, 0.23333333333333334, 0.0, 0.25, 0.0, 0.0, 1.0, 0.3170048527152742, 0.15320951813837058, 0.15320951813837058, 0.0, 0.0, 0.0, 0.0, 0.0, 0.0, 0.0, 0.0, 0.0, 0.0, 0.0, 0.0, 0.0, 0.0, 0.0, 0.0, 0.0, 0.0, 0.0, 0.0, 0.0], [0.28644460439682007, 0.0, 0.26666666666666666, 0.0196078431372549, 0.25, 0.0, 0.0, 0.0, 0.2864446088302234, 0.12749923621984224, 0.12749923621984224, 0.0, 0.0, 0.0, 0.0, 1.0, 0.0, 0.0, 0.0, 0.0, 0.0, 0.0, 0.0, 0.0, 0.0, 0.0, 0.0, 0.0, 0.0, 0.0, 0.0, 0.0], [0.1931772232055664, 0.16666666666666666, 0.3, 0.0196078431372549, 0.25, 0.0, 0.0, 0.0, 0.19317721532396048, 0.16809150338501314, 0.16809150338501314, 0.0, 0.0, 0.0, 0.0, 0.0, 0.0, 0.0, 0.0, 0.0, 0.0, 0.0, 0.0, 0.0, 0.0, 0.0, 0.0, 0.0, 0.0, 0.0, 0.0, 0.0], [0.18819387257099152, 0.3333333333333333, 0.3333333333333333, 0.0196078431372549, 0.25, 0.0, 0.0, 0.0, 0.18819387556764378, 0.22340947931463068, 0.22340947931463068, 0.0, 0.0, 0.0, 0.0, 0.0, 0.0, 0.0, 0.0, 0.0, 0.0, 0.0, 0.0, 0.0, 0.0, 0.0, 0.0, 0.0, 0.0, 0.0, 0.0, 0.0]]",0.2000596821308136,72.62166461348534,2.0,11.0,2.0,2.0,1.0,1.0,0.0,68.31437683105469,81.09764099121094,81.09764099121094,0.0,0.0,0.0,0.0,0.0,0.0,0.0,0.0,0.0,0.0,0.0,0.0,0.0,0.0,0.0,0.0,0.0,0.0,0.0,0.0,0.0,0.3333333333333333,0.3333333333333333,0.0196078431372549,0.25,0.0,0.0,0.0,0.18819387556764378,0.22340947931463068,0.22340947931463068,0.0,0.0,0.0,0.0,0.0,0.0,0.0,0.0,0.0,0.0,0.0,0.0,0.0,0.0,0.0,0.0,0.0,0.0,0.0,0.0,0.0
110,"[[0.2504805624485016, 0.6666666666666666, 0.16666666666666669, 0.0, 0.0, 0.0, 0.0, 0.0, 0.2504805677850056, 0.20683944323831355, 0.20683944323831355, 0.0, 0.0, 0.0, 0.0, 0.0, 1.0, 0.0, 0.0, 0.0, 0.0, 0.0, 0.0, 0.0, 0.0, 0.0, 0.0, 0.0, 0.0, 0.0, 0.0, 0.0], [0.29349270462989807, 0.8333333333333333, 0.2, 0.0, 0.0, 0.0, 0.0, 1.0, 0.2934926981439932, 0.22403920911888775, 0.22403920911888775, 0.0, 0.0, 0.0, 0.0, 0.0, 0.0, 0.0, 0.0, 0.0, 0.0, 0.0, 0.0, 0.0, 0.0, 0.0, 0.0, 0.0, 0.0, 0.0, 0.0, 0.0], [0.31700485944747925, 1.0, 0.23333333333333334, 0.0, 0.25, 0.0, 0.0, 1.0, 0.3170048527152742, 0.15320951813837058, 0.15320951813837058, 0.0, 0.0, 0.0, 0.0, 0.0, 0.0, 0.0, 0.0, 0.0, 0.0, 0.0, 0.0, 0.0, 0.0, 0.0, 0.0, 0.0, 0.0, 0.0, 0.0, 0.0], [0.28644460439682007, 0.0, 0.26666666666666666, 0.0196078431372549, 0.25, 0.0, 0.0, 0.0, 0.2864446088302234, 0.12749923621984224, 0.12749923621984224, 0.0, 0.0, 0.0, 0.0, 1.0, 0.0, 0.0, 0.0, 0.0, 0.0, 0.0, 0.0, 0.0, 0.0, 0.0, 0.0, 0.0, 0.0, 0.0, 0.0, 0.0], [0.1931772232055664, 0.16666666666666666, 0.3, 0.0196078431372549, 0.25, 0.0, 0.0, 0.0, 0.19317721532396048, 0.16809150338501314, 0.16809150338501314, 0.0, 0.0, 0.0, 0.0, 0.0, 0.0, 0.0, 0.0, 0.0, 0.0, 0.0, 0.0, 0.0, 0.0, 0.0, 0.0, 0.0, 0.0, 0.0, 0.0, 0.0], [0.18819387257099152, 0.3333333333333333, 0.3333333333333333, 0.0196078431372549, 0.25, 0.0, 0.0, 0.0, 0.18819387556764378, 0.22340947931463068, 0.22340947931463068, 0.0, 0.0, 0.0, 0.0, 0.0, 0.0, 0.0, 0.0, 0.0, 0.0, 0.0, 0.0, 0.0, 0.0, 0.0, 0.0, 0.0, 0.0, 0.0, 0.0, 0.0], [0.2000596821308136, 0.5, 0.3666666666666667, 0.0196078431372549, 0.25, 0.0, 0.0, 0.0, 0.20005968582531639, 0.2504805677850056, 0.2504805677850056, 0.0, 0.0, 0.0, 0.0, 0.0, 0.0, 0.0, 0.0, 0.0, 0.0, 0.0, 0.0, 0.0, 0.0, 0.0, 0.0, 0.0, 0.0, 0.0, 0.0, 0.0]]",0.19889764487743378,72.19984509050846,3.0,12.0,2.0,2.0,1.0,1.0,0.0,72.62166595458984,90.92444610595703,90.92444610595703,0.0,0.0,0.0,0.0,0.0,0.0,0.0,0.0,0.0,0.0,0.0,0.0,0.0,0.0,0.0,0.0,0.0,0.0,0.0,0.0,0.0,0.5,0.3666666666666667,0.0196078431372549,0.25,0.0,0.0,0.0,0.20005968582531639,0.2504805677850056,0.2504805677850056,0.0,0.0,0.0,0.0,0.0,0.0,0.0,0.0,0.0,0.0,0.0,0.0,0.0,0.0,0.0,0.0,0.0,0.0,0.0,0.0,0.0
111,"[[0.29349270462989807, 0.8333333333333333, 0.2, 0.0, 0.0, 0.0, 0.0, 1.0, 0.2934926981439932, 0.22403920911888775, 0.22403920911888775, 0.0, 0.0, 0.0, 0.0, 0.0, 0.0, 0.0, 0.0, 0.0, 0.0, 0.0, 0.0, 0.0, 0.0, 0.0, 0.0, 0.0, 0.0, 0.0, 0.0, 0.0], [0.31700485944747925, 1.0, 0.23333333333333334, 0.0, 0.25, 0.0, 0.0, 1.0, 0.3170048527152742, 0.15320951813837058, 0.15320951813837058, 0.0, 0.0, 0.0, 0.0, 0.0, 0.0, 0.0, 0.0, 0.0, 0.0, 0.0, 0.0, 0.0, 0.0, 0.0, 0.0, 0.0, 0.0, 0.0, 0.0, 0.0], [0.28644460439682007, 0.0, 0.26666666666666666, 0.0196078431372549, 0.25, 0.0, 0.0, 0.0, 0.2864446088302234, 0.12749923621984224, 0.12749923621984224, 0.0, 0.0, 0.0, 0.0, 1.0, 0.0, 0.0, 0.0, 0.0, 0.0, 0.0, 0.0, 0.0, 0.0, 0.0, 0.0, 0.0, 0.0, 0.0, 0.0, 0.0], [0.1931772232055664, 0.16666666666666666, 0.3, 0.0196078431372549, 0.25, 0.0, 0.0, 0.0, 0.19317721532396048, 0.16809150338501314, 0.16809150338501314, 0.0, 0.0, 0.0, 0.0, 0.0, 0.0, 0.0, 0.0, 0.0, 0.0, 0.0, 0.0, 0.0, 0.0, 0.0, 0.0, 0.0, 0.0, 0.0, 0.0, 0.0], [0.18819387257099152, 0.3333333333333333, 0.3333333333333333, 0.0196078431372549, 0.25, 0.0, 0.0, 0.0, 0.18819387556764378, 0.22340947931463068, 0.22340947931463068, 0.0, 0.0, 0.0, 0.0, 0.0, 0.0, 0.0, 0.0, 0.0, 0.0, 0.0, 0.0, 0.0, 0.0, 0.0, 0.0, 0.0, 0.0, 0.0, 0.0, 0.0], [0.2000596821308136, 0.5, 0.3666666666666667, 0.0196078431372549, 0.25, 0.0, 0.0, 0.0, 0.20005968582531639, 0.2504805677850056, 0.2504805677850056, 0.0, 0.0, 0.0, 0.0, 0.0, 0.0, 0.0, 0.0, 0.0, 0.0, 0.0, 0.0, 0.0, 0.0, 0.0, 0.0, 0.0, 0.0, 0.0, 0.0, 0.0], [0.19889764487743378, 0.6666666666666666, 0.4, 0.0196078431372549, 0.25, 0.0, 0.0, 0.0, 0.19889764286598227, 0.2934926981439932, 0.2934926981439932, 0.0, 0.0, 0.0, 0.0, 0.0, 1.0, 0.0, 0.0, 0.0, 0.0, 0.0, 0.0, 0.0, 0.0, 0.0, 0.0, 0.0, 0.0, 0.0, 0.0, 0.0]]",0.259077787399292,94.045236825943,4.0,13.0,2.0,2.0,1.0,1.0,0.0,72.19984436035156,106.53784942626953,106.53784942626953,0.0,0.0,0.0,0.0,0.0,1.0,0.0,0.0,0.0,0.0,0.0,0.0,0.0,0.0,0.0,0.0,0.0,0.0,0.0,0.0,0.0,0.6666666666666666,0.4,0.0196078431372549,0.25,0.0,0.0,0.0,0.19889764286598227,0.2934926981439932,0.2934926981439932,0.0,0.0,0.0,0.0,0.0,1.0,0.0,0.0,0.0,0.0,0.0,0.0,0.0,0.0,0.0,0.0,0.0,0.0,0.0,0.0,0.0
112,"[[0.31700485944747925, 1.0, 0.23333333333333334, 0.0, 0.25, 0.0, 0.0, 1.0, 0.3170048527152742, 0.15320951813837058, 0.15320951813837058, 0.0, 0.0, 0.0, 0.0, 0.0, 0.0, 0.0, 0.0, 0.0, 0.0, 0.0, 0.0, 0.0, 0.0, 0.0, 0.0, 0.0, 0.0, 0.0, 0.0, 0.0], [0.28644460439682007, 0.0, 0.26666666666666666, 0.0196078431372549, 0.25, 0.0, 0.0, 0.0, 0.2864446088302234, 0.12749923621984224, 0.12749923621984224, 0.0, 0.0, 0.0, 0.0, 1.0, 0.0, 0.0, 0.0, 0.0, 0.0, 0.0, 0.0, 0.0, 0.0, 0.0, 0.0, 0.0, 0.0, 0.0, 0.0, 0.0], [0.1931772232055664, 0.16666666666666666, 0.3, 0.0196078431372549, 0.25, 0.0, 0.0, 0.0, 0.19317721532396048, 0.16809150338501314, 0.16809150338501314, 0.0, 0.0, 0.0, 0.0, 0.0, 0.0, 0.0, 0.0, 0.0, 0.0, 0.0, 0.0, 0.0, 0.0, 0.0, 0.0, 0.0, 0.0, 0.0, 0.0, 0.0], [0.18819387257099152, 0.3333333333333333, 0.3333333333333333, 0.0196078431372549, 0.25, 0.0, 0.0, 0.0, 0.18819387556764378, 0.22340947931463068, 0.22340947931463068, 0.0, 0.0, 0.0, 0.0, 0.0, 0.0, 0.0, 0.0, 0.0, 0.0, 0.0, 0.0, 0.0, 0.0, 0.0, 0.0, 0.0, 0.0, 0.0, 0.0, 0.0], [0.2000596821308136, 0.5, 0.3666666666666667, 0.0196078431372549, 0.25, 0.0, 0.0, 0.0, 0.20005968582531639, 0.2504805677850056, 0.2504805677850056, 0.0, 0.0, 0.0, 0.0, 0.0, 0.0, 0.0, 0.0, 0.0, 0.0, 0.0, 0.0, 0.0, 0.0, 0.0, 0.0, 0.0, 0.0, 0.0, 0.0, 0.0], [0.19889764487743378, 0.6666666666666666, 0.4, 0.0196078431372549, 0.25, 0.0, 0.0, 0.0, 0.19889764286598227, 0.2934926981439932, 0.2934926981439932, 0.0, 0.0, 0.0, 0.0, 0.0, 1.0, 0.0, 0.0, 0.0, 0.0, 0.0, 0.0, 0.0, 0.0, 0.0, 0.0, 0.0, 0.0, 0.0, 0.0, 0.0], [0.259077787399292, 0.8333333333333333, 0.43333333333333335, 0.0196078431372549, 0.25, 0.0, 0.0, 1.0, 0.2590777814880876, 0.3170048527152742, 0.3170048527152742, 0.0, 0.0, 0.0, 0.0, 0.0, 0.0, 0.0, 0.0, 0.0, 0.0, 0.0, 0.0, 0.0, 0.0, 0.0, 0.0, 0.0, 0.0, 0.0, 0.0, 0.0]]",0.3220795691013336,116.9148835837841,5.0,14.0,2.0,2.0,1.0,1.0,1.0,94.04523468017578,115.07276153564452,115.07276153564452,0.0,0.0,0.0,0.0,0.0,0.0,0.0,0.0,0.0,0.0,0.0,0.0,0.0,0.0,0.0,0.0,0.0,0.0,0.0,0.0,0.0,0.8333333333333333,0.43333333333333335,0.0196078431372549,0.25,0.0,0.0,1.0,0.2590777814880876,0.3170048527152742,0.3170048527152742,0.0,0.0,0.0,0.0,0.0,0.0,0.0,0.0,0.0,0.0,0.0,0.0,0.0,0.0,0.0,0.0,0.0,0.0,0.0,0.0,0.0
113,"[[0.28644460439682007, 0.0, 0.26666666666666666, 0.0196078431372549, 0.25, 0.0, 0.0, 0.0, 0.2864446088302234, 0.12749923621984224, 0.12749923621984224, 0.0, 0.0, 0.0, 0.0, 1.0, 0.0, 0.0, 0.0, 0.0, 0.0, 0.0, 0.0, 0.0, 0.0, 0.0, 0.0, 0.0, 0.0, 0.0, 0.0, 0.0], [0.1931772232055664, 0.16666666666666666, 0.3, 0.0196078431372549, 0.25, 0.0, 0.0, 0.0, 0.19317721532396048, 0.16809150338501314, 0.16809150338501314, 0.0, 0.0, 0.0, 0.0, 0.0, 0.0, 0.0, 0.0, 0.0, 0.0, 0.0, 0.0, 0.0, 0.0, 0.0, 0.0, 0.0, 0.0, 0.0, 0.0, 0.0], [0.18819387257099152, 0.3333333333333333, 0.3333333333333333, 0.0196078431372549, 0.25, 0.0, 0.0, 0.0, 0.18819387556764378, 0.22340947931463068, 0.22340947931463068, 0.0, 0.0, 0.0, 0.0, 0.0, 0.0, 0.0, 0.0, 0.0, 0.0, 0.0, 0.0, 0.0, 0.0, 0.0, 0.0, 0.0, 0.0, 0.0, 0.0, 0.0], [0.2000596821308136, 0.5, 0.3666666666666667, 0.0196078431372549, 0.25, 0.0, 0.0, 0.0, 0.20005968582531639, 0.2504805677850056, 0.2504805677850056, 0.0, 0.0, 0.0, 0.0, 0.0, 0.0, 0.0, 0.0, 0.0, 0.0, 0.0, 0.0, 0.0, 0.0, 0.0, 0.0, 0.0, 0.0, 0.0, 0.0, 0.0], [0.19889764487743378, 0.6666666666666666, 0.4, 0.0196078431372549, 0.25, 0.0, 0.0, 0.0, 0.19889764286598227, 0.2934926981439932, 0.2934926981439932, 0.0, 0.0, 0.0, 0.0, 0.0, 1.0, 0.0, 0.0, 0.0, 0.0, 0.0, 0.0, 0.0, 0.0, 0.0, 0.0, 0.0, 0.0, 0.0, 0.0, 0.0], [0.259077787399292, 0.8333333333333333, 0.43333333333333335, 0.0196078431372549, 0.25, 0.0, 0.0, 1.0, 0.2590777814880876, 0.3170048527152742, 0.3170048527152742, 0.0, 0.0, 0.0, 0.0, 0.0, 0.0, 0.0, 0.0, 0.0, 0.0, 0.0, 0.0, 0.0, 0.0, 0.0, 0.0, 0.0, 0.0, 0.0, 0.0, 0.0], [0.3220795691013336, 1.0, 0.4666666666666667, 0.0196078431372549, 0.5, 0.0, 0.0, 1.0, 0.3220795770650396, 0.2864446088302234, 0.2864446088302234, 0.0, 0.0, 0.0, 0.0, 0.0, 0.0, 0.0, 0.0, 0.0, 0.0, 0.0, 0.0, 0.0, 0.0, 0.0, 0.0, 0.0, 0.0, 0.0, 0.0, 0.0]]",0.2625238001346588,95.29613944888115,6.0,15.0,2.0,3.0,1.0,1.0,1.0,116.91488647460938,103.97939300537108,103.97939300537108,0.0,0.0,0.0,0.0,0.0,0.0,0.0,0.0,0.0,0.0,0.0,0.0,0.0,0.0,0.0,0.0,0.0,0.0,0.0,0.0,0.0,1.0,0.4666666666666667,0.0196078431372549,0.5,0.0,0.0,1.0,0.3220795770650396,0.2864446088302234,0.2864446088302234,0.0,0.0,0.0,0.0,0.0,0.0,0.0,0.0,0.0,0.0,0.0,0.0,0.0,0.0,0.0,0.0,0.0,0.0,0.0,0.0,0.0
114,"[[0.1931772232055664, 0.16666666666666666, 0.3, 0.0196078431372549, 0.25, 0.0, 0.0, 0.0, 0.19317721532396048, 0.16809150338501314, 0.16809150338501314, 0.0, 0.0, 0.0, 0.0, 0.0, 0.0, 0.0, 0.0, 0.0, 0.0, 0.0, 0.0, 0.0, 0.0, 0.0, 0.0, 0.0, 0.0, 0.0, 0.0, 0.0], [0.18819387257099152, 0.3333333333333333, 0.3333333333333333, 0.0196078431372549, 0.25, 0.0, 0.0, 0.0, 0.18819387556764378, 0.22340947931463068, 0.22340947931463068, 0.0, 0.0, 0.0, 0.0, 0.0, 0.0, 0.0, 0.0, 0.0, 0.0, 0.0, 0.0, 0.0, 0.0, 0.0, 0.0, 0.0, 0.0, 0.0, 0.0, 0.0], [0.2000596821308136, 0.5, 0.3666666666666667, 0.0196078431372549, 0.25, 0.0, 0.0, 0.0, 0.20005968582531639, 0.2504805677850056, 0.2504805677850056, 0.0, 0.0, 0.0, 0.0, 0.0, 0.0, 0.0, 0.0, 0.0, 0.0, 0.0, 0.0, 0.0, 0.0, 0.0, 0.0, 0.0, 0.0, 0.0, 0.0, 0.0], [0.19889764487743378, 0.6666666666666666, 0.4, 0.0196078431372549, 0.25, 0.0, 0.0, 0.0, 0.19889764286598227, 0.2934926981439932, 0.2934926981439932, 0.0, 0.0, 0.0, 0.0, 0.0, 1.0, 0.0, 0.0, 0.0, 0.0, 0.0, 0.0, 0.0, 0.0, 0.0, 0.0, 0.0, 0.0, 0.0, 0.0, 0.0], [0.259077787399292, 0.8333333333333333, 0.43333333333333335, 0.0196078431372549, 0.25, 0.0, 0.0, 1.0, 0.2590777814880876, 0.3170048527152742, 0.3170048527152742, 0.0, 0.0, 0.0, 0.0, 0.0, 0.0, 0.0, 0.0, 0.0, 0.0, 0.0, 0.0, 0.0, 0.0, 0.0, 0.0, 0.0, 0.0, 0.0, 0.0, 0.0], [0.3220795691013336, 1.0, 0.4666666666666667, 0.0196078431372549, 0.5, 0.0, 0.0, 1.0, 0.3220795770650396, 0.2864446088302234, 0.2864446088302234, 0.0, 0.0, 0.0, 0.0, 0.0, 0.0, 0.0, 0.0, 0.0, 0.0, 0.0, 0.0, 0.0, 0.0, 0.0, 0.0, 0.0, 0.0, 0.0, 0.0, 0.0], [0.2625238001346588, 0.0, 0.5, 0.0392156862745098, 0.5, 0.0, 0.0, 0.0, 0.2625238087551653, 0.19317721532396048, 0.19317721532396048, 0.0, 0.0, 0.0, 0.0, 1.0, 0.0, 0.0, 0.0, 0.0, 0.0, 0.0, 0.0, 0.0, 0.0, 0.0, 0.0, 0.0, 0.0, 0.0, 0.0, 0.0]]",0.17777016758918762,64.5305708348751,0.0,16.0,3.0,3.0,1.0,1.0,0.0,95.296142578125,70.12332916259766,70.12332916259766,0.0,0.0,0.0,0.0,1.0,0.0,0.0,0.0,0.0,0.0,0.0,0.0,0.0,0.0,0.0,0.0,0.0,0.0,0.0,0.0,0.0,0.0,0.5,0.0392156862745098,0.5,0.0,0.0,0.0,0.2625238087551653,0.19317721532396048,0.19317721532396048,0.0,0.0,0.0,0.0,1.0,0.0,0.0,0.0,0.0,0.0,0.0,0.0,0.0,0.0,0.0,0.0,0.0,0.0,0.0,0.0,0.0
115,"[[0.18819387257099152, 0.3333333333333333, 0.3333333333333333, 0.0196078431372549, 0.25, 0.0, 0.0, 0.0, 0.18819387556764378, 0.22340947931463068, 0.22340947931463068, 0.0, 0.0, 0.0, 0.0, 0.0, 0.0, 0.0, 0.0, 0.0, 0.0, 0.0, 0.0, 0.0, 0.0, 0.0, 0.0, 0.0, 0.0, 0.0, 0.0, 0.0], [0.2000596821308136, 0.5, 0.3666666666666667, 0.0196078431372549, 0.25, 0.0, 0.0, 0.0, 0.20005968582531639, 0.2504805677850056, 0.2504805677850056, 0.0, 0.0, 0.0, 0.0, 0.0, 0.0, 0.0, 0.0, 0.0, 0.0, 0.0, 0.0, 0.0, 0.0, 0.0, 0.0, 0.0, 0.0, 0.0, 0.0, 0.0], [0.19889764487743378, 0.6666666666666666, 0.4, 0.0196078431372549, 0.25, 0.0, 0.0, 0.0, 0.19889764286598227, 0.2934926981439932, 0.2934926981439932, 0.0, 0.0, 0.0, 0.0, 0.0, 1.0, 0.0, 0.0, 0.0, 0.0, 0.0, 0.0, 0.0, 0.0, 0.0, 0.0, 0.0, 0.0, 0.0, 0.0, 0.0], [0.259077787399292, 0.8333333333333333, 0.43333333333333335, 0.0196078431372549, 0.25, 0.0, 0.0, 1.0, 0.2590777814880876, 0.3170048527152742, 0.3170048527152742, 0.0, 0.0, 0.0, 0.0, 0.0, 0.0, 0.0, 0.0, 0.0, 0.0, 0.0, 0.0, 0.0, 0.0, 0.0, 0.0, 0.0, 0.0, 0.0, 0.0, 0.0], [0.3220795691013336, 1.0, 0.4666666666666667, 0.0196078431372549, 0.5, 0.0, 0.0, 1.0, 0.3220795770650396, 0.2864446088302234, 0.2864446088302234, 0.0, 0.0, 0.0, 0.0, 0.0, 0.0, 0.0, 0.0, 0.0, 0.0, 0.0, 0.0, 0.0, 0.0, 0.0, 0.0, 0.0, 0.0, 0.0, 0.0, 0.0], [0.2625238001346588, 0.0, 0.5, 0.0392156862745098, 0.5, 0.0, 0.0, 0.0, 0.2625238087551653, 0.19317721532396048, 0.19317721532396048, 0.0, 0.0, 0.0, 0.0, 1.0, 0.0, 0.0, 0.0, 0.0, 0.0, 0.0, 0.0, 0.0, 0.0, 0.0, 0.0, 0.0, 0.0, 0.0, 0.0, 0.0], [0.17777016758918762, 0.16666666666666666, 0.5333333333333333, 0.0392156862745098, 0.5, 0.0, 0.0, 0.0, 0.17777016799968792, 0.18819387556764378, 0.18819387556764378, 0.0, 0.0, 0.0, 0.0, 0.0, 0.0, 0.0, 0.0, 0.0, 0.0, 0.0, 0.0, 0.0, 0.0, 0.0, 0.0, 0.0, 0.0, 0.0, 0.0, 0.0]]",0.1845960021018982,67.00834876298904,1.0,17.0,3.0,3.0,1.0,1.0,0.0,64.53057098388672,68.31437683105469,68.31437683105469,0.0,0.0,0.0,0.0,0.0,0.0,0.0,0.0,0.0,0.0,0.0,0.0,0.0,0.0,0.0,0.0,0.0,0.0,0.0,0.0,0.0,0.16666666666666666,0.5333333333333333,0.0392156862745098,0.5,0.0,0.0,0.0,0.17777016799968792,0.18819387556764378,0.18819387556764378,0.0,0.0,0.0,0.0,0.0,0.0,0.0,0.0,0.0,0.0,0.0,0.0,0.0,0.0,0.0,0.0,0.0,0.0,0.0,0.0,0.0
116,"[[0.2000596821308136, 0.5, 0.3666666666666667, 0.0196078431372549, 0.25, 0.0, 0.0, 0.0, 0.20005968582531639, 0.2504805677850056, 0.2504805677850056, 0.0, 0.0, 0.0, 0.0, 0.0, 0.0, 0.0, 0.0, 0.0, 0.0, 0.0, 0.0, 0.0, 0.0, 0.0, 0.0, 0.0, 0.0, 0.0, 0.0, 0.0], [0.19889764487743378, 0.6666666666666666, 0.4, 0.0196078431372549, 0.25, 0.0, 0.0, 0.0, 0.19889764286598227, 0.2934926981439932, 0.2934926981439932, 0.0, 0.0, 0.0, 0.0, 0.0, 1.0, 0.0, 0.0, 0.0, 0.0, 0.0, 0.0, 0.0, 0.0, 0.0, 0.0, 0.0, 0.0, 0.0, 0.0, 0.0], [0.259077787399292, 0.8333333333333333, 0.43333333333333335, 0.0196078431372549, 0.25, 0.0, 0.0, 1.0, 0.2590777814880876, 0.3170048527152742, 0.3170048527152742, 0.0, 0.0, 0.0, 0.0, 0.0, 0.0, 0.0, 0.0, 0.0, 0.0, 0.0, 0.0, 0.0, 0.0, 0.0, 0.0, 0.0, 0.0, 0.0, 0.0, 0.0], [0.3220795691013336, 1.0, 0.4666666666666667, 0.0196078431372549, 0.5, 0.0, 0.0, 1.0, 0.3220795770650396, 0.2864446088302234, 0.2864446088302234, 0.0, 0.0, 0.0, 0.0, 0.0, 0.0, 0.0, 0.0, 0.0, 0.0, 0.0, 0.0, 0.0, 0.0, 0.0, 0.0, 0.0, 0.0, 0.0, 0.0, 0.0], [0.2625238001346588, 0.0, 0.5, 0.0392156862745098, 0.5, 0.0, 0.0, 0.0, 0.2625238087551653, 0.19317721532396048, 0.19317721532396048, 0.0, 0.0, 0.0, 0.0, 1.0, 0.0, 0.0, 0.0, 0.0, 0.0, 0.0, 0.0, 0.0, 0.0, 0.0, 0.0, 0.0, 0.0, 0.0, 0.0, 0.0], [0.17777016758918762, 0.16666666666666666, 0.5333333333333333, 0.0392156862745098, 0.5, 0.0, 0.0, 0.0, 0.17777016799968792, 0.18819387556764378, 0.18819387556764378, 0.0, 0.0, 0.0, 0.0, 0.0, 0.0, 0.0, 0.0, 0.0, 0.0, 0.0, 0.0, 0.0, 0.0, 0.0, 0.0, 0.0, 0.0, 0.0, 0.0, 0.0], [0.1845960021018982, 0.3333333333333333, 0.5666666666666667, 0.0392156862745098, 0.5, 0.0, 0.0, 0.0, 0.18459599602649363, 0.20005968582531639, 0.20005968582531639, 0.0, 0.0, 0.0, 0.0, 0.0, 0.0, 0.0, 0.0, 0.0, 0.0, 0.0, 0.0, 0.0, 0.0, 0.0, 0.0, 0.0, 0.0, 0.0, 0.0, 0.0]]",0.21340599656105042,77.4663767516613,2.0,18.0,3.0,3.0,1.0,1.0,0.0,67.00834655761719,72.62166595458984,72.62166595458984,0.0,0.0,0.0,0.0,0.0,0.0,0.0,0.0,0.0,0.0,0.0,0.0,0.0,0.0,0.0,0.0,0.0,0.0,0.0,0.0,0.0,0.3333333333333333,0.5666666666666667,0.0392156862745098,0.5,0.0,0.0,0.0,0.18459599602649363,0.20005968582531639,0.20005968582531639,0.0,0.0,0.0,0.0,0.0,0.0,0.0,0.0,0.0,0.0,0.0,0.0,0.0,0.0,0.0,0.0,0.0,0.0,0.0,0.0,0.0
117,"[[0.19889764487743378, 0.6666666666666666, 0.4, 0.0196078431372549, 0.25, 0.0, 0.0, 0.0, 0.19889764286598227, 0.2934926981439932, 0.2934926981439932, 0.0, 0.0, 0.0, 0.0, 0.0, 1.0, 0.0, 0.0, 0.0, 0.0, 0.0, 0.0, 0.0, 0.0, 0.0, 0.0, 0.0, 0.0, 0.0, 0.0, 0.0], [0.259077787399292, 0.8333333333333333, 0.43333333333333335, 0.0196078431372549, 0.25, 0.0, 0.0, 1.0, 0.2590777814880876, 0.3170048527152742, 0.3170048527152742, 0.0, 0.0, 0.0, 0.0, 0.0, 0.0, 0.0, 0.0, 0.0, 0.0, 0.0, 0.0, 0.0, 0.0, 0.0, 0.0, 0.0, 0.0, 0.0, 0.0, 0.0], [0.3220795691013336, 1.0, 0.4666666666666667, 0.0196078431372549, 0.5, 0.0, 0.0, 1.0, 0.3220795770650396, 0.2864446088302234, 0.2864446088302234, 0.0, 0.0, 0.0, 0.0, 0.0, 0.0, 0.0, 0.0, 0.0, 0.0, 0.0, 0.0, 0.0, 0.0, 0.0, 0.0, 0.0, 0.0, 0.0, 0.0, 0.0], [0.2625238001346588, 0.0, 0.5, 0.0392156862745098, 0.5, 0.0, 0.0, 0.0, 0.2625238087551653, 0.19317721532396048, 0.19317721532396048, 0.0, 0.0, 0.0, 0.0, 1.0, 0.0, 0.0, 0.0, 0.0, 0.0, 0.0, 0.0, 0.0, 0.0, 0.0, 0.0, 0.0, 0.0, 0.0, 0.0, 0.0], [0.17777016758918762, 0.16666666666666666, 0.5333333333333333, 0.0392156862745098, 0.5, 0.0, 0.0, 0.0, 0.17777016799968792, 0.18819387556764378, 0.18819387556764378, 0.0, 0.0, 0.0, 0.0, 0.0, 0.0, 0.0, 0.0, 0.0, 0.0, 0.0, 0.0, 0.0, 0.0, 0.0, 0.0, 0.0, 0.0, 0.0, 0.0, 0.0], [0.1845960021018982, 0.3333333333333333, 0.5666666666666667, 0.0392156862745098, 0.5, 0.0, 0.0, 0.0, 0.18459599602649363, 0.20005968582531639, 0.20005968582531639, 0.0, 0.0, 0.0, 0.0, 0.0, 0.0, 0.0, 0.0, 0.0, 0.0, 0.0, 0.0, 0.0, 0.0, 0.0, 0.0, 0.0, 0.0, 0.0, 0.0, 0.0], [0.21340599656105042, 0.5, 0.6, 0.0392156862745098, 0.5, 0.0, 0.0, 0.0, 0.21340599795675147, 0.19889764286598227, 0.19889764286598227, 0.0, 0.0, 0.0, 0.0, 0.0, 0.0, 0.0, 0.0, 0.0, 0.0, 0.0, 0.0, 0.0, 0.0, 0.0, 0.0, 0.0, 0.0, 0.0, 0.0, 0.0]]",0.21672207117080688,78.6701118350029,3.0,19.0,3.0,3.0,1.0,1.0,0.0,77.46637725830078,72.19984436035156,72.19984436035156,0.0,0.0,0.0,0.0,0.0,0.0,0.0,0.0,0.0,0.0,0.0,0.0,0.0,0.0,0.0,0.0,0.0,0.0,0.0,0.0,0.0,0.5,0.6,0.0392156862745098,0.5,0.0,0.0,0.0,0.21340599795675147,0.19889764286598227,0.19889764286598227,0.0,0.0,0.0,0.0,0.0,0.0,0.0,0.0,0.0,0.0,0.0,0.0,0.0,0.0,0.0,0.0,0.0,0.0,0.0,0.0,0.0
118,"[[0.259077787399292, 0.8333333333333333, 0.43333333333333335, 0.0196078431372549, 0.25, 0.0, 0.0, 1.0, 0.2590777814880876, 0.3170048527152742, 0.3170048527152742, 0.0, 0.0, 0.0, 0.0, 0.0, 0.0, 0.0, 0.0, 0.0, 0.0, 0.0, 0.0, 0.0, 0.0, 0.0, 0.0, 0.0, 0.0, 0.0, 0.0, 0.0], [0.3220795691013336, 1.0, 0.4666666666666667, 0.0196078431372549, 0.5, 0.0, 0.0, 1.0, 0.3220795770650396, 0.2864446088302234, 0.2864446088302234, 0.0, 0.0, 0.0, 0.0, 0.0, 0.0, 0.0, 0.0, 0.0, 0.0, 0.0, 0.0, 0.0, 0.0, 0.0, 0.0, 0.0, 0.0, 0.0, 0.0, 0.0], [0.2625238001346588, 0.0, 0.5, 0.0392156862745098, 0.5, 0.0, 0.0, 0.0, 0.2625238087551653, 0.19317721532396048, 0.19317721532396048, 0.0, 0.0, 0.0, 0.0, 1.0, 0.0, 0.0, 0.0, 0.0, 0.0, 0.0, 0.0, 0.0, 0.0, 0.0, 0.0, 0.0, 0.0, 0.0, 0.0, 0.0], [0.17777016758918762, 0.16666666666666666, 0.5333333333333333, 0.0392156862745098, 0.5, 0.0, 0.0, 0.0, 0.17777016799968792, 0.18819387556764378, 0.18819387556764378, 0.0, 0.0, 0.0, 0.0, 0.0, 0.0, 0.0, 0.0, 0.0, 0.0, 0.0, 0.0, 0.0, 0.0, 0.0, 0.0, 0.0, 0.0, 0.0, 0.0, 0.0], [0.1845960021018982, 0.3333333333333333, 0.5666666666666667, 0.0392156862745098, 0.5, 0.0, 0.0, 0.0, 0.18459599602649363, 0.20005968582531639, 0.20005968582531639, 0.0, 0.0, 0.0, 0.0, 0.0, 0.0, 0.0, 0.0, 0.0, 0.0, 0.0, 0.0, 0.0, 0.0, 0.0, 0.0, 0.0, 0.0, 0.0, 0.0, 0.0], [0.21340599656105042, 0.5, 0.6, 0.0392156862745098, 0.5, 0.0, 0.0, 0.0, 0.21340599795675147, 0.19889764286598227, 0.19889764286598227, 0.0, 0.0, 0.0, 0.0, 0.0, 0.0, 0.0, 0.0, 0.0, 0.0, 0.0, 0.0, 0.0, 0.0, 0.0, 0.0, 0.0, 0.0, 0.0, 0.0, 0.0], [0.21672207117080688, 0.6666666666666666, 0.6333333333333333, 0.0392156862745098, 0.5, 0.0, 0.0, 0.0, 0.2167220733054085, 0.2590777814880876, 0.2590777814880876, 0.0, 0.0, 0.0, 0.0, 0.0, 1.0, 0.0, 0.0, 0.0, 0.0, 0.0, 0.0, 0.0, 0.0, 0.0, 0.0, 0.0, 0.0, 0.0, 0.0, 0.0]]",0.2931762933731079,106.42299449443817,4.0,20.0,3.0,3.0,1.0,1.0,0.0,78.67011260986328,94.04523468017578,94.04523468017578,0.0,0.0,0.0,0.0,0.0,1.0,0.0,0.0,0.0,0.0,0.0,0.0,0.0,0.0,0.0,0.0,0.0,0.0,0.0,0.0,0.0,0.6666666666666666,0.6333333333333333,0.0392156862745098,0.5,0.0,0.0,0.0,0.2167220733054085,0.2590777814880876,0.2590777814880876,0.0,0.0,0.0,0.0,0.0,1.0,0.0,0.0,0.0,0.0,0.0,0.0,0.0,0.0,0.0,0.0,0.0,0.0,0.0,0.0,0.0
119,"[[0.3220795691013336, 1.0, 0.4666666666666667, 0.0196078431372549, 0.5, 0.0, 0.0, 1.0, 0.3220795770650396, 0.2864446088302234, 0.2864446088302234, 0.0, 0.0, 0.0, 0.0, 0.0, 0.0, 0.0, 0.0, 0.0, 0.0, 0.0, 0.0, 0.0, 0.0, 0.0, 0.0, 0.0, 0.0, 0.0, 0.0, 0.0], [0.2625238001346588, 0.0, 0.5, 0.0392156862745098, 0.5, 0.0, 0.0, 0.0, 0.2625238087551653, 0.19317721532396048, 0.19317721532396048, 0.0, 0.0, 0.0, 0.0, 1.0, 0.0, 0.0, 0.0, 0.0, 0.0, 0.0, 0.0, 0.0, 0.0, 0.0, 0.0, 0.0, 0.0, 0.0, 0.0, 0.0], [0.17777016758918762, 0.16666666666666666, 0.5333333333333333, 0.0392156862745098, 0.5, 0.0, 0.0, 0.0, 0.17777016799968792, 0.18819387556764378, 0.18819387556764378, 0.0, 0.0, 0.0, 0.0, 0.0, 0.0, 0.0, 0.0, 0.0, 0.0, 0.0, 0.0, 0.0, 0.0, 0.0, 0.0, 0.0, 0.0, 0.0, 0.0, 0.0], [0.1845960021018982, 0.3333333333333333, 0.5666666666666667, 0.0392156862745098, 0.5, 0.0, 0.0, 0.0, 0.18459599602649363, 0.20005968582531639, 0.20005968582531639, 0.0, 0.0, 0.0, 0.0, 0.0, 0.0, 0.0, 0.0, 0.0, 0.0, 0.0, 0.0, 0.0, 0.0, 0.0, 0.0, 0.0, 0.0, 0.0, 0.0, 0.0], [0.21340599656105042, 0.5, 0.6, 0.0392156862745098, 0.5, 0.0, 0.0, 0.0, 0.21340599795675147, 0.19889764286598227, 0.19889764286598227, 0.0, 0.0, 0.0, 0.0, 0.0, 0.0, 0.0, 0.0, 0.0, 0.0, 0.0, 0.0, 0.0, 0.0, 0.0, 0.0, 0.0, 0.0, 0.0, 0.0, 0.0], [0.21672207117080688, 0.6666666666666666, 0.6333333333333333, 0.0392156862745098, 0.5, 0.0, 0.0, 0.0, 0.2167220733054085, 0.2590777814880876, 0.2590777814880876, 0.0, 0.0, 0.0, 0.0, 0.0, 1.0, 0.0, 0.0, 0.0, 0.0, 0.0, 0.0, 0.0, 0.0, 0.0, 0.0, 0.0, 0.0, 0.0, 0.0, 0.0], [0.2931762933731079, 0.8333333333333333, 0.6666666666666666, 0.0392156862745098, 0.5, 0.0, 0.0, 1.0, 0.29317629895591213, 0.3220795770650396, 0.3220795770650396, 0.0, 0.0, 0.0, 0.0, 0.0, 0.0, 0.0, 0.0, 0.0, 0.0, 0.0, 0.0, 0.0, 0.0, 0.0, 0.0, 0.0, 0.0, 0.0, 0.0, 0.0]]",0.3187427520751953,115.7036190032959,5.0,21.0,3.0,3.0,1.0,1.0,1.0,106.4229965209961,116.91488647460938,116.91488647460938,0.0,0.0,0.0,0.0,0.0,0.0,0.0,0.0,0.0,0.0,0.0,0.0,0.0,0.0,0.0,0.0,0.0,0.0,0.0,0.0,0.0,0.8333333333333333,0.6666666666666666,0.0392156862745098,0.5,0.0,0.0,1.0,0.29317629895591213,0.3220795770650396,0.3220795770650396,0.0,0.0,0.0,0.0,0.0,0.0,0.0,0.0,0.0,0.0,0.0,0.0,0.0,0.0,0.0,0.0,0.0,0.0,0.0,0.0,0.0
120,"[[0.2625238001346588, 0.0, 0.5, 0.0392156862745098, 0.5, 0.0, 0.0, 0.0, 0.2625238087551653, 0.19317721532396048, 0.19317721532396048, 0.0, 0.0, 0.0, 0.0, 1.0, 0.0, 0.0, 0.0, 0.0, 0.0, 0.0, 0.0, 0.0, 0.0, 0.0, 0.0, 0.0, 0.0, 0.0, 0.0, 0.0], [0.17777016758918762, 0.16666666666666666, 0.5333333333333333, 0.0392156862745098, 0.5, 0.0, 0.0, 0.0, 0.17777016799968792, 0.18819387556764378, 0.18819387556764378, 0.0, 0.0, 0.0, 0.0, 0.0, 0.0, 0.0, 0.0, 0.0, 0.0, 0.0, 0.0, 0.0, 0.0, 0.0, 0.0, 0.0, 0.0, 0.0, 0.0, 0.0], [0.1845960021018982, 0.3333333333333333, 0.5666666666666667, 0.0392156862745098, 0.5, 0.0, 0.0, 0.0, 0.18459599602649363, 0.20005968582531639, 0.20005968582531639, 0.0, 0.0, 0.0, 0.0, 0.0, 0.0, 0.0, 0.0, 0.0, 0.0, 0.0, 0.0, 0.0, 0.0, 0.0, 0.0, 0.0, 0.0, 0.0, 0.0, 0.0], [0.21340599656105042, 0.5, 0.6, 0.0392156862745098, 0.5, 0.0, 0.0, 0.0, 0.21340599795675147, 0.19889764286598227, 0.19889764286598227, 0.0, 0.0, 0.0, 0.0, 0.0, 0.0, 0.0, 0.0, 0.0, 0.0, 0.0, 0.0, 0.0, 0.0, 0.0, 0.0, 0.0, 0.0, 0.0, 0.0, 0.0], [0.21672207117080688, 0.6666666666666666, 0.6333333333333333, 0.0392156862745098, 0.5, 0.0, 0.0, 0.0, 0.2167220733054085, 0.2590777814880876, 0.2590777814880876, 0.0, 0.0, 0.0, 0.0, 0.0, 1.0, 0.0, 0.0, 0.0, 0.0, 0.0, 0.0, 0.0, 0.0, 0.0, 0.0, 0.0, 0.0, 0.0, 0.0, 0.0], [0.2931762933731079, 0.8333333333333333, 0.6666666666666666, 0.0392156862745098, 0.5, 0.0, 0.0, 1.0, 0.29317629895591213, 0.3220795770650396, 0.3220795770650396, 0.0, 0.0, 0.0, 0.0, 0.0, 0.0, 0.0, 0.0, 0.0, 0.0, 0.0, 0.0, 0.0, 0.0, 0.0, 0.0, 0.0, 0.0, 0.0, 0.0, 0.0], [0.3187427520751953, 1.0, 0.7, 0.0392156862745098, 0.75, 0.0, 0.0, 1.0, 0.3187427573295993, 0.2625238087551653, 0.2625238087551653, 0.0, 0.0, 0.0, 0.0, 0.0, 0.0, 0.0, 0.0, 0.0, 0.0, 0.0, 0.0, 0.0, 0.0, 0.0, 0.0, 0.0, 0.0, 0.0, 0.0, 0.0]]",0.2587883472442627,93.94017004966736,6.0,22.0,3.0,4.0,1.0,1.0,1.0,115.70362091064453,95.296142578125,95.296142578125,0.0,0.0,0.0,0.0,0.0,0.0,0.0,0.0,0.0,0.0,0.0,0.0,0.0,0.0,0.0,0.0,0.0,0.0,0.0,0.0,0.0,1.0,0.7,0.0392156862745098,0.75,0.0,0.0,1.0,0.3187427573295993,0.2625238087551653,0.2625238087551653,0.0,0.0,0.0,0.0,0.0,0.0,0.0,0.0,0.0,0.0,0.0,0.0,0.0,0.0,0.0,0.0,0.0,0.0,0.0,0.0,0.0
121,"[[0.17777016758918762, 0.16666666666666666, 0.5333333333333333, 0.0392156862745098, 0.5, 0.0, 0.0, 0.0, 0.17777016799968792, 0.18819387556764378, 0.18819387556764378, 0.0, 0.0, 0.0, 0.0, 0.0, 0.0, 0.0, 0.0, 0.0, 0.0, 0.0, 0.0, 0.0, 0.0, 0.0, 0.0, 0.0, 0.0, 0.0, 0.0, 0.0], [0.1845960021018982, 0.3333333333333333, 0.5666666666666667, 0.0392156862745098, 0.5, 0.0, 0.0, 0.0, 0.18459599602649363, 0.20005968582531639, 0.20005968582531639, 0.0, 0.0, 0.0, 0.0, 0.0, 0.0, 0.0, 0.0, 0.0, 0.0, 0.0, 0.0, 0.0, 0.0, 0.0, 0.0, 0.0, 0.0, 0.0, 0.0, 0.0], [0.21340599656105042, 0.5, 0.6, 0.0392156862745098, 0.5, 0.0, 0.0, 0.0, 0.21340599795675147, 0.19889764286598227, 0.19889764286598227, 0.0, 0.0, 0.0, 0.0, 0.0, 0.0, 0.0, 0.0, 0.0, 0.0, 0.0, 0.0, 0.0, 0.0, 0.0, 0.0, 0.0, 0.0, 0.0, 0.0, 0.0], [0.21672207117080688, 0.6666666666666666, 0.6333333333333333, 0.0392156862745098, 0.5, 0.0, 0.0, 0.0, 0.2167220733054085, 0.2590777814880876, 0.2590777814880876, 0.0, 0.0, 0.0, 0.0, 0.0, 1.0, 0.0, 0.0, 0.0, 0.0, 0.0, 0.0, 0.0, 0.0, 0.0, 0.0, 0.0, 0.0, 0.0, 0.0, 0.0], [0.2931762933731079, 0.8333333333333333, 0.6666666666666666, 0.0392156862745098, 0.5, 0.0, 0.0, 1.0, 0.29317629895591213, 0.3220795770650396, 0.3220795770650396, 0.0, 0.0, 0.0, 0.0, 0.0, 0.0, 0.0, 0.0, 0.0, 0.0, 0.0, 0.0, 0.0, 0.0, 0.0, 0.0, 0.0, 0.0, 0.0, 0.0, 0.0], [0.3187427520751953, 1.0, 0.7, 0.0392156862745098, 0.75, 0.0, 0.0, 1.0, 0.3187427573295993, 0.2625238087551653, 0.2625238087551653, 0.0, 0.0, 0.0, 0.0, 0.0, 0.0, 0.0, 0.0, 0.0, 0.0, 0.0, 0.0, 0.0, 0.0, 0.0, 0.0, 0.0, 0.0, 0.0, 0.0, 0.0], [0.2587883472442627, 0.0, 0.7333333333333333, 0.058823529411764705, 0.75, 0.0, 0.0, 0.0, 0.2587883479010632, 0.17777016799968792, 0.17777016799968792, 0.0, 0.0, 0.0, 0.0, 1.0, 0.0, 0.0, 0.0, 0.0, 0.0, 0.0, 0.0, 0.0, 0.0, 0.0, 0.0, 0.0, 0.0, 0.0, 0.0, 0.0]]",0.16839005053043365,61.12558834254742,0.0,23.0,4.0,4.0,1.0,1.0,0.0,93.94017028808594,64.53057098388672,64.53057098388672,0.0,0.0,0.0,0.0,1.0,0.0,0.0,0.0,0.0,0.0,0.0,0.0,0.0,0.0,0.0,0.0,0.0,0.0,0.0,0.0,0.0,0.0,0.7333333333333333,0.058823529411764705,0.75,0.0,0.0,0.0,0.2587883479010632,0.17777016799968792,0.17777016799968792,0.0,0.0,0.0,0.0,1.0,0.0,0.0,0.0,0.0,0.0,0.0,0.0,0.0,0.0,0.0,0.0,0.0,0.0,0.0,0.0,0.0
122,"[[0.1845960021018982, 0.3333333333333333, 0.5666666666666667, 0.0392156862745098, 0.5, 0.0, 0.0, 0.0, 0.18459599602649363, 0.20005968582531639, 0.20005968582531639, 0.0, 0.0, 0.0, 0.0, 0.0, 0.0, 0.0, 0.0, 0.0, 0.0, 0.0, 0.0, 0.0, 0.0, 0.0, 0.0, 0.0, 0.0, 0.0, 0.0, 0.0], [0.21340599656105042, 0.5, 0.6, 0.0392156862745098, 0.5, 0.0, 0.0, 0.0, 0.21340599795675147, 0.19889764286598227, 0.19889764286598227, 0.0, 0.0, 0.0, 0.0, 0.0, 0.0, 0.0, 0.0, 0.0, 0.0, 0.0, 0.0, 0.0, 0.0, 0.0, 0.0, 0.0, 0.0, 0.0, 0.0, 0.0], [0.21672207117080688, 0.6666666666666666, 0.6333333333333333, 0.0392156862745098, 0.5, 0.0, 0.0, 0.0, 0.2167220733054085, 0.2590777814880876, 0.2590777814880876, 0.0, 0.0, 0.0, 0.0, 0.0, 1.0, 0.0, 0.0, 0.0, 0.0, 0.0, 0.0, 0.0, 0.0, 0.0, 0.0, 0.0, 0.0, 0.0, 0.0, 0.0], [0.2931762933731079, 0.8333333333333333, 0.6666666666666666, 0.0392156862745098, 0.5, 0.0, 0.0, 1.0, 0.29317629895591213, 0.3220795770650396, 0.3220795770650396, 0.0, 0.0, 0.0, 0.0, 0.0, 0.0, 0.0, 0.0, 0.0, 0.0, 0.0, 0.0, 0.0, 0.0, 0.0, 0.0, 0.0, 0.0, 0.0, 0.0, 0.0], [0.3187427520751953, 1.0, 0.7, 0.0392156862745098, 0.75, 0.0, 0.0, 1.0, 0.3187427573295993, 0.2625238087551653, 0.2625238087551653, 0.0, 0.0, 0.0, 0.0, 0.0, 0.0, 0.0, 0.0, 0.0, 0.0, 0.0, 0.0, 0.0, 0.0, 0.0, 0.0, 0.0, 0.0, 0.0, 0.0, 0.0], [0.2587883472442627, 0.0, 0.7333333333333333, 0.058823529411764705, 0.75, 0.0, 0.0, 0.0, 0.2587883479010632, 0.17777016799968792, 0.17777016799968792, 0.0, 0.0, 0.0, 0.0, 1.0, 0.0, 0.0, 0.0, 0.0, 0.0, 0.0, 0.0, 0.0, 0.0, 0.0, 0.0, 0.0, 0.0, 0.0, 0.0, 0.0], [0.16839005053043365, 0.16666666666666666, 0.7666666666666667, 0.058823529411764705, 0.75, 0.0, 0.0, 0.0, 0.16839004810848185, 0.18459599602649363, 0.18459599602649363, 0.0, 0.0, 0.0, 0.0, 0.0, 0.0, 0.0, 0.0, 0.0, 0.0, 0.0, 0.0, 0.0, 0.0, 0.0, 0.0, 0.0, 0.0, 0.0, 0.0, 0.0]]",0.18200886249542236,66.06921708583832,1.0,24.0,4.0,4.0,1.0,1.0,0.0,61.125587463378906,67.00834655761719,67.00834655761719,0.0,0.0,0.0,0.0,0.0,0.0,0.0,0.0,0.0,0.0,0.0,0.0,0.0,0.0,0.0,0.0,0.0,0.0,0.0,0.0,0.0,0.16666666666666666,0.7666666666666667,0.058823529411764705,0.75,0.0,0.0,0.0,0.16839004810848185,0.18459599602649363,0.18459599602649363,0.0,0.0,0.0,0.0,0.0,0.0,0.0,0.0,0.0,0.0,0.0,0.0,0.0,0.0,0.0,0.0,0.0,0.0,0.0,0.0,0.0
123,"[[0.21340599656105042, 0.5, 0.6, 0.0392156862745098, 0.5, 0.0, 0.0, 0.0, 0.21340599795675147, 0.19889764286598227, 0.19889764286598227, 0.0, 0.0, 0.0, 0.0, 0.0, 0.0, 0.0, 0.0, 0.0, 0.0, 0.0, 0.0, 0.0, 0.0, 0.0, 0.0, 0.0, 0.0, 0.0, 0.0, 0.0], [0.21672207117080688, 0.6666666666666666, 0.6333333333333333, 0.0392156862745098, 0.5, 0.0, 0.0, 0.0, 0.2167220733054085, 0.2590777814880876, 0.2590777814880876, 0.0, 0.0, 0.0, 0.0, 0.0, 1.0, 0.0, 0.0, 0.0, 0.0, 0.0, 0.0, 0.0, 0.0, 0.0, 0.0, 0.0, 0.0, 0.0, 0.0, 0.0], [0.2931762933731079, 0.8333333333333333, 0.6666666666666666, 0.0392156862745098, 0.5, 0.0, 0.0, 1.0, 0.29317629895591213, 0.3220795770650396, 0.3220795770650396, 0.0, 0.0, 0.0, 0.0, 0.0, 0.0, 0.0, 0.0, 0.0, 0.0, 0.0, 0.0, 0.0, 0.0, 0.0, 0.0, 0.0, 0.0, 0.0, 0.0, 0.0], [0.3187427520751953, 1.0, 0.7, 0.0392156862745098, 0.75, 0.0, 0.0, 1.0, 0.3187427573295993, 0.2625238087551653, 0.2625238087551653, 0.0, 0.0, 0.0, 0.0, 0.0, 0.0, 0.0, 0.0, 0.0, 0.0, 0.0, 0.0, 0.0, 0.0, 0.0, 0.0, 0.0, 0.0, 0.0, 0.0, 0.0], [0.2587883472442627, 0.0, 0.7333333333333333, 0.058823529411764705, 0.75, 0.0, 0.0, 0.0, 0.2587883479010632, 0.17777016799968792, 0.17777016799968792, 0.0, 0.0, 0.0, 0.0, 1.0, 0.0, 0.0, 0.0, 0.0, 0.0, 0.0, 0.0, 0.0, 0.0, 0.0, 0.0, 0.0, 0.0, 0.0, 0.0, 0.0], [0.16839005053043365, 0.16666666666666666, 0.7666666666666667, 0.058823529411764705, 0.75, 0.0, 0.0, 0.0, 0.16839004810848185, 0.18459599602649363, 0.18459599602649363, 0.0, 0.0, 0.0, 0.0, 0.0, 0.0, 0.0, 0.0, 0.0, 0.0, 0.0, 0.0, 0.0, 0.0, 0.0, 0.0, 0.0, 0.0, 0.0, 0.0, 0.0], [0.18200886249542236, 0.3333333333333333, 0.8, 0.058823529411764705, 0.75, 0.0, 0.0, 0.0, 0.1820088536286157, 0.21340599795675147, 0.21340599795675147, 0.0, 0.0, 0.0, 0.0, 0.0, 0.0, 0.0, 0.0, 0.0, 0.0, 0.0, 0.0, 0.0, 0.0, 0.0, 0.0, 0.0, 0.0, 0.0, 0.0, 0.0]]",0.20559145510196686,74.62969820201397,2.0,25.0,4.0,4.0,1.0,1.0,0.0,66.0692138671875,77.46637725830078,77.46637725830078,0.0,0.0,0.0,0.0,0.0,0.0,0.0,0.0,0.0,0.0,0.0,0.0,0.0,0.0,0.0,0.0,0.0,0.0,0.0,0.0,0.0,0.3333333333333333,0.8,0.058823529411764705,0.75,0.0,0.0,0.0,0.1820088536286157,0.21340599795675147,0.21340599795675147,0.0,0.0,0.0,0.0,0.0,0.0,0.0,0.0,0.0,0.0,0.0,0.0,0.0,0.0,0.0,0.0,0.0,0.0,0.0,0.0,0.0
124,"[[0.21672207117080688, 0.6666666666666666, 0.6333333333333333, 0.0392156862745098, 0.5, 0.0, 0.0, 0.0, 0.2167220733054085, 0.2590777814880876, 0.2590777814880876, 0.0, 0.0, 0.0, 0.0, 0.0, 1.0, 0.0, 0.0, 0.0, 0.0, 0.0, 0.0, 0.0, 0.0, 0.0, 0.0, 0.0, 0.0, 0.0, 0.0, 0.0], [0.2931762933731079, 0.8333333333333333, 0.6666666666666666, 0.0392156862745098, 0.5, 0.0, 0.0, 1.0, 0.29317629895591213, 0.3220795770650396, 0.3220795770650396, 0.0, 0.0, 0.0, 0.0, 0.0, 0.0, 0.0, 0.0, 0.0, 0.0, 0.0, 0.0, 0.0, 0.0, 0.0, 0.0, 0.0, 0.0, 0.0, 0.0, 0.0], [0.3187427520751953, 1.0, 0.7, 0.0392156862745098, 0.75, 0.0, 0.0, 1.0, 0.3187427573295993, 0.2625238087551653, 0.2625238087551653, 0.0, 0.0, 0.0, 0.0, 0.0, 0.0, 0.0, 0.0, 0.0, 0.0, 0.0, 0.0, 0.0, 0.0, 0.0, 0.0, 0.0, 0.0, 0.0, 0.0, 0.0], [0.2587883472442627, 0.0, 0.7333333333333333, 0.058823529411764705, 0.75, 0.0, 0.0, 0.0, 0.2587883479010632, 0.17777016799968792, 0.17777016799968792, 0.0, 0.0, 0.0, 0.0, 1.0, 0.0, 0.0, 0.0, 0.0, 0.0, 0.0, 0.0, 0.0, 0.0, 0.0, 0.0, 0.0, 0.0, 0.0, 0.0, 0.0], [0.16839005053043365, 0.16666666666666666, 0.7666666666666667, 0.058823529411764705, 0.75, 0.0, 0.0, 0.0, 0.16839004810848185, 0.18459599602649363, 0.18459599602649363, 0.0, 0.0, 0.0, 0.0, 0.0, 0.0, 0.0, 0.0, 0.0, 0.0, 0.0, 0.0, 0.0, 0.0, 0.0, 0.0, 0.0, 0.0, 0.0, 0.0, 0.0], [0.18200886249542236, 0.3333333333333333, 0.8, 0.058823529411764705, 0.75, 0.0, 0.0, 0.0, 0.1820088536286157, 0.21340599795675147, 0.21340599795675147, 0.0, 0.0, 0.0, 0.0, 0.0, 0.0, 0.0, 0.0, 0.0, 0.0, 0.0, 0.0, 0.0, 0.0, 0.0, 0.0, 0.0, 0.0, 0.0, 0.0, 0.0], [0.20559145510196686, 0.5, 0.8333333333333334, 0.058823529411764705, 0.75, 0.0, 0.0, 0.0, 0.20559145924801997, 0.2167220733054085, 0.2167220733054085, 0.0, 0.0, 0.0, 0.0, 0.0, 0.0, 0.0, 0.0, 0.0, 0.0, 0.0, 0.0, 0.0, 0.0, 0.0, 0.0, 0.0, 0.0, 0.0, 0.0, 0.0]]",0.21901355683803558,79.50192113220692,3.0,26.0,4.0,4.0,1.0,1.0,0.0,74.62969970703125,78.67011260986328,78.67011260986328,0.0,0.0,0.0,0.0,0.0,0.0,0.0,0.0,0.0,0.0,0.0,0.0,0.0,0.0,0.0,0.0,0.0,0.0,0.0,0.0,0.0,0.5,0.8333333333333334,0.058823529411764705,0.75,0.0,0.0,0.0,0.20559145924801997,0.2167220733054085,0.2167220733054085,0.0,0.0,0.0,0.0,0.0,0.0,0.0,0.0,0.0,0.0,0.0,0.0,0.0,0.0,0.0,0.0,0.0,0.0,0.0,0.0,0.0
125,"[[0.2931762933731079, 0.8333333333333333, 0.6666666666666666, 0.0392156862745098, 0.5, 0.0, 0.0, 1.0, 0.29317629895591213, 0.3220795770650396, 0.3220795770650396, 0.0, 0.0, 0.0, 0.0, 0.0, 0.0, 0.0, 0.0, 0.0, 0.0, 0.0, 0.0, 0.0, 0.0, 0.0, 0.0, 0.0, 0.0, 0.0, 0.0, 0.0], [0.3187427520751953, 1.0, 0.7, 0.0392156862745098, 0.75, 0.0, 0.0, 1.0, 0.3187427573295993, 0.2625238087551653, 0.2625238087551653, 0.0, 0.0, 0.0, 0.0, 0.0, 0.0, 0.0, 0.0, 0.0, 0.0, 0.0, 0.0, 0.0, 0.0, 0.0, 0.0, 0.0, 0.0, 0.0, 0.0, 0.0], [0.2587883472442627, 0.0, 0.7333333333333333, 0.058823529411764705, 0.75, 0.0, 0.0, 0.0, 0.2587883479010632, 0.17777016799968792, 0.17777016799968792, 0.0, 0.0, 0.0, 0.0, 1.0, 0.0, 0.0, 0.0, 0.0, 0.0, 0.0, 0.0, 0.0, 0.0, 0.0, 0.0, 0.0, 0.0, 0.0, 0.0, 0.0], [0.16839005053043365, 0.16666666666666666, 0.7666666666666667, 0.058823529411764705, 0.75, 0.0, 0.0, 0.0, 0.16839004810848185, 0.18459599602649363, 0.18459599602649363, 0.0, 0.0, 0.0, 0.0, 0.0, 0.0, 0.0, 0.0, 0.0, 0.0, 0.0, 0.0, 0.0, 0.0, 0.0, 0.0, 0.0, 0.0, 0.0, 0.0, 0.0], [0.18200886249542236, 0.3333333333333333, 0.8, 0.058823529411764705, 0.75, 0.0, 0.0, 0.0, 0.1820088536286157, 0.21340599795675147, 0.21340599795675147, 0.0, 0.0, 0.0, 0.0, 0.0, 0.0, 0.0, 0.0, 0.0, 0.0, 0.0, 0.0, 0.0, 0.0, 0.0, 0.0, 0.0, 0.0, 0.0, 0.0, 0.0], [0.20559145510196686, 0.5, 0.8333333333333334, 0.058823529411764705, 0.75, 0.0, 0.0, 0.0, 0.20559145924801997, 0.2167220733054085, 0.2167220733054085, 0.0, 0.0, 0.0, 0.0, 0.0, 0.0, 0.0, 0.0, 0.0, 0.0, 0.0, 0.0, 0.0, 0.0, 0.0, 0.0, 0.0, 0.0, 0.0, 0.0, 0.0], [0.21901355683803558, 0.6666666666666666, 0.8666666666666667, 0.058823529411764705, 0.75, 0.0, 0.0, 0.0, 0.21901356090198865, 0.29317629895591213, 0.29317629895591213, 0.0, 0.0, 0.0, 0.0, 0.0, 1.0, 0.0, 0.0, 0.0, 0.0, 0.0, 0.0, 0.0, 0.0, 0.0, 0.0, 0.0, 0.0, 0.0, 0.0, 0.0]]",0.31863313913345337,115.66382950544357,4.0,27.0,4.0,4.0,1.0,1.0,0.0,79.50192260742188,106.4229965209961,106.4229965209961,0.0,0.0,0.0,0.0,0.0,1.0,0.0,0.0,0.0,0.0,0.0,0.0,0.0,0.0,0.0,0.0,0.0,0.0,0.0,0.0,0.0,0.6666666666666666,0.8666666666666667,0.058823529411764705,0.75,0.0,0.0,0.0,0.21901356090198865,0.29317629895591213,0.29317629895591213,0.0,0.0,0.0,0.0,0.0,1.0,0.0,0.0,0.0,0.0,0.0,0.0,0.0,0.0,0.0,0.0,0.0,0.0,0.0,0.0,0.0
126,"[[0.3187427520751953, 1.0, 0.7, 0.0392156862745098, 0.75, 0.0, 0.0, 1.0, 0.3187427573295993, 0.2625238087551653, 0.2625238087551653, 0.0, 0.0, 0.0, 0.0, 0.0, 0.0, 0.0, 0.0, 0.0, 0.0, 0.0, 0.0, 0.0, 0.0, 0.0, 0.0, 0.0, 0.0, 0.0, 0.0, 0.0], [0.2587883472442627, 0.0, 0.7333333333333333, 0.058823529411764705, 0.75, 0.0, 0.0, 0.0, 0.2587883479010632, 0.17777016799968792, 0.17777016799968792, 0.0, 0.0, 0.0, 0.0, 1.0, 0.0, 0.0, 0.0, 0.0, 0.0, 0.0, 0.0, 0.0, 0.0, 0.0, 0.0, 0.0, 0.0, 0.0, 0.0, 0.0], [0.16839005053043365, 0.16666666666666666, 0.7666666666666667, 0.058823529411764705, 0.75, 0.0, 0.0, 0.0, 0.16839004810848185, 0.18459599602649363, 0.18459599602649363, 0.0, 0.0, 0.0, 0.0, 0.0, 0.0, 0.0, 0.0, 0.0, 0.0, 0.0, 0.0, 0.0, 0.0, 0.0, 0.0, 0.0, 0.0, 0.0, 0.0, 0.0], [0.18200886249542236, 0.3333333333333333, 0.8, 0.058823529411764705, 0.75, 0.0, 0.0, 0.0, 0.1820088536286157, 0.21340599795675147, 0.21340599795675147, 0.0, 0.0, 0.0, 0.0, 0.0, 0.0, 0.0, 0.0, 0.0, 0.0, 0.0, 0.0, 0.0, 0.0, 0.0, 0.0, 0.0, 0.0, 0.0, 0.0, 0.0], [0.20559145510196686, 0.5, 0.8333333333333334, 0.058823529411764705, 0.75, 0.0, 0.0, 0.0, 0.20559145924801997, 0.2167220733054085, 0.2167220733054085, 0.0, 0.0, 0.0, 0.0, 0.0, 0.0, 0.0, 0.0, 0.0, 0.0, 0.0, 0.0, 0.0, 0.0, 0.0, 0.0, 0.0, 0.0, 0.0, 0.0, 0.0], [0.21901355683803558, 0.6666666666666666, 0.8666666666666667, 0.058823529411764705, 0.75, 0.0, 0.0, 0.0, 0.21901356090198865, 0.29317629895591213, 0.29317629895591213, 0.0, 0.0, 0.0, 0.0, 0.0, 1.0, 0.0, 0.0, 0.0, 0.0, 0.0, 0.0, 0.0, 0.0, 0.0, 0.0, 0.0, 0.0, 0.0, 0.0, 0.0], [0.31863313913345337, 0.8333333333333333, 0.9, 0.058823529411764705, 0.75, 0.0, 0.0, 1.0, 0.3186331294456461, 0.3187427573295993, 0.3187427573295993, 0.0, 0.0, 0.0, 0.0, 0.0, 0.0, 0.0, 0.0, 0.0, 0.0, 0.0, 0.0, 0.0, 0.0, 0.0, 0.0, 0.0, 0.0, 0.0, 0.0, 0.0]]",0.3149053454399109,114.31064039468765,5.0,28.0,4.0,4.0,1.0,1.0,1.0,115.66382598876953,115.70362091064453,115.70362091064453,0.0,0.0,0.0,0.0,0.0,0.0,0.0,0.0,0.0,0.0,0.0,0.0,0.0,0.0,0.0,0.0,0.0,0.0,0.0,0.0,0.0,0.8333333333333333,0.9,0.058823529411764705,0.75,0.0,0.0,1.0,0.3186331294456461,0.3187427573295993,0.3187427573295993,0.0,0.0,0.0,0.0,0.0,0.0,0.0,0.0,0.0,0.0,0.0,0.0,0.0,0.0,0.0,0.0,0.0,0.0,0.0,0.0,0.0
127,"[[0.2587883472442627, 0.0, 0.7333333333333333, 0.058823529411764705, 0.75, 0.0, 0.0, 0.0, 0.2587883479010632, 0.17777016799968792, 0.17777016799968792, 0.0, 0.0, 0.0, 0.0, 1.0, 0.0, 0.0, 0.0, 0.0, 0.0, 0.0, 0.0, 0.0, 0.0, 0.0, 0.0, 0.0, 0.0, 0.0, 0.0, 0.0], [0.16839005053043365, 0.16666666666666666, 0.7666666666666667, 0.058823529411764705, 0.75, 0.0, 0.0, 0.0, 0.16839004810848185, 0.18459599602649363, 0.18459599602649363, 0.0, 0.0, 0.0, 0.0, 0.0, 0.0, 0.0, 0.0, 0.0, 0.0, 0.0, 0.0, 0.0, 0.0, 0.0, 0.0, 0.0, 0.0, 0.0, 0.0, 0.0], [0.18200886249542236, 0.3333333333333333, 0.8, 0.058823529411764705, 0.75, 0.0, 0.0, 0.0, 0.1820088536286157, 0.21340599795675147, 0.21340599795675147, 0.0, 0.0, 0.0, 0.0, 0.0, 0.0, 0.0, 0.0, 0.0, 0.0, 0.0, 0.0, 0.0, 0.0, 0.0, 0.0, 0.0, 0.0, 0.0, 0.0, 0.0], [0.20559145510196686, 0.5, 0.8333333333333334, 0.058823529411764705, 0.75, 0.0, 0.0, 0.0, 0.20559145924801997, 0.2167220733054085, 0.2167220733054085, 0.0, 0.0, 0.0, 0.0, 0.0, 0.0, 0.0, 0.0, 0.0, 0.0, 0.0, 0.0, 0.0, 0.0, 0.0, 0.0, 0.0, 0.0, 0.0, 0.0, 0.0], [0.21901355683803558, 0.6666666666666666, 0.8666666666666667, 0.058823529411764705, 0.75, 0.0, 0.0, 0.0, 0.21901356090198865, 0.29317629895591213, 0.29317629895591213, 0.0, 0.0, 0.0, 0.0, 0.0, 1.0, 0.0, 0.0, 0.0, 0.0, 0.0, 0.0, 0.0, 0.0, 0.0, 0.0, 0.0, 0.0, 0.0, 0.0, 0.0], [0.31863313913345337, 0.8333333333333333, 0.9, 0.058823529411764705, 0.75, 0.0, 0.0, 1.0, 0.3186331294456461, 0.3187427573295993, 0.3187427573295993, 0.0, 0.0, 0.0, 0.0, 0.0, 0.0, 0.0, 0.0, 0.0, 0.0, 0.0, 0.0, 0.0, 0.0, 0.0, 0.0, 0.0, 0.0, 0.0, 0.0, 0.0], [0.3149053454399109, 1.0, 0.9333333333333333, 0.058823529411764705, 1.0, 0.0, 0.0, 1.0, 0.3149053400213068, 0.2587883479010632, 0.2587883479010632, 0.0, 0.0, 0.0, 0.0, 0.0, 0.0, 0.0, 0.0, 0.0, 0.0, 0.0, 0.0, 0.0, 0.0, 0.0, 0.0, 0.0, 0.0, 0.0, 0.0, 0.0]]",0.2572142481803894,93.36877208948135,6.0,29.0,4.0,5.0,1.0,1.0,1.0,114.31063842773438,93.94017028808594,93.94017028808594,0.0,0.0,0.0,0.0,0.0,0.0,0.0,0.0,0.0,0.0,0.0,0.0,0.0,0.0,0.0,0.0,0.0,0.0,0.0,0.0,0.0,1.0,0.9333333333333333,0.058823529411764705,1.0,0.0,0.0,1.0,0.3149053400213068,0.2587883479010632,0.2587883479010632,0.0,0.0,0.0,0.0,0.0,0.0,0.0,0.0,0.0,0.0,0.0,0.0,0.0,0.0,0.0,0.0,0.0,0.0,0.0,0.0,0.0
128,"[[0.16839005053043365, 0.16666666666666666, 0.7666666666666667, 0.058823529411764705, 0.75, 0.0, 0.0, 0.0, 0.16839004810848185, 0.18459599602649363, 0.18459599602649363, 0.0, 0.0, 0.0, 0.0, 0.0, 0.0, 0.0, 0.0, 0.0, 0.0, 0.0, 0.0, 0.0, 0.0, 0.0, 0.0, 0.0, 0.0, 0.0, 0.0, 0.0], [0.18200886249542236, 0.3333333333333333, 0.8, 0.058823529411764705, 0.75, 0.0, 0.0, 0.0, 0.1820088536286157, 0.21340599795675147, 0.21340599795675147, 0.0, 0.0, 0.0, 0.0, 0.0, 0.0, 0.0, 0.0, 0.0, 0.0, 0.0, 0.0, 0.0, 0.0, 0.0, 0.0, 0.0, 0.0, 0.0, 0.0, 0.0], [0.20559145510196686, 0.5, 0.8333333333333334, 0.058823529411764705, 0.75, 0.0, 0.0, 0.0, 0.20559145924801997, 0.2167220733054085, 0.2167220733054085, 0.0, 0.0, 0.0, 0.0, 0.0, 0.0, 0.0, 0.0, 0.0, 0.0, 0.0, 0.0, 0.0, 0.0, 0.0, 0.0, 0.0, 0.0, 0.0, 0.0, 0.0], [0.21901355683803558, 0.6666666666666666, 0.8666666666666667, 0.058823529411764705, 0.75, 0.0, 0.0, 0.0, 0.21901356090198865, 0.29317629895591213, 0.29317629895591213, 0.0, 0.0, 0.0, 0.0, 0.0, 1.0, 0.0, 0.0, 0.0, 0.0, 0.0, 0.0, 0.0, 0.0, 0.0, 0.0, 0.0, 0.0, 0.0, 0.0, 0.0], [0.31863313913345337, 0.8333333333333333, 0.9, 0.058823529411764705, 0.75, 0.0, 0.0, 1.0, 0.3186331294456461, 0.3187427573295993, 0.3187427573295993, 0.0, 0.0, 0.0, 0.0, 0.0, 0.0, 0.0, 0.0, 0.0, 0.0, 0.0, 0.0, 0.0, 0.0, 0.0, 0.0, 0.0, 0.0, 0.0, 0.0, 0.0], [0.3149053454399109, 1.0, 0.9333333333333333, 0.058823529411764705, 1.0, 0.0, 0.0, 1.0, 0.3149053400213068, 0.2587883479010632, 0.2587883479010632, 0.0, 0.0, 0.0, 0.0, 0.0, 0.0, 0.0, 0.0, 0.0, 0.0, 0.0, 0.0, 0.0, 0.0, 0.0, 0.0, 0.0, 0.0, 0.0, 0.0, 0.0], [0.2572142481803894, 0.0, 0.9666666666666667, 0.0784313725490196, 1.0, 0.0, 0.0, 0.0, 0.2572142545841942, 0.16839004810848185, 0.16839004810848185, 0.0, 0.0, 0.0, 0.0, 1.0, 0.0, 0.0, 0.0, 0.0, 0.0, 0.0, 0.0, 0.0, 0.0, 0.0, 0.0, 0.0, 0.0, 0.0, 0.0, 0.0]]",0.16257250308990479,59.01381862163544,0.0,30.0,5.0,5.0,1.0,1.0,0.0,93.3687744140625,61.125587463378906,61.125587463378906,0.0,0.0,0.0,0.0,1.0,0.0,0.0,0.0,0.0,0.0,0.0,0.0,0.0,0.0,0.0,0.0,0.0,0.0,0.0,0.0,0.0,0.0,0.9666666666666667,0.0784313725490196,1.0,0.0,0.0,0.0,0.2572142545841942,0.16839004810848185,0.16839004810848185,0.0,0.0,0.0,0.0,1.0,0.0,0.0,0.0,0.0,0.0,0.0,0.0,0.0,0.0,0.0,0.0,0.0,0.0,0.0,0.0,0.0
129,"[[0.18200886249542236, 0.3333333333333333, 0.8, 0.058823529411764705, 0.75, 0.0, 0.0, 0.0, 0.1820088536286157, 0.21340599795675147, 0.21340599795675147, 0.0, 0.0, 0.0, 0.0, 0.0, 0.0, 0.0, 0.0, 0.0, 0.0, 0.0, 0.0, 0.0, 0.0, 0.0, 0.0, 0.0, 0.0, 0.0, 0.0, 0.0], [0.20559145510196686, 0.5, 0.8333333333333334, 0.058823529411764705, 0.75, 0.0, 0.0, 0.0, 0.20559145924801997, 0.2167220733054085, 0.2167220733054085, 0.0, 0.0, 0.0, 0.0, 0.0, 0.0, 0.0, 0.0, 0.0, 0.0, 0.0, 0.0, 0.0, 0.0, 0.0, 0.0, 0.0, 0.0, 0.0, 0.0, 0.0], [0.21901355683803558, 0.6666666666666666, 0.8666666666666667, 0.058823529411764705, 0.75, 0.0, 0.0, 0.0, 0.21901356090198865, 0.29317629895591213, 0.29317629895591213, 0.0, 0.0, 0.0, 0.0, 0.0, 1.0, 0.0, 0.0, 0.0, 0.0, 0.0, 0.0, 0.0, 0.0, 0.0, 0.0, 0.0, 0.0, 0.0, 0.0, 0.0], [0.31863313913345337, 0.8333333333333333, 0.9, 0.058823529411764705, 0.75, 0.0, 0.0, 1.0, 0.3186331294456461, 0.3187427573295993, 0.3187427573295993, 0.0, 0.0, 0.0, 0.0, 0.0, 0.0, 0.0, 0.0, 0.0, 0.0, 0.0, 0.0, 0.0, 0.0, 0.0, 0.0, 0.0, 0.0, 0.0, 0.0, 0.0], [0.3149053454399109, 1.0, 0.9333333333333333, 0.058823529411764705, 1.0, 0.0, 0.0, 1.0, 0.3149053400213068, 0.2587883479010632, 0.2587883479010632, 0.0, 0.0, 0.0, 0.0, 0.0, 0.0, 0.0, 0.0, 0.0, 0.0, 0.0, 0.0, 0.0, 0.0, 0.0, 0.0, 0.0, 0.0, 0.0, 0.0, 0.0], [0.2572142481803894, 0.0, 0.9666666666666667, 0.0784313725490196, 1.0, 0.0, 0.0, 0.0, 0.2572142545841942, 0.16839004810848185, 0.16839004810848185, 0.0, 0.0, 0.0, 0.0, 1.0, 0.0, 0.0, 0.0, 0.0, 0.0, 0.0, 0.0, 0.0, 0.0, 0.0, 0.0, 0.0, 0.0, 0.0, 0.0, 0.0], [0.16257250308990479, 0.16666666666666666, 0.9999999999999999, 0.0784313725490196, 1.0, 0.0, 0.0, 0.0, 0.1625724981639011, 0.1820088536286157, 0.1820088536286157, 0.0, 1.0, 0.0, 0.0, 0.0, 0.0, 0.0, 0.0, 0.0, 0.0, 0.0, 0.0, 0.0, 0.0, 0.0, 0.0, 0.0, 0.0, 0.0, 0.0, 0.0]]",0.21638964116573334,78.5494397431612,1.0,30.999999999999996,5.0,5.0,1.0,1.0,0.0,59.013816833496094,66.0692138671875,66.0692138671875,0.0,1.0,0.0,0.0,0.0,0.0,0.0,0.0,0.0,0.0,0.0,0.0,0.0,0.0,0.0,0.0,0.0,0.0,0.0,0.0,0.0,0.16666666666666666,0.9999999999999999,0.0784313725490196,1.0,0.0,0.0,0.0,0.1625724981639011,0.1820088536286157,0.1820088536286157,0.0,1.0,0.0,0.0,0.0,0.0,0.0,0.0,0.0,0.0,0.0,0.0,0.0,0.0,0.0,0.0,0.0,0.0,0.0,0.0,0.0
130,"[[0.20559145510196686, 0.5, 0.8333333333333334, 0.058823529411764705, 0.75, 0.0, 0.0, 0.0, 0.20559145924801997, 0.2167220733054085, 0.2167220733054085, 0.0, 0.0, 0.0, 0.0, 0.0, 0.0, 0.0, 0.0, 0.0, 0.0, 0.0, 0.0, 0.0, 0.0, 0.0, 0.0, 0.0, 0.0, 0.0, 0.0, 0.0], [0.21901355683803558, 0.6666666666666666, 0.8666666666666667, 0.058823529411764705, 0.75, 0.0, 0.0, 0.0, 0.21901356090198865, 0.29317629895591213, 0.29317629895591213, 0.0, 0.0, 0.0, 0.0, 0.0, 1.0, 0.0, 0.0, 0.0, 0.0, 0.0, 0.0, 0.0, 0.0, 0.0, 0.0, 0.0, 0.0, 0.0, 0.0, 0.0], [0.31863313913345337, 0.8333333333333333, 0.9, 0.058823529411764705, 0.75, 0.0, 0.0, 1.0, 0.3186331294456461, 0.3187427573295993, 0.3187427573295993, 0.0, 0.0, 0.0, 0.0, 0.0, 0.0, 0.0, 0.0, 0.0, 0.0, 0.0, 0.0, 0.0, 0.0, 0.0, 0.0, 0.0, 0.0, 0.0, 0.0, 0.0], [0.3149053454399109, 1.0, 0.9333333333333333, 0.058823529411764705, 1.0, 0.0, 0.0, 1.0, 0.3149053400213068, 0.2587883479010632, 0.2587883479010632, 0.0, 0.0, 0.0, 0.0, 0.0, 0.0, 0.0, 0.0, 0.0, 0.0, 0.0, 0.0, 0.0, 0.0, 0.0, 0.0, 0.0, 0.0, 0.0, 0.0, 0.0], [0.2572142481803894, 0.0, 0.9666666666666667, 0.0784313725490196, 1.0, 0.0, 0.0, 0.0, 0.2572142545841942, 0.16839004810848185, 0.16839004810848185, 0.0, 0.0, 0.0, 0.0, 1.0, 0.0, 0.0, 0.0, 0.0, 0.0, 0.0, 0.0, 0.0, 0.0, 0.0, 0.0, 0.0, 0.0, 0.0, 0.0, 0.0], [0.16257250308990479, 0.16666666666666666, 0.9999999999999999, 0.0784313725490196, 1.0, 0.0, 0.0, 0.0, 0.1625724981639011, 0.1820088536286157, 0.1820088536286157, 0.0, 1.0, 0.0, 0.0, 0.0, 0.0, 0.0, 0.0, 0.0, 0.0, 0.0, 0.0, 0.0, 0.0, 0.0, 0.0, 0.0, 0.0, 0.0, 0.0, 0.0], [0.21638964116573334, 0.3333333333333333, 0.0, 0.0784313725490196, 0.0, 0.09090909090909091, 0.0, 0.0, 0.21638963767648073, 0.20559145924801997, 0.20559145924801997, 1.0, 0.0, 0.0, 0.0, 0.0, 0.0, 0.0, 0.0, 0.0, 0.0, 0.0, 0.0, 0.0, 0.0, 0.0, 0.0, 0.0, 0.0, 0.0, 0.0, 0.0]]",0.17117926478385925,62.13807311654091,2.0,1.0,5.0,1.0,2.0,1.0,0.0,78.5494384765625,74.62969970703125,74.62969970703125,1.0,0.0,0.0,0.0,0.0,0.0,0.0,0.0,0.0,0.0,0.0,0.0,0.0,0.0,0.0,0.0,0.0,0.0,0.0,0.0,0.0,0.3333333333333333,0.0,0.0784313725490196,0.0,0.09090909090909091,0.0,0.0,0.21638963767648073,0.20559145924801997,0.20559145924801997,1.0,0.0,0.0,0.0,0.0,0.0,0.0,0.0,0.0,0.0,0.0,0.0,0.0,0.0,0.0,0.0,0.0,0.0,0.0,0.0,0.0
131,"[[0.21901355683803558, 0.6666666666666666, 0.8666666666666667, 0.058823529411764705, 0.75, 0.0, 0.0, 0.0, 0.21901356090198865, 0.29317629895591213, 0.29317629895591213, 0.0, 0.0, 0.0, 0.0, 0.0, 1.0, 0.0, 0.0, 0.0, 0.0, 0.0, 0.0, 0.0, 0.0, 0.0, 0.0, 0.0, 0.0, 0.0, 0.0, 0.0], [0.31863313913345337, 0.8333333333333333, 0.9, 0.058823529411764705, 0.75, 0.0, 0.0, 1.0, 0.3186331294456461, 0.3187427573295993, 0.3187427573295993, 0.0, 0.0, 0.0, 0.0, 0.0, 0.0, 0.0, 0.0, 0.0, 0.0, 0.0, 0.0, 0.0, 0.0, 0.0, 0.0, 0.0, 0.0, 0.0, 0.0, 0.0], [0.3149053454399109, 1.0, 0.9333333333333333, 0.058823529411764705, 1.0, 0.0, 0.0, 1.0, 0.3149053400213068, 0.2587883479010632, 0.2587883479010632, 0.0, 0.0, 0.0, 0.0, 0.0, 0.0, 0.0, 0.0, 0.0, 0.0, 0.0, 0.0, 0.0, 0.0, 0.0, 0.0, 0.0, 0.0, 0.0, 0.0, 0.0], [0.2572142481803894, 0.0, 0.9666666666666667, 0.0784313725490196, 1.0, 0.0, 0.0, 0.0, 0.2572142545841942, 0.16839004810848185, 0.16839004810848185, 0.0, 0.0, 0.0, 0.0, 1.0, 0.0, 0.0, 0.0, 0.0, 0.0, 0.0, 0.0, 0.0, 0.0, 0.0, 0.0, 0.0, 0.0, 0.0, 0.0, 0.0], [0.16257250308990479, 0.16666666666666666, 0.9999999999999999, 0.0784313725490196, 1.0, 0.0, 0.0, 0.0, 0.1625724981639011, 0.1820088536286157, 0.1820088536286157, 0.0, 1.0, 0.0, 0.0, 0.0, 0.0, 0.0, 0.0, 0.0, 0.0, 0.0, 0.0, 0.0, 0.0, 0.0, 0.0, 0.0, 0.0, 0.0, 0.0, 0.0], [0.21638964116573334, 0.3333333333333333, 0.0, 0.0784313725490196, 0.0, 0.09090909090909091, 0.0, 0.0, 0.21638963767648073, 0.20559145924801997, 0.20559145924801997, 1.0, 0.0, 0.0, 0.0, 0.0, 0.0, 0.0, 0.0, 0.0, 0.0, 0.0, 0.0, 0.0, 0.0, 0.0, 0.0, 0.0, 0.0, 0.0, 0.0, 0.0], [0.17117926478385925, 0.5, 0.03333333333333333, 0.0784313725490196, 0.0, 0.09090909090909091, 0.0, 0.0, 0.17117926437335895, 0.21901356090198865, 0.21901356090198865, 0.0, 0.0, 0.0, 0.0, 0.0, 0.0, 0.0, 0.0, 0.0, 0.0, 0.0, 0.0, 0.0, 0.0, 0.0, 0.0, 0.0, 0.0, 0.0, 0.0, 0.0]]",0.2374095916748047,86.1796817779541,3.0,2.0,5.0,1.0,2.0,1.0,0.0,62.1380729675293,79.50192260742188,79.50192260742188,0.0,0.0,0.0,0.0,0.0,0.0,0.0,0.0,0.0,0.0,0.0,0.0,0.0,0.0,0.0,0.0,0.0,0.0,0.0,0.0,0.0,0.5,0.03333333333333333,0.0784313725490196,0.0,0.09090909090909091,0.0,0.0,0.17117926437335895,0.21901356090198865,0.21901356090198865,0.0,0.0,0.0,0.0,0.0,0.0,0.0,0.0,0.0,0.0,0.0,0.0,0.0,0.0,0.0,0.0,0.0,0.0,0.0,0.0,0.0
132,"[[0.31863313913345337, 0.8333333333333333, 0.9, 0.058823529411764705, 0.75, 0.0, 0.0, 1.0, 0.3186331294456461, 0.3187427573295993, 0.3187427573295993, 0.0, 0.0, 0.0, 0.0, 0.0, 0.0, 0.0, 0.0, 0.0, 0.0, 0.0, 0.0, 0.0, 0.0, 0.0, 0.0, 0.0, 0.0, 0.0, 0.0, 0.0], [0.3149053454399109, 1.0, 0.9333333333333333, 0.058823529411764705, 1.0, 0.0, 0.0, 1.0, 0.3149053400213068, 0.2587883479010632, 0.2587883479010632, 0.0, 0.0, 0.0, 0.0, 0.0, 0.0, 0.0, 0.0, 0.0, 0.0, 0.0, 0.0, 0.0, 0.0, 0.0, 0.0, 0.0, 0.0, 0.0, 0.0, 0.0], [0.2572142481803894, 0.0, 0.9666666666666667, 0.0784313725490196, 1.0, 0.0, 0.0, 0.0, 0.2572142545841942, 0.16839004810848185, 0.16839004810848185, 0.0, 0.0, 0.0, 0.0, 1.0, 0.0, 0.0, 0.0, 0.0, 0.0, 0.0, 0.0, 0.0, 0.0, 0.0, 0.0, 0.0, 0.0, 0.0, 0.0, 0.0], [0.16257250308990479, 0.16666666666666666, 0.9999999999999999, 0.0784313725490196, 1.0, 0.0, 0.0, 0.0, 0.1625724981639011, 0.1820088536286157, 0.1820088536286157, 0.0, 1.0, 0.0, 0.0, 0.0, 0.0, 0.0, 0.0, 0.0, 0.0, 0.0, 0.0, 0.0, 0.0, 0.0, 0.0, 0.0, 0.0, 0.0, 0.0, 0.0], [0.21638964116573334, 0.3333333333333333, 0.0, 0.0784313725490196, 0.0, 0.09090909090909091, 0.0, 0.0, 0.21638963767648073, 0.20559145924801997, 0.20559145924801997, 1.0, 0.0, 0.0, 0.0, 0.0, 0.0, 0.0, 0.0, 0.0, 0.0, 0.0, 0.0, 0.0, 0.0, 0.0, 0.0, 0.0, 0.0, 0.0, 0.0, 0.0], [0.17117926478385925, 0.5, 0.03333333333333333, 0.0784313725490196, 0.0, 0.09090909090909091, 0.0, 0.0, 0.17117926437335895, 0.21901356090198865, 0.21901356090198865, 0.0, 0.0, 0.0, 0.0, 0.0, 0.0, 0.0, 0.0, 0.0, 0.0, 0.0, 0.0, 0.0, 0.0, 0.0, 0.0, 0.0, 0.0, 0.0, 0.0, 0.0], [0.2374095916748047, 0.6666666666666666, 0.06666666666666668, 0.0784313725490196, 0.0, 0.09090909090909091, 0.0, 0.0, 0.23740958642040075, 0.3186331294456461, 0.3186331294456461, 0.0, 0.0, 0.0, 0.0, 0.0, 1.0, 0.0, 0.0, 0.0, 0.0, 0.0, 0.0, 0.0, 0.0, 0.0, 0.0, 0.0, 0.0, 0.0, 0.0, 0.0]]",0.29205459356307983,106.01581746339798,4.0,3.0,5.0,1.0,2.0,1.0,0.0,86.17967987060547,115.66382598876953,115.66382598876953,0.0,0.0,0.0,0.0,0.0,1.0,0.0,0.0,0.0,0.0,0.0,0.0,0.0,0.0,0.0,0.0,0.0,0.0,0.0,0.0,0.0,0.6666666666666666,0.06666666666666668,0.0784313725490196,0.0,0.09090909090909091,0.0,0.0,0.23740958642040075,0.3186331294456461,0.3186331294456461,0.0,0.0,0.0,0.0,0.0,1.0,0.0,0.0,0.0,0.0,0.0,0.0,0.0,0.0,0.0,0.0,0.0,0.0,0.0,0.0,0.0
133,"[[0.3149053454399109, 1.0, 0.9333333333333333, 0.058823529411764705, 1.0, 0.0, 0.0, 1.0, 0.3149053400213068, 0.2587883479010632, 0.2587883479010632, 0.0, 0.0, 0.0, 0.0, 0.0, 0.0, 0.0, 0.0, 0.0, 0.0, 0.0, 0.0, 0.0, 0.0, 0.0, 0.0, 0.0, 0.0, 0.0, 0.0, 0.0], [0.2572142481803894, 0.0, 0.9666666666666667, 0.0784313725490196, 1.0, 0.0, 0.0, 0.0, 0.2572142545841942, 0.16839004810848185, 0.16839004810848185, 0.0, 0.0, 0.0, 0.0, 1.0, 0.0, 0.0, 0.0, 0.0, 0.0, 0.0, 0.0, 0.0, 0.0, 0.0, 0.0, 0.0, 0.0, 0.0, 0.0, 0.0], [0.16257250308990479, 0.16666666666666666, 0.9999999999999999, 0.0784313725490196, 1.0, 0.0, 0.0, 0.0, 0.1625724981639011, 0.1820088536286157, 0.1820088536286157, 0.0, 1.0, 0.0, 0.0, 0.0, 0.0, 0.0, 0.0, 0.0, 0.0, 0.0, 0.0, 0.0, 0.0, 0.0, 0.0, 0.0, 0.0, 0.0, 0.0, 0.0], [0.21638964116573334, 0.3333333333333333, 0.0, 0.0784313725490196, 0.0, 0.09090909090909091, 0.0, 0.0, 0.21638963767648073, 0.20559145924801997, 0.20559145924801997, 1.0, 0.0, 0.0, 0.0, 0.0, 0.0, 0.0, 0.0, 0.0, 0.0, 0.0, 0.0, 0.0, 0.0, 0.0, 0.0, 0.0, 0.0, 0.0, 0.0, 0.0], [0.17117926478385925, 0.5, 0.03333333333333333, 0.0784313725490196, 0.0, 0.09090909090909091, 0.0, 0.0, 0.17117926437335895, 0.21901356090198865, 0.21901356090198865, 0.0, 0.0, 0.0, 0.0, 0.0, 0.0, 0.0, 0.0, 0.0, 0.0, 0.0, 0.0, 0.0, 0.0, 0.0, 0.0, 0.0, 0.0, 0.0, 0.0, 0.0], [0.2374095916748047, 0.6666666666666666, 0.06666666666666668, 0.0784313725490196, 0.0, 0.09090909090909091, 0.0, 0.0, 0.23740958642040075, 0.3186331294456461, 0.3186331294456461, 0.0, 0.0, 0.0, 0.0, 0.0, 1.0, 0.0, 0.0, 0.0, 0.0, 0.0, 0.0, 0.0, 0.0, 0.0, 0.0, 0.0, 0.0, 0.0, 0.0, 0.0], [0.29205459356307983, 0.8333333333333333, 0.1, 0.0784313725490196, 0.0, 0.09090909090909091, 0.0, 1.0, 0.29205458880127627, 0.3149053400213068, 0.3149053400213068, 0.0, 0.0, 0.0, 0.0, 0.0, 0.0, 0.0, 0.0, 0.0, 0.0, 0.0, 0.0, 0.0, 0.0, 0.0, 0.0, 0.0, 0.0, 0.0, 0.0, 0.0]]",0.31627410650253296,114.80750066041946,5.0,4.0,5.0,1.0,2.0,1.0,1.0,106.01581573486328,114.31063842773438,114.31063842773438,0.0,0.0,0.0,0.0,0.0,0.0,0.0,0.0,0.0,0.0,0.0,0.0,0.0,0.0,0.0,0.0,0.0,0.0,0.0,0.0,0.0,0.8333333333333333,0.1,0.0784313725490196,0.0,0.09090909090909091,0.0,1.0,0.29205458880127627,0.3149053400213068,0.3149053400213068,0.0,0.0,0.0,0.0,0.0,0.0,0.0,0.0,0.0,0.0,0.0,0.0,0.0,0.0,0.0,0.0,0.0,0.0,0.0,0.0,0.0
134,"[[0.2572142481803894, 0.0, 0.9666666666666667, 0.0784313725490196, 1.0, 0.0, 0.0, 0.0, 0.2572142545841942, 0.16839004810848185, 0.16839004810848185, 0.0, 0.0, 0.0, 0.0, 1.0, 0.0, 0.0, 0.0, 0.0, 0.0, 0.0, 0.0, 0.0, 0.0, 0.0, 0.0, 0.0, 0.0, 0.0, 0.0, 0.0], [0.16257250308990479, 0.16666666666666666, 0.9999999999999999, 0.0784313725490196, 1.0, 0.0, 0.0, 0.0, 0.1625724981639011, 0.1820088536286157, 0.1820088536286157, 0.0, 1.0, 0.0, 0.0, 0.0, 0.0, 0.0, 0.0, 0.0, 0.0, 0.0, 0.0, 0.0, 0.0, 0.0, 0.0, 0.0, 0.0, 0.0, 0.0, 0.0], [0.21638964116573334, 0.3333333333333333, 0.0, 0.0784313725490196, 0.0, 0.09090909090909091, 0.0, 0.0, 0.21638963767648073, 0.20559145924801997, 0.20559145924801997, 1.0, 0.0, 0.0, 0.0, 0.0, 0.0, 0.0, 0.0, 0.0, 0.0, 0.0, 0.0, 0.0, 0.0, 0.0, 0.0, 0.0, 0.0, 0.0, 0.0, 0.0], [0.17117926478385925, 0.5, 0.03333333333333333, 0.0784313725490196, 0.0, 0.09090909090909091, 0.0, 0.0, 0.17117926437335895, 0.21901356090198865, 0.21901356090198865, 0.0, 0.0, 0.0, 0.0, 0.0, 0.0, 0.0, 0.0, 0.0, 0.0, 0.0, 0.0, 0.0, 0.0, 0.0, 0.0, 0.0, 0.0, 0.0, 0.0, 0.0], [0.2374095916748047, 0.6666666666666666, 0.06666666666666668, 0.0784313725490196, 0.0, 0.09090909090909091, 0.0, 0.0, 0.23740958642040075, 0.3186331294456461, 0.3186331294456461, 0.0, 0.0, 0.0, 0.0, 0.0, 1.0, 0.0, 0.0, 0.0, 0.0, 0.0, 0.0, 0.0, 0.0, 0.0, 0.0, 0.0, 0.0, 0.0, 0.0, 0.0], [0.29205459356307983, 0.8333333333333333, 0.1, 0.0784313725490196, 0.0, 0.09090909090909091, 0.0, 1.0, 0.29205458880127627, 0.3149053400213068, 0.3149053400213068, 0.0, 0.0, 0.0, 0.0, 0.0, 0.0, 0.0, 0.0, 0.0, 0.0, 0.0, 0.0, 0.0, 0.0, 0.0, 0.0, 0.0, 0.0, 0.0, 0.0, 0.0], [0.31627410650253296, 1.0, 0.13333333333333333, 0.0784313725490196, 0.0, 0.09090909090909091, 0.0, 1.0, 0.3162741122495373, 0.2572142545841942, 0.2572142545841942, 0.0, 0.0, 0.0, 0.0, 0.0, 0.0, 0.0, 0.0, 0.0, 0.0, 0.0, 0.0, 0.0, 0.0, 0.0, 0.0, 0.0, 0.0, 0.0, 0.0, 0.0]]",0.23586422204971313,85.61871260404587,6.0,5.0,5.0,1.0,2.0,1.0,1.0,114.80750274658203,93.3687744140625,93.3687744140625,0.0,0.0,0.0,0.0,0.0,0.0,0.0,0.0,0.0,0.0,0.0,0.0,0.0,0.0,0.0,0.0,0.0,0.0,0.0,0.0,0.0,1.0,0.13333333333333333,0.0784313725490196,0.0,0.09090909090909091,0.0,1.0,0.3162741122495373,0.2572142545841942,0.2572142545841942,0.0,0.0,0.0,0.0,0.0,0.0,0.0,0.0,0.0,0.0,0.0,0.0,0.0,0.0,0.0,0.0,0.0,0.0,0.0,0.0,0.0
135,"[[0.16257250308990479, 0.16666666666666666, 0.9999999999999999, 0.0784313725490196, 1.0, 0.0, 0.0, 0.0, 0.1625724981639011, 0.1820088536286157, 0.1820088536286157, 0.0, 1.0, 0.0, 0.0, 0.0, 0.0, 0.0, 0.0, 0.0, 0.0, 0.0, 0.0, 0.0, 0.0, 0.0, 0.0, 0.0, 0.0, 0.0, 0.0, 0.0], [0.21638964116573334, 0.3333333333333333, 0.0, 0.0784313725490196, 0.0, 0.09090909090909091, 0.0, 0.0, 0.21638963767648073, 0.20559145924801997, 0.20559145924801997, 1.0, 0.0, 0.0, 0.0, 0.0, 0.0, 0.0, 0.0, 0.0, 0.0, 0.0, 0.0, 0.0, 0.0, 0.0, 0.0, 0.0, 0.0, 0.0, 0.0, 0.0], [0.17117926478385925, 0.5, 0.03333333333333333, 0.0784313725490196, 0.0, 0.09090909090909091, 0.0, 0.0, 0.17117926437335895, 0.21901356090198865, 0.21901356090198865, 0.0, 0.0, 0.0, 0.0, 0.0, 0.0, 0.0, 0.0, 0.0, 0.0, 0.0, 0.0, 0.0, 0.0, 0.0, 0.0, 0.0, 0.0, 0.0, 0.0, 0.0], [0.2374095916748047, 0.6666666666666666, 0.06666666666666668, 0.0784313725490196, 0.0, 0.09090909090909091, 0.0, 0.0, 0.23740958642040075, 0.3186331294456461, 0.3186331294456461, 0.0, 0.0, 0.0, 0.0, 0.0, 1.0, 0.0, 0.0, 0.0, 0.0, 0.0, 0.0, 0.0, 0.0, 0.0, 0.0, 0.0, 0.0, 0.0, 0.0, 0.0], [0.29205459356307983, 0.8333333333333333, 0.1, 0.0784313725490196, 0.0, 0.09090909090909091, 0.0, 1.0, 0.29205458880127627, 0.3149053400213068, 0.3149053400213068, 0.0, 0.0, 0.0, 0.0, 0.0, 0.0, 0.0, 0.0, 0.0, 0.0, 0.0, 0.0, 0.0, 0.0, 0.0, 0.0, 0.0, 0.0, 0.0, 0.0, 0.0], [0.31627410650253296, 1.0, 0.13333333333333333, 0.0784313725490196, 0.0, 0.09090909090909091, 0.0, 1.0, 0.3162741122495373, 0.2572142545841942, 0.2572142545841942, 0.0, 0.0, 0.0, 0.0, 0.0, 0.0, 0.0, 0.0, 0.0, 0.0, 0.0, 0.0, 0.0, 0.0, 0.0, 0.0, 0.0, 0.0, 0.0, 0.0, 0.0], [0.23586422204971313, 0.0, 0.16666666666666669, 0.09803921568627451, 0.0, 0.09090909090909091, 0.0, 0.0, 0.23586422418431474, 0.1625724981639011, 0.1625724981639011, 0.0, 0.0, 0.0, 0.0, 1.0, 0.0, 0.0, 0.0, 0.0, 0.0, 0.0, 0.0, 0.0, 0.0, 0.0, 0.0, 0.0, 0.0, 0.0, 0.0, 0.0]]",0.18242649734020233,66.22081853449345,0.0,6.0,6.0,1.0,2.0,1.0,0.0,85.61871337890625,59.013816833496094,59.013816833496094,0.0,0.0,0.0,0.0,1.0,0.0,0.0,0.0,0.0,0.0,0.0,0.0,0.0,0.0,0.0,0.0,0.0,0.0,0.0,0.0,0.0,0.0,0.16666666666666669,0.09803921568627451,0.0,0.09090909090909091,0.0,0.0,0.23586422418431474,0.1625724981639011,0.1625724981639011,0.0,0.0,0.0,0.0,1.0,0.0,0.0,0.0,0.0,0.0,0.0,0.0,0.0,0.0,0.0,0.0,0.0,0.0,0.0,0.0,0.0
136,"[[0.21638964116573334, 0.3333333333333333, 0.0, 0.0784313725490196, 0.0, 0.09090909090909091, 0.0, 0.0, 0.21638963767648073, 0.20559145924801997, 0.20559145924801997, 1.0, 0.0, 0.0, 0.0, 0.0, 0.0, 0.0, 0.0, 0.0, 0.0, 0.0, 0.0, 0.0, 0.0, 0.0, 0.0, 0.0, 0.0, 0.0, 0.0, 0.0], [0.17117926478385925, 0.5, 0.03333333333333333, 0.0784313725490196, 0.0, 0.09090909090909091, 0.0, 0.0, 0.17117926437335895, 0.21901356090198865, 0.21901356090198865, 0.0, 0.0, 0.0, 0.0, 0.0, 0.0, 0.0, 0.0, 0.0, 0.0, 0.0, 0.0, 0.0, 0.0, 0.0, 0.0, 0.0, 0.0, 0.0, 0.0, 0.0], [0.2374095916748047, 0.6666666666666666, 0.06666666666666668, 0.0784313725490196, 0.0, 0.09090909090909091, 0.0, 0.0, 0.23740958642040075, 0.3186331294456461, 0.3186331294456461, 0.0, 0.0, 0.0, 0.0, 0.0, 1.0, 0.0, 0.0, 0.0, 0.0, 0.0, 0.0, 0.0, 0.0, 0.0, 0.0, 0.0, 0.0, 0.0, 0.0, 0.0], [0.29205459356307983, 0.8333333333333333, 0.1, 0.0784313725490196, 0.0, 0.09090909090909091, 0.0, 1.0, 0.29205458880127627, 0.3149053400213068, 0.3149053400213068, 0.0, 0.0, 0.0, 0.0, 0.0, 0.0, 0.0, 0.0, 0.0, 0.0, 0.0, 0.0, 0.0, 0.0, 0.0, 0.0, 0.0, 0.0, 0.0, 0.0, 0.0], [0.31627410650253296, 1.0, 0.13333333333333333, 0.0784313725490196, 0.0, 0.09090909090909091, 0.0, 1.0, 0.3162741122495373, 0.2572142545841942, 0.2572142545841942, 0.0, 0.0, 0.0, 0.0, 0.0, 0.0, 0.0, 0.0, 0.0, 0.0, 0.0, 0.0, 0.0, 0.0, 0.0, 0.0, 0.0, 0.0, 0.0, 0.0, 0.0], [0.23586422204971313, 0.0, 0.16666666666666669, 0.09803921568627451, 0.0, 0.09090909090909091, 0.0, 0.0, 0.23586422418431474, 0.1625724981639011, 0.1625724981639011, 0.0, 0.0, 0.0, 0.0, 1.0, 0.0, 0.0, 0.0, 0.0, 0.0, 0.0, 0.0, 0.0, 0.0, 0.0, 0.0, 0.0, 0.0, 0.0, 0.0, 0.0], [0.18242649734020233, 0.16666666666666666, 0.2, 0.09803921568627451, 0.0, 0.09090909090909091, 0.0, 0.0, 0.18242649467195032, 0.21638963767648073, 0.21638963767648073, 0.0, 0.0, 0.0, 0.0, 0.0, 0.0, 0.0, 0.0, 0.0, 0.0, 0.0, 0.0, 0.0, 0.0, 0.0, 0.0, 0.0, 0.0, 0.0, 0.0, 0.0]]",0.16306859254837036,59.19389909505844,1.0,7.0,6.0,1.0,2.0,1.0,0.0,66.22081756591797,78.5494384765625,78.5494384765625,0.0,0.0,0.0,0.0,0.0,0.0,0.0,0.0,0.0,0.0,0.0,0.0,0.0,0.0,0.0,0.0,0.0,0.0,0.0,0.0,0.0,0.16666666666666666,0.2,0.09803921568627451,0.0,0.09090909090909091,0.0,0.0,0.18242649467195032,0.21638963767648073,0.21638963767648073,0.0,0.0,0.0,0.0,0.0,0.0,0.0,0.0,0.0,0.0,0.0,0.0,0.0,0.0,0.0,0.0,0.0,0.0,0.0,0.0,0.0
137,"[[0.17117926478385925, 0.5, 0.03333333333333333, 0.0784313725490196, 0.0, 0.09090909090909091, 0.0, 0.0, 0.17117926437335895, 0.21901356090198865, 0.21901356090198865, 0.0, 0.0, 0.0, 0.0, 0.0, 0.0, 0.0, 0.0, 0.0, 0.0, 0.0, 0.0, 0.0, 0.0, 0.0, 0.0, 0.0, 0.0, 0.0, 0.0, 0.0], [0.2374095916748047, 0.6666666666666666, 0.06666666666666668, 0.0784313725490196, 0.0, 0.09090909090909091, 0.0, 0.0, 0.23740958642040075, 0.3186331294456461, 0.3186331294456461, 0.0, 0.0, 0.0, 0.0, 0.0, 1.0, 0.0, 0.0, 0.0, 0.0, 0.0, 0.0, 0.0, 0.0, 0.0, 0.0, 0.0, 0.0, 0.0, 0.0, 0.0], [0.29205459356307983, 0.8333333333333333, 0.1, 0.0784313725490196, 0.0, 0.09090909090909091, 0.0, 1.0, 0.29205458880127627, 0.3149053400213068, 0.3149053400213068, 0.0, 0.0, 0.0, 0.0, 0.0, 0.0, 0.0, 0.0, 0.0, 0.0, 0.0, 0.0, 0.0, 0.0, 0.0, 0.0, 0.0, 0.0, 0.0, 0.0, 0.0], [0.31627410650253296, 1.0, 0.13333333333333333, 0.0784313725490196, 0.0, 0.09090909090909091, 0.0, 1.0, 0.3162741122495373, 0.2572142545841942, 0.2572142545841942, 0.0, 0.0, 0.0, 0.0, 0.0, 0.0, 0.0, 0.0, 0.0, 0.0, 0.0, 0.0, 0.0, 0.0, 0.0, 0.0, 0.0, 0.0, 0.0, 0.0, 0.0], [0.23586422204971313, 0.0, 0.16666666666666669, 0.09803921568627451, 0.0, 0.09090909090909091, 0.0, 0.0, 0.23586422418431474, 0.1625724981639011, 0.1625724981639011, 0.0, 0.0, 0.0, 0.0, 1.0, 0.0, 0.0, 0.0, 0.0, 0.0, 0.0, 0.0, 0.0, 0.0, 0.0, 0.0, 0.0, 0.0, 0.0, 0.0, 0.0], [0.18242649734020233, 0.16666666666666666, 0.2, 0.09803921568627451, 0.0, 0.09090909090909091, 0.0, 0.0, 0.18242649467195032, 0.21638963767648073, 0.21638963767648073, 0.0, 0.0, 0.0, 0.0, 0.0, 0.0, 0.0, 0.0, 0.0, 0.0, 0.0, 0.0, 0.0, 0.0, 0.0, 0.0, 0.0, 0.0, 0.0, 0.0, 0.0], [0.16306859254837036, 0.3333333333333333, 0.23333333333333334, 0.09803921568627451, 0.25, 0.09090909090909091, 0.0, 0.0, 0.16306858745816655, 0.17117926437335895, 0.17117926437335895, 0.0, 0.0, 0.0, 0.0, 0.0, 0.0, 0.0, 0.0, 0.0, 0.0, 0.0, 0.0, 0.0, 0.0, 0.0, 0.0, 0.0, 0.0, 0.0, 0.0, 0.0]]",0.1870528757572174,67.90019389986992,2.0,8.0,6.0,2.0,2.0,1.0,0.0,59.19389724731445,62.1380729675293,62.1380729675293,0.0,0.0,0.0,0.0,0.0,0.0,0.0,0.0,0.0,0.0,0.0,0.0,0.0,0.0,0.0,0.0,0.0,0.0,0.0,0.0,0.0,0.3333333333333333,0.23333333333333334,0.09803921568627451,0.25,0.09090909090909091,0.0,0.0,0.16306858745816655,0.17117926437335895,0.17117926437335895,0.0,0.0,0.0,0.0,0.0,0.0,0.0,0.0,0.0,0.0,0.0,0.0,0.0,0.0,0.0,0.0,0.0,0.0,0.0,0.0,0.0
138,"[[0.2374095916748047, 0.6666666666666666, 0.06666666666666668, 0.0784313725490196, 0.0, 0.09090909090909091, 0.0, 0.0, 0.23740958642040075, 0.3186331294456461, 0.3186331294456461, 0.0, 0.0, 0.0, 0.0, 0.0, 1.0, 0.0, 0.0, 0.0, 0.0, 0.0, 0.0, 0.0, 0.0, 0.0, 0.0, 0.0, 0.0, 0.0, 0.0, 0.0], [0.29205459356307983, 0.8333333333333333, 0.1, 0.0784313725490196, 0.0, 0.09090909090909091, 0.0, 1.0, 0.29205458880127627, 0.3149053400213068, 0.3149053400213068, 0.0, 0.0, 0.0, 0.0, 0.0, 0.0, 0.0, 0.0, 0.0, 0.0, 0.0, 0.0, 0.0, 0.0, 0.0, 0.0, 0.0, 0.0, 0.0, 0.0, 0.0], [0.31627410650253296, 1.0, 0.13333333333333333, 0.0784313725490196, 0.0, 0.09090909090909091, 0.0, 1.0, 0.3162741122495373, 0.2572142545841942, 0.2572142545841942, 0.0, 0.0, 0.0, 0.0, 0.0, 0.0, 0.0, 0.0, 0.0, 0.0, 0.0, 0.0, 0.0, 0.0, 0.0, 0.0, 0.0, 0.0, 0.0, 0.0, 0.0], [0.23586422204971313, 0.0, 0.16666666666666669, 0.09803921568627451, 0.0, 0.09090909090909091, 0.0, 0.0, 0.23586422418431474, 0.1625724981639011, 0.1625724981639011, 0.0, 0.0, 0.0, 0.0, 1.0, 0.0, 0.0, 0.0, 0.0, 0.0, 0.0, 0.0, 0.0, 0.0, 0.0, 0.0, 0.0, 0.0, 0.0, 0.0, 0.0], [0.18242649734020233, 0.16666666666666666, 0.2, 0.09803921568627451, 0.0, 0.09090909090909091, 0.0, 0.0, 0.18242649467195032, 0.21638963767648073, 0.21638963767648073, 0.0, 0.0, 0.0, 0.0, 0.0, 0.0, 0.0, 0.0, 0.0, 0.0, 0.0, 0.0, 0.0, 0.0, 0.0, 0.0, 0.0, 0.0, 0.0, 0.0, 0.0], [0.16306859254837036, 0.3333333333333333, 0.23333333333333334, 0.09803921568627451, 0.25, 0.09090909090909091, 0.0, 0.0, 0.16306858745816655, 0.17117926437335895, 0.17117926437335895, 0.0, 0.0, 0.0, 0.0, 0.0, 0.0, 0.0, 0.0, 0.0, 0.0, 0.0, 0.0, 0.0, 0.0, 0.0, 0.0, 0.0, 0.0, 0.0, 0.0, 0.0], [0.1870528757572174, 0.5, 0.26666666666666666, 0.09803921568627451, 0.25, 0.09090909090909091, 0.0, 0.0, 0.18705287124171402, 0.23740958642040075, 0.23740958642040075, 0.0, 0.0, 0.0, 0.0, 0.0, 0.0, 0.0, 0.0, 0.0, 0.0, 0.0, 0.0, 0.0, 0.0, 0.0, 0.0, 0.0, 0.0, 0.0, 0.0, 0.0]]",0.18155249953269958,65.90355733036995,3.0,9.0,6.0,2.0,2.0,1.0,0.0,67.90019226074219,86.17967987060547,86.17967987060547,0.0,0.0,0.0,0.0,0.0,0.0,0.0,0.0,0.0,0.0,0.0,0.0,0.0,0.0,0.0,0.0,0.0,0.0,0.0,0.0,0.0,0.5,0.26666666666666666,0.09803921568627451,0.25,0.09090909090909091,0.0,0.0,0.18705287124171402,0.23740958642040075,0.23740958642040075,0.0,0.0,0.0,0.0,0.0,0.0,0.0,0.0,0.0,0.0,0.0,0.0,0.0,0.0,0.0,0.0,0.0,0.0,0.0,0.0,0.0
139,"[[0.29205459356307983, 0.8333333333333333, 0.1, 0.0784313725490196, 0.0, 0.09090909090909091, 0.0, 1.0, 0.29205458880127627, 0.3149053400213068, 0.3149053400213068, 0.0, 0.0, 0.0, 0.0, 0.0, 0.0, 0.0, 0.0, 0.0, 0.0, 0.0, 0.0, 0.0, 0.0, 0.0, 0.0, 0.0, 0.0, 0.0, 0.0, 0.0], [0.31627410650253296, 1.0, 0.13333333333333333, 0.0784313725490196, 0.0, 0.09090909090909091, 0.0, 1.0, 0.3162741122495373, 0.2572142545841942, 0.2572142545841942, 0.0, 0.0, 0.0, 0.0, 0.0, 0.0, 0.0, 0.0, 0.0, 0.0, 0.0, 0.0, 0.0, 0.0, 0.0, 0.0, 0.0, 0.0, 0.0, 0.0, 0.0], [0.23586422204971313, 0.0, 0.16666666666666669, 0.09803921568627451, 0.0, 0.09090909090909091, 0.0, 0.0, 0.23586422418431474, 0.1625724981639011, 0.1625724981639011, 0.0, 0.0, 0.0, 0.0, 1.0, 0.0, 0.0, 0.0, 0.0, 0.0, 0.0, 0.0, 0.0, 0.0, 0.0, 0.0, 0.0, 0.0, 0.0, 0.0, 0.0], [0.18242649734020233, 0.16666666666666666, 0.2, 0.09803921568627451, 0.0, 0.09090909090909091, 0.0, 0.0, 0.18242649467195032, 0.21638963767648073, 0.21638963767648073, 0.0, 0.0, 0.0, 0.0, 0.0, 0.0, 0.0, 0.0, 0.0, 0.0, 0.0, 0.0, 0.0, 0.0, 0.0, 0.0, 0.0, 0.0, 0.0, 0.0, 0.0], [0.16306859254837036, 0.3333333333333333, 0.23333333333333334, 0.09803921568627451, 0.25, 0.09090909090909091, 0.0, 0.0, 0.16306858745816655, 0.17117926437335895, 0.17117926437335895, 0.0, 0.0, 0.0, 0.0, 0.0, 0.0, 0.0, 0.0, 0.0, 0.0, 0.0, 0.0, 0.0, 0.0, 0.0, 0.0, 0.0, 0.0, 0.0, 0.0, 0.0], [0.1870528757572174, 0.5, 0.26666666666666666, 0.09803921568627451, 0.25, 0.09090909090909091, 0.0, 0.0, 0.18705287124171402, 0.23740958642040075, 0.23740958642040075, 0.0, 0.0, 0.0, 0.0, 0.0, 0.0, 0.0, 0.0, 0.0, 0.0, 0.0, 0.0, 0.0, 0.0, 0.0, 0.0, 0.0, 0.0, 0.0, 0.0, 0.0], [0.18155249953269958, 0.6666666666666666, 0.3, 0.09803921568627451, 0.25, 0.09090909090909091, 0.0, 0.0, 0.18155249813699853, 0.29205458880127627, 0.29205458880127627, 0.0, 0.0, 0.0, 0.0, 0.0, 1.0, 0.0, 0.0, 0.0, 0.0, 0.0, 0.0, 0.0, 0.0, 0.0, 0.0, 0.0, 0.0, 0.0, 0.0, 0.0]]",0.23923465609550476,86.84218016266823,4.0,10.0,6.0,2.0,2.0,1.0,0.0,65.90355682373047,106.01581573486328,106.01581573486328,0.0,0.0,0.0,0.0,0.0,1.0,0.0,0.0,0.0,0.0,0.0,0.0,0.0,0.0,0.0,0.0,0.0,0.0,0.0,0.0,0.0,0.6666666666666666,0.3,0.09803921568627451,0.25,0.09090909090909091,0.0,0.0,0.18155249813699853,0.29205458880127627,0.29205458880127627,0.0,0.0,0.0,0.0,0.0,1.0,0.0,0.0,0.0,0.0,0.0,0.0,0.0,0.0,0.0,0.0,0.0,0.0,0.0,0.0,0.0
140,"[[0.31627410650253296, 1.0, 0.13333333333333333, 0.0784313725490196, 0.0, 0.09090909090909091, 0.0, 1.0, 0.3162741122495373, 0.2572142545841942, 0.2572142545841942, 0.0, 0.0, 0.0, 0.0, 0.0, 0.0, 0.0, 0.0, 0.0, 0.0, 0.0, 0.0, 0.0, 0.0, 0.0, 0.0, 0.0, 0.0, 0.0, 0.0, 0.0], [0.23586422204971313, 0.0, 0.16666666666666669, 0.09803921568627451, 0.0, 0.09090909090909091, 0.0, 0.0, 0.23586422418431474, 0.1625724981639011, 0.1625724981639011, 0.0, 0.0, 0.0, 0.0, 1.0, 0.0, 0.0, 0.0, 0.0, 0.0, 0.0, 0.0, 0.0, 0.0, 0.0, 0.0, 0.0, 0.0, 0.0, 0.0, 0.0], [0.18242649734020233, 0.16666666666666666, 0.2, 0.09803921568627451, 0.0, 0.09090909090909091, 0.0, 0.0, 0.18242649467195032, 0.21638963767648073, 0.21638963767648073, 0.0, 0.0, 0.0, 0.0, 0.0, 0.0, 0.0, 0.0, 0.0, 0.0, 0.0, 0.0, 0.0, 0.0, 0.0, 0.0, 0.0, 0.0, 0.0, 0.0, 0.0], [0.16306859254837036, 0.3333333333333333, 0.23333333333333334, 0.09803921568627451, 0.25, 0.09090909090909091, 0.0, 0.0, 0.16306858745816655, 0.17117926437335895, 0.17117926437335895, 0.0, 0.0, 0.0, 0.0, 0.0, 0.0, 0.0, 0.0, 0.0, 0.0, 0.0, 0.0, 0.0, 0.0, 0.0, 0.0, 0.0, 0.0, 0.0, 0.0, 0.0], [0.1870528757572174, 0.5, 0.26666666666666666, 0.09803921568627451, 0.25, 0.09090909090909091, 0.0, 0.0, 0.18705287124171402, 0.23740958642040075, 0.23740958642040075, 0.0, 0.0, 0.0, 0.0, 0.0, 0.0, 0.0, 0.0, 0.0, 0.0, 0.0, 0.0, 0.0, 0.0, 0.0, 0.0, 0.0, 0.0, 0.0, 0.0, 0.0], [0.18155249953269958, 0.6666666666666666, 0.3, 0.09803921568627451, 0.25, 0.09090909090909091, 0.0, 0.0, 0.18155249813699853, 0.29205458880127627, 0.29205458880127627, 0.0, 0.0, 0.0, 0.0, 0.0, 1.0, 0.0, 0.0, 0.0, 0.0, 0.0, 0.0, 0.0, 0.0, 0.0, 0.0, 0.0, 0.0, 0.0, 0.0, 0.0], [0.23923465609550476, 0.8333333333333333, 0.3333333333333333, 0.09803921568627451, 0.25, 0.09090909090909091, 0.0, 1.0, 0.239234651087401, 0.3162741122495373, 0.3162741122495373, 0.0, 0.0, 0.0, 0.0, 0.0, 0.0, 0.0, 0.0, 0.0, 0.0, 0.0, 0.0, 0.0, 0.0, 0.0, 0.0, 0.0, 0.0, 0.0, 0.0, 0.0]]",0.2904779314994812,105.44348913431168,5.0,11.0,6.0,2.0,2.0,1.0,1.0,86.84217834472656,114.80750274658203,114.80750274658203,0.0,0.0,0.0,0.0,0.0,0.0,0.0,0.0,0.0,0.0,0.0,0.0,0.0,0.0,0.0,0.0,0.0,0.0,0.0,0.0,0.0,0.8333333333333333,0.3333333333333333,0.09803921568627451,0.25,0.09090909090909091,0.0,1.0,0.239234651087401,0.3162741122495373,0.3162741122495373,0.0,0.0,0.0,0.0,0.0,0.0,0.0,0.0,0.0,0.0,0.0,0.0,0.0,0.0,0.0,0.0,0.0,0.0,0.0,0.0,0.0
141,"[[0.23586422204971313, 0.0, 0.16666666666666669, 0.09803921568627451, 0.0, 0.09090909090909091, 0.0, 0.0, 0.23586422418431474, 0.1625724981639011, 0.1625724981639011, 0.0, 0.0, 0.0, 0.0, 1.0, 0.0, 0.0, 0.0, 0.0, 0.0, 0.0, 0.0, 0.0, 0.0, 0.0, 0.0, 0.0, 0.0, 0.0, 0.0, 0.0], [0.18242649734020233, 0.16666666666666666, 0.2, 0.09803921568627451, 0.0, 0.09090909090909091, 0.0, 0.0, 0.18242649467195032, 0.21638963767648073, 0.21638963767648073, 0.0, 0.0, 0.0, 0.0, 0.0, 0.0, 0.0, 0.0, 0.0, 0.0, 0.0, 0.0, 0.0, 0.0, 0.0, 0.0, 0.0, 0.0, 0.0, 0.0, 0.0], [0.16306859254837036, 0.3333333333333333, 0.23333333333333334, 0.09803921568627451, 0.25, 0.09090909090909091, 0.0, 0.0, 0.16306858745816655, 0.17117926437335895, 0.17117926437335895, 0.0, 0.0, 0.0, 0.0, 0.0, 0.0, 0.0, 0.0, 0.0, 0.0, 0.0, 0.0, 0.0, 0.0, 0.0, 0.0, 0.0, 0.0, 0.0, 0.0, 0.0], [0.1870528757572174, 0.5, 0.26666666666666666, 0.09803921568627451, 0.25, 0.09090909090909091, 0.0, 0.0, 0.18705287124171402, 0.23740958642040075, 0.23740958642040075, 0.0, 0.0, 0.0, 0.0, 0.0, 0.0, 0.0, 0.0, 0.0, 0.0, 0.0, 0.0, 0.0, 0.0, 0.0, 0.0, 0.0, 0.0, 0.0, 0.0, 0.0], [0.18155249953269958, 0.6666666666666666, 0.3, 0.09803921568627451, 0.25, 0.09090909090909091, 0.0, 0.0, 0.18155249813699853, 0.29205458880127627, 0.29205458880127627, 0.0, 0.0, 0.0, 0.0, 0.0, 1.0, 0.0, 0.0, 0.0, 0.0, 0.0, 0.0, 0.0, 0.0, 0.0, 0.0, 0.0, 0.0, 0.0, 0.0, 0.0], [0.23923465609550476, 0.8333333333333333, 0.3333333333333333, 0.09803921568627451, 0.25, 0.09090909090909091, 0.0, 1.0, 0.239234651087401, 0.3162741122495373, 0.3162741122495373, 0.0, 0.0, 0.0, 0.0, 0.0, 0.0, 0.0, 0.0, 0.0, 0.0, 0.0, 0.0, 0.0, 0.0, 0.0, 0.0, 0.0, 0.0, 0.0, 0.0, 0.0], [0.2904779314994812, 1.0, 0.3666666666666667, 0.09803921568627451, 0.25, 0.09090909090909091, 0.0, 1.0, 0.2904779313352811, 0.23586422418431474, 0.23586422418431474, 0.0, 0.0, 0.0, 0.0, 0.0, 0.0, 0.0, 0.0, 0.0, 0.0, 0.0, 0.0, 0.0, 0.0, 0.0, 0.0, 0.0, 0.0, 0.0, 0.0, 0.0]]",0.2566245198249817,93.15470069646835,6.0,12.0,6.0,2.0,2.0,1.0,1.0,105.44348907470703,85.61871337890625,85.61871337890625,0.0,0.0,0.0,0.0,0.0,0.0,0.0,0.0,0.0,0.0,0.0,0.0,0.0,0.0,0.0,0.0,0.0,0.0,0.0,0.0,0.0,1.0,0.3666666666666667,0.09803921568627451,0.25,0.09090909090909091,0.0,1.0,0.2904779313352811,0.23586422418431474,0.23586422418431474,0.0,0.0,0.0,0.0,0.0,0.0,0.0,0.0,0.0,0.0,0.0,0.0,0.0,0.0,0.0,0.0,0.0,0.0,0.0,0.0,0.0
142,"[[0.18242649734020233, 0.16666666666666666, 0.2, 0.09803921568627451, 0.0, 0.09090909090909091, 0.0, 0.0, 0.18242649467195032, 0.21638963767648073, 0.21638963767648073, 0.0, 0.0, 0.0, 0.0, 0.0, 0.0, 0.0, 0.0, 0.0, 0.0, 0.0, 0.0, 0.0, 0.0, 0.0, 0.0, 0.0, 0.0, 0.0, 0.0, 0.0], [0.16306859254837036, 0.3333333333333333, 0.23333333333333334, 0.09803921568627451, 0.25, 0.09090909090909091, 0.0, 0.0, 0.16306858745816655, 0.17117926437335895, 0.17117926437335895, 0.0, 0.0, 0.0, 0.0, 0.0, 0.0, 0.0, 0.0, 0.0, 0.0, 0.0, 0.0, 0.0, 0.0, 0.0, 0.0, 0.0, 0.0, 0.0, 0.0, 0.0], [0.1870528757572174, 0.5, 0.26666666666666666, 0.09803921568627451, 0.25, 0.09090909090909091, 0.0, 0.0, 0.18705287124171402, 0.23740958642040075, 0.23740958642040075, 0.0, 0.0, 0.0, 0.0, 0.0, 0.0, 0.0, 0.0, 0.0, 0.0, 0.0, 0.0, 0.0, 0.0, 0.0, 0.0, 0.0, 0.0, 0.0, 0.0, 0.0], [0.18155249953269958, 0.6666666666666666, 0.3, 0.09803921568627451, 0.25, 0.09090909090909091, 0.0, 0.0, 0.18155249813699853, 0.29205458880127627, 0.29205458880127627, 0.0, 0.0, 0.0, 0.0, 0.0, 1.0, 0.0, 0.0, 0.0, 0.0, 0.0, 0.0, 0.0, 0.0, 0.0, 0.0, 0.0, 0.0, 0.0, 0.0, 0.0], [0.23923465609550476, 0.8333333333333333, 0.3333333333333333, 0.09803921568627451, 0.25, 0.09090909090909091, 0.0, 1.0, 0.239234651087401, 0.3162741122495373, 0.3162741122495373, 0.0, 0.0, 0.0, 0.0, 0.0, 0.0, 0.0, 0.0, 0.0, 0.0, 0.0, 0.0, 0.0, 0.0, 0.0, 0.0, 0.0, 0.0, 0.0, 0.0, 0.0], [0.2904779314994812, 1.0, 0.3666666666666667, 0.09803921568627451, 0.25, 0.09090909090909091, 0.0, 1.0, 0.2904779313352811, 0.23586422418431474, 0.23586422418431474, 0.0, 0.0, 0.0, 0.0, 0.0, 0.0, 0.0, 0.0, 0.0, 0.0, 0.0, 0.0, 0.0, 0.0, 0.0, 0.0, 0.0, 0.0, 0.0, 0.0, 0.0], [0.2566245198249817, 0.0, 0.4, 0.11764705882352942, 0.25, 0.09090909090909091, 0.0, 0.0, 0.2566245213027828, 0.18242649467195032, 0.18242649467195032, 0.0, 0.0, 0.0, 0.0, 1.0, 0.0, 0.0, 0.0, 0.0, 0.0, 0.0, 0.0, 0.0, 0.0, 0.0, 0.0, 0.0, 0.0, 0.0, 0.0, 0.0]]",0.18671473860740662,67.7774501144886,0.0,13.0,7.000000000000001,2.0,2.0,1.0,0.0,93.15470123291016,66.22081756591797,66.22081756591797,0.0,0.0,0.0,0.0,1.0,0.0,0.0,0.0,0.0,0.0,0.0,0.0,0.0,0.0,0.0,0.0,0.0,0.0,0.0,0.0,0.0,0.0,0.4,0.11764705882352942,0.25,0.09090909090909091,0.0,0.0,0.2566245213027828,0.18242649467195032,0.18242649467195032,0.0,0.0,0.0,0.0,1.0,0.0,0.0,0.0,0.0,0.0,0.0,0.0,0.0,0.0,0.0,0.0,0.0,0.0,0.0,0.0,0.0
143,"[[0.16306859254837036, 0.3333333333333333, 0.23333333333333334, 0.09803921568627451, 0.25, 0.09090909090909091, 0.0, 0.0, 0.16306858745816655, 0.17117926437335895, 0.17117926437335895, 0.0, 0.0, 0.0, 0.0, 0.0, 0.0, 0.0, 0.0, 0.0, 0.0, 0.0, 0.0, 0.0, 0.0, 0.0, 0.0, 0.0, 0.0, 0.0, 0.0, 0.0], [0.1870528757572174, 0.5, 0.26666666666666666, 0.09803921568627451, 0.25, 0.09090909090909091, 0.0, 0.0, 0.18705287124171402, 0.23740958642040075, 0.23740958642040075, 0.0, 0.0, 0.0, 0.0, 0.0, 0.0, 0.0, 0.0, 0.0, 0.0, 0.0, 0.0, 0.0, 0.0, 0.0, 0.0, 0.0, 0.0, 0.0, 0.0, 0.0], [0.18155249953269958, 0.6666666666666666, 0.3, 0.09803921568627451, 0.25, 0.09090909090909091, 0.0, 0.0, 0.18155249813699853, 0.29205458880127627, 0.29205458880127627, 0.0, 0.0, 0.0, 0.0, 0.0, 1.0, 0.0, 0.0, 0.0, 0.0, 0.0, 0.0, 0.0, 0.0, 0.0, 0.0, 0.0, 0.0, 0.0, 0.0, 0.0], [0.23923465609550476, 0.8333333333333333, 0.3333333333333333, 0.09803921568627451, 0.25, 0.09090909090909091, 0.0, 1.0, 0.239234651087401, 0.3162741122495373, 0.3162741122495373, 0.0, 0.0, 0.0, 0.0, 0.0, 0.0, 0.0, 0.0, 0.0, 0.0, 0.0, 0.0, 0.0, 0.0, 0.0, 0.0, 0.0, 0.0, 0.0, 0.0, 0.0], [0.2904779314994812, 1.0, 0.3666666666666667, 0.09803921568627451, 0.25, 0.09090909090909091, 0.0, 1.0, 0.2904779313352811, 0.23586422418431474, 0.23586422418431474, 0.0, 0.0, 0.0, 0.0, 0.0, 0.0, 0.0, 0.0, 0.0, 0.0, 0.0, 0.0, 0.0, 0.0, 0.0, 0.0, 0.0, 0.0, 0.0, 0.0, 0.0], [0.2566245198249817, 0.0, 0.4, 0.11764705882352942, 0.25, 0.09090909090909091, 0.0, 0.0, 0.2566245213027828, 0.18242649467195032, 0.18242649467195032, 0.0, 0.0, 0.0, 0.0, 1.0, 0.0, 0.0, 0.0, 0.0, 0.0, 0.0, 0.0, 0.0, 0.0, 0.0, 0.0, 0.0, 0.0, 0.0, 0.0, 0.0], [0.18671473860740662, 0.16666666666666666, 0.43333333333333335, 0.11764705882352942, 0.25, 0.09090909090909091, 0.0, 0.0, 0.18671473983890755, 0.16306858745816655, 0.16306858745816655, 0.0, 0.0, 0.0, 0.0, 0.0, 0.0, 0.0, 0.0, 0.0, 0.0, 0.0, 0.0, 0.0, 0.0, 0.0, 0.0, 0.0, 0.0, 0.0, 0.0, 0.0]]",0.17652636766433716,64.07907146215439,1.0,14.0,7.000000000000001,2.0,2.0,1.0,0.0,67.77745056152344,59.19389724731445,59.19389724731445,0.0,0.0,0.0,0.0,0.0,0.0,0.0,0.0,0.0,0.0,0.0,0.0,0.0,0.0,0.0,0.0,0.0,0.0,0.0,0.0,0.0,0.16666666666666666,0.43333333333333335,0.11764705882352942,0.25,0.09090909090909091,0.0,0.0,0.18671473983890755,0.16306858745816655,0.16306858745816655,0.0,0.0,0.0,0.0,0.0,0.0,0.0,0.0,0.0,0.0,0.0,0.0,0.0,0.0,0.0,0.0,0.0,0.0,0.0,0.0,0.0
144,"[[0.1870528757572174, 0.5, 0.26666666666666666, 0.09803921568627451, 0.25, 0.09090909090909091, 0.0, 0.0, 0.18705287124171402, 0.23740958642040075, 0.23740958642040075, 0.0, 0.0, 0.0, 0.0, 0.0, 0.0, 0.0, 0.0, 0.0, 0.0, 0.0, 0.0, 0.0, 0.0, 0.0, 0.0, 0.0, 0.0, 0.0, 0.0, 0.0], [0.18155249953269958, 0.6666666666666666, 0.3, 0.09803921568627451, 0.25, 0.09090909090909091, 0.0, 0.0, 0.18155249813699853, 0.29205458880127627, 0.29205458880127627, 0.0, 0.0, 0.0, 0.0, 0.0, 1.0, 0.0, 0.0, 0.0, 0.0, 0.0, 0.0, 0.0, 0.0, 0.0, 0.0, 0.0, 0.0, 0.0, 0.0, 0.0], [0.23923465609550476, 0.8333333333333333, 0.3333333333333333, 0.09803921568627451, 0.25, 0.09090909090909091, 0.0, 1.0, 0.239234651087401, 0.3162741122495373, 0.3162741122495373, 0.0, 0.0, 0.0, 0.0, 0.0, 0.0, 0.0, 0.0, 0.0, 0.0, 0.0, 0.0, 0.0, 0.0, 0.0, 0.0, 0.0, 0.0, 0.0, 0.0, 0.0], [0.2904779314994812, 1.0, 0.3666666666666667, 0.09803921568627451, 0.25, 0.09090909090909091, 0.0, 1.0, 0.2904779313352811, 0.23586422418431474, 0.23586422418431474, 0.0, 0.0, 0.0, 0.0, 0.0, 0.0, 0.0, 0.0, 0.0, 0.0, 0.0, 0.0, 0.0, 0.0, 0.0, 0.0, 0.0, 0.0, 0.0, 0.0, 0.0], [0.2566245198249817, 0.0, 0.4, 0.11764705882352942, 0.25, 0.09090909090909091, 0.0, 0.0, 0.2566245213027828, 0.18242649467195032, 0.18242649467195032, 0.0, 0.0, 0.0, 0.0, 1.0, 0.0, 0.0, 0.0, 0.0, 0.0, 0.0, 0.0, 0.0, 0.0, 0.0, 0.0, 0.0, 0.0, 0.0, 0.0, 0.0], [0.18671473860740662, 0.16666666666666666, 0.43333333333333335, 0.11764705882352942, 0.25, 0.09090909090909091, 0.0, 0.0, 0.18671473983890755, 0.16306858745816655, 0.16306858745816655, 0.0, 0.0, 0.0, 0.0, 0.0, 0.0, 0.0, 0.0, 0.0, 0.0, 0.0, 0.0, 0.0, 0.0, 0.0, 0.0, 0.0, 0.0, 0.0, 0.0, 0.0], [0.17652636766433716, 0.3333333333333333, 0.4666666666666667, 0.11764705882352942, 0.5, 0.09090909090909091, 0.0, 0.0, 0.1765263665149363, 0.18705287124171402, 0.18705287124171402, 0.0, 0.0, 0.0, 0.0, 0.0, 0.0, 0.0, 0.0, 0.0, 0.0, 0.0, 0.0, 0.0, 0.0, 0.0, 0.0, 0.0, 0.0, 0.0, 0.0, 0.0]]",0.20089752972126007,72.9258032888174,2.0,15.0,7.000000000000001,3.0,2.0,1.0,0.0,64.07907104492188,67.90019226074219,67.90019226074219,0.0,0.0,0.0,0.0,0.0,0.0,0.0,0.0,0.0,0.0,0.0,0.0,0.0,0.0,0.0,0.0,0.0,0.0,0.0,0.0,0.0,0.3333333333333333,0.4666666666666667,0.11764705882352942,0.5,0.09090909090909091,0.0,0.0,0.1765263665149363,0.18705287124171402,0.18705287124171402,0.0,0.0,0.0,0.0,0.0,0.0,0.0,0.0,0.0,0.0,0.0,0.0,0.0,0.0,0.0,0.0,0.0,0.0,0.0,0.0,0.0
145,"[[0.18155249953269958, 0.6666666666666666, 0.3, 0.09803921568627451, 0.25, 0.09090909090909091, 0.0, 0.0, 0.18155249813699853, 0.29205458880127627, 0.29205458880127627, 0.0, 0.0, 0.0, 0.0, 0.0, 1.0, 0.0, 0.0, 0.0, 0.0, 0.0, 0.0, 0.0, 0.0, 0.0, 0.0, 0.0, 0.0, 0.0, 0.0, 0.0], [0.23923465609550476, 0.8333333333333333, 0.3333333333333333, 0.09803921568627451, 0.25, 0.09090909090909091, 0.0, 1.0, 0.239234651087401, 0.3162741122495373, 0.3162741122495373, 0.0, 0.0, 0.0, 0.0, 0.0, 0.0, 0.0, 0.0, 0.0, 0.0, 0.0, 0.0, 0.0, 0.0, 0.0, 0.0, 0.0, 0.0, 0.0, 0.0, 0.0], [0.2904779314994812, 1.0, 0.3666666666666667, 0.09803921568627451, 0.25, 0.09090909090909091, 0.0, 1.0, 0.2904779313352811, 0.23586422418431474, 0.23586422418431474, 0.0, 0.0, 0.0, 0.0, 0.0, 0.0, 0.0, 0.0, 0.0, 0.0, 0.0, 0.0, 0.0, 0.0, 0.0, 0.0, 0.0, 0.0, 0.0, 0.0, 0.0], [0.2566245198249817, 0.0, 0.4, 0.11764705882352942, 0.25, 0.09090909090909091, 0.0, 0.0, 0.2566245213027828, 0.18242649467195032, 0.18242649467195032, 0.0, 0.0, 0.0, 0.0, 1.0, 0.0, 0.0, 0.0, 0.0, 0.0, 0.0, 0.0, 0.0, 0.0, 0.0, 0.0, 0.0, 0.0, 0.0, 0.0, 0.0], [0.18671473860740662, 0.16666666666666666, 0.43333333333333335, 0.11764705882352942, 0.25, 0.09090909090909091, 0.0, 0.0, 0.18671473983890755, 0.16306858745816655, 0.16306858745816655, 0.0, 0.0, 0.0, 0.0, 0.0, 0.0, 0.0, 0.0, 0.0, 0.0, 0.0, 0.0, 0.0, 0.0, 0.0, 0.0, 0.0, 0.0, 0.0, 0.0, 0.0], [0.17652636766433716, 0.3333333333333333, 0.4666666666666667, 0.11764705882352942, 0.5, 0.09090909090909091, 0.0, 0.0, 0.1765263665149363, 0.18705287124171402, 0.18705287124171402, 0.0, 0.0, 0.0, 0.0, 0.0, 0.0, 0.0, 0.0, 0.0, 0.0, 0.0, 0.0, 0.0, 0.0, 0.0, 0.0, 0.0, 0.0, 0.0, 0.0, 0.0], [0.20089752972126007, 0.5, 0.5, 0.11764705882352942, 0.5, 0.09090909090909091, 0.0, 0.0, 0.20089753206111183, 0.18155249813699853, 0.18155249813699853, 0.0, 0.0, 0.0, 0.0, 0.0, 0.0, 0.0, 0.0, 0.0, 0.0, 0.0, 0.0, 0.0, 0.0, 0.0, 0.0, 0.0, 0.0, 0.0, 0.0, 0.0]]",0.19959355890750885,72.45246188342571,3.0,16.0,7.000000000000001,3.0,2.0,1.0,0.0,72.9258041381836,65.90355682373047,65.90355682373047,0.0,0.0,0.0,0.0,0.0,0.0,0.0,0.0,0.0,0.0,0.0,0.0,0.0,0.0,0.0,0.0,0.0,0.0,0.0,0.0,0.0,0.5,0.5,0.11764705882352942,0.5,0.09090909090909091,0.0,0.0,0.20089753206111183,0.18155249813699853,0.18155249813699853,0.0,0.0,0.0,0.0,0.0,0.0,0.0,0.0,0.0,0.0,0.0,0.0,0.0,0.0,0.0,0.0,0.0,0.0,0.0,0.0,0.0
146,"[[0.23923465609550476, 0.8333333333333333, 0.3333333333333333, 0.09803921568627451, 0.25, 0.09090909090909091, 0.0, 1.0, 0.239234651087401, 0.3162741122495373, 0.3162741122495373, 0.0, 0.0, 0.0, 0.0, 0.0, 0.0, 0.0, 0.0, 0.0, 0.0, 0.0, 0.0, 0.0, 0.0, 0.0, 0.0, 0.0, 0.0, 0.0, 0.0, 0.0], [0.2904779314994812, 1.0, 0.3666666666666667, 0.09803921568627451, 0.25, 0.09090909090909091, 0.0, 1.0, 0.2904779313352811, 0.23586422418431474, 0.23586422418431474, 0.0, 0.0, 0.0, 0.0, 0.0, 0.0, 0.0, 0.0, 0.0, 0.0, 0.0, 0.0, 0.0, 0.0, 0.0, 0.0, 0.0, 0.0, 0.0, 0.0, 0.0], [0.2566245198249817, 0.0, 0.4, 0.11764705882352942, 0.25, 0.09090909090909091, 0.0, 0.0, 0.2566245213027828, 0.18242649467195032, 0.18242649467195032, 0.0, 0.0, 0.0, 0.0, 1.0, 0.0, 0.0, 0.0, 0.0, 0.0, 0.0, 0.0, 0.0, 0.0, 0.0, 0.0, 0.0, 0.0, 0.0, 0.0, 0.0], [0.18671473860740662, 0.16666666666666666, 0.43333333333333335, 0.11764705882352942, 0.25, 0.09090909090909091, 0.0, 0.0, 0.18671473983890755, 0.16306858745816655, 0.16306858745816655, 0.0, 0.0, 0.0, 0.0, 0.0, 0.0, 0.0, 0.0, 0.0, 0.0, 0.0, 0.0, 0.0, 0.0, 0.0, 0.0, 0.0, 0.0, 0.0, 0.0, 0.0], [0.17652636766433716, 0.3333333333333333, 0.4666666666666667, 0.11764705882352942, 0.5, 0.09090909090909091, 0.0, 0.0, 0.1765263665149363, 0.18705287124171402, 0.18705287124171402, 0.0, 0.0, 0.0, 0.0, 0.0, 0.0, 0.0, 0.0, 0.0, 0.0, 0.0, 0.0, 0.0, 0.0, 0.0, 0.0, 0.0, 0.0, 0.0, 0.0, 0.0], [0.20089752972126007, 0.5, 0.5, 0.11764705882352942, 0.5, 0.09090909090909091, 0.0, 0.0, 0.20089753206111183, 0.18155249813699853, 0.18155249813699853, 0.0, 0.0, 0.0, 0.0, 0.0, 0.0, 0.0, 0.0, 0.0, 0.0, 0.0, 0.0, 0.0, 0.0, 0.0, 0.0, 0.0, 0.0, 0.0, 0.0, 0.0], [0.19959355890750885, 0.6666666666666666, 0.5333333333333333, 0.11764705882352942, 0.5, 0.09090909090909091, 0.0, 0.0, 0.19959355714235752, 0.239234651087401, 0.239234651087401, 0.0, 0.0, 0.0, 0.0, 0.0, 1.0, 0.0, 0.0, 0.0, 0.0, 0.0, 0.0, 0.0, 0.0, 0.0, 0.0, 0.0, 0.0, 0.0, 0.0, 0.0]]",0.26285234093666077,95.41539976000786,4.0,17.0,7.000000000000001,3.0,2.0,1.0,0.0,72.45246124267578,86.84217834472656,86.84217834472656,0.0,0.0,0.0,0.0,0.0,1.0,0.0,0.0,0.0,0.0,0.0,0.0,0.0,0.0,0.0,0.0,0.0,0.0,0.0,0.0,0.0,0.6666666666666666,0.5333333333333333,0.11764705882352942,0.5,0.09090909090909091,0.0,0.0,0.19959355714235752,0.239234651087401,0.239234651087401,0.0,0.0,0.0,0.0,0.0,1.0,0.0,0.0,0.0,0.0,0.0,0.0,0.0,0.0,0.0,0.0,0.0,0.0,0.0,0.0,0.0
147,"[[0.2904779314994812, 1.0, 0.3666666666666667, 0.09803921568627451, 0.25, 0.09090909090909091, 0.0, 1.0, 0.2904779313352811, 0.23586422418431474, 0.23586422418431474, 0.0, 0.0, 0.0, 0.0, 0.0, 0.0, 0.0, 0.0, 0.0, 0.0, 0.0, 0.0, 0.0, 0.0, 0.0, 0.0, 0.0, 0.0, 0.0, 0.0, 0.0], [0.2566245198249817, 0.0, 0.4, 0.11764705882352942, 0.25, 0.09090909090909091, 0.0, 0.0, 0.2566245213027828, 0.18242649467195032, 0.18242649467195032, 0.0, 0.0, 0.0, 0.0, 1.0, 0.0, 0.0, 0.0, 0.0, 0.0, 0.0, 0.0, 0.0, 0.0, 0.0, 0.0, 0.0, 0.0, 0.0, 0.0, 0.0], [0.18671473860740662, 0.16666666666666666, 0.43333333333333335, 0.11764705882352942, 0.25, 0.09090909090909091, 0.0, 0.0, 0.18671473983890755, 0.16306858745816655, 0.16306858745816655, 0.0, 0.0, 0.0, 0.0, 0.0, 0.0, 0.0, 0.0, 0.0, 0.0, 0.0, 0.0, 0.0, 0.0, 0.0, 0.0, 0.0, 0.0, 0.0, 0.0, 0.0], [0.17652636766433716, 0.3333333333333333, 0.4666666666666667, 0.11764705882352942, 0.5, 0.09090909090909091, 0.0, 0.0, 0.1765263665149363, 0.18705287124171402, 0.18705287124171402, 0.0, 0.0, 0.0, 0.0, 0.0, 0.0, 0.0, 0.0, 0.0, 0.0, 0.0, 0.0, 0.0, 0.0, 0.0, 0.0, 0.0, 0.0, 0.0, 0.0, 0.0], [0.20089752972126007, 0.5, 0.5, 0.11764705882352942, 0.5, 0.09090909090909091, 0.0, 0.0, 0.20089753206111183, 0.18155249813699853, 0.18155249813699853, 0.0, 0.0, 0.0, 0.0, 0.0, 0.0, 0.0, 0.0, 0.0, 0.0, 0.0, 0.0, 0.0, 0.0, 0.0, 0.0, 0.0, 0.0, 0.0, 0.0, 0.0], [0.19959355890750885, 0.6666666666666666, 0.5333333333333333, 0.11764705882352942, 0.5, 0.09090909090909091, 0.0, 0.0, 0.19959355714235752, 0.239234651087401, 0.239234651087401, 0.0, 0.0, 0.0, 0.0, 0.0, 1.0, 0.0, 0.0, 0.0, 0.0, 0.0, 0.0, 0.0, 0.0, 0.0, 0.0, 0.0, 0.0, 0.0, 0.0, 0.0], [0.26285234093666077, 0.8333333333333333, 0.5666666666666667, 0.11764705882352942, 0.5, 0.09090909090909091, 0.0, 1.0, 0.2628523351075564, 0.2904779313352811, 0.2904779313352811, 0.0, 0.0, 0.0, 0.0, 0.0, 0.0, 0.0, 0.0, 0.0, 0.0, 0.0, 0.0, 0.0, 0.0, 0.0, 0.0, 0.0, 0.0, 0.0, 0.0, 0.0]]",0.282792329788208,102.6536157131195,5.0,18.0,7.000000000000001,3.0,2.0,1.0,1.0,95.41539764404297,105.44348907470703,105.44348907470703,0.0,0.0,0.0,0.0,0.0,0.0,0.0,0.0,0.0,0.0,0.0,0.0,0.0,0.0,0.0,0.0,0.0,0.0,0.0,0.0,0.0,0.8333333333333333,0.5666666666666667,0.11764705882352942,0.5,0.09090909090909091,0.0,1.0,0.2628523351075564,0.2904779313352811,0.2904779313352811,0.0,0.0,0.0,0.0,0.0,0.0,0.0,0.0,0.0,0.0,0.0,0.0,0.0,0.0,0.0,0.0,0.0,0.0,0.0,0.0,0.0
148,"[[0.2566245198249817, 0.0, 0.4, 0.11764705882352942, 0.25, 0.09090909090909091, 0.0, 0.0, 0.2566245213027828, 0.18242649467195032, 0.18242649467195032, 0.0, 0.0, 0.0, 0.0, 1.0, 0.0, 0.0, 0.0, 0.0, 0.0, 0.0, 0.0, 0.0, 0.0, 0.0, 0.0, 0.0, 0.0, 0.0, 0.0, 0.0], [0.18671473860740662, 0.16666666666666666, 0.43333333333333335, 0.11764705882352942, 0.25, 0.09090909090909091, 0.0, 0.0, 0.18671473983890755, 0.16306858745816655, 0.16306858745816655, 0.0, 0.0, 0.0, 0.0, 0.0, 0.0, 0.0, 0.0, 0.0, 0.0, 0.0, 0.0, 0.0, 0.0, 0.0, 0.0, 0.0, 0.0, 0.0, 0.0, 0.0], [0.17652636766433716, 0.3333333333333333, 0.4666666666666667, 0.11764705882352942, 0.5, 0.09090909090909091, 0.0, 0.0, 0.1765263665149363, 0.18705287124171402, 0.18705287124171402, 0.0, 0.0, 0.0, 0.0, 0.0, 0.0, 0.0, 0.0, 0.0, 0.0, 0.0, 0.0, 0.0, 0.0, 0.0, 0.0, 0.0, 0.0, 0.0, 0.0, 0.0], [0.20089752972126007, 0.5, 0.5, 0.11764705882352942, 0.5, 0.09090909090909091, 0.0, 0.0, 0.20089753206111183, 0.18155249813699853, 0.18155249813699853, 0.0, 0.0, 0.0, 0.0, 0.0, 0.0, 0.0, 0.0, 0.0, 0.0, 0.0, 0.0, 0.0, 0.0, 0.0, 0.0, 0.0, 0.0, 0.0, 0.0, 0.0], [0.19959355890750885, 0.6666666666666666, 0.5333333333333333, 0.11764705882352942, 0.5, 0.09090909090909091, 0.0, 0.0, 0.19959355714235752, 0.239234651087401, 0.239234651087401, 0.0, 0.0, 0.0, 0.0, 0.0, 1.0, 0.0, 0.0, 0.0, 0.0, 0.0, 0.0, 0.0, 0.0, 0.0, 0.0, 0.0, 0.0, 0.0, 0.0, 0.0], [0.26285234093666077, 0.8333333333333333, 0.5666666666666667, 0.11764705882352942, 0.5, 0.09090909090909091, 0.0, 1.0, 0.2628523351075564, 0.2904779313352811, 0.2904779313352811, 0.0, 0.0, 0.0, 0.0, 0.0, 0.0, 0.0, 0.0, 0.0, 0.0, 0.0, 0.0, 0.0, 0.0, 0.0, 0.0, 0.0, 0.0, 0.0, 0.0, 0.0], [0.282792329788208, 1.0, 0.6, 0.11764705882352942, 0.5, 0.09090909090909091, 0.0, 1.0, 0.2827923356994125, 0.2566245213027828, 0.2566245213027828, 0.0, 0.0, 0.0, 0.0, 0.0, 0.0, 0.0, 0.0, 0.0, 0.0, 0.0, 0.0, 0.0, 0.0, 0.0, 0.0, 0.0, 0.0, 0.0, 0.0, 0.0]]",0.25139132142066956,91.25504967570305,6.0,19.0,7.000000000000001,3.0,2.0,1.0,1.0,102.65361785888673,93.15470123291016,93.15470123291016,0.0,0.0,0.0,0.0,0.0,0.0,0.0,0.0,0.0,0.0,0.0,0.0,0.0,0.0,0.0,0.0,0.0,0.0,0.0,0.0,0.0,1.0,0.6,0.11764705882352942,0.5,0.09090909090909091,0.0,1.0,0.2827923356994125,0.2566245213027828,0.2566245213027828,0.0,0.0,0.0,0.0,0.0,0.0,0.0,0.0,0.0,0.0,0.0,0.0,0.0,0.0,0.0,0.0,0.0,0.0,0.0,0.0,0.0
149,"[[0.18671473860740662, 0.16666666666666666, 0.43333333333333335, 0.11764705882352942, 0.25, 0.09090909090909091, 0.0, 0.0, 0.18671473983890755, 0.16306858745816655, 0.16306858745816655, 0.0, 0.0, 0.0, 0.0, 0.0, 0.0, 0.0, 0.0, 0.0, 0.0, 0.0, 0.0, 0.0, 0.0, 0.0, 0.0, 0.0, 0.0, 0.0, 0.0, 0.0], [0.17652636766433716, 0.3333333333333333, 0.4666666666666667, 0.11764705882352942, 0.5, 0.09090909090909091, 0.0, 0.0, 0.1765263665149363, 0.18705287124171402, 0.18705287124171402, 0.0, 0.0, 0.0, 0.0, 0.0, 0.0, 0.0, 0.0, 0.0, 0.0, 0.0, 0.0, 0.0, 0.0, 0.0, 0.0, 0.0, 0.0, 0.0, 0.0, 0.0], [0.20089752972126007, 0.5, 0.5, 0.11764705882352942, 0.5, 0.09090909090909091, 0.0, 0.0, 0.20089753206111183, 0.18155249813699853, 0.18155249813699853, 0.0, 0.0, 0.0, 0.0, 0.0, 0.0, 0.0, 0.0, 0.0, 0.0, 0.0, 0.0, 0.0, 0.0, 0.0, 0.0, 0.0, 0.0, 0.0, 0.0, 0.0], [0.19959355890750885, 0.6666666666666666, 0.5333333333333333, 0.11764705882352942, 0.5, 0.09090909090909091, 0.0, 0.0, 0.19959355714235752, 0.239234651087401, 0.239234651087401, 0.0, 0.0, 0.0, 0.0, 0.0, 1.0, 0.0, 0.0, 0.0, 0.0, 0.0, 0.0, 0.0, 0.0, 0.0, 0.0, 0.0, 0.0, 0.0, 0.0, 0.0], [0.26285234093666077, 0.8333333333333333, 0.5666666666666667, 0.11764705882352942, 0.5, 0.09090909090909091, 0.0, 1.0, 0.2628523351075564, 0.2904779313352811, 0.2904779313352811, 0.0, 0.0, 0.0, 0.0, 0.0, 0.0, 0.0, 0.0, 0.0, 0.0, 0.0, 0.0, 0.0, 0.0, 0.0, 0.0, 0.0, 0.0, 0.0, 0.0, 0.0], [0.282792329788208, 1.0, 0.6, 0.11764705882352942, 0.5, 0.09090909090909091, 0.0, 1.0, 0.2827923356994125, 0.2566245213027828, 0.2566245213027828, 0.0, 0.0, 0.0, 0.0, 0.0, 0.0, 0.0, 0.0, 0.0, 0.0, 0.0, 0.0, 0.0, 0.0, 0.0, 0.0, 0.0, 0.0, 0.0, 0.0, 0.0], [0.25139132142066956, 0.0, 0.6333333333333333, 0.13725490196078433, 0.5, 0.09090909090909091, 0.0, 0.0, 0.2513913241299716, 0.18671473983890755, 0.18671473983890755, 0.0, 0.0, 0.0, 0.0, 1.0, 0.0, 0.0, 0.0, 0.0, 0.0, 0.0, 0.0, 0.0, 0.0, 0.0, 0.0, 0.0, 0.0, 0.0, 0.0, 0.0]]",0.17656517028808594,64.0931568145752,0.0,20.0,8.0,3.0,2.0,1.0,0.0,91.25505065917969,67.77745056152344,67.77745056152344,0.0,0.0,0.0,0.0,1.0,0.0,0.0,0.0,0.0,0.0,0.0,0.0,0.0,0.0,0.0,0.0,0.0,0.0,0.0,0.0,0.0,0.0,0.6333333333333333,0.13725490196078433,0.5,0.09090909090909091,0.0,0.0,0.2513913241299716,0.18671473983890755,0.18671473983890755,0.0,0.0,0.0,0.0,1.0,0.0,0.0,0.0,0.0,0.0,0.0,0.0,0.0,0.0,0.0,0.0,0.0,0.0,0.0,0.0,0.0
150,"[[0.17652636766433716, 0.3333333333333333, 0.4666666666666667, 0.11764705882352942, 0.5, 0.09090909090909091, 0.0, 0.0, 0.1765263665149363, 0.18705287124171402, 0.18705287124171402, 0.0, 0.0, 0.0, 0.0, 0.0, 0.0, 0.0, 0.0, 0.0, 0.0, 0.0, 0.0, 0.0, 0.0, 0.0, 0.0, 0.0, 0.0, 0.0, 0.0, 0.0], [0.20089752972126007, 0.5, 0.5, 0.11764705882352942, 0.5, 0.09090909090909091, 0.0, 0.0, 0.20089753206111183, 0.18155249813699853, 0.18155249813699853, 0.0, 0.0, 0.0, 0.0, 0.0, 0.0, 0.0, 0.0, 0.0, 0.0, 0.0, 0.0, 0.0, 0.0, 0.0, 0.0, 0.0, 0.0, 0.0, 0.0, 0.0], [0.19959355890750885, 0.6666666666666666, 0.5333333333333333, 0.11764705882352942, 0.5, 0.09090909090909091, 0.0, 0.0, 0.19959355714235752, 0.239234651087401, 0.239234651087401, 0.0, 0.0, 0.0, 0.0, 0.0, 1.0, 0.0, 0.0, 0.0, 0.0, 0.0, 0.0, 0.0, 0.0, 0.0, 0.0, 0.0, 0.0, 0.0, 0.0, 0.0], [0.26285234093666077, 0.8333333333333333, 0.5666666666666667, 0.11764705882352942, 0.5, 0.09090909090909091, 0.0, 1.0, 0.2628523351075564, 0.2904779313352811, 0.2904779313352811, 0.0, 0.0, 0.0, 0.0, 0.0, 0.0, 0.0, 0.0, 0.0, 0.0, 0.0, 0.0, 0.0, 0.0, 0.0, 0.0, 0.0, 0.0, 0.0, 0.0, 0.0], [0.282792329788208, 1.0, 0.6, 0.11764705882352942, 0.5, 0.09090909090909091, 0.0, 1.0, 0.2827923356994125, 0.2566245213027828, 0.2566245213027828, 0.0, 0.0, 0.0, 0.0, 0.0, 0.0, 0.0, 0.0, 0.0, 0.0, 0.0, 0.0, 0.0, 0.0, 0.0, 0.0, 0.0, 0.0, 0.0, 0.0, 0.0], [0.25139132142066956, 0.0, 0.6333333333333333, 0.13725490196078433, 0.5, 0.09090909090909091, 0.0, 0.0, 0.2513913241299716, 0.18671473983890755, 0.18671473983890755, 0.0, 0.0, 0.0, 0.0, 1.0, 0.0, 0.0, 0.0, 0.0, 0.0, 0.0, 0.0, 0.0, 0.0, 0.0, 0.0, 0.0, 0.0, 0.0, 0.0, 0.0], [0.17656517028808594, 0.16666666666666666, 0.6666666666666666, 0.13725490196078433, 0.5, 0.09090909090909091, 0.0, 0.0, 0.176565165033682, 0.1765263665149363, 0.1765263665149363, 0.0, 0.0, 0.0, 0.0, 0.0, 0.0, 0.0, 0.0, 0.0, 0.0, 0.0, 0.0, 0.0, 0.0, 0.0, 0.0, 0.0, 0.0, 0.0, 0.0, 0.0]]",0.17343729734420776,62.95773893594742,1.0,21.0,8.0,3.0,2.0,1.0,0.0,64.09315490722656,64.07907104492188,64.07907104492188,0.0,0.0,0.0,0.0,0.0,0.0,0.0,0.0,0.0,0.0,0.0,0.0,0.0,0.0,0.0,0.0,0.0,0.0,0.0,0.0,0.0,0.16666666666666666,0.6666666666666666,0.13725490196078433,0.5,0.09090909090909091,0.0,0.0,0.176565165033682,0.1765263665149363,0.1765263665149363,0.0,0.0,0.0,0.0,0.0,0.0,0.0,0.0,0.0,0.0,0.0,0.0,0.0,0.0,0.0,0.0,0.0,0.0,0.0,0.0,0.0
151,"[[0.20089752972126007, 0.5, 0.5, 0.11764705882352942, 0.5, 0.09090909090909091, 0.0, 0.0, 0.20089753206111183, 0.18155249813699853, 0.18155249813699853, 0.0, 0.0, 0.0, 0.0, 0.0, 0.0, 0.0, 0.0, 0.0, 0.0, 0.0, 0.0, 0.0, 0.0, 0.0, 0.0, 0.0, 0.0, 0.0, 0.0, 0.0], [0.19959355890750885, 0.6666666666666666, 0.5333333333333333, 0.11764705882352942, 0.5, 0.09090909090909091, 0.0, 0.0, 0.19959355714235752, 0.239234651087401, 0.239234651087401, 0.0, 0.0, 0.0, 0.0, 0.0, 1.0, 0.0, 0.0, 0.0, 0.0, 0.0, 0.0, 0.0, 0.0, 0.0, 0.0, 0.0, 0.0, 0.0, 0.0, 0.0], [0.26285234093666077, 0.8333333333333333, 0.5666666666666667, 0.11764705882352942, 0.5, 0.09090909090909091, 0.0, 1.0, 0.2628523351075564, 0.2904779313352811, 0.2904779313352811, 0.0, 0.0, 0.0, 0.0, 0.0, 0.0, 0.0, 0.0, 0.0, 0.0, 0.0, 0.0, 0.0, 0.0, 0.0, 0.0, 0.0, 0.0, 0.0, 0.0, 0.0], [0.282792329788208, 1.0, 0.6, 0.11764705882352942, 0.5, 0.09090909090909091, 0.0, 1.0, 0.2827923356994125, 0.2566245213027828, 0.2566245213027828, 0.0, 0.0, 0.0, 0.0, 0.0, 0.0, 0.0, 0.0, 0.0, 0.0, 0.0, 0.0, 0.0, 0.0, 0.0, 0.0, 0.0, 0.0, 0.0, 0.0, 0.0], [0.25139132142066956, 0.0, 0.6333333333333333, 0.13725490196078433, 0.5, 0.09090909090909091, 0.0, 0.0, 0.2513913241299716, 0.18671473983890755, 0.18671473983890755, 0.0, 0.0, 0.0, 0.0, 1.0, 0.0, 0.0, 0.0, 0.0, 0.0, 0.0, 0.0, 0.0, 0.0, 0.0, 0.0, 0.0, 0.0, 0.0, 0.0, 0.0], [0.17656517028808594, 0.16666666666666666, 0.6666666666666666, 0.13725490196078433, 0.5, 0.09090909090909091, 0.0, 0.0, 0.176565165033682, 0.1765263665149363, 0.1765263665149363, 0.0, 0.0, 0.0, 0.0, 0.0, 0.0, 0.0, 0.0, 0.0, 0.0, 0.0, 0.0, 0.0, 0.0, 0.0, 0.0, 0.0, 0.0, 0.0, 0.0, 0.0], [0.17343729734420776, 0.3333333333333333, 0.7, 0.13725490196078433, 0.75, 0.09090909090909091, 0.0, 0.0, 0.1734373024344116, 0.20089753206111183, 0.20089753206111183, 0.0, 0.0, 0.0, 0.0, 0.0, 0.0, 0.0, 0.0, 0.0, 0.0, 0.0, 0.0, 0.0, 0.0, 0.0, 0.0, 0.0, 0.0, 0.0, 0.0, 0.0]]",0.1978708803653717,71.82712957262993,2.0,22.0,8.0,4.0,2.0,1.0,0.0,62.95774078369141,72.9258041381836,72.9258041381836,0.0,0.0,0.0,0.0,0.0,0.0,0.0,0.0,0.0,0.0,0.0,0.0,0.0,0.0,0.0,0.0,0.0,0.0,0.0,0.0,0.0,0.3333333333333333,0.7,0.13725490196078433,0.75,0.09090909090909091,0.0,0.0,0.1734373024344116,0.20089753206111183,0.20089753206111183,0.0,0.0,0.0,0.0,0.0,0.0,0.0,0.0,0.0,0.0,0.0,0.0,0.0,0.0,0.0,0.0,0.0,0.0,0.0,0.0,0.0
