0,1,2,3,4,5,6,7,8,9,10,11,12,13,14,15,16,17,18,19
0.045354630798101425,0.06300704926252365,0.07818058133125305,-0.044070303440093994,-0.06638725847005844,-0.01853422075510025,-0.022737592458724976,0.05567270517349243,-0.029728077352046967,-0.06402438879013062,-0.043666984885931015,0.06696460396051407,-0.017478419467806816,0.017217189073562622,0.06843699514865875,0.030545063316822052,0.0006755712092854083,0.04009051248431206,-0.021709874272346497,0.040358129888772964
0.01633903943002224,-0.03391823172569275,0.016317367553710938,-0.05509514734148979,-0.0017749626422300935,-0.008824803866446018,0.07951495051383972,-0.01628514565527439,-0.030694015324115753,0.001900755101814866,-0.0597575418651104,-0.05561428144574165,-0.026162609457969666,-0.03418399393558502,-0.026972824707627296,-0.01640881970524788,-0.008382870815694332,0.004450121894478798,0.06799257546663284,-0.04424187168478966
-0.06295300275087357,-0.00789226870983839,-0.012439618818461895,0.011367632076144218,0.04832995682954788,0.0399496853351593,-0.03247358277440071,0.014538213610649109,0.01825692690908909,-0.0643450990319252,0.059515710920095444,0.05502759665250778,0.01715344563126564,0.047688085585832596,0.04166373983025551,0.056741129606962204,0.0389694981276989,-0.10045064240694046,0.000805066607426852,0.019447285681962967
-0.01709403656423092,0.020034678280353546,0.045501772314310074,0.045277491211891174,0.04435567930340767,0.05560334399342537,-0.02948576770722866,0.058008451014757156,0.08776950091123581,0.003063115756958723,-0.07056396454572678,-0.058334071189165115,0.03713728487491608,0.03327237069606781,-0.038747046142816544,0.0011904197745025158,-0.027295047417283058,-0.07503307610750198,-0.023988934233784676,-0.04010005667805672
-0.08057764172554016,-0.028642352670431137,-0.009469843469560146,-0.011968996375799179,-0.03245279937982559,0.05449770763516426,0.03715241700410843,-0.02208802103996277,0.028353815898299217,-0.01842833310365677,0.03389586880803108,-0.019902225583791733,0.0131877725943923,0.07066698372364044,0.008198545314371586,0.05973189324140549,-0.019586745649576187,-0.03387671336531639,0.011303501203656197,-0.0320439450442791
-0.02180459350347519,-0.06011562421917915,0.054729316383600235,0.07246683537960052,0.06461254507303238,0.0793946236371994,0.06352569162845612,-0.030883964151144028,-0.021613672375679016,-0.05209695175290108,-0.03358961269259453,-0.050363484770059586,0.0038586906157433987,-0.008597934618592262,0.0366859957575798,0.045400045812129974,-0.005273554939776659,0.027317065745592117,0.04782513529062271,-0.051528967916965485
0.007671148981899023,0.008571814745664597,0.03146074339747429,0.08067341148853302,-0.012570815160870552,0.060931745916604996,0.03193388506770134,0.07455174624919891,0.03269050642848015,0.06425245851278305,-0.03273477777838707,-0.006704078987240791,0.060394272208213806,-0.014817087911069393,0.002764239441603422,-0.0005226900102570653,-0.0459766685962677,-0.022090960294008255,0.04278260096907616,-0.010856136679649353
-0.010580949485301971,-0.07535745948553085,0.022390009835362434,0.004384328611195087,-0.020156780257821083,-0.002831841818988323,0.0067637525498867035,0.05215759947896004,-0.03397296369075775,0.011443234980106354,0.02011990174651146,-0.039600737392902374,-0.039050035178661346,-0.027649343013763428,-0.0652608722448349,-0.048815496265888214,0.03595257177948952,-0.06204350292682648,0.013534320518374443,-0.07292268425226212
0.03623751550912857,0.007878456264734268,-0.0011511854827404022,-0.04284181445837021,-0.030617961660027504,0.020864060148596764,0.07930786907672882,0.05308805778622627,0.01604575663805008,0.04549446329474449,0.051138658076524734,-0.024614306166768074,0.0623372346162796,0.06829756498336792,0.0037032277323305607,-0.0034255245700478554,0.0018561463803052902,-0.07336502522230148,0.0112828454002738,0.001702365931123495
0.05596768856048584,-0.0520404577255249,0.09555613249540329,0.00848489347845316,-0.02753407694399357,-0.00038530511665157974,0.022800032049417496,0.08478505164384842,0.04960114508867264,0.005498745013028383,-0.0030930901411920786,-0.002451131585985422,0.05883811041712761,-0.01324313785880804,-0.044186461716890335,0.041495949029922485,0.038509972393512726,-0.09205440431833267,0.007232475560158491,0.0676005557179451
0.03698885440826416,-0.018153060227632523,0.05680248886346817,-0.044484369456768036,0.015663674101233482,-0.010358846746385098,-0.05016583204269409,0.07515263557434082,0.08470556885004044,0.015258110128343105,0.05277873948216438,-0.03532160446047783,0.0010443658102303743,-0.016109244897961617,0.01810585893690586,-0.029102152213454247,0.04893475025892258,-0.0727747231721878,-0.000762718846090138,0.059965312480926514
0.01851413957774639,-0.0687636211514473,0.06029409170150757,0.025398796424269676,0.04916903376579285,0.06199931353330612,0.0710117369890213,-0.04218539968132973,0.07402287423610687,-0.0022124408278614283,-0.0236874520778656,-0.06596368551254272,0.08365166932344437,-0.039670538157224655,0.06040195748209953,0.060096025466918945,0.07538195699453354,0.01915608160197735,-0.01581469736993313,-0.04335320368409157
-0.011602683924138546,-0.025506913661956787,-0.01274828054010868,-0.03637541085481644,0.02602306753396988,0.08919669687747955,-0.023797834292054176,0.045439012348651886,0.040006332099437714,0.06185367703437805,0.0048437295481562614,0.029794475063681602,-0.04440026730298996,-0.029553357511758804,0.041600845754146576,-0.004217274021357298,0.06435088813304901,-0.042929038405418396,-0.0432199090719223,0.06692180782556534
0.050330184400081635,-0.058987539261579514,0.04739992693066597,-0.04064931720495224,-0.049202945083379745,0.023213624954223633,-0.03963058069348335,-0.023181380704045296,0.04718320444226265,-0.0036970858927816153,0.03037511557340622,-0.01643867790699005,0.08367080241441727,0.005264916457235813,-0.011985579505562782,-0.04830831289291382,-0.016989441588521004,-0.04387997090816498,0.061356350779533386,-0.07299307733774185
-0.01914631575345993,0.012235320173203945,0.05203297361731529,-0.024795053526759148,0.0005465316935442388,0.024153126403689384,0.013755557127296925,0.05688508599996567,0.05981128290295601,-0.028742969036102295,-0.016871698200702667,0.05153731256723404,0.02999241091310978,0.010156812146306038,0.00500367721542716,-0.05065857246518135,0.005582034587860107,-0.004777607508003712,0.07690953463315964,-0.007742612157016993
0.011436346918344498,-0.028557848185300827,0.0651605874300003,0.04602629691362381,-0.0658639669418335,0.08007532358169556,0.07567101716995239,-0.008036741986870766,-0.022043319419026375,-0.025988878682255745,-0.03092326410114765,0.0649358257651329,-0.02020338736474514,0.07098108530044556,-0.05257217586040497,-0.046153657138347626,-0.022969378158450127,-0.08487790077924728,0.012041579000651836,0.03622676804661751
0.01434702891856432,-0.06503677368164062,-0.02442549541592598,-0.04417600855231285,0.05289476737380028,-0.011914527975022793,-0.06332892924547195,0.0299442857503891,-0.05247054249048233,0.04374343901872635,-0.031977906823158264,-0.07002317905426025,0.029416415840387344,0.0385129377245903,0.06727622449398041,0.00767701817676425,-0.0426328144967556,-0.08744156360626221,-0.042398177087306976,-0.021752256900072098
-0.007048421539366245,0.058877602219581604,0.0809713825583458,-0.036762844771146774,-0.029271047562360764,-0.04335089400410652,-0.04591798037290573,0.01479252241551876,0.07831832021474838,-0.036401163786649704,-0.07754838466644287,0.06253340095281601,0.06816930323839188,-0.042076703161001205,-0.004004924092441797,-0.06258735060691833,-0.00999450497329235,-0.07335840165615082,-0.003958827815949917,-0.03860848769545555
-0.08799562603235245,-0.03069414384663105,0.0444929338991642,-0.025303110480308533,0.01062887255102396,-0.02530575357377529,-0.0012298508081585169,0.034466229379177094,0.02633531391620636,0.012521750293672085,0.05172542855143547,0.00032179206027649343,-0.06273026764392853,-0.06092042103409767,0.024087809026241302,0.02749616652727127,-0.06142415478825569,-0.07193633913993835,-0.031022286042571068,-0.033009279519319534
0.0469367653131485,-0.04934738576412201,-0.056942593306303024,0.07106292247772217,0.047805655747652054,-0.038652434945106506,-0.02635369822382927,-0.025044027715921402,-0.031688496470451355,0.006377662066370249,0.006676412187516689,-0.07487189769744873,-0.0593629851937294,0.00973882433027029,0.05007072165608406,0.057181015610694885,0.009076409973204136,0.013357936404645443,-0.0031415170524269342,-0.03992113471031189
-0.032176245003938675,0.016792332753539085,0.008766709826886654,0.07665934413671494,-0.048100102692842484,-0.048811059445142746,0.02008723095059395,0.08077999949455261,0.009802708402276039,-0.032115235924720764,0.06588989496231079,-0.008042328990995884,-0.03472055122256279,0.038143839687108994,0.07279985398054123,0.07202141731977463,-0.015347125940024853,0.0006847229087725282,0.029852010309696198,-0.06187060847878456
0.02526695281267166,0.011213460005819798,0.05952630564570427,0.020427031442523003,0.030433351173996925,-0.0360257513821125,-0.051279935985803604,0.09432601183652878,0.03552767634391785,-0.052581485360860825,-0.0015926832566037774,0.0515560619533062,0.05716054141521454,-0.04712972790002823,0.05825280770659447,-0.0637516900897026,-0.023579103872179985,0.003087925026193261,0.03127182647585869,0.04780181497335434
-0.04309755191206932,0.05832953751087189,0.003724150825291872,0.041442256420850754,0.06702177226543427,-0.03491866961121559,0.02999226003885269,-0.03483332693576813,0.008409082889556885,0.06387008726596832,-0.04941181838512421,-0.06360511481761932,0.06151053309440613,0.008069125935435295,0.07598961144685745,0.004610857926309109,0.04403883218765259,-0.08971388638019562,-0.04925642907619476,-0.06419490277767181
0.0394425131380558,-0.0724438950419426,0.048415668308734894,-0.02690424770116806,0.06088007241487503,0.0030091532971709967,-0.009636753238737583,0.09240484237670898,0.03138522431254387,-0.04727089777588844,0.042818885296583176,0.048345692455768585,0.051657676696777344,0.035837214440107346,0.05671213939785957,0.0058766319416463375,-0.0383218489587307,0.015220408327877522,0.027513092383742332,0.008694179356098175
0.020297246053814888,-0.004739140626043081,0.05102549493312836,0.031087061390280724,-0.038388993591070175,-0.021636981517076492,-0.03940838575363159,-0.049023956060409546,0.07957809418439865,-0.05213421210646629,-0.08727742731571198,0.03398739919066429,0.06835028529167175,0.026894712820649147,0.0690072700381279,-0.03543165698647499,0.07451894879341125,0.022050388157367706,0.05702514201402664,-0.004135794006288052
-0.07429465651512146,-0.06185344234108925,0.049606338143348694,-0.025333546102046967,-0.02348027564585209,0.01831657439470291,-0.06906796991825104,-0.034727793186903,0.023880083113908768,0.01957951858639717,-0.03364541009068489,-0.015528570860624313,0.06719278544187546,-0.039573438465595245,-0.06349547207355499,0.00014926613948773593,0.03118147701025009,-0.031196504831314087,0.04083465412259102,-0.06075455620884895
0.02783503755927086,-0.060071125626564026,0.08729925006628036,-0.017292765900492668,0.058916401118040085,0.08512130379676819,0.020108696073293686,0.03082706220448017,0.043464627116918564,-0.001573640969581902,-0.08302341401576996,-0.058081742376089096,0.01007186807692051,-0.003427071962505579,0.03348950296640396,-0.04734404757618904,0.07400569319725037,-0.07919853180646896,0.08455978333950043,0.026304366067051888
0.019276585429906845,-0.01327717024832964,-0.002619978040456772,-0.029837772250175476,-0.01956366002559662,0.01951347477734089,0.01981341652572155,0.03812380135059357,-0.008862080983817577,-0.02843543328344822,0.04796240106225014,0.05411785840988159,-0.036194466054439545,0.018003856763243675,0.019068127498030663,0.05834265425801277,-0.02152426354587078,-0.06837467104196548,0.04663330689072609,-0.0631609708070755
-0.02769194170832634,0.0021705650724470615,-0.010977186262607574,0.01725417748093605,0.04776855558156967,0.07873544842004776,0.013749154284596443,0.0032391881104558706,-0.04823882505297661,-0.0414409264922142,-0.07390771806240082,0.010500755161046982,-0.006397439166903496,0.018040992319583893,0.07612821459770203,0.0391201451420784,0.010473037138581276,-0.092747263610363,-0.052464380860328674,-0.07049855589866638
-0.00022229751630220562,0.01937684789299965,-0.013437403365969658,-0.0075247883796691895,0.008358505554497242,0.04746932163834572,-0.05195574834942818,0.017053401097655296,0.006501461379230022,0.018367541953921318,-0.057341139763593674,0.023896122351288795,0.06859580427408218,-0.04473818838596344,-0.05048295110464096,-0.05613476410508156,0.010182819329202175,-0.02186885103583336,-0.027406347915530205,0.04092620313167572
-0.022312887012958527,-0.07344861328601837,0.0018366581061854959,0.04530148580670357,0.0018731417367234826,0.03837091475725174,0.001175240846350789,-0.01959136500954628,0.024956654757261276,0.05175647884607315,0.05530492588877678,0.0011663922341540456,0.07196476310491562,0.027702566236257553,-0.0610247403383255,-0.021356554701924324,-0.019859736785292625,-0.06494192034006119,-0.010682545602321625,-0.03393702954053879
-0.05270664766430855,-0.014889187179505825,0.014120269566774368,0.001151330186985433,0.03139301389455795,0.022486766800284386,-0.003511849557980895,0.0928872749209404,0.07773417979478836,0.03624637424945831,0.04417365789413452,-0.021930143237113953,-0.033251628279685974,-0.016974028199911118,-0.03252381086349487,0.06253650784492493,0.06524877995252609,-0.041888970881700516,-0.01981508731842041,-0.0522659532725811
0.05816337838768959,-0.025951385498046875,-0.008387831039726734,0.018950577825307846,-0.06231333687901497,0.045585520565509796,0.007284955587238073,-0.03639571741223335,0.08730919659137726,0.044439323246479034,-0.04732958972454071,0.04639248549938202,-0.018124746158719063,0.045259591192007065,-0.03183329477906227,0.0030292305164039135,0.04384699836373329,-0.1008308157324791,-0.018472060561180115,0.06176372244954109
0.012441426515579224,-0.07005187124013901,0.009248449467122555,0.01691328175365925,0.001633550156839192,0.01868441328406334,0.0023668089415878057,0.06954658776521683,0.055402789264917374,-0.0632665678858757,-0.0734582245349884,0.0682356134057045,0.032895803451538086,0.01650906540453434,-0.028612665832042694,0.009627201594412327,0.024359557777643204,-0.007151805330067873,0.04830930382013321,0.022729305550456047
-0.02076531946659088,-0.012794352136552334,0.012375552207231522,0.08144134283065796,-0.05582204833626747,-0.05730217322707176,0.068816177546978,-0.01435883343219757,0.054768022149801254,0.015146696008741856,-0.07642947882413864,0.05016077682375908,0.02179102972149849,0.033145640045404434,0.013638416305184364,-0.05496172234416008,0.026601256802678108,-0.057069625705480576,-0.038936492055654526,0.011032555252313614
-0.04398501664400101,-0.03765974938869476,0.070146843791008,-0.004356847610324621,0.064719557762146,-0.05667196586728096,0.04336720332503319,0.04063898324966431,-0.02329895831644535,-0.05266357213258743,0.0321580246090889,-0.007159961853176355,0.032941777259111404,0.0535791739821434,-0.014041401445865631,-0.04715234041213989,-0.06354515999555588,-0.017309017479419708,-0.002504010684788227,-0.029967989772558212
-0.026010865345597267,0.0044087995775043964,0.05687277019023895,0.05193337798118591,0.0335182286798954,-0.03283988684415817,0.06467745453119278,0.09266816079616547,0.040856972336769104,-0.059406500309705734,-0.02850990742444992,0.008262844756245613,-0.003994522150605917,-0.011003798805177212,-0.015021897852420807,-0.006980470381677151,0.03587045893073082,-0.07238291949033737,0.03758165240287781,-0.04441000148653984
-0.036750428378582,-0.019397849217057228,0.00746978260576725,0.08164782077074051,-0.017914462834596634,-0.010510263033211231,0.07477396726608276,0.05422283709049225,-0.011303444392979145,-0.04494856297969818,0.05058830603957176,-0.013439715839922428,0.03139951452612877,-0.003416667226701975,0.053885698318481445,0.007966611534357071,-0.05228042975068092,-0.063247449696064,0.04267983138561249,0.015281165950000286
0.006312544923275709,-0.07529442757368088,0.04949343577027321,-0.03730147331953049,-0.02291427180171013,-0.057853154838085175,0.041056785732507706,-0.021970821544528008,-0.04724232852458954,-0.058050353080034256,-0.08896520733833313,-0.003085896372795105,-0.045161452144384384,0.06573724746704102,0.027811361476778984,0.031674303114414215,0.039697010070085526,-0.06694364547729492,0.040579162538051605,0.03228064253926277
-0.04500029981136322,0.028020137920975685,0.06785619258880615,0.032849397510290146,-0.02819151245057583,0.04803904891014099,-0.014908588491380215,-0.022131819278001785,0.02545279636979103,0.013108618557453156,-0.0796118751168251,0.06158454716205597,0.014802828431129456,0.056732550263404846,-0.008117469027638435,-0.04094436392188072,-0.032425105571746826,0.030687233433127403,0.0179139394313097,0.02767322212457657
0.025043318048119545,0.0428151898086071,-0.007163520902395248,-0.04625914618372917,0.047949954867362976,-0.035586606711149216,-0.0598079077899456,0.052024200558662415,0.06727626174688339,-0.06113303452730179,-0.05725649371743202,-0.016574500128626823,-0.01839512586593628,-0.04215012118220329,-0.06959149241447449,0.06770048290491104,-0.04471607878804207,-0.024008387699723244,0.07294240593910217,-0.019306425005197525
0.04231062904000282,0.0015735882334411144,-0.03959820792078972,0.07171303033828735,0.029045959934592247,0.0866674855351448,-0.05894681066274643,0.07400883734226227,0.014773257076740265,0.03068227879703045,-0.07674337178468704,-0.0030191040132194757,-0.0012992335250601172,-0.025710422545671463,0.04634759947657585,0.04153946414589882,0.03274577111005783,0.04210710898041725,-0.014553156681358814,-0.0016702944412827492
-0.026934010908007622,0.03689728304743767,0.07177399098873138,0.07928252220153809,0.04733685031533241,0.0031058648601174355,0.031398992985486984,-0.01452991645783186,0.030448291450738907,-0.06549564749002457,-0.0463423989713192,0.006358254700899124,0.06853445619344711,-0.041055578738451004,-0.0005348583217710257,0.038627345114946365,0.0712297335267067,-0.03531080484390259,0.06955434381961823,0.06737606227397919
-0.011479314416646957,-0.04794508218765259,-0.012255839072167873,0.04298953711986542,-0.029998572543263435,-0.0010666787857189775,0.06811235845088959,-0.01891906000673771,0.02630186825990677,-0.014614482410252094,0.007238298654556274,-0.04936651140451431,0.06594324856996536,0.05097415670752525,0.028815794736146927,-0.02008860744535923,-0.02199677936732769,-0.00378378015011549,0.07590659707784653,0.014503048732876778
-0.022409722208976746,0.0378531813621521,0.04073956981301308,0.013969372026622295,-0.06952545046806335,0.044175807386636734,-0.05673612281680107,0.040617454797029495,0.01188126765191555,-0.061311740428209305,-0.014257350005209446,0.010809623636305332,0.046882059425115585,0.03910159319639206,0.049793895334005356,0.04459395259618759,0.044214967638254166,-0.06426341086626053,0.05243813991546631,-0.0018399583641439676
-0.04825665429234505,-0.024574745446443558,0.054528649896383286,0.04855199530720711,0.04486571624875069,0.061962079256772995,0.009189263917505741,-0.03667553886771202,0.010546920821070671,0.06759800016880035,-0.013800745829939842,-0.02013191394507885,0.05284693464636803,-0.04246996343135834,0.03300604969263077,-0.06512989848852158,-0.0006728209555149078,-0.02591196447610855,0.019667884334921837,0.06669151782989502
-0.0679984763264656,-0.023572871461510658,0.06376910954713821,-0.010312714613974094,-0.033743441104888916,-0.02608393132686615,-0.0035582410637289286,0.004400134552270174,0.05578189715743065,0.05659319832921028,-0.0385766327381134,0.04114699736237526,0.023163624107837677,0.08201787620782852,0.07537805289030075,0.008298014290630817,-0.026127630844712257,-0.005330149084329605,-0.0243533942848444,0.03190008923411369
0.06252671778202057,0.017785942181944847,0.07903113216161728,0.023749789223074913,0.0028610066510736942,0.03518382087349892,0.050084199756383896,0.01526750810444355,0.03547858074307442,-0.017735527828335762,0.038339149206876755,-0.03948020935058594,0.0751194953918457,0.03259531036019325,0.0044193752110004425,0.04728153347969055,0.01322008017450571,0.018204251304268837,0.06961607187986374,-0.01645313948392868
-0.06931459903717041,0.01414236705750227,0.04969565197825432,0.0011381794465705752,-0.061513643711805344,0.045436788350343704,-0.059236302971839905,-0.010867264121770859,0.06046411767601967,0.03273898735642433,0.025988727807998657,-0.06315502524375916,0.006005447823554277,0.07578308135271072,-0.03145574405789375,0.0032387173268944025,0.059910207986831665,-0.07298463582992554,-0.038233645260334015,0.014980756677687168
-0.00658702477812767,0.009978882037103176,-0.015235601924359798,-0.030891776084899902,-0.07260308414697647,-0.01685706339776516,-0.038308918476104736,0.07718425989151001,0.08094190806150436,0.046915117651224136,-0.050214506685733795,0.01962309144437313,-0.0063178520649671555,0.05868709459900856,0.02583138458430767,0.018331492319703102,0.01608291082084179,-0.06628631800413132,0.06305842101573944,0.004605787806212902
0.06198916584253311,-0.011204446665942669,0.009753428399562836,0.005570591427385807,0.05831604450941086,0.008221141062676907,-0.015811249613761902,0.07184907793998718,-0.02571568824350834,0.06620440632104874,0.014545093290507793,0.012667583301663399,-0.02101466991007328,-0.026215877383947372,0.011760936118662357,-0.02539999969303608,0.021965855732560158,-0.025125723332166672,0.07607768476009369,-0.026814252138137817
-0.04852911829948425,0.04628440737724304,-0.04848891869187355,-0.008487485349178314,0.06511561572551727,0.019560256972908974,-0.04529029130935669,-0.020911939442157745,-0.04449458792805672,0.00042700223275460303,0.031645357608795166,0.0442308746278286,0.03423028811812401,0.03140461444854736,0.02757754921913147,0.01988034136593342,-0.05194367095828056,-0.023807166144251823,0.02670557238161564,0.058356162160634995
-0.006418803706765175,-0.024376358836889267,0.017964310944080353,0.05381372570991516,-0.02459060400724411,0.07817087322473526,0.06542618572711945,0.07331789284944534,-0.0287429541349411,-0.004237215034663677,-0.023010896518826485,-0.025748638436198235,0.0376468300819397,-0.04567808285355568,-0.021144110709428787,0.027388421818614006,0.02526058442890644,0.020015375688672066,-0.012760591693222523,0.00023578264517709613
0.02223780006170273,-0.08238653093576431,0.06119149178266525,0.005459603853523731,-0.011552507057785988,0.048789430409669876,-0.0501096136868,0.06786908209323883,-0.019619151949882507,0.021166019141674042,-0.07459151744842529,-0.006001933477818966,-0.054720740765333176,0.02967032417654991,0.024370994418859482,0.04061884060502052,0.013025783933699131,-0.03276137262582779,0.092440165579319,0.035042352974414825
-0.004212176892906427,-0.07915780693292618,-0.03272780403494835,0.03950922563672066,-0.02067498303949833,-0.002807360142469406,0.027211861684918404,-0.03856601566076279,0.0893809050321579,-0.0421580895781517,-0.0202310923486948,-0.018773846328258514,0.0387909933924675,0.036942046135663986,-0.03537197783589363,0.03530871868133545,0.02286386862397194,-0.002959359670057893,0.06553493440151215,0.021064581349492073
0.02505514957010746,0.039016906172037125,0.06616833806037903,0.06746365129947662,0.054447367787361145,-0.04552265629172325,-0.016382897272706032,0.09306640923023224,0.044165097177028656,0.06329142302274704,-0.07937051355838776,0.06644399464130402,0.03342340141534805,0.04545402154326439,-0.0016266037710011005,-0.0561109334230423,-0.05619211122393608,-0.035241562873125076,-0.029698774218559265,-0.05891898274421692
0.01938333362340927,-0.05896976590156555,0.0489843487739563,0.014567759819328785,-0.056333888322114944,0.08198630809783936,-0.048419881612062454,0.015548658557236195,0.02368198148906231,0.03830116614699364,-0.03788352757692337,-0.016136817634105682,-0.03414084389805794,0.07466572523117065,-0.03483259305357933,0.04801483452320099,0.018270038068294525,0.0025834336411207914,0.0028405089396983385,-0.06637933850288391
0.017639102414250374,-0.02400823123753071,0.015591626055538654,-0.04823184013366699,-0.04973204806447029,-0.01953510195016861,-0.061316248029470444,0.004228935111314058,-0.004795613698661327,0.062292274087667465,-0.081475630402565,-0.04295229911804199,0.05434003472328186,0.03244484215974808,-0.04863954335451126,-0.04644441977143288,0.06955058872699738,-0.011419521644711494,0.07088644802570343,-0.025304794311523438
0.06539647281169891,-0.061786193400621414,0.05555768683552742,-0.017808083444833755,-0.029820559546351433,0.05776398256421089,-0.050952035933732986,0.061395421624183655,-0.047845788300037384,0.0031238270457834005,0.04927640035748482,0.030183475464582443,-0.037790197879076004,-0.03583143651485443,-0.0396263524889946,0.02232876420021057,0.04750504344701767,0.017920197919011116,0.05553032457828522,0.0266126599162817
-0.02573402225971222,-0.007924395613372326,-0.03178809955716133,-0.03346254676580429,-0.06554365903139114,-0.05405313894152641,-0.03706460818648338,0.06167799234390259,-0.004175012465566397,-0.004081635270267725,-0.060022737830877304,-0.009060332551598549,-0.005563732702285051,-0.04398969188332558,0.030878134071826935,0.0068945749662816525,0.032552093267440796,-0.08457184582948685,-0.050391096621751785,0.010348954237997532
-0.039060648530721664,-0.044382963329553604,0.025325695052742958,-0.014051906764507294,4.092047311132774e-05,-0.011914122849702835,-0.005078027956187725,-0.013560362160205841,0.040396805852651596,-0.0615922249853611,-0.06811454147100449,0.06806822866201401,-0.04647407308220863,0.06791896373033524,0.045952703803777695,0.024149246513843536,-0.04829121753573418,-0.006937558297067881,0.021788770332932472,-0.017656557261943817
-0.008168185129761696,-0.03326484560966492,0.09142319113016129,0.0067018563859164715,0.04747895896434784,0.0728314071893692,-0.05291971191763878,-0.04912133514881134,-0.02328491024672985,0.002427819184958935,-0.006149716675281525,0.0595775805413723,0.015891341492533684,-0.05275793746113777,0.0315152071416378,-0.024795038625597954,-0.019631939008831978,0.01337211113423109,-0.036199282854795456,0.01170795876532793
-0.002146927174180746,0.0017613002564758062,-0.0043015251867473125,0.005369252525269985,0.05558018013834953,0.07802630215883255,0.05494452640414238,0.05564107000827789,0.02179277129471302,0.05427051708102226,-0.019720498472452164,-0.06577175855636597,0.0008312843856401742,0.0013768536737188697,0.0026094168424606323,-0.008876883424818516,-0.004034061450511217,-0.06610190868377686,0.011443205177783966,-0.006012302823364735
0.016300184652209282,-0.07614023238420486,-0.024387717247009277,-0.004304579924792051,0.028485147282481194,0.06453198939561844,-0.05557858571410179,0.013214834965765476,0.052152130752801895,-0.022914759814739227,0.04517676308751106,-0.020396962761878967,0.08302172273397446,0.029021473601460457,-0.049007005989551544,-0.033608175814151764,-0.05580352991819382,-0.07629642635583878,0.05633469671010971,0.01290208101272583
0.009366804733872414,0.03191559389233589,0.0003867183404508978,0.0606326088309288,-0.050521329045295715,-0.023142250254750252,-0.036984317004680634,0.06549154967069626,-0.03974301367998123,0.048321519047021866,-0.07558353245258331,-0.013722153380513191,-0.014786947518587112,0.07960187643766403,0.0029701206367462873,0.03594033047556877,0.010169148445129395,0.006135489791631699,0.033074747771024704,-0.006839624140411615
-0.05499271675944328,-0.07819174975156784,0.00781259685754776,0.046788543462753296,0.01252291165292263,0.01001416053622961,0.0202824417501688,-0.023549940437078476,-0.002476098947227001,-0.01779841259121895,-0.07068849354982376,-0.03760884702205658,0.0823512077331543,0.02534455992281437,-0.035013437271118164,0.011115976609289646,-0.05552837252616882,-0.033000748604536057,0.015298175625503063,0.022587694227695465
0.020325792953372,-0.019698334857821465,-0.026786532253026962,0.0797630250453949,0.020236684009432793,0.08472606539726257,0.010372205637395382,-0.017391648143529892,0.051029425114393234,-0.014844689518213272,-0.03573695570230484,-0.03230336308479309,0.0515998937189579,-0.04998653382062912,0.06018795818090439,0.0030979549046605825,0.06121139973402023,0.019590796902775764,0.011241619475185871,-0.02161996066570282
0.037602804601192474,-0.008389615453779697,0.07738392055034637,0.053482212126255035,0.035437606275081635,-0.04660920798778534,0.004123085178434849,0.038403697311878204,0.06277195364236832,0.052175428718328476,-0.03568032383918762,-0.06717953085899353,-0.004187783692032099,0.07250998169183731,0.006382449064403772,-0.0025065289810299873,-0.06762003898620605,-0.0730087012052536,0.0023536894004791975,0.059866879135370255
-0.03532012924551964,-0.06631156802177429,0.04156511276960373,-0.016076698899269104,-0.012784997932612896,-0.03848747909069061,-0.03137540444731712,0.034292206168174744,0.08928330987691879,0.02065378986299038,0.06017115339636803,-0.022088756784796715,-0.043376121670007706,0.08302143961191177,0.03835028409957886,0.06735692918300629,-0.0008574883686378598,0.011291339062154293,-0.03518468141555786,-0.002397050615400076
-0.07568300515413284,-0.07469071447849274,0.06510879844427109,0.04495881125330925,-0.0034916368313133717,-0.041854377835989,0.0574021190404892,0.052888043224811554,0.08425664901733398,0.06461286544799805,-0.015606321394443512,0.050365056842565536,-0.05586862564086914,-0.04126924276351929,0.03211100026965141,0.05621243640780449,-0.055107224732637405,0.019193463027477264,0.031180940568447113,-0.0024583619087934494
0.06883198767900467,-0.030199991539120674,-0.03091077320277691,0.03865683078765869,0.039090584963560104,-0.012527921237051487,0.03605217859148979,0.05459016561508179,0.03025984764099121,0.04552467539906502,0.05224127694964409,-0.0012253456516191363,-0.021963339298963547,-0.04340489208698273,-0.040618523955345154,0.036578334867954254,0.05738125741481781,0.005635470617562532,0.004570296499878168,0.03790850564837456
-0.040428031235933304,-0.08013377338647842,0.07534134387969971,-0.028665315359830856,0.047537777572870255,-0.02384590357542038,-0.039349813014268875,-0.03937700390815735,-0.02408616617321968,-0.045482974499464035,-0.065056711435318,0.018988724797964096,0.009937814436852932,0.03402159735560417,0.05739236995577812,-0.00496298260986805,0.03347896784543991,-0.055363979190588,0.08074667304754257,0.032191138714551926
-0.041407402604818344,0.024401597678661346,-0.0018178313039243221,0.04316110163927078,0.01021591667085886,0.0847041979432106,-0.025613373145461082,-0.03823239728808403,-0.006881488021463156,-0.03212450072169304,-0.04019569605588913,0.05346345156431198,-0.06207718700170517,0.001141051878221333,0.058768369257450104,-0.009387011639773846,0.06435384601354599,-0.005854183342307806,0.05408569052815437,-0.049362752586603165
0.05243965983390808,-0.00024984244373627007,-0.010684557259082794,-0.043563272804021835,0.029087264090776443,0.08131033182144165,-0.0485643669962883,0.03838891535997391,-0.00657277088612318,0.031447362154722214,0.017235031351447105,0.05821724608540535,0.07607061415910721,-0.019350236281752586,-0.01910577155649662,0.0480034202337265,-0.017092036083340645,-0.07131090015172958,-0.013300835154950619,-0.05470079928636551
0.061123717576265335,-0.02196633443236351,0.04797346144914627,-0.04536881297826767,-0.07280609011650085,-0.05373186618089676,0.0432419590651989,0.0505983829498291,0.055007584393024445,-0.04964283108711243,0.05163295939564705,-0.0010399308521300554,0.07449493557214737,0.07680410891771317,-0.0286563728004694,-0.0036754710599780083,-0.030345315113663673,-0.024012407287955284,0.07165634632110596,-0.047719065099954605
-0.037327755242586136,0.04669343680143356,-0.04513756185770035,-0.01736212708055973,-0.003000024938955903,0.043168775737285614,0.041408002376556396,-0.0008821440860629082,0.05936051532626152,-0.04969533905386925,0.05499013885855675,-0.0058866157196462154,0.013052974827587605,0.041757091879844666,-0.024448847398161888,0.06552963703870773,0.05594087764620781,-0.07503298670053482,-0.025058891624212265,0.01502193696796894
-0.055555783212184906,0.02883494272828102,0.012109925039112568,0.004332264885306358,0.0031601418741047382,-0.018297554925084114,0.0561867281794548,-0.028291357681155205,0.011574454605579376,0.02649746648967266,-0.09155136346817017,0.02571745216846466,-0.01982908323407173,0.07231508940458298,-0.03166041150689125,0.05627815052866936,0.03246535360813141,-0.02506409026682377,-0.0010592875769361854,0.06065402925014496
-0.03523305803537369,-0.0312033798545599,0.05991575866937637,0.05472978577017784,-0.03855296969413757,0.047561418265104294,0.011126544326543808,0.02767137996852398,0.0142999067902565,-0.059507809579372406,0.022974085062742233,0.036151863634586334,-0.05505765229463577,-0.008725115098059177,0.07223887741565704,-0.059119563549757004,0.051268428564071655,0.010585692711174488,0.08415277302265167,-0.032385412603616714
-0.0387912280857563,-0.05789296701550484,0.026943588629364967,0.01615038886666298,0.0382595956325531,-0.024350235238671303,-0.04829339310526848,-0.01651361584663391,0.05156548693776131,-0.04185505211353302,-0.015347525477409363,0.06602588295936584,-0.005219940561801195,0.04848301038146019,-0.06522256880998611,-0.001939049456268549,0.020837970077991486,0.03943750262260437,0.02924587018787861,0.06422653794288635
-0.03896346315741539,0.03388603776693344,-0.030758902430534363,-0.05515225604176521,-0.02362647093832493,0.018418265506625175,0.06643480807542801,0.08475703001022339,0.013142223469913006,-0.03450781852006912,0.011881881393492222,-0.059117186814546585,0.032034117728471756,-0.020420491695404053,-0.06531435996294022,-0.04593803733587265,0.040667761117219925,-0.05412029102444649,0.05319792032241821,-0.03749946877360344
-0.06106184795498848,-0.022612102329730988,0.035716187208890915,0.05426988750696182,0.0014842289965599775,-0.0039857602678239346,-0.010419177822768688,0.06920452415943146,-0.023833125829696655,-0.003268004860728979,0.017276577651500702,-0.043608177453279495,0.06838425993919373,0.05384287238121033,0.022696267813444138,0.030228419229388237,0.016553398221731186,0.00918493140488863,-0.0081397145986557,-0.0424509160220623
0.00017492659389972687,-0.05168347805738449,-0.013224215246737003,0.056132763624191284,0.0020488917361944914,0.03749636560678482,0.05415775999426842,0.038761746138334274,0.05187990516424179,0.008985783904790878,0.04487858712673187,0.05616249889135361,-0.023597320541739464,-0.02473132498562336,0.07276391983032227,-0.04891551285982132,-0.030918048694729805,-0.09733474254608154,-0.043383099138736725,-0.030696013942360878
-0.06208723783493042,-0.04026147723197937,0.04304997995495796,-0.039266761392354965,0.04966535046696663,-0.008769389241933823,0.017477544024586678,0.03682921454310417,0.03083135187625885,0.02044566534459591,0.01034451462328434,0.025531522929668427,-0.04295405372977257,0.016399450600147247,-0.0054085105657577515,-0.016291899606585503,0.04750831797719002,-0.019755207002162933,0.02086092159152031,0.0595775805413723
0.027669137343764305,-0.0045490143820643425,-0.029634958133101463,-0.022286880761384964,0.009472806937992573,0.05731835588812828,0.07253504544496536,0.07380776852369308,-0.05428459495306015,-0.048930030316114426,-0.006978800520300865,-0.027513256296515465,0.027891775593161583,-0.0009234292083419859,0.045174386352300644,-0.021900344640016556,-0.009921706281602383,-0.006251010112464428,0.0767853707075119,0.02273249439895153
-0.039707913994789124,0.03933940455317497,0.053091056644916534,0.035583484917879105,-0.002713956171646714,-0.04652484133839607,0.014591899700462818,0.0331449881196022,0.01789037324488163,-0.014484548009932041,0.026582632213830948,-0.06580335646867752,-0.024271026253700256,0.07204527407884598,-0.006742183119058609,0.036832842975854874,0.043780479580163956,0.017568295821547508,0.02241804450750351,0.027053767815232277
0.02529091201722622,-0.03149931877851486,-0.006750845815986395,-0.05978396534919739,0.05210521072149277,0.029852505773305893,-0.001787660294212401,0.059441253542900085,0.0766821801662445,0.03192692622542381,-0.006382090970873833,-0.047411296516656876,0.035186637192964554,-0.028781630098819733,-0.039058394730091095,0.03473847359418869,0.02454327419400215,-0.09871579706668854,-0.03987251967191696,-0.02133050374686718
-0.06792888045310974,-0.018830811604857445,0.02813948504626751,0.025851357728242874,-0.010052019730210304,-0.040947284549474716,-0.03339312598109245,0.002937669400125742,0.048934124410152435,0.05197155848145485,0.04958907514810562,0.02369937114417553,-0.012421969324350357,-0.06150287389755249,0.04330094903707504,0.055964551866054535,-0.05058663710951805,-0.04951650649309158,0.05554268881678581,0.019678305834531784
0.0014228418003767729,-0.027680493891239166,0.08161652088165283,0.0017927809385582805,-0.009880470111966133,0.04371754452586174,0.03345364332199097,0.044926997274160385,0.04065357521176338,0.047729041427373886,-0.05934195965528488,-0.02637311816215515,0.017942992970347404,0.03739394620060921,0.0631173625588417,0.023875731974840164,0.005280574783682823,-0.022421469911932945,-0.013695457018911839,-0.05155830457806587
-0.0832250714302063,-0.027177441865205765,0.018394967541098595,0.04747261852025986,0.023239288479089737,0.0026737493462860584,0.071818508207798,-0.03701488673686981,-0.037205297499895096,-0.03816744685173035,0.006504211109131575,-0.031519126147031784,-0.035371504724025726,0.027976805344223976,-0.055438097566366196,0.03139086067676544,-0.04484117403626442,-0.07991451025009155,-0.018884234130382538,0.009560760110616684
-0.016648154705762863,-0.0406976193189621,-0.021882278844714165,0.058093536645174026,-0.045175664126873016,-0.014057978056371212,0.02887747809290886,0.03397517651319504,0.0502932034432888,0.059996023774147034,-0.08832966536283493,0.06404571980237961,-0.009319396689534187,0.05095527693629265,0.033533766865730286,0.019521761685609818,-0.0041571431793272495,-0.058459505438804626,-0.015420716255903244,-0.0010452285641804338
-0.028056053444743156,-0.01366645097732544,-0.029670344665646553,0.079010508954525,0.005003086291253567,0.06942489743232727,-0.0663098618388176,0.07861986011266708,0.07174865156412125,-0.04081380367279053,0.01222869660705328,0.022840065881609917,-0.0356614775955677,0.011611227877438068,-0.012076104059815407,-0.05923481658101082,0.032393038272857666,-0.07196767628192902,-0.04546772688627243,0.055174462497234344
0.047180622816085815,-0.04037446528673172,0.018541369587183,0.07763626426458359,0.033494945615530014,0.03697492182254791,-0.06343676149845123,0.09181097149848938,0.07938843965530396,-0.07030920684337616,-0.055424764752388,-0.03067667968571186,0.005214141681790352,-0.0027788893785327673,-0.042688436806201935,-0.027489084750413895,-0.05300131440162659,-0.06589193642139435,0.05758383125066757,-0.02587752602994442
-0.007560450118035078,-0.017432907596230507,-0.01013103686273098,0.05621673911809921,0.03331933915615082,-0.006355946883559227,0.059012170881032944,-0.021856876090168953,0.0667412057518959,-0.015554324723780155,0.01681068167090416,0.00885459128767252,0.015349834226071835,-0.008108756504952908,-0.038508787751197815,-0.04747931659221649,0.017678916454315186,-0.0669020265340805,0.08521758764982224,0.019166188314557076
-0.06221289560198784,0.021370070055127144,0.07938674837350845,-0.0003978889435529709,0.007156647276133299,-0.04418802261352539,0.06571245938539505,0.05214958265423775,0.009090648964047432,0.04870976507663727,0.040857136249542236,0.06988078355789185,-0.02576763927936554,-0.004285754635930061,-0.057567764073610306,-0.06824234873056412,-0.04500655457377434,-0.022857343778014183,0.02840491198003292,0.049603164196014404
-0.003204945707693696,-0.06550319492816925,0.021007537841796875,-0.046347808092832565,-0.06417004764080048,0.027029071003198624,0.018749751150608063,-0.019437698647379875,0.005891883280128241,0.004375204909592867,0.022713646292686462,-0.06091126799583435,-0.011721170507371426,0.019358018413186073,-0.024607649073004723,-0.021229969337582588,0.022613687440752983,-0.06464812159538269,0.013550507836043835,-0.08190365135669708
-0.05522588640451431,0.012034252285957336,0.05780040845274925,0.07866638153791428,0.035041481256484985,-0.04267939552664757,-0.062211956828832626,0.0697668120265007,-0.006820946931838989,0.032741062343120575,-0.05305853113532066,-0.07737044245004654,-0.006244990509003401,-0.04645747318863869,0.04621274396777153,0.06080750375986099,0.03101363405585289,0.026959169656038284,0.07671941071748734,-0.036420080810785294
-0.08265971392393112,0.02432265132665634,0.014203292317688465,-0.030218759551644325,0.024036606773734093,-0.02185269445180893,0.015871448442339897,0.019413067027926445,0.026379765942692757,0.026187442243099213,-0.04947667196393013,0.022411935031414032,0.0034552912693470716,-0.0070398785173892975,-0.02002405934035778,-0.05935603007674217,0.05004043132066727,-0.08662797510623932,0.0011039016535505652,0.06751125305891037
0.05007132142782211,0.023943010717630386,-0.031960826367139816,0.0594024695456028,0.023871956393122673,0.022272789850831032,-0.019088000059127808,0.0929059088230133,-0.009078308008611202,0.03646345064043999,-0.023274440318346024,0.01896381564438343,-0.004836102016270161,0.0023409961722791195,-0.02290632389485836,0.05185522139072418,-0.04144429787993431,0.011260312050580978,0.010132192634046078,0.021212030202150345
-0.07430873066186905,-0.0044582299888134,0.04099629819393158,-0.04930642247200012,0.0040046703070402145,-0.05161861330270767,-0.05590613931417465,0.08374541252851486,0.03548252582550049,-0.0020633984822779894,0.051502954214811325,-0.07175007462501526,0.07139399647712708,0.03375264257192612,-0.054763346910476685,-0.06190823018550873,0.06924112141132355,0.037762951105833054,-0.015091254375874996,0.035868048667907715
0.04388367757201195,-0.031171048060059547,0.07301829010248184,0.030551310628652573,-0.06340370327234268,-0.0029804648365825415,-0.004389645531773567,-0.03610211983323097,0.021592775359749794,-0.04389658570289612,-0.0424497127532959,0.005970811005681753,0.0398433692753315,-0.022469447925686836,0.007055032067000866,-0.03561851754784584,0.08083409816026688,-0.039229944348335266,0.05551816150546074,0.04321665316820145
-0.06343252956867218,0.0016843718476593494,-0.03863494470715523,-0.030854055657982826,-0.04856964573264122,-0.0011360178468748927,-0.03788064792752266,0.04686155542731285,0.0008791053551249206,-0.022770345211029053,-0.03152649849653244,-0.038111377507448196,-0.055465713143348694,-0.006571715231984854,0.05719467252492905,-0.04448196291923523,0.05281175300478935,-0.034214481711387634,0.06304147839546204,-0.0192088820040226
-0.056895263493061066,0.05356478691101074,-9.747419971972704e-05,0.004235467873513699,-0.015674691647291183,0.041255973279476166,0.029232144355773926,0.030713094398379326,0.04762544855475426,0.045254915952682495,-0.08694667369127274,0.007931118831038475,-0.012818006798624992,0.004432564601302147,0.022416776046156883,-0.007359777111560106,0.05925484001636505,-0.09257892519235611,0.03117942065000534,-0.002354866359382868
-0.05670607462525368,0.061529483646154404,0.05494318902492523,-0.051036641001701355,0.020336518064141273,0.049436748027801514,0.04790851101279259,0.06910540908575058,-0.00323765748180449,-0.0759972482919693,-0.011306225322186947,-0.06665109097957611,-0.04745137691497803,-0.02515147440135479,-0.03156321123242378,-0.019399022683501244,0.009444925002753735,-0.06725338101387024,-0.03885454684495926,0.02965547703206539
-0.04457017034292221,-0.04682236537337303,0.04889102280139923,0.07011681795120239,0.027330905199050903,0.045584775507450104,-0.05046732723712921,-0.01911883056163788,-0.04406876489520073,0.0027517646085470915,-0.07677903771400452,0.009667170234024525,0.061809126287698746,0.01631472259759903,-0.00708802230656147,0.06507717072963715,-0.0336768738925457,-0.10495790839195251,-0.01777872070670128,0.02576337568461895
-0.040060531347990036,0.03567002713680267,-0.04404965788125992,0.01958499476313591,-0.05298103764653206,0.06046362221240997,-0.026625944301486015,-0.010588501580059528,-0.020467080175876617,0.030514372512698174,-0.05880872905254364,0.04278138279914856,0.07782343029975891,-0.058598075062036514,0.07524199038743973,0.05683298036456108,0.003535336349159479,-0.08699388802051544,0.05784754082560539,0.05941900983452797
0.04345879331231117,-0.05000823363661766,0.005744576919823885,0.035680562257766724,-0.0007232310599647462,-0.014420274645090103,0.04412318766117096,0.04706517234444618,0.018058981746435165,0.011803158558905125,0.04919898509979248,-0.011504248715937138,-0.04375844821333885,0.012326317839324474,-0.03365342691540718,0.06601288914680481,-0.05963834002614021,0.003075722139328718,-0.032205745577812195,-0.04014167934656143
0.03323041647672653,0.040427643805742264,0.008374206721782684,0.02826583944261074,-0.05491556599736214,-0.0030055034440010786,-0.03935740888118744,-0.044344592839479446,0.05224668234586716,0.02662193588912487,-0.07586127519607544,-0.06659165769815445,-0.03174971789121628,-0.010367092676460743,0.033961035311222076,0.03021036460995674,0.026794640347361565,-0.046752218157052994,0.06010689213871956,-0.0033419679384678602
-0.04475024715065956,-0.038583338260650635,-0.03206215798854828,0.06685727089643478,0.026089753955602646,0.003349082078784704,0.07207607477903366,0.04154499992728233,-0.03497348353266716,0.027666129171848297,0.056916024535894394,0.01912865601480007,0.0376114584505558,-0.027193406596779823,0.021180810406804085,0.026170028373599052,-0.02453342266380787,-0.030187826603651047,-0.013381989672780037,-0.00767285842448473
0.044971954077482224,-0.025285087525844574,0.011717257089912891,0.035107918083667755,-0.004245969001203775,0.04436570033431053,0.04068566486239433,-0.0115136057138443,0.0061796545051038265,-0.047765813767910004,-0.08326814323663712,0.01723741739988327,0.020778531208634377,0.029009699821472168,-0.02801194228231907,0.0149869155138731,0.033719949424266815,-0.09811677783727646,-0.04590030014514923,-0.07551829516887665
0.00617502024397254,0.01408391259610653,0.04612749442458153,-0.013614684343338013,0.02459573745727539,0.06514725089073181,-0.02884162776172161,0.06365244090557098,0.005155360326170921,0.06352884322404861,-0.08549351245164871,0.02139965631067753,0.02853989787399769,0.021755699068307877,0.01258004643023014,-0.06418027728796005,-0.01683398149907589,-0.00681215850636363,-0.05396926403045654,0.013046632520854473
0.003865590086206794,-0.08006986230611801,0.02701438032090664,0.07545045018196106,0.010767852887511253,-0.021677132695913315,0.06367874890565872,-0.03362295404076576,0.05797630175948143,-0.04327280446887016,-0.012226168997585773,0.03417282551527023,-0.011530987918376923,-0.008340996690094471,-0.04844685643911362,-0.04072319343686104,0.040765903890132904,-0.09300678223371506,-0.04019075632095337,-0.030592652037739754
0.061535801738500595,0.054288093000650406,0.014983822591602802,0.04614320769906044,0.033097974956035614,0.011037389747798443,-0.00536990724503994,0.0177521500736475,0.05798444524407387,0.05037744715809822,-0.07497929036617279,0.014703616499900818,0.012317229062318802,0.0568099170923233,-0.05907364562153816,-0.006711222697049379,0.01829351857304573,0.013585632666945457,-0.017125235870480537,0.01761418767273426
0.010046390816569328,-0.04575054720044136,-0.053658708930015564,-0.0029819223564118147,0.026936812326312065,0.000402304925955832,-0.05266161262989044,-0.02725241705775261,0.038132864981889725,0.013644666410982609,0.05459435656666756,0.027176188305020332,0.0027185052167624235,0.024578114971518517,0.03989073634147644,-0.018157465383410454,-0.032420672476291656,-0.09373053908348083,-0.030346250161528587,0.041537895798683167
-0.00213459855876863,0.04032457619905472,0.06374061852693558,0.030817491933703423,-0.03524138778448105,-0.04374857246875763,0.011951315216720104,0.06416650116443634,0.0656534731388092,-0.013724752701818943,0.056656114757061005,-0.059445176273584366,0.028087077662348747,-0.016982819885015488,-0.005766495130956173,-0.060868002474308014,0.04884478449821472,-0.07633581012487411,0.017398834228515625,0.0356772281229496
-0.07430792599916458,-0.04830508306622505,0.013912159018218517,-0.06098552420735359,-0.008210335858166218,-0.032635126262903214,-0.007541927509009838,0.02361203543841839,0.062018021941185,0.0022663134150207043,-0.04101858660578728,0.021799959242343903,-0.0010480283526703715,-0.004093953873962164,-0.007865485735237598,0.028849391266703606,-0.03553026169538498,-0.02064625546336174,0.02665422111749649,-0.010676763951778412
-0.06780689209699631,0.012217213399708271,-0.029954420402646065,-0.04532352462410927,0.02254032902419567,0.025687621906399727,0.06853962689638138,-0.039938293397426605,0.0039805034175515175,0.031972043216228485,0.03683681786060333,0.05798632279038429,0.08545038849115372,-0.05323432385921478,0.016171501949429512,-0.03257010877132416,0.0038752106484025717,-0.0574190691113472,-0.03763836994767189,-0.039211902767419815
0.05981345474720001,-0.011502265930175781,0.02833711914718151,0.06448158621788025,-0.05834469571709633,0.06153055280447006,0.0040818252600729465,0.05732106789946556,-0.0538434199988842,0.07177094370126724,-0.05782784894108772,0.025948865339159966,-0.010901344008743763,-0.04088364541530609,0.060746319591999054,0.022740095853805542,0.01288860384374857,-0.08965050429105759,0.03332933411002159,-0.04891740530729294
0.04626541957259178,-0.07557152211666107,-0.029362229630351067,0.025327147915959358,-0.0617205947637558,0.03884413465857506,0.03458919748663902,-0.013174970634281635,-0.0015576541190966964,0.03107381798326969,-0.01693243719637394,-0.06070297211408615,0.05219850689172745,0.009126570075750351,0.02554374560713768,-0.008865569718182087,0.0431283675134182,-0.08433755487203598,0.07668140530586243,-0.024059666320681572
0.0006870042416267097,-0.07131875306367874,0.03936849534511566,0.011745098978281021,-0.018108835443854332,-0.012470661662518978,0.04491240531206131,-0.027274049818515778,-0.011136503890156746,0.015374714508652687,-0.03427121415734291,0.027436425909399986,-0.014550870284438133,-0.0003966201620642096,-0.050131190568208694,0.006655791774392128,-0.050326693803071976,0.04067761451005936,-0.0050023929215967655,-0.07950003445148468
0.013045907020568848,-0.012084084562957287,0.06056738644838333,-0.03049258328974247,-0.03183777630329132,-0.00018944453040603548,-0.04865562915802002,0.07318617403507233,0.0504378043115139,-0.07213713973760605,0.002188784535974264,0.00909417774528265,0.0714939758181572,0.05080675706267357,-0.010393313132226467,-0.06528405100107193,0.00025753688532859087,-0.01685708947479725,0.06767820566892624,-0.030589038506150246
-0.030346743762493134,-0.02989785373210907,-0.04953867942094803,0.02520940452814102,-0.0560726560652256,0.07827359437942505,-0.030758844688534737,0.022556349635124207,0.004868345335125923,-0.054716840386390686,-0.04010804742574692,-0.01341195683926344,0.040846675634384155,0.03540455549955368,-0.049588292837142944,-0.022856928408145905,-0.008848542347550392,-0.058613371104002,-0.017744675278663635,-0.06553862243890762
-0.06492860615253448,0.007750987075269222,0.06927578151226044,0.043038297444581985,0.05938851460814476,-0.049446430057287216,0.07696027308702469,0.05684315413236618,0.021250665187835693,-0.03100106120109558,-0.025696223601698875,-0.0386190190911293,0.06543080508708954,0.023455528542399406,-0.06721676141023636,0.03130728378891945,-0.0199865885078907,0.016283608973026276,0.02498888410627842,0.03686894103884697
-0.06465920060873032,-0.029148591682314873,0.0740213394165039,0.07554126530885696,-0.024776408448815346,0.01551028247922659,0.04238872602581978,0.06143554672598839,0.039632510393857956,-0.055414844304323196,-0.04455278813838959,-0.028488239273428917,-0.02852582558989525,0.008521398529410362,0.02278178371489048,-0.0006268189754337072,-0.022171836346387863,-0.09607326239347458,0.005754469428211451,0.04025644063949585
-0.04759274423122406,-0.03173908218741417,0.06043578311800957,0.01240801252424717,0.0007015738519839942,-0.055780403316020966,0.04043083265423775,-0.048863735049963,0.006542337592691183,-0.06750985980033875,0.0063087353482842445,-0.041275739669799805,0.032945841550827026,0.04473524168133736,0.00660025654360652,0.04103359580039978,0.08062263578176498,-0.054332371801137924,0.0812717080116272,-0.005599049851298332
-0.07594258338212967,0.026483377441763878,0.013244016095995903,0.07838933914899826,0.031752604991197586,0.014079643413424492,-0.00034887436777353287,0.09208353608846664,0.023106597363948822,0.07123368233442307,0.03429124131798744,-0.044754840433597565,-0.017973175272345543,-0.060344941914081573,-0.017257602885365486,0.06993915885686874,0.055904027074575424,0.005618799943476915,0.06620226800441742,0.01661841757595539
-0.06162705272436142,-0.05444056913256645,-0.010520671494305134,-0.043677300214767456,-0.06061252951622009,-0.019173163920640945,-0.027615543454885483,-0.028327103704214096,-0.02112348936498165,0.04586578905582428,-0.017587177455425262,0.047448817640542984,-0.04478444159030914,0.06952597200870514,-0.0558374784886837,0.049577344208955765,0.03587006404995918,0.012094005011022091,-0.01806611381471157,0.03731006383895874
0.02024545706808567,-0.04692475125193596,0.012575354427099228,-0.044693294912576675,0.05036318674683571,0.047307539731264114,0.034816816449165344,0.021606342867016792,-9.196202154271305e-05,-0.07858969271183014,0.05131794884800911,0.04930979758501053,0.04704789072275162,0.03063296712934971,0.031229432672262192,-0.011865976266562939,-0.05589874088764191,-0.043702393770217896,-0.006469386164098978,-0.06534773856401443
0.0033606940414756536,-0.03718240559101105,0.07966732978820801,0.053435735404491425,0.008378714323043823,-0.02776496857404709,-0.046743471175432205,0.024046601727604866,-0.05141546204686165,0.0430055595934391,0.01091071218252182,0.03826668858528137,0.006159814074635506,0.05027465149760246,0.035863518714904785,-0.016582228243350983,-0.027339667081832886,-0.0378180630505085,0.013861443847417831,-0.02382444217801094
-0.013059550896286964,0.038896191865205765,0.03223000466823578,0.061166781932115555,0.01211183425039053,0.06078338995575905,0.04156769439578056,0.06899330019950867,0.07655023783445358,-0.048156075179576874,0.05557072162628174,0.023409880697727203,-0.04681580886244774,0.0825568214058876,-0.03529560938477516,0.03347630798816681,-0.028763148933649063,-0.03985200449824333,0.08020474016666412,0.02498328872025013
0.020736565813422203,-0.006699458695948124,0.05055626481771469,0.02495431713759899,0.019626574590802193,-0.022616246715188026,0.06450378894805908,0.0026115833315998316,-0.045849837362766266,-0.06680076569318771,0.008544535376131535,0.05287126079201698,0.05736975744366646,-0.04088461026549339,0.03021293133497238,0.043123938143253326,0.00584018649533391,-0.06540603935718536,0.07825107872486115,0.03876318782567978
-0.05151163414120674,-0.022004952654242516,0.012945304624736309,-0.025134658440947533,-0.03166646882891655,0.011387352831661701,-0.03889477252960205,-0.03634363412857056,0.07631903886795044,-0.04216805100440979,0.04614853858947754,0.03460799902677536,-0.020667070522904396,0.06250298023223877,-0.053866542875766754,-0.0053988113068044186,0.00975798536092043,-0.029957840219140053,0.0507478229701519,0.04302675276994705
-1.6087251424323767e-05,0.025381235405802727,0.08395247161388397,0.08265428245067596,-0.011845072731375694,0.030282605439424515,-0.0017807441763579845,0.0765383243560791,-0.0326184518635273,-0.01977877877652645,0.012906880117952824,0.02403956651687622,0.06054697558283806,-0.06392768770456314,0.05417151749134064,-0.0177268385887146,-0.025056777521967888,0.026670850813388824,0.08355811983346939,-0.023417435586452484
-0.026031341403722763,-0.044281452894210815,-0.011343294754624367,-0.053584758192300797,-0.054713837802410126,0.06146017089486122,0.05655781924724579,0.02075129561126232,-0.0032319133169949055,-0.057693637907505035,0.052276838570833206,-0.07436303794384003,0.025020426139235497,0.024605704471468925,0.06613560765981674,0.001549183507449925,-0.035882581025362015,-0.1006573811173439,0.07199767976999283,0.028827419504523277
0.03224649652838707,-0.028033878654241562,-0.004085342865437269,0.03910505026578903,0.025920597836375237,0.011082674376666546,-0.011148897930979729,-0.041981041431427,-0.05623771995306015,-0.023442687466740608,0.035293158143758774,-0.01000218652188778,0.033749859780073166,0.0251690112054348,-0.005605545360594988,0.06793022900819778,-0.05369248613715172,0.03316807001829147,-0.011886374093592167,-0.03866319730877876
-0.06215273216366768,0.015573159791529179,0.06379840523004532,0.011791936121881008,-0.039779093116521835,-0.01120498962700367,-0.04572693258523941,0.06348658353090286,-0.024056943133473396,-0.07622358202934265,-0.043411172926425934,0.06872319430112839,0.056329745799303055,0.03331417217850685,0.010773756541311741,-0.053793035447597504,-0.04676737263798714,-0.08618713915348053,0.04742707684636116,0.016013450920581818
-0.04992213100194931,0.03465912118554115,0.023272648453712463,0.05826111510396004,0.02353651262819767,0.04411344602704048,0.0333256870508194,0.0415278859436512,0.028477681800723076,0.006955767050385475,0.0040778834372758865,-0.04138379916548729,0.02934408374130726,0.07793468236923218,-0.010992619208991528,-0.013560833409428596,0.027741407975554466,-0.04347215220332146,-0.027846118435263634,-0.040338724851608276
0.04173585772514343,-0.06402305513620377,0.029004020616412163,0.027176860719919205,0.04110555723309517,0.06625097990036011,-0.009082688950002193,0.019255422055721283,0.002627348992973566,-0.04498671367764473,0.00551893375813961,-0.025937970727682114,0.008986004628241062,-0.01835503987967968,0.053780097514390945,-0.030083350837230682,0.013901029713451862,-0.07925773411989212,-0.010173216462135315,0.054218828678131104
-0.07037179172039032,0.05568733438849449,-0.02861970104277134,-0.04805827513337135,0.021498925983905792,-0.03354111686348915,0.04495052993297577,0.07127925008535385,-0.006011853460222483,0.04578319564461708,-0.025749344378709793,0.040705837309360504,0.08926720917224884,0.08312246948480606,0.02719973959028721,0.06963089853525162,0.05588952824473381,-0.06900552660226822,-0.018206952139735222,0.0005404640105552971
-0.040374934673309326,0.027208685874938965,-0.031452447175979614,-0.0005855495110154152,0.034254856407642365,0.08489707112312317,0.0394529365003109,-0.02124050445854664,0.037295375019311905,0.01618809998035431,-0.07583548873662949,0.04713224619626999,0.0013844462810084224,-0.0164573322981596,0.011827950365841389,-0.037415456026792526,-0.03472106158733368,0.005566192325204611,-0.060427721589803696,-0.05842365697026253
-0.012799762189388275,-0.08154752850532532,-0.025859370827674866,0.04199783504009247,0.046140220016241074,-0.03726142644882202,-0.002776262816041708,0.06281861662864685,0.05486564710736275,-0.04727364331483841,-0.059234343469142914,-0.014294040389358997,0.05315538868308067,0.0429408922791481,0.037132494151592255,0.002771706087514758,0.031706519424915314,-0.09632799029350281,0.08584251254796982,-0.07081715762615204
-0.07744506746530533,-0.04677322506904602,-0.009798116981983185,-0.0376754067838192,-0.047303371131420135,0.07646835595369339,0.05846809223294258,-0.027443233877420425,-0.022152915596961975,-0.029009848833084106,0.03690089285373688,-0.04613179713487625,0.08093740046024323,0.053413551300764084,-0.006161222700029612,0.0553809218108654,-0.0021475960966199636,0.031320273876190186,0.023247845470905304,0.02871783822774887
0.057277366518974304,0.010396642610430717,-0.03688730299472809,-0.008756467141211033,0.016186978667974472,0.06671220809221268,0.001113539794459939,0.011214768514037132,0.02563030645251274,-0.0743633359670639,0.02014368772506714,0.05365173891186714,0.07455141097307205,-0.03778621554374695,-0.04132858291268349,-0.011902212165296078,-0.010003186762332916,-0.05925200507044792,0.035107098519802094,-0.03991502895951271
-0.02324075810611248,-0.06705185770988464,0.001656817039474845,0.003703678958117962,0.03439118340611458,-0.05082010477781296,0.04304773360490799,-0.032336313277482986,0.04651749134063721,0.00898575410246849,-0.07376916706562042,0.05718499794602394,0.07007350772619247,0.013452385552227497,0.04556365683674812,0.010112407617270947,-0.03209543228149414,-0.07949300855398178,0.028543297201395035,-0.04430282115936279
-0.030998721718788147,-0.029067497700452805,0.016608621925115585,-0.05587208271026611,-0.024058151990175247,0.025624461472034454,-0.043734923005104065,0.02979348413646221,0.07664129137992859,0.027891263365745544,-0.053688015788793564,-0.0054711331613361835,0.058965619653463364,0.04098552092909813,-0.062132373452186584,0.004096158780157566,0.021292347460985184,-0.08237747102975845,-0.01615554466843605,-0.035941530019044876
-0.0587296187877655,0.050495635718107224,0.0708141177892685,-0.01231569517403841,-0.0026089781895279884,0.04534946009516716,-0.04969785362482071,0.055288974195718765,0.06585539132356644,-0.03557440638542175,0.04419129714369774,-0.06079573929309845,-0.04793710634112358,-0.050964511930942535,-0.018889766186475754,0.064097099006176,0.01492107380181551,-0.0942092016339302,0.08197268098592758,-0.0052413963712751865
-0.040053270757198334,-0.04049528390169144,0.06108558177947998,-0.02045697346329689,-0.0779390037059784,-0.012997443787753582,0.04808352515101433,-0.03093635104596615,0.07685796916484833,0.03405287116765976,0.03728220984339714,0.051912371069192886,-0.03909420222043991,0.05108903348445892,0.03191174566745758,0.06599129736423492,-0.012933837249875069,0.02758457325398922,-0.05569582059979439,0.029187902808189392
0.018293866887688637,0.050910599529743195,0.055762339383363724,0.05579174682497978,-0.05168993026018143,0.07983921468257904,0.005045754835009575,-0.01639399304986,0.016690848395228386,-0.035788100212812424,-0.043618094176054,-0.04288402944803238,-0.020289672538638115,-0.057553790509700775,-0.020263435319066048,-0.05230803042650223,-0.05674298480153084,-0.03064952977001667,0.07694929838180542,-0.06114549562335014
-0.05474359169602394,-0.00015199207700788975,0.028106089681386948,0.012897895649075508,0.01807786524295807,-0.014857107773423195,0.03864027187228203,0.04922769218683243,0.018056031316518784,-0.03196960687637329,-0.0348714217543602,0.0334918349981308,0.023860981687903404,-0.04106767475605011,0.0024163529742509127,0.061229608952999115,-0.04890422895550728,-0.0771666020154953,0.03539265692234039,-0.06445817649364471
-0.06325075030326843,-0.03871222585439682,-0.053585752844810486,0.05070791020989418,-0.017065824940800667,0.05676533281803131,0.007602230180054903,0.0661071166396141,-0.01565939001739025,0.024220941588282585,-0.033766452223062515,0.023265933617949486,0.011722895316779613,-0.06369946897029877,-0.0007859714096412063,0.007444887887686491,-0.025167565792798996,-0.009479310363531113,0.07083405554294586,-0.03467174246907234
-0.0766606554389,-0.07395153492689133,0.05856705829501152,-0.05379796773195267,0.02189442329108715,-0.049183692783117294,0.02103831060230732,0.07715047150850296,0.06281251460313797,0.06738191097974777,-0.0801839530467987,0.057024694979190826,0.05575293302536011,-0.049644388258457184,0.06895416975021362,0.04092736542224884,0.06369111686944962,-0.052335288375616074,0.07573772966861725,-0.07203525304794312
0.03246595710515976,-0.015385093167424202,0.03840537369251251,0.07451586425304413,0.05480034649372101,0.01690874993801117,0.02057255432009697,0.03486558794975281,-0.0035072339233011007,0.02550559863448143,-0.022755011916160583,-0.04626866802573204,0.06395945698022842,0.06864576786756516,0.050808440893888474,-0.011706906370818615,0.07564231753349304,-0.03588997945189476,-0.027666103094816208,0.008308090269565582
-0.08034580200910568,0.0009966065408661962,0.011064181104302406,0.05839616060256958,0.045036282390356064,-0.02141222357749939,-0.02754923142492771,0.07409694790840149,0.0846455916762352,0.01407769788056612,0.022241512313485146,0.030053500086069107,0.026624199002981186,0.01762104406952858,-0.06823157519102097,-0.059226587414741516,0.01336847897619009,0.028594953939318657,0.06784465909004211,-0.0031875441782176495
0.038027551025152206,0.010462580248713493,0.08371198177337646,-0.01240107137709856,-0.06507749110460281,0.0034258998930454254,-0.06658831238746643,-0.019256748259067535,0.02899983711540699,-0.0545995868742466,-0.010465659201145172,0.02951992116868496,-0.0014100706903263927,-0.017360789701342583,-0.007912397384643555,-0.0749358981847763,-0.0005242509068921208,-0.08500050753355026,-0.019536416977643967,0.025186851620674133
-0.029893435537815094,0.0038101067766547203,-0.005502353888005018,0.07704689353704453,-0.015534033067524433,-0.041344285011291504,-0.01275459211319685,0.07782281935214996,0.07086650282144547,-0.06893676519393921,0.0484495684504509,-0.04457198083400726,-0.029950615018606186,0.028447942808270454,-0.009778173640370369,-0.03013373166322708,0.07145021855831146,0.015551580116152763,0.0681791678071022,0.05656466633081436
-0.07571281492710114,0.024926824495196342,-0.029961222782731056,0.013684826903045177,-0.033663079142570496,-0.04310814291238785,-0.05681019648909569,0.017908815294504166,0.05080277845263481,-0.06530610471963882,0.010725894011557102,-0.024603433907032013,-0.03405024856328964,-0.04844547435641289,-0.059945590794086456,-0.019479792565107346,-0.015350764617323875,-0.03638993203639984,0.060690198093652725,0.04203058034181595
-0.04859766736626625,0.03301883488893509,-0.027465812861919403,0.03244999423623085,-0.0037799705751240253,0.0007090736762620509,0.021236605942249298,0.04872724786400795,-0.04097680374979973,-0.07001583278179169,-0.043968427926301956,-0.044950347393751144,0.04713983088731766,-0.05797061324119568,0.0012506310595199466,0.04480684548616409,0.06717292964458466,-0.06494392454624176,-0.01964169554412365,-0.027910679578781128
-0.06907887011766434,-0.011217121966183186,-0.004824743140488863,0.0092558478936553,-0.00793487299233675,-0.00010837841546162963,-0.037674445658922195,0.0519254133105278,0.07304832339286804,-0.06929683685302734,0.04711439833045006,0.06315191090106964,0.0594162791967392,0.06398975104093552,-0.03880765661597252,-0.03533291444182396,-0.059862084686756134,-0.057282768189907074,0.058137815445661545,0.029194975271821022
-0.015850696712732315,0.04089263826608658,-0.05212269350886345,-0.03883909061551094,-0.05590168386697769,0.05212079733610153,0.048204436898231506,0.06832641363143921,-0.03334095701575279,0.043201711028814316,-0.0826541930437088,0.06065208464860916,0.07115080207586288,0.051011525094509125,-0.022529736161231995,-0.0036797819193452597,0.0034357556141912937,-0.007353660184890032,-0.037055596709251404,-0.015642141923308372
0.024769358336925507,-0.024353500455617905,-0.042548589408397675,-0.05557689443230629,0.06608350574970245,0.06393211334943771,-0.02940685860812664,0.03827035427093506,-0.01776195876300335,-0.048334237188100815,0.027301371097564697,-0.05060158669948578,0.024117935448884964,-0.026778198778629303,0.07056400924921036,0.022301310673356056,0.03514325991272926,-0.06885683536529541,0.009253025986254215,-0.0713767483830452
-0.059139493852853775,-0.04636406525969505,0.028101831674575806,0.037721987813711166,0.03368522971868515,0.06657514721155167,-0.055217429995536804,0.014857558533549309,0.0701068714261055,0.05033294856548309,0.010111543349921703,0.060659896582365036,0.011611797846853733,-0.006035332102328539,-0.035505130887031555,0.07006966322660446,-0.019661594182252884,-0.07014504075050354,0.06349663436412811,-0.0760326087474823
-0.06350459158420563,-0.006769493222236633,0.012599674053490162,0.03940502926707268,0.021273327991366386,0.05893970653414726,-0.010397491976618767,-0.040441207587718964,-0.021736128255724907,-0.0711907222867012,0.038600631058216095,-0.06403892487287521,0.038295865058898926,0.05460591986775398,0.029448404908180237,-0.002811056561768055,0.07287026196718216,-0.09719163179397583,-0.052231140434741974,-0.022771760821342468
-0.05653875693678856,0.045161232352256775,-0.026262182742357254,-0.04969562590122223,0.021866528317332268,0.05233129858970642,-0.0063990079797804356,0.0018652533181011677,0.02496146783232689,0.023048868402838707,-0.06303858011960983,-0.006538218352943659,-0.017741229385137558,0.03647327050566673,-0.024853959679603577,-0.03944241255521774,-0.022485587745904922,-0.09385792911052704,-0.00836718175560236,-0.037447892129421234
-0.05431376397609711,0.0012026771437376738,-0.008490990847349167,0.0665428563952446,-0.02727791853249073,0.06372307986021042,0.005577391944825649,-0.009122451767325401,0.026249375194311142,0.04821527376770973,-0.07206542044878006,-0.038195934146642685,0.04403674975037575,-0.011964850127696991,-0.026800811290740967,0.07263939082622528,0.07195168733596802,0.012872309423983097,-0.00045017473166808486,-0.04330980032682419
-0.031066738069057465,-0.06856214255094528,0.012128680944442749,0.018039707094430923,0.06752488017082214,0.023953231051564217,-0.0016449459362775087,0.01360662654042244,-0.021992191672325134,0.03658948838710785,-0.0734369307756424,-0.034284692257642746,-0.043847329914569855,-0.04524660110473633,0.06870030611753464,0.02561301365494728,-0.04017364978790283,-0.0785723552107811,0.06228998675942421,0.006946960464119911
0.019281888380646706,0.02383667230606079,0.05674208328127861,0.04765179753303528,-0.06166019290685654,0.07474208623170853,0.004263125825673342,-0.027716780081391335,0.07509364932775497,0.02173055335879326,0.03761701658368111,-0.055076900869607925,-0.04084223508834839,0.017386268824338913,-0.04289468377828598,-0.05210026726126671,-0.013861969113349915,-0.06652887165546417,0.07623551785945892,0.0039138831198215485
0.02603163942694664,0.04908217117190361,0.08060183376073837,-0.029313035309314728,-0.04199651628732681,-0.044502340257167816,-0.04364440217614174,0.048926301300525665,-0.045094866305589676,-0.00711263669654727,0.004681626800447702,8.834228356136009e-05,0.07333027571439743,0.059953268617391586,-0.046589065343141556,0.05802997201681137,0.017035920172929764,-0.07479430735111237,0.03368218243122101,-0.04307571053504944
0.04234256222844124,-0.05256455019116402,0.08113764971494675,0.0345783457159996,-0.0641024112701416,0.018638215959072113,-0.034132473170757294,0.004714542999863625,0.02915428951382637,-0.06944556534290314,-0.0678609311580658,0.027190551161766052,0.03132329508662224,0.020433146506547928,-0.04583432152867317,0.015478463843464851,-0.056750379502773285,-0.04868435114622116,0.020502042025327682,0.018101638182997704
0.06031562387943268,-0.03244880959391594,0.007746693212538958,-0.014036593958735466,0.005778751336038113,0.022078853100538254,0.04823148623108864,0.04293875768780708,0.06813030689954758,0.05150356516242027,0.021420104429125786,-0.014693064615130424,-0.019654009491205215,0.04701894149184227,-0.029219750314950943,0.04256296530365944,0.07424939423799515,-0.0030452783685177565,-0.0004385103238746524,-0.0361921563744545
-0.0707019791007042,0.05234738811850548,-0.039832811802625656,0.06943072378635406,-0.05569768697023392,0.03333233669400215,0.022774506360292435,0.06980864703655243,-0.030545108020305634,-0.02174665965139866,0.05254623666405678,0.03031078726053238,0.0784730613231659,-0.009818819351494312,-0.052460428327322006,0.03024740144610405,0.041930269449949265,-0.0450851134955883,-0.046447575092315674,-0.07881196588277817
-0.0205339714884758,-0.0723763257265091,-0.004736483097076416,0.06285957992076874,0.06615953892469406,0.0075060841627418995,0.06789339333772659,-0.003988081123679876,0.0023222551681101322,0.057892508804798126,0.0004567790892906487,0.06482970714569092,0.06666597723960876,0.036314647644758224,-0.033083874732255936,-0.03587563335895538,0.0760331079363823,-0.099147267639637,0.06236402317881584,0.00951859075576067
0.06022880598902702,-0.002071715658530593,-0.0036158612929284573,-0.05137866735458374,-0.07245124131441116,-0.045489054173231125,-0.06184409558773041,-0.0410635843873024,0.03841472417116165,0.004639130085706711,-0.0750470831990242,-0.06075683981180191,0.06776978075504303,-0.02888573706150055,0.06536614894866943,-0.024513084441423416,0.0755244642496109,-0.040645744651556015,0.007429735269397497,-0.05244523286819458
0.03979847580194473,-0.07067853957414627,-0.014743132516741753,0.03896412253379822,0.015264345332980156,0.014852561056613922,0.0512048564851284,-0.04662109911441803,0.030124684795737267,0.02861485816538334,-0.01763690635561943,-0.07419334352016449,0.03678257018327713,0.08249565213918686,-0.011243555694818497,0.059045519679784775,0.03836340457201004,-0.06702493876218796,0.002719937125220895,0.03418898582458496
0.05985463038086891,0.04353104531764984,-0.030210424214601517,0.04841298609972,0.028308764100074768,-0.05160898715257645,-0.06994093209505081,-0.00019938773766625673,0.06347937136888504,-0.06997136026620865,0.0010413115378469229,-0.017163632437586784,-0.027890637516975403,-0.028763538226485252,0.05179117992520332,0.06284082680940628,0.02965480089187622,0.03190129995346069,0.054793693125247955,0.06560508906841278
-0.044469501823186874,-0.026419872418045998,0.05131492391228676,0.0769646167755127,0.048100147396326065,0.027853921055793762,0.04229683801531792,-0.02341410145163536,0.06313246488571167,-0.03033185936510563,-0.0010588353034108877,-0.05149143934249878,-0.05198000743985176,-0.036760371178388596,-0.0010228618048131466,-0.055444229394197464,0.01242046058177948,0.03923413157463074,-0.007944395765662193,-0.06614598631858826
-0.05588066205382347,0.042433254420757294,-0.035263437777757645,0.06679479777812958,-0.047098852694034576,0.056170348078012466,0.004707495216280222,-0.006357469595968723,0.058076292276382446,-0.052365515381097794,-0.05630776658654213,0.051178302615880966,-0.003800095058977604,-0.034573573619127274,-0.026475204154849052,-0.029199490323662758,-0.008098477497696877,-0.03722076117992401,-0.037238191813230515,-0.0013348195934668183
0.001601017895154655,0.03056311048567295,-0.031101491302251816,0.045154158025979996,-0.016070252284407616,0.029077600687742233,0.05902675911784172,0.06645773351192474,-0.020632324740290642,0.019113142043352127,-0.058303140103816986,0.06211882829666138,-0.003149220487102866,-0.0004351123934611678,-0.03665924072265625,0.06809487193822861,-0.04035467654466629,0.03059535101056099,-0.02967781387269497,0.05096268653869629
0.04044546186923981,0.0361296646296978,-0.021389245986938477,-0.04804660379886627,-0.010778306052088737,0.048359449952840805,0.04094711318612099,0.0021817598026245832,0.05452596768736839,-0.07247660309076309,0.030261363834142685,0.06873282045125961,0.06530886143445969,0.04572349414229393,-0.06578506529331207,0.06483050435781479,0.00021491771622095257,0.02724200114607811,-0.04972527548670769,-0.011825666762888432
0.019080474972724915,0.058505479246377945,-0.021543093025684357,-0.0016242892015725374,-0.00011191761586815119,-0.02676956169307232,-0.030211925506591797,-0.017752202227711678,-0.022353705018758774,-0.04583853483200073,-0.04065798223018646,0.06742001324892044,0.08061625808477402,0.053909242153167725,-0.01069603767246008,-0.02795201726257801,0.06634471565485,0.035715460777282715,-0.05049974471330643,0.051861900836229324
0.00233778590336442,-0.030867304652929306,-0.04864109307527542,-0.028118858113884926,0.018889687955379486,0.07050613313913345,-0.007860668934881687,-0.002397630363702774,0.0020066131837666035,0.033674269914627075,0.04449683800339699,-0.05720971152186394,-0.04111142456531525,-0.0332653671503067,-0.009553399868309498,0.06073854863643646,0.04999873414635658,-0.04733587056398392,0.062493547797203064,0.002277171239256859
-0.010937751270830631,0.007565529551357031,0.015382824465632439,-0.040864378213882446,-0.042119529098272324,0.07396490126848221,-0.06251607090234756,-0.01269536092877388,0.04923567920923233,0.06992881745100021,-0.03014141507446766,0.0560491718351841,-0.014259216375648975,-0.0417213998734951,0.04059448838233948,0.04415587708353996,-0.062172289937734604,-0.06823018938302994,-0.05930393934249878,0.02080455981194973
-0.044220924377441406,0.05426989123225212,-0.00963843334466219,0.07409217208623886,-0.04770537093281746,0.06389331817626953,-0.04261134937405586,-0.04484274610877037,0.02072388492524624,0.03382522985339165,-0.06788517534732819,-0.0035140367690473795,-0.015916014090180397,0.03725972771644592,-0.015087272971868515,0.06843408197164536,-0.038102153688669205,-0.07466468214988708,-0.04211369529366493,0.03626175969839096
0.03817157819867134,-0.06936904788017273,0.07729710638523102,0.04041177034378052,-0.06817065924406052,0.017826013267040253,-0.06515056639909744,0.032622117549180984,0.016711564734578133,0.00247219018638134,-0.03803962469100952,-0.020642908290028572,-0.04167512059211731,-0.01603657938539982,-0.03690767660737038,-0.031609147787094116,-0.01860508881509304,-0.013007894158363342,0.040190353989601135,0.03320130705833435
-0.07966544479131699,0.007111449725925922,0.06518680602312088,0.03689116984605789,-0.01558439526706934,-0.05384574085474014,-0.010661249049007893,0.06270851194858551,0.054272107779979706,-0.014982662163674831,-0.053855836391448975,-0.06238840892910957,0.0610860250890255,-0.007952939718961716,0.05977035313844681,0.03335191681981087,0.0545772984623909,0.0026421891525387764,0.07632187753915787,0.038821518421173096
-0.03393968939781189,-0.07436338067054749,-0.04670654237270355,-0.052848782390356064,-0.026506060734391212,0.02974259853363037,-0.030099671334028244,0.051030684262514114,0.07201151549816132,0.05930693820118904,-0.08150172978639603,-0.02803010679781437,-0.03645320236682892,0.037870801985263824,-0.05018250644207001,-0.03573230281472206,0.06727652996778488,-0.06956876814365387,0.07377271354198456,0.028236156329512596
0.0036904551088809967,0.03166702762246132,-0.006724695209413767,-0.022388281300663948,0.004535970743745565,0.055735282599925995,-0.04438335448503494,0.019506264477968216,0.025247938930988312,0.019918693229556084,-0.020336870104074478,-0.010830199345946312,0.025312084704637527,0.054124657064676285,0.022317223250865936,0.018830178305506706,0.0016449635149911046,-0.017126452177762985,0.07230021804571152,0.004620852414518595
-0.04431896656751633,-0.00026134660583920777,0.05934063717722893,0.044331762939691544,0.06399837136268616,0.01764799654483795,0.009469971060752869,-0.021721843630075455,0.01686425879597664,-0.01083124428987503,0.04395535960793495,-0.0008171581430360675,-0.020004013553261757,0.01974434219300747,0.0036035969387739897,-0.05540871620178223,-0.01327142771333456,-0.023062806576490402,0.08390775322914124,-0.00658416748046875
0.016107220202684402,-0.07586833089590073,0.03291122615337372,0.02969195507466793,0.009830188006162643,0.08475133031606674,0.07174309343099594,0.04192687198519707,0.06379951536655426,-0.018371252343058586,-0.056805286556482315,-0.022306161001324654,0.08344406634569168,-0.014261525124311447,-0.037937797605991364,0.019576311111450195,-0.013180844485759735,0.011324252001941204,0.061778392642736435,-0.049511734396219254
-0.031812507659196854,-0.013686003163456917,-0.034063369035720825,-0.021963268518447876,0.05016689375042915,-0.020378513261675835,0.060640301555395126,-0.03805416449904442,0.01731608808040619,-0.04077541083097458,-0.06732755899429321,-0.03196245804429054,-0.0414404571056366,-0.044324152171611786,0.05765822157263756,-0.027965884655714035,0.04980078712105751,-0.03250930830836296,-0.04522613063454628,0.017105253413319588
0.005925032775849104,-0.05878431722521782,0.0021140347234904766,0.07216135412454605,-0.04344746097922325,-0.01746462471783161,0.05479682981967926,0.012424662709236145,0.03433431312441826,-0.005737991537898779,-0.06808345764875412,0.0549631342291832,0.023527033627033234,-0.03528011590242386,-0.0038618543185293674,-0.033740364015102386,-0.014906391501426697,-0.02192601189017296,0.001864645048044622,0.017463205382227898
-0.047153208404779434,0.04662255570292473,0.08082543313503265,0.030853886157274246,-0.04469400644302368,0.00785620603710413,0.000825664377771318,-0.025960106402635574,-0.0031024354975670576,-0.07358261942863464,-0.07253056019544601,0.06346545368432999,0.041120901703834534,0.04634327441453934,-0.0025050074327737093,-0.04933430254459381,-0.042106714099645615,-0.09293399006128311,-0.03166957572102547,-0.06454770267009735
-0.08352112770080566,0.00013886640954297036,0.06554306298494339,0.08030631393194199,0.031565845012664795,0.05781494081020355,0.008614086546003819,0.08410158008337021,0.0755004808306694,0.04648026078939438,0.009303503669798374,-0.043353695422410965,-0.0416174978017807,0.017174117267131805,-0.008610428310930729,-0.009621160104870796,0.01736907847225666,-0.05905598774552345,0.010861748829483986,0.010387642309069633
-0.07286082953214645,-0.012907538563013077,0.08881447464227676,0.021916620433330536,-0.0007241360726766288,-0.01361815445125103,-0.002929155481979251,0.07568157464265823,0.0738469660282135,-0.0006772628985345364,-0.06846290081739426,0.023923128843307495,0.07849172502756119,-0.047862064093351364,0.07116955518722534,-0.06195679306983948,0.04805513471364975,-0.05695473775267601,0.02659248188138008,0.03974295035004616
-0.07984182983636856,-0.05239880830049515,-0.040736522525548935,0.07278520613908768,-0.06863183528184891,-0.057684265077114105,-0.006453948561102152,-0.014451437629759312,0.0009277074714191258,-0.0300435870885849,-0.07379166781902313,0.06627566367387772,0.02051912434399128,-0.010631171986460686,-0.03474126756191254,-0.013688822276890278,0.04297719895839691,-0.0923960730433464,0.06726764142513275,-0.02861306071281433
-0.08094210922718048,0.04364420473575592,0.020980892702937126,0.025031689554452896,-0.010016913525760174,-0.04877631366252899,0.06730359047651291,-0.0030499605927616358,0.05519455671310425,-0.029494358226656914,0.0026694207917898893,0.0009001406142488122,0.04802499711513519,-0.04841111972928047,-0.0037627671845257282,-0.035468507558107376,0.04093759506940842,-0.09049051254987717,-0.05538932979106903,0.04081352800130844
0.051715970039367676,-0.07351839542388916,-0.020275821909308434,0.015341619960963726,0.010648501105606556,-0.004574877675622702,-0.05593107268214226,0.08527602255344391,0.029237601906061172,-0.054742638021707535,-0.03426755592226982,-0.038427166640758514,-0.031700942665338516,-0.008023682981729507,-0.01767238974571228,-0.026583069935441017,-0.001358591252937913,0.008246812969446182,-0.03753833472728729,-0.0531562976539135
-0.013862038031220436,0.05414954200387001,0.03592709079384804,0.045984167605638504,-0.009416171349585056,0.05879748612642288,-0.005589037202298641,0.034750208258628845,0.07040277123451233,0.006375391501933336,0.032657869160175323,0.007756901904940605,-0.008233504369854927,-0.0013527491828426719,-0.017911631613969803,-0.06065303087234497,-0.029734576120972633,-0.055698346346616745,-0.02986852265894413,-0.04462999477982521
-0.07338891923427582,0.03691723942756653,0.03460979834198952,0.04969562217593193,-0.035720888525247574,0.034860409796237946,0.032000694423913956,-0.031042486429214478,0.08666631579399109,-0.07748260349035263,-0.08964623510837555,-0.025862839072942734,-0.057415347546339035,-0.03558074310421944,-0.05741284787654877,-0.07457367330789566,-0.017357278615236282,-0.0033480795100331306,0.0690738633275032,-0.016297003254294395
0.05080574378371239,0.04542393609881401,0.049593690782785416,0.05750260874629021,-0.05330296978354454,-0.029424360021948814,0.027673054486513138,0.018404969945549965,0.05285756662487984,-0.03794447332620621,-0.07310745865106583,0.03845476731657982,-0.05898970365524292,-0.016750672832131386,-0.05752319470047951,-0.05447131767868996,0.0334339365363121,-0.06064862012863159,0.007337516639381647,0.0711502954363823
0.05013568326830864,-0.021534599363803864,0.014043400064110756,0.02206590585410595,-0.017612414434552193,-0.04425091668963432,0.06483979523181915,0.040367111563682556,-0.025157462805509567,-0.00711267301812768,-0.08088758587837219,-0.017517557367682457,0.07845847308635712,-0.00939081609249115,-0.0541449636220932,0.024390723556280136,0.028457462787628174,-0.03137121722102165,0.01981513388454914,0.0015750633319839835
0.05013568326830864,-0.021534599363803864,0.014043400064110756,0.02206590585410595,-0.017612414434552193,-0.04425091668963432,0.06483979523181915,0.040367111563682556,-0.025157462805509567,-0.00711267301812768,-0.08088758587837219,-0.017517557367682457,0.07845847308635712,-0.00939081609249115,-0.0541449636220932,0.024390723556280136,0.028457462787628174,-0.03137121722102165,0.01981513388454914,0.0015750633319839835
0.05013568326830864,-0.021534599363803864,0.014043400064110756,0.02206590585410595,-0.017612414434552193,-0.04425091668963432,0.06483979523181915,0.040367111563682556,-0.025157462805509567,-0.00711267301812768,-0.08088758587837219,-0.017517557367682457,0.07845847308635712,-0.00939081609249115,-0.0541449636220932,0.024390723556280136,0.028457462787628174,-0.03137121722102165,0.01981513388454914,0.0015750633319839835
-0.0314355194568634,0.01846829056739807,-0.0010772061068564653,-0.004094367381185293,-0.08094202727079391,-0.049269698560237885,0.035948242992162704,-0.01018573809415102,0.08437667787075043,-0.019426735118031502,0.0015555621357634664,-0.041570696979761124,0.0690116211771965,0.021705206483602524,-0.028712108731269836,-0.0653628557920456,0.0811041072010994,-0.0684831514954567,-0.057546861469745636,0.057746678590774536
-0.04548872262239456,0.002526505384594202,-0.03940710425376892,-0.0069104330614209175,-0.06905032694339752,0.054426081478595734,-0.04657325521111488,0.0056009311228990555,-0.010478660464286804,-0.010417683981359005,0.058579348027706146,-0.05781407281756401,0.08336679637432098,0.06829731166362762,-0.007114125415682793,0.05360206961631775,0.06518146395683289,-0.05858909338712692,0.030284933745861053,-0.004260892514139414
-0.07517673820257187,-0.07310004532337189,-0.008396582677960396,0.054371025413274765,0.00254065846092999,0.06112513691186905,0.06841918081045151,-0.04333653301000595,0.07036558538675308,-0.03717883303761482,-0.07870931923389435,0.07563134282827377,-0.038857556879520416,-0.03840130195021629,0.008917159400880337,0.03903837502002716,0.023617511615157127,0.014913954772055149,0.09448850899934769,-0.0262591652572155
-0.03480120748281479,-0.014830206520855427,0.05057791993021965,0.07214806228876114,-0.020048271864652634,0.06087877228856087,0.038649920374155045,0.08773864060640335,0.006117293145507574,-0.030890779569745064,0.030347412452101707,0.03252466395497322,0.03703152760863304,0.01147292461246252,0.06216278672218323,0.06581929326057434,-0.03868749737739563,0.017125869169831276,0.009154393337666988,-0.06269975006580353
-0.05531854182481766,-0.001442784327082336,0.03840753063559532,0.029841411858797073,-0.06868597120046616,-0.01409035176038742,-0.01678384281694889,0.026886332780122757,-0.01708284765481949,-0.04181504622101784,-0.0816495418548584,0.0449942983686924,-0.008864602074027061,-0.03169248625636101,0.0638979971408844,0.07089849561452866,-0.01630133017897606,-0.06272321194410324,0.05876278132200241,-0.06609786301851273
-0.053624458611011505,-0.05513244494795799,-0.019647985696792603,0.031732089817523956,-0.06225166097283363,0.03235772252082825,0.05143633857369423,0.08080615848302841,-0.03740280866622925,0.010676716454327106,0.008990343660116196,-0.053125299513339996,0.009763653390109539,-0.061748821288347244,-0.04207077994942665,-0.0661124661564827,0.059541840106248856,-0.025796467438340187,0.06863223761320114,0.051272884011268616
-0.08161813765764236,-0.02003701590001583,0.051683586090803146,-0.024614732712507248,-0.053797826170921326,-0.05792680382728577,-0.027483221143484116,-0.028110072016716003,0.07540707290172577,-0.031019095331430435,-0.08284036815166473,0.0583253875374794,0.05085008963942528,-0.043632376939058304,-0.01621701940894127,-0.0021573808044195175,0.04792578145861626,-0.030222449451684952,0.044977884739637375,0.020074758678674698
-0.04305047541856766,-0.04014896601438522,-0.03347625583410263,-0.05375262349843979,-0.03249240294098854,-0.04745246097445488,0.017101963981986046,-0.0003541921032592654,0.09299764037132263,-0.06373666971921921,-0.0626182034611702,0.016062142327427864,0.0018073420505970716,0.062264252454042435,-0.0233893021941185,0.0031500300392508507,-0.05199955776333809,-0.04824259877204895,0.02265619859099388,-0.03438538685441017
-0.04961318522691727,-0.0026644389145076275,-0.04706328734755516,-0.050265833735466,0.04311525449156761,0.004099757876247168,-0.05095311254262924,0.05667758733034134,0.04672866314649582,-0.06580144166946411,-0.060717687010765076,0.005645170342177153,-0.05313091725111008,0.027286570519208908,-0.015202950686216354,-0.02048899605870247,-0.03882467746734619,-0.007288965862244368,-0.006399246398359537,0.03651651740074158
-0.009013419970870018,-0.05039052292704582,-0.036230459809303284,0.04663262516260147,-0.07356072217226028,-0.04027830436825752,0.022645626217126846,0.056740496307611465,0.006000451277941465,0.03502548113465309,-0.05136238783597946,-0.05044206231832504,-0.04978296905755997,-0.0031613062601536512,0.05937673896551132,0.004907009191811085,-0.001717272913083434,-0.0518341027200222,-0.04921753332018852,0.011512171477079391
0.00011451097816461697,0.020048312842845917,-0.027035236358642578,0.011280459351837635,0.04665081948041916,0.017472030594944954,0.024267353117465973,0.05369140952825546,0.003567114705219865,0.013366126455366611,-0.059898629784584045,-0.022585507482290268,0.06211720034480095,-0.0657564029097557,0.06533142924308777,-0.0007999319932423532,0.05866082385182381,-0.08772841095924377,0.047493647783994675,0.028880776837468147
0.020391685888171196,0.04663034528493881,0.07545481622219086,-0.007681649643927813,-0.007098017726093531,0.057799480855464935,-0.06447857618331909,0.09209445863962173,0.007207745686173439,-0.0501461997628212,-0.0035014995373785496,-0.06202081963419914,0.013188698329031467,0.027807313948869705,0.02543666772544384,-0.05886901915073395,0.060262031853199005,-0.07097511738538742,0.027403470128774643,-0.05990134924650192
-0.026241401210427284,0.0019433064153417945,0.005240685772150755,-0.029096806421875954,0.06780152767896652,0.06291654706001282,-0.055675946176052094,0.019893061369657516,0.011487512849271297,-0.06689947843551636,-0.020794307813048363,0.06191236153244972,-0.05833283066749573,0.0644540935754776,0.009442301467061043,0.03476979210972786,-0.017862701788544655,0.009088143706321716,0.005942523013800383,0.050041742622852325
-0.03970634564757347,-0.00016367949137929827,-0.05041130632162094,-0.037970129400491714,-0.07333217561244965,0.04122082516551018,0.03295418247580528,0.031780388206243515,0.0710378885269165,-0.04218147695064545,-0.08332808315753937,0.00844393391162157,0.03277715668082237,0.05525992065668106,-0.00892289076000452,-0.044837117195129395,0.0668109580874443,-0.01859484799206257,0.005322659853845835,-0.07562088966369629
0.01631927490234375,0.028498675674200058,0.022080013528466225,-0.016517583280801773,-0.011496912688016891,0.07005041092634201,0.03423815965652466,0.007251754403114319,-0.03892172500491142,0.05114298686385155,-0.06348013877868652,0.06503048539161682,0.03313816338777542,0.05907779186964035,0.05949960649013519,0.010219363495707512,0.019168799743056297,-0.06416682153940201,0.08688464015722275,-0.03831227496266365
0.04971993714570999,-0.028545018285512924,0.053025178611278534,-0.020807387307286263,-0.021208420395851135,0.03622773289680481,0.018843121826648712,-0.01906639151275158,0.025674182921648026,0.03675786778330803,-0.04842266067862511,-0.05524802580475807,0.08509805053472519,-0.055121779441833496,-0.05373642221093178,-0.05281359329819679,0.047435928136110306,-0.07134689390659332,-0.055012576282024384,0.015656093135476112
0.03252655267715454,-0.04156915098428726,0.0511329248547554,-0.05028297007083893,0.0024012955836951733,0.031331777572631836,-0.06183314695954323,0.06091621518135071,0.024820765480399132,0.034697264432907104,-0.024124743416905403,0.054931506514549255,0.03321118280291557,0.018560556694865227,0.034129198640584946,0.002334758173674345,-0.0576496459543705,0.029615208506584167,0.0464489609003067,-0.010087333619594574
-0.018778756260871887,-0.07502152770757675,0.006332249380648136,-0.026108285412192345,0.060841817408800125,0.055517856031656265,-0.039429955184459686,0.0711565762758255,0.00848341640084982,-0.03971245884895325,-0.051028840243816376,-0.04509534314274788,-0.027277885004878044,0.061421629041433334,-0.04901233687996864,-0.0462474524974823,0.06521492451429367,0.012298926711082458,0.01790931075811386,-0.06087149679660797
-0.02495574578642845,-0.02725216932594776,0.035758763551712036,-0.04481502249836922,0.02882598713040352,0.033660534769296646,-0.05002228915691376,0.08676024526357651,0.022603482007980347,-0.048727475106716156,-0.03340643644332886,-0.03091478906571865,0.0086265429854393,0.00747623760253191,0.050848428159952164,-8.684488420840353e-05,-0.0368633046746254,-0.05921442434191704,0.06953011453151703,0.040461476892232895
0.03756173327565193,0.04178187623620033,0.0450020469725132,-0.03240862488746643,-0.032983921468257904,-0.0551462285220623,0.05266014114022255,0.019024845212697983,0.037736523896455765,-0.06781467795372009,-0.03742603212594986,-0.0037888798397034407,0.07595671713352203,-0.05377107486128807,-0.04844776540994644,-0.003962245769798756,-0.02045872062444687,0.0097884526476264,0.014839536510407925,-0.019449383020401
-0.04936514049768448,0.05593442916870117,0.05825566500425339,-0.05456238612532616,-0.028659693896770477,0.0511971190571785,0.0320204496383667,0.09012532979249954,0.06775448471307755,0.0361613929271698,0.01712782308459282,-0.05331995710730553,0.03617072105407715,-0.031162450090050697,-0.0032945715356618166,0.009915816597640514,-0.030628236010670662,0.035370346158742905,0.030509887263178825,0.003315343288704753
-0.017789870500564575,-0.020652174949645996,0.013639949262142181,0.00200672191567719,-0.05000285431742668,-0.023921944200992584,0.07985889911651611,0.0628964751958847,0.037519387900829315,0.028073543682694435,0.0008732874994166195,0.058407124131917953,-0.04455787315964699,0.002646432491019368,0.007187958806753159,-0.04982798174023628,-0.027026761323213577,0.005962271708995104,0.08657646179199219,-0.029279528185725212
0.005497375037521124,0.004796038381755352,0.004656531382352114,0.02058074250817299,0.06590407341718674,0.030827321112155914,-0.0599541962146759,-0.012269731611013412,-0.02725798822939396,0.045573629438877106,-0.059453170746564865,-0.02995266206562519,-0.034488167613744736,0.029826296493411064,-0.06792082637548447,0.009870937094092369,-0.00520020117983222,-0.07031039148569107,0.02342204563319683,0.030965391546487808
-0.028012800961732864,0.018362320959568024,-0.04039803892374039,0.07781442254781723,-0.019617222249507904,-0.005336366593837738,0.0726746991276741,0.03266401216387749,-0.014766493812203407,-0.039031192660331726,0.04147113114595413,-0.06446666270494461,-0.00930623896420002,-0.042632073163986206,-0.04168059676885605,0.04431425407528877,0.06260370463132858,-0.058597225695848465,0.06514362245798111,-0.03832412138581276
-0.012414231896400452,-0.08165176212787628,-0.00039256500895135105,-0.002250442048534751,-0.011193718761205673,-0.021286409348249435,0.0770525261759758,-0.019003817811608315,-0.042034100741147995,-0.03331025317311287,-0.07358425855636597,0.058069754391908646,0.07598614692687988,-0.014059940353035927,0.06819568574428558,-0.05835041031241417,0.02134881354868412,-0.056473590433597565,-0.04327769950032234,-0.014358794316649437
-0.0027371463365852833,-0.06351263076066971,0.018634190782904625,0.04388875886797905,0.048595771193504333,0.06828311830759048,0.052143823355436325,0.01936197467148304,-0.030819879844784737,-0.07138372957706451,-0.06992531567811966,0.0022685963194817305,0.029036197811365128,0.014749591238796711,-0.018934477120637894,0.025028301402926445,-0.044501859694719315,0.0025260646361857653,0.013395953923463821,0.017070719972252846
-0.022601276636123657,-0.0027792458422482014,0.010291834361851215,0.04613744094967842,0.0021946108900010586,0.001488785375840962,-0.0037891529500484467,0.0655699223279953,0.04749533161520958,-0.06920243799686432,-0.07452758401632309,-0.06260644644498825,0.0635780319571495,-0.005871977191418409,0.018942294642329216,0.029464827850461006,0.07484076172113419,-0.09718313813209534,0.03380792215466499,-0.03865142911672592
0.016618190333247185,0.014768877997994423,-0.0062691830098629,0.004532075487077236,-0.017641184851527214,0.01780717447400093,-0.02694837749004364,-0.0471482016146183,0.04594898968935013,0.01824355497956276,0.02323700301349163,0.0635204017162323,0.042493827641010284,-0.029121939092874527,0.02196623757481575,0.016025718301534653,-0.00873485580086708,-0.06756063550710678,0.023515917360782623,-0.036691486835479736
-0.026727596297860146,-0.019496651366353035,0.09127338230609894,0.029307859018445015,-0.05263938382267952,-0.007952169515192509,0.05234125256538391,0.014708361588418484,-0.018412698060274124,0.05866198241710663,-0.06032157689332962,0.00686114514246583,0.05026528984308243,-0.04015718773007393,0.052326105535030365,-0.037634868174791336,0.05075947940349579,0.04097440838813782,0.05303239822387695,0.06346344947814941
0.02743605524301529,-0.06332939863204956,0.0002622977481223643,0.06280724704265594,0.06070897728204727,-0.04004289209842682,0.024049241095781326,0.0890723317861557,-0.01897403784096241,0.04554556682705879,-0.027060113847255707,-0.0033552488312125206,0.007876619696617126,-0.059848640114068985,0.060675062239170074,0.053075626492500305,0.02383537031710148,-0.0789913609623909,-0.04174965247511864,0.05546801909804344
-0.027191855013370514,9.256480552721769e-06,0.04508261755108833,0.0562569834291935,0.0015957338036969304,-0.04284883290529251,-0.008838813751935959,0.050850026309490204,0.06584453582763672,0.026037169620394707,-0.054574355483055115,-0.06781714409589767,-0.05457288771867752,0.00904207956045866,-0.035009343177080154,0.0018315361812710762,0.01906231790781021,0.03356723487377167,0.0802578255534172,-0.0344945564866066
-0.07982275635004044,0.03657389059662819,0.07831791788339615,-0.03546411916613579,0.03627166897058487,-0.03896186873316765,-0.01903240941464901,0.027171919122338295,0.061920762062072754,-0.0641312450170517,-0.06765612214803696,0.018377019092440605,0.07827359437942505,0.06982915103435516,0.027827629819512367,0.0384233333170414,0.011421812698245049,-0.09318003803491592,0.07858060300350189,0.0617755651473999
0.0031273732893168926,0.0520440936088562,0.02777106687426567,0.02609500288963318,-0.030491484329104424,-0.046539004892110825,0.00018902562442235649,-0.009003967046737671,0.08919589966535568,-0.06134859845042229,-0.05231563374400139,-0.040347516536712646,0.06714139878749847,-0.03249488025903702,-0.038937222212553024,0.03611554205417633,0.06121149659156799,-0.008988190442323685,0.07797130197286606,-0.03463391214609146
0.04780145734548569,-0.0454779788851738,0.045934878289699554,0.058560628443956375,-0.031802862882614136,-0.014876913279294968,0.019079217687249184,-0.0005088996840640903,0.04721638187766075,-0.06050204485654831,-0.029247570782899857,0.01400218065828085,0.02253897301852703,0.018254883587360382,-0.030349282547831535,-0.01425885409116745,-0.042424555867910385,-0.03227268159389496,0.05199390649795532,0.014802648685872555
0.04744479060173035,0.006504413206130266,0.07338957488536835,0.05638536810874939,-0.007462082896381617,0.0006686270353384316,0.050387199968099594,-0.012967836111783981,-0.03765716031193733,-0.012977521866559982,0.060198429971933365,0.036833588033914566,0.028016814962029457,0.06696639209985733,-0.01360942330211401,-0.016354942694306374,0.06600628793239594,-0.056473832577466965,-0.03627512603998184,0.046885523945093155
-0.05032923445105553,0.056874364614486694,0.014488952234387398,0.03904043510556221,-0.035822417587041855,-0.0534912571310997,0.02439373917877674,-0.04140442982316017,-0.036204107105731964,-0.008853757753968239,-0.04709997400641441,0.019698992371559143,0.02788061834871769,-0.042563654482364655,-0.04405425488948822,-0.06966347247362137,0.07639561593532562,-0.003991365432739258,-0.002566707320511341,-0.015769459307193756
0.024318944662809372,0.05078137293457985,-0.03816460445523262,-0.051738191395998,-0.04946886748075485,0.04352598264813423,-0.01921185664832592,0.006851179990917444,-0.04142729938030243,-0.03303718939423561,0.027838805690407753,-0.01384845282882452,0.006385203916579485,0.013801143504679203,0.03081442229449749,-0.055668480694293976,-0.03297047317028046,-0.09256243705749512,0.04345453530550003,-0.07789478451013565
0.036087509244680405,-0.02738398127257824,0.052461426705121994,0.023377735167741776,-0.027530672028660774,-0.016831200569868088,0.021848585456609726,0.030674098059535027,-0.05065235123038292,0.06053606793284416,-0.08748959004878998,-0.026437314227223396,0.017864618450403214,-0.0021660130005329847,0.05462063103914261,0.0007643033168278635,0.06342329829931259,-0.009597978554666042,0.07861331105232239,0.01756206527352333
0.05931650102138519,-0.03193238750100136,0.010056557133793831,-0.02060878463089466,0.037085309624671936,0.03688875213265419,-0.05896834656596184,0.08963047713041306,1.4226076018530875e-05,-0.01789730228483677,-0.029785828664898872,-0.027795666828751564,0.04038719832897186,-0.041316285729408264,-0.04676878824830055,0.051473233848810196,0.03575748950242996,-0.0971294492483139,-0.02186790108680725,-0.039676886051893234
0.033339973539114,-0.07718392461538315,0.06736548990011215,0.016805125400424004,-0.06101246550679207,0.021095938980579376,0.06542210280895233,-0.011928406544029713,0.027463465929031372,0.033268414437770844,-0.07571125030517578,0.07271359115839005,0.0602310411632061,8.286228694487363e-05,-0.008675643242895603,0.0055352128110826015,0.044596247375011444,-0.017767393961548805,0.08876213431358337,0.010539407841861248
-0.0207680594176054,-0.0055328370071947575,0.06322832405567169,-0.055430278182029724,0.03899447247385979,-0.0170474611222744,0.032140105962753296,-0.003951642662286758,0.05729258805513382,0.005681621842086315,0.04638422653079033,0.046568576246500015,-0.04940428212285042,-0.034806497395038605,0.054421089589595795,-0.013317595236003399,0.022591492161154747,0.02464832365512848,0.04237621650099754,0.066420778632164
-0.04855038598179817,-0.029481301084160805,-0.04328193888068199,0.07200184464454651,-0.03166098892688751,0.02057609148323536,0.043503664433956146,0.007232438772916794,0.028799334540963173,-0.0057360343635082245,0.01671423576772213,0.0576038733124733,0.038775891065597534,0.045763298869132996,0.0008436983334831893,0.026002874597907066,0.0642264261841774,0.0030726592522114515,0.03860892727971077,-0.046032313257455826
-0.06097868084907532,0.015162508934736252,0.06236463785171509,0.008437584154307842,0.009684246964752674,-0.034806519746780396,0.004583683330565691,0.02443089708685875,0.0006974143907427788,-0.04442363232374191,-0.07638750225305557,-0.020748022943735123,0.037875909358263016,0.04660354182124138,-0.024429818615317345,0.02219526097178459,-0.01189489383250475,-0.060145750641822815,0.087957002222538,-0.04494291543960571
0.012106113135814667,-0.027148284018039703,0.05440180376172066,0.012763453647494316,0.06303096562623978,0.07375765591859818,0.003362808609381318,0.01124253123998642,0.05796177312731743,0.04480304196476936,0.04250931367278099,-0.050389304757118225,0.055308662354946136,0.07475942373275757,0.024186156690120697,0.03950095921754837,0.022878149524331093,-0.10296304523944855,0.012040522880852222,0.044965166598558426
0.00013956260227132589,-0.05416654795408249,0.0635661631822586,0.07282568514347076,-0.017827356234192848,0.03943581134080887,-0.015027936547994614,0.03745832294225693,0.0075705405324697495,-0.07193822413682938,0.05949614197015762,-0.07497114688158035,-0.036310963332653046,0.04161353409290314,-0.044169165194034576,0.02972114086151123,-0.013451398350298405,-0.035390932112932205,0.046352799981832504,-0.04973370581865311
-0.04401818662881851,-0.02111128717660904,0.04930045083165169,0.015563132241368294,0.05588484928011894,-0.017980104312300682,-0.055749621242284775,-0.033130891621112823,-0.0095400745049119,0.0030068750493228436,-0.06541223078966141,0.00782234687358141,-0.04623761400580406,0.07439561188220978,0.05508316680788994,-0.007461366709321737,0.016408290714025497,-0.039622142910957336,-0.0265006422996521,0.0273238904774189
0.05729399248957634,0.054485391825437546,0.0058930059894919395,0.002133179921656847,-0.03986917808651924,0.03755803033709526,0.030842753127217293,-0.036384984850883484,0.04461033269762993,0.047049630433321,-0.06260988861322403,0.011344230733811855,0.0621204748749733,-0.0015838800463825464,-0.051608968526124954,0.07582027465105057,0.06025085970759392,-0.07211939990520477,-0.008386208675801754,-0.059872906655073166
0.00028458613087423146,-0.06216703727841377,0.06607014685869217,0.0762358158826828,-0.027364607900381088,-0.05437713488936424,-0.043692588806152344,0.016942361369729042,0.03736164793372154,-0.022205263376235962,-0.055461253970861435,-0.006366591434925795,0.03583632782101631,0.06098627299070358,0.031731605529785156,0.04751182347536087,0.035499632358551025,-0.0052392734214663506,-0.03422146663069725,-0.011264067143201828
0.05061199143528938,0.0670800730586052,-0.04021542891860008,-0.018826071172952652,-0.023122938349843025,0.07272834330797195,0.05669720470905304,0.01160326600074768,0.023490719497203827,0.05170876905322075,0.04628831520676613,-0.0655365064740181,0.0007575012277811766,0.0059536355547606945,0.03895826265215874,-0.0684252679347992,0.0659678652882576,0.005077497102320194,0.03671363368630409,-0.008432533591985703
0.019887486472725868,-0.00954627525061369,0.08910005539655685,0.03796042501926422,0.030374856665730476,-0.03567136079072952,-0.004036340396851301,0.02160324715077877,0.0889546349644661,-0.06535239517688751,-0.024095915257930756,-0.0046511460095644,0.034477170556783676,0.0679902508854866,0.07050095498561859,-0.019312450662255287,0.07364252209663391,0.004488442093133926,-0.01779884658753872,-0.04159322381019592
-0.03280125930905342,0.034175168722867966,-0.025976533070206642,0.0008913606870919466,0.040684450417757034,0.034700389951467514,0.042827945202589035,0.06179729104042053,-0.03320598602294922,0.05720048025250435,0.049759119749069214,0.006459974683821201,0.012910752557218075,-0.02898664027452469,-0.07029594480991364,0.06094696745276451,0.07033592462539673,0.00023957031953614205,-0.04055913910269737,0.012383963912725449
0.032498735934495926,-0.05858006700873375,0.01994435116648674,0.08366310596466064,0.05672755092382431,-0.00012759698438458145,-0.0463772676885128,0.01298931147903204,0.016204483807086945,0.008540797978639603,0.05605076625943184,0.05081506818532944,0.04719701036810875,-0.04236966371536255,0.040486663579940796,0.00027137057622894645,0.033158671110868454,0.034903861582279205,0.04869553819298744,-0.06949225068092346
-0.04957817867398262,-0.006031559314578772,-0.04221154376864433,-0.04358001798391342,0.029964784160256386,0.0024340853560715914,0.03129708766937256,0.03186197206377983,-0.037410300225019455,0.03041129559278488,0.039245035499334335,-0.04057193920016289,0.04580248147249222,0.02643757313489914,-0.056120309978723526,-0.04234141856431961,-0.048341501504182816,-0.042728863656520844,-0.004268158692866564,0.022737544029951096
-0.009901545010507107,-0.025630401447415352,0.06188667565584183,-0.006523529998958111,-0.03260648623108864,-0.046447042375802994,-0.043779801577329636,-0.035135287791490555,0.03890069201588631,0.031496841460466385,0.021351270377635956,-0.0074652377516031265,0.04817008599638939,0.014261064119637012,-0.013390602543950081,0.02395421266555786,0.04324803501367569,0.007260013837367296,0.026666175574064255,-0.06127770617604256
0.017803993076086044,-0.005579765886068344,0.049209389835596085,-0.03774620592594147,-0.013480326160788536,0.02022606134414673,0.06475114822387695,0.054577190428972244,0.03007042407989502,0.051403168588876724,-0.006490452215075493,-0.04646475240588188,-0.05811048671603203,0.008345086127519608,0.06587206572294235,0.012313269078731537,0.0058277021162211895,-0.10860946774482727,0.008568639867007732,0.03340912237763405
-0.016460206359624863,0.05679171532392502,-0.033967405557632446,-0.004386458080261946,0.009645530954003334,0.026447145268321037,0.05045187100768089,0.03462298959493637,-0.011901657097041607,-0.029869772493839264,0.019692398607730865,-0.06012596935033798,-0.004298790358006954,0.030607135966420174,-0.0550563782453537,0.05852266401052475,0.019807877019047737,-0.05510611832141876,-0.009700454771518707,-0.038100436329841614
-0.033864084631204605,-0.01811281405389309,0.050350598990917206,0.06671784818172455,0.03384920582175255,-0.014250964857637882,-0.05722363293170929,0.023347845301032066,0.04626822471618652,0.05877862498164177,-0.03233491629362106,-0.010138964280486107,-0.02304641157388687,-0.04791984707117081,0.0458567813038826,0.03972500190138817,0.008805735968053341,0.007886972278356552,0.04562654718756676,0.025058815255761147
-0.02181839384138584,-0.06900432705879211,-0.026905186474323273,0.04019833728671074,-0.05109609663486481,0.013283966109156609,0.004052340984344482,-0.03636164590716362,-0.03404967114329338,-0.0192699134349823,0.0014660696033388376,-0.033362872898578644,-0.012485324405133724,0.08072108030319214,-0.047513581812381744,0.016367344185709953,0.014546388760209084,0.0021223898511379957,-0.005612567532807589,-0.017452022060751915
-0.04957305267453194,-0.058327771723270416,0.010814199224114418,-0.035636838525533676,-0.06005239486694336,-0.03774699568748474,0.06854528188705444,0.04400185868144035,-0.05192325636744499,-0.048831358551979065,0.0027076485566794872,-0.06462068855762482,0.03695094585418701,-0.055145263671875,0.04863925278186798,-0.015532956458628178,-0.042525600641965866,-0.10132275521755219,-0.02400370128452778,0.010572890751063824
-0.044202737510204315,-0.04362457990646362,0.07824882119894028,0.06710278987884521,-0.02382604219019413,0.07835514098405838,0.03308961167931557,0.08859939873218536,-0.04884921386837959,0.01934530958533287,-0.0567205548286438,-0.03394754230976105,0.007270227652043104,-0.03501591831445694,0.039155587553977966,-0.039220280945301056,-0.0380261205136776,0.015550016425549984,0.05870720371603966,-0.05740001052618027
-0.02618081495165825,-0.02024208940565586,-0.03086194209754467,0.030540915206074715,-0.012865813449025154,0.009282226674258709,0.010960128158330917,0.07303860783576965,0.029143471270799637,-0.07282286882400513,0.012161241844296455,0.014068414457142353,0.054125409573316574,-0.013865269720554352,0.027465544641017914,-0.06557755917310715,-0.025613877922296524,-0.07340281456708908,0.0033593419939279556,0.04077111929655075
-0.0775599479675293,-0.04464001581072807,-0.035936709493398666,-0.023032110184431076,0.01028511580079794,-0.03422023728489876,0.07320883125066757,0.01646919548511505,0.09235222637653351,0.032651036977767944,-0.006527301389724016,0.014464057050645351,0.005541622173041105,0.051806289702653885,-0.025375759229063988,-0.06272584199905396,0.0671929270029068,0.03305257484316826,0.018961746245622635,-0.029858171939849854
-0.0703379437327385,0.037515535950660706,-0.03746428340673447,-0.045589104294776917,0.0021929522044956684,-0.052590951323509216,0.014642570167779922,-0.013055502437055111,-0.032269347459077835,0.019771572202444077,0.06358194351196289,0.034388408064842224,-0.050968658179044724,0.022185752168297768,-0.023342503234744072,0.026935521513223648,0.020209824666380882,0.008461668156087399,0.04811125248670578,-0.03319110721349716
-0.03673797845840454,-0.0024134465493261814,-0.015243319794535637,0.032089896500110626,-0.01580524444580078,0.04181946441531181,0.03144143894314766,0.08902619034051895,0.027171149849891663,0.04373893514275551,-0.014649732038378716,0.04871600866317749,0.08753202855587006,0.0029357292223721743,-0.031187884509563446,-0.006932610645890236,0.05369550734758377,0.02415143884718418,-0.04578011482954025,-0.06432464718818665
-0.007364070508629084,-0.03255310282111168,-0.031538791954517365,-0.05649755150079727,-0.00817048829048872,0.018938187509775162,0.022016581147909164,0.06815791875123978,-0.0034640550147742033,0.05018498748540878,-0.04267052188515663,-0.010966663248836994,-0.034449320286512375,0.019908590242266655,-0.060236766934394836,0.009200711734592915,-0.053688570857048035,0.02366258203983307,0.01033185888081789,-0.05983502045273781
0.0009583323844708502,0.05975744128227234,0.01989155076444149,0.07984820008277893,0.024330709129571915,0.05119558423757553,0.06148533895611763,0.030469732359051704,0.05500682443380356,-0.031020602211356163,-0.013426341116428375,-0.028731754049658775,0.011501015163958073,0.011778261512517929,-0.021355880424380302,-0.03817399963736534,0.013965759426355362,0.0007114011095836759,0.0030444066505879164,-0.06741730123758316
0.056744884699583054,0.03878628462553024,0.041323471814394,-0.017094789072871208,0.006064569111913443,0.06789814680814743,0.0018262172816321254,-0.03948259353637695,-0.009074335917830467,0.01061216276139021,-0.0342821441590786,-0.017227020114660263,0.050759296864271164,-0.05257946625351906,0.037774018943309784,0.056003980338573456,-0.02185770682990551,-0.08500957489013672,-0.037423260509967804,-0.032708365470170975
-0.015030846931040287,-0.03764047846198082,-0.013602434657514095,-0.02832610346376896,0.05743054300546646,0.07910739630460739,0.02436123974621296,0.07401224970817566,0.06901197880506516,-0.042129386216402054,-0.060820262879133224,-0.057168833911418915,0.03391338512301445,0.061143215745687485,0.05479235202074051,-0.0088462820276618,-0.0008613104000687599,-0.02262549288570881,-0.04465793818235397,0.06341884285211563
-0.05464542284607887,0.0004799256275873631,-0.003944633528590202,0.05342862010002136,0.06270238757133484,0.0579674132168293,-0.04359320551156998,0.03925062343478203,0.07150986045598984,0.009570373222231865,0.02787918597459793,-0.06803406774997711,0.045774105936288834,-0.04481825605034828,0.030826132744550705,0.029363105073571205,0.03015236184000969,-0.033081069588661194,0.073148712515831,0.05470794811844826
0.0057626282796263695,-0.008097379468381405,-0.051520492881536484,-0.04285159334540367,-0.005600752308964729,0.07990414649248123,-0.04615068435668945,0.023692190647125244,0.026920678094029427,0.022477097809314728,-0.028266387060284615,-0.035505324602127075,0.031158756464719772,0.027617359533905983,-0.05407197028398514,-0.006350978277623653,-0.0565764456987381,-0.019731422886252403,0.03164109215140343,0.017367057502269745
-0.015029964968562126,0.0005558210541494191,0.0022513107396662235,-0.024605419486761093,-0.024280643090605736,0.03155882656574249,0.03245837241411209,0.014801996760070324,0.04769172519445419,-0.022775376215577126,-0.0372215174138546,-0.05643077194690704,0.025259314104914665,0.02381826750934124,0.008793062530457973,0.02598954737186432,0.04323066025972366,-0.016091061756014824,-0.017966480925679207,0.013648590072989464
0.0037886295467615128,0.04658295586705208,0.021918954327702522,-0.002333881100639701,-0.05713030323386192,0.0018653309671208262,0.07173860818147659,0.0024610264226794243,0.06642552465200424,0.04759565740823746,-0.002927339868620038,0.04003947228193283,0.035451412200927734,0.03737542778253555,-0.020329153165221214,-0.034206412732601166,0.07267386466264725,-0.08187364786863327,0.06245844438672066,-0.01133012492209673
0.0013412896078079939,-0.03327254578471184,0.07001348584890366,-0.03862280771136284,0.05206773802638054,0.04093842953443527,0.034512195736169815,0.05168643221259117,0.012600583955645561,-0.03800838813185692,-0.05375521257519722,-0.06540755182504654,0.010800653137266636,0.07294843345880508,0.023273233324289322,0.03947758674621582,0.0023368943948298693,-0.05003674700856209,0.005731465294957161,0.0340154729783535
0.032841190695762634,0.02825528383255005,-0.011427648365497589,0.07889275997877121,-0.06333203613758087,0.00714621227234602,-0.004734591115266085,0.0459626242518425,0.026246441528201103,-0.05968232825398445,0.02215762250125408,-0.03965212404727936,-0.035593580454587936,0.00352950650267303,-0.04950271174311638,-0.05198322609066963,-0.013936757110059261,0.038555145263671875,-0.04688780754804611,-0.023865891620516777
0.041103579103946686,-0.06762449443340302,0.032256364822387695,0.08239413797855377,0.044711384922266006,-0.040060002356767654,0.08029749989509583,0.04037311673164368,0.03234841302037239,-0.020086634904146194,-0.06664399802684784,-0.05879697576165199,-0.018519913777709007,0.04179050773382187,-0.00018813577480614185,-0.0229560025036335,0.036467596888542175,-0.08709225058555603,0.047253355383872986,-0.056672077625989914
0.029727892950177193,0.02832169272005558,-0.0069928644225001335,0.05900510773062706,0.061283309012651443,-0.00151846616063267,0.010093595832586288,0.08644994348287582,0.022532034665346146,0.04744555428624153,0.038615282624959946,0.0014180983416736126,-0.04997524619102478,0.03453889489173889,0.010762629099190235,-0.062490299344062805,0.03044978529214859,-0.10011257976293564,0.0012104964116588235,-0.06653836369514465
0.05129936710000038,-0.027017852291464806,0.09011796861886978,-0.057622577995061874,-0.011390969157218933,0.011814055033028126,0.0028311507776379585,-0.028609570115804672,0.03747554123401642,-0.04002759978175163,0.029391800984740257,0.03176547586917877,0.02696583978831768,0.07388603687286377,-0.05978666618466377,0.06272666901350021,0.05180726200342178,-0.07223096489906311,0.06977375596761703,-0.031054219231009483
-0.038362056016922,-0.049141764640808105,0.08455456048250198,-0.02085999585688114,-0.06221413239836693,0.002525883726775646,-0.003704353468492627,0.03440331667661667,0.08397936820983887,0.010221445932984352,0.04222960025072098,-0.03525782749056816,0.017401454970240593,0.06781713664531708,0.0008011532481759787,-0.024655727669596672,0.0728537067770958,-0.10514276474714279,0.060068584978580475,0.009758435189723969
-0.07057899236679077,-0.054904498159885406,-0.018470359966158867,0.029836203902959824,0.04016636312007904,-0.01914219930768013,0.046680670231580734,-0.02152705378830433,0.083101287484169,0.019042357802391052,0.05177111551165581,0.009649302810430527,0.07644585520029068,-0.006902097258716822,0.004806930664926767,-0.006651264615356922,-0.03870280086994171,0.005939920898526907,0.04211350902915001,0.0026349800173193216
0.06053948774933815,0.0019250529585406184,0.00550858722999692,-0.014283056370913982,-0.034945033490657806,0.06309852004051208,0.07283703237771988,0.04069831967353821,0.0095054404810071,-0.01682768575847149,-0.06949291378259659,0.024203477427363396,0.07092659920454025,-0.0032667815685272217,0.051574740558862686,-0.07270777225494385,-0.00655651418492198,-0.02699156664311886,0.07301369309425354,0.018976382911205292
-0.07625098526477814,0.031348925083875656,0.0076788184233009815,-0.008014540188014507,0.024763666093349457,-0.03693623095750809,0.05745881050825119,-0.006323740817606449,-0.04293085262179375,0.037371471524238586,-0.06626731902360916,-0.05336954817175865,-0.02521570213139057,0.05745602771639824,0.052276115864515305,-0.002472338266670704,-0.028674615547060966,-0.03968958556652069,-0.020819509401917458,-0.06658854335546494
0.003794602584093809,0.04859932139515877,0.06955995410680771,-0.03769271448254585,-0.05290333181619644,-0.0225051436573267,0.005581024568527937,0.07123519480228424,0.061743054538965225,0.05371512472629547,-0.04817169904708862,0.05283283069729805,0.0554453581571579,0.049079976975917816,-0.010626658797264099,-0.009859425947070122,0.03145809471607208,-0.1010834351181984,0.016619857400655746,0.014330805279314518
0.0018851240165531635,0.0183127298951149,-0.016678249463438988,-0.019585363566875458,-0.04072805494070053,0.07416915148496628,0.027900194749236107,0.02673746645450592,0.019579941406846046,0.04645705223083496,-0.04727022349834442,-0.038288701325654984,0.07713818550109863,0.030596649274230003,-0.015573259443044662,0.04465192183852196,0.07339716702699661,-0.08046162873506546,0.01997803896665573,0.028157668188214302
0.029295576736330986,-0.0641544908285141,0.01592104136943817,0.011559607461094856,-0.009690999984741211,-0.035013362765312195,-0.028110116720199585,0.0370679572224617,-0.008220352232456207,-0.058724310249090195,-0.023280270397663116,-0.009059135802090168,-0.012472618371248245,-0.046239521354436874,0.02575046755373478,0.006551490165293217,-0.04167123883962631,-0.06986287236213684,0.06902854889631271,-0.05165056884288788
0.03626206889748573,0.05144863203167915,-0.016823401674628258,0.007433211896568537,0.0031917053274810314,-0.011336104944348335,-0.047161977738142014,0.06328821182250977,0.0670890361070633,0.035614755004644394,0.012437430210411549,0.008752173744142056,-0.009220898151397705,0.06219547986984253,-0.052499376237392426,-0.035574983805418015,-0.051237091422080994,-0.003931146115064621,-0.04895401373505592,0.03798966482281685
-0.06633041799068451,-0.019010333344340324,0.036272451281547546,-0.05215369910001755,0.05743968114256859,0.03326458856463432,0.06797409802675247,-0.03001239337027073,-0.029064899310469627,0.05141843482851982,0.03654443100094795,0.04147840663790703,0.04911041259765625,0.06817252933979034,0.027164751663804054,-0.05009685456752777,0.013669453561306,-0.026530303061008453,0.0868864431977272,0.009843041189014912
-0.06650852411985397,-0.0622062012553215,0.09049690514802933,-0.053984448313713074,-0.007454141043126583,0.06953894346952438,0.05823730304837227,-0.0022916304878890514,0.06104644760489464,-0.01699385792016983,-0.07959835976362228,0.020114239305257797,-0.03644999489188194,-0.04657025262713432,0.0210079625248909,0.019239112734794617,0.07395267486572266,-0.040401969105005264,-0.04929373040795326,0.03515121713280678
-0.0019240380497649312,0.017087318003177643,0.02247581072151661,0.07937067002058029,-0.006817629095166922,0.07348867505788803,-0.01537956204265356,-0.0035458053462207317,0.056094422936439514,0.022974947467446327,0.01543459389358759,0.04217882081866264,0.08077067136764526,0.025742437690496445,0.05452990531921387,-0.022025926038622856,-0.05859366059303284,-0.0340411514043808,-0.03943689912557602,-0.06541601568460464
0.0009656696929596364,-0.03263416886329651,0.06659407913684845,-0.00025328854098916054,-0.07387563586235046,0.07163814455270767,0.030335208401083946,0.048985555768013,-0.04889572784304619,0.0563141293823719,0.03410054370760918,-0.018323926255106926,0.0599173903465271,0.023788820952177048,0.07139576226472855,0.029279859736561775,-0.02857566997408867,0.03740391135215759,-0.042235299944877625,-0.03010239638388157
0.009483369067311287,-0.004740867298096418,0.06469529122114182,-0.011935461312532425,0.060653869062662125,0.02256149612367153,-0.008395656943321228,0.03804913908243179,0.006290269549936056,0.05709483101963997,-0.060501206666231155,-0.03773370385169983,0.03351898118853569,0.05292534828186035,-0.03324209898710251,-0.048922792077064514,0.05024971812963486,-0.04176384210586548,0.06046692281961441,-0.03994680196046829
-0.07982177287340164,-0.05052988603711128,0.06176016852259636,0.04076384752988815,-0.07053214311599731,0.07356446236371994,-0.00561039661988616,-0.021001657471060753,-0.03420325368642807,-0.011388293467462063,0.017714306712150574,-0.016280794516205788,0.048989437520504,0.04989151284098625,0.02028489299118519,0.04814433678984642,0.04156716167926788,0.014944558963179588,-0.006269701756536961,-0.01797540672123432
-0.06709688901901245,-0.07842054963111877,0.06258144974708557,0.07719472050666809,-0.06581436097621918,0.015871940180659294,-0.017502708360552788,-0.04801017418503761,0.06178336963057518,-0.033870164304971695,-0.009153024293482304,-0.06285823881626129,0.01463670376688242,-0.017651600763201714,-0.008127839304506779,0.03403935953974724,-0.004793178290128708,-0.056545406579971313,-0.03365764021873474,-0.01107907947152853
-0.022483328357338905,-0.05409391596913338,0.09423539787530899,0.06948281079530716,-0.020179228857159615,0.020083464682102203,-0.008695866912603378,-0.016423778608441353,0.02122359909117222,-0.03357256203889847,0.031520623713731766,0.023433467373251915,0.08209526538848877,0.031625278294086456,0.029006758704781532,0.02294107712805271,-0.0014623258030042052,0.02074226178228855,-0.027869274839758873,0.0064650652930140495
-0.00010968383867293596,0.032255593687295914,-0.04262856766581535,0.05307422950863838,-0.061234001070261,0.014991152100265026,-0.03179185837507248,0.07503649592399597,0.011624635197222233,0.027795981615781784,-0.019745193421840668,0.04642292112112045,0.04042433574795723,-0.06016840413212776,0.015460982918739319,0.04039325192570686,0.04134749248623848,-0.03423452377319336,0.02881169132888317,0.003624184522777796
-0.00010968383867293596,0.032255593687295914,-0.04262856766581535,0.05307422950863838,-0.061234001070261,0.014991152100265026,-0.03179185837507248,0.07503649592399597,0.011624635197222233,0.027795981615781784,-0.019745193421840668,0.04642292112112045,0.04042433574795723,-0.06016840413212776,0.015460982918739319,0.04039325192570686,0.04134749248623848,-0.03423452377319336,0.02881169132888317,0.003624184522777796
-0.08237529546022415,0.04339853674173355,-0.03158068284392357,0.0380854606628418,0.002282944740727544,-0.02066902257502079,-0.022680101916193962,-0.02967996895313263,0.07714951038360596,-0.041576024144887924,-0.07458054274320602,-0.03024137020111084,-0.012533215805888176,-0.0558164156973362,-0.007448654621839523,-0.032416313886642456,0.0772005245089531,-0.10195991396903992,-0.003698998363688588,-0.06475651264190674
-0.028723599389195442,0.039279188960790634,0.058894041925668716,-0.05337449908256531,0.06539170444011688,-0.011697347275912762,-0.058916155248880386,0.0053122323006391525,-0.020373886451125145,-0.06573357433080673,-0.002488217782229185,0.012797637842595577,0.03229284659028053,-0.013016881421208382,-0.02516888827085495,-0.04993654415011406,0.02266521379351616,-0.09974221140146255,0.007821791805326939,-0.0329911895096302
-0.041948698461055756,0.01257992908358574,8.048838935792446e-05,-0.03492507338523865,-0.0245930515229702,-0.012462565675377846,0.06484447419643402,0.08157140761613846,0.009013683535158634,0.03256789967417717,-0.03848254680633545,0.010562649928033352,-0.026315700262784958,0.06505343317985535,-0.03257814049720764,-0.05573533475399017,-0.03758205845952034,-0.07477171719074249,-0.04392408952116966,0.02552182599902153
-0.028723599389195442,0.039279188960790634,0.058894041925668716,-0.05337449908256531,0.06539170444011688,-0.011697347275912762,-0.058916155248880386,0.0053122323006391525,-0.020373886451125145,-0.06573357433080673,-0.002488217782229185,0.012797637842595577,0.03229284659028053,-0.013016881421208382,-0.02516888827085495,-0.04993654415011406,0.02266521379351616,-0.09974221140146255,0.007821791805326939,-0.0329911895096302
0.048323310911655426,0.038714341819286346,0.06820117682218552,0.023638758808374405,0.06031392142176628,0.057369716465473175,0.023864366114139557,-0.047552645206451416,0.072902612388134,0.05046164244413376,-0.048405881971120834,0.0032820177730172873,-0.03591578081250191,-0.04894162714481354,0.07319824397563934,0.06387409567832947,0.004520874470472336,0.01682092994451523,-0.001966808456927538,-0.002260151319205761
0.048323310911655426,0.038714341819286346,0.06820117682218552,0.023638758808374405,0.06031392142176628,0.057369716465473175,0.023864366114139557,-0.047552645206451416,0.072902612388134,0.05046164244413376,-0.048405881971120834,0.0032820177730172873,-0.03591578081250191,-0.04894162714481354,0.07319824397563934,0.06387409567832947,0.004520874470472336,0.01682092994451523,-0.001966808456927538,-0.002260151319205761
-0.06246504932641983,-0.054927315562963486,0.037450551986694336,0.07727837562561035,0.03806692734360695,0.04911714419722557,0.039195239543914795,0.010942702181637287,0.0006772915367037058,0.02858678810298443,0.04137839004397392,-0.06589941680431366,-0.04404032975435257,0.032951850444078445,-0.029513627290725708,0.005201046355068684,-0.014194682240486145,0.0332796685397625,0.07312115281820297,-0.028614863753318787
-0.07837161421775818,-0.05814697965979576,0.07112818211317062,-0.0012639878550544381,-0.0021699450444430113,-0.026086600497364998,-0.0015532192774116993,0.019379809498786926,-0.0236189067363739,0.04229848459362984,-0.07493163645267487,0.023807009682059288,-0.022660912945866585,-0.011778142303228378,-0.010129766538739204,-0.019047297537326813,0.0213462021201849,-0.047318052500486374,-0.004893985576927662,-0.023034706711769104
-0.07837161421775818,-0.05814697965979576,0.07112818211317062,-0.0012639878550544381,-0.0021699450444430113,-0.026086600497364998,-0.0015532192774116993,0.019379809498786926,-0.0236189067363739,0.04229848459362984,-0.07493163645267487,0.023807009682059288,-0.022660912945866585,-0.011778142303228378,-0.010129766538739204,-0.019047297537326813,0.0213462021201849,-0.047318052500486374,-0.004893985576927662,-0.023034706711769104
-0.04949677735567093,-0.021915342658758163,0.03188787028193474,-0.05322647839784622,-0.02158992923796177,0.051811449229717255,0.009665082208812237,0.036509767174720764,0.025504477322101593,-0.07516203075647354,0.02901260368525982,0.020770162343978882,-0.01045052520930767,0.0255843847990036,-0.044141896069049835,-0.04449346661567688,0.03770655766129494,-0.012274323031306267,0.06605731695890427,-0.02183147333562374
-0.011348663829267025,0.040843017399311066,0.04292219877243042,0.028023220598697662,0.03800336644053459,-0.010179241187870502,-0.02281852439045906,-0.0037834758404642344,0.06486058235168457,-0.06150796636939049,-0.05086403340101242,-0.0565677173435688,-0.009736350737512112,0.04868638515472412,0.02287910506129265,0.009563651867210865,0.022042594850063324,-0.08706258982419968,0.02357948198914528,0.04735833778977394
-0.0629885345697403,-0.032885704189538956,0.05138656124472618,0.06462506949901581,0.06464359164237976,0.0689186379313469,0.0458521842956543,0.06271396577358246,-0.010594544000923634,0.030549433082342148,0.06430566310882568,0.059475816786289215,0.0347602404654026,-0.0016526385443285108,-0.012983337044715881,0.06767896562814713,0.07494816184043884,-0.078184574842453,0.009789484553039074,0.026983508840203285
0.037478283047676086,0.025846464559435844,0.06441192328929901,-0.0135281290858984,-0.0751572698354721,-0.02043965272605419,0.03477639704942703,0.0658254623413086,0.017343958839774132,-0.050917550921440125,0.033507686108350754,-0.015193763189017773,0.053469955921173096,-0.01597985066473484,-0.0009443560848012567,-0.03738707676529884,0.010311602614820004,-0.046097464859485626,0.06240763142704964,0.031691063195466995
-0.04825222119688988,-0.05456707626581192,0.04666655510663986,0.017702298238873482,-0.02937990054488182,0.037289250642061234,-0.03410166874527931,0.06598447263240814,-0.029276032000780106,0.0238408911973238,0.029032573103904724,-0.025640062987804413,0.030888842418789864,-0.05096665769815445,-0.025584692135453224,-0.06962300091981888,-0.02690931223332882,-0.044438187032938004,0.0798640176653862,0.030065027996897697
0.009187052957713604,0.05393654853105545,0.04015427082777023,-0.00555791100487113,0.05721122771501541,0.07407034933567047,-0.04208331182599068,-0.03825998306274414,-0.01344354823231697,-0.026588864624500275,-0.01375298947095871,-0.0397806279361248,-0.05194705352187157,0.07310645282268524,-0.0040869987569749355,-0.0395611934363842,0.07361935824155807,-0.04843680560588837,-0.03707023337483406,0.0237074326723814
0.033652566373348236,0.02947809174656868,0.048568084836006165,0.05866725742816925,0.06598139554262161,0.06239253655076027,0.0009850511560216546,0.0654706060886383,-0.039067432284355164,0.00016822086763568223,-0.010079905390739441,0.026838310062885284,0.01634383574128151,-0.03154613450169563,-0.015030262060463428,0.0181637704372406,0.035298608243465424,0.03137923777103424,0.07873992621898651,-0.041737526655197144
-0.05887170881032944,-0.012636595405638218,0.06793618202209473,-0.017326852306723595,-0.03431994095444679,0.01000980194658041,0.02958609163761139,0.005596402566879988,-0.02022823505103588,-0.02535652555525303,0.019818009808659554,0.0376095250248909,0.05839768052101135,-0.015721864998340607,-0.049722444266080856,0.06337630748748779,0.005540959537029266,0.0031386155169457197,0.0030094594694674015,0.03571955859661102
0.024778950959444046,0.046062320470809937,0.08412361890077591,0.034689728170633316,-0.030634356662631035,-0.029339859262108803,0.05758752301335335,0.02560790441930294,0.0909012109041214,0.017702195793390274,-0.07146167010068893,-0.06446045637130737,-0.022747090086340904,-0.03619782254099846,0.04200930520892143,-0.00913191307336092,-0.004208415746688843,-0.08577027171850204,0.00915584247559309,0.05763433501124382
-0.024071961641311646,0.03812616318464279,-0.037988074123859406,-0.035186175256967545,0.05356629937887192,-0.029132524505257607,0.023426583036780357,0.0829167515039444,0.06935664266347885,0.01906302571296692,-0.06691320240497589,-0.057974912226200104,0.06388838589191437,0.0763745829463005,-0.0275295190513134,0.07002361863851547,0.057663045823574066,-0.06792725622653961,0.030513392761349678,0.040154509246349335
-0.007873054593801498,0.0016398881562054157,0.06654368340969086,-0.039485424757003784,-0.013167931698262691,0.024319825693964958,0.058030981570482254,-0.015244155190885067,0.006883807480335236,-0.03817274793982506,0.019550753757357597,-0.032070260494947433,0.047879669815301895,0.032706648111343384,0.049948301166296005,-0.009090153500437737,0.07583475112915039,0.023033365607261658,0.05490724369883537,-0.0329849012196064
0.03670307621359825,-0.030270220711827278,-0.008745620958507061,0.00489541282877326,0.044778015464544296,-0.006060308776795864,0.020636405795812607,0.050790511071681976,0.06312446296215057,-0.07274478673934937,0.03907303139567375,-0.0366239920258522,-0.03450611233711243,-0.04931499809026718,-0.047148946672677994,-0.05357591062784195,-0.04265780746936798,-0.025495365262031555,0.022095004096627235,-0.07325480878353119
0.008417800068855286,0.01948237605392933,-0.043098919093608856,0.0651913434267044,-0.015907209366559982,-0.0016698208637535572,-0.008591793477535248,0.0666908323764801,0.061155613511800766,-0.04725901037454605,0.022746099159121513,0.05758079141378403,-0.019333448261022568,0.06180015206336975,0.052658811211586,-0.017849592491984367,-0.0238020159304142,-0.0007686328608542681,0.0800071507692337,-0.055379584431648254
-0.008180239237844944,0.007748008705675602,0.01009145937860012,0.030400414019823074,0.058746661990880966,0.04984007403254509,-0.04720258712768555,0.007116022519767284,-0.012930420227348804,0.05535540357232094,-0.03848973661661148,-0.06042475998401642,0.024617793038487434,0.08097682148218155,-0.02168947272002697,0.040564049035310745,-0.053523074835538864,0.005586995277553797,-0.0414605587720871,-0.061323296278715134
0.0013437606394290924,-0.05845053493976593,-0.02396942302584648,0.08037377148866653,-0.03236924484372139,-0.026900095865130424,-0.03213411942124367,-0.05501098185777664,0.07083427160978317,0.06552833318710327,0.03426063805818558,0.04680611938238144,0.06777568906545639,-0.015111204236745834,0.06103555113077164,0.0023286440409719944,0.020723413676023483,-0.010712547227740288,0.01424753200262785,0.010709469206631184
-0.03146795928478241,-0.050653621554374695,-0.0006946814246475697,0.0643807202577591,-0.023094603791832924,-0.04301893711090088,-0.029092103242874146,0.06678011268377304,0.00696923490613699,0.06363001465797424,-0.05875258520245552,0.013501453213393688,-0.03654501959681511,-0.03967403993010521,0.06624939292669296,-0.06560017168521881,-0.05863049626350403,0.0373498760163784,0.02649523690342903,-0.027970392256975174
-0.008215405978262424,0.03252873197197914,0.05352745205163956,0.06502816081047058,-0.0011806576512753963,0.05305429548025131,0.02449200302362442,-0.051712699234485626,-0.02661968022584915,0.020261751487851143,-0.029438041150569916,-0.05959782749414444,0.023128585889935493,0.069550521671772,0.027195125818252563,0.06582915782928467,0.018987279385328293,-0.008106828667223454,0.01753934472799301,0.05937891826033592
-0.06987778842449188,0.0019475497538223863,0.05127472057938576,0.006622042041271925,0.013104027137160301,-0.05196591466665268,0.04020162299275398,0.05727648362517357,0.0848260372877121,-0.04296639561653137,-0.06713427603244781,0.06302869319915771,0.024157917127013206,0.008902902714908123,-0.05772367864847183,0.0007346037309616804,-0.04454979673027992,-0.06877803802490234,0.06060899794101715,0.03883424028754234
0.04261019825935364,-0.03452129289507866,-0.0563100129365921,-0.03379296138882637,-0.007141991052776575,-0.03983842581510544,0.027531486004590988,0.030676344409585,0.002974205883219838,-0.06599191576242447,-0.003931885585188866,0.04465080052614212,0.007528873160481453,0.08368885517120361,-0.02190752513706684,0.01891259476542473,0.013754887506365776,-0.04618899151682854,0.05555703118443489,-0.0641416534781456
0.04261019825935364,-0.03452129289507866,-0.0563100129365921,-0.03379296138882637,-0.007141991052776575,-0.03983842581510544,0.027531486004590988,0.030676344409585,0.002974205883219838,-0.06599191576242447,-0.003931885585188866,0.04465080052614212,0.007528873160481453,0.08368885517120361,-0.02190752513706684,0.01891259476542473,0.013754887506365776,-0.04618899151682854,0.05555703118443489,-0.0641416534781456
0.04261019825935364,-0.03452129289507866,-0.0563100129365921,-0.03379296138882637,-0.007141991052776575,-0.03983842581510544,0.027531486004590988,0.030676344409585,0.002974205883219838,-0.06599191576242447,-0.003931885585188866,0.04465080052614212,0.007528873160481453,0.08368885517120361,-0.02190752513706684,0.01891259476542473,0.013754887506365776,-0.04618899151682854,0.05555703118443489,-0.0641416534781456
0.04261019825935364,-0.03452129289507866,-0.0563100129365921,-0.03379296138882637,-0.007141991052776575,-0.03983842581510544,0.027531486004590988,0.030676344409585,0.002974205883219838,-0.06599191576242447,-0.003931885585188866,0.04465080052614212,0.007528873160481453,0.08368885517120361,-0.02190752513706684,0.01891259476542473,0.013754887506365776,-0.04618899151682854,0.05555703118443489,-0.0641416534781456
0.04261019825935364,-0.03452129289507866,-0.0563100129365921,-0.03379296138882637,-0.007141991052776575,-0.03983842581510544,0.027531486004590988,0.030676344409585,0.002974205883219838,-0.06599191576242447,-0.003931885585188866,0.04465080052614212,0.007528873160481453,0.08368885517120361,-0.02190752513706684,0.01891259476542473,0.013754887506365776,-0.04618899151682854,0.05555703118443489,-0.0641416534781456
0.04261019825935364,-0.03452129289507866,-0.0563100129365921,-0.03379296138882637,-0.007141991052776575,-0.03983842581510544,0.027531486004590988,0.030676344409585,0.002974205883219838,-0.06599191576242447,-0.003931885585188866,0.04465080052614212,0.007528873160481453,0.08368885517120361,-0.02190752513706684,0.01891259476542473,0.013754887506365776,-0.04618899151682854,0.05555703118443489,-0.0641416534781456
0.04261019825935364,-0.03452129289507866,-0.0563100129365921,-0.03379296138882637,-0.007141991052776575,-0.03983842581510544,0.027531486004590988,0.030676344409585,0.002974205883219838,-0.06599191576242447,-0.003931885585188866,0.04465080052614212,0.007528873160481453,0.08368885517120361,-0.02190752513706684,0.01891259476542473,0.013754887506365776,-0.04618899151682854,0.05555703118443489,-0.0641416534781456
0.04261019825935364,-0.03452129289507866,-0.0563100129365921,-0.03379296138882637,-0.007141991052776575,-0.03983842581510544,0.027531486004590988,0.030676344409585,0.002974205883219838,-0.06599191576242447,-0.003931885585188866,0.04465080052614212,0.007528873160481453,0.08368885517120361,-0.02190752513706684,0.01891259476542473,0.013754887506365776,-0.04618899151682854,0.05555703118443489,-0.0641416534781456
-0.008215405978262424,0.03252873197197914,0.05352745205163956,0.06502816081047058,-0.0011806576512753963,0.05305429548025131,0.02449200302362442,-0.051712699234485626,-0.02661968022584915,0.020261751487851143,-0.029438041150569916,-0.05959782749414444,0.023128585889935493,0.069550521671772,0.027195125818252563,0.06582915782928467,0.018987279385328293,-0.008106828667223454,0.01753934472799301,0.05937891826033592
-0.008215405978262424,0.03252873197197914,0.05352745205163956,0.06502816081047058,-0.0011806576512753963,0.05305429548025131,0.02449200302362442,-0.051712699234485626,-0.02661968022584915,0.020261751487851143,-0.029438041150569916,-0.05959782749414444,0.023128585889935493,0.069550521671772,0.027195125818252563,0.06582915782928467,0.018987279385328293,-0.008106828667223454,0.01753934472799301,0.05937891826033592
0.02577112801373005,0.026234693825244904,-0.028839122503995895,0.024147631600499153,-7.477223698515445e-05,-0.05214788019657135,0.006712606642395258,-0.0002823850663844496,-0.022987008094787598,0.04333992674946785,0.018832828849554062,0.02561337873339653,0.06992211192846298,0.04492205008864403,0.03921746835112572,-0.02725870907306671,0.025654003024101257,0.03537130355834961,-0.008985784836113453,-0.04404478520154953
0.018128862604498863,-0.03395602107048035,-0.002575572580099106,0.0664205253124237,-0.04117368161678314,0.07897056639194489,-0.006651669275015593,-0.02596473880112171,0.002072383416816592,-0.04234561324119568,-0.01480748038738966,-0.03350592777132988,-0.0007739602588117123,0.0047973524779081345,0.021759822964668274,-0.04581664875149727,-0.004466517828404903,-0.07557140290737152,0.0630899965763092,-0.07298793643712997
-0.023904243484139442,-0.07784303277730942,-0.008411414921283722,0.06180328130722046,-0.0698092132806778,-0.048457417637109756,0.0708632618188858,0.05903756245970726,0.07258262485265732,-0.052365127950906754,-0.08274736255407333,0.006050437223166227,-0.01604710891842842,0.08556734025478363,0.010153575800359249,0.032193221151828766,-0.06601504236459732,-0.012093492783606052,-0.021598363295197487,-0.07746171206235886
0.03760889917612076,-0.01925273984670639,0.07790721207857132,0.0651560053229332,-0.033244188874959946,-0.009297455660998821,-0.038517992943525314,0.07870557904243469,-0.03221893683075905,0.02440599352121353,-0.06756787747144699,-0.060606446117162704,0.05944634974002838,0.030058616772294044,0.014142674393951893,0.05133221298456192,-0.028432410210371017,-0.021423522382974625,0.022205563262104988,0.059337351471185684
0.004213252570480108,-0.06303554028272629,0.08676385879516602,0.0384475402534008,-0.06212787702679634,-0.04603002220392227,-0.01679026149213314,0.0748225599527359,-0.014395167119801044,0.01249780971556902,-0.06273608654737473,-0.0487041138112545,-0.0038918727077543736,-0.048645589500665665,0.06174341216683388,-0.06389138847589493,-0.037051308900117874,-0.07013297826051712,-0.045523751527071,0.05634884908795357
-0.04591023176908493,0.044508855789899826,0.02542007900774479,0.03369227424263954,-0.04459226131439209,0.0418342649936676,-0.022342147305607796,0.07940062880516052,0.07274552434682846,0.05673905462026596,-0.06596393138170242,-0.038212619721889496,-0.050700291991233826,-0.024770192801952362,0.015920192003250122,0.05475418642163277,0.01852724514901638,0.009761562570929527,-0.011433703824877739,0.032225266098976135
-0.020174602046608925,-0.042534057050943375,0.034209709614515305,-0.03701869025826454,-0.06586410105228424,0.015387922525405884,0.02122049778699875,-0.01890123076736927,0.044491417706012726,0.05983675271272659,0.05596918612718582,0.03456832841038704,0.0775669515132904,0.0794346034526825,0.03318081051111221,-0.026098892092704773,0.02093459852039814,-0.0164629053324461,-0.023300912231206894,0.040686529129743576
0.05033465102314949,0.008146896958351135,0.08114593476057053,-0.03791414946317673,-0.07189635932445526,0.0721285417675972,0.06374888122081757,0.07894197106361389,0.06553732603788376,0.05005341395735741,0.05280902981758118,-0.06682313233613968,0.03144972771406174,0.053020574152469635,0.07521035522222519,-0.02297852747142315,0.018506735563278198,-0.032174207270145416,-0.03909474238753319,-0.033872105181217194
-0.007716467138379812,0.013917515985667706,0.004789801314473152,0.026796719059348106,0.03525299206376076,-0.05472535640001297,0.020406775176525116,0.08142820000648499,-0.0394136868417263,0.04138128459453583,0.050344761461019516,0.03954000398516655,0.06709221005439758,-0.01907346211373806,0.06919119507074356,-0.04594423249363899,0.07761513441801071,0.042998380959033966,0.03529275953769684,0.04452678933739662
0.02050693705677986,0.009064650163054466,-0.0512237474322319,0.020748654380440712,-0.07249132543802261,0.023870499804615974,0.0699973776936531,0.03637111932039261,0.08118396997451782,0.023526610806584358,-0.08635435253381729,0.04366159811615944,-0.023148780688643456,0.01382558885961771,0.061989739537239075,-0.02118920348584652,0.005872844252735376,-0.07831273972988129,0.06130534037947655,-0.005093650426715612
0.036981020122766495,-0.07624533027410507,0.05183355510234833,-0.0584399439394474,-0.010554005391895771,0.05275564268231392,0.058958642184734344,-0.023727737367153168,0.04161840304732323,0.0016660555265843868,0.053880926221609116,-0.028701424598693848,0.07357225567102432,0.07117818295955658,0.024151412770152092,0.027796093374490738,-0.017658859491348267,0.021814052015542984,-0.04895249754190445,0.014931952580809593
0.04063653573393822,-0.0188765786588192,0.03364976868033409,-0.061646152287721634,-0.037748001515865326,-0.027289191260933876,-0.028278496116399765,-0.0358511283993721,0.05154440924525261,-0.04076690971851349,-0.004379418212920427,0.0618220791220665,0.0011165518080815673,-0.024484366178512573,-0.023120664060115814,-0.06109680235385895,0.0690736249089241,-0.011012260802090168,0.038398291915655136,0.028233014047145844
-0.0006793677457608283,-0.07014718651771545,0.016249701380729675,0.07647804915904999,0.0031349274795502424,-0.03666894882917404,-0.045856982469558716,-0.002765075070783496,0.059623293578624725,-0.01841937191784382,0.013788942247629166,0.0189173836261034,0.014694414101541042,0.012877563014626503,0.0401235930621624,-0.06942752748727798,-0.014052992686629295,-0.0017975873779505491,0.059888552874326706,0.051790013909339905
-0.03059951215982437,0.02603396773338318,0.07344813644886017,-0.009540190920233727,0.023159796372056007,-0.03513125330209732,-0.0017682957695797086,0.055820282548666,-0.04399949312210083,0.028806058689951897,-0.015827957540750504,-0.03739820420742035,-0.030790075659751892,0.011743444949388504,-0.005148181691765785,0.04887394979596138,-0.05570191890001297,-0.04720354825258255,0.0024257441982626915,0.04075934737920761
-0.01497571263462305,-0.08180909603834152,0.08809736371040344,0.06871452927589417,-0.02136068232357502,0.036654841154813766,0.00749265868216753,0.05679904669523239,0.017488587647676468,0.061664190143346786,-0.05622274428606033,-0.009394419379532337,0.04959904029965401,0.02949880063533783,0.007136342581361532,-0.025063561275601387,-0.034169986844062805,-0.06854746490716934,0.054428908973932266,-0.031195828691124916
-0.014180994592607021,-0.07509976625442505,0.027177268639206886,0.024029484018683434,-0.07427442818880081,0.08201280236244202,-0.009445112198591232,0.05674163997173309,0.05009225383400917,-0.02942214533686638,0.02562583051621914,0.029248900711536407,-0.049796201288700104,0.0760667622089386,-0.030323661863803864,-0.006420341785997152,0.08188379555940628,-0.06762740015983582,0.05034198611974716,-0.025366920977830887
0.009286180138587952,-0.022737381979823112,0.040129099041223526,-0.008250136859714985,0.06379024684429169,0.01187475211918354,0.014435936696827412,0.09046922624111176,0.08378756791353226,-0.03166859224438667,-0.05538031458854675,0.0027703209780156612,0.06701603531837463,0.01486202422529459,0.0032353003043681383,0.06033134087920189,0.015522736124694347,0.034313641488552094,0.08547497540712357,-0.027875801548361778
-0.04694373905658722,0.0329190269112587,0.03304637596011162,-0.05707668885588646,0.0003727370349224657,-0.015828898176550865,0.014377206563949585,0.02251904457807541,-0.028961267322301865,-0.05142717435956001,-0.04070743918418884,-0.06770464777946472,0.007089434191584587,0.014295516535639763,0.017955537885427475,0.05932142958045006,0.002661393489688635,-0.05777592211961746,0.07524461299180984,-0.02407750114798546
0.05007340759038925,0.035829298198223114,0.05770799145102501,0.015803199261426926,0.029396792873740196,0.0022145602852106094,0.00500332098454237,0.02279435656964779,0.06810899823904037,0.00909730326384306,-0.03263510391116142,-0.014631534926593304,0.03287176042795181,0.05358528345823288,-0.06121223792433739,0.023175889626145363,-0.056682586669921875,-0.03983350843191147,0.08144846558570862,-0.033064842224121094
0.02009398490190506,-0.06097523123025894,0.0849502831697464,0.06844895333051682,-0.019959986209869385,0.011329449713230133,0.024828704074025154,-0.011576187796890736,0.046281732618808746,0.05452912673354149,0.024657895788550377,-0.005532261915504932,0.014103529043495655,-0.05057310685515404,0.027872001752257347,0.05275990813970566,0.03330492228269577,-0.09630276262760162,0.06226302310824394,0.022620990872383118
-0.07779360562562943,-0.041471995413303375,0.05117728188633919,-0.0378388948738575,0.055536746978759766,0.03609151020646095,0.06381741166114807,0.04697206988930702,0.03807821124792099,0.06507053226232529,-0.011657473631203175,0.04467952996492386,0.057963866740465164,0.03682025149464607,-0.011461704969406128,0.04182664304971695,0.05111103132367134,-0.05761634185910225,0.04564796760678291,0.032980162650346756
0.01727011241018772,0.03805520758032799,-0.01865195669233799,-0.010215804912149906,-0.04480043053627014,0.07152239978313446,-0.018371647223830223,0.006887570954859257,-0.007627510000020266,0.05923580750823021,0.03578946366906166,-0.04288630187511444,-0.013205389492213726,-0.016647811979055405,0.02827548421919346,-0.0650070309638977,0.08444669097661972,-0.029439765959978104,-0.0031262629199773073,-0.013122346252202988
0.01727011241018772,0.03805520758032799,-0.01865195669233799,-0.010215804912149906,-0.04480043053627014,0.07152239978313446,-0.018371647223830223,0.006887570954859257,-0.007627510000020266,0.05923580750823021,0.03578946366906166,-0.04288630187511444,-0.013205389492213726,-0.016647811979055405,0.02827548421919346,-0.0650070309638977,0.08444669097661972,-0.029439765959978104,-0.0031262629199773073,-0.013122346252202988
-0.03511795401573181,0.02909379079937935,-0.013014057651162148,0.015704931691288948,0.022243019193410873,0.01521316822618246,-0.005463676992803812,0.027123207226395607,0.06125282123684883,-0.02388896606862545,0.052527278661727905,-0.0704335942864418,0.07707349956035614,-0.00530935637652874,-0.02185211516916752,0.058430857956409454,-0.04828636348247528,-0.053285375237464905,-0.046280309557914734,-0.01896592602133751
0.026415640488266945,0.03563598915934563,0.06372804939746857,0.058652933686971664,0.04422817379236221,-0.0585324764251709,-0.0402442030608654,0.06323988735675812,0.03498316928744316,0.033330418169498444,-0.07169723510742188,-0.010919868014752865,0.04744444414973259,0.05689280480146408,0.039000947028398514,-0.015415738336741924,-0.06100775673985481,-0.0641886368393898,0.010976879857480526,-0.05898210033774376
-0.06809309870004654,-0.003014324000105262,0.06421936303377151,0.07529568672180176,0.0036322129890322685,0.07446800917387009,-0.0024634012952446938,-0.0487188957631588,0.04132680967450142,-0.07538972795009613,-0.018208758905529976,0.05664561316370964,-0.023309310898184776,0.06915055215358734,0.06363736838102341,0.03561468794941902,-0.041093192994594574,-0.0792408138513565,0.0012176427990198135,-0.05551417917013168
-0.027203939855098724,-0.07213235646486282,-0.040749866515398026,-0.03866627439856529,0.013022761791944504,-0.027577517554163933,-0.06271180510520935,0.06740958243608475,0.06279657036066055,-0.05790669843554497,-0.011882130987942219,-0.039450012147426605,-0.03603525832295418,-0.036917299032211304,0.01240717712789774,-0.043121255934238434,0.0019433338893577456,-0.015468060038983822,-0.049940139055252075,-0.0023028342984616756
-0.07252219319343567,-0.0068457769230008125,0.0761023759841919,0.07653740793466568,-0.017260367050766945,-0.01267516054213047,-0.04851048067212105,-0.01965743862092495,0.08105187863111496,-0.03189540654420853,-0.08567947894334793,0.009313066489994526,0.0526413731276989,-0.047215770930051804,0.05975662171840668,0.0035240761935710907,0.03348257765173912,-0.024302124977111816,-0.011760205961763859,-0.022385040298104286
-0.08072121441364288,-0.04611283168196678,0.0005642311880365014,0.0712307021021843,-0.043220359832048416,-0.02531479299068451,-0.014857062138617039,-0.03160697594285011,-0.04449278116226196,0.023676030337810516,0.0010049601551145315,0.038426898419857025,0.06440070271492004,-0.056031275540590286,0.017867188900709152,0.022762611508369446,-0.05399194732308388,-0.06295259296894073,0.03435996547341347,-0.0392804779112339
-0.06887837499380112,-0.026476338505744934,0.08739638328552246,0.08251967281103134,-0.03233492374420166,0.07094326615333557,-0.04771729186177254,0.07246803492307663,0.029079513624310493,-0.05849377438426018,0.039637818932533264,-0.046568047255277634,-0.0006993647548370063,0.07668846845626831,-0.0459086149930954,0.0001560001983307302,0.0310464296489954,-0.08246548473834991,-0.0018469593487679958,-0.03788105025887489
-0.06140341982245445,0.006871465127915144,-0.026928717270493507,-0.04881753772497177,0.020200707018375397,0.011685926467180252,-0.0445743203163147,-0.03585446998476982,-0.0030328244902193546,0.0065276431851089,0.0033910181373357773,-0.040998425334692,-0.046440545469522476,0.00767147820442915,-0.007804342545568943,0.032640065997838974,0.004952146206051111,-0.027435481548309326,0.02004878595471382,0.055691447108983994
-0.00975897628813982,-0.015436442568898201,0.05378574877977371,0.0386824831366539,0.018599607050418854,0.058690134435892105,-0.016509177163243294,-0.010851648636162281,0.071503646671772,0.04362420737743378,0.02232750877737999,-0.011231164447963238,0.07712622731924057,-0.03842473775148392,-0.04321839287877083,-0.022068887948989868,-0.046128205955028534,-0.0365351065993309,-0.05257250368595123,-0.02836153469979763
-0.014076917432248592,-0.07038024067878723,0.0037005983758717775,0.07754207402467728,-0.008648751303553581,0.052478596568107605,0.04806717485189438,-0.03025062382221222,-0.0072145117446780205,0.04755927994847298,-0.015742791816592216,0.05330457165837288,0.049262527376413345,-0.05677153915166855,0.04757799580693245,-0.011762755922973156,-0.014822980388998985,0.02194218337535858,0.0910477489233017,0.05690982565283775
0.02806265652179718,0.05459705367684364,0.013187140226364136,-0.03356305509805679,0.048493947833776474,0.02503848634660244,-0.00018126238137483597,0.08746286481618881,-0.034070126712322235,0.01915179006755352,0.03930748999118805,-0.043758325278759,0.07906974852085114,-0.030233189463615417,-0.009554092772305012,0.058401986956596375,-0.004987954627722502,-0.08318054676055908,0.0027362958062440157,0.04618857428431511
0.0389571338891983,-0.06900528073310852,0.0173938125371933,0.056219715625047684,-0.03568892925977707,0.03795711696147919,-0.05034320801496506,0.0019736941903829575,0.03529861569404602,0.0472794808447361,-0.004923644941300154,0.05669533088803291,0.06592396646738052,-0.014172639697790146,-0.034167125821113586,-0.02883988805115223,-0.054506219923496246,0.00407710624858737,-0.05319378525018692,0.027239477261900902
-0.04470061510801315,-0.020788926631212234,0.08163993060588837,0.0389963835477829,0.021375030279159546,0.05288757383823395,0.0745597779750824,0.0378335677087307,0.029216444119811058,-0.04534856975078583,-0.046006329357624054,0.03164997324347496,0.048145730048418045,-0.031281743198633194,-0.018327243626117706,-0.052747942507267,-0.011590402573347092,-0.028297213837504387,0.06198318675160408,-0.05142884701490402
0.014857962727546692,0.05256804823875427,0.08444112539291382,-0.02020157314836979,0.04126892611384392,-0.056971099227666855,-0.063367560505867,0.02678193524479866,0.06828872859477997,0.010824725031852722,0.04442360997200012,-0.06766026467084885,0.07795174419879913,-0.0045453449711203575,0.0007745336624793708,-0.01358724944293499,-0.052670158445835114,-0.05150233954191208,0.01309790275990963,-0.045833636075258255
-0.02663666382431984,-0.03072034753859043,0.02254599519073963,0.06329991668462753,0.03754458576440811,-0.04880834370851517,0.0009767719311639667,-0.024393856525421143,0.0442655123770237,0.014552523382008076,-0.06383019685745239,0.030472172424197197,0.02150755189359188,-0.06504208594560623,-0.032012034207582474,-0.008546654134988785,0.062073204666376114,-0.06523218005895615,-0.046444036066532135,-0.03643910959362984
0.028985457494854927,0.04119735583662987,-0.04021386802196503,0.06400361657142639,-0.05581346154212952,-0.04941435530781746,-0.0004952283925376832,0.041915807873010635,0.07551751285791397,-0.03321891650557518,-0.06354532390832901,0.022774405777454376,-0.042483121156692505,-0.016369782388210297,-0.04740097373723984,0.06052655726671219,-0.0650724247097969,-0.016801608726382256,0.07057023048400879,0.02733319252729416
-0.008242283947765827,-0.08279644697904587,-0.01102678757160902,-0.026336662471294403,0.03589952737092972,0.039244238287210464,-0.04928047955036163,0.09369003772735596,0.07230918109416962,-0.029219182208180428,-0.0749129131436348,-0.018028710037469864,0.07475832849740982,0.05365131050348282,0.03335198387503624,-0.05063532665371895,0.02595222182571888,0.0004276261606719345,0.06670914590358734,-0.06043938547372818
-0.037161100655794144,0.03379925712943077,-0.00012130823597544804,-0.019548676908016205,-0.006984286941587925,0.009039808996021748,0.05586667358875275,-0.04784093052148819,-0.02685655653476715,0.005236692726612091,-0.04262952134013176,0.022604310885071754,-0.02535717748105526,-0.02982679195702076,0.05976831540465355,0.04085240513086319,-0.023047853261232376,-0.023483991622924805,0.05072743818163872,-0.008569050580263138
0.02086694724857807,-0.02396027185022831,0.04029375687241554,-0.052787065505981445,-0.033695049583911896,0.05132099986076355,-0.01750684529542923,0.06859560310840607,0.003040057374164462,0.004323398694396019,-0.0652722492814064,0.04545336589217186,0.0181761234998703,-0.05977568030357361,0.03183886036276817,0.06465665251016617,0.01115140039473772,-0.040362123399972916,-0.050078894942998886,0.04332241415977478
-0.004425523336976767,0.05967801436781883,0.037175145000219345,0.03537596017122269,-0.003724708454683423,-0.038666583597660065,0.05442045256495476,0.05684741586446762,-0.04170219227671623,-0.01657017134130001,-0.039969801902770996,0.0035094229970127344,0.07688216120004654,-0.044692352414131165,0.07309956103563309,-0.05169249325990677,-0.03789151459932327,-0.03351413831114769,-0.025063414126634598,-0.04416060447692871
-0.059752918779850006,0.04762701690196991,-0.04036296531558037,-0.010601280257105827,-0.03899209946393967,-0.01341637596487999,0.0311314407736063,0.05665092542767525,0.029842255637049675,-0.07272843271493912,-0.07681894302368164,0.06687357276678085,0.07044456154108047,-0.026322104036808014,0.02545851096510887,-0.025614479556679726,0.059695884585380554,0.026576049625873566,0.06978269666433334,0.05089148133993149
-0.006078339647501707,-0.013378788717091084,0.03303426504135132,-0.025400083512067795,0.0012870454229414463,0.07774347811937332,0.06739809364080429,0.04222657531499863,0.015706529840826988,0.016919491812586784,-0.06515536457300186,-0.02265503816306591,0.011038594879209995,0.046313218772411346,0.0032149003818631172,-0.03656047582626343,0.013662230223417282,0.0042788442224264145,0.06760165095329285,-0.03890654072165489
-0.022840512916445732,-0.07979197800159454,0.08288095891475677,0.08568698167800903,0.031717292964458466,0.058298509567976,-0.023315144702792168,0.018511997535824776,0.0035856200847774744,-0.07003266364336014,0.06211669743061066,-0.07603400945663452,0.0465514250099659,-0.02743006870150566,0.06016562506556511,-0.06244545802474022,0.036679964512586594,-0.039403919130563736,0.06049459055066109,-0.06204867362976074
0.04028760641813278,-0.08370549231767654,-0.0484723225235939,-0.031082788482308388,0.029456699267029762,0.0010798637522384524,-0.027401721104979515,-0.03747075796127319,0.042982857674360275,0.040669333189725876,-0.007280201651155949,0.050676874816417694,-0.03883953019976616,0.0503108948469162,0.064383864402771,0.008845639415085316,-0.04059755057096481,0.011992755346000195,0.05268025025725365,-0.007486467249691486
0.012269379571080208,-0.06290328502655029,0.030938507989048958,-0.04262927174568176,0.025699207559227943,0.06805460155010223,0.033990830183029175,-0.047781772911548615,0.006975722033530474,0.055296365171670914,-0.021710649132728577,0.061767637729644775,0.030066123232245445,-0.05044626444578171,0.006887294352054596,0.02875295653939247,0.0428837314248085,-0.10312290489673615,-0.02084256336092949,-0.009513174183666706
-0.03254380449652672,0.01306297816336155,0.07763317227363586,-0.05070459097623825,-0.019582075998187065,0.06802920252084732,-0.03388861194252968,0.07496874034404755,-0.011979793198406696,0.02275552973151207,-0.062418896704912186,-0.015391041524708271,-0.02607460878789425,0.06300782412290573,-0.0018834879156202078,-0.05325615406036377,0.06723746657371521,-0.08691298961639404,-0.007897644303739071,-0.06013482064008713
0.05409083515405655,-0.020210880786180496,0.06463485211133957,0.07168380916118622,-0.0001324311160715297,-0.009441932663321495,-0.020690662786364555,-0.009621696546673775,-0.03516267240047455,0.01975160464644432,-0.08863556385040283,0.0550701804459095,0.08948900550603867,0.010626436211168766,0.06945895403623581,0.06979166716337204,-0.02398233860731125,-0.08808151632547379,-0.0343899168074131,0.015747711062431335
-0.053411856293678284,-0.05948808044195175,0.0518961064517498,0.05507957190275192,-0.07294318825006485,-0.034028876572847366,-0.0015266527188941836,0.00688388803973794,0.06335258483886719,0.024792015552520752,0.03347034752368927,0.001970135373994708,-0.007448876276612282,0.007545976899564266,-0.016223635524511337,-0.0624408945441246,0.0011396411573514342,-0.07335130870342255,-0.022912370041012764,-0.051660969853401184
-0.0047026025131344795,-0.06003224477171898,0.0860566571354866,-0.047775235027074814,0.008622115477919579,-0.036976881325244904,0.010827694088220596,-0.01731591485440731,0.019065720960497856,-0.003397113410755992,-0.05617482215166092,0.029919978231191635,0.050670523196458817,-0.012073864229023457,-0.0002697442250791937,0.006349839735776186,0.02439596690237522,-0.07645340263843536,0.00047249000635929406,-0.0040091234259307384
0.042564768344163895,0.03128568083047867,-0.043293874710798264,-0.019779738038778305,0.012507070787250996,-0.05353960767388344,0.027228400111198425,0.06391902267932892,0.07724709808826447,0.047784991562366486,-0.029246050864458084,-0.008098887279629707,0.0008511990308761597,0.0053605628199875355,-0.030200183391571045,0.06476482003927231,0.042517032474279404,-0.03058110550045967,-0.05293377488851547,-0.004805063828825951
-0.07862671464681625,0.05520068109035492,-0.02694595232605934,0.014571691863238811,-0.042625561356544495,0.06855248659849167,-0.037964846938848495,-0.003434997284784913,-0.0014890863094478846,-0.003308685962110758,-0.02460511028766632,-0.06796154379844666,0.03626090660691261,-0.008510849438607693,-0.06590364128351212,-0.008555718697607517,0.0137480478733778,-0.0277366004884243,0.08624624460935593,0.045240066945552826
-0.03155522421002388,-0.038937561213970184,-0.05192708224058151,0.002009753370657563,0.044945452362298965,-0.05582810193300247,0.031183429062366486,0.07862386852502823,0.08929089456796646,-0.02056306228041649,-0.05952638015151024,-0.06839244812726974,-0.04373164474964142,0.07759279757738113,0.044363025575876236,-0.013902230188250542,0.060060515999794006,-0.06729158759117126,0.012702313251793385,0.06451956927776337
-0.07148553431034088,0.02947835437953472,-0.011218171566724777,0.06621233373880386,0.03535183146595955,-0.04478642717003822,0.004996219649910927,-0.021717751398682594,0.07522820681333542,0.059168312698602676,-0.05850795656442642,0.002177039859816432,0.03869124874472618,0.00881862174719572,0.05986112728714943,0.04194045066833496,0.021570337936282158,0.026203492656350136,0.00034687251900322735,-0.06377319991588593
-0.042411886155605316,-0.06499017030000687,0.04054739698767662,0.06371433287858963,0.05636477470397949,0.033398229628801346,-0.058764904737472534,-0.010058430954813957,0.007422474212944508,0.018651949241757393,0.0053899833001196384,-0.012439368292689323,-0.019026128575205803,0.04472239688038826,0.06101357564330101,0.027148624882102013,0.015949970111250877,-0.0007079913630150259,0.040601424872875214,-0.011928423307836056
0.02214859053492546,0.012877946719527245,-0.04443391412496567,0.0556582547724247,-0.027103524655103683,0.045323312282562256,0.008160815574228764,0.006023905705660582,-0.03752702847123146,0.024411864578723907,-0.020091993734240532,0.06390829384326935,-0.025685232132673264,0.08652550727128983,-0.022137299180030823,0.01929623633623123,0.06689119338989258,-0.013787548057734966,0.029708199203014374,0.05723903328180313
0.005955598317086697,-0.02762291207909584,0.0674445778131485,0.07177039980888367,0.0004139537631999701,0.005579885095357895,0.03449307754635811,-0.0184165146201849,0.05157557874917984,-0.022991739213466644,-0.056405436247587204,-0.05221911892294884,-0.05790608003735542,0.003029763465747237,0.06397372484207153,0.03160271421074867,0.050754643976688385,0.011835324577987194,0.0182630717754364,-0.026510972529649734
-0.020421337336301804,0.004669568035751581,0.057696275413036346,-0.04075875133275986,0.04212364926934242,0.021359093487262726,-0.004488909617066383,0.016203338280320168,0.0609557069838047,0.00851525366306305,-0.0515265166759491,-0.06892594695091248,-0.011514345183968544,0.031208859756588936,0.006746470928192139,-0.02782270312309265,0.04463399946689606,-0.04380747303366661,-0.02354254573583603,-0.01347394473850727
0.03494703397154808,-0.026744509115815163,-0.0032059315126389265,-0.01727605052292347,0.038712915033102036,0.056136105209589005,-0.018169136717915535,0.06070087477564812,0.0075510721653699875,0.01669594831764698,0.04507271945476532,-0.0015931852394714952,-0.03833473473787308,-0.05696896091103554,0.0088587561622262,0.010859478265047073,0.022676769644021988,-0.08918225765228271,0.08996014297008514,-0.033509884029626846
-0.011425653472542763,0.05214659124612808,-0.03191511332988739,0.06805230677127838,0.06348169595003128,0.03030368499457836,-0.034725677222013474,0.06027400493621826,-0.04265045002102852,-0.0408165343105793,-0.035335469990968704,-0.06566159427165985,-0.014698593877255917,-0.005437592044472694,-0.05098186805844307,0.026721136644482613,-0.009166614152491093,0.03665553405880928,0.02434733510017395,-0.031992107629776
0.0534176267683506,0.052031539380550385,0.0801999494433403,-0.012131592258810997,0.04497307911515236,-0.049966830760240555,-0.045188937336206436,-0.008556037209928036,-0.03723345324397087,-0.0719153955578804,-0.07751759141683578,-0.033723972737789154,0.02467094548046589,0.07718358188867569,0.013368463143706322,-0.023318342864513397,0.003278420539572835,0.039499007165431976,-0.008513727225363255,-0.05838407948613167
-0.014505796134471893,-0.0559612512588501,0.0402323417365551,0.026257848367094994,0.04144526273012161,0.01073889434337616,-0.0021235120948404074,0.03523807227611542,0.014552404172718525,0.0571555532515049,-0.03153359144926071,0.06904774904251099,0.015646083280444145,0.06944049894809723,-0.062073152512311935,0.0659300908446312,0.06337283551692963,-0.052714575082063675,0.02755545824766159,-0.04947609826922417
-0.05960550904273987,0.01644142158329487,-0.038229674100875854,-0.06307026743888855,0.022902941331267357,0.05347959324717522,0.06140388920903206,0.07596863806247711,0.08004989475011826,-0.029126416891813278,0.01652812398970127,-0.023055359721183777,0.005736892111599445,-0.05390285328030586,0.002048000693321228,0.009879818186163902,-0.010427127592265606,-0.01917608641088009,-0.027749212458729744,0.0071966443210840225
0.015421874821186066,0.04436756670475006,0.023873433470726013,0.01071641594171524,0.051303211599588394,0.02506350725889206,-0.020727775990962982,-0.04926411062479019,-0.042087141424417496,-0.0007646051235496998,-0.06438365578651428,0.06738171726465225,0.04869072511792183,-0.03380629047751427,0.04907507821917534,-0.05245370790362358,0.03849425166845322,-0.011860385537147522,0.027206476777791977,-0.06868035346269608
0.03650939464569092,-0.03385506570339203,-0.019490310922265053,0.05896230787038803,0.06332021206617355,0.03697828948497772,-0.020527739077806473,0.06966468691825867,0.0003158925974275917,-0.02547100931406021,-0.04147222638130188,-0.0319315642118454,0.07226324081420898,0.06545494496822357,-0.020373856648802757,-0.04023321345448494,-0.0316556841135025,-0.02893773466348648,0.030427470803260803,-0.046184688806533813
-0.013788247480988503,0.04377738758921623,-0.03231823071837425,0.08222612738609314,-0.016820162534713745,-0.049347952008247375,-0.014367742463946342,0.07821144163608551,-0.001507043605670333,-0.07594458013772964,0.04272104427218437,-0.06433552503585815,0.0370417982339859,0.05735950917005539,0.003540191100910306,0.03405691683292389,0.01309183519333601,-0.09693260490894318,-0.03573855385184288,0.005174688994884491
-0.03651105985045433,-0.011346162296831608,0.022942109033465385,-0.013352713547647,0.06358768790960312,0.010688967071473598,0.041436340659856796,0.04927808791399002,0.04192835092544556,-0.06965844333171844,-0.019983720034360886,-0.01678374409675598,-0.017555369064211845,0.014506888575851917,0.012622199021279812,0.017353368923068047,0.022871846333146095,0.027575658634305,0.0698750913143158,0.02470521442592144
0.05647857114672661,-0.05270170047879219,0.076764777302742,0.08009418845176697,0.0073057739064097404,0.07583338767290115,-0.029896574094891548,0.08323793113231659,0.07932979613542557,-0.0296198520809412,-0.007703776471316814,0.015653425827622414,0.06262075155973434,0.020274648442864418,-0.06901811808347702,0.04837900400161743,-0.0125614358112216,-0.02894638478755951,-0.0037339881528168917,-0.07275103032588959
-0.008973810821771622,0.008169995620846748,0.0473417192697525,0.06432631611824036,0.016644733026623726,-0.0582885779440403,0.0003361388517078012,-0.0032333077397197485,0.08611491322517395,-0.05989564582705498,-0.05778450518846512,0.04784015193581581,-0.041611652821302414,-0.016023287549614906,-0.050958991050720215,-0.04579402878880501,0.014482585713267326,0.03608324006199837,-0.006430895999073982,0.011378497816622257
0.014037705957889557,0.030292822048068047,0.011430762708187103,0.002948978915810585,0.012253135442733765,0.056629728525877,-0.017653658986091614,0.04400428384542465,0.028539733961224556,0.0189046747982502,-0.026422997936606407,0.01996525563299656,-0.038692086935043335,0.05727258324623108,0.04580770432949066,0.014582368545234203,0.02992308884859085,0.0008513034554198384,0.05115336924791336,-0.0008341367938555777
0.03748179227113724,0.04533565416932106,0.03830834478139877,0.025938481092453003,-0.00324852648191154,-0.0477023720741272,-0.004178039729595184,-0.016639184206724167,-0.05827314779162407,0.011851012706756592,-0.0227421373128891,-0.00111696298699826,-0.03923281654715538,-0.008012527599930763,-0.032621171325445175,0.03919250890612602,0.03476957604289055,-0.05380815640091896,0.01992473006248474,-0.0451517254114151
0.04532714560627937,0.053793251514434814,0.04767322540283203,0.040659431368112564,-0.04847951978445053,0.0802665650844574,-0.045684944838285446,-0.022085264325141907,0.08669090270996094,0.05923190340399742,0.01640775240957737,-0.015591914765536785,-0.014661465771496296,-0.03584561124444008,0.014695029705762863,0.0342397578060627,-0.04750384762883186,-0.08925703912973404,0.04623027145862579,-0.0052773612551391125
-0.04093792662024498,0.006304054521024227,-0.030663132667541504,0.003621933748945594,-0.046871401369571686,0.08996672928333282,-0.05456926301121712,0.06424999237060547,-0.05043087899684906,-0.06363882124423981,0.018869658932089806,-0.005226823501288891,0.06228012219071388,0.06305565685033798,0.06569702178239822,-0.03995019197463989,0.021173980087041855,-0.007424835115671158,0.044729091227054596,0.037309177219867706
-0.008813613094389439,-0.08072672039270401,0.06270412355661392,0.022167013958096504,-0.04287809506058693,0.04077957570552826,-0.011773421429097652,0.0797867625951767,0.08892170339822769,-0.0053135063499212265,0.010120328515768051,0.0397285521030426,-0.03214188292622566,-0.057884614914655685,0.06361766159534454,0.050340764224529266,-0.007512566167861223,-0.07455208152532578,0.05598247051239014,-0.050239790230989456
0.019784001633524895,0.052846815437078476,0.02686223015189171,-0.0105886934325099,-0.0006097651785239577,-0.000700619479175657,-0.020169967785477638,0.04547835886478424,-0.008101733401417732,-0.07684578001499176,0.06065649539232254,0.02957041561603546,-0.04721939191222191,0.002477728994563222,0.06869078427553177,-0.051260028034448624,0.07292782515287399,-0.01974593661725521,0.029474111273884773,-0.0483073964715004
0.023571085184812546,-0.03331979364156723,0.04981571435928345,0.021251622587442398,-0.030290191993117332,-0.019141843542456627,0.05159272998571396,-0.0018045236356556416,0.04869207739830017,-0.061971038579940796,0.06261876225471497,0.05580131337046623,0.02959461696445942,0.06477529555559158,-0.0088840676471591,0.03717922791838646,-0.02557993493974209,-0.09313499182462692,-0.051673561334609985,-0.007525322027504444
-0.010220087133347988,-0.007637417875230312,-0.0009331712499260902,0.056778423488140106,-0.01625724509358406,0.0757991299033165,-0.0016630060272291303,0.017956795170903206,-0.04496484249830246,0.0343797504901886,-0.004321689251810312,-0.031611353158950806,-0.01605864427983761,0.005573140922933817,0.07290778309106827,-0.002403808990493417,0.031995464116334915,0.03075125627219677,0.030472243204712868,-0.0341312550008297
0.008776727132499218,-0.07563628256320953,0.011687589809298515,0.01649569720029831,-0.049243438988924026,0.048700083047151566,0.02198261022567749,0.06789813935756683,-0.03320878744125366,0.042593251913785934,-0.02186252921819687,-0.0550009123980999,0.040146276354789734,0.02529742568731308,-0.02223915234208107,0.0012346822768449783,0.06612518429756165,-0.07023993879556656,0.0020423296373337507,-0.04797076806426048
-0.048675764352083206,0.01899356208741665,0.026173917576670647,-0.024652888998389244,0.03681933507323265,-0.055870071053504944,0.029887128621339798,0.017054574564099312,-0.004478964954614639,0.030105361714959145,-0.023541634902358055,-0.01320360042154789,0.03876965492963791,-0.05662563815712929,-0.047832127660512924,-0.06335899978876114,-0.04182989522814751,-0.02559719979763031,0.052814073860645294,-0.016610020771622658
0.01126952562481165,0.027331385761499405,0.05698652192950249,-0.04994165524840355,0.018242457881569862,0.05471254512667656,0.06546257436275482,0.07172058522701263,0.06974079459905624,0.04752985015511513,0.03353147581219673,0.05638545751571655,-0.03435656800866127,-0.003114983206614852,0.0001853545691119507,0.042343929409980774,0.02548089437186718,-0.0808970108628273,0.054351940751075745,0.03903348371386528
-0.023356996476650238,0.040528200566768646,-0.01717466674745083,0.06665308028459549,-0.06354201585054398,0.06473502516746521,-0.008187058381736279,0.007405437063425779,0.0001142590117524378,-0.02036995254456997,-0.06702794134616852,-0.020112255588173866,0.048721686005592346,0.06896646320819855,0.03989005088806152,0.046858351677656174,0.0422297865152359,-0.06078605726361275,0.014700131490826607,-0.04306582361459732
-0.0029864530079066753,-0.04151260107755661,0.011604650877416134,0.07647110521793365,-0.020294545218348503,-0.04503996670246124,0.014746922999620438,0.05865909904241562,0.07207363098859787,-0.009316611103713512,-0.06773027032613754,0.07260853052139282,0.06367252767086029,-0.03332693874835968,0.014551762491464615,-0.031070806086063385,0.012188191525638103,-0.004299413412809372,0.07169471681118011,-0.0003056126879528165
-0.008846794255077839,0.05268241837620735,0.06832831352949142,-0.0477650910615921,0.026446368545293808,0.02160698175430298,0.0295797660946846,0.07706709951162338,0.012265002354979515,0.024655332788825035,-0.04479978606104851,0.005756280850619078,-0.003470598254352808,-0.02185436524450779,-0.07277850806713104,-0.024125007912516594,-0.03960643336176872,-0.05312700569629669,0.02999979443848133,0.033116165548563004
0.043988872319459915,0.04650869220495224,0.009010112844407558,0.07479289174079895,-0.0631072074174881,-0.04458020627498627,-0.04325482249259949,-0.010224435478448868,0.05796916410326958,0.021019110456109047,-0.02920261025428772,0.04406096413731575,0.00834630336612463,0.059114497154951096,-0.02942938730120659,0.032594628632068634,0.020415691658854485,0.02794502303004265,-0.04229350388050079,-0.07133617252111435
-0.007002069149166346,-0.06918729841709137,0.04625852778553963,0.06694470345973969,-0.016661662608385086,0.032991454005241394,0.07234293967485428,-0.015165731310844421,0.07358743250370026,-0.03002457693219185,0.02192108705639839,0.03204720839858055,-0.025506265461444855,-0.038022737950086594,0.017415283247828484,0.06682810932397842,-0.014384198933839798,-0.058703090995550156,0.019035397097468376,0.041822440922260284
-0.03996369615197182,-0.04983427748084068,0.062487196177244186,-0.026007656008005142,0.03541148081421852,-0.02961883507668972,-0.05797935649752617,0.05710352957248688,0.06412144005298615,-0.0117258969694376,0.044521261006593704,-0.05096953362226486,0.02669980190694332,0.031468480825424194,-0.032962385565042496,0.06885093450546265,0.020028002560138702,-0.08990722894668579,0.0811108872294426,0.0467773862183094
-0.0684308409690857,-0.07367527484893799,0.049813639372587204,-0.012966696172952652,0.03488588705658913,-0.020475715398788452,-0.03031010553240776,-0.0037270879838615656,0.07430734485387802,-0.019133957102894783,-0.015383456833660603,-0.009854770265519619,0.05626778304576874,0.025073779746890068,-0.01405720878392458,0.030650300905108452,0.06765609234571457,-0.04973674938082695,0.061329543590545654,0.019632818177342415
0.054007936269044876,-0.027766963467001915,0.0348849780857563,-0.04027936980128288,-0.039209116250276566,0.07212850451469421,-0.0580623485147953,0.05612561106681824,-0.011151567101478577,0.04106098785996437,-0.06563187390565872,0.020485447719693184,-0.04948429390788078,-4.78736765217036e-05,-0.03251296281814575,0.01702459156513214,0.0407034307718277,-0.03457826375961304,-0.014059602282941341,-0.01739923283457756
0.02039295993745327,0.05195039138197899,-0.013560452498495579,0.04166819527745247,-0.060323428362607956,0.017723264172673225,-0.019070183858275414,0.04730023443698883,-0.052138593047857285,-0.07932864874601364,-0.07512751966714859,-0.03481513261795044,0.06233322247862816,0.03240324556827545,0.009868580847978592,0.05590619519352913,0.05831001698970795,0.04410461708903313,-0.03194453939795494,0.04895171523094177
0.013510791584849358,0.05352172628045082,0.017631929367780685,-0.02950376830995083,0.011542148888111115,0.06764920055866241,0.019602540880441666,0.07144235074520111,0.01386919803917408,0.03953622654080391,-0.0010307570919394493,-0.05045643076300621,-0.02489020675420761,0.057078637182712555,0.07727538794279099,0.04612094908952713,0.02286042645573616,0.00020335571025498211,0.006031972821801901,0.037363406270742416
-0.08115949481725693,-0.03265436366200447,-0.011954305693507195,0.009270991198718548,-0.07543853670358658,0.08153173327445984,-0.04541226476430893,-0.015467272140085697,0.07071803510189056,0.0059556905180215836,0.05235521122813225,-0.045540668070316315,0.006544495467096567,0.06573834270238876,-0.01331187691539526,-0.007468669209629297,-0.013964273035526276,0.011332809925079346,-0.03525112569332123,0.012293706648051739
-0.07932101935148239,-0.008209722116589546,-0.01669641025364399,0.016636278480291367,-0.022825803607702255,0.008588943630456924,-0.05429104343056679,0.016917046159505844,0.016773585230112076,-0.037325333803892136,-0.02874716743826866,-0.06991349160671234,0.00027106309426017106,0.03728439286351204,0.044770050793886185,0.04756999388337135,-0.05487975478172302,-0.09204805642366409,0.0751410722732544,0.01713600568473339
-0.05042582377791405,-0.06921552121639252,0.089531809091568,-0.02697690576314926,0.03154477849602699,-0.05265500023961067,0.0537370927631855,-0.05157432705163956,0.004348731134086847,0.0562189556658268,-0.07383009791374207,-0.07057354599237442,-0.050648853182792664,-0.0469917431473732,-0.00887951347976923,0.025765011087059975,-0.01299220323562622,-0.05196935310959816,0.04059243202209473,-0.06708136945962906
-0.011554847471415997,0.03811260312795639,0.02208639122545719,0.05300957337021828,-0.04913272336125374,0.048810187727212906,-0.026978272944688797,-0.05177267640829086,0.06644899398088455,-0.01644456945359707,-0.08807831257581711,0.010118509642779827,0.018198421224951744,0.03932910040020943,0.060267481952905655,0.0217886995524168,0.01705373451113701,0.029997089877724648,-0.032246071845293045,0.03321900963783264
-0.03309456259012222,-0.052950598299503326,0.08407081663608551,0.057263292372226715,0.048921678215265274,0.056935206055641174,-0.04451083391904831,-0.002789675025269389,0.04432085528969765,-0.02100810781121254,0.011972044594585896,0.008970124647021294,-0.04774942994117737,0.031707070767879486,-0.01970631815493107,-0.007132712751626968,0.07160725444555283,-0.06242880970239639,0.030692243948578835,-0.04515659436583519
0.033209048211574554,-0.05864431709051132,0.044361699372529984,-0.04031168296933174,-0.05871111527085304,0.035622525960206985,0.047502946108579636,0.0335165336728096,0.04825987294316292,0.025659935548901558,-0.078839972615242,-0.0010276671964675188,0.043456897139549255,0.014576449058949947,-0.02022094838321209,-0.04471619054675102,0.026813343167304993,-0.06961595267057419,0.05464012920856476,-0.04514062777161598
0.02858693338930607,-0.02298731356859207,0.06437632441520691,0.062401507049798965,-0.04817885160446167,0.043883029371500015,-0.026362670585513115,-0.04374737665057182,-0.010201108641922474,0.023603633046150208,-0.017848044633865356,0.003690246492624283,-0.039956044405698776,0.006232609041035175,-0.0015316209755837917,-0.019149795174598694,0.02388029918074608,-0.054609932005405426,-0.02311226911842823,-0.0046767015010118484
-0.01565534435212612,0.00273343943990767,0.027194282039999962,-0.04780459776520729,0.02796284668147564,-0.045338235795497894,-0.05673079937696457,-0.04031417891383171,0.044260453432798386,-0.022800451144576073,0.04059048742055893,-0.009998933412134647,-0.030869171023368835,0.005656410939991474,0.050229888409376144,0.07012443244457245,-0.013744709081947803,0.03648485243320465,-0.02000507526099682,0.04306242614984512
0.04060906171798706,-0.025220822542905807,-0.003755388082936406,0.03590890392661095,-0.03729191794991493,0.08022310584783554,0.05853228271007538,-0.010841279290616512,-0.03633588179945946,-0.053904954344034195,0.035541921854019165,0.02476583421230316,0.055258918553590775,0.016943061724305153,0.03483554720878601,0.04238959774374962,-0.02280345931649208,-0.055738046765327454,-0.0308944433927536,-0.059348512440919876
0.04828433319926262,0.008227113634347916,0.014249145984649658,-0.020672084763646126,0.014750744216144085,0.03980597108602524,0.019043544307351112,0.07377183437347412,0.056732553988695145,-0.014564389362931252,-0.08228760957717896,0.007341938093304634,0.07183858007192612,0.0749315693974495,0.014330316334962845,0.02892836555838585,-0.006081942934542894,-0.08680722862482071,-0.02812248282134533,0.00693727470934391
-0.009873737581074238,0.0036256483290344477,-0.03685861825942993,-0.006028586998581886,-0.02671009488403797,0.04209737852215767,0.02089192159473896,0.05911265313625336,0.015522179193794727,-0.0351041816174984,0.04164903610944748,0.056246068328619,0.03567749261856079,0.05826086550951004,-0.029999790713191032,0.054557621479034424,-0.033885810524225235,-0.024280214682221413,0.01571064442396164,0.02316165156662464
-0.04152360558509827,-0.018583446741104126,0.05240282788872719,-0.034620895981788635,0.00995418056845665,0.06999716907739639,-0.02299361675977707,0.08645149320363998,0.06146884337067604,-0.03516802564263344,-0.021866096183657646,0.0062382156029343605,-0.014874111860990524,0.07217169553041458,0.01589931920170784,0.027792656794190407,0.015390672720968723,-0.05473800376057625,-0.05779743939638138,0.03813537582755089
-0.016318153589963913,-0.004204396158456802,-0.031193120405077934,0.008505881763994694,-0.020081011578440666,0.004059866536408663,-0.004492887295782566,0.01905900612473488,-0.029549000784754753,-0.026614483445882797,-0.041761621832847595,-0.04540524631738663,0.030474437400698662,-0.022122781723737717,0.024782313033938408,-0.03567565605044365,-0.06009158864617348,-0.03772437199950218,0.04516250640153885,0.05909310653805733
-0.011116567067801952,-0.06345092505216599,-0.04440024122595787,-0.0527963750064373,-0.03569506108760834,0.006625015754252672,-0.005660975351929665,0.020457951352000237,-0.040767595171928406,-0.03647584095597267,-0.06899505108594894,-0.05841769650578499,0.07414517551660538,0.035280514508485794,0.0661337599158287,0.046368591487407684,-0.019098224118351936,-0.0043644714169204235,0.05625160038471222,0.030760420486330986
0.019214008003473282,0.05476317182183266,0.032786719501018524,-0.044083524495363235,-0.0008548478945158422,0.05847708880901337,0.025567499920725822,-0.002372691873461008,0.08896398544311523,0.030396247282624245,-0.012785720638930798,0.012456304393708706,0.04280608519911766,-0.04434451088309288,0.07439339905977249,-0.02732784114778042,-0.06485817581415176,-0.02878989838063717,-0.03936058655381203,0.014153107069432735
-0.040513068437576294,0.014514164067804813,0.00670704897493124,0.052166275680065155,-0.014337720349431038,-0.061874326318502426,0.05586465448141098,0.024054447188973427,0.07247012108564377,-0.07346433401107788,0.00259984633885324,-0.017531726509332657,0.0794786736369133,0.024096654728055,-0.0016490205889567733,0.04040529578924179,-0.041796889156103134,0.02889304794371128,-0.014561043120920658,-0.04915756359696388
-0.056076779961586,-0.07386688888072968,0.04899461939930916,0.024643082171678543,0.06238390877842903,0.041426509618759155,0.015309441834688187,-0.045277174562215805,-0.012033689767122269,0.025881223380565643,0.05862409621477127,-0.05969589576125145,0.060116108506917953,0.010962005704641342,-0.02093636803328991,-0.00465681217610836,0.014900479465723038,0.03436887636780739,0.05228016525506973,-0.046142805367708206
-0.025481445714831352,0.03371896967291832,-0.04086354374885559,-0.03681369870901108,0.017919475212693214,-0.04461789131164551,0.05766137316823006,-0.021086476743221283,0.05811220034956932,-0.018026486039161682,-0.07367697358131409,0.012668630108237267,-0.032888349145650864,-0.05975418910384178,0.05893051624298096,0.017813140526413918,0.045164912939071655,0.016456935554742813,0.05785789713263512,-0.019791098311543465
-0.0455942377448082,-0.010436763986945152,0.06945255398750305,0.015130868181586266,0.021708643063902855,-0.059138327836990356,-0.045823920518159866,-0.02430608868598938,-0.023396670818328857,0.00144630775321275,0.025441262871026993,0.007252344861626625,0.014760147780179977,0.05787815526127815,-0.05299237743020058,-0.01930287294089794,-0.05705101415514946,0.02716265432536602,-0.011587605811655521,-0.012830549851059914
-0.07432331144809723,-0.035067856311798096,0.0787816047668457,-0.02854952961206436,0.0009469895740039647,0.014903713017702103,0.00860464945435524,0.06734755635261536,-0.012748684734106064,-0.028689751401543617,0.0024163888301700354,-0.04865570366382599,0.08628866076469421,-0.011479719541966915,0.04550471901893616,-0.05581985414028168,0.014515849761664867,-0.04708737134933472,-0.021450895816087723,0.01465319748967886
-0.054159440100193024,-0.041060034185647964,0.01926279254257679,-0.061346787959337234,0.03408248722553253,-0.03983172029256821,-0.016461072489619255,0.03981832042336464,0.023223889991641045,-0.017342599108815193,-0.050942398607730865,-0.04594157636165619,0.007920798845589161,-0.05601373687386513,0.056317996233701706,-0.007762288209050894,-0.019355224445462227,0.03274703398346901,0.0836336612701416,-0.01636812649667263
-0.08186593651771545,0.015788448974490166,-0.013043278828263283,0.06743994355201721,0.05586545541882515,0.04997668415307999,-0.02078917995095253,-0.029126964509487152,0.08223908394575119,0.046103473752737045,-0.07210716605186462,0.04827706888318062,0.0035202952567487955,-0.004502891097217798,0.007326178718358278,0.0027558396104723215,-0.048228953033685684,-0.11238043755292892,0.06270816177129745,-0.06832768023014069
0.03254314139485359,0.006323760375380516,0.07385655492544174,0.012595237232744694,0.04415963217616081,0.07811956107616425,0.007036846596747637,0.061810385435819626,0.06734343618154526,-0.04599146544933319,0.003551632631570101,-0.0012404590379446745,0.041700128465890884,0.03139546141028404,-0.05902538448572159,-0.055605802685022354,0.06686659902334213,0.030353982001543045,0.04852615296840668,0.02780240960419178
-0.030820723623037338,-0.049575574696063995,-0.008589761331677437,0.050661783665418625,0.008510271087288857,-0.0004514616448432207,-0.05896230787038803,0.008160891942679882,-0.04960380122065544,-0.008542864583432674,0.04104573652148247,0.056719325482845306,-0.003717325860634446,-0.037948548793792725,-0.04432433471083641,0.01658216491341591,0.0708574429154396,-0.05586184561252594,0.06937351822853088,0.0553470216691494
0.0021982803009450436,-0.05828363448381424,-0.02718678116798401,0.05912693589925766,0.05949436500668526,0.07143768668174744,0.05704890936613083,-0.039555344730615616,0.0010932500008493662,0.011444251984357834,0.03781846910715103,0.02196771465241909,-0.04543270170688629,0.0009794309735298157,0.012574596330523491,-0.018453355878591537,-0.010173523798584938,-0.08609712868928909,0.012241336517035961,-0.006385289132595062
-0.06613533943891525,0.010266931727528572,0.033661678433418274,-0.04711281135678291,0.044124897569417953,0.04218633845448494,0.00956776924431324,0.08686267584562302,-0.002488229423761368,0.05869649350643158,-0.044612426310777664,-0.04570059850811958,-0.043452776968479156,0.025048308074474335,-0.0392749197781086,0.0033484899904578924,0.0013040235498920083,-0.07231554388999939,0.04896342381834984,-0.02007143944501877
-0.06628458201885223,-0.008469391614198685,0.08443907648324966,-0.04038165137171745,0.05666249990463257,-0.0435519702732563,-0.04364914447069168,-0.014872655272483826,0.08507194370031357,-0.003955112304538488,-0.02868753671646118,-0.020455317571759224,0.013452328741550446,-0.015525308437645435,-0.020269714295864105,0.023482969030737877,-0.005184241570532322,-0.007292840164154768,0.0349247120320797,-0.013799704611301422
-0.07930871844291687,0.02288823202252388,0.08905841410160065,0.026976091787219048,-0.07249772548675537,-0.04047611728310585,-0.02271946333348751,-0.02619265764951706,-0.03705664724111557,-0.04924050346016884,-0.05817846953868866,0.05835823342204094,-0.04607890546321869,-0.04442773759365082,0.03491012379527092,-0.044379621744155884,-0.020583810284733772,-0.09520167112350464,0.07463178038597107,0.025032591074705124
0.005542790982872248,0.02383395843207836,0.026278840377926826,-0.050574954599142075,-0.0046854387037456036,-0.029253676533699036,0.03998618200421333,-0.0020505415741354227,0.06122181937098503,0.008386661298573017,-0.08049510419368744,-0.012974428944289684,-0.038574524223804474,0.011483052745461464,0.05249522626399994,0.06114676594734192,0.07569940388202667,-0.060398168861866,-0.022212548181414604,0.06441348046064377
0.04579544812440872,0.019510868936777115,0.031006960198283195,-0.042079392820596695,-0.01103786751627922,-0.011285526677966118,0.057780131697654724,0.020841632038354874,0.07434695214033127,-0.07326694577932358,0.03236321359872818,0.03286159038543701,0.055411968380212784,0.058131687343120575,-0.04344213008880615,0.02588196098804474,0.049777835607528687,-0.05724826827645302,-0.04434727132320404,-0.05094180628657341
-0.061240892857313156,-0.002971518086269498,0.05600053444504738,-0.047550927847623825,0.062005799263715744,0.03202610835433006,0.024357987567782402,0.03489168360829353,0.07469670474529266,-0.07114711403846741,-0.05883561074733734,-0.03766816854476929,0.050711341202259064,-0.007653008680790663,-0.06373229622840881,-0.03298326954245567,0.016120491549372673,-0.021468976512551308,0.03928317502140999,-0.043381690979003906
-0.03870392218232155,0.006869475822895765,-0.0027908794581890106,-0.025196516886353493,-0.0505891814827919,-0.05043293163180351,-0.05020337924361229,0.04395267739892006,0.08155452460050583,0.04138364642858505,-0.012872926890850067,-0.0006313306512311101,0.0411638468503952,0.008324868977069855,0.04801708087325096,0.011776159517467022,0.0019156195921823382,-0.027927251532673836,-0.008914397098124027,-0.05046359822154045
-0.033339641988277435,0.0559806190431118,0.04251144453883171,0.03642280772328377,-0.04495922848582268,-0.03474127873778343,0.07790786772966385,0.030174801126122475,0.02812127396464348,0.045548781752586365,0.03685116022825241,0.036443084478378296,-0.01623295061290264,0.025773847475647926,-0.04915313795208931,0.05334312096238136,0.0009037692216224968,-0.09801451861858368,0.05215337499976158,-0.029229316860437393
0.014588698744773865,-0.011800658889114857,0.06416131556034088,-0.0586790069937706,0.048626888543367386,0.07278133928775787,-0.034224916249513626,0.003096443833783269,0.04171254485845566,-0.03856891393661499,-0.03749185428023338,0.006406069733202457,0.06505416333675385,-0.02014709636569023,0.011904307641088963,-0.050486017018556595,0.008402304723858833,-0.07707736641168594,0.019658833742141724,0.02952023781836033
-0.0286957249045372,-0.023816784843802452,0.011091276071965694,-0.055352382361888885,0.017070399597287178,-0.024254927411675453,-0.04668441042304039,-0.02389042265713215,0.01099055539816618,0.017158420756459236,-0.0018066322663798928,-0.053135473281145096,0.06029752269387245,-0.02340785413980484,0.017473476007580757,0.04224148020148277,0.0006799412076361477,0.01207940373569727,0.04320533946156502,-0.040928613394498825
-0.06388062983751297,0.018533816561102867,-0.03763864189386368,0.03920949250459671,-0.03492609038949013,-0.04264897480607033,-0.05268697440624237,0.0854395404458046,0.030015261843800545,0.04812927916646004,0.037951454520225525,0.07507289946079254,0.0074645900167524815,0.004591811913996935,0.07005973905324936,0.0001184410066343844,0.004908022470772266,-0.06496845930814743,0.036775242537260056,-0.0204637311398983
0.018419452011585236,-0.024360213428735733,-0.011421802453696728,0.07597970962524414,0.06606370955705643,0.02278149127960205,-0.020465508103370667,0.06721314787864685,-0.042299170047044754,0.03911886364221573,-0.04917189106345177,0.017965218052268028,-0.041215237230062485,-0.029199013486504555,0.0432078093290329,-0.012977917678654194,-0.055294573307037354,-0.033313702791929245,0.07448385655879974,-0.06992259621620178
-0.06535758823156357,-0.05927078798413277,0.09192623943090439,-0.044817712157964706,0.03119470179080963,0.017209528014063835,-0.05101490393280983,-0.05212591215968132,0.0043629915453493595,-0.07291746139526367,-0.030693279579281807,0.061154354363679886,0.002327075693756342,0.07522626221179962,-0.006832585204392672,0.003881729207932949,-0.04293284937739372,-0.05559009313583374,-0.052283577620983124,0.052868783473968506
0.018123621121048927,-0.007886508479714394,0.06040624901652336,0.06717754900455475,-0.030018405988812447,0.033913400024175644,-0.046846307814121246,0.03969063609838486,0.04582670331001282,-0.03642033413052559,0.029275665059685707,-0.04183385521173477,-0.03558710217475891,-0.06408421695232391,0.06258820742368698,0.04562569037079811,-0.05845455452799797,-0.0393134169280529,0.015070294961333275,-0.04510354995727539
-0.006714128889143467,-0.07459977269172668,0.08517333120107651,0.02214024029672146,-0.011250020936131477,-0.02935738116502762,0.04622844606637955,0.007016628980636597,-0.03905345872044563,0.0061195907182991505,0.01215127669274807,-0.04026900604367256,-0.028621669858694077,0.034750647842884064,-0.06448984891176224,-0.03935312107205391,0.00786634348332882,-0.011319899931550026,-0.03976638242602348,0.05855780467391014
-0.07321681082248688,-0.05580902099609375,0.07447990775108337,0.047011274844408035,-0.07330925017595291,-0.02405223250389099,0.06311193853616714,0.009741607122123241,-0.035958316177129745,-0.012759216129779816,-0.009680524468421936,0.03565516322851181,-0.042693983763456345,0.07030472904443741,0.02780997008085251,-0.01501784659922123,-0.0069425576366484165,0.017676210030913353,0.0809536725282669,-0.05065459385514259
-0.041908781975507736,0.05935466289520264,0.003030428197234869,0.05654830113053322,-0.07870369404554367,-0.053304292261600494,0.07259967923164368,0.01281653717160225,0.005737009923905134,-0.009860740043222904,-0.0886918231844902,-0.058978840708732605,0.0794941857457161,-0.05037229508161545,-0.004889823496341705,-0.003186099696904421,-0.027589671313762665,-0.0036116954870522022,0.017625365406274796,-0.0517471507191658
0.06092604622244835,0.011560731567442417,-0.05749546363949776,0.02371889539062977,-0.06572825461626053,0.015141554176807404,0.06608937680721283,-0.043940164148807526,0.07280071079730988,-0.061907172203063965,-0.03976321965456009,-0.0024232366122305393,0.07692673802375793,0.06440344452857971,-0.000612543080933392,0.06137162446975708,-0.012352747842669487,0.011965368874371052,0.045591797679662704,-0.040699221193790436
0.05227021127939224,0.04807577282190323,0.004271483980119228,0.01995103619992733,0.006941340863704681,0.06981175392866135,-0.06381811201572418,0.023494314402341843,0.045995697379112244,-0.03953896090388298,0.010526401922106743,0.024416528642177582,-0.013034608215093613,0.036673251539468765,2.4027795006986707e-05,-0.0498247966170311,0.026938065886497498,-0.06125342473387718,0.055780619382858276,-0.03715544566512108
-0.04142163693904877,-0.02877122350037098,-0.01729457825422287,-0.0024205392692238092,-0.019229110330343246,0.021303251385688782,0.015192056074738503,0.05873676761984825,0.04532545804977417,0.008150843903422356,-0.013431509956717491,0.036025114357471466,-0.05188852176070213,-0.03610905259847641,0.04753730446100235,-0.008498869836330414,0.011143389157950878,0.006200748961418867,-0.01664414070546627,0.04369456321001053
0.034437038004398346,-0.03997716307640076,-0.011260146275162697,0.05780541151762009,-0.04332733154296875,0.054177720099687576,-0.03690791502594948,0.021795857697725296,-0.04252852126955986,-0.02740570344030857,-0.07662609964609146,-0.06067335605621338,0.02408386394381523,0.07477589696645737,0.020369021221995354,0.026216654106974602,0.08090931177139282,0.018278133124113083,-0.028858322650194168,0.013369427062571049
0.0130009101703763,0.012829549610614777,-0.03964575007557869,-0.044956307858228683,0.0004766652418766171,-0.040372926741838455,0.059100810438394547,0.05901137366890907,0.0014411284355446696,0.011414634995162487,0.0025381611194461584,0.06586575508117676,-0.04806927964091301,0.0643080621957779,0.013559909537434578,0.01669258251786232,-0.04264133796095848,0.025684578344225883,0.027447519823908806,-0.025555364787578583
-0.05347955599427223,0.014120335690677166,0.05642307177186012,0.07375131547451019,0.0229196660220623,0.010227230377495289,0.03870333731174469,-0.014240979216992855,-0.028695575892925262,0.02446364238858223,0.004924875684082508,-0.014770413748919964,0.049654506146907806,0.05912494659423828,-0.037636205554008484,-0.00559353269636631,0.03812447562813759,0.0021125106140971184,0.06718752533197403,-0.05617734044790268
0.019036440178751945,0.0038972576148808002,0.015385206788778305,0.02571883797645569,-0.03683071210980415,0.0197052750736475,0.019321778789162636,0.05543939396739006,0.06409544497728348,-0.03203050419688225,-0.00917553436011076,-0.03300762176513672,-0.054015133529901505,0.024481620639562607,0.0038194756489247084,-0.022194258868694305,0.00027366389986127615,-0.02338939718902111,0.03708295524120331,-0.006172230467200279
-0.05925079807639122,-0.015467234887182713,-0.04722999408841133,-0.035513609647750854,-0.04933059960603714,-0.029186230152845383,0.02140570618212223,0.011177055537700653,-0.017303673550486565,-0.01685073971748352,0.029004812240600586,0.03562796115875244,0.043367452919483185,0.004365749657154083,0.006610071752220392,0.018488558009266853,-0.04384706914424896,0.0068286689929664135,-0.0021260781213641167,0.023745333775877953
0.03559102490544319,-0.07714883238077164,-0.0039138514548540115,-0.0016288182232528925,0.013146229088306427,0.03194701671600342,0.03749079257249832,0.0042204181663692,-0.03357583284378052,0.036164287477731705,-0.013092591427266598,0.033729102462530136,-0.007514033000916243,0.03685312718153,0.008255294524133205,-0.06002356857061386,0.07152168452739716,-0.05049502104520798,-0.030858617275953293,-0.06533651798963547
-0.03839357569813728,0.03919805958867073,0.08664937317371368,0.011077789589762688,-0.029637867584824562,0.07773584872484207,-0.023958958685398102,0.06541812419891357,0.008035271428525448,-0.04104802757501602,-0.016488678753376007,-0.047260068356990814,0.056906089186668396,-0.052328597754240036,-0.02711205743253231,-0.047261666506528854,-0.047606077045202255,0.033036891371011734,0.0075522237457334995,0.036414120346307755
-0.07756175100803375,0.0021277526393532753,-0.05257361754775047,0.018030503764748573,-0.023229779675602913,-0.024504980072379112,0.08180911093950272,0.0874183177947998,-0.04643090441823006,-0.03012041561305523,0.03312414884567261,-0.044782835990190506,0.021039767190814018,0.018632754683494568,0.054660309106111526,0.05511372908949852,-0.042389385402202606,0.01050259917974472,0.004335671663284302,-0.04791031777858734
-0.03189580887556076,0.040335752069950104,0.02565801702439785,-0.011363311670720577,0.058908700942993164,-0.015448207035660744,-0.050067055970430374,0.05699972063302994,0.08397364616394043,-0.0012721341336145997,0.027463864535093307,-0.06235971674323082,0.002457231981679797,-0.045220762491226196,-0.019670085981488228,0.06245223060250282,-0.009198819287121296,-0.0178671907633543,-0.008088833652436733,-0.006125347223132849
-0.01876578852534294,0.004012348596006632,0.020038560032844543,-0.05213727056980133,0.022339867427945137,0.05496782436966896,-0.040357500314712524,0.06176328659057617,0.003908758517354727,0.033719971776008606,-0.06418568640947342,-0.008710083551704884,-0.04258404299616814,-0.024537432938814163,-0.040458764880895615,0.03627577796578407,0.02204558439552784,0.038025833666324615,-0.012205353006720543,-0.018399305641651154
-0.003304907353594899,0.04222280904650688,0.04024813324213028,0.060839761048555374,0.030332794412970543,0.06998946517705917,-0.03043227083981037,0.031732626259326935,-0.02610592730343342,-0.05986000597476959,-0.06451193243265152,-0.05026175081729889,0.008313278667628765,0.06961411237716675,-0.026330873370170593,0.039344269782304764,0.01314971037209034,0.02291921339929104,0.07240203022956848,0.013466572389006615
0.027103200554847717,-0.012874698266386986,0.04774811863899231,0.007126353215426207,0.006814401596784592,0.062486499547958374,0.04858056455850601,-0.04108451306819916,0.033193014562129974,-0.06323935836553574,0.01947983168065548,0.03677867352962494,0.07287819683551788,0.02787737362086773,0.01549745537340641,0.06911976635456085,-0.05167711526155472,0.03842278569936752,0.02913259156048298,-0.019157089293003082
-0.009681901894509792,0.015619179233908653,0.0671272873878479,0.03859124705195427,0.04465289041399956,0.06184236332774162,-0.032150886952877045,-0.02584892138838768,0.040299683809280396,0.0596495196223259,-0.021640382707118988,0.04783277586102486,0.042781174182891846,-0.018470559269189835,0.03023616224527359,0.016215605661273003,0.012443127110600471,-0.027681095525622368,0.09106423705816269,0.055707138031721115
-0.06889418512582779,-0.016352765262126923,0.03981821984052658,-0.00782886054366827,-0.061999499797821045,0.07886142283678055,-0.061754610389471054,0.05479772016406059,0.029735032469034195,0.05844539403915405,-0.04374391585588455,-0.021458882838487625,0.024380024522542953,0.003098986344411969,0.039242129772901535,-0.022834142670035362,0.026098741218447685,-0.07509829849004745,0.028932252898812294,-0.059538960456848145
0.012299123220145702,0.03740010783076286,0.06701021641492844,0.06293746083974838,-0.03939874842762947,0.02516135573387146,-0.04066048562526703,0.01905699260532856,0.08564730733633041,-0.010274436324834824,-0.05579444393515587,-0.04937836527824402,0.06873627007007599,0.05231830105185509,0.010514783672988415,-0.002750248182564974,0.05162607505917549,0.03689989447593689,0.02186967246234417,0.028052954003214836
-0.03865185007452965,0.051258254796266556,0.02022351138293743,-0.056418053805828094,-0.056153278797864914,0.06051013618707657,-0.04566363990306854,0.026552537456154823,0.05974826589226723,0.04328447952866554,-0.07663995772600174,-0.029919985681772232,-0.020580537617206573,0.010134419426321983,-0.05202474445104599,0.005699539557099342,0.017516806721687317,0.005191118456423283,0.06580992043018341,0.032013457268476486
0.032804012298583984,-0.010281606577336788,-0.010217422619462013,-0.02555592730641365,0.016241785138845444,0.003423405112698674,0.0030665479134768248,0.09052222222089767,0.04313543438911438,-0.03593244031071663,0.027200136333703995,-0.011942791752517223,0.05011675879359245,0.0419759564101696,0.03345498442649841,-0.013969671912491322,-0.009730793535709381,-0.059181392192840576,0.04661104828119278,-0.06585048884153366
-0.06449273973703384,0.05408257618546486,-0.03925614804029465,0.00695805111899972,-0.014801762998104095,0.0010327851632609963,0.04276186600327492,0.07753779739141464,0.03764374926686287,-0.04019609093666077,0.04582596197724342,0.026751872152090073,-0.028253018856048584,-0.036399371922016144,0.018698828294873238,-0.009688845835626125,0.045884061604738235,-0.005281503312289715,-0.0417155958712101,-0.04552130401134491
-0.05246150866150856,0.03900182992219925,0.05550791323184967,0.001862557022832334,0.047780293971300125,-0.005724123679101467,-0.06272567808628082,0.060380369424819946,-0.047171447426080704,0.047081124037504196,0.012643451802432537,0.06412854790687561,0.06512602418661118,0.021759534254670143,0.02605692856013775,-0.03299254924058914,-0.0017286649672314525,-0.055642593652009964,0.08545733988285065,-0.0018615162698552012
-0.004216248169541359,-0.0554540678858757,-0.045064106583595276,0.011947044171392918,-0.07311586290597916,0.02414206601679325,-0.019872140139341354,0.009676950052380562,-0.05077511817216873,0.011953592300415039,-0.08908531814813614,-0.04360264539718628,0.04211238771677017,-0.03554471209645271,0.05721817538142204,-0.054705582559108734,0.01467631570994854,-0.011082818731665611,0.07145524770021439,0.006573271006345749
-0.052642762660980225,-0.028161199763417244,-0.044937897473573685,0.05823551490902901,-0.014494246803224087,-0.0033574027474969625,-0.04086093604564667,-0.0419694148004055,0.025824498385190964,-0.030074894428253174,-0.08373763412237167,-0.04013963043689728,-0.05374518036842346,-0.018531030043959618,-0.02600744366645813,-0.050647009164094925,0.03316410630941391,0.030484382063150406,0.02641274221241474,0.019976383075118065
-0.01796850562095642,-0.049163926392793655,0.07709008455276489,0.015477260574698448,-0.0395638532936573,-0.008327681571245193,-0.0024769692681729794,-0.03161180391907692,0.006642269901931286,-0.051121752709150314,0.04189281910657883,-0.008759817108511925,-0.020864857360720634,-0.007774322759360075,0.04974203556776047,-0.048375457525253296,6.65801198920235e-05,-0.05571600794792175,-0.04132375866174698,0.030164197087287903
-0.0487983375787735,-0.049251630902290344,0.04282482713460922,0.006012566387653351,-0.06735590100288391,0.023789117112755775,0.03447003662586212,0.06706948578357697,0.024297388270497322,0.03262760490179062,0.04723818972706795,-0.018693696707487106,0.01124756969511509,-0.04928456246852875,-0.037089958786964417,-0.04729625582695007,0.038375042378902435,-0.050151560455560684,0.002719608135521412,-0.05310730263590813
0.06079928204417229,-0.02837386727333069,0.036452773958444595,-0.01509680226445198,0.07527757436037064,-0.027833081781864166,-0.015804719179868698,0.08992113173007965,0.008439288474619389,0.037481267005205154,-0.03150169551372528,0.015726104378700256,0.057156454771757126,0.037863463163375854,-0.0032972621265798807,0.018783017992973328,-0.044543106108903885,0.03769764304161072,0.024570202454924583,0.05034065246582031
0.052851468324661255,0.03103059157729149,0.028888266533613205,0.01339211780577898,0.015401140786707401,-0.0184662826359272,0.0108792157843709,-0.008761498145759106,0.03382830321788788,0.003724051406607032,0.05645304545760155,-0.021091140806674957,0.053263142704963684,0.025628481060266495,-0.06075333431363106,0.05265749618411064,0.010742918588221073,-0.08951478451490402,-0.007025802042335272,0.06752155721187592
-0.0022569724824279547,0.05742198973894119,0.012748712673783302,0.010810780338943005,0.05150918662548065,0.03522231802344322,0.07099856436252594,0.09016603976488113,0.06656841933727264,-0.06926097720861435,-0.05865168198943138,-0.05432674288749695,0.07921759784221649,0.05485839769244194,0.028812207281589508,-0.03117184527218342,0.005050327628850937,-0.06826882064342499,0.055495183914899826,-0.03821484372019768
-0.04133644700050354,-0.028231225907802582,-0.019531991332769394,-0.04290928691625595,-0.07317236810922623,0.0014444540720432997,0.052615776658058167,0.012426348403096199,-0.017652394250035286,-0.02660437859594822,-0.04000730812549591,0.027880124747753143,0.02279660664498806,-0.018329212442040443,-0.06585994362831116,0.06777682155370712,-0.02307816408574581,0.008349182084202766,-0.05069339647889137,-0.030137522146105766
0.03276262804865837,0.03408970311284065,0.06914301216602325,0.0515533871948719,0.05418221279978752,0.06690020859241486,0.02982388250529766,-0.038707807660102844,0.002497463719919324,0.0018899139249697328,-0.04586124047636986,0.0643327534198761,-0.002794084371998906,0.045310284942388535,0.013151540420949459,0.026271667331457138,-0.042190589010715485,-0.06718221306800842,0.005363446660339832,0.055457115173339844
-0.0573359839618206,0.0596909373998642,0.06327468156814575,-0.0018998227315023541,0.023897944018244743,0.04770502820611,0.04012441635131836,0.059296537190675735,-0.054659176617860794,-0.05637311190366745,0.04310226812958717,0.006271192338317633,0.01786949299275875,-0.05678155645728111,-0.0449582040309906,-0.041173048317432404,0.038231778889894485,-0.048372093588113785,0.024531418457627296,-0.002073947573080659
-0.07998354732990265,-0.07176924496889114,0.0208586398512125,0.01116590853780508,-0.019298240542411804,0.0635751336812973,-0.014599504880607128,0.06456556916236877,-0.01660979352891445,0.02450285106897354,-0.071087546646595,0.07059811055660248,0.03348478674888611,0.004837883170694113,0.008876558393239975,0.06151796877384186,-0.029934879392385483,0.015318227931857109,0.08139535039663315,-0.029463639482855797
0.020971044898033142,-0.05542241409420967,0.001724124071188271,-0.04007119685411453,-0.07383336126804352,-0.007502114400267601,-0.06121610105037689,0.07625237107276917,-0.053426872938871384,-0.009301318787038326,0.038541030138731,0.03167708218097687,-0.0560014434158802,-0.05361540615558624,0.06366852670907974,0.06066516041755676,0.06664271652698517,-0.06713689863681793,0.006900738924741745,-0.06308473646640778
-0.060456931591033936,-0.010785327292978764,0.043953172862529755,0.010434220544993877,0.046539392322301865,-0.018283430486917496,0.044090237468481064,0.04911515489220619,0.01843509078025818,-0.031029820442199707,-0.03628932312130928,-0.03994239494204521,0.04107469692826271,-0.029839932918548584,0.06564421951770782,-0.06370790302753448,-0.05066386237740517,-0.04654476046562195,0.07484154403209686,-0.03899124637246132
0.03146380931138992,0.00737733393907547,0.08350495994091034,0.011704053729772568,-0.02545139007270336,0.07121434062719345,-0.06407982856035233,0.06734740734100342,0.03951049596071243,0.031181249767541885,0.05166167393326759,0.0415714792907238,-0.055941835045814514,-0.0016485382802784443,0.0434764064848423,0.0680224597454071,0.006510400678962469,-0.02406178042292595,-0.008840829133987427,0.021957257762551308
0.033074721693992615,0.038677338510751724,0.05300397053360939,-0.022056808695197105,-0.05009225010871887,-0.057513702660799026,0.026858987286686897,-0.005548001732677221,0.004438560921698809,-0.04051896184682846,-0.0724993422627449,0.027498047798871994,0.06948477029800415,0.07359067350625992,0.0329236201941967,0.026910118758678436,0.012083495035767555,-0.07258755713701248,0.008416054770350456,-0.05332452803850174
0.02874567173421383,-0.02081889659166336,0.06546182185411453,0.045127034187316895,-0.03944391384720802,-0.04119425639510155,-0.02907162345945835,-0.031593821942806244,-0.04356671869754791,-0.03234798461198807,-0.054297249764204025,0.03843802586197853,0.07471025735139847,-0.03404718264937401,0.0033303468953818083,-0.003914178349077702,0.08008459955453873,-0.05913958325982094,-0.01450970396399498,-0.045203059911727905
-0.01482508797198534,-0.008635721169412136,-0.006016645580530167,0.03400081768631935,0.03583512827754021,-0.03214327245950699,0.01876680925488472,0.09329644590616226,0.05674619972705841,-0.02079697512090206,0.016088273376226425,-0.0672149732708931,0.055653832852840424,0.00482375081628561,0.01578340493142605,0.0226712878793478,-0.055748213082551956,-0.04030825197696686,-0.014765889383852482,0.0334654301404953
0.0004631623742170632,-0.052315518260002136,0.08341027051210403,0.0328882560133934,-0.018991854041814804,0.06436742097139359,-0.032360777258872986,-0.0044125160202383995,-0.035805922001600266,-0.01832387037575245,-0.07932431250810623,0.027413571253418922,0.03686843067407608,-0.056088972836732864,-0.04078587517142296,-0.0015406494494527578,-0.0195557102560997,-0.05583685636520386,0.06292843818664551,-0.027672244235873222
-0.07050219923257828,-0.05985816940665245,0.0571553036570549,-0.048724427819252014,0.006285729352384806,0.06473475694656372,0.06488614529371262,0.042297471314668655,0.04363272711634636,-0.015720445662736893,-0.0227240901440382,-0.04019589349627495,-0.0223867017775774,0.03793911635875702,0.010303146205842495,-0.04439366236329079,0.03980322927236557,-0.08138004690408707,0.007819016464054585,0.058926746249198914
0.005558876320719719,0.02628313936293125,0.01727898046374321,0.042061422020196915,-0.03313112631440163,-0.046761903911828995,0.005105433985590935,0.0324232317507267,0.06530292332172394,-0.04374394565820694,0.006810380611568689,-0.03002370335161686,0.0049642096273601055,0.015523074194788933,0.01210635807365179,-0.050553951412439346,0.06192178279161453,0.013524079695343971,0.0756118968129158,0.043793078511953354
0.04641770198941231,0.008398597128689289,-0.01101432740688324,-0.004735089372843504,0.03928057476878166,0.01959233358502388,-0.0021383408457040787,0.05406373366713524,0.007192827295511961,0.06505109369754791,-0.07093746215105057,0.05725545808672905,-0.0056571951135993,-0.0546443797647953,0.042214177548885345,-0.002170880325138569,-0.027165643870830536,0.0066569093614816666,-0.023459885269403458,-0.009144581854343414
0.03533374145627022,0.025301044806838036,0.03525406867265701,-0.012494741939008236,-0.059779092669487,-0.007826847024261951,0.035714827477931976,-0.016778210178017616,0.013439557515084743,-0.0400850847363472,0.046770863234996796,-0.06636545062065125,0.03602368384599686,-0.031527768820524216,0.03546052426099777,-0.022629879415035248,0.07045640051364899,-0.055088698863983154,0.06762652099132538,-0.04579143971204758
-0.025239599868655205,-0.0024635675363242626,-0.005134479608386755,0.018988074734807014,-0.07709715515375137,-0.06786882132291794,0.05289348587393761,-0.005208276212215424,0.0446632094681263,0.002975776558741927,-0.024412019178271294,0.00045336392940953374,-0.023212727159261703,0.0593842975795269,-0.06300763040781021,0.06498927623033524,0.0046187820844352245,-0.0956171452999115,0.01956968940794468,-0.020658187568187714
0.01043571438640356,-0.011842748150229454,0.06933484226465225,-0.032450705766677856,0.03189130872488022,0.07622743397951126,-0.057038769125938416,0.06563526391983032,0.0003021149314008653,-0.01808568276464939,-0.0578465461730957,-0.05890959873795509,-0.008775606751441956,0.013211594894528389,0.011135795153677464,0.07495543360710144,0.04212077334523201,-0.09528211504220963,-0.052242379635572433,0.06347016245126724
0.02497837133705616,-0.009138870984315872,-0.04656350985169411,-0.0073690470308065414,-0.02276785671710968,0.027433030307292938,-0.04000291973352432,0.0059098536148667336,0.05324806272983551,-0.011129559017717838,-0.028642430901527405,0.0010348620126023889,0.07080113887786865,-0.04357217624783516,0.03491675481200218,-0.04098779708147049,-0.015744661912322044,-0.06251724809408188,-0.018366623669862747,-0.042270466685295105
-0.05331263318657875,0.038317907601594925,-0.008731008507311344,0.021080797538161278,-0.009539281018078327,-0.05108218267560005,0.03747983276844025,0.019262855872511864,-0.02797682210803032,0.033978190273046494,-0.068377785384655,0.0006076240679249167,-0.021342888474464417,0.07896820455789566,-0.06577391922473907,0.03422817587852478,-0.047226112335920334,-0.09262639284133911,0.06779845058917999,-0.034119781106710434
-0.005201950669288635,0.03290371969342232,-0.026562893763184547,-0.02916230447590351,0.04496932402253151,0.058832984417676926,-0.0002916848170571029,0.06189747154712677,0.03125002235174179,0.04267321527004242,-0.06173847243189812,0.062138959765434265,0.00813086237758398,-0.01588638499379158,0.0534476563334465,-0.04931611195206642,0.06250740587711334,-0.0910840556025505,-0.017705176025629044,0.015879271551966667
0.04997823014855385,-0.06933263689279556,0.04315789043903351,-0.049233462661504745,0.018417486920952797,-0.04804078862071037,0.007129969075322151,0.03554292768239975,0.02618909254670143,-0.03219683840870857,-0.06355274468660355,-0.039478037506341934,-0.038407620042562485,-0.051323987543582916,-0.0524151548743248,0.04753097891807556,-0.05799126625061035,-0.051100634038448334,0.06913313269615173,-0.03648022934794426
-0.020175395533442497,-0.011691334657371044,0.040178082883358,0.0018393215723335743,0.030114727094769478,-0.039165738970041275,0.012176266871392727,0.011125900782644749,-0.005598397459834814,0.051184412091970444,-0.06500470638275146,0.0376598946750164,-0.007622803561389446,0.03554045781493187,-0.048120275139808655,0.007919401861727238,0.004547371994704008,-0.0794149786233902,0.0008738291799090803,0.03817922621965408
0.0342368558049202,-0.03321748971939087,-0.013278251513838768,0.03995092585682869,-0.05369877070188522,0.05024515464901924,0.06784763187170029,-0.013153714127838612,0.0830407589673996,-0.05792878940701485,-0.03785577416419983,-0.0043731569312512875,0.0585356242954731,-0.05521465092897415,-0.06519646942615509,0.026444710791110992,-0.02794640138745308,-0.06659507751464844,0.0791890025138855,-0.0412275567650795
-0.02116069756448269,-0.0335591658949852,-0.0521797239780426,0.06795579195022583,-0.06474839895963669,0.05882430076599121,-0.035384807735681534,-0.010760584846138954,-0.019391510635614395,-0.03294108435511589,-0.010016805492341518,-0.0019077701726928353,0.01653405837714672,0.007007745560258627,0.019671238958835602,-0.047211676836013794,-0.025723472237586975,-0.025974437594413757,-0.014258269220590591,-0.004248873796314001
-0.06874804198741913,-0.07363571971654892,0.008916391991078854,-0.025534380227327347,0.04151974618434906,-0.05390506982803345,0.01460574846714735,0.028254639357328415,-0.03223925083875656,-0.024623826146125793,-0.0755140632390976,-0.07202496379613876,0.03210734203457832,0.022263431921601295,0.03132238984107971,-0.0654372125864029,-0.030079310759902,-0.015100917778909206,0.019549034535884857,0.060951028019189835
0.04149244353175163,0.01873948611319065,-0.033847540616989136,-0.020960429683327675,0.013307075947523117,0.037534743547439575,-0.0011421388480812311,0.0818910226225853,0.03473622351884842,0.009428469464182854,-0.03766104206442833,-0.034778136759996414,0.07313670963048935,0.06456878036260605,-0.01172154862433672,0.005295137874782085,0.037034258246421814,-0.008523635566234589,0.03781712427735329,-0.035856444388628006
0.01433508936315775,-0.07821175456047058,0.0022658209782093763,0.03445863351225853,0.0027242787182331085,0.06141839921474457,-0.05198401212692261,0.0567966103553772,-0.05158093199133873,-0.04372922331094742,0.04053110629320145,0.006755300797522068,0.04077868163585663,-0.006459375377744436,0.01757948100566864,-0.02217858098447323,0.04972922056913376,-0.026430588215589523,-0.002591762226074934,0.011838591657578945
-0.04453113302588463,0.0517154186964035,-0.018404241651296616,-0.046038009226322174,-0.016135958954691887,-0.03420824185013771,0.012956983409821987,0.0816313624382019,0.02080674096941948,0.04838917404413223,0.03686279058456421,-0.03852628171443939,0.07598317414522171,0.03562057763338089,0.03804560750722885,-0.03854657709598541,-0.013391148298978806,-0.04056292027235031,0.03804003819823265,0.04587094485759735
0.03800173103809357,-0.009809251874685287,-0.030185582116246223,0.05308740586042404,0.04402030259370804,-0.057396795600652695,-0.02911403216421604,0.07183723151683807,0.03006342425942421,-0.02853192761540413,-0.014753454364836216,-0.017666179686784744,-0.002385950181633234,0.0269567109644413,0.06404032558202744,-0.07021496444940567,-0.016384758055210114,-0.07520241290330887,-0.021443961188197136,-0.07394193112850189
0.02332848496735096,0.016014976426959038,-0.022096559405326843,0.004560656845569611,0.029844194650650024,-0.028708895668387413,-0.018711145967245102,0.057969942688941956,0.06766536086797714,0.021687421947717667,-0.03512696549296379,-0.021296348422765732,0.05383462458848953,0.059709083288908005,0.07215792685747147,0.045671846717596054,0.06838054955005646,-0.015026571229100227,0.06412040442228317,0.0549745075404644
-0.04001573100686073,-0.006649233866482973,-0.020436391234397888,-0.00573044503107667,0.05837646499276161,0.007940748706459999,0.06561607122421265,0.02384152077138424,0.07005123794078827,0.008666383102536201,-0.00869109109044075,-0.047729041427373886,0.02764299139380455,0.016466500237584114,0.0473359115421772,-0.0510062649846077,0.05995319038629532,-0.09269531816244125,0.002133297501131892,-0.003950292244553566
0.05826905369758606,0.0015105719212442636,0.06219634786248207,0.0796084925532341,-0.04099326208233833,-0.008769463747739792,0.01618228480219841,0.09304309636354446,0.0878637358546257,-0.013769146986305714,-0.07053215801715851,0.02917879819869995,0.025339363142848015,0.0586337074637413,-0.05796206742525101,0.06463342905044556,0.06192363053560257,-0.09769348800182343,0.004328199662268162,-0.042265649884939194
0.029134094715118408,-0.021702056750655174,0.06706856191158295,-0.018244579434394836,-0.043648093938827515,0.03448547050356865,0.0014944149879738688,-0.024319836869835854,0.06975732743740082,-0.02352757938206196,-0.04609699919819832,-0.04577663913369179,-0.04348649084568024,0.00942076463252306,0.07368195056915283,-0.0473247654736042,0.031946539878845215,0.02522400952875614,-0.015682721510529518,0.043355997651815414
0.057852450758218765,0.056948840618133545,-0.024594727903604507,0.07084114104509354,-0.006074745673686266,0.04344797134399414,-0.036268942058086395,-0.004474677611142397,0.020610161125659943,0.018443312495946884,0.013806081376969814,0.03203354403376579,0.043545905500650406,-0.05197517201304436,0.03846237435936928,-0.04879302531480789,-0.04100434482097626,-0.007907858118414879,0.02232995629310608,0.04940718412399292
0.0490151047706604,0.05080345645546913,0.03787541389465332,0.06234455481171608,0.05317714810371399,0.006791295949369669,0.02610996551811695,-0.049089062958955765,0.057215914130210876,0.031166762113571167,-0.07626999914646149,0.0043786754831671715,0.03375325724482536,-0.05454973503947258,-0.051693156361579895,-0.02350796014070511,0.051964156329631805,-0.04487738758325577,0.08609256148338318,0.011723499745130539
-0.031637635082006454,0.04352540522813797,-0.024384014308452606,0.08382508903741837,0.0009618979529477656,0.03405202552676201,0.00884809996932745,0.04208846390247345,-0.006671293172985315,0.05673564597964287,0.05815854296088219,-0.003489668946713209,0.051223691552877426,0.028142809867858887,0.04922792315483093,-0.051211390644311905,0.01659521460533142,-0.048637885600328445,0.04640685021877289,-0.019238600507378578
-0.08532854169607162,-0.0021411783527582884,0.07196840643882751,-0.012985624372959137,-0.040937718003988266,0.05266987904906273,-0.06227056309580803,0.016094675287604332,0.07469762116670609,-0.012299865484237671,0.030901120975613594,-0.05902572348713875,-0.015065338462591171,-0.01896989345550537,0.0384872667491436,-0.03850148990750313,0.007548024877905846,-0.024025268852710724,-0.04823378473520279,-0.07588021457195282
-0.02149299904704094,9.221554500982165e-05,0.03516004607081413,0.026467034593224525,-0.037989940494298935,0.05658963695168495,0.039454344660043716,0.05516054481267929,0.07374433428049088,-0.04525063559412956,0.000737156136892736,0.03856542333960533,-0.013989759609103203,-0.023888856172561646,-0.026426225900650024,-0.004145424347370863,-0.014332655817270279,0.021677354350686073,0.08725577592849731,-0.045322615653276443
0.027727074921131134,0.01659693382680416,-0.0015619689365848899,0.003283898578956723,-0.03814694285392761,0.020135613158345222,0.05009390786290169,0.052739061415195465,0.05561443790793419,-0.06569625437259674,-0.04013102501630783,-0.05993003770709038,-0.0355718694627285,0.044686783105134964,0.03515799343585968,-0.013195528648793697,-0.02224489115178585,0.0008644792251288891,0.07732587307691574,-0.03815406560897827
6.985942309256643e-05,0.05924070253968239,0.08775734156370163,0.045833129435777664,-0.022454936057329178,-0.007598572876304388,0.061890531331300735,0.04916439577937126,0.009020227938890457,-0.006344516761600971,0.005876348819583654,0.05944036319851875,-0.019764697179198265,-0.010922571644186974,-0.06653041392564774,0.05753044784069061,0.05997553840279579,-0.042676009237766266,0.06591887027025223,0.01955426298081875
0.04543720558285713,0.04777113348245621,0.044265247881412506,-0.010225484147667885,-0.06265856325626373,0.031264424324035645,0.0060006557032465935,-0.01007212232798338,-0.02299456112086773,-0.0027412704657763243,0.0319184847176075,-0.055647630244493484,-0.03699298948049545,-0.002451908541843295,0.024362558498978615,0.008923827670514584,-0.013690769672393799,-0.09420257806777954,0.026798680424690247,0.05280214175581932
-0.0109333461150527,-0.06961232423782349,0.013650241307914257,0.03762693330645561,0.012632854282855988,0.032086022198200226,-0.029783910140395164,-0.005699346773326397,-0.04548005387187004,-0.0066713071428239346,-0.04337316378951073,0.0070526632480323315,-0.0034146341495215893,-0.001809396781027317,0.012838602997362614,0.03720292076468468,0.03338727355003357,0.03602894768118858,0.04822584241628647,0.06690105050802231
-0.05192403122782707,-0.0504521019756794,-0.0045694890432059765,0.08531504124403,-0.07012701034545898,0.0471266508102417,-0.03922764211893082,0.024402979761362076,-0.014930138364434242,-0.02919795736670494,0.026888353750109673,-0.041041430085897446,0.01334693655371666,-0.02135775424540043,-0.035203006118535995,-0.027126548811793327,-0.010961330495774746,-0.039233651012182236,0.045008137822151184,-0.036906465888023376
-0.06617314368486404,-0.06790468096733093,0.056262001395225525,-0.017632555216550827,0.02223883755505085,-0.034637223929166794,-0.02832675538957119,-0.00040557427564635873,0.00497548608109355,-0.01155143603682518,-0.009343354031443596,0.019969724118709564,0.07798036932945251,-0.034226592630147934,-0.03910956159234047,0.027506373822689056,0.012614472769200802,-0.029550258070230484,0.029429273679852486,-0.07058633863925934
-0.0237189419567585,-0.015606166794896126,0.0590791292488575,0.03848586231470108,-0.05389978736639023,-0.015501679852604866,0.04190843179821968,-0.009046132676303387,0.040821623057127,-0.037845123559236526,-0.0682380273938179,-0.02878730185329914,0.07593462616205215,0.07599794864654541,0.053612012416124344,0.033566564321517944,0.02971603162586689,-0.027009887620806694,-0.039561737328767776,-0.038054436445236206
-0.03835253790020943,-0.05766697973012924,0.02349286712706089,-0.012177366763353348,-0.0667768269777298,0.032615724951028824,-0.01905807852745056,-0.0017983055440708995,-0.04346107318997383,0.04762265831232071,-0.04906300827860832,0.0025022949557751417,-0.017696699127554893,0.07004629075527191,-0.06262058764696121,0.03733060881495476,0.018709035590291023,0.006040861364454031,0.018755653873085976,0.014067025855183601
-0.03194543346762657,-0.01192085538059473,0.033993810415267944,0.044258978217840195,-0.06021521985530853,0.0025601473171263933,0.04401414468884468,0.08386264741420746,0.0318237729370594,0.012528917752206326,-0.05867540463805199,0.019596492871642113,0.03705628961324692,0.06547228246927261,-0.018563952296972275,0.06570709496736526,-0.06666307896375656,-0.07286527007818222,0.02459150366485119,-0.04628933593630791
0.027868101373314857,0.04180750250816345,-0.04930226504802704,-0.054752182215452194,-0.07794255018234253,0.057757262140512466,0.018709329888224602,0.05251247435808182,-0.04808271676301956,0.004876458551734686,0.03785959258675575,0.045472729951143265,0.07390564680099487,-0.03876151889562607,-0.029624907299876213,0.0028284613508731127,0.008695346303284168,-0.07469847053289413,0.03674812987446785,-0.06888367235660553
0.016370864585042,-0.05679435282945633,0.06822344660758972,0.052610430866479874,0.021485522389411926,0.028473129495978355,-0.0005400333320721984,-0.0459197573363781,0.03917200118303299,-0.04651002958416939,-0.03875017911195755,0.017294589430093765,0.07166078686714172,-0.002759537659585476,0.035345885902643204,0.06709502637386322,0.04943707957863808,0.014713529497385025,-0.018980970606207848,0.05972301959991455
0.003915420267730951,0.0003837805998045951,-0.02079053968191147,-0.00580591568723321,-0.06597915291786194,0.04456182196736336,-0.03792531415820122,-0.030640993267297745,0.09118150174617767,-0.00666801305487752,0.02697729878127575,-0.04558989778161049,0.029816320165991783,0.08120542764663696,0.06658509373664856,0.06397131830453873,-0.03693284094333649,-0.08590374141931534,0.014746664091944695,0.029312964528799057
0.04153153672814369,-0.03911015763878822,0.003820525947958231,0.044524796307086945,-0.025413330644369125,-0.05958307161927223,-0.01440263818949461,-0.012204866856336594,0.009479369036853313,-0.028119610622525215,-0.007924757897853851,-0.012012679129838943,0.08031575381755829,0.06777357310056686,-0.0457155779004097,0.06228248029947281,-0.018947027623653412,-0.007053469307720661,0.07882966101169586,0.03339576721191406
-0.011699558235704899,-0.013741236180067062,0.02024093270301819,0.021648820489645004,-0.02010752260684967,-0.031685516238212585,-0.04378186911344528,0.03379873186349869,0.030520224943757057,-0.03401673212647438,-0.0017193006351590157,0.066164530813694,0.02914399467408657,0.048953600227832794,0.001686947187408805,-0.06159146875143051,-0.05630882829427719,-0.050308044999837875,-0.016203604638576508,-0.06952261924743652
0.058856479823589325,-0.007639074232429266,0.06900879740715027,0.07201777398586273,-0.014350613579154015,0.03676057234406471,0.018728090450167656,0.008271616883575916,0.04512376710772514,0.0390983410179615,0.05138271301984787,0.04250171035528183,-0.04413963854312897,-0.04195027053356171,0.006875857710838318,-0.07348914444446564,-0.046385541558265686,0.030805792659521103,0.04030284658074379,-0.04895053803920746
0.04194566607475281,0.03816012665629387,0.0350007638335228,0.030219286680221558,0.03844180330634117,-0.03744270280003548,-0.015774492174386978,0.051067061722278595,0.016578124836087227,-0.04680900648236275,0.041349198669195175,0.04101703315973282,-0.04308800399303436,-0.026804830878973007,-0.05747412517666817,-0.05111782252788544,0.029729241505265236,-0.10728708654642105,-0.03399547562003136,0.06300264596939087
0.02142927423119545,-0.07959018647670746,0.03946170583367348,-0.012982973828911781,-0.05608085170388222,0.06680775433778763,0.08059599995613098,-0.027380550280213356,-0.014090428128838539,-0.050075165927410126,0.012825795449316502,-0.07063224911689758,0.07175726443529129,-0.029476571828126907,-0.029484769329428673,-0.002990808105096221,0.0780344158411026,-0.028919963166117668,0.015690453350543976,-0.06964720785617828
0.02635924704372883,-0.06032814830541611,-0.016825156286358833,0.053353745490312576,-0.03748897835612297,0.0361969992518425,0.06888239830732346,0.07376956939697266,0.07211993634700775,0.008411680348217487,0.041497208178043365,-0.06501998007297516,0.07943414896726608,0.07199404388666153,0.04424791783094406,0.06272383779287338,0.07258927822113037,-0.09353738278150558,-0.04922834411263466,0.041283849626779556
0.017243536189198494,0.0607396699488163,0.09018362313508987,-0.04950301721692085,-0.016428397968411446,0.009356983937323093,-0.05289486423134804,-0.005821632221341133,0.013006155379116535,-0.022926535457372665,-0.053646791726350784,-0.02691449224948883,0.002974004950374365,-0.03745510056614876,-0.03866750746965408,-0.044117432087659836,0.02751961722970009,-0.01700098067522049,0.00225172471255064,-0.03812134265899658
0.051001131534576416,-0.05966648459434509,0.003981436137109995,-0.05456819385290146,-0.008862343616783619,0.031236443668603897,-0.04356339946389198,0.0649382621049881,0.007447265088558197,0.03880813717842102,0.0564972460269928,-0.023149609565734863,-0.051237884908914566,0.07691672444343567,-0.06356635689735413,-0.02613496221601963,0.07972447574138641,-0.06844925135374069,0.01617695949971676,0.05714314058423042
-0.00580386258661747,-0.03618514910340309,0.08630818873643875,0.010774407535791397,0.004977473057806492,0.08367537707090378,-0.01636628247797489,-0.025223450735211372,-0.03715599700808525,0.03369670361280441,-0.028218485414981842,0.02795499749481678,-0.034881845116615295,0.03712226822972298,0.024089671671390533,0.03166688233613968,0.05449817702174187,-0.025309361517429352,-0.02020910754799843,0.05550706014037132
0.059618573635816574,0.04932865500450134,-0.013920213095843792,-0.06009793281555176,-0.063350148499012,0.024228472262620926,0.0415119044482708,0.08608587831258774,-0.0542416051030159,-0.07039765268564224,0.009555983357131481,0.056829825043678284,-0.020130645483732224,-0.02525898814201355,0.04387525096535683,0.06806646287441254,0.014213413931429386,-0.07874245196580887,0.026088085025548935,0.05499349534511566
-0.06771354377269745,0.024400809779763222,0.04754115268588066,0.07004956901073456,0.011406676843762398,0.07334788888692856,0.02752457559108734,-0.001896321657113731,0.003561177523806691,0.05504828691482544,0.024694206193089485,-0.05674271285533905,-0.05115228146314621,-0.013870426453649998,-0.05684136226773262,0.0053994059562683105,0.06598542630672455,0.022682078182697296,0.029595714062452316,0.04959270730614662
0.012800413183867931,-0.05912342667579651,0.0068512121215462685,-0.02488076686859131,-0.03263569995760918,0.009847712703049183,0.015939589589834213,0.06856195628643036,0.04510389640927315,0.034702446311712265,0.018635956570506096,0.05532017722725868,0.05009079352021217,0.07384941726922989,-0.04652625694870949,-0.06499847024679184,0.0033635080326348543,0.0015348559245467186,-0.029399165883660316,0.030769387260079384
-0.0013985470868647099,0.00026342907221987844,0.059265099465847015,0.020486773923039436,-0.030414225533604622,0.07826722413301468,0.06636689603328705,0.005604891572147608,-0.04032997041940689,0.04173137620091438,-0.0356074683368206,-0.03340305760502815,0.023577576503157616,-0.052023664116859436,0.015873312950134277,-0.02715545892715454,-0.05444106087088585,-0.01891406998038292,-0.005052270367741585,0.06638140231370926
0.027451355010271072,-0.04647289216518402,0.07106870412826538,-0.0036029606126248837,-0.03147273510694504,-0.05983326584100723,-0.0365380235016346,0.08314775675535202,0.011062954552471638,-0.008187036029994488,0.03539372980594635,-0.06305311620235443,-0.04369630292057991,-0.01648453064262867,-0.05689013749361038,0.050171174108982086,-0.052707843482494354,0.04365162178874016,-0.03451653942465782,0.0271233469247818
-0.024391401559114456,-0.02256454899907112,0.08572592586278915,-0.032347172498703,-0.07226505130529404,-0.031082119792699814,-0.04659220948815346,0.04800904542207718,0.06068568304181099,-0.05692284181714058,0.006319758482277393,-0.06663329899311066,-0.041710615158081055,0.04538189619779587,-0.005350674036890268,0.03155387565493584,0.0783199816942215,0.022883053869009018,0.05065708979964256,0.029950223863124847
0.007856056094169617,0.05714624375104904,0.0625162273645401,-0.029638279229402542,0.02197832241654396,0.04546995460987091,0.004370984621345997,-0.035482048988342285,0.006102197337895632,-0.05778355896472931,0.02717740647494793,0.025715820491313934,-0.03204132616519928,0.03943762555718422,-0.046463917940855026,-0.05122879892587662,-0.04315413162112236,0.035705454647541046,0.04302934557199478,0.06189357861876488
0.05832771584391594,-0.06815014034509659,-0.03145082667469978,-0.05173522233963013,-0.06594840437173843,-0.056639671325683594,-0.050897616893053055,-0.031888917088508606,0.0778144970536232,0.06438259780406952,0.01756243221461773,0.050763655453920364,0.023571621626615524,0.03059275448322296,0.051609259098768234,0.06109771504998207,0.0012210247805342078,-0.08206690847873688,0.09022097289562225,-0.03295160084962845
0.03252974525094032,0.041719600558280945,0.018645508214831352,0.024326452985405922,0.04931558668613434,-0.0043614208698272705,0.020035402849316597,-0.015399661846458912,0.05557446554303169,-0.015789639204740524,0.06113355606794357,0.060060229152441025,-0.02306666225194931,0.013192303478717804,0.05048683285713196,-0.03772398829460144,0.024829667061567307,-0.047606226056814194,0.02470897138118744,-0.030131662264466286
-0.0380653440952301,-0.06001289561390877,0.002909467788413167,-0.059578217566013336,-0.010307187214493752,0.05717778950929642,0.03494028002023697,0.08840488642454147,0.021282672882080078,0.012865432538092136,-0.05261008068919182,0.06083423271775246,0.059615954756736755,0.050339385867118835,-0.008161471225321293,-0.046017274260520935,0.014507490210235119,-0.09055319428443909,0.05348162353038788,-0.02331836335361004
-0.06114567443728447,0.01903562620282173,0.019053054973483086,0.029139608144760132,0.05483289062976837,0.04566207900643349,0.03211035579442978,0.011172565631568432,0.009681781753897667,-0.060971204191446304,0.047926951199769974,-0.024118777364492416,-0.027649112045764923,-0.044684022665023804,0.06802936643362045,0.04180404916405678,0.024613656103610992,-0.06106474995613098,-0.03943037614226341,-0.042372941970825195
0.003667031181976199,-0.08131477981805801,0.021091578528285027,0.036536507308483124,0.04409659281373024,-0.008737822063267231,-0.04558447748422623,0.030008390545845032,-0.04985823854804039,-0.06277522444725037,-0.02784295380115509,-0.07083810120820999,0.061598099768161774,0.05355878919363022,0.04823719337582588,0.04823872447013855,0.06274736672639847,-0.051428452134132385,-0.0015903320163488388,-0.030360689386725426
0.011069548316299915,-0.043838150799274445,0.040776465088129044,-0.012191862799227238,0.06655757874250412,-0.03304031491279602,0.05486973002552986,-0.006277736276388168,0.09007303416728973,0.03306933119893074,-0.054185230284929276,0.0367368645966053,-0.0002613334800116718,0.0277581624686718,0.002029251307249069,0.05075141787528992,0.045689597725868225,-0.06662625819444656,-0.020958013832569122,0.0448114313185215
-0.013939104974269867,-0.0625620186328888,-0.000536403909791261,0.041481852531433105,0.04621647298336029,0.04568259418010712,0.05888860672712326,0.05762845650315285,-0.013006921857595444,-0.023415949195623398,0.01738957315683365,-0.02124244160950184,0.033766116946935654,-0.023855697363615036,0.008221057243645191,-0.029325833544135094,0.04647825285792351,-0.06329888850450516,0.021054668352007866,0.06070983037352562
-0.05427894368767738,-0.021803760901093483,0.02200065180659294,-0.04125596210360527,-0.0044062575325369835,0.036310937255620956,0.021031208336353302,0.02614692971110344,-0.007446042727679014,-0.026146531105041504,-0.0056654647924005985,0.071110300719738,-0.016972145065665245,0.01544317975640297,0.0844971165060997,-0.054165031760931015,0.05310509353876114,-0.030127687379717827,0.06355693936347961,-0.04028893634676933
0.02904779091477394,-0.07056743651628494,-0.03244829177856445,0.02289547771215439,-0.07922225445508957,-0.01525228749960661,0.0482877641916275,0.03407174348831177,-0.023973455652594566,0.04755297303199768,-0.04656120762228966,0.009948264807462692,-0.03242204710841179,0.049586836248636246,0.0740801990032196,0.02902751974761486,-0.036720238626003265,-0.08202195912599564,0.05736144259572029,-0.0541258305311203
0.05008876696228981,-0.03586072474718094,0.021546218544244766,0.057097822427749634,-0.009030234068632126,0.010511314496397972,-0.03726286068558693,0.009847312234342098,0.053557027131319046,0.00874996930360794,0.003276134841144085,0.029184259474277496,0.01388399675488472,0.07102260738611221,0.015378931537270546,-0.012493226677179337,0.0013329241191968322,-0.07712613046169281,-0.03448731452226639,0.030763207003474236
0.0167439803481102,0.01624024100601673,0.07454080879688263,0.03521919250488281,-0.026792731136083603,-0.04228309541940689,0.06564608216285706,0.043026771396398544,-0.017820117995142937,-0.06892754882574081,0.02083127573132515,0.059572719037532806,0.06657108664512634,-0.05970829352736473,-0.0012098504230380058,0.03389722481369972,0.04731729254126549,-0.059402089565992355,0.06312461942434311,-0.00014595418178942055
-0.06820086389780045,0.037644125521183014,0.02100279927253723,0.046233076602220535,0.03604516759514809,-0.04603179171681404,0.06242375820875168,0.0171827282756567,-0.016428759321570396,-0.03695947676897049,-0.037844493985176086,-0.027209285646677017,0.06419922411441803,0.06344539672136307,0.0151726845651865,-0.0287680272012949,-0.03959883749485016,-0.08551479876041412,0.031184067949652672,0.049687959253787994
0.021309232339262962,-0.06146953999996185,0.03196386620402336,-0.060699574649333954,-0.002425558865070343,-0.05650161951780319,0.010776425711810589,0.06853895634412766,0.030019868165254593,-0.01670454815030098,-0.006485627498477697,0.043903008103370667,0.015637746080756187,0.03789758309721947,0.07748264074325562,0.024659538641572,0.06518470495939255,-0.04590142145752907,0.019112983718514442,0.06938190013170242
0.04933318495750427,-0.06537509709596634,0.06354186683893204,0.06937021762132645,0.03928828239440918,0.06804811209440231,0.0418037511408329,-0.04278860613703728,-0.013272386975586414,-0.02743394672870636,0.03134647011756897,0.016919510439038277,-0.015296457335352898,-0.05009797215461731,0.041095070540905,0.06665850430727005,-0.008581816218793392,-0.04555920511484146,0.058198682963848114,0.016852831467986107
0.00574776716530323,-0.07924574613571167,0.040710970759391785,-0.04820451885461807,0.04988987371325493,-0.006502777338027954,-0.002216796623542905,0.04958990588784218,0.09370069950819016,-0.05027083680033684,-0.07320675998926163,0.052498895674943924,0.07641273736953735,0.05227416381239891,0.007179164793342352,0.006673537194728851,0.04767864570021629,-0.04224122688174248,0.05537954717874527,0.025513002648949623
0.019698940217494965,0.037216536700725555,0.08324115723371506,-0.04524453356862068,0.010377566330134869,-0.05742499977350235,0.05354452133178711,0.03970741853117943,0.08547844737768173,-0.04505940154194832,-0.0027566971257328987,-0.016505587846040726,0.04380359128117561,0.05621793493628502,-0.044285211712121964,-0.002726213540881872,0.021015850827097893,0.040279317647218704,-0.03483143821358681,0.00563566479831934
-0.005436960142105818,-0.04550350457429886,0.028618482872843742,0.031626518815755844,-0.06218178942799568,0.008389712311327457,0.045864254236221313,0.07122062146663666,-0.03272268921136856,-0.055873382836580276,-0.03368425741791725,0.005975657142698765,0.0046634189784526825,-0.0010878399480134249,-0.03201153874397278,0.016286000609397888,-0.03629246726632118,0.04335387051105499,0.06818917393684387,-0.01875457726418972
-0.04832100495696068,-0.009273138828575611,0.05939483642578125,0.0630386546254158,-0.03580600023269653,-0.016657978296279907,-0.0532224141061306,-0.032724227756261826,-0.04333706200122833,-0.027391700074076653,-0.05767085403203964,0.014834633097052574,0.0059663401916623116,0.08043663948774338,-0.050085943192243576,-0.03567042946815491,0.05296318233013153,-0.012020628899335861,-0.0351555161178112,-0.062403809279203415
-0.0014497734373435378,0.04881162941455841,-0.013458809815347195,0.05285058543086052,-0.01981661655008793,-0.008207974024116993,0.03399207815527916,0.04308588057756424,-0.0038568389136344194,0.0538717620074749,-0.06995747238397598,0.05031663924455643,-0.00952022336423397,-0.005728709977120161,0.013831122778356075,-0.02534400299191475,0.061797913163900375,-0.06873246282339096,-0.03636336326599121,0.047994401305913925
0.009525437839329243,0.028347197920084,0.002115274081006646,0.03669537603855133,0.006611843127757311,0.03201751038432121,0.03859904408454895,-0.04287717863917351,0.08667413890361786,-0.03777654841542244,0.011853749863803387,0.04900849238038063,0.05292420834302902,0.04858352988958359,0.06926725804805756,-0.06554766744375229,0.005366222467273474,-0.0011378382332623005,-0.046578895300626755,0.041323091834783554
0.015548608265817165,-0.050466764718294144,0.08458724617958069,0.023883555084466934,-0.039584025740623474,0.07277262210845947,0.002047379035502672,0.0414515845477581,0.06104307621717453,-0.05407445877790451,-0.015226196497678757,0.03370542451739311,-0.048249658197164536,0.07177916914224625,0.033874113112688065,-0.001210627960972488,0.008982917293906212,0.03824020177125931,0.03745296970009804,0.003074754262343049
0.0297098308801651,-0.08230499178171158,-0.01008469145745039,-0.04555871710181236,-0.07194139063358307,-0.05199398845434189,0.07763484865427017,-0.04777642711997032,-0.008799680508673191,-0.045274827629327774,-0.02434655651450157,0.06212615594267845,0.055760856717824936,-0.02825167588889599,-0.004978966433554888,-0.06428466737270355,0.027801793068647385,-0.08187127858400345,0.08275589346885681,-0.03406481072306633
0.058563001453876495,-0.04299943149089813,-0.012547923251986504,0.08286406099796295,-0.04691961780190468,-0.01796101965010166,0.022715115919709206,0.033548157662153244,0.08865432441234589,0.006918198429048061,-0.029734253883361816,-0.05341571569442749,0.0049224430695176125,0.010619004257023335,-0.0412866547703743,-0.013887209817767143,-0.0009898776188492775,-0.05171295255422592,0.017362965270876884,-0.052652422338724136
-0.06544818729162216,-0.01068917941302061,0.04719291627407074,-0.014659319072961807,0.03889022022485733,-0.0451306514441967,-0.037410669028759,0.03436371684074402,-0.04067319631576538,-0.029239393770694733,0.03602588176727295,0.0663871169090271,0.05226852372288704,0.010011600330471992,0.013154991902410984,-0.07272408157587051,0.04274039715528488,0.028260575607419014,-0.027981890365481377,0.026940463110804558
-0.002287938492372632,0.015457523055374622,0.017726562917232513,0.05392410606145859,-0.06449544429779053,0.06172856688499451,-0.013190260156989098,0.049041684716939926,0.025848818942904472,0.049716707319021225,-0.0316811129450798,-0.03610823303461075,0.07765427976846695,0.03479110822081566,-0.0414389930665493,0.05267444625496864,-0.009659450501203537,-0.03941062465310097,-0.04102110490202904,-0.04976504296064377
0.01738637499511242,-0.0517471544444561,-0.01634535938501358,-0.041271667927503586,0.008254645392298698,-0.010330230928957462,0.06848932057619095,0.07757337391376495,0.07495351135730743,-0.0762496292591095,-0.05754263326525688,0.005137077998369932,0.0821554884314537,-0.053133029490709305,0.058306630700826645,0.06365619599819183,-0.056951142847537994,0.009334878996014595,0.005838201381266117,-0.048361342400312424
0.007398437708616257,-0.053534284234046936,0.03261331841349602,-0.013731400482356548,-0.021008232608437538,-0.009936925023794174,-0.01624896004796028,0.030923182144761086,0.06266868859529495,0.016940928995609283,-0.06653325259685516,-0.06583797931671143,0.05561550334095955,0.03594965487718582,-0.01552774477750063,-0.027854951098561287,0.04482262209057808,0.01048651710152626,0.05617265775799751,-0.013142285868525505
-0.023766834288835526,0.016874106600880623,-0.007760206703096628,0.08731444925069809,-0.03833384066820145,-0.02554120309650898,0.02665700390934944,0.03233400732278824,0.013529730960726738,-0.04302561283111572,0.005321313161402941,-0.06671469658613205,0.08365502208471298,0.05093436315655708,0.059048719704151154,-0.005196961108595133,-0.03601088002324104,0.023879453539848328,-0.003486262634396553,0.012493669986724854
-0.0024245516397058964,0.056431952863931656,0.08964608609676361,-0.01824871450662613,-0.03797876462340355,0.024724813178181648,0.04754592850804329,0.013032877817749977,0.018671246245503426,-0.07590240985155106,-0.004083989188075066,0.009722942486405373,-0.016078362241387367,-0.018187612295150757,0.053721148520708084,0.025555387139320374,0.03783581033349037,-0.10218118876218796,-0.018948843702673912,-0.025788841769099236
-0.06055651977658272,-0.001485292799770832,0.02839875966310501,-0.021820412948727608,-0.0327758714556694,-0.042297881096601486,-0.0247049480676651,0.09580729156732559,-0.04553147405385971,-0.036191947758197784,-0.04872218146920204,-0.06952209770679474,0.0530221052467823,0.015156792476773262,-0.04970920458436012,0.03741605207324028,0.06883256882429123,-0.04181011766195297,-0.046062711626291275,-0.07013338804244995
-0.052164074033498764,-0.02278829552233219,-0.03177151083946228,-0.005777772981673479,-0.012831139378249645,0.0736730769276619,-0.047273170202970505,-0.011573610827326775,0.046181198209524155,0.03246071934700012,-0.018103335052728653,0.007136730011552572,0.04507323354482651,0.010142041370272636,-0.06586353480815887,0.04337728023529053,-0.05113796889781952,0.009846493601799011,-0.0448729433119297,0.015934478491544724
-0.022921623662114143,0.0006941344472579658,0.0338975228369236,0.02240654081106186,-0.0719534158706665,0.06345929205417633,-0.056405335664749146,0.005168539471924305,0.0060456967912614346,-0.05907604470849037,0.04564649239182472,-0.04086066782474518,0.00897185504436493,0.025355517864227295,-0.034353770315647125,-0.06343252211809158,0.023766731843352318,-0.013446776196360588,-0.03708597272634506,0.03171171620488167
0.032784219831228256,-0.07174409180879593,0.06306418031454086,-0.04137537628412247,-0.06525267660617828,0.07950808107852936,0.049920253455638885,0.017977438867092133,0.016578814014792442,0.029128683730959892,0.049673888832330704,0.01179458200931549,0.058433257043361664,-0.04195668548345566,0.0644100084900856,-0.016906170174479485,0.01726304553449154,-0.035791199654340744,0.03725895658135414,0.057402752339839935
0.04035057872533798,0.0003428767086006701,0.0875081717967987,-0.054051849991083145,-3.496839781291783e-05,-0.05376053974032402,0.04244367778301239,-0.03509926050901413,0.08479617536067963,0.0660121887922287,-0.036310866475105286,-0.005625016987323761,0.019845029339194298,0.03837955370545387,0.031044291332364082,-0.05502127483487129,-0.05965778976678848,-0.013189841993153095,0.08389823138713837,0.031095832586288452
-0.05199358984827995,0.02301543392241001,0.06694559752941132,0.004022339824587107,0.052461691200733185,0.03103177808225155,0.05778234452009201,-0.02690865658223629,0.03228041157126427,-0.037117257714271545,0.02292402647435665,-0.016487086191773415,-0.014668465591967106,0.04188615083694458,-0.05771303176879883,0.027892157435417175,0.020897455513477325,-0.0032747662626206875,0.04003866761922836,0.04093940928578377
-0.027752768248319626,0.011334744282066822,0.007562675047665834,-0.04489383473992348,0.04026041179895401,0.07886777073144913,-0.019707906991243362,0.07821042835712433,0.033107880502939224,-0.011460068635642529,0.05126737058162689,-0.003930345177650452,0.029225608333945274,0.07461225986480713,0.044414397329092026,0.03676282614469528,-0.03557145595550537,-0.07145188003778458,0.05155131593346596,0.04134020954370499
0.03402343764901161,0.047860290855169296,0.021413959562778473,-0.008106608875095844,0.0423673614859581,0.023563040420413017,0.07493052631616592,-0.0403110645711422,-0.03817368671298027,-0.07026179134845734,0.044935472309589386,0.051233578473329544,0.028033142909407616,0.012130927294492722,0.07917886227369308,-0.052893269807100296,0.036536358296871185,-0.04734310507774353,-0.04473288357257843,0.0065614585764706135
-0.05187550187110901,0.02164178341627121,-0.0020956990774720907,-0.028823940083384514,-0.07132697850465775,0.05883071571588516,-0.023971596732735634,0.09432787448167801,-0.012847105041146278,1.0973280950565822e-05,-0.0007875555893406272,-0.012289125472307205,-0.006961127743124962,0.05530619993805885,0.06721577048301697,-0.04140271618962288,-0.0022080230992287397,-0.0857023224234581,-0.006389853544533253,-0.06934584677219391
0.025152191519737244,-0.06639908254146576,0.060651447623968124,0.07443659007549286,-0.007188975811004639,0.005875782109797001,0.0021254094317555428,0.01337390672415495,0.015131151303648949,0.009794985875487328,0.005978580564260483,-0.06385904550552368,0.04923407733440399,-0.009195228107273579,-0.05912608280777931,0.0006899114814586937,0.06928370147943497,0.03170298784971237,0.02038693241775036,-0.048921722918748856
0.04230988398194313,-0.05435895919799805,-0.04003889486193657,0.02570214681327343,-0.020499033853411674,-0.03924139589071274,-0.05696800723671913,-0.016565220430493355,-0.017936818301677704,0.0650198832154274,-0.07476668804883957,0.05292465537786484,-0.0157019030302763,0.07689087837934494,-0.026476215571165085,-0.056286729872226715,-0.04146707057952881,-0.10594210773706436,-6.928396032890305e-05,-0.02007579430937767
0.04084212705492973,-0.05895373597741127,-0.02876320108771324,0.028236407786607742,0.061801303178071976,0.009142468683421612,0.04793928191065788,0.011780910193920135,0.05216141417622566,-0.04460528865456581,0.023849094286561012,0.009727166034281254,0.039527978748083115,-0.011956116184592247,-0.004809277132153511,0.018791068345308304,0.05572694167494774,-0.02827213518321514,0.02008969895541668,-0.008245794102549553
0.0003171252319589257,-0.029616402462124825,0.05429532751441002,-0.0033032747451215982,0.019876904785633087,0.017806509509682655,0.05285533517599106,0.0059016067534685135,0.048666078597307205,-0.055834170430898666,-0.002750277053564787,0.057746537029743195,-0.061136260628700256,0.05012418329715729,0.04824773222208023,-0.04296065866947174,-0.05375094339251518,0.026822248473763466,-0.04176745191216469,0.04709770902991295
-0.022559355944395065,-0.0015917157288640738,0.015351064503192902,0.04720323532819748,-0.057353246957063675,-0.04033699631690979,0.011084380559623241,-0.0408637709915638,0.02389088273048401,-0.005737063474953175,0.05106404051184654,-0.008357520215213299,-0.0397723987698555,-0.03401360288262367,0.007989831268787384,-0.05295451357960701,0.0036143094766885042,0.023984594270586967,0.023739689961075783,0.0407131090760231
-0.07391448318958282,-0.014862931333482265,0.03335921838879585,-0.030636847019195557,-0.016470789909362793,-0.011067801155149937,-0.012962196953594685,-0.04642369970679283,0.0002681727637536824,0.061031267046928406,0.05275202915072441,-0.023451218381524086,-0.012594087980687618,0.038619570434093475,0.007176432758569717,0.03363092243671417,0.001958257518708706,-0.061109501868486404,-0.025880111381411552,-0.028780311346054077
0.0009129326208494604,-0.006280783098191023,0.04214276000857353,0.006097493227571249,-0.03243028372526169,0.08010906726121902,0.06358421593904495,0.07361025363206863,0.06768043339252472,-0.08071022480726242,-0.06587791442871094,-0.04805861413478851,0.028119675815105438,-0.028626780956983566,0.017972320318222046,-0.011202247813344002,-0.06176498904824257,0.03839626908302307,-0.013700208626687527,0.010728254914283752
0.03889124095439911,-0.03182961791753769,-0.033464476466178894,-0.02210416831076145,0.02143789641559124,0.0006322202971205115,0.002737990114837885,-0.031896647065877914,0.011228352785110474,-0.031666893512010574,-0.006968503352254629,0.03483763709664345,0.04188983887434006,-0.05088324099779129,-0.054513394832611084,0.022726159542798996,-0.017710691317915916,0.00993945263326168,0.02402825653553009,0.0049524675123393536
-0.007851221598684788,-0.06201048567891121,0.06822284311056137,0.03748016431927681,-0.04886898770928383,0.020449858158826828,-0.03629779443144798,0.09242713451385498,0.06266453117132187,-0.0350424163043499,0.005481792148202658,-0.03127463161945343,0.03308559209108353,-0.05226637423038483,-0.0374002642929554,-0.05375012382864952,0.03412969410419464,0.010124624706804752,-0.023466888815164566,-0.06753840297460556
0.02645041234791279,-0.02701786905527115,-0.02066708728671074,-0.0624547004699707,0.024745924398303032,0.05792679265141487,-0.027296749874949455,-0.02459360659122467,0.06152042746543884,0.056774869561195374,0.026937881484627724,0.015328744426369667,0.036470938473939896,-0.04926471412181854,0.02980835922062397,0.0300622396171093,0.05378974229097366,-0.04367269575595856,-0.01482129655778408,-0.058788612484931946
-0.004280270542949438,-0.022896120324730873,0.07505675405263901,0.004588007461279631,-0.011067137122154236,0.00406511127948761,0.06018722802400589,-0.045411549508571625,0.06956729292869568,0.015096550807356834,-0.007890316657721996,-0.07461429387331009,0.04238162934780121,0.02361784316599369,-0.027563540264964104,-0.021636560559272766,-0.04424738138914108,0.004883761052042246,0.034073784947395325,-0.05652939900755882
-0.0792512595653534,-0.04638965427875519,-0.040922462940216064,0.03339887037873268,0.004088232759386301,-0.031050844117999077,-0.009369500912725925,0.02209947071969509,0.07307901233434677,-0.02118377573788166,-0.04243909940123558,-0.026690488681197166,0.0372546948492527,0.030398540198802948,0.055194318294525146,0.07050444185733795,0.007124173454940319,-0.08655194193124771,0.021805645897984505,-0.05809075012803078
-0.0032728302758187056,-0.03338123857975006,0.02573469839990139,0.05658092722296715,-0.014760528691112995,0.015283775515854359,-0.026577621698379517,-0.005668709520250559,0.048932064324617386,-0.029466332867741585,-2.400557423243299e-05,-0.046441368758678436,-0.028243986889719963,0.020526286214590073,0.05387836694717407,0.0388401597738266,0.018411219120025635,-0.09586412459611893,0.050780922174453735,0.05291369557380676
0.0009757256484590471,-0.06177368015050888,-0.04852460324764252,0.06753461807966232,-0.02922050468623638,-0.055192556232213974,-0.01612561196088791,0.00897173024713993,0.06261882930994034,-0.0498749278485775,-0.04654818773269653,0.05951840803027153,-0.0535300076007843,0.028196558356285095,0.027080126106739044,0.07257813960313797,0.044726595282554626,-0.07371973991394043,0.008251148276031017,-0.024142717942595482
0.014321353286504745,-0.011243498884141445,0.05111433193087578,-0.05539374798536301,0.06506893783807755,-0.00681348005309701,-0.05900179222226143,0.03357365354895592,0.030775712803006172,0.041409775614738464,0.001792268012650311,0.02678513154387474,0.02279287576675415,-0.025326067581772804,-0.05833626538515091,-0.00979333370923996,0.018144579604268074,-0.0597001276910305,0.030654732137918472,0.04623548686504364
-0.07585465908050537,-0.044375281780958176,0.0662071704864502,0.030565474182367325,0.048303551971912384,-0.04243545979261398,0.06348256766796112,0.011780398897826672,-0.030667800456285477,-0.04847390949726105,-0.0033857133239507675,0.011474210768938065,0.0644487664103508,-0.009669528342783451,-0.058877550065517426,0.04754084721207619,0.048829469829797745,-0.1018744707107544,0.05608184263110161,-0.02862686477601528
-0.0738944336771965,-0.049650706350803375,0.05953759327530861,-0.005938298534601927,-0.03254702314734459,-0.007686706259846687,-0.06571880728006363,0.0921013280749321,-0.05306302756071091,-0.0534270778298378,0.03258977830410004,-0.00017214033869095147,-0.04263685643672943,-0.0005441762623377144,0.031102178618311882,0.03582386672496796,0.08300600200891495,-0.007373159751296043,-0.024358659982681274,0.012887058779597282
0.023544562980532646,0.013188461773097515,-0.017193371430039406,0.04188351705670357,-0.037087615579366684,-0.036203596740961075,-0.031228194013237953,0.04802370443940163,-0.0074317967519164085,-0.0398842990398407,0.04821309447288513,0.04773366078734398,-0.010992689989507198,0.016608303412795067,-0.04253070428967476,0.049478545784950256,0.012452688999474049,-0.046039555221796036,0.005885989870876074,0.06321945041418076
-0.0007784634944982827,0.05669941008090973,0.015459086745977402,0.06841320544481277,-0.01569395884871483,0.03384345397353172,-0.056449804455041885,0.04365720599889755,-0.050313886255025864,0.02258109673857689,-0.02418477088212967,0.06296277791261673,-0.032422732561826706,0.0009283989784307778,0.028892075642943382,0.06211720407009125,0.006803105119615793,-0.05646960064768791,0.06931354105472565,0.028371626511216164
-0.029848575592041016,-0.007215037010610104,0.048715319484472275,0.07504694163799286,-0.00808630883693695,0.024536343291401863,0.058265089988708496,0.04950658604502678,-0.023636899888515472,0.011936617083847523,0.02671457827091217,0.04542778059840202,0.00339269801042974,0.03623573109507561,-0.02032005414366722,0.03292187675833702,-0.04843167960643768,-0.05742974206805229,0.032651763409376144,-0.04394129663705826
-0.07023398578166962,0.017710059881210327,0.03289605677127838,0.05507038161158562,0.05565081164240837,0.009362872689962387,-0.06359995901584625,-0.009864158928394318,0.06206190586090088,-0.007769390475004911,-0.025123776867985725,-0.06961770355701447,0.05223896726965904,-0.026341229677200317,-0.021114103496074677,0.01690066047012806,0.07314404845237732,-0.025177398696541786,0.07300501316785812,-0.0697627067565918
-0.03582622855901718,-0.0033852513879537582,0.03258806839585304,-0.04252517223358154,0.055101752281188965,-0.043095480650663376,-0.0050584012642502785,0.02155834063887596,-0.017411723732948303,-0.03266047313809395,0.0586780421435833,0.0600334033370018,-0.007931213825941086,-0.06853043287992477,-0.01827498897910118,-0.03994904085993767,0.06700880080461502,-0.05275387316942215,0.0320020467042923,-0.06619908660650253
-0.0019574430771172047,-0.040394578129053116,0.011947830207645893,-0.004553056787699461,-0.013304508291184902,0.05198894441127777,0.06439026445150375,0.0689920037984848,0.042976826429367065,0.021658387035131454,-0.07824361324310303,-0.07115375995635986,0.045045025646686554,-0.0381329320371151,-0.024895235896110535,-0.056450601667165756,-0.0281315129250288,0.023302657529711723,0.06414352357387543,0.0062582907266914845
-0.0032928669825196266,-0.017401477321982384,-0.04487501457333565,0.05297403037548065,-0.014120171777904034,0.028401724994182587,-0.012172317132353783,-0.00995019730180502,0.06058858707547188,-0.022682784125208855,0.012556592933833599,-0.013456210494041443,0.031104542315006256,-0.06196080148220062,0.002300412394106388,0.04740390181541443,0.01642696000635624,0.0067574684508144855,-0.028329163789749146,-0.060599640011787415
-0.050653453916311264,0.05891427397727966,-0.024132821708917618,0.048412781208753586,0.049892522394657135,0.015361158177256584,-0.04154767841100693,-0.0012989591341465712,0.06343811005353928,0.054371386766433716,-0.0020185615867376328,0.037535712122917175,0.02229807898402214,0.0516972541809082,0.025772564113140106,-0.024783750995993614,-0.015442335978150368,-0.09354135394096375,-0.013809945434331894,-0.02151058427989483
-0.06753921508789062,-0.012934468686580658,-0.04188079759478569,-0.0023665446788072586,0.03668178245425224,0.08034063130617142,-0.04297212138772011,0.07361793518066406,0.03453145921230316,-0.03446672856807709,-0.006052403245121241,0.059134162962436676,-0.010690804570913315,-0.04925550892949104,-0.017861418426036835,-0.006109061185270548,-0.010679133236408234,-0.04589712992310524,-0.02364858239889145,0.05876639857888222
-0.03867639601230621,0.0402938537299633,0.07644098252058029,-0.03557629510760307,-0.025448085740208626,0.05013071373105049,-0.05504092946648598,0.05566198378801346,0.0837894007563591,0.049144450575113297,0.031785011291503906,-0.07372059673070908,-0.01854783669114113,-0.016951946541666985,5.218562364461832e-05,0.03077760897576809,0.07454182207584381,-0.10366819053888321,-0.0519709512591362,-0.015128454193472862
0.03553643077611923,0.02340441383421421,0.020501423627138138,-0.04229899123311043,0.003656908869743347,0.0018533760448917747,-0.05966006591916084,0.023517871275544167,0.0275614932179451,-0.009060525335371494,0.01883353292942047,0.049230240285396576,0.06619986891746521,0.021708395332098007,-0.03152158111333847,0.020923614501953125,0.07229185849428177,-0.09820669144392014,0.008387540467083454,0.036469005048274994
-0.004122335463762283,0.013463162817060947,-0.01322679128497839,0.04048903286457062,0.030143320560455322,0.07983098924160004,-0.004359707236289978,0.0864998996257782,0.005674134474247694,0.02314530685544014,0.03793930262327194,-0.047832295298576355,0.0553882010281086,-0.034113265573978424,0.047193266451358795,0.012473652139306068,-0.023252861574292183,-0.013130120933055878,-0.020148925483226776,0.005674038082361221
-0.04483861103653908,-0.010133725591003895,0.034959763288497925,-0.004601653199642897,0.034401893615722656,0.012416987679898739,0.05373574048280716,0.03884141519665718,-0.024567624554038048,0.023391615599393845,-0.02788216806948185,-0.014941282570362091,0.054120808839797974,0.003196738427504897,0.027289338409900665,0.06437447667121887,0.0027124439366161823,-0.037816740572452545,-0.03299744054675102,0.04619107395410538
-0.025110505521297455,0.013154192827641964,-0.01911461539566517,0.024292202666401863,0.026899175718426704,-0.012072914279997349,0.07129161804914474,0.015013166703283787,0.09084729105234146,-0.06561118364334106,-0.08117003738880157,0.03359079733490944,-0.042884550988674164,0.005168183706700802,0.07545401155948639,-0.02864435501396656,0.062185004353523254,0.018725011497735977,-0.009881808422505856,0.06557712703943253
-0.02877858839929104,-0.07288972288370132,0.04352438077330589,-0.04910749942064285,0.02469748631119728,-0.04058762267231941,0.05810271576046944,0.07928883284330368,0.0015740615781396627,-0.02513226494193077,0.046682536602020264,0.017943594604730606,-0.038257498294115067,0.0289236381649971,-0.05889442563056946,-0.06197713315486908,-0.030503802001476288,-0.06225943937897682,0.02808455564081669,0.036997999995946884
-0.08161686360836029,0.015418531373143196,0.0735185369849205,0.07813192158937454,0.051134753972291946,0.009320704266428947,-0.0503857284784317,-0.005422362592071295,0.03052906133234501,0.030328258872032166,0.012804978527128696,-0.026073351502418518,0.014630375429987907,-0.048755522817373276,-0.005258995573967695,0.016828978434205055,-0.003377181012183428,-0.03999662771821022,0.015455914661288261,-0.04380374774336815
-0.08140984922647476,0.019168268889188766,0.07437562197446823,-0.03288557752966881,-0.004639408551156521,0.029241768643260002,-0.0650116354227066,-0.03975263983011246,0.004879690706729889,0.031077835708856583,-0.07222321629524231,-0.031041808426380157,-0.04639451205730438,0.0733523890376091,0.06338052451610565,-0.04002731665968895,-0.013331111520528793,-0.05865662544965744,0.0628441572189331,0.03799084946513176
-0.03631455823779106,0.006967706140130758,-0.029726320877671242,0.024869538843631744,0.004066667053848505,0.07501596212387085,0.03956490382552147,0.07413610816001892,-0.008569401688873768,-0.006431533955037594,-0.026903627440333366,0.05334023758769035,0.025896238163113594,0.06626133620738983,0.06585262715816498,0.028306275606155396,0.012890678830444813,-0.09559446573257446,-0.006873783655464649,-0.03988882154226303
-0.013941551558673382,-0.07933086156845093,-0.006786677986383438,0.0772845596075058,0.060482293367385864,-0.03377993404865265,-0.003809012472629547,0.00567768607288599,-0.011755471117794514,0.021012036129832268,-0.05701972916722298,0.057575106620788574,0.07587880641222,-0.027410347014665604,0.048751525580883026,-0.06716836243867874,0.04496365413069725,-0.01637130044400692,-0.03128167614340782,-0.05435502901673317
-0.0169179979711771,-0.05251210555434227,0.0912843644618988,0.060727834701538086,-0.04793250933289528,0.05367351695895195,-0.04382231459021568,-0.03906143084168434,-0.04905856400728226,0.033936578780412674,-0.06321810185909271,0.06049087271094322,0.04575958847999573,0.05654172971844673,-0.0013795061968266964,-0.017058176919817924,-0.031754642724990845,-0.017268171533942223,0.05299859866499901,-0.07760165631771088
0.025927800685167313,-0.05725179240107536,0.029109204187989235,0.04080371558666229,-0.06688527017831802,0.031082741916179657,0.04271107167005539,0.03726370632648468,-0.004404177889227867,0.015902260318398476,-0.05228714272379875,0.05942436680197716,0.06991196423768997,0.08333270996809006,0.05615987256169319,-0.0487528070807457,-0.023250626400113106,0.029725681990385056,0.01720513589680195,0.002464883029460907
-0.06703226268291473,-0.06445084512233734,-0.0404050275683403,0.051150426268577576,-0.014482947997748852,-0.05545659735798836,0.03934609144926071,0.05904226377606392,-0.006611072923988104,0.006276222411543131,0.024971814826130867,-0.07226023077964783,-0.014611092396080494,-0.03023734875023365,0.06015196442604065,0.002643092069774866,-0.040626414120197296,-0.06456220895051956,0.04966634511947632,0.030200045555830002
0.05083120986819267,-0.010752595961093903,0.028551412746310234,0.07493025809526443,-0.006382577586919069,0.022502906620502472,0.008619853295385838,-0.010412510484457016,-0.025711707770824432,-0.030484450981020927,0.05386367440223694,-0.0322696752846241,-0.015427648089826107,-0.05915262922644615,0.019302910193800926,-0.0609273798763752,-0.033384162932634354,-0.011481900699436665,0.028489122167229652,-0.0602889321744442
0.03869270905852318,-0.04034770652651787,0.029976973310112953,0.03431667760014534,-0.031013134866952896,-0.01557764783501625,0.04200699180364609,0.05666792765259743,-0.013634306378662586,-0.006560456473380327,0.016828693449497223,-0.07096871733665466,0.02277446910738945,0.05837731808423996,-0.033745091408491135,-0.02224837616086006,0.03970085456967354,-0.08998457342386246,0.08498033136129379,-0.06147940084338188
0.00886195432394743,-0.014404057525098324,0.034143704921007156,-0.03968726471066475,-0.016023093834519386,0.05719380080699921,-0.02361324429512024,0.06638887524604797,-0.018396176397800446,-0.069394551217556,0.05475427955389023,0.023841610178351402,0.04502487927675247,-0.007069716230034828,0.04919283092021942,-0.06032463535666466,-0.0009585181251168251,0.013337595388293266,0.042192187160253525,0.05585923790931702
-0.040665458887815475,-0.031088583171367645,0.07883591949939728,0.004305122885853052,-0.007406517397612333,0.019565202295780182,-0.018478360027074814,-0.04917331784963608,0.024667752906680107,0.05090499669313431,0.05807060748338699,0.029816925525665283,-0.02827567793428898,0.06126819923520088,0.032647039741277695,-0.026888180524110794,-0.01233751978725195,-0.048300597816705704,0.05122492462396622,-0.06554660201072693
-0.07669063657522202,-0.015874803066253662,-0.029200363904237747,0.03193150833249092,0.06954120844602585,0.05149126052856445,0.04737565666437149,0.03758301958441734,-0.00826464407145977,0.01223307941108942,-0.04094570875167847,-0.07282408326864243,-0.02237853966653347,0.06936412304639816,-0.00019739042909350246,-0.0007851150003261864,-0.05990976840257645,0.005637793336063623,0.04522266983985901,0.06481221318244934
-0.013950453139841557,0.05019760876893997,0.0692526325583458,-0.05731938034296036,0.05154051631689072,-0.06108523905277252,0.015307005494832993,-0.02803395502269268,0.00021041961736045778,-0.07453902065753937,0.02159920334815979,0.01568303443491459,0.025448543950915337,-0.01688910275697708,0.05467624589800835,-0.029035963118076324,-0.05843711271882057,-0.07984281331300735,0.07989285886287689,0.0384884774684906
-0.05993423983454704,-0.006543649360537529,0.0045923409052193165,0.052114926278591156,-0.01698235049843788,0.0005502670537680387,0.0282283928245306,-0.03794119134545326,-0.017668262124061584,-0.0031729540787637234,0.001331724924966693,-0.059598084539175034,-0.004219388123601675,0.06610796600580215,-0.030221248045563698,-0.035628315061330795,0.020932208746671677,-0.06713447719812393,0.007665183860808611,0.003178163431584835
0.00463492888957262,0.038674235343933105,-0.0176356453448534,0.02565566822886467,-0.041260093450546265,-0.022531863301992416,0.043407123535871506,0.03908217325806618,-0.03084227629005909,-0.028749888762831688,-0.023645151406526566,0.013211286626756191,0.08403415232896805,0.011317639611661434,0.03177827224135399,-0.036740742623806,-0.05420345813035965,0.02533169835805893,0.017371246591210365,-0.034025341272354126
0.04262925311923027,-0.013052224181592464,0.06208587810397148,-0.056659527122974396,0.04866361618041992,0.009385189972817898,0.0034201873932033777,-0.0030592780094593763,-0.04860539734363556,0.001191366813145578,0.05533852428197861,-0.04555416852235794,0.033413056284189224,-0.046240780502557755,-0.03244515880942345,0.05381685867905617,0.0684107095003128,-0.058401066809892654,-0.012765861116349697,-0.06844855099916458
0.03527217358350754,-0.0730237066745758,0.00873709935694933,-0.024560997262597084,0.047632522881031036,0.045632366091012955,-0.0024045631289482117,-0.0010743080638349056,0.019282590597867966,-0.07410118728876114,0.0529765747487545,0.032126739621162415,-0.04050155356526375,0.020244961604475975,-0.00011827960406662896,-0.038062505424022675,0.0795142725110054,-0.0847727358341217,-0.005076870787888765,-0.010046487674117088
0.013500029221177101,-0.03280485048890114,0.09038891643285751,0.05807739496231079,0.02849903516471386,0.06401121616363525,0.057790059596300125,0.036513566970825195,-0.023747706785798073,0.032178375869989395,0.005434628110378981,0.03426498547196388,0.08240942656993866,0.005334228742867708,-0.013697322458028793,-0.04075697064399719,0.08311361074447632,-0.06468362361192703,0.02574298344552517,-0.04707353934645653
-0.05692325532436371,-0.028666142374277115,0.052777115255594254,-0.007688445970416069,-0.011279411613941193,-0.013838049955666065,0.027211258187890053,0.05783543363213539,-0.03423791378736496,-0.015516823157668114,0.01727837696671486,0.0029593207873404026,0.01165840309113264,0.014285915531218052,0.043806642293930054,-0.0234182458370924,0.05838721990585327,0.028370654210448265,-0.05153012275695801,0.04648850858211517
-0.002757783979177475,-0.0683274194598198,-0.05025783181190491,-0.019326895475387573,-0.012306860648095608,-0.006073974538594484,-0.039498575031757355,0.08445797115564346,0.061688926070928574,0.0560649037361145,-0.07864370942115784,-0.007812316995114088,0.04782973229885101,-0.05512888357043266,0.02371228113770485,-0.015028795227408409,0.01713273860514164,-0.030249154195189476,0.010783825069665909,0.04506267234683037
-0.05104499310255051,0.007264596410095692,0.0451568178832531,-0.006274275481700897,-0.06019150838255882,-0.04957287386059761,0.02728436328470707,0.0530545748770237,-0.008072792552411556,-0.03670775890350342,0.04140261933207512,-0.008251472376286983,0.058258652687072754,0.05311453342437744,0.06542990356683731,-0.010688706301152706,0.025673964992165565,-0.005800145678222179,0.06437988579273224,-0.02013186737895012
-0.05291595682501793,-0.05270477384328842,-0.014405645430088043,0.08310965448617935,-0.03382366895675659,0.03972981870174408,0.022319043055176735,0.04956008121371269,0.08608738332986832,-0.040373194962739944,-0.004772920627146959,-0.012587069533765316,0.044305358082056046,-0.04237717390060425,-0.023032937198877335,0.015572008676826954,-0.026196379214525223,-0.025932760909199715,-0.03257625177502632,0.010996997356414795
-0.06351015716791153,0.05075884982943535,-0.02525382675230503,-0.023039622232317924,0.05537854880094528,0.043392594903707504,0.005353101063519716,-0.004349533002823591,0.06425303965806961,-0.017300434410572052,0.0002531669451855123,-0.013394930399954319,0.0459931418299675,-0.00031156069599092007,0.05099628493189812,-0.06675764173269272,0.04826643317937851,-0.08827373385429382,0.058863840997219086,-0.0771762877702713
-0.0028157082851976156,-0.04543270915746689,-0.04224567860364914,0.012887343764305115,-0.012637176550924778,0.06588758528232574,-0.006942729465663433,0.04933841526508331,0.06417711079120636,-0.07374574989080429,-0.047591228038072586,0.02696651965379715,-0.04342150315642357,-0.028936060145497322,0.022784462198615074,0.04810979589819908,0.006544605828821659,-0.045997459441423416,0.06578334420919418,0.03117739036679268
0.038512278348207474,-0.012928791344165802,0.04243149235844612,0.00553046865388751,0.01535393949598074,0.08171973377466202,0.03747987002134323,0.0229050125926733,0.046588897705078125,-0.07585059851408005,0.03543905168771744,0.0021577421575784683,-0.00558552285656333,-0.048205599188804626,-0.05847655609250069,-0.0472610779106617,-0.04147529974579811,-0.04606048762798309,0.08460497856140137,0.03168896585702896
0.02024352364242077,-0.05134700611233711,0.08633354306221008,-0.018947867676615715,-0.05402660369873047,0.032723862677812576,0.001612138352356851,0.05052151903510094,-0.004171434324234724,-0.0369262769818306,-0.042192790657281876,0.06412258744239807,-0.02280227281153202,0.02887893281877041,0.0267752967774868,0.003549240529537201,-0.04190754517912865,-0.024116840213537216,0.023551199585199356,0.04715824872255325
-0.03361300751566887,-0.02854263409972191,0.03939185291528702,-0.030717559158802032,-0.05638667941093445,-0.059997234493494034,-0.017737898975610733,0.06728465110063553,-0.038946423679590225,-0.020518723875284195,-0.07036922872066498,-0.03896316885948181,0.025633040815591812,0.07574595510959625,0.026338588446378708,0.07201223075389862,0.040528569370508194,-0.015177831053733826,0.017003532499074936,0.01134871318936348
-0.027001764625310898,-0.014765152707695961,0.009694425389170647,0.07391293346881866,0.0013618299271911383,-0.045577242970466614,-0.00532801728695631,0.01045798696577549,0.05853991210460663,-0.0017781441565603018,-0.07945717871189117,-0.02899523265659809,0.03699517995119095,0.08213656395673752,0.000460270035546273,-0.036477230489254,0.06758821755647659,-0.009006508626043797,0.05144622549414635,-0.03706701844930649
0.029832616448402405,0.00847567804157734,0.0744759663939476,0.05178859829902649,-0.06461096554994583,0.07931067794561386,-0.017076263204216957,-0.007149991113692522,-0.03847269341349602,0.021632269024848938,0.024082135409116745,-0.0008252316620200872,-0.002362738596275449,-0.007899658754467964,-0.022145407274365425,0.02977965958416462,0.019958797842264175,-0.09202269464731216,-0.042506344616413116,0.01883241906762123
0.041778597980737686,0.0025389944203197956,-0.03998236358165741,0.06861142069101334,0.03767270967364311,-0.001901474897749722,-0.06202691048383713,-0.015897342935204506,0.013922320678830147,0.048509664833545685,0.03870904818177223,-0.024424556642770767,0.06979835778474808,0.02452932856976986,-0.0046070353128015995,-0.05120917782187462,-0.038228604942560196,-0.08453716337680817,-0.04796229302883148,-0.03145556524395943
-0.0337069146335125,0.05629818141460419,0.04564931243658066,0.023545153439044952,0.05456165596842766,-0.026877498254179955,-0.07107863575220108,0.005915613379329443,0.04624764993786812,0.03253849223256111,-0.07759746164083481,0.018663570284843445,-0.008836339227855206,0.02958265133202076,0.0410178080201149,0.06395197659730911,-0.02529715932905674,-0.015910055488348007,-0.05633888393640518,0.050072263926267624
0.029832616448402405,0.00847567804157734,0.0744759663939476,0.05178859829902649,-0.06461096554994583,0.07931067794561386,-0.017076263204216957,-0.007149991113692522,-0.03847269341349602,0.021632269024848938,0.024082135409116745,-0.0008252316620200872,-0.002362738596275449,-0.007899658754467964,-0.022145407274365425,0.02977965958416462,0.019958797842264175,-0.09202269464731216,-0.042506344616413116,0.01883241906762123
-0.013143138028681278,-0.005333693232387304,-0.038206808269023895,0.02817714959383011,-0.02429516799747944,0.0612095445394516,0.05945201590657234,0.07403120398521423,0.027127288281917572,-0.020487256348133087,-0.07360164821147919,0.000605866895057261,0.019628509879112244,0.07196737825870514,-0.06180575489997864,-0.06350075453519821,0.05458009988069534,0.007079326082020998,0.06106344982981682,-0.0031113815493881702
-0.013143138028681278,-0.005333693232387304,-0.038206808269023895,0.02817714959383011,-0.02429516799747944,0.0612095445394516,0.05945201590657234,0.07403120398521423,0.027127288281917572,-0.020487256348133087,-0.07360164821147919,0.000605866895057261,0.019628509879112244,0.07196737825870514,-0.06180575489997864,-0.06350075453519821,0.05458009988069534,0.007079326082020998,0.06106344982981682,-0.0031113815493881702
-0.060457613319158554,-0.023465042933821678,-0.021178193390369415,0.07787977159023285,-0.0590117871761322,0.0334247387945652,0.004070402123034,-0.05115440860390663,0.041440073400735855,0.02645730972290039,-0.08814272284507751,-0.049302585422992706,0.026878753677010536,-0.04763306677341461,-0.01565643772482872,-0.024255990982055664,0.039335284382104874,-0.08993560820817947,0.03253616765141487,0.03714108094573021
-0.07946621626615524,0.006544819101691246,-0.04444931820034981,0.026294520124793053,-0.015770388767123222,0.031943030655384064,0.06344570964574814,0.07187103480100632,0.08479764312505722,0.04131132364273071,0.006232977844774723,-0.014995554462075233,0.012924524955451488,-0.06252564489841461,0.018844513222575188,0.043902311474084854,-1.1691108738887124e-05,-0.06730039417743683,0.03373618423938751,0.022242369130253792
-0.03796276077628136,-0.025049544870853424,0.06714380532503128,-0.02470494993031025,0.050152167677879333,-0.0257379412651062,0.031189560890197754,0.01897306740283966,-0.028368452563881874,0.00611117435619235,0.021639052778482437,0.07319595664739609,-0.019444141536951065,0.07507511228322983,0.08288649469614029,0.05972838029265404,-0.041597381234169006,-0.05753406509757042,-0.03728502243757248,0.007234204560518265
0.020517373457551003,0.05174915865063667,-0.002536096842959523,0.037874605506658554,-0.021958714351058006,0.056408900767564774,0.01230194978415966,0.0319942906498909,-0.007562264800071716,0.01227431371808052,0.046006396412849426,0.057994209229946136,0.042619600892066956,0.0059747579507529736,-0.013274198397994041,0.005066463258117437,0.044588781893253326,-0.010406450368463993,0.07778482884168625,-0.03826111927628517
-0.07562518864870071,0.00255915941670537,-0.05282827839255333,-0.02172773703932762,-0.018121106550097466,0.022749746218323708,-0.0003494734119158238,0.07436481863260269,0.030254287645220757,-0.005860407371073961,-0.06813086569309235,0.0017327922396361828,0.047001082450151443,0.05805887281894684,-0.007979406043887138,-0.012535011395812035,-0.03206811100244522,-0.013547700829803944,-0.01367091853171587,-0.0499662421643734
-0.04678361117839813,0.013691013678908348,0.009015305899083614,0.024521801620721817,0.003242646576836705,0.04660382866859436,-0.06088997796177864,0.01043990720063448,0.02385428547859192,-0.047311149537563324,-0.04833006486296654,0.011812387965619564,0.04006102681159973,0.03585154563188553,-0.02719241939485073,-0.05428773909807205,0.010239172726869583,-0.10887107253074646,0.008112013339996338,-0.07681716978549957
0.055040616542100906,0.035927895456552505,-0.03342633694410324,0.027589663863182068,0.042599234730005264,0.02976369857788086,-0.029382135719060898,-0.04658636078238487,0.07202021032571793,0.04520246759057045,0.038541462272405624,0.054715562611818314,0.003935522399842739,-0.04090647026896477,0.049363572150468826,0.014228837564587593,-0.043355874717235565,-0.0810692086815834,0.03923127055168152,-0.06427571177482605
-0.006836415734142065,0.0007097043562680483,0.04287410527467728,0.07699461281299591,-0.035002000629901886,-0.02441076561808586,-0.032585177570581436,-0.024621807038784027,0.08120006322860718,0.041309699416160583,-0.08014851808547974,-0.04841473698616028,-0.015845414251089096,-0.025077590718865395,0.0602521188557148,-0.008031489327549934,-0.04582007974386215,-0.08121134340763092,-0.04665937274694443,0.03630806505680084
-0.012813916429877281,-0.033829834312200546,-0.0032950795721262693,-0.017398636788129807,0.03094303421676159,-0.01607419177889824,0.0630585253238678,0.03365149721503258,0.03531781584024429,0.054803516715765,-0.05474284291267395,0.07324504852294922,0.05341355875134468,-0.0007017948082648218,0.022671503946185112,0.038058388978242874,0.04838887229561806,-0.09818340092897415,0.009399285539984703,-0.051933642476797104
-0.009886754676699638,-0.07665131241083145,-0.055201455950737,0.06040490046143532,0.03960529714822769,0.02076861821115017,-0.019207464531064034,-0.02448980137705803,-0.010806962847709656,-0.06183395907282829,-0.007350978907197714,-0.04970889538526535,-0.0012148265959694982,-0.042279649525880814,-0.035920608788728714,-0.010683082044124603,-0.038633015006780624,-0.03197351470589638,0.039759423583745956,0.025946494191884995
-0.026179632171988487,0.02815188653767109,-0.04623286798596382,0.028633534908294678,0.028003092855215073,0.05446728691458702,0.05814104154706001,-0.041795168071985245,0.022510144859552383,-0.05462624877691269,0.005377369001507759,0.06455836445093155,0.007027952466160059,-0.060298576951026917,0.059856317937374115,-0.056717779487371445,0.07250048220157623,-0.05040820315480232,0.006119776517152786,-0.00645066611468792
-0.03001943975687027,-0.05653814971446991,0.04418014734983444,0.009374533779919147,-0.027121078222990036,0.0525486059486866,-0.023659149184823036,0.0075851064175367355,0.024831892922520638,0.00856590922921896,0.01346278004348278,-0.03767692670226097,-0.045640867203474045,0.016741419211030006,-0.06161871179938316,0.05912018194794655,0.052696485072374344,0.01849803701043129,0.05626325309276581,0.01049860566854477
0.021502934396266937,0.036331623792648315,0.014580128714442253,-0.05366593599319458,0.04243232309818268,-0.05264995992183685,-0.026394477114081383,0.09021326899528503,0.011410343460738659,0.03530705347657204,-0.020599763840436935,0.07377848029136658,0.04782797396183014,-0.022167716175317764,-0.00781213166192174,-0.018809719011187553,0.07233209908008575,-0.029757216572761536,0.06938094645738602,-0.07513152807950974
0.01351065095514059,-0.007673793472349644,-0.012300663627684116,-0.05559427663683891,-0.05325892195105553,-0.05066259950399399,0.027819685637950897,0.042439285665750504,-0.025681190192699432,-0.07963238656520844,-0.022078033536672592,-0.02786133624613285,0.036455877125263214,0.07073044776916504,0.038390520960092545,-0.023208385333418846,-0.03962858393788338,-0.04130415990948677,-0.038970235735177994,-0.028745723888278008
-0.04677816480398178,-0.03661591187119484,-0.04006541147828102,-0.05039794743061066,-0.01199258491396904,0.07784007489681244,0.036943938583135605,-0.019287729635834694,0.018788417801260948,-0.021465301513671875,-0.026387237012386322,-0.05805761367082596,0.04485777020454407,-0.009721891954541206,0.03185487538576126,0.04351053759455681,0.015359705314040184,0.034994181245565414,0.034854449331760406,0.04952262341976166
0.011005139909684658,-0.018703145906329155,-0.048562705516815186,0.08071279525756836,-0.012227275408804417,0.01141897402703762,0.06208803877234459,-0.000244991882937029,0.047624655067920685,0.010626289993524551,0.03895760327577591,0.05974268913269043,0.04992730915546417,0.06088162586092949,-0.054327696561813354,0.023708928376436234,0.014385283924639225,-0.06288851052522659,0.005283057224005461,0.05387694388628006
0.030600856989622116,0.034237686544656754,-0.02066810615360737,0.047175876796245575,-0.06260298192501068,0.05368661880493164,-0.04049055650830269,-0.04528780281543732,0.07456883043050766,-0.026418084278702736,-0.041924554854631424,-0.025066465139389038,0.049955930560827255,-0.030582360923290253,-0.027822220697999,-0.06799650192260742,0.03244636207818985,-0.03624119609594345,0.07018592953681946,-0.02377433143556118
-0.021043622866272926,-0.011941809207201004,0.002505409764125943,-0.05731925368309021,0.008090895600616932,0.06041412055492401,0.03715948387980461,0.08556897193193436,-0.02515261620283127,-0.0665564313530922,-0.07815363258123398,-0.03917583450675011,-0.03830867260694504,0.08062712103128433,-0.02154671773314476,-0.06964751332998276,-0.0267189871519804,-0.02231130190193653,-0.024038108065724373,0.057842038571834564
-0.07338886708021164,-0.06930781900882721,0.0744548887014389,0.07316616922616959,-0.02738279104232788,-0.012526470236480236,0.07296077907085419,0.014102746732532978,-0.04006820544600487,0.02489076554775238,0.050201497972011566,-0.043397221714258194,0.03691787272691727,0.0497354194521904,0.02989560179412365,0.023751206696033478,-0.03355976939201355,0.009418100118637085,0.009648934006690979,-0.00025618894142098725
0.006505426950752735,-0.052301470190286636,0.08852610737085342,0.05774319916963577,0.008906370960175991,0.00862847175449133,0.053827717900276184,0.006829763296991587,-0.0034449452068656683,-0.00799501407891512,0.008462456986308098,0.044806379824876785,0.07353736460208893,-0.03228873386979103,0.04034725949168205,-0.0380721241235733,0.07161207497119904,-0.095049187541008,0.07387496531009674,-0.05373463034629822
2.6534637072472833e-05,-0.045530159026384354,0.054448649287223816,-0.049792204052209854,0.05694669112563133,0.025637486949563026,-0.013125495985150337,0.07210417836904526,0.020693069323897362,0.06374357640743256,-0.01245243288576603,0.00957232154905796,-0.027183610945940018,-0.023026376962661743,0.041529878973960876,-0.05132449045777321,0.056124377995729446,0.03708411008119583,0.0010697413235902786,-0.07384631037712097
0.02771359495818615,-0.035009827464818954,0.01232665404677391,-0.03139277920126915,-0.002160897944122553,0.03548584505915642,-0.05400433391332626,0.07447855919599533,0.08804062753915787,-0.029444940388202667,0.020769786089658737,-0.053194157779216766,0.0413711741566658,0.04623629152774811,-0.011194776743650436,0.005021436605602503,-0.006721372716128826,-0.034544117748737335,0.07744159549474716,-0.053016260266304016
0.03953292593359947,-0.01229746825993061,0.07445603609085083,0.00026033437461592257,0.00771915540099144,0.04104532301425934,0.03506253659725189,0.09150530397891998,0.013506774790585041,0.04758945107460022,-0.04997379705309868,-0.010016613639891148,0.020977286621928215,0.03572802245616913,0.06827666610479355,-0.0632312223315239,0.03464200720191002,0.019948694854974747,0.04341219738125801,7.369813829427585e-05
-0.03373008221387863,-0.03771904855966568,0.01767142489552498,-0.03026198223233223,-0.04266081005334854,0.014736877754330635,0.047373104840517044,0.06996762007474899,-0.034094199538230896,0.02153106965124607,-0.0452481247484684,-0.03179469332098961,0.011679580435156822,0.08145806193351746,0.014204601757228374,-0.05150655284523964,-0.0016968757845461369,0.0330558717250824,-0.036521803587675095,-0.030717650428414345
-0.03373008221387863,-0.03771904855966568,0.01767142489552498,-0.03026198223233223,-0.04266081005334854,0.014736877754330635,0.047373104840517044,0.06996762007474899,-0.034094199538230896,0.02153106965124607,-0.0452481247484684,-0.03179469332098961,0.011679580435156822,0.08145806193351746,0.014204601757228374,-0.05150655284523964,-0.0016968757845461369,0.0330558717250824,-0.036521803587675095,-0.030717650428414345
-0.03373008221387863,-0.03771904855966568,0.01767142489552498,-0.03026198223233223,-0.04266081005334854,0.014736877754330635,0.047373104840517044,0.06996762007474899,-0.034094199538230896,0.02153106965124607,-0.0452481247484684,-0.03179469332098961,0.011679580435156822,0.08145806193351746,0.014204601757228374,-0.05150655284523964,-0.0016968757845461369,0.0330558717250824,-0.036521803587675095,-0.030717650428414345
-0.06952060759067535,-0.0455472469329834,0.047046516090631485,-0.045531634241342545,-0.03510511666536331,-0.008227004669606686,-0.041476450860500336,0.014481493271887302,-0.001368984580039978,0.0061423806473612785,0.005352409556508064,0.06703799217939377,0.02318762056529522,-0.05292685329914093,-0.04414134472608566,-0.06720717996358871,-0.02273992821574211,-0.0934167131781578,0.07526326924562454,0.01674436777830124
-0.03373008221387863,-0.03771904855966568,0.01767142489552498,-0.03026198223233223,-0.04266081005334854,0.014736877754330635,0.047373104840517044,0.06996762007474899,-0.034094199538230896,0.02153106965124607,-0.0452481247484684,-0.03179469332098961,0.011679580435156822,0.08145806193351746,0.014204601757228374,-0.05150655284523964,-0.0016968757845461369,0.0330558717250824,-0.036521803587675095,-0.030717650428414345
0.014865281991660595,-0.014660043641924858,0.08799659460783005,0.08277533948421478,0.008921467699110508,0.04424590617418289,-0.0050893486477434635,-0.003000283846631646,-0.03397851809859276,0.036545928567647934,0.008695474825799465,0.03907347843050957,0.0735270231962204,0.07560234516859055,0.060703132301568985,-0.023762663826346397,0.03965434432029724,-0.10346998274326324,0.08556636422872543,-0.06759029626846313
-0.0008428284781984985,0.06325382739305496,0.007008982356637716,0.06908725947141647,0.027343889698386192,0.02083909884095192,-0.05103309825062752,-0.011230885982513428,0.05914505943655968,0.008963366970419884,0.033375829458236694,-0.06266911327838898,-0.03606666997075081,-0.047123633325099945,-0.03829776123166084,0.024802468717098236,0.04865231364965439,-0.059757743030786514,0.08255413919687271,-0.006716152187436819
-0.0008428284781984985,0.06325382739305496,0.007008982356637716,0.06908725947141647,0.027343889698386192,0.02083909884095192,-0.05103309825062752,-0.011230885982513428,0.05914505943655968,0.008963366970419884,0.033375829458236694,-0.06266911327838898,-0.03606666997075081,-0.047123633325099945,-0.03829776123166084,0.024802468717098236,0.04865231364965439,-0.059757743030786514,0.08255413919687271,-0.006716152187436819
-0.07006815820932388,-0.04403144121170044,0.039106424897909164,0.04358398914337158,-0.015938149765133858,0.06344322115182877,0.030361667275428772,0.014841483905911446,0.04917983338236809,-0.004453514702618122,0.04607800021767616,0.029370328411459923,0.03752463310956955,0.049976445734500885,-0.010068287141621113,0.02114025317132473,0.004399754106998444,-0.06047194451093674,-0.037907183170318604,0.028082873672246933
-0.07006815820932388,-0.04403144121170044,0.039106424897909164,0.04358398914337158,-0.015938149765133858,0.06344322115182877,0.030361667275428772,0.014841483905911446,0.04917983338236809,-0.004453514702618122,0.04607800021767616,0.029370328411459923,0.03752463310956955,0.049976445734500885,-0.010068287141621113,0.02114025317132473,0.004399754106998444,-0.06047194451093674,-0.037907183170318604,0.028082873672246933
-0.08029009401798248,0.029411109164357185,0.08579620718955994,-0.011173075065016747,-0.048093654215335846,0.008520097471773624,0.04609105363488197,0.09269604831933975,0.0036428070161491632,-0.04353286325931549,0.059519968926906586,0.011886644177138805,-0.04618328437209129,-0.04314439371228218,-0.004089545924216509,0.0029372263234108686,0.0667736828327179,0.013221977278590202,-0.04338754713535309,0.059335317462682724
0.004421901889145374,0.006872026715427637,-0.0067389789037406445,0.034407876431941986,-0.05366366356611252,0.03589414060115814,-0.05133839324116707,-0.03622426465153694,0.021853050217032433,0.03174857422709465,0.059694308787584305,0.0020451603922992945,-0.057193558663129807,0.017670152708888054,-0.031352680176496506,-0.030552513897418976,0.013497211039066315,-0.0435321144759655,-0.02138090878725052,-0.004235591273754835
0.04731771722435951,-0.01595119759440422,-0.020948730409145355,0.07706353068351746,0.03625337406992912,0.038573477417230606,-0.005557612981647253,0.07954947650432587,0.07764388620853424,-0.03427921608090401,0.05130328983068466,-0.02734237164258957,0.06732819974422455,0.05348949506878853,-0.013228578492999077,-0.05841170251369476,-0.005423631984740496,-0.012285924516618252,0.018973443657159805,0.059675078839063644
-0.07060941308736801,0.011205757036805153,0.07795269787311554,0.013938645832240582,-0.0057449135929346085,0.049466323107481,-0.038255199790000916,0.03224936127662659,0.038680147379636765,0.03638385608792305,0.018992915749549866,0.026149140670895576,-0.03178480640053749,0.0588051863014698,0.033344902098178864,0.03731426224112511,-0.00408208929002285,-0.10744955390691757,0.035167939960956573,-0.07449503242969513
0.039229489862918854,0.03421223163604736,0.027053138241171837,0.03708340972661972,-0.012134160846471786,0.05541059002280235,0.04352913051843643,0.055244188755750656,-0.0022457074373960495,-0.07101009041070938,-0.08303800225257874,-0.01970536820590496,-0.0005359731731005013,-0.008893167600035667,-0.006253127008676529,-0.013594354502856731,0.05003868043422699,0.030293183401226997,0.05012517049908638,-0.015945125371217728
0.04066254943609238,-0.0489979162812233,-0.026600327342748642,0.05070635676383972,-0.06233806163072586,0.03963638097047806,0.059991057962179184,0.08306414633989334,0.01156342402100563,-0.00035660367575474083,-0.013765068724751472,-0.03893037140369415,0.011735495179891586,-0.039414890110492706,-0.029173579066991806,-3.624958480941132e-05,-0.06417089700698853,-0.05638214945793152,0.07827357947826385,-0.04267391189932823
-0.07691031694412231,0.014668796211481094,0.08338212221860886,0.006088961847126484,0.04526902362704277,0.010478577576577663,0.07460357993841171,-0.015495403669774532,0.0110636530444026,-0.05990513414144516,0.03690055012702942,0.004196835216134787,-0.01622307486832142,0.011967240832746029,0.0774698480963707,-0.061107635498046875,-0.01845846138894558,-0.10397990792989731,-0.02681105025112629,0.020602494478225708
0.0015568748349323869,0.05578433349728584,0.06391172111034393,-0.001741811283864081,0.013811590149998665,-0.05782807245850563,-0.022712716832756996,0.04040554165840149,0.04856738820672035,0.04375234618782997,0.057266026735305786,0.01416698470711708,0.03079819492995739,0.05209406465291977,-0.006201234180480242,-0.004346432164311409,-0.050420794636011124,-0.05457412824034691,0.07134105265140533,-0.008117396384477615
-0.08010794222354889,-0.060555122792720795,-0.015617817640304565,0.04617483168840408,-0.0410640686750412,-0.03439033031463623,0.06677734106779099,0.03674672171473503,0.027314908802509308,0.0575188510119915,-0.022490698844194412,0.02661185897886753,0.06814022362232208,0.07170653343200684,0.07222380489110947,0.0348091647028923,-0.057306453585624695,0.02937525138258934,-0.028473949059844017,0.04227570816874504
0.04136104881763458,-0.03518654406070709,0.07912873476743698,0.044797662645578384,0.010113213211297989,-0.0183989517390728,0.02367899753153324,0.035833004862070084,-0.02441697008907795,-0.06448529660701752,-0.058518677949905396,0.06316336989402771,0.01604318432509899,-0.025989176705479622,-0.04611024260520935,-0.03998640552163124,0.03550722077488899,-0.06382162123918533,0.05619034171104431,-0.055133625864982605
-0.003134719328954816,0.016618475317955017,-0.020502913743257523,-0.033701565116643906,-0.01310659758746624,0.018671385943889618,-0.012596510350704193,-0.04416519030928612,0.032515425235033035,0.034444473683834076,-0.05977144464850426,-0.03497245907783508,0.04643712937831879,-0.03163648396730423,0.011270114220678806,-0.05439449101686478,0.027233144268393517,-0.10292696952819824,0.027488132938742638,0.061380963772535324
-0.08116136491298676,0.0018395307706668973,-0.050570521503686905,-0.01828691177070141,0.04298637807369232,0.07894644886255264,-0.020478589460253716,0.08182686567306519,0.03258116543292999,-0.045750752091407776,-0.01813715323805809,0.03989813104271889,-0.013394037261605263,0.05047009140253067,0.032048072665929794,0.022130822762846947,0.017098577693104744,-0.039557285606861115,0.015426903031766415,-0.047048043459653854
-0.02628488466143608,-0.04032917320728302,0.06734784692525864,-0.004230141174048185,0.01894448511302471,0.028929630294442177,0.012277920730412006,-0.010840983130037785,0.00561906723305583,0.009285574778914452,-0.07252717763185501,-0.06665843725204468,0.036367759108543396,-0.04281431809067726,-0.023669959977269173,-0.04123301804065704,0.07939950376749039,0.026153700426220894,0.07877810299396515,-0.0500776432454586
0.06339462846517563,-0.0602690763771534,0.047217898070812225,-0.02205907553434372,0.050919804722070694,0.03563665971159935,0.04150056093931198,-0.03986584395170212,0.07506413757801056,0.04848265275359154,-0.018724562600255013,-0.03703896328806877,0.04254162684082985,0.06398151814937592,-0.049189548939466476,0.031630512326955795,-0.03312187269330025,-0.07476302236318588,0.029796740040183067,-0.009229869581758976
0.0370904840528965,-0.02753383480012417,0.06383977085351944,-0.018396254628896713,0.02851332724094391,-0.060200922191143036,0.006795471999794245,0.03409554436802864,0.04906187951564789,0.057346660643815994,-0.027822477743029594,0.04369547963142395,0.08132322877645493,-0.049256831407547,0.06810865551233292,0.006796625908464193,0.02169518731534481,-0.0070292754098773,-0.024860236793756485,-0.059945717453956604
-0.025513652712106705,0.029195016250014305,-0.012916742824018002,0.014104283414781094,0.058202311396598816,-0.05604495480656624,0.0007701896247453988,-0.008135262876749039,-0.037669502198696136,-0.0337488129734993,-0.0021025517489761114,0.013606934808194637,0.022980142384767532,0.03902381286025047,0.00041772169061005116,0.024686036631464958,0.0052124266512691975,-0.005240611266344786,0.0054324655793607235,0.03544924408197403
-0.03106137178838253,-0.07891630381345749,0.013133554719388485,0.04155387729406357,-0.02343486063182354,0.05657147243618965,-0.05120020732283592,0.052750930190086365,0.032766710966825485,0.010011664591729641,-0.09054932743310928,-0.022793378680944443,-0.016437362879514694,0.05043436586856842,-0.039507679641246796,0.03064081072807312,-0.0028464493807405233,-0.09520865231752396,0.0030316396150738,0.025935348123311996
-0.03135336935520172,-0.03200328350067139,-0.005505896173417568,-0.02433759905397892,-0.04458118975162506,0.07196506857872009,0.07669440656900406,0.018957704305648804,0.015486273914575577,0.039208997040987015,0.02004442922770977,0.04903651401400566,0.013790901750326157,-0.05058148875832558,-0.006004882976412773,0.01887073740363121,0.068640798330307,-0.06623859703540802,0.026692526414990425,0.014120258390903473
0.02278181165456772,-0.011012161150574684,0.07597536593675613,0.07672437280416489,0.0567590594291687,-0.00916493684053421,0.014717308804392815,0.0740710198879242,-0.012716082856059074,-0.025596046820282936,-0.015767520293593407,0.05894143506884575,-0.0533272922039032,-0.011393371969461441,0.07066789269447327,-0.04342445358633995,-0.0352812223136425,0.020962821319699287,-0.006348953116685152,0.052186060696840286
0.03126018866896629,0.05542825534939766,0.04610850289463997,0.05068973824381828,-0.035360533744096756,-0.054521989077329636,0.026881637051701546,0.07640945166349411,-0.04791661724448204,-0.0009083542972803116,-0.06818212568759918,0.008199053816497326,-0.01610829122364521,0.036843352019786835,-0.05305099114775658,0.05053400993347168,-0.024831803515553474,-0.004994593095034361,-0.040892913937568665,0.04136147350072861
-0.06135939806699753,-0.008658879436552525,-0.030359018594026566,0.02230333909392357,-0.052634380757808685,0.08557876944541931,0.005036802962422371,0.07961072772741318,0.004929468501359224,0.05424177646636963,-0.014894816093146801,-0.03041067160665989,0.018511632457375526,-0.06261667609214783,-0.030345525592565536,0.03366357088088989,0.06975716352462769,-0.07016371935606003,-0.006179570686072111,-0.03508681431412697
0.028509536758065224,0.026993917301297188,0.09588869661092758,0.029955273494124413,0.03570037707686424,0.06884492933750153,0.06145457178354263,0.024290023371577263,0.03481325879693031,0.009740041568875313,-0.052853427827358246,0.06827684491872787,0.013504440896213055,-0.0436924584209919,-0.03257256746292114,0.06065922603011131,0.029028834775090218,-0.04000820219516754,-0.006805937737226486,0.018364695832133293
-0.041661977767944336,9.73629139480181e-05,0.010079842060804367,-0.03562841936945915,-0.03755941241979599,0.07714720815420151,0.006170903332531452,0.05526392534375191,0.013559790328145027,-0.06287910789251328,0.054977498948574066,0.05656138062477112,0.012842570431530476,-0.0468900129199028,-0.04140136390924454,0.0476655550301075,0.07279615849256516,-0.09327098727226257,0.02935420349240303,0.041849106550216675
-0.03290782496333122,0.03928247094154358,0.0470447763800621,0.06315971165895462,-0.06539629399776459,0.08276203274726868,-0.04508451744914055,0.015204017050564289,-0.023531416431069374,0.04635043814778328,0.02462245337665081,-0.040164265781641006,0.01149021741002798,-0.0411783903837204,-0.009296529926359653,-0.05279131233692169,-0.05290699377655983,-0.02501820959150791,0.069681815803051,-0.07073935121297836
0.052753373980522156,-0.023841617628932,0.03889456018805504,-0.013487698510289192,0.028729911893606186,0.013066353276371956,-0.05215158686041832,0.049850910902023315,-0.019161282107234,0.056583892554044724,-0.09165588021278381,-0.03304119408130646,0.08108661323785782,-0.020467044785618782,-0.05012688785791397,0.06513801217079163,0.017034079879522324,-0.03697988763451576,0.060111384838819504,0.014049848541617393
0.002539407229050994,0.06353864818811417,-0.021908437833189964,0.04034565016627312,-0.06874187290668488,0.055579062551259995,-0.025763899087905884,-0.019414054229855537,-0.011262087151408195,-0.03927910327911377,-0.0007582800462841988,-0.03207940235733986,0.019818302243947983,-0.012312925420701504,-0.019047006964683533,-0.030993545427918434,-0.035599127411842346,-0.09717131406068802,0.0696261078119278,-0.06188369169831276
-0.04614318534731865,0.009991498664021492,0.08405996859073639,0.041062112897634506,0.027507437393069267,0.027230700477957726,-0.0654352456331253,0.02081063948571682,0.04879719763994217,0.05557436868548393,-0.05266876891255379,-0.016177143901586533,0.003130790777504444,-0.03417867794632912,0.033189598470926285,-0.057467300444841385,0.06425275653600693,-0.08295369893312454,-0.026033911854028702,-0.04948076233267784
0.02898114174604416,0.05120889097452164,-0.014763218350708485,0.027694953605532646,-0.05469964072108269,0.07119520008563995,0.070802241563797,0.056810855865478516,0.08725923299789429,-0.02937103807926178,-0.05328124761581421,-0.06121047958731651,-0.053438231348991394,0.0005267200758680701,0.06494016945362091,-0.030677586793899536,0.058293942362070084,-0.07002772390842438,0.03380701318383217,0.018798576667904854
-0.053255364298820496,-0.0028250087052583694,0.09051238745450974,0.08089427649974823,-0.052093811333179474,0.012323474511504173,-0.029861407354474068,0.055056069046258926,-0.026862837374210358,-0.05761072412133217,-0.014968324452638626,-0.03698248788714409,-0.01567733846604824,0.08090660721063614,0.027593988925218582,-0.02903786301612854,0.020281067118048668,0.024816956371068954,-0.0165872760117054,0.029047537595033646
0.007480599917471409,0.019568324089050293,0.07914917171001434,0.049116216599941254,0.011351915076375008,0.02970222197473049,-0.017699716612696648,0.0765744224190712,0.042376548051834106,0.02796952612698078,-0.011872774921357632,-0.060230717062950134,0.04227403178811073,0.004220685921609402,-0.008659129962325096,-0.07020772993564606,-0.007232724688947201,-0.08046324551105499,0.0064089312218129635,0.034105125814676285
-0.014517796225845814,-0.07779043912887573,0.02480165846645832,0.016886038705706596,-0.03026062436401844,-0.012337546795606613,-0.04029769450426102,0.010602871887385845,-0.006992521230131388,0.042829498648643494,-0.07939746230840683,0.04247986152768135,0.02448088489472866,0.03210480883717537,-0.037516895681619644,0.002469414845108986,0.07306975871324539,-0.10165350139141083,-0.05215923860669136,-0.05152004957199097
0.03624438866972923,-0.08185598254203796,0.05183355510234833,-0.04811304435133934,0.07462811470031738,0.04024725407361984,0.005252775736153126,-0.0267644003033638,-0.04302820935845375,-0.05051051452755928,0.028120117262005806,-0.014674151316285133,-0.02225174382328987,0.023587780073285103,-0.025631817057728767,-0.0039308699779212475,0.05078529566526413,-0.007662360556423664,-0.054617684334516525,0.054420486092567444
-0.04525251314043999,-0.01658608391880989,0.06285451352596283,0.014070598408579826,0.028230322524905205,-0.06502159684896469,0.05936747416853905,0.09560959041118622,0.07730558514595032,0.06127733364701271,-0.01654728129506111,0.03195399045944214,0.03656485304236412,0.07815080136060715,0.04459507018327713,-0.05974080041050911,-0.007812961004674435,-0.07446732372045517,0.05604490637779236,0.008790116757154465
0.046783752739429474,-0.07016104459762573,0.019880443811416626,-0.018116559833288193,0.0520612858235836,-0.015870146453380585,0.018691997975111008,0.058924444019794464,0.012857303023338318,-0.06901898235082626,-0.07812344282865524,-0.04982548952102661,0.05577997863292694,0.03879522904753685,-0.06234683841466904,-0.040851060301065445,0.028843257576227188,0.005210403352975845,-0.006487614009529352,0.030537616461515427
-0.050206225365400314,0.018026668578386307,0.07813593745231628,-0.044396206736564636,-0.03855584189295769,-0.03643445298075676,-0.003739240113645792,0.020173681899905205,-0.04639284685254097,-0.006089143920689821,-0.08000456541776657,0.06802526116371155,-0.029330777004361153,0.07437855005264282,-0.050355345010757446,-0.05868198350071907,-0.05308561399579048,-0.10038290172815323,-0.04538782313466072,-0.07157927006483078
0.04003530368208885,-0.019509917125105858,0.07926137000322342,-0.018294991925358772,0.06495965272188187,0.028489720076322556,-0.007950630970299244,0.014052208513021469,0.03703184798359871,-0.013477419503033161,0.03987632691860199,0.019335350021719933,-0.02068091556429863,0.013513092882931232,0.02011788636445999,0.02629769966006279,-0.018488919362425804,-0.05678382143378258,0.043300092220306396,-0.010183300822973251
0.033108681440353394,-0.06670071929693222,-0.03498465195298195,-0.014592714607715607,0.00452332803979516,0.0488746240735054,0.0037015285342931747,0.06041731312870979,-0.00642163772135973,0.023273257538676262,-0.05460377037525177,-0.015515194274485111,-0.035457391291856766,0.06611011177301407,-0.05468730255961418,0.0608469694852829,0.07043330371379852,-0.10188286006450653,0.01802096888422966,-0.07126796990633011
-0.07936924695968628,0.025162464007735252,0.013231673277914524,-0.044064443558454514,0.005372467450797558,-0.03374270349740982,-0.0284984540194273,0.09864244610071182,-0.010771011933684349,-0.03295859321951866,-0.050212010741233826,0.02714567817747593,0.01856411062180996,0.05462045967578888,0.02756255678832531,0.014440973289310932,-0.06080101430416107,-0.04002143442630768,0.03887419030070305,0.006801914423704147
-0.07593231648206711,-0.040657397359609604,0.04514560475945473,0.06906019896268845,0.04213635250926018,-0.014956637285649776,0.019341014325618744,-0.04110932722687721,-0.036553606390953064,-0.04999725893139839,-0.031169500201940536,-0.019904525950551033,0.06687608361244202,0.06378062814474106,0.027514709159731865,-0.05765620619058609,0.06440483778715134,-0.036547109484672546,-0.0017847716808319092,-0.03687472268939018
0.04011789709329605,0.036983881145715714,0.002069472800940275,-0.027835067361593246,0.020632458850741386,0.07843174785375595,0.02926066890358925,0.07262242585420609,0.07490707188844681,-0.05375473573803902,-0.0004918501363135874,0.07292846590280533,0.01199575699865818,-0.004939117934554815,-0.03039761818945408,0.01931966096162796,0.07758592814207077,-0.09222955256700516,0.023755544796586037,-0.023051109164953232
0.04004817083477974,-0.040285468101501465,-0.004451104439795017,0.0037478317972272635,-0.017873292788863182,0.02287830412387848,-0.013980386778712273,-0.004610918927937746,-0.010076206177473068,0.041938185691833496,0.010974142700433731,-0.01737270876765251,-0.04048933461308479,0.023635946214199066,-0.024314910173416138,-0.007310188841074705,0.07314308732748032,-0.07373472303152084,-0.015243621543049812,-0.07010478526353836
0.02708319202065468,-0.0560835525393486,0.044274408370256424,0.023420551791787148,-0.013315347023308277,-0.04286086931824684,-0.039109889417886734,0.0008307021344080567,0.07321719080209732,0.019767744466662407,-0.03717910125851631,-0.0747041255235672,0.05383762717247009,0.009410402737557888,-0.02695014327764511,-0.032580263912677765,-0.004793600644916296,-0.02848401479423046,-0.03574462607502937,-0.03914262726902962
-0.007411705330014229,-0.020161539316177368,-0.04913102462887764,0.07989541441202164,0.008032324723899364,-0.022993603721261024,0.059808120131492615,0.04154294356703758,-0.04946228861808777,-0.014121821150183678,-0.0557132214307785,0.04258446767926216,0.022379154339432716,0.07538841664791107,0.05332551524043083,0.07263638824224472,0.005007980857044458,0.03510509058833122,0.02381770871579647,0.04530121386051178
0.045122452080249786,-0.07854782789945602,0.05758366733789444,0.059904444962739944,-0.06579869240522385,0.03856123983860016,0.0485563687980175,0.06604070961475372,0.061254218220710754,-0.03618854656815529,-0.0025245267897844315,-0.05366171523928642,-0.007620562799274921,-0.024398935958743095,0.0419185608625412,-0.06629250943660736,0.05979150906205177,-0.09329363703727722,0.04203594848513603,0.01874644309282303
0.004734392743557692,-0.029046570882201195,0.05354762449860573,-0.0035318685695528984,-0.050016850233078,0.07050635665655136,-0.026072651147842407,0.0011820304207503796,0.036487095057964325,0.042850326746702194,-0.05255363881587982,-0.056466199457645416,0.011836365796625614,-0.0056959786452353,0.005844219122081995,-0.005689697805792093,0.07519680261611938,-0.08327697217464447,0.003033776767551899,-0.031453415751457214
-0.052084337919950485,-0.07383598387241364,-0.011117260903120041,0.0489777997136116,-0.051362115889787674,0.043197739869356155,-0.014856575056910515,0.08327920734882355,0.043375272303819656,-0.042813073843717575,0.04654751345515251,0.012181899510324001,-0.0021526131313294172,-0.04540407285094261,-0.05295582860708237,0.06608662754297256,-0.02351263165473938,-0.021553432568907738,0.010778149589896202,-0.035164959728717804
-0.0046256412751972675,0.037384651601314545,0.010982555337250233,-0.05896255746483803,0.06903468817472458,0.0843191146850586,0.023535780608654022,0.04151349142193794,0.0012120604515075684,0.046459559351205826,0.025067441165447235,-0.02551516890525818,0.009247728623449802,-0.005145298317074776,0.06494617462158203,-0.03282845765352249,-0.03933611884713173,-0.09744592010974884,0.07529672980308533,0.0357297919690609
-0.05406280606985092,-0.035794321447610855,0.0853651911020279,-0.05024335905909538,0.03684276342391968,0.042599622160196304,0.02891337312757969,0.012191561982035637,0.024702884256839752,-0.018432972952723503,-0.0011595766991376877,-0.05683999881148338,0.04628567770123482,-0.01999623328447342,-0.020431745797395706,-0.03575444594025612,0.021403877064585686,-0.08761685341596603,0.023827655240893364,-0.015404712408781052
