product_id,store_id,seed,metric,window_size,step_size,threshold,percentile,enable_edges,enable_second_degree,ablate_z,num_edges_mean,epoch,train_loss,val_loss,z_norm_mean,z_var_mean,grad_norm_gcn,grad_norm_tcn,grad_ratio_gcn_tcn
26008,6269,42,spearman,15,1,0.7,,True,False,False,325.8417582417582,1,0.09237283594640237,0.014227833598852158,3.960758686065674,0.011626571416854858,0.7520469023033128,2.3650776111231897,0.3179797985343251
26008,6269,42,spearman,15,1,0.7,,True,False,False,325.8417582417582,2,0.023212775321943418,0.010374554432928562,3.9846789836883545,0.014765391126275063,0.3091500600234574,1.0072492854099202,0.30692507257261115
26008,6269,42,spearman,15,1,0.7,,True,False,False,325.8417582417582,3,0.02053514912924064,0.004095172509551048,3.9845199584960938,0.014153808355331421,0.2830931118200181,0.9380485563174792,0.30178940089312867
26008,6269,42,spearman,15,1,0.7,,True,False,False,325.8417582417582,4,0.01448115092768733,0.004813643638044596,3.9835803508758545,0.014958463609218597,0.1933070890699081,0.6453357831055541,0.2995449719824236
26008,6269,42,spearman,15,1,0.7,,True,False,False,325.8417582417582,5,0.012534905582599874,0.0048368857242167,3.983675956726074,0.015037154778838158,0.1623580511480627,0.5419149880795374,0.299600591825546
26008,6269,42,spearman,15,1,0.7,,True,False,False,325.8417582417582,6,0.011638456672829176,0.005001314915716648,3.9821739196777344,0.014833842404186726,0.14966861518909363,0.49392075689742676,0.3030215132664945
26008,6269,42,spearman,15,1,0.7,,True,False,False,325.8417582417582,7,0.011106949041797114,0.005209258291870356,3.981466054916382,0.014665389433503151,0.14081548875003674,0.46328642833271216,0.3039490909684176
26008,6269,42,spearman,15,1,0.7,,True,False,False,325.8417582417582,8,0.01091784710297361,0.004889906849712133,3.98126220703125,0.013957446441054344,0.1388008840822139,0.4562777603776181,0.30420260669079574
26008,6269,42,spearman,15,1,0.7,,True,False,False,325.8417582417582,9,0.010531224277136582,0.004785946570336819,3.9807538986206055,0.01388174295425415,0.1356415422397575,0.43728889493158896,0.31018748431895937
26008,6269,42,spearman,15,1,0.7,,True,False,False,325.8417582417582,10,0.010178463940974325,0.004798808600753546,3.980443000793457,0.013956140726804733,0.13028837023609285,0.4162303649570654,0.3130198592051765
26008,6269,42,spearman,15,1,0.7,,True,False,False,325.8417582417582,11,0.00998255648716752,0.004619520623236895,3.9799349308013916,0.013631968759000301,0.1288588748929784,0.40571074312565875,0.31761267621338285
26008,6269,42,spearman,15,1,0.7,,True,False,False,325.8417582417582,12,0.009726146003231406,0.004462708253413439,3.977982759475708,0.013327592983841896,0.1244245312105083,0.38931403627092137,0.31959939693415623
26008,6269,42,spearman,15,1,0.7,,True,False,False,325.8417582417582,13,0.00941807876474091,0.00437559699639678,3.976404905319214,0.013357930816709995,0.11881414636111642,0.369032878113065,0.3219608696339299
26008,6269,42,spearman,15,1,0.7,,True,False,False,325.8417582417582,14,0.009120925695502333,0.004357068333774805,3.9749362468719482,0.013225319795310497,0.11292486493491975,0.3490136899257883,0.32355425644938945
26008,6269,42,spearman,15,1,0.7,,True,False,False,325.8417582417582,15,0.008956721626288657,0.004259319510310888,3.9732654094696045,0.01312627736479044,0.11057412482588753,0.3399594581830082,0.32525679802100876
26008,6269,42,spearman,15,1,0.7,,True,False,False,325.8417582417582,16,0.008775810228793748,0.004245392978191376,3.9706647396087646,0.013246564194560051,0.10914206507984102,0.3276091566531738,0.33314717511101816
26008,6269,42,spearman,15,1,0.7,,True,False,False,325.8417582417582,17,0.008635974006860383,0.004176493734121323,3.9688549041748047,0.01317625492811203,0.1070980828705522,0.3230411491682893,0.33153077602020165
26008,6269,42,spearman,15,1,0.7,,True,False,False,325.8417582417582,18,0.008540847455151379,0.003767805639654398,3.9673643112182617,0.013138418085873127,0.10735473723942378,0.3208908084076822,0.3345522352971178
26008,6269,42,spearman,15,1,0.7,,True,False,False,325.8417582417582,19,0.008236091725328671,0.004118408542126417,3.9642715454101562,0.013175373896956444,0.10069754395634535,0.300330512326047,0.33528908926406403
26008,6269,42,spearman,15,1,0.7,,True,False,False,325.8417582417582,20,0.008287820066990597,0.003661561757326126,3.9621925354003906,0.013293181546032429,0.1076390345276432,0.31231085466740255,0.3446535172206212
26008,6269,42,spearman,15,1,0.7,,True,False,False,325.8417582417582,21,0.007999639492481947,0.0038968923036009073,3.959500789642334,0.013308852910995483,0.099922359728765,0.2939460134181213,0.3399343932802084
26008,6269,42,spearman,15,1,0.7,,True,False,False,325.8417582417582,22,0.008038427281592573,0.0034726138692349195,3.95689058303833,0.013223564252257347,0.1063777199318831,0.30387814172440564,0.3500670345286287
26008,6269,42,spearman,15,1,0.7,,True,False,False,325.8417582417582,23,0.007776491102829043,0.003890094580128789,3.954322099685669,0.013260215520858765,0.0989624611817026,0.28910605182152055,0.34230504881459456
26008,6269,42,spearman,15,1,0.7,,True,False,False,325.8417582417582,24,0.007937605027109385,0.0029108994640409946,3.9498167037963867,0.013256080448627472,0.11220108767223072,0.3082601255473839,0.36398183992376226
26008,6269,42,spearman,15,1,0.7,,True,False,False,325.8417582417582,25,0.007276057980821601,0.0045733461156487465,3.9479384422302246,0.013332817703485489,0.08826940844420854,0.24969847467366926,0.35350399540571587
26008,6269,42,spearman,15,1,0.7,,True,False,False,325.8417582417582,26,0.007946014603865998,0.0026822728104889393,3.9453487396240234,0.013227205723524094,0.11443569853219712,0.319442616239054,0.3582355412660446
26008,6269,42,spearman,15,1,0.7,,True,False,False,325.8417582417582,27,0.007333802782730865,0.003049831837415695,3.942077398300171,0.013348315842449665,0.09428850014020586,0.26392498480614807,0.3572549230574103
26008,6269,42,spearman,15,1,0.7,,True,False,False,325.8417582417582,28,0.007364902961333948,0.0019954554736614227,3.9383974075317383,0.013380142860114574,0.10100080377610968,0.26717514034195444,0.37803219134258476
26008,6269,42,spearman,15,1,0.7,,True,False,False,325.8417582417582,29,0.006622440331349415,0.0027327872812747955,3.9369137287139893,0.01351146586239338,0.06838739092969014,0.18591165415413177,0.36784886477651957
26008,6269,42,spearman,15,1,0.7,,True,False,False,325.8417582417582,30,0.0069838718544425705,0.0021780116949230433,3.933295965194702,0.01356344111263752,0.0971682740741892,0.24377541320295387,0.3985975156276063
26008,6269,42,spearman,15,1,0.7,,True,False,False,325.8417582417582,31,0.006501584654740457,0.003526024054735899,3.9326484203338623,0.013765557669103146,0.072172924709893,0.1867971451849467,0.3863705981054939
26008,6269,42,spearman,15,1,0.7,,True,False,False,325.8417582417582,32,0.00731406537150698,0.0024018902331590652,3.928858518600464,0.013311564922332764,0.11680939629642624,0.2908225703221633,0.40165175683107107
26008,6269,42,spearman,15,1,0.7,,True,False,False,325.8417582417582,33,0.006752134192668434,0.0028807292692363262,3.928788423538208,0.013441367074847221,0.08610337373535715,0.2274946865945662,0.37848520782566386
26008,6269,42,spearman,15,1,0.7,,True,False,False,325.8417582417582,34,0.006940774794202298,0.002146485261619091,3.924285650253296,0.013264060020446777,0.10520486577304526,0.26053299087306353,0.4038063103643531
26008,6269,42,spearman,15,1,0.7,,True,False,False,325.8417582417582,35,0.006487579193032745,0.0024890012573450804,3.9238574504852295,0.013637999072670937,0.07304901556696798,0.19691335216255704,0.3709703520068724
26008,6269,42,spearman,15,1,0.7,,True,False,False,325.8417582417582,36,0.0069536906750207505,0.0022021085023880005,3.918013334274292,0.013719670474529266,0.11030248813073198,0.2698831952824376,0.40870454351516683
26008,6269,42,spearman,15,1,0.7,,True,False,False,325.8417582417582,37,0.006437973526772112,0.0035043347161263227,3.9211881160736084,0.014658068306744099,0.07422243710160388,0.20069900792601722,0.3698196511693488
26008,6269,42,spearman,15,1,0.7,,True,False,False,325.8417582417582,38,0.007676172976581646,0.002348429523408413,3.913094997406006,0.014080722816288471,0.12294557987591175,0.3084493159888613,0.3985924866824894
26008,6269,42,spearman,15,1,0.7,,True,False,False,325.8417582417582,39,0.006769962837487193,0.002030877396464348,3.9131827354431152,0.014204440638422966,0.09862539144319196,0.25627078184251817,0.3848483652085385
26008,6269,42,spearman,15,1,0.7,,True,False,False,325.8417582417582,40,0.005654731507612658,0.0021062337327748537,3.908555746078491,0.01442647073417902,0.0559578518480795,0.13841387512110034,0.40427920827096897
26008,6269,42,spearman,15,1,0.7,,True,False,False,325.8417582417582,41,0.0054205162658555696,0.00263369083404541,3.9065940380096436,0.014840448275208473,0.05340747232977622,0.1328953112827213,0.4018762724875624
26008,6269,42,spearman,15,1,0.7,,True,False,False,325.8417582417582,42,0.005524739564862102,0.002766295103356242,3.9046342372894287,0.014797576703131199,0.06418148121557955,0.1556643505425483,0.41230687046501563
26008,6269,42,spearman,15,1,0.7,,True,False,False,325.8417582417582,43,0.005739803010198686,0.002163497731089592,3.903282642364502,0.014643889851868153,0.08417291648888978,0.20660969187705117,0.40740061961164825
26008,6269,42,spearman,15,1,0.7,,True,False,False,325.8417582417582,44,0.005406130658229813,0.0023807480465620756,3.9022960662841797,0.014756597578525543,0.06290687456074821,0.15831774791694395,0.3973456885791025
26008,6269,42,spearman,15,1,0.7,,True,False,False,325.8417582417582,45,0.00549296268893938,0.0024867206811904907,3.9019246101379395,0.015288423746824265,0.06672635387629837,0.16691036729888922,0.39977357282073783
26008,6269,42,spearman,15,1,0.7,,True,False,False,325.8417582417582,46,0.005146573314310184,0.0035164495930075645,3.898817539215088,0.015140501782298088,0.06148521787495461,0.14757240463806712,0.41664441279069264
26008,6269,42,spearman,15,1,0.7,,True,False,False,325.8417582417582,47,0.0058081143735242745,0.002308168448507786,3.8970603942871094,0.014907313510775566,0.0995530031102313,0.2504577696339662,0.39748418767493804
26008,6269,42,spearman,15,1,0.7,,True,False,False,325.8417582417582,48,0.00533795401237772,0.0029933906625956297,3.8963935375213623,0.01503120269626379,0.07540148370123857,0.185198507655417,0.40713872187957645
26008,6269,42,spearman,15,1,0.7,,True,False,False,325.8417582417582,49,0.006350636873061636,0.003106439486145973,3.898059129714966,0.015656106173992157,0.08364448150082585,0.21068306484691296,0.39701568591289854
26008,6269,42,spearman,15,1,0.7,,True,False,False,325.8417582417582,50,0.007403438611488257,0.004005203954875469,3.888248920440674,0.015458038076758385,0.1187082159502814,0.2814507135145336,0.42177265947392867
26008,6269,42,spearman,15,1,0.7,,True,False,False,325.8417582417582,51,0.00761893712582865,0.002556807594373822,3.8896894454956055,0.014986562542617321,0.1464559268518764,0.38590909998757655,0.37950887101706515
26008,6269,42,spearman,15,1,0.7,,True,False,False,325.8417582417582,52,0.005915601845897202,0.0032429636921733618,3.891205072402954,0.015067331492900848,0.0831138238002753,0.21939413625654178,0.3788333873367968
26008,6269,42,spearman,15,1,0.7,,True,False,False,325.8417582417582,53,0.008321014087414369,0.013000509701669216,3.8952224254608154,0.014614087529480457,0.11993709692941402,0.33734410398017045,0.3555334019891706
26008,6269,42,spearman,15,1,0.7,,True,False,False,325.8417582417582,54,0.009394193824846298,0.027052368968725204,3.8894803524017334,0.015920400619506836,0.13386602619393898,0.3096602910554558,0.4322996201328674
26008,6269,42,spearman,15,1,0.7,,True,False,False,325.8417582417582,55,0.01914468445050131,0.002003628760576248,3.873257637023926,0.01546436920762062,0.32167854006132235,0.7158809686754257,0.4493464055289327
26008,6269,42,spearman,15,1,0.7,,True,False,False,325.8417582417582,56,0.008288849760512156,0.0035512594040483236,3.874582290649414,0.01393782626837492,0.09963485483708502,0.2996243812048939,0.3325325343554689
26008,6269,42,spearman,15,1,0.7,,True,False,False,325.8417582417582,57,0.00633151875808835,0.0030995337292551994,3.8653688430786133,0.013204976916313171,0.07159719981399681,0.20471762189454976,0.3497363790720804
26008,6269,42,spearman,15,1,0.7,,True,False,False,325.8417582417582,58,0.0059842026177128515,0.0019860195461660624,3.8517513275146484,0.013054562732577324,0.06763498453208264,0.18896447008453884,0.35792434684396596
26008,6269,42,spearman,15,1,0.7,,True,False,False,325.8417582417582,59,0.005721232587737697,0.0044129085727036,3.846562623977661,0.012760394252836704,0.05680150979618503,0.14550704188458158,0.39036949043916713
26008,6269,42,spearman,15,1,0.7,,True,False,False,325.8417582417582,60,0.007087330217473209,0.002110088709741831,3.8357748985290527,0.01253911666572094,0.0941453244421456,0.26687307316609915,0.3527719125983074
26008,6269,42,spearman,15,1,0.7,,True,False,False,325.8417582417582,61,0.005621747496271772,0.002839124295860529,3.835340738296509,0.012151418253779411,0.06465906050453062,0.19021689954422064,0.3399227968656859
26008,6269,42,spearman,15,1,0.7,,True,False,False,325.8417582417582,62,0.005137295462191105,0.006285347975790501,3.8312935829162598,0.012787319719791412,0.05661730230488428,0.1535973887516176,0.3686084950055468
26008,6269,42,spearman,15,1,0.7,,True,False,False,325.8417582417582,63,0.008222289903122666,0.0031853714026510715,3.824624538421631,0.012388896197080612,0.15406313768537663,0.38335637408675666,0.40187968193300216
26008,6269,42,spearman,15,1,0.7,,True,False,False,325.8417582417582,64,0.00853175831226898,0.009253268130123615,3.833815574645996,0.011993375606834888,0.09134569152376758,0.2876237981925753,0.31758739053397284
26008,6269,42,spearman,15,1,0.7,,True,False,False,325.8417582417582,65,0.008528200136165,0.009826822206377983,3.8310179710388184,0.013223869726061821,0.10297697761809714,0.28507615714052725,0.36122620232660774
26008,6269,42,spearman,15,1,0.7,,True,False,False,325.8417582417582,66,0.011749416764359921,0.0019244265276938677,3.8177309036254883,0.011856138706207275,0.18484658140021035,0.46167491353310186,0.40038255487008734
26008,6269,42,spearman,15,1,0.7,,True,False,False,325.8417582417582,67,0.006240200218079346,0.005770023912191391,3.820504903793335,0.010539010167121887,0.06041933633733979,0.17540136321685693,0.34446332245602945
26008,6269,42,spearman,15,1,0.7,,True,False,False,325.8417582417582,68,0.006060088427537786,0.0033300805371254683,3.8152949810028076,0.011065317317843437,0.06898025334238035,0.2108417209552636,0.32716605152682005
26008,6269,42,spearman,15,1,0.7,,True,False,False,325.8417582417582,69,0.006012273594803576,0.00211942195892334,3.8045313358306885,0.010774505324661732,0.08421618607919255,0.23648079264608457,0.3561227325758915
26008,6269,42,spearman,15,1,0.7,,True,False,False,325.8417582417582,70,0.004872908275241831,0.005299451760947704,3.804492473602295,0.011154375970363617,0.05129631428296983,0.14276391683302095,0.3593086784149215
26008,6269,42,spearman,15,1,0.7,,True,False,False,325.8417582417582,71,0.006030994168083582,0.0023604868911206722,3.7983736991882324,0.012037819251418114,0.07251198572421035,0.22535624834567242,0.3217660315886291
26008,6269,42,spearman,15,1,0.7,,True,False,False,325.8417582417582,72,0.0052781455451622605,0.002472345717251301,3.7931697368621826,0.010864142328500748,0.07319527419419249,0.18208171689297498,0.4019913445610447
26008,6269,42,spearman,15,1,0.7,,True,False,False,325.8417582417582,73,0.0071813948868241695,0.010074791498482227,3.804044008255005,0.01106204092502594,0.08340306884398764,0.24034947377425078,0.34700749510264084
26008,6269,42,spearman,15,1,0.7,,True,False,False,325.8417582417582,74,0.007744040157246802,0.0030617110896855593,3.802105665206909,0.011835802346467972,0.09997591570790325,0.3082994350149093,0.32428186481348614
26008,6269,42,spearman,15,1,0.7,,True,False,False,325.8417582417582,75,0.006263260031118989,0.002389955800026655,3.785053014755249,0.011561076156795025,0.08836499161058789,0.24272500699998936,0.364053925478835
26008,6269,42,spearman,15,1,0.7,,True,False,False,325.8417582417582,76,0.005106596525625459,0.007725527510046959,3.7813491821289062,0.011632151901721954,0.06191884013717173,0.17158873449811232,0.3608560918519511
26008,6269,42,spearman,15,1,0.7,,True,False,False,325.8417582417582,77,0.0060432277885930875,0.002739070216193795,3.77591609954834,0.012089535593986511,0.08946094319407272,0.26724912392727307,0.3347473768261374
26008,6269,42,spearman,15,1,0.7,,True,False,False,325.8417582417582,78,0.00611507856852508,0.002628681715577841,3.7662134170532227,0.011379439383745193,0.10593604919317791,0.25296641080804816,0.41877516012647154
26008,6269,42,spearman,15,1,0.7,,True,False,False,325.8417582417582,79,0.006839962634590587,0.01035924069583416,3.782379388809204,0.011681050062179565,0.07529827735597103,0.23750181476862067,0.3170429557728271
26008,6269,42,spearman,15,1,0.7,,True,False,False,325.8417582417582,80,0.007801510776127023,0.003004882950335741,3.7843151092529297,0.012407682836055756,0.08935765821925697,0.2993544477654548,0.29850118775910256
26008,6269,42,spearman,15,1,0.7,,True,False,False,325.8417582417582,81,0.005313426239549049,0.0027184158097952604,3.768267869949341,0.011408871971070766,0.07575834870608718,0.2221859546791731,0.34096821653347975
26008,6269,42,spearman,15,1,0.7,,True,False,False,325.8417582417582,82,0.0040750071057118475,0.003368816338479519,3.7575910091400146,0.011266081593930721,0.040358111192138425,0.1065721123909397,0.3786929834299766
26008,6269,42,spearman,15,1,0.7,,True,False,False,325.8417582417582,83,0.004020481420281742,0.002958322875201702,3.753122329711914,0.011656899936497211,0.048291531558640285,0.13870834256036232,0.3481516011719114
26008,6269,42,spearman,15,1,0.7,,True,False,False,325.8417582417582,84,0.004139655502513051,0.0024577442090958357,3.746428966522217,0.011683154851198196,0.058231997895979236,0.16340933572329594,0.3563566159661049
26008,6269,42,spearman,15,1,0.7,,True,False,False,325.8417582417582,85,0.004652445246132889,0.005942402873188257,3.7520339488983154,0.011884273961186409,0.053425702351109064,0.15088373747449021,0.3540852264465388
26008,6269,42,spearman,15,1,0.7,,True,False,False,325.8417582417582,86,0.004634529485234192,0.0029282772447913885,3.7463762760162354,0.01245410367846489,0.06668300626713683,0.21295063944228546,0.31313832370480543
26008,6269,42,spearman,15,1,0.7,,True,False,False,325.8417582417582,87,0.0047731297090649605,0.002763433149084449,3.73640513420105,0.010819658637046814,0.07615027461678935,0.20338510737433543,0.37441421153938487
26008,6269,42,spearman,15,1,0.7,,True,False,False,325.8417582417582,88,0.005251511548911887,0.00841593835502863,3.7447428703308105,0.010597389191389084,0.06935354116470831,0.20889761218841282,0.3319977688487108
26008,6269,42,spearman,15,1,0.7,,True,False,False,325.8417582417582,89,0.005522738235803055,0.0025442158803343773,3.738985300064087,0.010815785266458988,0.07875510246720833,0.2618191384209113,0.3007996395599529
26008,6269,42,spearman,15,1,0.7,,True,False,False,325.8417582417582,90,0.005184728411092822,0.002512702951207757,3.724705219268799,0.010610630735754967,0.09021207105111628,0.22772635413019368,0.396142428904583
26008,6269,42,spearman,15,1,0.7,,True,False,False,325.8417582417582,91,0.005269732675515115,0.008824886754155159,3.7378134727478027,0.010535004548728466,0.0631691527386224,0.19038453735763464,0.33179770592203217
26008,6269,42,spearman,15,1,0.7,,True,False,False,325.8417582417582,92,0.005865722828145538,0.0027050161734223366,3.7360000610351562,0.01087927632033825,0.07575810884067917,0.2641551478417032,0.28679399004478595
26008,6269,42,spearman,15,1,0.7,,True,False,False,325.8417582417582,93,0.004070738787829343,0.0028165034018456936,3.7191905975341797,0.010763073340058327,0.06254342520519839,0.18442623181759546,0.33912434575314143
26008,6269,42,spearman,15,1,0.7,,True,False,False,325.8417582417582,94,0.0031988623668439686,0.00382061954587698,3.7144501209259033,0.010621855035424232,0.03898574349651678,0.09714872894759931,0.4012995735347588
26008,6269,42,spearman,15,1,0.7,,True,False,False,325.8417582417582,95,0.0034000617950888617,0.00228857877664268,3.712322473526001,0.010774627327919006,0.050524988679852605,0.1517344643880855,0.33298294414045426
26008,6269,42,spearman,15,1,0.7,,True,False,False,325.8417582417582,96,0.002971462190284261,0.0024853653740137815,3.7100822925567627,0.010787984356284142,0.04241615693906412,0.10682018039810444,0.3970799972494685
26008,6269,42,spearman,15,1,0.7,,True,False,False,325.8417582417582,97,0.0032080120540090968,0.005070516373962164,3.7139341831207275,0.010916058905422688,0.04437707848459232,0.11364833764406838,0.39047714558909785
26008,6269,42,spearman,15,1,0.7,,True,False,False,325.8417582417582,98,0.0038116384197824766,0.0025619687512516975,3.7084505558013916,0.010959499515593052,0.06398439987363018,0.202074442450435,0.3166377652582547
26008,6269,42,spearman,15,1,0.7,,True,False,False,325.8417582417582,99,0.0032004162037212935,0.002809603465721011,3.7059757709503174,0.010715176351368427,0.04988874205574808,0.13085556495147518,0.381250442607213
26008,6269,42,spearman,15,1,0.7,,True,False,False,325.8417582417582,100,0.004502465316493597,0.00638960488140583,3.71500563621521,0.010898961685597897,0.05713573695767283,0.14132083934483852,0.40429803008635545
26008,6269,42,spearman,15,1,0.7,,True,False,False,325.8417582417582,101,0.0038483964412340094,0.0024109347723424435,3.710625171661377,0.010669128969311714,0.0662789283009008,0.20771612820363747,0.31908416969723324
26008,6269,42,spearman,15,1,0.7,,True,False,False,325.8417582417582,102,0.002535407506262085,0.0032678230199962854,3.7018587589263916,0.010522488504648209,0.033698448584393303,0.08655852656158501,0.38931402742892207
26008,6269,42,spearman,15,1,0.7,,True,False,False,325.8417582417582,103,0.002641308986182724,0.0023859981447458267,3.7001471519470215,0.01052187941968441,0.04200167986576441,0.11371223530091266,0.36936816653236554
26008,6269,42,spearman,15,1,0.7,,True,False,False,325.8417582417582,104,0.0023853914795576464,0.0030907518230378628,3.700192451477051,0.010500403121113777,0.03539615769908299,0.08178218016017516,0.4328101504426116
26008,6269,42,spearman,15,1,0.7,,True,False,False,325.8417582417582,105,0.0023637757195891546,0.0024143194314092398,3.6992316246032715,0.010550592094659805,0.037787168641192866,0.10091135791398856,0.37445902445417656
26008,6269,42,spearman,15,1,0.7,,True,False,False,325.8417582417582,106,0.0021690393249238177,0.0028694134671241045,3.698347568511963,0.010494053363800049,0.03191340242475415,0.07241552544612938,0.4406983478709154
26008,6269,42,spearman,15,1,0.7,,True,False,False,325.8417582417582,107,0.0021796679232336047,0.002405919134616852,3.6981594562530518,0.01050649769604206,0.03466382904818124,0.08623072931541172,0.4019892829734411
26008,6269,42,spearman,15,1,0.7,,True,False,False,325.8417582417582,108,0.0020624150638468564,0.002829122357070446,3.6979475021362305,0.010464422404766083,0.030922549545460302,0.06965210966771933,0.4439571133241292
26008,6269,42,spearman,15,1,0.7,,True,False,False,325.8417582417582,109,0.0020753084598774357,0.002388715511187911,3.697760820388794,0.010480760596692562,0.03303324117035079,0.0815028223581823,0.40530180690888895
26008,6269,42,spearman,15,1,0.7,,True,False,False,325.8417582417582,110,0.0019694650961485293,0.002777685644105077,3.697404384613037,0.010424257256090641,0.030172112887629755,0.06868552171017554,0.4392790814708272
26008,6269,42,spearman,15,1,0.7,,True,False,False,325.8417582417582,111,0.001959028674588938,0.0024043116718530655,3.697031259536743,0.010422272607684135,0.03150789682504768,0.07679319513953706,0.41029542744491837
26008,6269,42,spearman,15,1,0.7,,True,False,False,325.8417582417582,112,0.0018736093271789806,0.002726940903812647,3.696593999862671,0.010380107909440994,0.02979792836780407,0.06669135525152718,0.44680346133279264
26008,6269,42,spearman,15,1,0.7,,True,False,False,325.8417582417582,113,0.0018669425044208765,0.0024106113705784082,3.696202516555786,0.01037804689258337,0.03082110124861903,0.07407419069119137,0.4160842117964318
26008,6269,42,spearman,15,1,0.7,,True,False,False,325.8417582417582,114,0.0018006700016225555,0.0027232433203607798,3.6962602138519287,0.010339261032640934,0.028900816858869752,0.06568286493483559,0.44000542435386214
26008,6269,42,spearman,15,1,0.7,,True,False,False,325.8417582417582,115,0.001792011915573052,0.002412073779851198,3.695607900619507,0.01033325307071209,0.030964708823729148,0.07399371839647617,0.41847753423330203
26008,6269,42,spearman,15,1,0.7,,True,False,False,325.8417582417582,116,0.0017351105593011848,0.0027713468298316,3.6957714557647705,0.010304643772542477,0.029066287663315832,0.06618375328256047,0.4391755713639116
26008,6269,42,spearman,15,1,0.7,,True,False,False,325.8417582417582,117,0.0017324606596957892,0.0024020217824727297,3.6949195861816406,0.010314295999705791,0.03088533369130208,0.07323569566458418,0.42172513568156206
26008,6269,42,spearman,15,1,0.7,,True,False,False,325.8417582417582,118,0.0016995603468136064,0.0028018930461257696,3.695603609085083,0.010299665853381157,0.029986025059939903,0.06790417566126675,0.4415932417629311
26008,6269,42,spearman,15,1,0.7,,True,False,False,325.8417582417582,119,0.0017265399926275546,0.0023862747475504875,3.694028854370117,0.010287979617714882,0.03262501361428463,0.07652125812786699,0.4263522897041485
26008,6269,42,spearman,15,1,0.7,,True,False,False,325.8417582417582,120,0.001794852752937004,0.002961339894682169,3.695481061935425,0.010300619527697563,0.034355977995472596,0.07844778651227337,0.4379470667366703
26008,6269,42,spearman,15,1,0.7,,True,False,False,325.8417582417582,121,0.0018229421485947178,0.002335574943572283,3.6930389404296875,0.010299880057573318,0.03678771087545845,0.0889271587952687,0.4136836414591717
26008,6269,42,spearman,15,1,0.7,,True,False,False,325.8417582417582,122,0.0019523052240921451,0.0033518727868795395,3.6950900554656982,0.010310489684343338,0.03992933903880008,0.10111137029675812,0.39490453864104547
26008,6269,42,spearman,15,1,0.7,,True,False,False,325.8417582417582,123,0.0018453264201525599,0.00228767073713243,3.6922738552093506,0.01035022921860218,0.03684400875926907,0.10338589483199587,0.35637365057182063
26008,6269,42,spearman,15,1,0.7,,True,False,False,325.8417582417582,124,0.0016785139617111003,0.0032321270555257797,3.69256854057312,0.010249951854348183,0.0332254539119386,0.09021427948466476,0.3682948431375345
26008,6269,42,spearman,15,1,0.7,,True,False,False,325.8417582417582,125,0.0016135941883216479,0.002312786178663373,3.6915791034698486,0.010295595973730087,0.03152661270485314,0.08784586507548149,0.35888556254076426
26008,6269,42,spearman,15,1,0.7,,True,False,False,325.8417582417582,126,0.0015017377882031724,0.0028714111540466547,3.691129207611084,0.010251158848404884,0.029240012172226958,0.07500653798211787,0.38983284602214496
26008,6269,42,spearman,15,1,0.7,,True,False,False,325.8417582417582,127,0.0014614301700411098,0.0024352846667170525,3.6911044120788574,0.01029881089925766,0.028513364106098053,0.069380549180275,0.4109705737785292
26008,6269,42,spearman,15,1,0.7,,True,False,False,325.8417582417582,128,0.0014496249807832231,0.0025075036101043224,3.690077543258667,0.010288593359291553,0.02876123443179781,0.06451163400444611,0.4458301959824761
26008,6269,42,spearman,15,1,0.7,,True,False,False,325.8417582417582,129,0.001583679107300538,0.003036396112293005,3.691948652267456,0.01033303514122963,0.03542747457452667,0.07959253765815176,0.44511050428171794
26008,6269,42,spearman,15,1,0.7,,True,False,False,325.8417582417582,130,0.0017684214066581003,0.0024018322583287954,3.6886649131774902,0.010325388982892036,0.040776843479582985,0.106970208202954,0.3811981313697745
26008,6269,42,spearman,15,1,0.7,,True,False,False,325.8417582417582,131,0.002162690947963191,0.00424061669036746,3.691664218902588,0.010298789478838444,0.0461450917566974,0.1382262160184622,0.3338374809464522
26008,6269,42,spearman,15,1,0.7,,True,False,False,325.8417582417582,132,0.0020058299705851823,0.0022732324432581663,3.688547372817993,0.010389011353254318,0.04221091906074915,0.13899537477584445,0.3036857818363979
26008,6269,42,spearman,15,1,0.7,,True,False,False,325.8417582417582,133,0.0016265754030817853,0.003114946885034442,3.6869914531707764,0.010238856077194214,0.03539243646477109,0.10453244904379674,0.3385784681042331
26008,6269,42,spearman,15,1,0.7,,True,False,False,325.8417582417582,134,0.0016263897850876674,0.0026865205727517605,3.688896417617798,0.010277130641043186,0.03788244852682076,0.09184565587898473,0.4124577059618582
26008,6269,42,spearman,15,1,0.7,,True,False,False,325.8417582417582,135,0.001578801533988943,0.0024842643178999424,3.684988021850586,0.010230977088212967,0.04003555688466509,0.09354952474209678,0.42796109327770154
26008,6269,42,spearman,15,1,0.7,,True,False,False,325.8417582417582,136,0.001445663380893945,0.0028153187595307827,3.686452627182007,0.010221188887953758,0.033192018124035855,0.07636930090874007,0.434625140319997
26008,6269,42,spearman,15,1,0.7,,True,False,False,325.8417582417582,137,0.00134793267144622,0.002542850561439991,3.686859369277954,0.010281781665980816,0.029238935460526392,0.06897976884850647,0.42387697071466174
26008,6269,42,spearman,15,1,0.7,,True,False,False,325.8417582417582,138,0.0012359179101102719,0.0025398049037903547,3.685534954071045,0.010285384953022003,0.024242551938332253,0.05483889329533339,0.4420685845597316
26008,6269,42,spearman,15,1,0.7,,True,False,False,325.8417582417582,139,0.0012126043438911438,0.002530030207708478,3.6853082180023193,0.010305107571184635,0.024363496357608823,0.055160741913722944,0.4416818105034582
26008,6269,42,spearman,15,1,0.7,,True,False,False,325.8417582417582,140,0.0011909938444400073,0.0025551191065460443,3.6853015422821045,0.0103226313367486,0.023415911171118305,0.0513312415212399,0.4561727025630789
26008,6269,42,spearman,15,1,0.7,,True,False,False,325.8417582417582,141,0.0011762218294149665,0.00252205366268754,3.6850674152374268,0.010339314118027687,0.0234720947537585,0.052540236297768876,0.4467451311083749
26008,6269,42,spearman,15,1,0.7,,True,False,False,325.8417582417582,142,0.0011623388719661826,0.002525538904592395,3.685028076171875,0.01034599170088768,0.022616620004283484,0.0501012897556332,0.4514179198608183
26008,6269,42,spearman,15,1,0.7,,True,False,False,325.8417582417582,143,0.0011508722579622241,0.0025096838362514973,3.684939384460449,0.010360386222600937,0.023093209630676317,0.05116667971563444,0.45133297213281254
26008,6269,42,spearman,15,1,0.7,,True,False,False,325.8417582417582,144,0.0011408973067383549,0.002517163287848234,3.684826374053955,0.010368093848228455,0.02231195164345743,0.04979377313405165,0.44808718517760276
26008,6269,42,spearman,15,1,0.7,,True,False,False,325.8417582417582,145,0.0011295599085445116,0.002493755193427205,3.684818744659424,0.010383494198322296,0.02265699227991933,0.05075859587517724,0.4463675932878403
26008,6269,42,spearman,15,1,0.7,,True,False,False,325.8417582417582,146,0.0011227389508608862,0.002526576165109873,3.6845924854278564,0.010389924980700016,0.021856350383084568,0.04902613758137264,0.44581016292303277
26008,6269,42,spearman,15,1,0.7,,True,False,False,325.8417582417582,147,0.001111655079252419,0.0024856782983988523,3.684574604034424,0.010408522561192513,0.02219523142091265,0.05038352469660997,0.44052557962395833
26008,6269,42,spearman,15,1,0.7,,True,False,False,325.8417582417582,148,0.001102051060505411,0.0025225093122571707,3.684365749359131,0.010412577539682388,0.02159183312915382,0.0481629964214766,0.44830751267538227
26008,6269,42,spearman,15,1,0.7,,True,False,False,325.8417582417582,149,0.0010900747344879033,0.002483772812411189,3.684349298477173,0.010428493842482567,0.021641743608664128,0.04962518118857195,0.4361040723658223
26008,6269,42,spearman,15,1,0.7,,True,False,False,325.8417582417582,150,0.001080980690728341,0.0025124785024672747,3.6841683387756348,0.010438560508191586,0.020998835674497694,0.04751073554616508,0.4419808582767916
26008,6269,42,spearman,15,1,0.7,,True,False,False,325.8417582417582,151,0.001070570781718873,0.0024754356127232313,3.684138536453247,0.010461447760462761,0.021454652524820615,0.04906706408558508,0.4372516050065916
26008,6269,42,spearman,15,1,0.7,,True,False,False,325.8417582417582,152,0.0010626556353859737,0.002515393076464534,3.6839616298675537,0.010472708381712437,0.020772528426058468,0.04691416971873114,0.4427772792347206
26008,6269,42,spearman,15,1,0.7,,True,False,False,325.8417582417582,153,0.0010513910778432287,0.002467462792992592,3.6838767528533936,0.010492521338164806,0.020893775985149365,0.04845539515550145,0.43119607048227665
26008,6269,42,spearman,15,1,0.7,,True,False,False,325.8417582417582,154,0.0010457904047923097,0.002516091102734208,3.68373966217041,0.010496178641915321,0.020816892116682004,0.046402347111239625,0.4486172233126349
26008,6269,42,spearman,15,1,0.7,,True,False,False,325.8417582417582,155,0.001035136659213874,0.0024606632068753242,3.6837329864501953,0.010516703128814697,0.020793753583143438,0.04807233439100548,0.4325513592408668
26008,6269,42,spearman,15,1,0.7,,True,False,False,325.8417582417582,156,0.0010297867338522337,0.0025079164188355207,3.6835179328918457,0.010519338771700859,0.02012251419104455,0.04595123958433777,0.4379101493807207
26008,6269,42,spearman,15,1,0.7,,True,False,False,325.8417582417582,157,0.001021763954798059,0.0024542114697396755,3.6836507320404053,0.010541681200265884,0.021243255405789096,0.04861548103269312,0.4369648300109668
26008,6269,42,spearman,15,1,0.7,,True,False,False,325.8417582417582,158,0.0010138785104832745,0.0025172194000333548,3.6833107471466064,0.010543673299252987,0.020023333047788257,0.045442379925698946,0.44063125831188843
26008,6269,42,spearman,15,1,0.7,,True,False,False,325.8417582417582,159,0.0010017951327816782,0.0024471289943903685,3.6833910942077637,0.010572107508778572,0.02061952231517936,0.04765686945932981,0.432666319644502
26008,6269,42,spearman,15,1,0.7,,True,False,False,325.8417582417582,160,0.0009964684343555877,0.0025100228376686573,3.6830663681030273,0.010574364103376865,0.019909867756985295,0.045165703635766975,0.4408182792214432
26008,6269,42,spearman,15,1,0.7,,True,False,False,325.8417582417582,161,0.0009879893602503995,0.002447480335831642,3.6832773685455322,0.010599352419376373,0.0209715537951955,0.04764828979812236,0.4401323506805438
26008,6269,42,spearman,15,1,0.7,,True,False,False,325.8417582417582,162,0.0009881006153591443,0.0025040432810783386,3.682748794555664,0.01059841737151146,0.020159273415493947,0.045372761505191005,0.44430342668790973
26008,6269,42,spearman,15,1,0.7,,True,False,False,325.8417582417582,163,0.000978829955004455,0.00246102805249393,3.6830904483795166,0.010629174299538136,0.021061278228420653,0.04747233780844078,0.4436536981381232
26008,6269,42,spearman,15,1,0.7,,True,False,False,325.8417582417582,164,0.0009752299982730099,0.0024766435381025076,3.682450532913208,0.010630641132593155,0.020193063232531467,0.045868466932923416,0.44023845971614706
26008,6269,42,spearman,15,1,0.7,,True,False,False,325.8417582417582,165,0.0009732780818012543,0.0024932618252933025,3.6829023361206055,0.010660804808139801,0.02197051112871576,0.04846964583759355,0.45328392127887024
26008,6269,42,spearman,15,1,0.7,,True,False,False,325.8417582417582,166,0.0009714469706523232,0.0024341761600226164,3.682180881500244,0.010662665590643883,0.021138743085211232,0.04751041804739616,0.444928585214266
26008,6269,42,spearman,15,1,0.75,,True,False,False,104.54945054945055,1,0.09254517180046865,0.014995095320045948,3.9610416889190674,0.011708241887390614,0.7509085705348733,2.3635387712755027,0.31770520528813734
26008,6269,42,spearman,15,1,0.75,,True,False,False,104.54945054945055,2,0.02379501604342035,0.007510564289987087,3.985062599182129,0.01514064148068428,0.3146842113400793,1.0276888169243839,0.30620573675360635
26008,6269,42,spearman,15,1,0.75,,True,False,False,104.54945054945055,3,0.019602647982537746,0.003920095972716808,3.983804702758789,0.014167308807373047,0.27729504695549073,0.9129511319412915,0.30373481915242184
26008,6269,42,spearman,15,1,0.75,,True,False,False,104.54945054945055,4,0.01332630218738424,0.005483846180140972,3.9826838970184326,0.013352077454328537,0.1777689360631292,0.5947340834126112,0.29890490728694086
26008,6269,42,spearman,15,1,0.75,,True,False,False,104.54945054945055,5,0.012383639230392873,0.006102157291024923,3.982954978942871,0.013822663575410843,0.16018998874752202,0.5364699574009664,0.2986001108492546
26008,6269,42,spearman,15,1,0.75,,True,False,False,104.54945054945055,6,0.012476520471474422,0.004678020253777504,3.98183012008667,0.014242667704820633,0.165034180486543,0.5437806596273385,0.3034940238575974
26008,6269,42,spearman,15,1,0.75,,True,False,False,104.54945054945055,7,0.011348074967307704,0.004716617986559868,3.981193780899048,0.01418668869882822,0.14777641621247578,0.4864052182253361,0.3038133857842616
26008,6269,42,spearman,15,1,0.75,,True,False,False,104.54945054945055,8,0.010536778651710068,0.005168099422007799,3.9794490337371826,0.014246571809053421,0.13229102255644512,0.43498670771031284,0.304126586424895
26008,6269,42,spearman,15,1,0.75,,True,False,False,104.54945054945055,9,0.01049358258023858,0.004935508593916893,3.9783031940460205,0.013144096359610558,0.13374177584231922,0.43575770194709035,0.3069177555426231
26008,6269,42,spearman,15,1,0.75,,True,False,False,104.54945054945055,10,0.0103352544995557,0.004327265080064535,3.9785752296447754,0.01294280868023634,0.136505006464489,0.43597144302691887,0.3131053848766591
26008,6269,42,spearman,15,1,0.75,,True,False,False,104.54945054945055,11,0.009711974192344184,0.004607629030942917,3.9793574810028076,0.01374894380569458,0.12678512550934545,0.3965247856285309,0.31974073274652626
26008,6269,42,spearman,15,1,0.75,,True,False,False,104.54945054945055,12,0.009485239686910063,0.004563497379422188,3.978426694869995,0.0136169558390975,0.12230454587120673,0.38270153965310777,0.3195820585977984
26008,6269,42,spearman,15,1,0.75,,True,False,False,104.54945054945055,13,0.00934822266987924,0.0043232496827840805,3.9764816761016846,0.013398264534771442,0.12152194990061446,0.37654549430505074,0.32272846638245306
26008,6269,42,spearman,15,1,0.75,,True,False,False,104.54945054945055,14,0.009051836694457702,0.004269407596439123,3.9739749431610107,0.013381251133978367,0.1156534745014335,0.3568816998252694,0.324066699294847
26008,6269,42,spearman,15,1,0.75,,True,False,False,104.54945054945055,15,0.008769062738532998,0.004406527616083622,3.9713704586029053,0.013423185795545578,0.1111147846871219,0.33798569814979,0.32875587723107974
26008,6269,42,spearman,15,1,0.75,,True,False,False,104.54945054945055,16,0.008718545365679477,0.004098633304238319,3.9693548679351807,0.013386029750108719,0.11169614807766333,0.3418081309983873,0.3267802546156035
26008,6269,42,spearman,15,1,0.75,,True,False,False,104.54945054945055,17,0.008530328258140278,0.004447519313544035,3.9672675132751465,0.013202695176005363,0.11072028230251194,0.3331196623659891,0.33237390286657514
26008,6269,42,spearman,15,1,0.75,,True,False,False,104.54945054945055,18,0.008529976925014384,0.003391192527487874,3.965165615081787,0.013345311395823956,0.11294808445715024,0.3360000020830159,0.3361550111803508
26008,6269,42,spearman,15,1,0.75,,True,False,False,104.54945054945055,19,0.007888092060706444,0.0047867875546216965,3.961087226867676,0.01336135808378458,0.09688401748310185,0.2869824450027842,0.33759562359929135
26008,6269,42,spearman,15,1,0.75,,True,False,False,104.54945054945055,20,0.008420844736974686,0.003079394344240427,3.959432363510132,0.013264402747154236,0.11801966335113924,0.34191138668278453,0.34517617121739586
26008,6269,42,spearman,15,1,0.75,,True,False,False,104.54945054945055,21,0.007639676324158374,0.004225343000143766,3.9565696716308594,0.013449129648506641,0.09521200385061834,0.27788357968072447,0.34263270956733016
26008,6269,42,spearman,15,1,0.75,,True,False,False,104.54945054945055,22,0.007877712204520191,0.0028729408513754606,3.9527883529663086,0.013468960300087929,0.11131642662754006,0.3103313470740761,0.35870184458230103
26008,6269,42,spearman,15,1,0.75,,True,False,False,104.54945054945055,23,0.0073393089530457345,0.003082691691815853,3.950019121170044,0.013296183198690414,0.09444519820532563,0.2703800559118269,0.3493053431269933
26008,6269,42,spearman,15,1,0.75,,True,False,False,104.54945054945055,24,0.007196840214809137,0.0025257994420826435,3.9465465545654297,0.013102822005748749,0.09870903707111481,0.26362199602851843,0.37443399472653305
26008,6269,42,spearman,15,1,0.75,,True,False,False,104.54945054945055,25,0.006861252136461969,0.002076375298202038,3.9458963871002197,0.01318415068089962,0.08647781304279133,0.23190051930425276,0.3729090961153036
26008,6269,42,spearman,15,1,0.75,,True,False,False,104.54945054945055,26,0.006401337691516217,0.0022417258005589247,3.943721294403076,0.013291740790009499,0.06874571681902061,0.1815370049163841,0.3786870718193582
26008,6269,42,spearman,15,1,0.75,,True,False,False,104.54945054945055,27,0.0063249645255772135,0.0021031030919402838,3.941416025161743,0.013287216424942017,0.07552873529041702,0.18440655700269376,0.40957727597996496
26008,6269,42,spearman,15,1,0.75,,True,False,False,104.54945054945055,28,0.006057020114634984,0.0023024347610771656,3.941035747528076,0.013316209428012371,0.0629813064554456,0.15791240004571788,0.39883699086843577
26008,6269,42,spearman,15,1,0.75,,True,False,False,104.54945054945055,29,0.006034550872365279,0.0023734578862786293,3.9384047985076904,0.01313026063144207,0.07275236714154046,0.18135165610253443,0.40116737119845114
26008,6269,42,spearman,15,1,0.75,,True,False,False,104.54945054945055,30,0.006020228744351438,0.0021658975165337324,3.937216281890869,0.0129338838160038,0.07836452636314917,0.19863096700124808,0.39452320826823667
26008,6269,42,spearman,15,1,0.75,,True,False,False,104.54945054945055,31,0.005856934943169888,0.0021032681688666344,3.9354889392852783,0.013150695711374283,0.07577305263853971,0.1877797979309131,0.40352079123023765
26008,6269,42,spearman,15,1,0.75,,True,False,False,104.54945054945055,32,0.00568640064115503,0.00214321818202734,3.9344253540039062,0.01324413064867258,0.0697621082730717,0.16694811148722502,0.41786701060102777
26008,6269,42,spearman,15,1,0.75,,True,False,False,104.54945054945055,33,0.005579300149942615,0.002123757964000106,3.9332988262176514,0.013686327263712883,0.0693335785821171,0.16265977303463913,0.4262490798319628
26008,6269,42,spearman,15,1,0.75,,True,False,False,104.54945054945055,34,0.005389918914131288,0.0020850352011621,3.9327056407928467,0.013277450576424599,0.06814538553618392,0.16172456348515982,0.4213669467842819
26008,6269,42,spearman,15,1,0.75,,True,False,False,104.54945054945055,35,0.005326518755672234,0.002139665884897113,3.932487964630127,0.013193825259804726,0.06846861658420977,0.16226465736448992,0.42195643645300374
26008,6269,42,spearman,15,1,0.75,,True,False,False,104.54945054945055,36,0.005205450454793338,0.002251590136438608,3.9309818744659424,0.01312681008130312,0.06877405582837894,0.15545990387202746,0.4423909581505366
26008,6269,42,spearman,15,1,0.75,,True,False,False,104.54945054945055,37,0.005013255468968835,0.002222664188593626,3.929534912109375,0.012634441256523132,0.06233758307636803,0.1418376801412701,0.4394994546853868
26008,6269,42,spearman,15,1,0.75,,True,False,False,104.54945054945055,38,0.004801616230646947,0.0023885383270680904,3.9285671710968018,0.012754254043102264,0.05975432905680216,0.13560396317557075,0.4406532645288227
26008,6269,42,spearman,15,1,0.75,,True,False,False,104.54945054945055,39,0.004862778437589961,0.0031128053087741137,3.9271128177642822,0.012737651355564594,0.06932977263970595,0.15505352951499587,0.44713443709485917
26008,6269,42,spearman,15,1,0.75,,True,False,False,104.54945054945055,40,0.005213467188046447,0.003235589014366269,3.924560785293579,0.012771192006766796,0.09654467332706539,0.22919761674724795,0.42122895820993916
26008,6269,42,spearman,15,1,0.75,,True,False,False,104.54945054945055,41,0.005960072739981115,0.0026897466741502285,3.921680450439453,0.012095686979591846,0.11720912462112747,0.3047796514952123,0.38457004608322454
26008,6269,42,spearman,15,1,0.75,,True,False,False,104.54945054945055,42,0.005735480209945568,0.002485174685716629,3.920114278793335,0.013537636026740074,0.1057996674248745,0.27865022625105645,0.37968627855759257
26008,6269,42,spearman,15,1,0.75,,True,False,False,104.54945054945055,43,0.0050031702183852235,0.0023523359559476376,3.9169156551361084,0.013773936778306961,0.09262968239870703,0.22134668150506856,0.4184823633606969
26008,6269,42,spearman,15,1,0.75,,True,False,False,104.54945054945055,44,0.005071993409988603,0.0031653076875954866,3.9137728214263916,0.013906572014093399,0.10829717667610639,0.21489297642606414,0.5039586610819877
26008,6269,42,spearman,15,1,0.75,,True,False,False,104.54945054945055,45,0.005485099141619035,0.00389282638207078,3.914217710494995,0.014227816835045815,0.09467761814302797,0.24389892993129283,0.38818381929478246
26008,6269,42,spearman,15,1,0.75,,True,False,False,104.54945054945055,46,0.0065900952156100956,0.003849957138299942,3.914560556411743,0.014299209229648113,0.10951027803750357,0.31533404959682165,0.34728339098544364
26008,6269,42,spearman,15,1,0.75,,True,False,False,104.54945054945055,47,0.00593770292055394,0.006317113991826773,3.91098952293396,0.01470462791621685,0.09214577905279989,0.24724199952290732,0.3726946846823642
26008,6269,42,spearman,15,1,0.75,,True,False,False,104.54945054945055,48,0.007207283675338009,0.0035777168814092875,3.903883218765259,0.014447798952460289,0.13177605950233712,0.3574994074414975,0.36860497320833413
26008,6269,42,spearman,15,1,0.75,,True,False,False,104.54945054945055,50,0.0051995070243719965,0.004500850569456816,3.893198013305664,0.011982416734099388,0.09595469197915793,0.2073169758819986,0.46284049615556283
26008,6269,42,spearman,15,1,0.75,,True,False,False,104.54945054945055,51,0.016855362249771133,0.005007884930819273,3.896123170852661,0.012113794684410095,0.18585099172076283,0.5974950054466389,0.31105028498359516
26008,6269,42,spearman,15,1,0.75,,True,False,False,104.54945054945055,52,0.006825589400250465,0.011499890126287937,3.8948965072631836,0.01260840892791748,0.0935893563908131,0.2446559675636773,0.3825345333792923
26008,6269,42,spearman,15,1,0.75,,True,False,False,104.54945054945055,53,0.01056553132366389,0.00403654295951128,3.8868930339813232,0.012130295857787132,0.1785452892217298,0.4569690625355668,0.3907163610390858
26008,6269,42,spearman,15,1,0.75,,True,False,False,104.54945054945055,54,0.009877947242265301,0.0025554506573826075,3.881110668182373,0.012614065781235695,0.1953825314382045,0.4477358238904688,0.4363790454381092
26008,6269,42,spearman,15,1,0.75,,True,False,False,104.54945054945055,55,0.006731967075860926,0.004004475194960833,3.8832359313964844,0.011838996782898903,0.08312770869460986,0.2307365872533849,0.3602710332322041
26008,6269,42,spearman,15,1,0.75,,True,False,False,104.54945054945055,56,0.006179022103814142,0.0024216054007411003,3.8719522953033447,0.011762231588363647,0.08809294308801227,0.24246010911972396,0.3633296355737829
26008,6269,42,spearman,15,1,0.75,,True,False,False,104.54945054945055,57,0.00584776997233608,0.0023974315263330936,3.8638362884521484,0.011640777811408043,0.09921779668302907,0.2251707928641958,0.44063350943755974
26008,6269,42,spearman,15,1,0.75,,True,False,False,104.54945054945055,58,0.00889023472388674,0.006215166300535202,3.868037223815918,0.012128094211220741,0.1080692040549945,0.32068090639672364,0.33699918485624447
26008,6269,42,spearman,15,1,0.75,,True,False,False,104.54945054945055,59,0.0062853872243847165,0.014285256154835224,3.8574821949005127,0.012877296656370163,0.08473539206061821,0.20766651047547338,0.4080359026893646
26008,6269,42,spearman,15,1,0.75,,True,False,False,104.54945054945055,60,0.012492884474340826,0.002458411967381835,3.8457629680633545,0.012463817372918129,0.25194432368886965,0.5300385989602819,0.4753320308796484
26008,6269,42,spearman,15,1,0.75,,True,False,False,104.54945054945055,61,0.0072509444518280885,0.007738018408417702,3.855766534805298,0.012504666112363338,0.07747647573305104,0.22067445623028878,0.3510894602674266
26008,6269,42,spearman,15,1,0.75,,True,False,False,104.54945054945055,62,0.007417614047881216,0.0032003922387957573,3.862365484237671,0.012690028175711632,0.09470859481408922,0.3044320069424984,0.31109933467563033
26008,6269,42,spearman,15,1,0.75,,True,False,False,104.54945054945055,63,0.005747488932684064,0.004074434749782085,3.8558976650238037,0.012619271874427795,0.05993499701203223,0.18004391852801654,0.3328909829429917
26008,6269,42,spearman,15,1,0.75,,True,False,False,104.54945054945055,64,0.005585758822105292,0.003656917717307806,3.852442502975464,0.012672027572989464,0.06945068660367218,0.2085865014447262,0.33295868199670203
26008,6269,42,spearman,15,1,0.75,,True,False,False,104.54945054945055,65,0.005065063147672585,0.0037050924729555845,3.8473920822143555,0.01273240428417921,0.06198706999405636,0.18183773766215242,0.3408922195726229
26008,6269,42,spearman,15,1,0.75,,True,False,False,104.54945054945055,66,0.004800290027300694,0.0033574115950614214,3.843252420425415,0.012773936614394188,0.06569074265901578,0.18714257752257443,0.351019760058294
26008,6269,42,spearman,15,1,0.75,,True,False,False,104.54945054945055,67,0.004415551059147609,0.003240845398977399,3.839036464691162,0.012714432552456856,0.06133202276846539,0.16811804348816528,0.36481523039148417
26008,6269,42,spearman,15,1,0.75,,True,False,False,104.54945054945055,68,0.004230635406981621,0.00275211944244802,3.8360369205474854,0.01261836290359497,0.056587333872898944,0.157784990713425,0.35863572077851397
26008,6269,42,spearman,15,1,0.75,,True,False,False,104.54945054945055,69,0.0039515047849688146,0.0028387214988470078,3.834916114807129,0.012546204961836338,0.049884274251374004,0.1304157322426514,0.3825019680768027
26008,6269,42,spearman,15,1,0.75,,True,False,False,104.54945054945055,70,0.003803071050372507,0.0027498139534145594,3.834644317626953,0.012494920752942562,0.04962148329984193,0.12209089660189963,0.4064306568346016
26008,6269,42,spearman,15,1,0.75,,True,False,False,104.54945054945055,71,0.0036639878526329994,0.0027315346524119377,3.8346173763275146,0.01249491423368454,0.04707675861125372,0.1138091895663352,0.4136463741656007
26008,6269,42,spearman,15,1,0.75,,True,False,False,104.54945054945055,72,0.0035565278459606425,0.0027241953648626804,3.834705114364624,0.012521040625870228,0.047047638171358507,0.11342002618641077,0.4148089164925676
26008,6269,42,spearman,15,1,0.75,,True,False,False,104.54945054945055,73,0.003446375460563494,0.0027923351153731346,3.8346915245056152,0.012531762942671776,0.04503067178529966,0.106841822727433,0.421470456375095
26008,6269,42,spearman,15,1,0.75,,True,False,False,104.54945054945055,74,0.0033730934457188205,0.0026031620800495148,3.8343703746795654,0.012548822909593582,0.04788737701772357,0.11158706784592363,0.42914808984331404
26008,6269,42,spearman,15,1,0.75,,True,False,False,104.54945054945055,75,0.003259330214599946,0.0030175887513905764,3.8346691131591797,0.012590378522872925,0.04083296140975635,0.09768897160649047,0.41798946941340726
26008,6269,42,spearman,15,1,0.75,,True,False,False,104.54945054945055,76,0.003368602113498907,0.0024679615162312984,3.8339014053344727,0.012602370232343674,0.05380515701723249,0.13105795601006462,0.41054475939400403
26008,6269,42,spearman,15,1,0.75,,True,False,False,104.54945054945055,77,0.003269311793181779,0.00363132799975574,3.8348610401153564,0.01267302967607975,0.04278594052941735,0.11301552784753231,0.378584618803539
26008,6269,42,spearman,15,1,0.75,,True,False,False,104.54945054945055,78,0.0036058513214811683,0.002402688842266798,3.8330576419830322,0.0126629788428545,0.06462850077922512,0.16923880136515987,0.38187756151378593
26008,6269,42,spearman,15,1,0.75,,True,False,False,104.54945054945055,79,0.0034407837499332216,0.004166325554251671,3.8344099521636963,0.012664485722780228,0.04982482077866572,0.13863179579711613,0.3594039916443381
26008,6269,42,spearman,15,1,0.75,,True,False,False,104.54945054945055,80,0.003526478689829154,0.0024128686636686325,3.8319694995880127,0.01278175413608551,0.05950861516641676,0.16811431051990544,0.3539770944069435
26008,6269,42,spearman,15,1,0.75,,True,False,False,104.54945054945055,81,0.003097238077316433,0.0029123337008059025,3.8312323093414307,0.012669350951910019,0.052087806586583525,0.13735046217371832,0.3792328453931563
26008,6269,42,spearman,15,1,0.75,,True,False,False,104.54945054945055,82,0.003088410640235192,0.00426369858905673,3.832381010055542,0.012856059707701206,0.04553005756216654,0.10883780487962343,0.4183294362846189
26008,6269,42,spearman,15,1,0.75,,True,False,False,104.54945054945055,83,0.004004299823593881,0.002848080126568675,3.829803466796875,0.012803708203136921,0.08549257422263226,0.2254808376596952,0.37915671730509515
26008,6269,42,spearman,15,1,0.75,,True,False,False,104.54945054945055,84,0.004458156260495473,0.006380162201821804,3.8332908153533936,0.01279379427433014,0.06914679557178655,0.2073427019663347,0.3334903756712889
26008,6269,42,spearman,15,1,0.75,,True,False,False,104.54945054945055,85,0.004019172238518617,0.0024328266736119986,3.8295211791992188,0.012982761487364769,0.07354941305621199,0.22712878953242407,0.323822502674803
26008,6269,42,spearman,15,1,0.75,,True,False,False,104.54945054945055,86,0.0036784294726593153,0.0026486862916499376,3.824901819229126,0.012630962766706944,0.0787185406625769,0.182741855757773,0.43076360550091336
26008,6269,42,spearman,15,1,0.75,,True,False,False,104.54945054945055,87,0.004568696180025914,0.007663145661354065,3.8311877250671387,0.012529576197266579,0.07266492797394351,0.1954123872449208,0.3718542565190446
26008,6269,42,spearman,15,1,0.75,,True,False,False,104.54945054945055,88,0.004345608492647963,0.0024468505289405584,3.8283464908599854,0.012643220834434032,0.08878902589067098,0.26951043117015255,0.32944560069471124
26008,6269,42,spearman,15,1,0.75,,True,False,False,104.54945054945055,89,0.0035228497248941232,0.002508785342797637,3.8210153579711914,0.012303998693823814,0.07739863444443822,0.17658355420747784,0.4383116807868752
26008,6269,42,spearman,15,1,0.75,,True,False,False,104.54945054945055,90,0.003578456467948854,0.00562790222465992,3.8265604972839355,0.012483887374401093,0.05830220629007544,0.14949377005846945,0.38999756489439324
26008,6269,42,spearman,15,1,0.75,,True,False,False,104.54945054945055,91,0.003443760165412511,0.0024195273872464895,3.823918581008911,0.012640388682484627,0.07011807055879395,0.2158188811368977,0.3248931242211006
26008,6269,42,spearman,15,1,0.75,,True,False,False,104.54945054945055,92,0.0026981262656460914,0.002822033129632473,3.8192155361175537,0.012315001338720322,0.049596055433392364,0.12068232708751687,0.41096369808161837
26008,6269,42,spearman,15,1,0.75,,True,False,False,104.54945054945055,93,0.0026439026405569166,0.004121615085750818,3.821448564529419,0.012340088374912739,0.042225799259281764,0.0987801552011289,0.427472493567936
26008,6269,42,spearman,15,1,0.75,,True,False,False,104.54945054945055,94,0.0026960286528005134,0.0025589242577552795,3.8197901248931885,0.012349426746368408,0.053972743718470474,0.1487157651050261,0.36292550208103963
26008,6269,42,spearman,15,1,0.75,,True,False,False,104.54945054945055,95,0.0023414328461512923,0.003064811695367098,3.8187570571899414,0.012333439663052559,0.03906965851032203,0.09142913081735447,0.4273217754628239
26008,6269,42,spearman,15,1,0.75,,True,False,False,104.54945054945055,96,0.0023033415782265365,0.002842451212927699,3.819152593612671,0.012331896461546421,0.040544163076462934,0.09855844172233541,0.4113717949221939
26008,6269,42,spearman,15,1,0.75,,True,False,False,104.54945054945055,97,0.0022160747570783962,0.0029041017405688763,3.8189499378204346,0.012360995635390282,0.03590288310425528,0.08083287347084735,0.44416190545000994
26008,6269,42,spearman,15,1,0.75,,True,False,False,104.54945054945055,98,0.0021997916379145215,0.0028612634632736444,3.8188583850860596,0.012385507114231586,0.03759243576980646,0.0865211143364865,0.43448857608528285
26008,6269,42,spearman,15,1,0.75,,True,False,False,104.54945054945055,99,0.0021541823183984627,0.002893740776926279,3.8188579082489014,0.01243922021239996,0.035805735193279384,0.08083026473056919,0.4429743650127505
26008,6269,42,spearman,15,1,0.75,,True,False,False,104.54945054945055,100,0.0021374334963703795,0.0028492501005530357,3.8187856674194336,0.012471398338675499,0.036847654603384586,0.08342338164139362,0.44169456905184423
26008,6269,42,spearman,15,1,0.75,,True,False,False,104.54945054945055,101,0.0021044415895760593,0.0028901214245706797,3.8187921047210693,0.012516498565673828,0.035456865184038386,0.08056143311084853,0.4401220759666896
26008,6269,42,spearman,15,1,0.75,,True,False,False,104.54945054945055,102,0.002089397004705721,0.0028439012821763754,3.8186686038970947,0.012536169961094856,0.036541670881935044,0.08230659744721676,0.4439701313728253
26008,6269,42,spearman,15,1,0.75,,True,False,False,104.54945054945055,103,0.0020596252787592156,0.0028815034311264753,3.8186757564544678,0.012598021887242794,0.035677858466745295,0.08030433666382124,0.4442830854286182
26008,6269,42,spearman,15,1,0.75,,True,False,False,104.54945054945055,104,0.002044901206058317,0.0028287519235163927,3.818504810333252,0.012613680213689804,0.036113090622157305,0.08159201568015233,0.44260569273445943
26008,6269,42,spearman,15,1,0.75,,True,False,False,104.54945054945055,105,0.002015764342754015,0.0028743345756083727,3.818436861038208,0.012661367654800415,0.03534095776090401,0.07986568697165475,0.4425048991690814
26008,6269,42,spearman,15,1,0.75,,True,False,False,104.54945054945055,106,0.0019998574695949045,0.0028134388849139214,3.8183116912841797,0.012713536620140076,0.036198077179204056,0.08075681363573181,0.448235579749763
26008,6269,42,spearman,15,1,0.75,,True,False,False,104.54945054945055,107,0.001975795195903629,0.00287038367241621,3.8181917667388916,0.012730412185192108,0.0349045210453732,0.07912772622603802,0.44111618909941946
26008,6269,42,spearman,15,1,0.75,,True,False,False,104.54945054945055,108,0.0019575557338872124,0.002817074302583933,3.8181183338165283,0.01278647780418396,0.03619734576301802,0.08021219185298255,0.4512698746458805
26008,6269,42,spearman,15,1,0.75,,True,False,False,104.54945054945055,109,0.0019314569778673882,0.002871846081689,3.8180360794067383,0.012836982496082783,0.03476179005377137,0.07820484895283639,0.4444966075478381
26008,6269,42,spearman,15,1,0.75,,True,False,False,104.54945054945055,110,0.001919096410607121,0.002792990067973733,3.817875862121582,0.012860586866736412,0.03607915460193828,0.0800859656675336,0.4505053326230173
26008,6269,42,spearman,15,1,0.75,,True,False,False,104.54945054945055,111,0.0018928764662372746,0.002893180586397648,3.817880868911743,0.012887280434370041,0.034829460515139944,0.07759459958627016,0.44886449186412086
26008,6269,42,spearman,15,1,0.75,,True,False,False,104.54945054945055,112,0.001884570424278666,0.0027777033392339945,3.817660331726074,0.012932833284139633,0.03640122364020628,0.08062755953559571,0.4514737125794348
26008,6269,42,spearman,15,1,0.75,,True,False,False,104.54945054945055,113,0.0018578821036498994,0.0028870203532278538,3.8176939487457275,0.012976957485079765,0.03460263691925916,0.07699104269671288,0.4494371774534634
26008,6269,42,spearman,15,1,0.75,,True,False,False,104.54945054945055,114,0.00184900379723071,0.002782418392598629,3.8175225257873535,0.013037053868174553,0.036213443376366304,0.07963065374275827,0.4547676262070728
26008,6269,42,spearman,15,1,0.75,,True,False,False,104.54945054945055,115,0.0018213103009786988,0.0028895202558487654,3.8175735473632812,0.013067543506622314,0.03449743375442634,0.07650727048963699,0.4509039929564362
26008,6269,42,spearman,15,1,0.75,,True,False,False,104.54945054945055,116,0.0018130784654723747,0.0027639218606054783,3.8173575401306152,0.01307648979127407,0.036418250197297976,0.07964903594891667,0.45723403633156057
26008,6269,42,spearman,15,1,0.75,,True,False,False,104.54945054945055,117,0.0017867720494645514,0.0029065716080367565,3.817446708679199,0.013137668371200562,0.03425074055237147,0.07616067548680396,0.4497168694079694
26008,6269,42,spearman,15,1,0.75,,True,False,False,104.54945054945055,118,0.001778391859261319,0.002759888768196106,3.817265272140503,0.013173971325159073,0.03601944984027576,0.07938914851943872,0.4537074715066702
26008,6269,42,spearman,15,1,0.75,,True,False,False,104.54945054945055,119,0.00175175562617369,0.0029030083678662777,3.8172683715820312,0.013239257968962193,0.03416309383252329,0.07586278008425455,0.45032747012607266
26008,6269,42,spearman,15,1,0.75,,True,False,False,104.54945054945055,120,0.001739512023050338,0.0027528617065399885,3.817138910293579,0.013303242623806,0.03551492817864666,0.07844214037951701,0.45275317586142316
26008,6269,42,spearman,15,1,0.75,,True,False,False,104.54945054945055,121,0.0017099707661795297,0.0028937808237969875,3.817112445831299,0.013344996608793736,0.03428492040439027,0.07568162944183476,0.45301509305223114
26008,6269,42,spearman,15,1,0.75,,True,False,False,104.54945054945055,122,0.0016973641343481307,0.002790352562442422,3.817063808441162,0.013373362831771374,0.03526327161214275,0.07641809623549291,0.46145184647119003
26008,6269,42,spearman,15,1,0.75,,True,False,False,104.54945054945055,123,0.0016709312289354525,0.00285774702206254,3.8169782161712646,0.013417541980743408,0.0339149276053925,0.07401914542723208,0.4581912883373658
26008,6269,42,spearman,15,1,0.75,,True,False,False,104.54945054945055,124,0.0016577358099831535,0.0027873648796230555,3.816802978515625,0.013466324657201767,0.03457823140517757,0.07519533370645512,0.45984544120387844
26008,6269,42,spearman,15,1,0.75,,True,False,False,104.54945054945055,125,0.0016402165430398391,0.0028742686845362186,3.816880941390991,0.013514473102986813,0.03363715003526605,0.07301653957651476,0.4606785014723502
26008,6269,42,spearman,15,1,0.82,,True,False,False,13.393406593406594,1,0.09283565829641052,0.014391990378499031,3.9613187313079834,0.012058380991220474,0.7463746631199563,2.3650359846745106,0.3155870219126331
26008,6269,42,spearman,15,1,0.82,,True,False,False,13.393406593406594,2,0.023000112235812203,0.008900079876184464,3.9857077598571777,0.016080167144536972,0.3027568737981519,0.9992233155210977,0.3029922031392556
26008,6269,42,spearman,15,1,0.82,,True,False,False,13.393406593406594,3,0.020049309491046836,0.004050764720886946,3.984553575515747,0.01612108387053013,0.28221715491914556,0.9341462225775242,0.3021123975004057
26008,6269,42,spearman,15,1,0.82,,True,False,False,13.393406593406594,4,0.013672286694470261,0.005397018510848284,3.985032796859741,0.016086988151073456,0.18162372016431888,0.612331254341991,0.29661023976180095
26008,6269,42,spearman,15,1,0.82,,True,False,False,13.393406593406594,5,0.012509703852369316,0.005104496143758297,3.985490322113037,0.01591486483812332,0.16530192461936416,0.5533799092876509,0.29871327427093186
26008,6269,42,spearman,15,1,0.82,,True,False,False,13.393406593406594,6,0.011706287573490824,0.004834883380681276,3.9862546920776367,0.016146203503012657,0.1504122001414637,0.5039427369282684,0.29847081646217877
26008,6269,42,spearman,15,1,0.82,,True,False,False,13.393406593406594,7,0.010874106931234044,0.0050452277064323425,3.98639178276062,0.016049619764089584,0.13978739906695598,0.45284544972063284,0.3086867697420483
26008,6269,42,spearman,15,1,0.82,,True,False,False,13.393406593406594,8,0.010560895000318331,0.004951389506459236,3.985919952392578,0.01618327386677265,0.1364857916900344,0.434165423418772,0.31436356818786415
26008,6269,42,spearman,15,1,0.82,,True,False,False,13.393406593406594,9,0.010324857621786318,0.0048330845311284065,3.984282970428467,0.01633691042661667,0.13525823962651204,0.42142689949358514,0.32095302836322614
26008,6269,42,spearman,15,1,0.82,,True,False,False,13.393406593406594,10,0.010104636678339116,0.004534815903753042,3.982897996902466,0.016418755054473877,0.13323412985489566,0.40925634600399796,0.32555177495834986
26008,6269,42,spearman,15,1,0.82,,True,False,False,13.393406593406594,11,0.009764145477674901,0.004586805589497089,3.981370687484741,0.01681319624185562,0.12772857066777793,0.3883478741777417,0.32890245875013946
26008,6269,42,spearman,15,1,0.82,,True,False,False,13.393406593406594,12,0.009508311515673995,0.00439940020442009,3.9802093505859375,0.016593247652053833,0.12295069378410364,0.37224533530748044,0.3302947871253086
26008,6269,42,spearman,15,1,0.82,,True,False,False,13.393406593406594,13,0.009306735641855215,0.008253669366240501,3.977684259414673,0.016790058463811874,0.10411407084892256,0.32124276626214604,0.324097790776828
26008,6269,42,spearman,15,1,0.82,,True,False,False,13.393406593406594,14,0.010755458946472831,0.003456489648669958,3.974699020385742,0.016853701323270798,0.15434173261897513,0.4541800029045167,0.3398250289127831
26008,6269,42,spearman,15,1,0.82,,True,False,False,13.393406593406594,15,0.009355006074266774,0.002883476670831442,3.9739363193511963,0.016739070415496826,0.12490862981514697,0.3692544953304201,0.33827246897302277
26008,6269,42,spearman,15,1,0.82,,True,False,False,13.393406593406594,16,0.007918835376455848,0.005008377600461245,3.973665237426758,0.01738724112510681,0.08078149274888213,0.2344632364923372,0.34453799221174586
26008,6269,42,spearman,15,1,0.82,,True,False,False,13.393406593406594,17,0.008612348099372216,0.00433545745909214,3.971003293991089,0.017778873443603516,0.11303775468641113,0.3247313991531797,0.34809616495613893
26008,6269,42,spearman,15,1,0.82,,True,False,False,13.393406593406594,18,0.00880791835619935,0.0028766836039721966,3.96895432472229,0.017036428675055504,0.11993287630004841,0.34202336639327147,0.35065696699153115
26008,6269,42,spearman,15,1,0.82,,True,False,False,13.393406593406594,19,0.007643711387312838,0.00483065377920866,3.967200994491577,0.017214614897966385,0.07685644131674178,0.22329314644214246,0.34419525426998215
26008,6269,42,spearman,15,1,0.82,,True,False,False,13.393406593406594,20,0.008303016889840364,0.003499534446746111,3.9643125534057617,0.01710820198059082,0.11311362709985771,0.31499362986338025,0.35909814159911274
26008,6269,42,spearman,15,1,0.82,,True,False,False,13.393406593406594,21,0.008023159811273217,0.0028049377724528313,3.963034152984619,0.016910608857870102,0.10171784251900869,0.28802742483436633,0.35315332412234574
26008,6269,42,spearman,15,1,0.82,,True,False,False,13.393406593406594,22,0.007203279607762981,0.0033875592052936554,3.9614107608795166,0.017231835052371025,0.07772270983386362,0.21665109690366785,0.3587459788771051
26008,6269,42,spearman,15,1,0.82,,True,False,False,13.393406593406594,23,0.007226366516468781,0.003431605873629451,3.9584126472473145,0.017198216170072556,0.08699848993957755,0.23639855828710282,0.3680161612218931
26008,6269,42,spearman,15,1,0.82,,True,False,False,13.393406593406594,24,0.0073126219878239295,0.0030574577394872904,3.955596446990967,0.01718832552433014,0.09538856908636204,0.2562902262429345,0.3721896479796781
26008,6269,42,spearman,15,1,0.82,,True,False,False,13.393406593406594,26,0.006839681948934283,0.00286417780444026,3.952070474624634,0.016886234283447266,0.08191053012001435,0.2167473708170649,0.3779078371786528
26008,6269,42,spearman,15,1,0.82,,True,False,False,13.393406593406594,27,0.006764030524729086,0.0025534662418067455,3.9506518840789795,0.017040850594639778,0.08280135045582768,0.2162057430289746,0.3829747965776661
26008,6269,42,spearman,15,1,0.82,,True,False,False,13.393406593406594,28,0.006535233430830496,0.0023896857164800167,3.949441432952881,0.016969773918390274,0.07558140689874988,0.19398346527144833,0.3896280891394344
26008,6269,42,spearman,15,1,0.82,,True,False,False,13.393406593406594,29,0.006322447530692443,0.0026653429958969355,3.947333812713623,0.017068274319171906,0.07088527968255769,0.17413692213390145,0.4070663407479078
26008,6269,42,spearman,15,1,0.82,,True,False,False,13.393406593406594,30,0.006322546945219594,0.0023629036732017994,3.9454293251037598,0.016914617270231247,0.07649800514005164,0.19022896255983684,0.40213647864260904
26008,6269,42,spearman,15,1,0.82,,True,False,False,13.393406593406594,31,0.006036535429302603,0.0029057941865175962,3.9455277919769287,0.01705782115459442,0.06623226485480085,0.15986134342533778,0.41431069847927243
26008,6269,42,spearman,15,1,0.82,,True,False,False,13.393406593406594,32,0.0062843149228553686,0.002639753045514226,3.943054437637329,0.016929123550653458,0.08540068302531094,0.20899135683806289,0.40863260718994754
26008,6269,42,spearman,15,1,0.82,,True,False,False,13.393406593406594,33,0.0060978251110230175,0.0024272133596241474,3.9414124488830566,0.01698625087738037,0.07893140363333226,0.19922265855392382,0.39619691959673153
26008,6269,42,spearman,15,1,0.82,,True,False,False,13.393406593406594,34,0.005882591034086155,0.0026510704774409533,3.9401416778564453,0.01712336391210556,0.07281661490162837,0.1760977195717067,0.4135011803577846
26008,6269,42,spearman,15,1,0.82,,True,False,False,13.393406593406594,35,0.0059895095016275135,0.0023065833374857903,3.9382259845733643,0.01669667288661003,0.08326847515804725,0.1977273453408595,0.4211277656819835
26008,6269,42,spearman,15,1,0.82,,True,False,False,13.393406593406594,36,0.005890236992854625,0.0026085299905389547,3.937657356262207,0.01648671366274357,0.07360981103236026,0.16834209111551196,0.4372632568845415
26008,6269,42,spearman,15,1,0.82,,True,False,False,13.393406593406594,37,0.006619842107673841,0.0028610755689442158,3.9391260147094727,0.01688271388411522,0.09396651110336797,0.23813639681028262,0.3945911350033324
26008,6269,42,spearman,15,1,0.82,,True,False,False,13.393406593406594,38,0.006313695663785828,0.0024521732702851295,3.9384615421295166,0.01679142937064171,0.09095232308784744,0.23414966045098742,0.38843670715677714
26008,6269,42,spearman,15,1,0.82,,True,False,False,13.393406593406594,39,0.005561556891604725,0.008051464334130287,3.937056541442871,0.018323080614209175,0.059514422229492284,0.1378402696296174,0.43176368117226027
26008,6269,42,spearman,15,1,0.82,,True,False,False,13.393406593406594,40,0.007703196698067976,0.006766057573258877,3.9334216117858887,0.018037840723991394,0.12644697306256203,0.3244354246370582,0.3897446562859987
26008,6269,42,spearman,15,1,0.82,,True,False,False,13.393406593406594,41,0.009071000423448692,0.002910954412072897,3.926008939743042,0.016103483736515045,0.1762518631991577,0.4270922782885219,0.412678646181653
26008,6269,42,spearman,15,1,0.82,,True,False,False,13.393406593406594,42,0.006246531348941582,0.002262874273583293,3.921133518218994,0.015615233220160007,0.0965732216858433,0.24665403635761612,0.39153310893089627
26008,6269,42,spearman,15,1,0.82,,True,False,False,13.393406593406594,43,0.005448913696454838,0.002197589725255966,3.9173898696899414,0.015633665025234222,0.06237196920212416,0.15696277618283092,0.3973679028782955
26008,6269,42,spearman,15,1,0.82,,True,False,False,13.393406593406594,44,0.005257743972054284,0.002501536626368761,3.9150166511535645,0.01584894396364689,0.06588477426656138,0.15807827004595806,0.41678577483793267
26008,6269,42,spearman,15,1,0.82,,True,False,False,13.393406593406594,45,0.005086236192645239,0.005027243867516518,3.9154160022735596,0.01636825129389763,0.05387816317792798,0.12284581292844186,0.43858363499025904
26008,6269,42,spearman,15,1,0.82,,True,False,False,13.393406593406594,46,0.006773183442419395,0.002816370688378811,3.910222291946411,0.016151636838912964,0.11689405218000315,0.27609599091848785,0.4233819252163301
26008,6269,42,spearman,15,1,0.82,,True,False,False,13.393406593406594,47,0.005954577005468309,0.0024717270862311125,3.9117178916931152,0.015875747427344322,0.09547082643917028,0.2445792780810541,0.39034715936621867
26008,6269,42,spearman,15,1,0.82,,True,False,False,13.393406593406594,48,0.005475930761479374,0.002320178784430027,3.910324811935425,0.015897611156105995,0.06406460030623386,0.17020706131234659,0.376392141500479
26008,6269,42,spearman,15,1,0.82,,True,False,False,13.393406593406594,49,0.005736847956930953,0.002494858345016837,3.9045960903167725,0.015684712678194046,0.08419579663677167,0.21337072932646,0.3945986260728218
26008,6269,42,spearman,15,1,0.82,,True,False,False,13.393406593406594,50,0.005319990309154881,0.003912894520908594,3.9059371948242188,0.016440384089946747,0.06828144647545388,0.1722908164814362,0.39631506698683894
26008,6269,42,spearman,15,1,0.82,,True,False,False,13.393406593406594,51,0.006043372900291745,0.002342058578506112,3.8969156742095947,0.01662595197558403,0.09797574222692236,0.2415246416547688,0.4056552638076638
26008,6269,42,spearman,15,1,0.82,,True,False,False,13.393406593406594,52,0.0053383570713257155,0.002574885729700327,3.8970181941986084,0.016694772988557816,0.08389264221940314,0.21153638278947068,0.3965872967701249
26008,6269,42,spearman,15,1,0.82,,True,False,False,13.393406593406594,53,0.005081788166925045,0.002865562913939357,3.8943252563476562,0.01751730777323246,0.07734902580151086,0.19392170380003923,0.3988672968801357
26008,6269,42,spearman,15,1,0.82,,True,False,False,13.393406593406594,54,0.0047190899203997105,0.004038407001644373,3.8918581008911133,0.01662079617381096,0.05730817996573946,0.1457875503099932,0.3930937850556509
26008,6269,42,spearman,15,1,0.82,,True,False,False,13.393406593406594,56,0.004374611723635878,0.002883215667679906,3.883983612060547,0.01684771478176117,0.05821449215767487,0.12549206409503474,0.4638898290263624
26008,6269,42,spearman,15,1,0.82,,True,False,False,13.393406593406594,57,0.006275025978019195,0.006134423427283764,3.886430263519287,0.017323527485132217,0.08611479923221188,0.24722662527114786,0.34832332131467003
26008,6269,42,spearman,15,1,0.82,,True,False,False,13.393406593406594,58,0.008792875122578283,0.004101726692169905,3.879253625869751,0.01771780103445053,0.11727860096657823,0.30352325700156485,0.3863908226498347
26008,6269,42,spearman,15,1,0.82,,True,False,False,13.393406593406594,59,0.009239043508257185,0.002903345040977001,3.875516176223755,0.017860328778624535,0.1985073952268323,0.4266135540494063,0.46530963055941205
26008,6269,42,spearman,15,1,0.82,,True,False,False,13.393406593406594,60,0.0057178580942231095,0.006405965890735388,3.88039493560791,0.01741139590740204,0.05952126250494156,0.17459142637823347,0.34091744216382225
26008,6269,42,spearman,15,1,0.82,,True,False,False,13.393406593406594,61,0.006926528751916651,0.005414554383605719,3.8742141723632812,0.016637234017252922,0.09753536156822944,0.28417159330498026,0.3432269933582304
26008,6269,42,spearman,15,1,0.82,,True,False,False,13.393406593406594,62,0.00690148606164647,0.0028189318254590034,3.8693861961364746,0.015272595919668674,0.11309344660356684,0.2884566403152446,0.3920639388976407
26008,6269,42,spearman,15,1,0.82,,True,False,False,13.393406593406594,63,0.005319886840879917,0.007119453977793455,3.859457492828369,0.01569748856127262,0.0605504438154112,0.15338465047084343,0.3947620810110093
26008,6269,42,spearman,15,1,0.82,,True,False,False,13.393406593406594,64,0.00649603528602581,0.004692962393164635,3.8459041118621826,0.01585002802312374,0.0973566426837629,0.2765010018909679,0.3521023143409848
26008,6269,42,spearman,15,1,0.82,,True,False,False,13.393406593406594,65,0.007069172262812832,0.004721640143543482,3.8357865810394287,0.01580209657549858,0.13635005589863222,0.32242215905198723,0.4228929435219876
26008,6269,42,spearman,15,1,0.82,,True,False,False,13.393406593406594,66,0.008821229932696692,0.006094781216233969,3.8428611755371094,0.01591663807630539,0.12117675405309804,0.34212517709799556,0.35418835608826
26008,6269,42,spearman,15,1,0.82,,True,False,False,13.393406593406594,67,0.007126200678093093,0.0028442947659641504,3.8318347930908203,0.015519792214035988,0.09138120743467115,0.22366138201158683,0.4085694482095642
26008,6269,42,spearman,15,1,0.82,,True,False,False,13.393406593406594,68,0.007558291395460921,0.002640669234097004,3.819521903991699,0.014575847424566746,0.14280822937668056,0.336634629523909,0.4242232285437336
26008,6269,42,spearman,15,1,0.82,,True,False,False,13.393406593406594,69,0.00781975475339485,0.006855886895209551,3.827768564224243,0.014265846461057663,0.0810101145900836,0.26183024196412596,0.30939938023230185
26008,6269,42,spearman,15,1,0.82,,True,False,False,13.393406593406594,70,0.006192078456349138,0.007968666031956673,3.8210361003875732,0.015619920566678047,0.08048460869497256,0.20697405938221133,0.3888632659320642
26008,6269,42,spearman,15,1,0.82,,True,False,False,13.393406593406594,71,0.008895069094640868,0.0024656953755766153,3.806446075439453,0.012983453460037708,0.1524031851132283,0.3639528632569151,0.4187442949314781
26008,6269,42,spearman,15,1,0.82,,True,False,False,13.393406593406594,72,0.0051636402827820605,0.004816319793462753,3.802229404449463,0.012518022209405899,0.060380690070768114,0.16152670907858724,0.37381242034106826
26008,6269,42,spearman,15,1,0.82,,True,False,False,13.393406593406594,73,0.004480392730329186,0.004076890181750059,3.7965784072875977,0.011996401473879814,0.05210644084793943,0.13495746125421232,0.38609529523827624
26008,6269,42,spearman,15,1,0.82,,True,False,False,13.393406593406594,74,0.005266861499486757,0.0022069266997277737,3.788984537124634,0.011768937110900879,0.1035418994487115,0.23983173224171697,0.43172727178538645
26008,6269,42,spearman,15,1,0.82,,True,False,False,13.393406593406594,75,0.004696917354262301,0.006086863577365875,3.793365001678467,0.01209041103720665,0.05660338856158308,0.16005814139461744,0.3536426705198074
26008,6269,42,spearman,15,1,0.82,,True,False,False,13.393406593406594,76,0.0044465801454082665,0.002703954465687275,3.785438060760498,0.012559521943330765,0.06448393361964536,0.17860994117238865,0.3610321642570078
26008,6269,42,spearman,15,1,0.82,,True,False,False,13.393406593406594,77,0.004689001519831696,0.002638069447129965,3.77750301361084,0.012378746643662453,0.09464555740729035,0.20861758365787839,0.45367967429845363
26008,6269,42,spearman,15,1,0.82,,True,False,False,13.393406593406594,78,0.005137684330942908,0.006373581942170858,3.7884960174560547,0.012383919209241867,0.06567964568897436,0.18666181925533504,0.3518643820715108
26008,6269,42,spearman,15,1,0.82,,True,False,False,13.393406593406594,79,0.004515171491740537,0.0025905801448971033,3.7889251708984375,0.012554962188005447,0.06630426884990656,0.19965957941089255,0.3320865898105623
26008,6269,42,spearman,15,1,0.82,,True,False,False,13.393406593406594,80,0.003245505362948669,0.002869588090106845,3.77898907661438,0.012580698356032372,0.040040592246248244,0.09929208560948345,0.4032606627211452
26008,6269,42,spearman,15,1,0.82,,True,False,False,13.393406593406594,81,0.003092648773287822,0.0025624248664826155,3.775183916091919,0.012550020590424538,0.049040282498658494,0.10787545512100359,0.4546009325587136
26008,6269,42,spearman,15,1,0.82,,True,False,False,13.393406593406594,82,0.002937049979144441,0.003359767608344555,3.775019884109497,0.012609550729393959,0.035304003226906765,0.07801025680425067,0.45255591601296385
26008,6269,42,spearman,15,1,0.82,,True,False,False,13.393406593406594,84,0.0027724866626418327,0.0035583183635026217,3.7741899490356445,0.01267014630138874,0.036522009109022806,0.08241258772049774,0.4431605670779811
26008,6269,42,spearman,15,1,0.82,,True,False,False,13.393406593406594,85,0.002845230316909562,0.0023793894797563553,3.7735249996185303,0.012674672529101372,0.05098099634913444,0.12097177661487328,0.4214288470856844
26008,6269,42,spearman,15,1,0.82,,True,False,False,13.393406593406594,86,0.00271069973158384,0.003925800323486328,3.7732791900634766,0.01271330937743187,0.03847379876762887,0.09216652871035226,0.4174378628072384
26008,6269,42,spearman,15,1,0.82,,True,False,False,13.393406593406594,87,0.002805437152606568,0.002334155375137925,3.7725467681884766,0.012741094455122948,0.05257903847929579,0.13124856144879835,0.40060658873893185
26008,6269,42,spearman,15,1,0.82,,True,False,False,13.393406593406594,88,0.002587783934099467,0.003923340700566769,3.771916151046753,0.012791243381798267,0.03806583755649994,0.0945189100543196,0.40273250648172876
26008,6269,42,spearman,15,1,0.82,,True,False,False,13.393406593406594,89,0.0026454413143385735,0.002360458252951503,3.771472930908203,0.012823080644011497,0.04984284273110186,0.1259497066591354,0.39573607634989205
26008,6269,42,spearman,15,1,0.82,,True,False,False,13.393406593406594,90,0.002416173029424889,0.003649127669632435,3.7703399658203125,0.012862909585237503,0.038832245030661225,0.09291749719487745,0.41792177149153914
26008,6269,42,spearman,15,1,0.82,,True,False,False,13.393406593406594,91,0.0024205319558469845,0.002455369336530566,3.770327568054199,0.012898193672299385,0.04399198844804115,0.10850621538154608,0.40543288965470214
26008,6269,42,spearman,15,1,0.82,,True,False,False,13.393406593406594,92,0.002242060257620843,0.0031867576763033867,3.769199848175049,0.012935204431414604,0.03929113286756347,0.08809079236657433,0.44602996308188836
26008,6269,42,spearman,15,1,0.82,,True,False,False,13.393406593406594,93,0.0021965157814390424,0.0027635698206722736,3.769770622253418,0.013001006096601486,0.03751211652442015,0.08504134640925513,0.44110445222086186
26008,6269,42,spearman,15,1,0.82,,True,False,False,13.393406593406594,94,0.002139757146194045,0.0026543517597019672,3.768357992172241,0.013011268340051174,0.04104090335160237,0.08697932142908926,0.47184667202295333
26008,6269,42,spearman,15,1,0.82,,True,False,False,13.393406593406594,95,0.002141454304884454,0.003534374525770545,3.7696447372436523,0.01306370459496975,0.03669544332370496,0.07817212223769253,0.46941853787285265
26008,6269,42,spearman,15,1,0.82,,True,False,False,13.393406593406594,96,0.0022629541012325455,0.002432852517813444,3.767763137817383,0.013075891882181168,0.05061592182463879,0.11913893587867323,0.4248478589380667
26008,6269,42,spearman,15,1,0.82,,True,False,False,13.393406593406594,97,0.002339778106293774,0.004744760226458311,3.769016981124878,0.013142945244908333,0.0439212075372867,0.11341652278766826,0.3872558112112654
26008,6269,42,spearman,15,1,0.82,,True,False,False,13.393406593406594,98,0.0025716313684824854,0.0025601063389331102,3.7672033309936523,0.013144658878445625,0.059134063646248784,0.15852691388329054,0.37302223450467836
26008,6269,42,spearman,15,1,0.82,,True,False,False,13.393406593406594,99,0.002334167411650664,0.004804918076843023,3.766627073287964,0.013153837993741035,0.04446124599053889,0.1277000719918003,0.348169310296439
26008,6269,42,spearman,15,1,0.82,,True,False,False,13.393406593406594,100,0.002348904198567782,0.0024559441953897476,3.765852928161621,0.013124397955834866,0.050239863903687475,0.13831830849409182,0.3632191894934156
26008,6269,42,spearman,15,1,0.82,,True,False,False,13.393406593406594,101,0.0020078997549717315,0.0031962713692337275,3.7632195949554443,0.01303115300834179,0.04268481264263175,0.10186516809684573,0.4190324665407827
26008,6269,42,spearman,15,1,0.82,,True,False,False,13.393406593406594,102,0.0019915605537659887,0.0033017504028975964,3.7651288509368896,0.013075446709990501,0.03929081167493054,0.08506583022775334,0.4618871239988173
26008,6269,42,spearman,15,1,0.82,,True,False,False,13.393406593406594,103,0.0021195182094483505,0.002562453504651785,3.7618825435638428,0.013072194531559944,0.054182196929674985,0.1206115531224228,0.4492289132056022
26008,6269,42,spearman,15,1,0.82,,True,False,False,13.393406593406594,104,0.002645357096168612,0.005926036741584539,3.764827013015747,0.01319330744445324,0.05363052535222427,0.1480550780531899,0.36223360966109425
26008,6269,42,spearman,15,1,0.82,,True,False,False,13.393406593406594,105,0.002890340443367937,0.00274364254437387,3.7622923851013184,0.01324095856398344,0.06949229149348288,0.19694036263880926,0.3528595690695443
26008,6269,42,spearman,15,1,0.82,,True,False,False,13.393406593406594,106,0.002365528360574639,0.004917443264275789,3.759891986846924,0.013202822767198086,0.04925399500520318,0.14685557676019734,0.33539070215423533
26008,6269,42,spearman,15,1,0.82,,True,False,False,13.393406593406594,107,0.002159469810846661,0.0023801049683243036,3.7602078914642334,0.01309776771813631,0.04778982066237369,0.130960273180123,0.364918455815059
26008,6269,42,spearman,15,1,0.82,,True,False,False,13.393406593406594,108,0.0017965420702239498,0.0028312713839113712,3.7565081119537354,0.013072099536657333,0.043614423645031805,0.09276998062427301,0.4701350948988996
26008,6269,42,spearman,15,1,0.82,,True,False,False,13.393406593406594,109,0.001984902046388015,0.004264179151505232,3.7592434883117676,0.013190006837248802,0.04178841448127828,0.09620399968536202,0.43437294309502855
26008,6269,42,spearman,15,1,0.82,,True,False,False,13.393406593406594,110,0.0022751230239269455,0.002697952790185809,3.755969524383545,0.013209979049861431,0.06276330997212601,0.15724988354735997,0.3991310426174277
26008,6269,42,spearman,15,1,0.82,,True,False,False,13.393406593406594,111,0.0025603199943101834,0.0062440200708806515,3.7576332092285156,0.013275356031954288,0.05794860943494297,0.1649171256601673,0.35138018081883177
26008,6269,42,spearman,15,1,0.82,,True,False,False,13.393406593406594,112,0.0024715562716924717,0.0023731838446110487,3.7569987773895264,0.013139314949512482,0.06257165584181955,0.16845721456810384,0.3714394542369193
26008,6269,42,spearman,15,1,0.82,,True,False,False,13.393406593406594,113,0.0017857372274322967,0.003074789186939597,3.7536461353302,0.013112271204590797,0.041390918035485454,0.10167125913012777,0.40710539427964226
26008,6269,42,spearman,15,1,0.82,,True,False,False,13.393406593406594,114,0.001562780303564588,0.0029069853480905294,3.753640651702881,0.013151852414011955,0.038713028599880635,0.08493475677008434,0.45579725040267977
26008,6269,42,spearman,15,1,0.82,,True,False,False,13.393406593406594,115,0.0014652668458958423,0.00286886771209538,3.7534639835357666,0.013143010437488556,0.0305567930908667,0.06679118445177795,0.457497397915898
26008,6269,42,spearman,15,1,0.82,,True,False,False,13.393406593406594,116,0.0014103540015639737,0.002888360293582082,3.753002405166626,0.013171863742172718,0.03295703727423014,0.0701310920417658,0.4699347509679872
26008,6269,42,spearman,15,1,0.82,,True,False,False,13.393406593406594,117,0.0013770693985861726,0.0028828028589487076,3.752760648727417,0.013166988268494606,0.029915629275924914,0.06519504556382606,0.45886353812236536
26008,6269,42,spearman,15,1,0.82,,True,False,False,13.393406593406594,118,0.0013560146107920446,0.002881529973819852,3.7527151107788086,0.013196758925914764,0.030782704840414725,0.06713612717244027,0.45851177505205676
26008,6269,42,spearman,15,1,0.82,,True,False,False,13.393406593406594,119,0.0013378581539395132,0.0028945505619049072,3.7525908946990967,0.013206098228693008,0.029879767138418167,0.06596997489738361,0.4529297939622268
26008,6269,42,spearman,15,1,0.82,,True,False,False,13.393406593406594,120,0.0013211133679890605,0.002878425410017371,3.752500295639038,0.01322003174573183,0.030217459695716216,0.06649247577490655,0.4544493093858518
26008,6269,42,spearman,15,1,0.82,,True,False,False,13.393406593406594,121,0.0013055435826702575,0.0028964269440621138,3.752392530441284,0.013230351731181145,0.029399868583014827,0.0656229192183546,0.44801220263824726
26008,6269,42,spearman,15,1,0.82,,True,False,False,13.393406593406594,122,0.0012894059649884834,0.002890015486627817,3.7522974014282227,0.013246512971818447,0.02964356141163672,0.06592945212237003,0.4496254777935422
26008,6269,42,spearman,15,1,0.82,,True,False,False,13.393406593406594,123,0.0012740919929845923,0.0028835907578468323,3.752203941345215,0.013257568702101707,0.029464065680751498,0.06530968895275614,0.45114386782050253
26008,6269,42,spearman,15,1,0.82,,True,False,False,13.393406593406594,124,0.0012603494189014392,0.0028967750258743763,3.7520973682403564,0.01328006386756897,0.029383476211316595,0.06530111877475532,0.4499689555430089
26008,6269,42,spearman,15,1,0.82,,True,False,False,13.393406593406594,125,0.0012453264228367647,0.002886667149141431,3.7519690990448,0.013289174064993858,0.029657797852938317,0.06515718296435385,0.4551731137410945
26008,6269,42,spearman,15,1,0.82,,True,False,False,13.393406593406594,126,0.0012319084926275536,0.002884513698518276,3.7518467903137207,0.013297917321324348,0.02881161780392793,0.06478190563270755,0.4447479203041005
26008,6269,42,spearman,15,1,0.82,,True,False,False,13.393406593406594,127,0.0012178772033491572,0.0028868354856967926,3.751774787902832,0.013317825272679329,0.029183060682116565,0.06451062428432788,0.452376038914785
26008,6269,42,spearman,15,1,0.82,,True,False,False,13.393406593406594,128,0.0012048699645674787,0.002904759719967842,3.7516674995422363,0.013322397135198116,0.028350818350819557,0.06394624010874124,0.4433539532920988
26008,6269,42,spearman,15,1,0.82,,True,False,False,13.393406593406594,129,0.0011944226789637469,0.0028777585830539465,3.751586675643921,0.013333624228835106,0.029342292309205296,0.06459030611101577,0.45428322105051505
26008,6269,42,spearman,15,1,0.82,,True,False,False,13.393406593406594,130,0.0011786877190128767,0.0029103299602866173,3.7514536380767822,0.013345804065465927,0.02772572064042575,0.06308934058296187,0.4394675928420464
26008,6269,42,spearman,15,1,0.82,,True,False,False,13.393406593406594,131,0.001168688188564764,0.0028861130122095346,3.751335382461548,0.013367907144129276,0.02894929206315305,0.06448504836026468,0.44893029933032513
26008,6269,42,spearman,15,1,0.82,,True,False,False,13.393406593406594,132,0.001155166281802979,0.002911424031481147,3.7512929439544678,0.013385536149144173,0.02754117547976745,0.06276646121765705,0.43878808753967086
26008,6269,42,spearman,15,1,0.82,,True,False,False,13.393406593406594,133,0.0011433763294397587,0.0028848215006291866,3.751187801361084,0.013403531163930893,0.02815985951580156,0.06371767985248504,0.4419473461769709
26008,6269,42,spearman,15,1,0.82,,True,False,False,13.393406593406594,134,0.00113032206614402,0.0029257198330014944,3.751105308532715,0.013416536152362823,0.02740637750923115,0.062038124825747346,0.44176669726508344
26008,6269,42,spearman,15,1,0.82,,True,False,False,13.393406593406594,135,0.0011204681078587392,0.0028948753606528044,3.751004934310913,0.013427690602838993,0.02783976098048211,0.06321843667358434,0.44037408143745677
26008,6269,42,spearman,15,1,0.82,,True,False,False,13.393406593406594,136,0.0011072725787276535,0.00292764394544065,3.7509047985076904,0.013451268896460533,0.02661868931879765,0.061424304130698805,0.43335760486150515
26008,6269,42,spearman,15,1,0.82,,True,False,False,13.393406593406594,137,0.0010989117488082098,0.002892281161621213,3.7507076263427734,0.013491105288267136,0.027888716813896968,0.06292454810565126,0.4432088533497004
26008,6269,42,spearman,15,1,0.82,,True,False,False,13.393406593406594,138,0.001086548825177098,0.0029458224307745695,3.7507481575012207,0.013507889583706856,0.02576925427144097,0.06022016081386079,0.4279173938220666
26008,6269,42,spearman,15,1,0.82,,True,False,False,13.393406593406594,139,0.0010817375410364807,0.002871758071705699,3.750452756881714,0.013525011949241161,0.02824282261393815,0.0633459697611085,0.44585034722812134
26008,6269,42,spearman,15,1,0.82,,True,False,False,13.393406593406594,140,0.0010690169391247245,0.002987999701872468,3.7505125999450684,0.01355130597949028,0.02547966210891781,0.058856094768559186,0.4329145895370564
26008,6269,42,spearman,15,1,0.82,,True,False,False,13.393406593406594,141,0.0010627929992291943,0.0028477434534579515,3.750276565551758,0.013574391603469849,0.027613267907708582,0.0636639070422409,0.43373505004889956
26008,6269,42,spearman,15,1,0.82,,True,False,False,13.393406593406594,142,0.0010489322142218174,0.0029936993960291147,3.750253200531006,0.013605279847979546,0.025098001989711294,0.05791281560896243,0.43337561341765984
26008,6269,42,spearman,15,1,0.82,,True,False,False,13.393406593406594,143,0.0010448170495302683,0.0028609747532755136,3.750115394592285,0.013623716309666634,0.027145861791245555,0.06300715979863386,0.430837731419268
26008,6269,42,spearman,15,1,0.85,,True,False,False,4.604395604395604,1,0.0927753404581121,0.014362134970724583,3.9612486362457275,0.012130903080105782,0.74265407292745,2.3626518713413094,0.3143307238512125
26008,6269,42,spearman,15,1,0.85,,True,False,False,4.604395604395604,2,0.02298112757437463,0.01008156593888998,3.9852755069732666,0.015643399208784103,0.3029834263166709,1.0010103433286412,0.30267761800428855
26008,6269,42,spearman,15,1,0.85,,True,False,False,4.604395604395604,3,0.02051908117885302,0.004013884346932173,3.983358383178711,0.01470203697681427,0.2860782535503061,0.9523003271533216,0.3004075976799982
26008,6269,42,spearman,15,1,0.85,,True,False,False,4.604395604395604,4,0.014133787248283625,0.004796699620783329,3.9834532737731934,0.014688955619931221,0.19116892008524639,0.6389986852694955,0.29916950455746616
26008,6269,42,spearman,15,1,0.85,,True,False,False,4.604395604395604,5,0.012266292827137346,0.004985442850738764,3.9849376678466797,0.014682231470942497,0.16164399652670847,0.5319433154285987,0.3038744765429835
26008,6269,42,spearman,15,1,0.85,,True,False,False,4.604395604395604,6,0.011509388211249773,0.004683846607804298,3.985985517501831,0.014730341732501984,0.15127777748416538,0.49604018462572613,0.30497081118136227
26008,6269,42,spearman,15,1,0.85,,True,False,False,4.604395604395604,7,0.010727315775251814,0.005041628144681454,3.985565423965454,0.01488293893635273,0.14018951181403766,0.4472117225415313,0.31347459099913283
26008,6269,42,spearman,15,1,0.85,,True,False,False,4.604395604395604,8,0.010376245116016694,0.00511796772480011,3.984835624694824,0.014272354543209076,0.13189481386776708,0.42142065025014647,0.3129766274841162
26008,6269,42,spearman,15,1,0.85,,True,False,False,4.604395604395604,9,0.010265199583955109,0.004549213219434023,3.9836745262145996,0.014376441948115826,0.13548284554386306,0.4204804919462996,0.3222095867430721
26008,6269,42,spearman,15,1,0.85,,True,False,False,4.604395604395604,10,0.009678833702180003,0.005647174548357725,3.9818503856658936,0.014135550707578659,0.12232632795056415,0.3764936881958677,0.3249093724158265
26008,6269,42,spearman,15,1,0.85,,True,False,False,4.604395604395604,11,0.010154802609966802,0.004427487961947918,3.979898452758789,0.014044064097106457,0.1395870343188182,0.4194638795723246,0.3327748612366935
26008,6269,42,spearman,15,1,0.85,,True,False,False,4.604395604395604,12,0.009752292626736951,0.0038545243442058563,3.9779677391052246,0.01386457122862339,0.13365917585324738,0.40129662411452116,0.333068278727336
26008,6269,42,spearman,15,1,0.85,,True,False,False,4.604395604395604,13,0.008965050435758062,0.004397677257657051,3.9764132499694824,0.014204445295035839,0.11778315969526634,0.34238152697057583,0.34401143290959324
26008,6269,42,spearman,15,1,0.85,,True,False,False,4.604395604395604,14,0.008877466029454288,0.004472417291253805,3.974825620651245,0.014237922616302967,0.11553445568063696,0.33725429571445426,0.3425737111384783
26008,6269,42,spearman,15,1,0.85,,True,False,False,4.604395604395604,15,0.008905367551571024,0.003789764828979969,3.9718968868255615,0.014141525141894817,0.12170790576225432,0.34624959126133054,0.35150339186983837
26008,6269,42,spearman,15,1,0.85,,True,False,False,4.604395604395604,16,0.008415270164342863,0.00370191247202456,3.9702577590942383,0.013964332640171051,0.1114027159796122,0.31513774155073676,0.3535048370628848
26008,6269,42,spearman,15,1,0.85,,True,False,False,4.604395604395604,17,0.008072036285219448,0.003735045902431011,3.969320774078369,0.014191346243023872,0.10332577305867179,0.28945287268203584,0.35696924373529454
26008,6269,42,spearman,15,1,0.85,,True,False,False,4.604395604395604,18,0.007926378473972104,0.0035724302288144827,3.968315362930298,0.01443522796034813,0.10375867890091965,0.28549263385396256,0.36343732410844504
26008,6269,42,spearman,15,1,0.85,,True,False,False,4.604395604395604,19,0.007718851640155273,0.0032446712721139193,3.9670965671539307,0.014237055554986,0.10143137728252791,0.2731135152337396,0.3713890804537746
26008,6269,42,spearman,15,1,0.85,,True,False,False,4.604395604395604,20,0.007362681332909103,0.004146413411945105,3.964611530303955,0.014534998685121536,0.09426534946247486,0.25201978796442925,0.3740394761200485
26008,6269,42,spearman,15,1,0.85,,True,False,False,4.604395604395604,21,0.00772292837999495,0.00288707809522748,3.9620540142059326,0.01415309589356184,0.11266710815761198,0.29078267835131194,0.38746155306095864
26008,6269,42,spearman,15,1,0.85,,True,False,False,4.604395604395604,22,0.007090811301687998,0.0039022124838083982,3.959989309310913,0.014189612120389938,0.09120289177693794,0.24101418718236414,0.37841295918215206
26008,6269,42,spearman,15,1,0.85,,True,False,False,4.604395604395604,23,0.007455949605043445,0.0026287680957466364,3.956277847290039,0.01394580490887165,0.11178370225706447,0.2776875391877269,0.4025521007663656
26008,6269,42,spearman,15,1,0.85,,True,False,False,4.604395604395604,24,0.006723958583149526,0.0031406243797391653,3.9542949199676514,0.013999424874782562,0.08284915424536421,0.21540774920819836,0.3846154771567818
26008,6269,42,spearman,15,1,0.85,,True,False,False,4.604395604395604,25,0.006818524595083935,0.0023401326034218073,3.951150417327881,0.014147693291306496,0.09525568790798544,0.23134397479094887,0.41174916266416844
26008,6269,42,spearman,15,1,0.85,,True,False,False,4.604395604395604,26,0.006365618269358363,0.0021454759407788515,3.9502201080322266,0.013653960078954697,0.07760009372114277,0.1876072928815253,0.4136304752807977
26008,6269,42,spearman,15,1,0.85,,True,False,False,4.604395604395604,27,0.006237862294905686,0.00209742016158998,3.948915481567383,0.013774532824754715,0.0755888000221985,0.17826000343462295,0.424036792131538
26008,6269,42,spearman,15,1,0.85,,True,False,False,4.604395604395604,28,0.006104573449452541,0.0021091660019010305,3.9481120109558105,0.013307226821780205,0.07228014801265177,0.16922957295564625,0.42711298474509957
26008,6269,42,spearman,15,1,0.85,,True,False,False,4.604395604395604,29,0.005816359962669334,0.0023571208585053682,3.947348117828369,0.013116808608174324,0.06015943873807368,0.13554525140632495,0.4438328758363469
26008,6269,42,spearman,15,1,0.85,,True,False,False,4.604395604395604,30,0.0056588346570996305,0.0035038620699197054,3.94620680809021,0.012884724885225296,0.05403540353265056,0.1260634977791374,0.4286363974042008
26008,6269,42,spearman,15,1,0.85,,True,False,False,4.604395604395604,31,0.006038986844941974,0.003317043883726001,3.943918228149414,0.0130432965233922,0.08456797713830198,0.2050323082778933,0.4124617132206753
26008,6269,42,spearman,15,1,0.85,,True,False,False,4.604395604395604,32,0.006286495198894825,0.003419396700337529,3.9417498111724854,0.012820147909224033,0.09947330283446108,0.24507133557713828,0.4058952981987774
26008,6269,42,spearman,15,1,0.85,,True,False,False,4.604395604395604,33,0.006554374388152999,0.0022289082407951355,3.9409823417663574,0.01319693960249424,0.11929323017346462,0.2813497131816888,0.42400338292153855
26008,6269,42,spearman,15,1,0.85,,True,False,False,4.604395604395604,34,0.005805331074433135,0.0027362999971956015,3.9382736682891846,0.013637306168675423,0.08097119301863691,0.18360769645796873,0.4410010831802562
26008,6269,42,spearman,15,1,0.85,,True,False,False,4.604395604395604,35,0.006730565102770925,0.0022484969813376665,3.9378318786621094,0.014081865549087524,0.09436256252518609,0.222918401424137,0.4233053974993446
26008,6269,42,spearman,15,1,0.85,,True,False,False,4.604395604395604,36,0.006565856905321458,0.0031042329501360655,3.9372804164886475,0.013487298972904682,0.1033547591276144,0.2422873255742045,0.4265793057158234
26008,6269,42,spearman,15,1,0.85,,True,False,False,4.604395604395604,37,0.0062233790771902674,0.007953447289764881,3.9427504539489746,0.014879442751407623,0.075760579693389,0.1801230812771005,0.42060450640647584
26008,6269,42,spearman,15,1,0.85,,True,False,False,4.604395604395604,38,0.007881904877389647,0.006390906870365143,3.936079978942871,0.013913823291659355,0.13736040621362308,0.3442670883048494,0.3989937199329118
26008,6269,42,spearman,15,1,0.85,,True,False,False,4.604395604395604,39,0.008577218013150352,0.0025015787687152624,3.928642988204956,0.013898318633437157,0.17592389861988028,0.395062799475848,0.4453061610782972
26008,6269,42,spearman,15,1,0.85,,True,False,False,4.604395604395604,40,0.005822145454918167,0.0021513481624424458,3.9255590438842773,0.013919981196522713,0.07093623577677326,0.18044094674917943,0.3931271535334189
26008,6269,42,spearman,15,1,0.85,,True,False,False,4.604395604395604,41,0.005308501401616793,0.002641811268404126,3.919544219970703,0.013839099556207657,0.06354478970704011,0.14086606036290333,0.45110078000962783
26008,6269,42,spearman,15,1,0.85,,True,False,False,4.604395604395604,42,0.005871594937551501,0.003374957712367177,3.919672727584839,0.014007970690727234,0.0819695735432231,0.2007884306559229,0.40823852885866907
26008,6269,42,spearman,15,1,0.85,,True,False,False,4.604395604395604,43,0.006000988779955411,0.0044622113928198814,3.9161925315856934,0.013334417715668678,0.08238088699203801,0.19462920874627657,0.4232709341125077
26008,6269,42,spearman,15,1,0.85,,True,False,False,4.604395604395604,44,0.006230197056928384,0.005691891070455313,3.9130454063415527,0.0130534078925848,0.11229252104781565,0.256915578111036,0.43707945572240475
26008,6269,42,spearman,15,1,0.85,,True,False,False,4.604395604395604,45,0.006476147881975132,0.0028733108192682266,3.9066851139068604,0.012888188473880291,0.1408193361809873,0.30883390199699345,0.45597110702536225
26008,6269,42,spearman,15,1,0.85,,True,False,False,4.604395604395604,46,0.005573898088186979,0.003396520623937249,3.9039196968078613,0.013103372417390347,0.08004290724021412,0.1957046902466054,0.4089984105079133
26008,6269,42,spearman,15,1,0.85,,True,False,False,4.604395604395604,47,0.007705409441509151,0.00428771460428834,3.9066669940948486,0.014086801558732986,0.10580004145599707,0.2663042623402795,0.39729007912164066
26008,6269,42,spearman,15,1,0.85,,True,False,False,4.604395604395604,48,0.008089035645493172,0.00499147130176425,3.8988053798675537,0.014732989482581615,0.10286745425879826,0.2400307979729315,0.4285593979068059
26008,6269,42,spearman,15,1,0.85,,True,False,False,4.604395604395604,49,0.009598466135295374,0.0024538079742342234,3.892531394958496,0.012777954339981079,0.19701450268644133,0.44965286036385865,0.43814800272054144
26008,6269,42,spearman,15,1,0.85,,True,False,False,4.604395604395604,50,0.006875131237653217,0.006480738054960966,3.8930747509002686,0.012997729703783989,0.0921221414856048,0.24879360932482888,0.37027535287274355
26008,6269,42,spearman,15,1,0.85,,True,False,False,4.604395604395604,51,0.00605270649040384,0.00755290174856782,3.878563165664673,0.012749803252518177,0.08571549911982565,0.21074606743472102,0.4067240739662649
26008,6269,42,spearman,15,1,0.85,,True,False,False,4.604395604395604,52,0.008537489255624158,0.0024271763395518064,3.86916184425354,0.012414837256073952,0.18706645979438988,0.4130520859804494,0.45288830668873864
26008,6269,42,spearman,15,1,0.85,,True,False,False,4.604395604395604,53,0.005373993156743901,0.002285867230966687,3.872382402420044,0.013176843523979187,0.06803285993462195,0.1726424408994112,0.39406799150775856
26008,6269,42,spearman,15,1,0.85,,True,False,False,4.604395604395604,54,0.004728231321288539,0.0050188652239739895,3.8675308227539062,0.013663348741829395,0.04981507319402658,0.11314896741092384,0.44026096157530625
26008,6269,42,spearman,15,1,0.85,,True,False,False,4.604395604395604,55,0.005329322510598493,0.002448274288326502,3.85957407951355,0.013296959921717644,0.08335177717369638,0.2138275542533146,0.3898084017486465
26008,6269,42,spearman,15,1,0.85,,True,False,False,4.604395604395604,56,0.004802510267057057,0.0029746515210717916,3.857081651687622,0.013135019689798355,0.06887313907519924,0.16872011151991878,0.4082094212382025
26008,6269,42,spearman,15,1,0.85,,True,False,False,4.604395604395604,57,0.005878735820130844,0.008091703988611698,3.860821485519409,0.013927347958087921,0.08929230046183131,0.2336073684455749,0.3822323801496532
26008,6269,42,spearman,15,1,0.85,,True,False,False,4.604395604395604,58,0.0071888302086985535,0.002649543574079871,3.853816270828247,0.01433306559920311,0.10226341342599247,0.27688107311670657,0.36934057021123534
26008,6269,42,spearman,15,1,0.85,,True,False,False,4.604395604395604,59,0.006707556603942066,0.003227484878152609,3.8492543697357178,0.013334662653505802,0.14533276538869913,0.30322332873340013,0.4792928235280975
26008,6269,42,spearman,15,1,0.85,,True,False,False,4.604395604395604,60,0.007532046850038958,0.011502671055495739,3.85892653465271,0.013729718513786793,0.10488971894510422,0.27729259844133153,0.3782636807989598
26008,6269,42,spearman,15,1,0.85,,True,False,False,4.604395604395604,61,0.008183721918612719,0.006136673036962748,3.860792875289917,0.013666599057614803,0.1138424339208669,0.29386548418123176,0.38739641110852946
26008,6269,42,spearman,15,1,0.85,,True,False,False,4.604395604395604,62,0.008181778223453355,0.0019343449966982007,3.8512654304504395,0.01240847073495388,0.13428488982356207,0.3268797173604469,0.41080826582787544
26008,6269,42,spearman,15,1,0.85,,True,False,False,4.604395604395604,63,0.005386250293148416,0.004262498114258051,3.849351167678833,0.012669642455875874,0.05375537394648836,0.1295107770930947,0.4150648706820202
26008,6269,42,spearman,15,1,0.85,,True,False,False,4.604395604395604,64,0.005347292853652367,0.002687290543690324,3.8483145236968994,0.012683600187301636,0.06624614641203264,0.17727786761104092,0.3736853748546168
26008,6269,42,spearman,15,1,0.85,,True,False,False,4.604395604395604,65,0.004632122681609222,0.003279212862253189,3.844147205352783,0.012753629125654697,0.045738469155127824,0.11246230207680599,0.4067004525968541
26008,6269,42,spearman,15,1,0.85,,True,False,False,4.604395604395604,66,0.0046543063737252465,0.002495660912245512,3.8415098190307617,0.01278185285627842,0.06273722764355259,0.15062852589347187,0.416502964966313
26008,6269,42,spearman,15,1,0.85,,True,False,False,4.604395604395604,67,0.004312020102848432,0.0032261055894196033,3.8406665325164795,0.012864930555224419,0.04452713107098982,0.10037373592783445,0.44361336816794195
26008,6269,42,spearman,15,1,0.85,,True,False,False,4.604395604395604,68,0.004319798084907234,0.002277407795190811,3.8386878967285156,0.012879112735390663,0.05985452220333894,0.14377169451378705,0.4163164550945934
26008,6269,42,spearman,15,1,0.85,,True,False,False,4.604395604395604,69,0.003961985972377339,0.003115662606433034,3.8374106884002686,0.01299292966723442,0.04075514379355483,0.08886712001539403,0.4586076806138918
26008,6269,42,spearman,15,1,0.85,,True,False,False,4.604395604395604,70,0.004007922327478549,0.0022288064938038588,3.836005926132202,0.013019436970353127,0.05670545187164303,0.1322830449129839,0.4286675734483988
26008,6269,42,spearman,15,1,0.85,,True,False,False,4.604395604395604,71,0.003810319542286119,0.0032731613609939814,3.835916042327881,0.013139758259057999,0.042668851036168444,0.08996042293775204,0.47430691900169003
26008,6269,42,spearman,15,1,0.85,,True,False,False,4.604395604395604,72,0.0037778336762650205,0.0021645845845341682,3.834165334701538,0.013172928243875504,0.05554684106541226,0.13349323508527616,0.41610229184656844
26008,6269,42,spearman,15,1,0.85,,True,False,False,4.604395604395604,73,0.0034308113598464324,0.0031581087969243526,3.8327910900115967,0.013208883814513683,0.03982245299943521,0.08778954329467432,0.45361271404856923
26008,6269,42,spearman,15,1,0.85,,True,False,False,4.604395604395604,74,0.003405972200978015,0.002285611815750599,3.832024097442627,0.01330792810767889,0.0470624286617309,0.11302342895700122,0.41639533586632727
26008,6269,42,spearman,15,1,0.85,,True,False,False,4.604395604395604,75,0.003162924216927162,0.002725206781178713,3.8306121826171875,0.013259947299957275,0.04003054676289546,0.08557780202899533,0.4677678768714416
26008,6269,42,spearman,15,1,0.85,,True,False,False,4.604395604395604,76,0.0030866110714019407,0.0024799127131700516,3.8302135467529297,0.013341602869331837,0.03987538840159156,0.08777212874194515,0.45430581407422704
26008,6269,42,spearman,15,1,0.85,,True,False,False,4.604395604395604,77,0.0029947542893101592,0.0024726190604269505,3.8291637897491455,0.013329804874956608,0.04057049243794714,0.08779079485001316,0.46212695199762077
26008,6269,42,spearman,15,1,0.85,,True,False,False,4.604395604395604,78,0.0029336104967764448,0.002806004835292697,3.8294618129730225,0.01342411246150732,0.040050083182532295,0.0807664951186965,0.4958749679948076
26008,6269,42,spearman,15,1,0.85,,True,False,False,4.604395604395604,79,0.0030777499611888614,0.002226190408691764,3.8280067443847656,0.013386850245296955,0.04946938026490964,0.10637509512056098,0.465046637169895
26008,6269,42,spearman,15,1,0.85,,True,False,False,4.604395604395604,80,0.003324001911096275,0.0036808783188462257,3.829904556274414,0.013368023559451103,0.04805519102368506,0.10526464646980094,0.45651785889021107
26008,6269,42,spearman,15,1,0.85,,True,False,False,4.604395604395604,81,0.0032041979471354614,0.0021809223107993603,3.827500820159912,0.01341320015490055,0.0556887360348305,0.14084576594295078,0.395388073341102
26008,6269,42,spearman,15,1,0.85,,True,False,False,4.604395604395604,82,0.002869960619136691,0.0027745112311095,3.826033592224121,0.013169609010219574,0.04609730645183183,0.10722779530729758,0.429900720417635
26008,6269,42,spearman,15,1,0.85,,True,False,False,4.604395604395604,83,0.0028402395754320814,0.0033758480567485094,3.8268637657165527,0.01344243437051773,0.04540793285409967,0.09365166665272966,0.48485984795115555
26008,6269,42,spearman,15,1,0.85,,True,False,False,4.604395604395604,84,0.0033031810141567674,0.002596121747046709,3.823554754257202,0.013180401176214218,0.06965535444949442,0.1645760983914814,0.4232410120902258
26008,6269,42,spearman,15,1,0.85,,True,False,False,4.604395604395604,85,0.003995158609801105,0.006115488242357969,3.8260672092437744,0.013245398178696632,0.07598501734994315,0.19833748440642546,0.3831097161334087
26008,6269,42,spearman,15,1,0.85,,True,False,False,4.604395604395604,86,0.004047465036689703,0.00212374166585505,3.8227221965789795,0.013309769332408905,0.08054019754284318,0.22750890354379324,0.35400899168320227
26008,6269,42,spearman,15,1,0.85,,True,False,False,4.604395604395604,87,0.003019726136699319,0.0027580573223531246,3.818896770477295,0.012928811833262444,0.055914576213091684,0.12677891914038922,0.4410400135272756
26008,6269,42,spearman,15,1,0.85,,True,False,False,4.604395604395604,88,0.003336830355692655,0.0044572982005774975,3.822664499282837,0.013630659319460392,0.05784756607586582,0.11597370980050363,0.49879896206541635
26008,6269,42,spearman,15,1,0.85,,True,False,False,4.604395604395604,89,0.003184808850554483,0.0022744399029761553,3.818363666534424,0.012460087426006794,0.07017462398103068,0.18608879481340845,0.37710289891993654
26008,6269,42,spearman,15,1,0.85,,True,False,False,4.604395604395604,90,0.0026183357237771687,0.003511282382532954,3.816300630569458,0.01225414127111435,0.04868499757131807,0.11979984162257472,0.40638615971039505
26008,6269,42,spearman,15,1,0.85,,True,False,False,4.604395604395604,91,0.0026094764180015773,0.002506054937839508,3.817091941833496,0.012296092696487904,0.04937832809171135,0.12182962951358621,0.40530639622276343
26008,6269,42,spearman,15,1,0.85,,True,False,False,4.604395604395604,92,0.002576852761974026,0.002377172699198127,3.8141322135925293,0.012155167758464813,0.05599653201895526,0.11979112417874846,0.4674514276611311
26008,6269,42,spearman,15,1,0.85,,True,False,False,4.604395604395604,93,0.003228462692017534,0.006236586254090071,3.817047595977783,0.0124585572630167,0.06727168486855027,0.16839740062616373,0.39948172963483886
26008,6269,42,spearman,15,1,0.85,,True,False,False,4.604395604395604,94,0.0038251755010735777,0.0023039556108415127,3.813886880874634,0.012506143189966679,0.08907640254192344,0.24697594781749183,0.3606683295629568
26008,6269,42,spearman,15,1,0.85,,True,False,False,4.604395604395604,95,0.0026903425459749997,0.0032755527645349503,3.811537981033325,0.01247582770884037,0.058247625516879495,0.14415894896869905,0.404051402519053
26008,6269,42,spearman,15,1,0.85,,True,False,False,4.604395604395604,96,0.0028229508773490253,0.0035499681252986193,3.8141274452209473,0.01284189336001873,0.05430169474467302,0.11960043145968444,0.4540259101199255
26008,6269,42,spearman,15,1,0.85,,True,False,False,4.604395604395604,97,0.0024984801711980253,0.0022718580439686775,3.810516119003296,0.0122208371758461,0.05964034858490227,0.13960025835841208,0.42722233673345644
26008,6269,42,spearman,15,1,0.85,,True,False,False,4.604395604395604,98,0.002084464599777545,0.0029403376393020153,3.8091795444488525,0.012233995832502842,0.03827461657005042,0.08387774255066882,0.45631433805545246
26008,6269,42,spearman,15,1,0.85,,True,False,False,4.604395604395604,99,0.002026354910672775,0.0024377023801207542,3.8094208240509033,0.012189849279820919,0.04188359927766468,0.09815565379771818,0.4267059273381524
26008,6269,42,spearman,15,1,0.85,,True,False,False,4.604395604395604,100,0.001888818061810785,0.0026335245929658413,3.8090903759002686,0.012224173173308372,0.032794963828947636,0.07002565159676563,0.468327863870874
26008,6269,42,spearman,15,1,0.85,,True,False,False,4.604395604395604,101,0.0018590590334497392,0.0024039647541940212,3.808867931365967,0.012195399031043053,0.03768319549249372,0.08412348675124574,0.4479509462497135
26008,6269,42,spearman,15,1,0.85,,True,False,False,4.604395604395604,102,0.001788864897597315,0.002662483137100935,3.8086369037628174,0.012215347960591316,0.03248982146127979,0.06784472583321842,0.478884998970592
26008,6269,42,spearman,15,1,0.85,,True,False,False,4.604395604395604,103,0.0017803711982976114,0.00235544890165329,3.8084092140197754,0.012194626033306122,0.03663951422872065,0.08110815827290749,0.45173648383170834
26008,6269,42,spearman,15,1,0.85,,True,False,False,4.604395604395604,104,0.00171096229210629,0.0025981273502111435,3.8081703186035156,0.012204748578369617,0.031651240236182494,0.0664884767632981,0.47604098900304576
26008,6269,42,spearman,15,1,0.85,,True,False,False,4.604395604395604,105,0.0017065606412610837,0.0023548093158751726,3.80796217918396,0.012199582532048225,0.03539302325251034,0.07758860891884481,0.45616262161722915
26008,6269,42,spearman,15,1,0.85,,True,False,False,4.604395604395604,106,0.0016549807291344873,0.0025865493807941675,3.8076882362365723,0.012219289317727089,0.03138848169070578,0.0658646245417361,0.47656054989487473
26008,6269,42,spearman,15,1,0.85,,True,False,False,4.604395604395604,107,0.001656413057519655,0.0023408420383930206,3.807560920715332,0.012196340598165989,0.034737577464578305,0.07622056782467101,0.4557507042459833
26008,6269,42,spearman,15,1,0.85,,True,False,False,4.604395604395604,108,0.0016065430494823626,0.0026159207336604595,3.807352304458618,0.012220581993460655,0.031373156849238186,0.06478634887647725,0.4842556710298727
26008,6269,42,spearman,15,1,0.85,,True,False,False,4.604395604395604,109,0.0016157128515520266,0.0023192400112748146,3.807135581970215,0.012186629697680473,0.03462347511096967,0.0760935388266644,0.4550120239431161
26008,6269,42,spearman,15,1,0.85,,True,False,False,4.604395604395604,110,0.0015706376663209604,0.002645248081535101,3.8069677352905273,0.012205805629491806,0.030525003171256067,0.06424327420026835,0.4751470648215096
26008,6269,42,spearman,15,1,0.85,,True,False,False,4.604395604395604,111,0.0015887615944458438,0.0023012205492705107,3.8067877292633057,0.01217057928442955,0.03514460409619552,0.0779299067978719,0.4509771093002804
26008,6269,42,spearman,15,1,0.85,,True,False,False,4.604395604395604,112,0.0015434976625588856,0.002690449357032776,3.8066163063049316,0.01219255942851305,0.030484964793148835,0.06428734350174896,0.47419854565689556
26008,6269,42,spearman,15,1,0.85,,True,False,False,4.604395604395604,113,0.0015690571079695864,0.0022615590132772923,3.8064823150634766,0.012164009734988213,0.035712200312469904,0.08001783745487698,0.44630299253166067
26008,6269,42,spearman,15,1,0.85,,True,False,False,4.604395604395604,114,0.0015259436581150762,0.002759519498795271,3.806345224380493,0.012178006581962109,0.03054524958205896,0.06574094328645977,0.46463053395045417
26008,6269,42,spearman,15,1,0.85,,True,False,False,4.604395604395604,115,0.0015590036886611155,0.0022332272492349148,3.806224822998047,0.01214728131890297,0.03656510176558003,0.08401910910826414,0.43519982719679035
26008,6269,42,spearman,15,1,0.85,,True,False,False,4.604395604395604,116,0.001499300847561764,0.0027938673738390207,3.8060662746429443,0.012161597609519958,0.030413491658869207,0.06689814794287756,0.454623821340821
26008,6269,42,spearman,15,1,0.85,,True,False,False,4.604395604395604,117,0.0015316141694451549,0.002215349581092596,3.8059709072113037,0.01213655062019825,0.03608103161559243,0.08449919378885205,0.4269985309602514
26008,6269,42,spearman,15,1,0.85,,True,False,False,4.604395604395604,118,0.0014746095153636166,0.0028298888355493546,3.805771589279175,0.012132814154028893,0.030814015996923867,0.06791407430104719,0.45372062144112907
26008,6269,42,spearman,15,1,0.85,,True,False,False,4.604395604395604,119,0.0015101160928939603,0.002211423823609948,3.805607318878174,0.012058941647410393,0.03621999654762182,0.0862347491374003,0.4200162568976857
26008,6269,42,spearman,15,1,0.85,,True,False,False,4.604395604395604,120,0.001449983608576336,0.002823903225362301,3.8053667545318604,0.012101719155907631,0.03031690857822212,0.06862718533008547,0.4417623778676193
26008,6269,42,spearman,15,1,0.85,,True,False,False,4.604395604395604,121,0.0014756796673672007,0.002204606542363763,3.8051846027374268,0.012064262293279171,0.035942389421634406,0.08487636982945779,0.4234675622134881
26008,6269,42,spearman,15,1,0.85,,True,False,False,4.604395604395604,122,0.0014204473783528166,0.002847054973244667,3.805016279220581,0.012050777673721313,0.02999094716147994,0.06761452495248745,0.4435577589594979
26008,6269,42,spearman,15,1,0.85,,True,False,False,4.604395604395604,123,0.0014510818831955216,0.002200992777943611,3.8047728538513184,0.011980783194303513,0.03541272299158668,0.08507317589118917,0.41626191358442083
26008,6269,42,spearman,15,1,0.85,,True,False,False,4.604395604395604,124,0.0014069842311853012,0.002890743548050523,3.8045766353607178,0.012021102011203766,0.030326719567737224,0.07009728091608493,0.4326376026426674
26008,6269,42,spearman,15,1,0.85,,True,False,False,4.604395604395604,125,0.0014427985339092889,0.0021788429003208876,3.8043785095214844,0.01197777222841978,0.036282806414958325,0.0887067387187513,0.4090197310667183
26008,6269,42,spearman,15,1,0.85,,True,False,False,4.604395604395604,126,0.0013920940941066615,0.002947496483102441,3.8042545318603516,0.011992235668003559,0.030378754368816714,0.07199921632183806,0.42193173648725685
26008,6269,42,spearman,15,1,0.85,,True,False,False,4.604395604395604,127,0.0014256418424858047,0.0021673624869436026,3.8040049076080322,0.011935917660593987,0.036257518449364555,0.08949718253653124,0.40512469131818446
26008,6269,42,spearman,15,1,0.85,,True,False,False,4.604395604395604,128,0.0013705313779480224,0.0029471400193870068,3.8038134574890137,0.011982636526226997,0.030223186979283227,0.07249039461925486,0.4169267823359101
26008,6269,42,spearman,15,1,0.85,,True,False,False,4.604395604395604,129,0.0014027882591887777,0.002163154538720846,3.803560256958008,0.011919436976313591,0.03600134833536583,0.08913687866329724,0.403888366687735
26008,6269,42,spearman,15,1,0.85,,True,False,False,4.604395604395604,130,0.0013471968289065575,0.0029535407666116953,3.803435802459717,0.011929568834602833,0.0301398733928393,0.07239847580415963,0.41630535805687935
26008,6269,42,spearman,15,1,0.85,,True,False,False,4.604395604395604,131,0.0013213018308826058,0.0023433025926351547,3.8034603595733643,0.01186263095587492,0.03310516170626585,0.07884162237347772,0.4198944759029022
26008,6269,42,spearman,15,1,0.85,,True,False,False,4.604395604395604,132,0.0012444677600537293,0.0024180349428206682,3.8029088973999023,0.011871512979269028,0.025934187211349585,0.05571003642536715,0.4655209164263825
26008,6269,42,spearman,15,1,0.85,,True,False,False,4.604395604395604,133,0.001215982296603865,0.002492529572919011,3.8029465675354004,0.011871480382978916,0.027195671536221214,0.058663521769906926,0.46358743415415604
26008,6269,42,spearman,15,1,0.85,,True,False,False,4.604395604395604,134,0.0012039764114888385,0.0024321184027940035,3.8028972148895264,0.01186870876699686,0.02600661302253252,0.05590955476342985,0.4651550729049654
26008,6269,42,spearman,15,1,0.85,,True,False,False,4.604395604395604,135,0.0011958120137153725,0.0024501928128302097,3.8027782440185547,0.011865328997373581,0.025870288772824924,0.05574882280699502,0.4640508529108318
26008,6269,42,spearman,15,1,0.85,,True,False,False,4.604395604395604,136,0.001189313641849107,0.0024452644865959883,3.8027234077453613,0.011861462146043777,0.025686996157281917,0.05551651050896964,0.462691115153375
26008,6269,42,spearman,15,1,0.85,,True,False,False,4.604395604395604,137,0.0011824454933438183,0.002447712467983365,3.8026294708251953,0.011857000179588795,0.025799814048736696,0.05530459540215667,0.4665039832705132
26008,6269,42,spearman,15,1,0.85,,True,False,False,4.604395604395604,138,0.001176332838700286,0.0024415170773863792,3.8025426864624023,0.011857697740197182,0.025463231302593786,0.0550476678281326,0.4625669407400037
26008,6269,42,spearman,15,1,0.85,,True,False,False,4.604395604395604,139,0.0011700081896768616,0.0024451161734759808,3.8024582862854004,0.011856523342430592,0.02553560212131317,0.05492277796620217,0.46493646291092694
26008,6269,42,spearman,15,1,0.85,,True,False,False,4.604395604395604,140,0.0011639645776345528,0.002445741556584835,3.8023619651794434,0.011855686083436012,0.024960181240323676,0.05441401084284618,0.4587087195603499
26008,6269,42,spearman,15,1,0.85,,True,False,False,4.604395604395604,141,0.0011576476577569597,0.002448971616104245,3.80226469039917,0.011850574985146523,0.025576105702441947,0.05448657987659916,0.46940192906027756
26008,6269,42,spearman,15,1,0.85,,True,False,False,4.604395604395604,142,0.001152042521945467,0.0024454311933368444,3.802217483520508,0.011849645525217056,0.02498645652694858,0.054393509487937655,0.45936466982389196
26008,6269,42,spearman,15,1,0.85,,True,False,False,4.604395604395604,143,0.0011451320086572586,0.0024516533594578505,3.8021304607391357,0.011850439012050629,0.02503220605112528,0.053668823066128975,0.46641988067848983
26008,6269,42,spearman,15,1,0.85,,True,False,False,4.604395604395604,144,0.0011395942107940624,0.0024488712660968304,3.8020458221435547,0.011844350025057793,0.024657843155469785,0.05388557971954593,0.4575963232342853
26008,6269,42,spearman,15,1,0.85,,True,False,False,4.604395604395604,145,0.0011328816451298604,0.0024554813280701637,3.801973581314087,0.01184532418847084,0.02469926298511112,0.053237765170797646,0.46394252097936284
26008,6269,42,spearman,15,1,0.85,,True,False,False,4.604395604395604,146,0.001127771006265123,0.0024542396422475576,3.8019208908081055,0.011843129992485046,0.024862392097548976,0.05336934424811879,0.4658553041516806
26008,6269,42,spearman,15,1,0.85,,True,False,False,4.604395604395604,147,0.0011216350831091404,0.0024557034485042095,3.8018240928649902,0.011837953701615334,0.024346377374656464,0.05259982634182845,0.46286041356818836
26008,6269,42,spearman,15,1,0.85,,True,False,False,4.604395604395604,148,0.0011165396697054217,0.0024514878168702126,3.80177640914917,0.0118339192122221,0.024615292986509652,0.05302206813081297,0.4642461875556416
26008,6269,42,spearman,15,1,0.85,,True,False,False,4.604395604395604,149,0.001110734386851878,0.0024659628979861736,3.8017027378082275,0.011831983923912048,0.02419238324112007,0.05202601101005707,0.4650055380178671
26008,6269,42,spearman,15,1,0.85,,True,False,False,4.604395604395604,150,0.0011053979272089367,0.0024556589778512716,3.8016345500946045,0.011834230273962021,0.024230252837583278,0.05275996661237844,0.45925451422554864
26008,6269,42,spearman,15,1,0.85,,True,False,False,4.604395604395604,151,0.0010987622975205471,0.002468306804075837,3.8015151023864746,0.011829482391476631,0.024134069601205396,0.05144855072623119,0.46909133999048647
26008,6269,42,spearman,15,1,0.85,,True,False,False,4.604395604395604,152,0.0010936382272380538,0.0024631412234157324,3.8014726638793945,0.011831668205559254,0.024080296969056315,0.05216352072408538,0.461630975715106
26008,6269,42,spearman,15,1,0.85,,True,False,False,4.604395604395604,153,0.001086352937688519,0.0024749443400651217,3.801410436630249,0.011835461482405663,0.023448655712700467,0.05109334757294469,0.4589375491352269
26008,6269,42,spearman,15,1,0.85,,True,False,False,4.604395604395604,154,0.001080825403083249,0.002464783377945423,3.801306962966919,0.011837777681648731,0.023411362793671387,0.05108276864864476,0.4583025433535149
26008,6269,42,spearman,15,1,0.85,,True,False,False,4.604395604395604,155,0.0010751796549551987,0.002467013895511627,3.801182508468628,0.011845329776406288,0.023755156898341612,0.050814195954796394,0.4674905595083386
26008,6269,42,spearman,15,1,0.85,,True,False,False,4.604395604395604,156,0.0010692158643256075,0.002469545928761363,3.801161289215088,0.011846056208014488,0.023348337173940248,0.05076579209257861,0.45992264103554864
26008,6269,42,spearman,15,1,0.85,,True,False,False,4.604395604395604,157,0.0010632698862796783,0.002471459563821554,3.8010807037353516,0.01184146199375391,0.022877843179620955,0.04990304587598964,0.45844582785617016
26008,6269,42,spearman,15,1,0.85,,True,False,False,4.604395604395604,158,0.001058228535319878,0.0024678469635546207,3.8010194301605225,0.011846993118524551,0.022832906071729532,0.05011340947070337,0.45562467835324943
26008,6269,42,spearman,15,1,0.85,,True,False,False,4.604395604395604,159,0.001052419763124947,0.002472342923283577,3.8008944988250732,0.011838455684483051,0.023304286536371614,0.04969470064576225,0.4689491280372559
26008,6269,42,spearman,15,1,0.85,,True,False,False,4.604395604395604,160,0.001048186862525264,0.0024717275518924,3.800902843475342,0.011841118335723877,0.023054429664564013,0.04995510827803039,0.461502946521318
26008,6269,42,spearman,15,1,0.85,,True,False,False,4.604395604395604,161,0.0010405548091512173,0.0024751790333539248,3.800773859024048,0.011836515739560127,0.022432700919098433,0.04884300526138657,0.45928174973241453
26008,6269,42,spearman,15,1,0.85,,True,False,False,4.604395604395604,162,0.0010355090302514977,0.0024707200936973095,3.8007044792175293,0.011839175596833229,0.022552543312496225,0.04951060594069467,0.455509337515579
26008,6269,42,spearman,15,1,0.88,,True,False,False,1.4417582417582417,1,0.09257996132198189,0.015430701896548271,3.961350917816162,0.012194476090371609,0.7377261409838871,2.3568583887927574,0.31301250193544977
26008,6269,42,spearman,15,1,0.88,,True,False,False,1.4417582417582417,2,0.0231713716140283,0.008924594148993492,3.9856956005096436,0.01569412276148796,0.30647425156004104,1.0107435812560832,0.303216619173453
26008,6269,42,spearman,15,1,0.88,,True,False,False,1.4417582417582417,3,0.02030175254913047,0.003764259396120906,3.9849119186401367,0.014818672090768814,0.289634519484061,0.9440540692557573,0.30679865583555704
26008,6269,42,spearman,15,1,0.88,,True,False,False,1.4417582417582417,4,0.01355212988398437,0.004555341321974993,3.984788656234741,0.014682154171168804,0.18481095084480323,0.6112533577625542,0.30234754295827043
26008,6269,42,spearman,15,1,0.88,,True,False,False,1.4417582417582417,5,0.01166426476889423,0.005385661963373423,3.985530138015747,0.014795403927564621,0.151705825426336,0.5048985809120069,0.3004679180361465
26008,6269,42,spearman,15,1,0.88,,True,False,False,1.4417582417582417,6,0.011356434036445404,0.005545075982809067,3.985689401626587,0.014630239456892014,0.1479261985346889,0.4827422105020668,0.3064289704033436
26008,6269,42,spearman,15,1,0.88,,True,False,False,1.4417582417582417,7,0.01125258846773899,0.004781526047736406,3.9867515563964844,0.014744395390152931,0.15467660409452252,0.4841024359092753,0.3195121375575781
26008,6269,42,spearman,15,1,0.88,,True,False,False,1.4417582417582417,8,0.010612475527783058,0.004672093316912651,3.986332416534424,0.01475600153207779,0.1451232487542909,0.4479665228099224,0.32396003130694767
26008,6269,42,spearman,15,1,0.88,,True,False,False,1.4417582417582417,9,0.010104923450853676,0.0047782850451767445,3.9853949546813965,0.014771607704460621,0.13656690999144327,0.4134170465102414,0.3303369107391894
26008,6269,42,spearman,15,1,0.88,,True,False,False,1.4417582417582417,10,0.009845582435705833,0.004869389347732067,3.982415199279785,0.014043433591723442,0.13134473646337783,0.3954060798528302,0.33217682568748574
26008,6269,42,spearman,15,1,0.88,,True,False,False,1.4417582417582417,11,0.00977550191704982,0.004428399261087179,3.9798173904418945,0.014154946431517601,0.1324658925981463,0.39462154236506286,0.33567831042347646
26008,6269,42,spearman,15,1,0.88,,True,False,False,1.4417582417582417,12,0.009428516171673047,0.0044260285794734955,3.978562116622925,0.014221793040633202,0.12584124309108688,0.3733722859406295,0.3370395924639143
26008,6269,42,spearman,15,1,0.88,,True,False,False,1.4417582417582417,13,0.009168517676049046,0.004521275870501995,3.977062463760376,0.01437794603407383,0.12411926516163299,0.35916584267969337,0.3455764730722956
26008,6269,42,spearman,15,1,0.88,,True,False,False,1.4417582417582417,14,0.009043860299113606,0.004422494675964117,3.9754221439361572,0.014529560692608356,0.12105071523790685,0.3489885880245507,0.3468615289765415
26008,6269,42,spearman,15,1,0.88,,True,False,False,1.4417582417582417,15,0.008929568542433637,0.003739224513992667,3.9736039638519287,0.014555910602211952,0.12305514749077416,0.34885251238290216,0.35274261506637944
26008,6269,42,spearman,15,1,0.88,,True,False,False,1.4417582417582417,16,0.008375339950102248,0.0039770579896867275,3.9722559452056885,0.014802475459873676,0.10881137609492744,0.3067057943085789,0.3547744389370641
26008,6269,42,spearman,15,1,0.88,,True,False,False,1.4417582417582417,17,0.008183220068791084,0.003866798710078001,3.971404790878296,0.014865754172205925,0.10804517472552855,0.29555596342234364,0.3655658761679884
26008,6269,42,spearman,15,1,0.88,,True,False,False,1.4417582417582417,18,0.008063689822198026,0.0038427195977419615,3.9693989753723145,0.014343216083943844,0.10547389062611863,0.2920324728234118,0.36117178889738105
26008,6269,42,spearman,15,1,0.88,,True,False,False,1.4417582417582417,19,0.007937345063380365,0.0033244616352021694,3.9675610065460205,0.014399372041225433,0.10851966122280807,0.2906583008018374,0.3733582041973759
26008,6269,42,spearman,15,1,0.88,,True,False,False,1.4417582417582417,20,0.007546574110165238,0.0034791079815477133,3.9659790992736816,0.014510194770991802,0.09571244524544878,0.25813572581099015,0.370783412270333
26008,6269,42,spearman,15,1,0.88,,True,False,False,1.4417582417582417,21,0.007424942787370777,0.003277047071605921,3.963139057159424,0.014546908438205719,0.097620771765746,0.25426297731283193,0.3839362411195813
26008,6269,42,spearman,15,1,0.88,,True,False,False,1.4417582417582417,22,0.007246473122255078,0.003237132914364338,3.9617562294006348,0.014490337111055851,0.09376710290071079,0.24475179399228789,0.38311099326725373
26008,6269,42,spearman,15,1,0.88,,True,False,False,1.4417582417582417,23,0.007097945640063179,0.0031435848213732243,3.959437608718872,0.01446595974266529,0.0933519658466077,0.23944015469570015,0.3898759836872684
26008,6269,42,spearman,15,1,0.88,,True,False,False,1.4417582417582417,24,0.006989667009163115,0.0030429374892264605,3.958547830581665,0.014452286995947361,0.09331059668426563,0.2360551595565165,0.3952914939846076
26008,6269,42,spearman,15,1,0.88,,True,False,False,1.4417582417582417,25,0.0068217603755848745,0.0031697647646069527,3.9553301334381104,0.014443531632423401,0.09105908358719053,0.22564001497541022,0.40355910983568405
26008,6269,42,spearman,15,1,0.88,,True,False,False,1.4417582417582417,26,0.006831701595469245,0.0024576312862336636,3.9540657997131348,0.014213485643267632,0.09665021314207153,0.23739156404543,0.407134152092988
26008,6269,42,spearman,15,1,0.88,,True,False,False,1.4417582417582417,27,0.006376986408473125,0.0025874439161270857,3.9525184631347656,0.01439661905169487,0.07558649680251858,0.18481961429995847,0.40897443211538287
26008,6269,42,spearman,15,1,0.88,,True,False,False,1.4417582417582417,28,0.006290711807585987,0.0023112369235605,3.951242208480835,0.014147531241178513,0.08049102565457379,0.18806261520942108,0.42800120355932153
26008,6269,42,spearman,15,1,0.88,,True,False,False,1.4417582417582417,29,0.006072258984204382,0.0023642759770154953,3.9504501819610596,0.014558535069227219,0.0680365267263318,0.1588009749813959,0.4284389735886325
26008,6269,42,spearman,15,1,0.88,,True,False,False,1.4417582417582417,30,0.005962672647521166,0.0022323192097246647,3.948902130126953,0.015065323561429977,0.07064879440890921,0.16439687704307326,0.4297453557464412
26008,6269,42,spearman,15,1,0.88,,True,False,False,1.4417582417582417,31,0.005826660693855956,0.002265928080305457,3.9484763145446777,0.014836899936199188,0.06595796484985691,0.1501755293046518,0.43920580906102796
26008,6269,42,spearman,15,1,0.88,,True,False,False,1.4417582417582417,32,0.005742748633825353,0.0022808208595961332,3.947291374206543,0.015487398952245712,0.06796861334488505,0.15353679554685748,0.44268615286880336
26008,6269,42,spearman,15,1,0.88,,True,False,False,1.4417582417582417,33,0.005526138993445784,0.002356754383072257,3.9463248252868652,0.016385849565267563,0.05910685093250808,0.12838175149897627,0.4603991629800985
26008,6269,42,spearman,15,1,0.88,,True,False,False,1.4417582417582417,34,0.005395645961730874,0.002742805052548647,3.9456565380096436,0.016076214611530304,0.061209699898232946,0.13256437990437772,0.46173564830856845
26008,6269,42,spearman,15,1,0.88,,True,False,False,1.4417582417582417,35,0.005366414236570043,0.003050381550565362,3.9445254802703857,0.016506314277648926,0.06243097400000492,0.1417559921265405,0.4404115343768651
26008,6269,42,spearman,15,1,0.88,,True,False,False,1.4417582417582417,36,0.005489451120541032,0.0034318899270147085,3.9435312747955322,0.016538945958018303,0.08283359774600053,0.18910164120059195,0.43803743436417725
26008,6269,42,spearman,15,1,0.88,,True,False,False,1.4417582417582417,37,0.0057672197414961246,0.0036041783168911934,3.9422390460968018,0.015739548951387405,0.09791801230265991,0.2293928864096186,0.42685723099270123
26008,6269,42,spearman,15,1,0.88,,True,False,False,1.4417582417582417,38,0.005965358901968492,0.0030097137205302715,3.9399163722991943,0.015207154676318169,0.10955697313605539,0.2553127118712763,0.42910896340665866
26008,6269,42,spearman,15,1,0.88,,True,False,False,1.4417582417582417,39,0.005830540837320898,0.002381714526563883,3.939140558242798,0.013223866000771523,0.10206685261226975,0.2378137704535291,0.4291881517928555
26008,6269,42,spearman,15,1,0.88,,True,False,False,1.4417582417582417,40,0.005495290197099426,0.002908604685217142,3.9366683959960938,0.013422532938420773,0.08854446132518363,0.19745640611418883,0.44842536672894795
26008,6269,42,spearman,15,1,0.88,,True,False,False,1.4417582417582417,41,0.006082314415834844,0.0037206984125077724,3.9371228218078613,0.013515976257622242,0.09605017027567143,0.21845966725956423,0.43967003831928914
26008,6269,42,spearman,15,1,0.88,,True,False,False,1.4417582417582417,42,0.006256919528823346,0.0027224798686802387,3.93691349029541,0.01285818126052618,0.11012498076895165,0.2515296283393732,0.43782110877184255
26008,6269,42,spearman,15,1,0.88,,True,False,False,1.4417582417582417,43,0.0054366043810400045,0.010639909654855728,3.9358954429626465,0.013341126963496208,0.07418128325750746,0.15852140394800837,0.4679575212528989
26008,6269,42,spearman,15,1,0.88,,True,False,False,1.4417582417582417,44,0.00888508080970496,0.008446243591606617,3.927579641342163,0.01369482558220625,0.16083056590282255,0.3767595830631963,0.4268785005938881
26008,6269,42,spearman,15,1,0.88,,True,False,False,1.4417582417582417,45,0.010438556450286083,0.003012688597664237,3.9213738441467285,0.013734541833400726,0.2192105369109215,0.49284605961999567,0.44478500463105447
26008,6269,42,spearman,15,1,0.88,,True,False,False,1.4417582417582417,46,0.00595855010241004,0.0023288715165108442,3.917694568634033,0.013776790350675583,0.08501323224891978,0.2167175287525793,0.39227667802351546
26008,6269,42,spearman,15,1,0.88,,True,False,False,1.4417582417582417,47,0.005195403696104352,0.0025262031704187393,3.9110898971557617,0.013669305481016636,0.06641340120824474,0.15790691163644713,0.4205857775290376
26008,6269,42,spearman,15,1,0.88,,True,False,False,1.4417582417582417,48,0.005639652879576066,0.002766597783192992,3.9089226722717285,0.01411389373242855,0.08133943378882368,0.2021405674441245,0.40239044946237745
26008,6269,42,spearman,15,1,0.88,,True,False,False,1.4417582417582417,49,0.005565197643591091,0.003006195416674018,3.9029767513275146,0.014249545522034168,0.07718780741105838,0.18771327906466448,0.4112005703339565
26008,6269,42,spearman,15,1,0.88,,True,False,False,1.4417582417582417,50,0.005436454483840082,0.002562501933425665,3.9012439250946045,0.01445809192955494,0.09232942614108595,0.21603514494191758,0.427381508529466
26008,6269,42,spearman,15,1,0.88,,True,False,False,1.4417582417582417,51,0.004478122298938355,0.002454876434057951,3.8978590965270996,0.014719058759510517,0.05481463659094525,0.11386773201491182,0.48138867456572754
26008,6269,42,spearman,15,1,0.88,,True,False,False,1.4417582417582417,52,0.004769962289304074,0.0038768192753195763,3.8976495265960693,0.015318436548113823,0.06887945935832877,0.16267212490604557,0.42342509140818074
26008,6269,42,spearman,15,1,0.88,,True,False,False,1.4417582417582417,53,0.00547203332618145,0.0024475629907101393,3.892460584640503,0.015231626108288765,0.08865068637745564,0.2109421159802313,0.42026072396724884
26008,6269,42,spearman,15,1,0.88,,True,False,False,1.4417582417582417,54,0.004915921233727464,0.002807825803756714,3.8920435905456543,0.015285378322005272,0.08471727990306424,0.20196100765413785,0.4194734463185327
26008,6269,42,spearman,15,1,0.88,,True,False,False,1.4417582417582417,55,0.004589290911098942,0.002471007639542222,3.889645576477051,0.015374281443655491,0.0781699942211895,0.18411063830738622,0.4245816262407085
26008,6269,42,spearman,15,1,0.88,,True,False,False,1.4417582417582417,56,0.0042375362286942875,0.0057537672109901905,3.8863418102264404,0.015312333591282368,0.05582130112116381,0.12338533877230283,0.45241437658752043
26008,6269,42,spearman,15,1,0.88,,True,False,False,1.4417582417582417,57,0.005241746016378913,0.0027125494088977575,3.882809638977051,0.014886160381138325,0.12005791438570423,0.27425943052297763,0.43775309441987614
26008,6269,42,spearman,15,1,0.88,,True,False,False,1.4417582417582417,58,0.004334144843077021,0.0034213396720588207,3.88004469871521,0.014510080218315125,0.07770668255070619,0.17140853657751912,0.4533419636023214
26008,6269,42,spearman,15,1,0.88,,True,False,False,1.4417582417582417,59,0.006849472797642063,0.006439301185309887,3.8833913803100586,0.01470266468822956,0.10956794015235256,0.29039943760741405,0.37730080007971045
26008,6269,42,spearman,15,1,0.88,,True,False,False,1.4417582417582417,60,0.00946627722753744,0.006415733601897955,3.8708958625793457,0.014930695295333862,0.1356636406565883,0.33033130301775676,0.4106896301283476
26008,6269,42,spearman,15,1,0.88,,True,False,False,1.4417582417582417,61,0.010128231270105712,0.002611720934510231,3.8698604106903076,0.015480940230190754,0.2142216113617613,0.4637290500420141,0.4619542626063447
26008,6269,42,spearman,15,1,0.88,,True,False,False,1.4417582417582417,62,0.005870972826544728,0.0048679169267416,3.8776817321777344,0.014768569730222225,0.07428092181336354,0.1944414216443205,0.38202210817435267
26008,6269,42,spearman,15,1,0.88,,True,False,False,1.4417582417582417,63,0.006748820971032339,0.0022093120496720076,3.8668482303619385,0.014948009513318539,0.10520054462576674,0.25591516600509306,0.41107585090624144
26008,6269,42,spearman,15,1,0.88,,True,False,False,1.4417582417582417,64,0.005043324374128133,0.0026882425881922245,3.859221935272217,0.01420637872070074,0.08451671994500384,0.19368632268093752,0.4363587411579556
26008,6269,42,spearman,15,1,0.88,,True,False,False,1.4417582417582417,65,0.006062636488682723,0.011213964782655239,3.8512396812438965,0.015009818598628044,0.09953045314451034,0.24181323374730876,0.4116005216162263
26008,6269,42,spearman,15,1,0.88,,True,False,False,1.4417582417582417,66,0.007836081253896867,0.002305501839146018,3.841715097427368,0.014999332837760448,0.13497831573325011,0.3318443510933619,0.406751886202421
26008,6269,42,spearman,15,1,0.88,,True,False,False,1.4417582417582417,67,0.006157140846231154,0.003095323219895363,3.8355538845062256,0.01401606947183609,0.11278263098576212,0.23855561953800386,0.4727728954937578
26008,6269,42,spearman,15,1,0.88,,True,False,False,1.4417582417582417,68,0.008085350697261415,0.010534197092056274,3.851020097732544,0.014175261370837688,0.08519317437902121,0.24689458036441797,0.3450589083524251
26008,6269,42,spearman,15,1,0.88,,True,False,False,1.4417582417582417,69,0.007546274665011359,0.0048058610409498215,3.8513903617858887,0.014942441135644913,0.09920899167275321,0.27635872734248457,0.3589862807171165
26008,6269,42,spearman,15,1,0.88,,True,False,False,1.4417582417582417,70,0.006072538913161095,0.003135122824460268,3.8325672149658203,0.013493645936250687,0.11127003192012042,0.2689426065297601,0.4137315145244344
26008,6269,42,spearman,15,1,0.88,,True,False,False,1.4417582417582417,71,0.00414109812118113,0.0031945989467203617,3.816035747528076,0.01375221461057663,0.05452394621316077,0.11840310570884696,0.46049422340976903
26008,6269,42,spearman,15,1,0.88,,True,False,False,1.4417582417582417,72,0.0033885411103256047,0.0036626055371016264,3.810293436050415,0.014367115683853626,0.04509934898693906,0.09077328490513255,0.49683504385211685
26008,6269,42,spearman,15,1,0.88,,True,False,False,1.4417582417582417,73,0.0033784248267433475,0.002707446925342083,3.8073415756225586,0.014798207208514214,0.06500659480402946,0.15079677514057535,0.43108743368681524
26008,6269,42,spearman,15,1,0.88,,True,False,False,1.4417582417582417,74,0.0034235643771743135,0.004055903758853674,3.8069722652435303,0.014349542558193207,0.05223711237258485,0.12803406144267154,0.4079938711900232
26008,6269,42,spearman,15,1,0.88,,True,False,False,1.4417582417582417,75,0.00374872750918647,0.0020046334248036146,3.803194522857666,0.013909826055169106,0.06496891841270652,0.16170116183739047,0.4017838689225908
26008,6269,42,spearman,15,1,0.88,,True,False,False,1.4417582417582417,76,0.0031052580701985528,0.003620298346504569,3.8043875694274902,0.014007280580699444,0.05352108491116008,0.13898077958737648,0.3850970261476088
26008,6269,42,spearman,15,1,0.88,,True,False,False,1.4417582417582417,77,0.0026392327771256013,0.003558751894161105,3.8014976978302,0.014377240091562271,0.043644014184015714,0.09820826853460485,0.4444026438384139
26008,6269,42,spearman,15,1,0.88,,True,False,False,1.4417582417582417,78,0.0030880014362212804,0.0027030964847654104,3.7985434532165527,0.014143708162009716,0.06957637408055087,0.16448893859491834,0.4229851239509266
26008,6269,42,spearman,15,1,0.88,,True,False,False,1.4417582417582417,79,0.0039267419072400245,0.006279045715928078,3.7997279167175293,0.014698239043354988,0.06900625885721888,0.1856135836545756,0.3717737543673896
26008,6269,42,spearman,15,1,0.88,,True,False,False,1.4417582417582417,80,0.0048170802432910675,0.001828766893595457,3.793972969055176,0.014502682723104954,0.08835244883856748,0.21848445679072456,0.4043878001023731
26008,6269,42,spearman,15,1,0.88,,True,False,False,1.4417582417582417,81,0.0033304965805395375,0.003267215797677636,3.79323673248291,0.014027753844857216,0.07018018901570532,0.1575525501339916,0.4454398799357717
26008,6269,42,spearman,15,1,0.88,,True,False,False,1.4417582417582417,82,0.003932146530132741,0.008995437063276768,3.7950854301452637,0.014345330186188221,0.08118761617829195,0.19599044591745265,0.41424272391355416
26008,6269,42,spearman,15,1,0.88,,True,False,False,1.4417582417582417,83,0.005380022971491728,0.0025601752568036318,3.787010669708252,0.01402958296239376,0.10952986952071726,0.2782039045453774,0.3937035668112211
26008,6269,42,spearman,15,1,0.88,,True,False,False,1.4417582417582417,84,0.0031929200049489737,0.003796702716499567,3.785158157348633,0.014081502333283424,0.05860248665705146,0.1648363303077577,0.3555192386731866
26008,6269,42,spearman,15,1,0.88,,True,False,False,1.4417582417582417,85,0.002735212241532281,0.005523402709513903,3.7805075645446777,0.014096777886152267,0.0549451308528827,0.12438856496545601,0.44172171990005515
26008,6269,42,spearman,15,1,0.88,,True,False,False,1.4417582417582417,86,0.004313341225497425,0.002969858469441533,3.775803565979004,0.01363797951489687,0.09940693017865167,0.24521926925332024,0.40537976677336635
26008,6269,42,spearman,15,1,0.88,,True,False,False,1.4417582417582417,87,0.00413244536529029,0.006204408593475819,3.7774460315704346,0.014071764424443245,0.06566441096684499,0.18388871366036258,0.3570877715081974
26008,6269,42,spearman,15,1,0.88,,True,False,False,1.4417582417582417,88,0.0035401577645513627,0.004145612474530935,3.765666961669922,0.01410922221839428,0.0613800567700346,0.16453708169580067,0.37304695170868646
26008,6269,42,spearman,15,1,0.88,,True,False,False,1.4417582417582417,89,0.0035436931648291647,0.0032253696117550135,3.7595183849334717,0.013345865532755852,0.09351272937349757,0.20922941468916884,0.4469387323573653
26008,6269,42,spearman,15,1,0.88,,True,False,False,1.4417582417582417,90,0.0037183047721295486,0.00766284903511405,3.7654078006744385,0.013910572975873947,0.06843372951877362,0.17502315201366403,0.3909981549928892
26008,6269,42,spearman,15,1,0.88,,True,False,False,1.4417582417582417,91,0.004430227921277817,0.002577859675511718,3.7546775341033936,0.01365542784333229,0.09808791619038294,0.24031951751827269,0.4081562629740078
26008,6269,42,spearman,15,1,0.88,,True,False,False,1.4417582417582417,92,0.003893572770591293,0.005121487658470869,3.757314920425415,0.013975760899484158,0.06569597935997411,0.15908643420242338,0.41295777159709823
26008,6269,42,spearman,15,1,0.88,,True,False,False,1.4417582417582417,93,0.0034798721317201853,0.002302690641954541,3.7465081214904785,0.013570147566497326,0.08026860578342386,0.17956096894628307,0.44702702516040527
26008,6269,42,spearman,15,1,0.88,,True,False,False,1.4417582417582417,94,0.004970379248594067,0.007932284846901894,3.7550129890441895,0.013601187616586685,0.06324578760722654,0.1884152958263167,0.33567225701883324
26008,6269,42,spearman,15,1,0.88,,True,False,False,1.4417582417582417,95,0.0037767381083020674,0.0052442667074501514,3.7473814487457275,0.013897748664021492,0.070474471264727,0.20162008267129636,0.34954093030143646
26008,6269,42,spearman,15,1,0.88,,True,False,False,1.4417582417582417,96,0.004979206706463758,0.004122223239392042,3.7349963188171387,0.01332276314496994,0.12043188971263707,0.26510968045516065,0.45427194324030756
26008,6269,42,spearman,15,1,0.88,,True,False,False,1.4417582417582417,97,0.006552647649576622,0.006832721643149853,3.742859125137329,0.013668946921825409,0.09280309371143021,0.26808278764881266,0.3461732643300312
26008,6269,42,spearman,15,1,0.88,,True,False,False,1.4417582417582417,98,0.003880610373536391,0.003572156885638833,3.7309987545013428,0.013642195612192154,0.05651358000185316,0.1511065792797524,0.37399814270728926
26008,6269,42,spearman,15,1,0.88,,True,False,False,1.4417582417582417,99,0.004709800505744559,0.002354940166696906,3.718547821044922,0.012193545699119568,0.09769150977471554,0.2373697010215561,0.4115584649341256
26008,6269,42,spearman,15,1,0.88,,True,False,False,1.4417582417582417,100,0.00489542616664299,0.008699432015419006,3.729062795639038,0.01237582042813301,0.07377987456865888,0.19892345713679344,0.37089579896830305
26008,6269,42,spearman,15,1,0.88,,True,False,False,1.4417582417582417,101,0.003654759585125638,0.0029492576140910387,3.7191267013549805,0.01313355565071106,0.0667970035974635,0.18608220755299337,0.35896502129620195
26008,6269,42,spearman,15,1,0.88,,True,False,False,1.4417582417582417,102,0.003294779045972973,0.002309541217982769,3.7089366912841797,0.012308942154049873,0.08168471303416773,0.17739069504950547,0.4604791306044041
26008,6269,42,spearman,15,1,0.88,,True,False,False,1.4417582417582417,103,0.0036975787952542305,0.007551628164947033,3.720172166824341,0.012555642984807491,0.06455610181426434,0.153655552442074,0.42013517108781967
26008,6269,42,spearman,15,1,0.88,,True,False,False,1.4417582417582417,104,0.0029055267805233598,0.0026177940890192986,3.7094736099243164,0.012857497669756413,0.056376536283828715,0.15894254170475045,0.35469758869339285
26008,6269,42,spearman,15,1,0.88,,True,False,False,1.4417582417582417,105,0.0021368808395761463,0.0027704164385795593,3.6997666358947754,0.012175296433269978,0.04331665508239861,0.10763237237479932,0.4024500633615893
26008,6269,42,spearman,15,1,0.88,,True,False,False,1.4417582417582417,106,0.0022469878853631337,0.005435013212263584,3.703563928604126,0.012434990145266056,0.04410683677761491,0.10203533057981393,0.4322702394018458
26008,6269,42,spearman,15,1,0.88,,True,False,False,1.4417582417582417,107,0.0023338363638945986,0.0022119367495179176,3.6964211463928223,0.01232245471328497,0.04703611792656811,0.13501110686526477,0.34838702547013206
26008,6269,42,spearman,15,1,0.88,,True,False,False,1.4417582417582417,108,0.0018483797570557467,0.004453029949218035,3.6960463523864746,0.012259798124432564,0.03409789525588914,0.08332318260691994,0.40922459018803853
26008,6269,42,spearman,15,1,0.88,,True,False,False,1.4417582417582417,109,0.0017513037393135683,0.0023728078231215477,3.691070795059204,0.012209570966660976,0.0334105066549242,0.08897885427681776,0.3754881643070714
26008,6269,42,spearman,15,1,0.88,,True,False,False,1.4417582417582417,110,0.0014940835348430223,0.0035565821453928947,3.6908762454986572,0.012178112752735615,0.0242487243308821,0.06022419986243791,0.40264087170718044
26008,6269,42,spearman,15,1,0.88,,True,False,False,1.4417582417582417,111,0.0014277723093982786,0.0027007265016436577,3.6890246868133545,0.01226576417684555,0.025155987417558652,0.06132416962400501,0.410213258025124
26008,6269,42,spearman,15,1,0.88,,True,False,False,1.4417582417582417,112,0.001354751199999425,0.002677343552932143,3.6877102851867676,0.012208603322505951,0.023463094724304214,0.053418427857368764,0.43923222125730127
26008,6269,42,spearman,15,1,0.88,,True,False,False,1.4417582417582417,113,0.0014340314311474295,0.0036699578631669283,3.6879889965057373,0.012351607903838158,0.026698803007732048,0.06522981872188764,0.40930365177243777
26008,6269,42,spearman,15,1,0.88,,True,False,False,1.4417582417582417,114,0.0015520837124703185,0.002277590800076723,3.6848747730255127,0.012198230251669884,0.031019238650298535,0.08305958730628626,0.3734576543890126
26008,6269,42,spearman,15,1,0.88,,True,False,False,1.4417582417582417,115,0.0013970257776756106,0.00362448301166296,3.684847354888916,0.012324154376983643,0.025572639427098715,0.06459108497507074,0.39591592921178964
26008,6269,42,spearman,15,1,0.88,,True,False,False,1.4417582417582417,116,0.001309852912007565,0.0025502480566501617,3.6847031116485596,0.012271520681679249,0.023733557646331692,0.0632751025589265,0.3750852497450185
26008,6269,42,spearman,15,1,0.88,,True,False,False,1.4417582417582417,117,0.0012394649799846644,0.00297530391253531,3.683565616607666,0.01229725033044815,0.019678282160120523,0.045904532145247146,0.42867841670681944
26008,6269,42,spearman,15,1,0.88,,True,False,False,1.4417582417582417,118,0.0012341579962854407,0.0026061218231916428,3.682889938354492,0.012272810563445091,0.02183249742554075,0.05235496821777873,0.41700908563840655
26008,6269,42,spearman,15,1,0.88,,True,False,False,1.4417582417582417,119,0.0012390608431555197,0.0030698750633746386,3.683351755142212,0.01234300434589386,0.022427391708173223,0.049831807959846285,0.4500617703013066
26008,6269,42,spearman,15,1,0.88,,True,False,False,1.4417582417582417,120,0.0012262903099846362,0.002537837717682123,3.6821553707122803,0.01232387125492096,0.022607169523024027,0.05460569854814539,0.41400751430141425
26008,6269,42,spearman,15,1,0.88,,True,False,False,1.4417582417582417,121,0.001233570852491539,0.0031055579893290997,3.682574510574341,0.012393025681376457,0.02299649842472184,0.0516209552125047,0.44548765766941223
26008,6269,42,spearman,15,1,0.88,,True,False,False,1.4417582417582417,122,0.0012184199606833448,0.0025100086349993944,3.6813628673553467,0.012369481846690178,0.023381248792574194,0.05696892021966508,0.41042113317241374
26008,6269,42,spearman,15,1,0.88,,True,False,False,1.4417582417582417,123,0.0012318935987423174,0.0031526354141533375,3.681788921356201,0.012473881244659424,0.023894605463492452,0.054588763298701284,0.4377202196779425
26008,6269,42,spearman,15,1,0.88,,True,False,False,1.4417582417582417,124,0.0012154513263210123,0.0024795520585030317,3.6806507110595703,0.012419350445270538,0.02434192404827486,0.059421662781205344,0.40964730552044387
26008,6269,42,spearman,15,1,0.88,,True,False,False,1.4417582417582417,125,0.0012384680750463823,0.003220073878765106,3.6811132431030273,0.012532955966889858,0.025162622455691237,0.0580466618599158,0.4334895694085353
26008,6269,42,spearman,15,1,0.88,,True,False,False,1.4417582417582417,126,0.0012204096087121538,0.0024355489294975996,3.6797966957092285,0.012478386051952839,0.02624747126023882,0.06361736154631735,0.41258346183873823
26008,6269,42,spearman,15,1,0.88,,True,False,False,1.4417582417582417,127,0.0012637686387669028,0.003305071499198675,3.6804935932159424,0.01258944720029831,0.02706727482641283,0.06391753431645578,0.42347182374055997
26008,6269,42,spearman,15,1,0.88,,True,False,False,1.4417582417582417,128,0.0012336902478377201,0.002400798024609685,3.6790990829467773,0.012505444698035717,0.027923537375332413,0.06896652928423107,0.40488535039724166
26008,6269,42,spearman,15,1,0.88,,True,False,False,1.4417582417582417,129,0.0012806650525557675,0.0033711909782141447,3.679647445678711,0.012637423351407051,0.027951813694727785,0.06764431875039865,0.41321746172733587
26008,6269,42,spearman,15,1,0.88,,True,False,False,1.4417582417582417,130,0.0012333932515632892,0.0023777643218636513,3.678070068359375,0.012545626610517502,0.028433699225779374,0.0725303376244613,0.3920249120114106
26008,6269,42,spearman,15,1,0.88,,True,False,False,1.4417582417582417,131,0.0012810381834112508,0.0033925941679626703,3.6788177490234375,0.012672285549342632,0.02791689332623267,0.06947684702879518,0.4018157777692545
26008,6269,42,spearman,15,1,0.88,,True,False,False,1.4417582417582417,132,0.0012288349909275503,0.00237254798412323,3.677266836166382,0.012549708597362041,0.02859576747365856,0.0735957095180199,0.38855209985126016
26008,6269,42,spearman,15,1,0.88,,True,False,False,1.4417582417582417,133,0.0012813972259339476,0.003439949592575431,3.6779532432556152,0.012688921764492989,0.028965193368016163,0.0717589633948897,0.40364564923014573
26008,6269,42,spearman,15,1,0.88,,True,False,False,1.4417582417582417,134,0.0012290668736178695,0.002346885157749057,3.6762032508850098,0.012562187388539314,0.029458873600108515,0.07614269693747686,0.3868903359689403
26008,6269,42,spearman,15,1,0.88,,True,False,False,1.4417582417582417,135,0.0012670437780408455,0.003467266447842121,3.676811933517456,0.012706945650279522,0.029332654620199426,0.0727868085719877,0.4029941028501862
26008,6269,42,spearman,15,1,0.88,,True,False,False,1.4417582417582417,136,0.0012130524618052213,0.0023518565576523542,3.6754143238067627,0.012579483911395073,0.02954361026701422,0.07657466960753011,0.3858144007417719
26008,6269,42,spearman,15,1,0.88,,True,False,False,1.4417582417582417,137,0.0012443216546671465,0.003487703623250127,3.675676107406616,0.012731470167636871,0.02890191730094816,0.07325034609778833,0.39456355963110246
26008,6269,42,spearman,15,1,0.88,,True,False,False,1.4417582417582417,138,0.0012038183589798532,0.0023506879806518555,3.6745352745056152,0.012603532522916794,0.029390224730098394,0.07624208384959329,0.3854855907098831
26008,6269,42,spearman,15,1,0.88,,True,False,False,1.4417582417582417,139,0.0012129625455210252,0.0034981935750693083,3.6744449138641357,0.012722828425467014,0.028187553704583094,0.07189085574388776,0.3920881649344888
26008,6269,42,spearman,15,1,0.88,,True,False,False,1.4417582417582417,140,0.0011731648846762255,0.002358425175771117,3.6736831665039062,0.012572786770761013,0.02742381115509735,0.07281514459785811,0.37662235385476955
26008,6269,42,spearman,15,1,0.88,,True,False,False,1.4417582417582417,141,0.0011538313057306887,0.0034238388761878014,3.6734046936035156,0.012715967372059822,0.02556604114260181,0.0654322239036391,0.3907255418960197
26008,6269,42,spearman,15,1,0.88,,True,False,False,1.4417582417582417,142,0.0011185134956446876,0.002373184310272336,3.672819137573242,0.012589782476425171,0.024592556164626387,0.06494397727660187,0.37867339198377004
26008,6269,42,spearman,15,1,0.88,,True,False,False,1.4417582417582417,143,0.0011003932356418642,0.003354886546730995,3.672590732574463,0.012718398123979568,0.023231424293944695,0.0589163727830066,0.39431185587601353
26008,6269,42,spearman,15,1,0.88,,True,False,False,1.4417582417582417,144,0.0010641715073558902,0.002406130312010646,3.67201566696167,0.012597301974892616,0.021453849931907853,0.057504182025743915,0.37308329891433195
26008,6269,42,spearman,15,1,0.88,,True,False,False,1.4417582417582417,145,0.0010459555653921729,0.0032370733097195625,3.671703577041626,0.01271251030266285,0.0205909432173269,0.052270338163426466,0.39393170085401213
26008,6269,42,spearman,15,1,0.88,,True,False,False,1.4417582417582417,146,0.0010261563719333416,0.002439939882606268,3.6710965633392334,0.01261083222925663,0.019926299484187057,0.05233557554979603,0.3807410021668134
26008,6269,42,spearman,15,1,0.88,,True,False,False,1.4417582417582417,147,0.0010191491684443982,0.0032160934060811996,3.6709465980529785,0.012717727571725845,0.01990555130212923,0.04982273550809308,0.39952746670235106
26008,6269,42,spearman,15,1,0.88,,True,False,False,1.4417582417582417,148,0.000998197275164005,0.002437790622934699,3.6703858375549316,0.012616635300219059,0.019134346941599573,0.049561952815379125,0.38606926995976026
26008,6269,42,spearman,15,1,0.88,,True,False,False,1.4417582417582417,149,0.0009713360362054248,0.002848902251571417,3.670064926147461,0.012716596946120262,0.01795202743975553,0.04300360585746464,0.41745400371401487
26008,6269,42,spearman,15,1,0.88,,True,False,False,1.4417582417582417,150,0.0009240314060921914,0.002786424709483981,3.6702401638031006,0.012685158289968967,0.014479083492092041,0.03667071800910029,0.3948404688477613
26008,6269,42,spearman,15,1,0.88,,True,False,False,1.4417582417582417,151,0.0009058329191507905,0.0026951623149216175,3.6698200702667236,0.012677512131631374,0.013458943584713704,0.03297937099247326,0.4081018885222911
26008,6269,42,spearman,15,1,0.88,,True,False,False,1.4417582417582417,152,0.0008993727928360126,0.0027514200191944838,3.6695079803466797,0.012693043798208237,0.013209174476118826,0.03242408437320621,0.4073877406582035
26008,6269,42,spearman,15,1,0.88,,True,False,False,1.4417582417582417,153,0.000894830358447507,0.0027330759912729263,3.66935396194458,0.012689495459198952,0.01335800216166321,0.03244108882579337,0.4117618318233118
26008,6269,42,spearman,15,1,0.88,,True,False,False,1.4417582417582417,154,0.0008910621477947903,0.002732686698436737,3.669201612472534,0.012702550739049911,0.012948655373216112,0.03191673628522134,0.40570111107526147
26008,6269,42,spearman,15,1,0.88,,True,False,False,1.4417582417582417,155,0.0008876034714506074,0.0027316149789839983,3.6690673828125,0.012706427834928036,0.013204563740339308,0.03210731961122802,0.4112633474178384
26008,6269,42,spearman,15,1,0.88,,True,False,False,1.4417582417582417,156,0.0008838906438281161,0.0027319123037159443,3.6689558029174805,0.01271858625113964,0.012927040142497442,0.03197684627827691,0.4042625101173598
26008,6269,42,spearman,15,1,0.88,,True,False,False,1.4417582417582417,157,0.0008806225507994116,0.002729689469560981,3.668797492980957,0.012726296670734882,0.012913933626952164,0.03170472699082256,0.40731887173426823
26008,6269,42,spearman,15,1,0.88,,True,False,False,1.4417582417582417,158,0.0008768698784738912,0.0027288992423564196,3.668675184249878,0.012726787477731705,0.013005601791694686,0.03172409734260144,0.40995971140902576
26008,6269,42,spearman,15,1,0.88,,True,False,False,1.4417582417582417,159,0.0008737728135851544,0.0027287208940833807,3.668571710586548,0.012741286307573318,0.012717001974514171,0.03146307478327311,0.4041881494961451
26008,6269,42,spearman,15,1,0.88,,True,False,False,1.4417582417582417,160,0.0008701892547833268,0.0027295949403196573,3.668412446975708,0.012744670733809471,0.012664326248218465,0.03144213303269407,0.4027820324609371
26008,6269,42,spearman,15,1,0.88,,True,False,False,1.4417582417582417,161,0.0008671591832743226,0.002726591657847166,3.6683554649353027,0.012748021632432938,0.012796536025737184,0.03119709202574576,0.41018361630521566
26008,6269,42,spearman,15,1,0.88,,True,False,False,1.4417582417582417,162,0.0008641487807575946,0.0027303812094032764,3.6682052612304688,0.012753212824463844,0.012477824790015914,0.031257818848580136,0.39919051454172466
26008,6269,42,spearman,15,1,0.88,,True,False,False,1.4417582417582417,163,0.0008606305746070575,0.0027256417088210583,3.6681220531463623,0.012763836421072483,0.0129873698461076,0.031355741296923,0.4141943168464616
26008,6269,42,spearman,15,1,0.88,,True,False,False,1.4417582417582417,164,0.0008568855830942214,0.0027314815670251846,3.6679863929748535,0.012768629938364029,0.012356314731296296,0.03080663569160974,0.4010926364887184
26008,6269,42,spearman,15,1,0.88,,True,False,False,1.4417582417582417,165,0.0008538841138943098,0.0027281141374260187,3.6678736209869385,0.012775495648384094,0.012612693798510325,0.031143958289519567,0.4049804357190433
26008,6269,42,spearman,15,1,0.88,,True,False,False,1.4417582417582417,166,0.0008504691676145219,0.0027329560834914446,3.6678221225738525,0.012778012081980705,0.01240002418072697,0.03077293457990411,0.40295228094436286
26008,6269,42,spearman,15,1,0.88,,True,False,False,1.4417582417582417,167,0.0008476636539853644,0.0027245329692959785,3.6676812171936035,0.012781971134245396,0.012537734792430226,0.030967397532087725,0.40486885535131056
26008,6269,42,spearman,15,1,0.88,,True,False,False,1.4417582417582417,168,0.0008449901875532565,0.0027355398051440716,3.6676483154296875,0.012797613628208637,0.01241968472305194,0.0307958304536857,0.40329111245520055
26008,6269,42,spearman,15,1,0.88,,True,False,False,1.4417582417582417,169,0.0008416432215848804,0.002725490601733327,3.6674551963806152,0.012805197387933731,0.012519893238766181,0.030654080777125964,0.4084250096874568
26008,6269,42,spearman,15,1,0.88,,True,False,False,1.4417582417582417,170,0.0008387014141979827,0.0027360382955521345,3.6675209999084473,0.01280986238270998,0.012383498233838523,0.03087825379322007,0.4010426987343605
26008,6269,42,spearman,15,1,0.88,,True,False,False,1.4417582417582417,171,0.0008361457767023239,0.0027256591711193323,3.6672720909118652,0.012815773487091064,0.012453924447793866,0.030712884695748583,0.4054951063946234
26008,6269,42,spearman,15,1,0.88,,True,False,False,1.4417582417582417,172,0.0008332709299533495,0.00272788992151618,3.6673314571380615,0.012833597138524055,0.012277537356719567,0.030911254450190502,0.3971866420402332
26008,6269,42,spearman,15,1,0.88,,True,False,False,1.4417582417582417,173,0.0008303009947537378,0.002728390507400036,3.667025327682495,0.012841661460697651,0.012251696458282838,0.030526587726806515,0.4013451017691974
26008,6269,42,spearman,15,1,0.88,,True,False,False,1.4417582417582417,174,0.0008274266370530573,0.0027335546910762787,3.667097806930542,0.012852962128818035,0.012423738225865899,0.030807809312836255,0.40326587649600293
26008,6269,42,spearman,15,1,0.88,,True,False,False,1.4417582417582417,175,0.0008240254735158357,0.002721901284530759,3.666837215423584,0.012859447859227657,0.01245504509359022,0.030503226050225995,0.4083189454346133
26008,6269,42,spearman,15,1,0.88,,True,False,False,1.4417582417582417,176,0.0008223148309168339,0.0027390760369598866,3.6669721603393555,0.012868965044617653,0.012148494395230044,0.030802570483477933,0.3943987207610458
26008,6269,42,spearman,15,1,0.88,,True,False,False,1.4417582417582417,177,0.0008179295837180689,0.002715612296015024,3.6665923595428467,0.012883355841040611,0.01214649888836365,0.03056888986940049,0.39734838065300393
26008,6269,42,spearman,15,1,0.88,,True,False,False,1.4417582417582417,178,0.0008152683944250125,0.002747231861576438,3.666696071624756,0.012903894297778606,0.011990024747087918,0.030127934462598076,0.39797035411022963
26008,6269,42,spearman,15,1,0.88,,True,False,False,1.4417582417582417,179,0.0008123049732863105,0.0027104297187179327,3.666370391845703,0.012915723025798798,0.012320119711240295,0.03064010001740871,0.4020913673205477
26008,6269,42,spearman,15,1,0.88,,True,False,False,1.4417582417582417,180,0.0008110058536528543,0.002737591275945306,3.666564464569092,0.012926618568599224,0.012093728465017734,0.030650942819326992,0.3945630167368769
26008,6269,42,spearman,15,1,0.91,,True,False,False,0.35384615384615387,1,0.09244133212736674,0.015979088842868805,3.9615166187286377,0.012253012508153915,0.7347158383573599,2.349572267073239,0.3127019537357117
26008,6269,42,spearman,15,1,0.91,,True,False,False,0.35384615384615387,2,0.023150692976612066,0.009350447915494442,3.986318588256836,0.015675034373998642,0.3064223162853688,1.0090539886105097,0.303672865618435
26008,6269,42,spearman,15,1,0.91,,True,False,False,0.35384615384615387,3,0.02047941952644448,0.0037529573310166597,3.985480785369873,0.01463063433766365,0.2945013196874375,0.9499858452384343,0.31000600815605983
26008,6269,42,spearman,15,1,0.91,,True,False,False,0.35384615384615387,4,0.013539958080010754,0.004729381296783686,3.985621213912964,0.014424286782741547,0.18212059519644636,0.604873078253214,0.3010889420340598
26008,6269,42,spearman,15,1,0.91,,True,False,False,0.35384615384615387,5,0.011994270241952367,0.005205216817557812,3.9854373931884766,0.014414431527256966,0.1571538880024748,0.5217408842229785,0.30121060617325535
26008,6269,42,spearman,15,1,0.91,,True,False,False,0.35384615384615387,6,0.011510798000797098,0.0052670626901090145,3.9847984313964844,0.014322293922305107,0.15010238177802987,0.494531295671195,0.3035245354371399
26008,6269,42,spearman,15,1,0.91,,True,False,False,0.35384615384615387,7,0.01114369387505576,0.00476369122043252,3.985245943069458,0.01447631698101759,0.1485630986655464,0.4739479444328885,0.3134586834066745
26008,6269,42,spearman,15,1,0.91,,True,False,False,0.35384615384615387,8,0.010483657716706927,0.005086448509246111,3.9852216243743896,0.01465301401913166,0.13785800250707703,0.4343873565927533,0.31736191308165596
26008,6269,42,spearman,15,1,0.91,,True,False,False,0.35384615384615387,9,0.010403614200185984,0.004643017426133156,3.9831478595733643,0.014622917398810387,0.14227493031484748,0.43208103773636436,0.32927834801518807
26008,6269,42,spearman,15,1,0.91,,True,False,False,0.35384615384615387,10,0.009958085171612245,0.004337914288043976,3.9820849895477295,0.014891394414007664,0.13432747921959537,0.40314603766397983,0.333198063901656
26008,6269,42,spearman,15,1,0.91,,True,False,False,0.35384615384615387,11,0.00943649813832183,0.004638242535293102,3.980125904083252,0.0142861008644104,0.12371939429661229,0.3670311308577527,0.33708147319041487
26008,6269,42,spearman,15,1,0.91,,True,False,False,0.35384615384615387,12,0.009390476326059018,0.004269477911293507,3.979576587677002,0.01446594949811697,0.123908647293429,0.36801244327679444,0.33669689587070967
26008,6269,42,spearman,15,1,0.91,,True,False,False,0.35384615384615387,13,0.009164108761719294,0.00387585605494678,3.977144479751587,0.01466889027506113,0.12276037812900444,0.35783809154900537,0.343061236430302
26008,6269,42,spearman,15,1,0.91,,True,False,False,0.35384615384615387,14,0.00868099626885461,0.010122792795300484,3.9750542640686035,0.01499691791832447,0.09343255955764528,0.27193266417285933,0.34358711499957745
26008,6269,42,spearman,15,1,0.91,,True,False,False,0.35384615384615387,15,0.011043774961893047,0.005935922730714083,3.9719841480255127,0.0149834044277668,0.15998739693148512,0.4596817181285115,0.348039503468811
26008,6269,42,spearman,15,1,0.91,,True,False,False,0.35384615384615387,16,0.01093079725147358,0.0021319552324712276,3.9705395698547363,0.014738037250936031,0.16497830876633776,0.4726828961295241,0.3490253404912319
26008,6269,42,spearman,15,1,0.91,,True,False,False,0.35384615384615387,17,0.007690112073240536,0.004871687386184931,3.968660593032837,0.015126015990972519,0.07216250298003592,0.2049455591190996,0.3521057167076656
26008,6269,42,spearman,15,1,0.91,,True,False,False,0.35384615384615387,18,0.00859768466658092,0.0033590877428650856,3.9650847911834717,0.014945093542337418,0.12194563377087363,0.32844344173390855,0.37128350965612433
26008,6269,42,spearman,15,1,0.91,,True,False,False,0.35384615384615387,19,0.008394997517046119,0.0024437604006379843,3.963491201400757,0.01502295583486557,0.11836866592396669,0.3218730536297719,0.3677495353797157
26008,6269,42,spearman,15,1,0.91,,True,False,False,0.35384615384615387,20,0.007188409674979214,0.003750731237232685,3.9617369174957275,0.015108395367860794,0.07619683888106886,0.20503166814960513,0.3716344873373356
26008,6269,42,spearman,15,1,0.91,,True,False,False,0.35384615384615387,21,0.007560841855593026,0.002938551129773259,3.9582648277282715,0.015315384604036808,0.10442945195936756,0.265393978800554,0.39348839951434533
26008,6269,42,spearman,15,1,0.91,,True,False,False,0.35384615384615387,22,0.0074414048285689205,0.0024506438057869673,3.9565718173980713,0.015684891492128372,0.09858548583964435,0.2549076748769855,0.3867497747442616
26008,6269,42,spearman,15,1,0.91,,True,False,False,0.35384615384615387,23,0.00691507661914719,0.0023201140575110912,3.9550795555114746,0.015988880768418312,0.08259585123705564,0.20383568297430874,0.4052080088796854
26008,6269,42,spearman,15,1,0.91,,True,False,False,0.35384615384615387,24,0.006665602459439209,0.002158867660909891,3.953336000442505,0.01639644242823124,0.07399772356884858,0.18018271991416004,0.410681577032974
26008,6269,42,spearman,15,1,0.91,,True,False,False,0.35384615384615387,25,0.006422938828888748,0.002338519785553217,3.9518892765045166,0.016332238912582397,0.06705768094601784,0.16146119651382682,0.41531762673305844
26008,6269,42,spearman,15,1,0.91,,True,False,False,0.35384615384615387,26,0.00630161860109573,0.0023420043289661407,3.9511537551879883,0.016405338421463966,0.07068374108095253,0.16453225254679488,0.4296041656660578
26008,6269,42,spearman,15,1,0.91,,True,False,False,0.35384615384615387,27,0.006264893562599484,0.0023716017603874207,3.9505112171173096,0.0165240615606308,0.0701726942013093,0.16374630596965933,0.4285452046404216
26008,6269,42,spearman,15,1,0.91,,True,False,False,0.35384615384615387,28,0.006275875934599233,0.002141290344297886,3.949927806854248,0.01656261458992958,0.07551684373453882,0.1749295788523369,0.43169853966122596
26008,6269,42,spearman,15,1,0.91,,True,False,False,0.35384615384615387,29,0.006052724850763168,0.0020944064017385244,3.9488086700439453,0.01671486161649227,0.0697082085791678,0.1611642300307487,0.4325290330579904
26008,6269,42,spearman,15,1,0.91,,True,False,False,0.35384615384615387,30,0.005876944708039186,0.0021136575378477573,3.9482150077819824,0.01699431985616684,0.06668738923021603,0.15005725344881168,0.4444129670314162
26008,6269,42,spearman,15,1,0.91,,True,False,False,0.35384615384615387,31,0.005768694445058438,0.0020851283334195614,3.94757080078125,0.01720845326781273,0.06498345551801679,0.1470623280207173,0.44187696735237597
26008,6269,42,spearman,15,1,0.91,,True,False,False,0.35384615384615387,32,0.0055445262696594,0.0022831985261291265,3.9469876289367676,0.01752423122525215,0.059294379434513565,0.12645407339431003,0.46890050942963685
26008,6269,42,spearman,15,1,0.91,,True,False,False,0.35384615384615387,33,0.005431466378338102,0.0025853144470602274,3.9463369846343994,0.016112934798002243,0.06172494547674593,0.13230053500661776,0.4665509891792339
26008,6269,42,spearman,15,1,0.91,,True,False,False,0.35384615384615387,34,0.005445114478269326,0.0030080722644925117,3.9449846744537354,0.01579279452562332,0.06893556276112849,0.1534345034483615,0.4492833177113877
26008,6269,42,spearman,15,1,0.91,,True,False,False,0.35384615384615387,35,0.00575428018679044,0.002923061139881611,3.942734479904175,0.015797657892107964,0.0886926356600699,0.20174471204826286,0.4396280564638173
26008,6269,42,spearman,15,1,0.91,,True,False,False,0.35384615384615387,36,0.005912434642336198,0.00233065546490252,3.942164182662964,0.016086511313915253,0.09844070032019783,0.22828037077290772,0.43122717904508295
26008,6269,42,spearman,15,1,0.91,,True,False,False,0.35384615384615387,37,0.005509933298786304,0.0022251310292631388,3.940148115158081,0.01622827537357807,0.0799612849853144,0.17142099026316657,0.46646145762016
26008,6269,42,spearman,15,1,0.91,,True,False,False,0.35384615384615387,38,0.0052147575354735765,0.0025344989262521267,3.940371036529541,0.016684768721461296,0.06625460484711333,0.14540968785487482,0.4556409261588035
26008,6269,42,spearman,15,1,0.91,,True,False,False,0.35384615384615387,39,0.00530427139684824,0.0022595212794840336,3.9373207092285156,0.016581492498517036,0.08573835857433616,0.1740306122596473,0.4926625118454735
26008,6269,42,spearman,15,1,0.91,,True,False,False,0.35384615384615387,40,0.005100299400510266,0.002158412942662835,3.936558961868286,0.017037859186530113,0.07394105268002805,0.15768007532493553,0.4689308558940426
26008,6269,42,spearman,15,1,0.91,,True,False,False,0.35384615384615387,41,0.004968875686505011,0.0021097816061228514,3.93601131439209,0.016922546550631523,0.06709626662858291,0.1491077891132877,0.4499849875525628
26008,6269,42,spearman,15,1,0.91,,True,False,False,0.35384615384615387,42,0.004758967789322404,0.002297354396432638,3.9363865852355957,0.017940383404493332,0.0673108044575681,0.14430103958295584,0.46646098081924053
26008,6269,42,spearman,15,1,0.91,,True,False,False,0.35384615384615387,43,0.004727334574064506,0.0029261421877890825,3.933800458908081,0.01635860651731491,0.06793035140148815,0.14001731235442855,0.48515680138931366
26008,6269,42,spearman,15,1,0.91,,True,False,False,0.35384615384615387,44,0.004638636231123071,0.0035027279518544674,3.932419538497925,0.017099794000387192,0.07164413570729077,0.15364535175032487,0.46629549732976533
26008,6269,42,spearman,15,1,0.91,,True,False,False,0.35384615384615387,45,0.0049406041008686384,0.002767365425825119,3.9288647174835205,0.017548879608511925,0.09860291123675405,0.20372893523018645,0.48399070620411355
26008,6269,42,spearman,15,1,0.91,,True,False,False,0.35384615384615387,46,0.005009095550381711,0.0023086669389158487,3.9273157119750977,0.012676117941737175,0.09738293984257904,0.21224467758036727,0.4588239429714122
26008,6269,42,spearman,15,1,0.91,,True,False,False,0.35384615384615387,47,0.004725645283802545,0.0021728144492954016,3.9278931617736816,0.012024624273180962,0.08767504931642264,0.18434360854163984,0.47560666740524854
26008,6269,42,spearman,15,1,0.91,,True,False,False,0.35384615384615387,48,0.004481959755399397,0.002106061903759837,3.92828369140625,0.011919357813894749,0.07516484607394311,0.16819269690933733,0.4468972045439827
26008,6269,42,spearman,15,1,0.91,,True,False,False,0.35384615384615387,49,0.004176736543221133,0.0029414896853268147,3.9269778728485107,0.011406565085053444,0.06350695832951966,0.13151259572457963,0.48289639466957424
26008,6269,42,spearman,15,1,0.91,,True,False,False,0.35384615384615387,50,0.00394251208802286,0.003992264159023762,3.925048828125,0.011145868338644505,0.05718852430093254,0.11151016564452913,0.5128548053880991
26008,6269,42,spearman,15,1,0.91,,True,False,False,0.35384615384615387,51,0.0046505162858271176,0.00312421633861959,3.921165943145752,0.010969992727041245,0.1078194825402304,0.21842627020822344,0.49361957440812226
26008,6269,42,spearman,15,1,0.91,,True,False,False,0.35384615384615387,52,0.004819173856438803,0.0021805523429065943,3.918118953704834,0.011115952394902706,0.10229563410467568,0.2298070897787098,0.44513698077259056
26008,6269,42,spearman,15,1,0.91,,True,False,False,0.35384615384615387,53,0.004157494441772412,0.002442029071971774,3.917666435241699,0.011274660937488079,0.08075747262777765,0.16708313864835467,0.48333705771027874
26008,6269,42,spearman,15,1,0.91,,True,False,False,0.35384615384615387,54,0.004139023791399917,0.002888051327317953,3.91675066947937,0.011228598654270172,0.07808502740092993,0.17277472404239674,0.4519470532120016
26008,6269,42,spearman,15,1,0.91,,True,False,False,0.35384615384615387,55,0.004877616281321805,0.0021465483587235212,3.918306589126587,0.011418942362070084,0.10173524706903381,0.24225555574854124,0.4199501091079785
26008,6269,42,spearman,15,1,0.91,,True,False,False,0.35384615384615387,56,0.0042908194092368445,0.005618977826088667,3.9154422283172607,0.010887078009545803,0.08190523950185609,0.18395512880754844,0.44524575113694753
26008,6269,42,spearman,15,1,0.91,,True,False,False,0.35384615384615387,57,0.004661571658549032,0.013441383838653564,3.912539482116699,0.01090899296104908,0.09415460707003602,0.22234017807062914,0.423470952873408
26008,6269,42,spearman,15,1,0.91,,True,False,False,0.35384615384615387,58,0.007838137905179923,0.0039016327355057,3.9057958126068115,0.010942310094833374,0.19014691269812506,0.39880583089189575,0.47679070356719877
26008,6269,42,spearman,15,1,0.91,,True,False,False,0.35384615384615387,59,0.007776036476051169,0.0025703853461891413,3.900524139404297,0.01076032966375351,0.18302487552145127,0.40009334543278685,0.4574554353634978
26008,6269,42,spearman,15,1,0.91,,True,False,False,0.35384615384615387,60,0.005432995210867375,0.0031327588949352503,3.895256280899048,0.010974520817399025,0.11755741285617097,0.2663031125881542,0.44144212853244275
26008,6269,42,spearman,15,1,0.91,,True,False,False,0.35384615384615387,61,0.006554912106366828,0.0025695653166621923,3.894228458404541,0.011666685342788696,0.09888538217930484,0.2430983175045316,0.40677115001857117
26008,6269,42,spearman,15,1,0.91,,True,False,False,0.35384615384615387,62,0.007290667629734214,0.003431155113503337,3.887826442718506,0.011655531823635101,0.10971138152277364,0.27862271846771,0.39376322981033046
26008,6269,42,spearman,15,1,0.91,,True,False,False,0.35384615384615387,63,0.007350745660785053,0.002622924279421568,3.8921637535095215,0.011105071753263474,0.15603103836204577,0.3707940907668763,0.4208023866802235
26008,6269,42,spearman,15,1,0.91,,True,False,False,0.35384615384615387,64,0.005657613285750683,0.0033457346726208925,3.8854098320007324,0.010705433785915375,0.1332783242672512,0.2746014048635473,0.4853519388693348
26008,6269,42,spearman,15,1,0.91,,True,False,False,0.35384615384615387,65,0.0061251499282661825,0.004998601507395506,3.8856167793273926,0.010851959697902203,0.09285163691436879,0.23507835109448533,0.3949816581649147
26008,6269,42,spearman,15,1,0.91,,True,False,False,0.35384615384615387,66,0.004589413492275136,0.0022318887058645487,3.87679386138916,0.010923333466053009,0.08138237289042627,0.1964233332519772,0.4143213107254036
26008,6269,42,spearman,15,1,0.91,,True,False,False,0.35384615384615387,67,0.004829138276233737,0.002473402302712202,3.8716542720794678,0.010978790931403637,0.11753369174768394,0.23966896804012222,0.49040012442293984
26008,6269,42,spearman,15,1,0.91,,True,False,False,0.35384615384615387,68,0.005810085792160992,0.008584797382354736,3.8780741691589355,0.010951703414320946,0.10023194265849097,0.24608186934655926,0.4073113672463457
26008,6269,42,spearman,15,1,0.91,,True,False,False,0.35384615384615387,69,0.005674720109839525,0.002409945009276271,3.877610206604004,0.010813225992023945,0.10694817257328526,0.2800757994034579,0.3818543865649786
26008,6269,42,spearman,15,1,0.91,,True,False,False,0.35384615384615387,70,0.003638118039816618,0.0025410379748791456,3.8675103187561035,0.010996732860803604,0.0704714401968022,0.1543087550848458,0.4566911330312864
26008,6269,42,spearman,15,1,0.91,,True,False,False,0.35384615384615387,71,0.0031591944280080497,0.0030941322911530733,3.8652350902557373,0.01093159057199955,0.047614498293127805,0.09497432867502155,0.5013407197175501
26008,6269,42,spearman,15,1,0.91,,True,False,False,0.35384615384615387,72,0.0030220389432672945,0.00241279904730618,3.8639414310455322,0.010993845760822296,0.05725599709954975,0.11717952372674538,0.488617765955238
26008,6269,42,spearman,15,1,0.91,,True,False,False,0.35384615384615387,73,0.0028008175348596914,0.0030980012379586697,3.86321759223938,0.011134842410683632,0.0464228540011893,0.09068446236535929,0.5119162951382344
26008,6269,42,spearman,15,1,0.91,,True,False,False,0.35384615384615387,74,0.002731706772465259,0.00237417034804821,3.8623175621032715,0.011129925027489662,0.05066683793938293,0.10585777861908623,0.47863122200231994
26008,6269,42,spearman,15,1,0.91,,True,False,False,0.35384615384615387,75,0.0025426078687555025,0.002742340788245201,3.8615314960479736,0.011191176250576973,0.04505633031684076,0.08955309073344161,0.5031242355492745
26008,6269,42,spearman,15,1,0.91,,True,False,False,0.35384615384615387,76,0.002435852706964527,0.0029017284978181124,3.861207962036133,0.011282723397016525,0.04223245992010888,0.08272914131230594,0.5104907321613444
26008,6269,42,spearman,15,1,0.91,,True,False,False,0.35384615384615387,77,0.0024808053027040194,0.0023207839112728834,3.859834909439087,0.011160928755998611,0.05195634387073079,0.11094044810808401,0.4683264287849627
26008,6269,42,spearman,15,1,0.91,,True,False,False,0.35384615384615387,78,0.0026116294611711055,0.0041803414933383465,3.8607354164123535,0.011207807809114456,0.05264121723498506,0.12269492643181575,0.4290415159408396
26008,6269,42,spearman,15,1,0.91,,True,False,False,0.35384615384615387,79,0.0028123119097602156,0.0021088356152176857,3.859233856201172,0.01115292776376009,0.06369457678301618,0.1500594032531594,0.4244624155617564
26008,6269,42,spearman,15,1,0.91,,True,False,False,0.35384615384615387,80,0.0024190662204221424,0.002535832580178976,3.858067035675049,0.0108407661318779,0.051426378125352654,0.106372029311343,0.4834577140043838
26008,6269,42,spearman,15,1,0.91,,True,False,False,0.35384615384615387,81,0.003032304043050057,0.006898555904626846,3.8601391315460205,0.011050824075937271,0.07483483623722449,0.16679380634603877,0.44866675733462025
26008,6269,42,spearman,15,1,0.91,,True,False,False,0.35384615384615387,82,0.004427036112507007,0.0028297072276473045,3.857187509536743,0.01091503445059061,0.11017581153326841,0.27204067504018975,0.4049975670608326
26008,6269,42,spearman,15,1,0.91,,True,False,False,0.35384615384615387,83,0.003331744236805077,0.004472451750189066,3.8571255207061768,0.010658488608896732,0.07160376700612368,0.18423822693801875,0.3886477209196325
26008,6269,42,spearman,15,1,0.91,,True,False,False,0.35384615384615387,84,0.0027159404292303535,0.003237469820305705,3.855613946914673,0.0110140610486269,0.062071647057867,0.14550871098191007,0.42658371886173385
26008,6269,42,spearman,15,1,0.91,,True,False,False,0.35384615384615387,85,0.0033018954272847623,0.0029402384534478188,3.850416660308838,0.010488316416740417,0.10552282178482457,0.21190220742859028,0.49797886989868717
26008,6269,42,spearman,15,1,0.91,,True,False,False,0.35384615384615387,86,0.004866287199547514,0.010705857537686825,3.8563177585601807,0.010559402406215668,0.10394351732648673,0.2668787646643815,0.38947841150573903
26008,6269,42,spearman,15,1,0.91,,True,False,False,0.35384615384615387,87,0.004910161336218672,0.0022902432829141617,3.855722427368164,0.010811056941747665,0.11146257947683368,0.30036016539559673,0.3710964113022713
26008,6269,42,spearman,15,1,0.91,,True,False,False,0.35384615384615387,88,0.003922794987114945,0.0025901575572788715,3.8462748527526855,0.010339378379285336,0.12372553801051311,0.2426793390206457,0.5098313622795777
26008,6269,42,spearman,15,1,0.91,,True,False,False,0.35384615384615387,89,0.005144845461472869,0.009950441308319569,3.8534746170043945,0.010602366179227829,0.10163458728280005,0.2596969375498492,0.39135843588028374
26008,6269,42,spearman,15,1,0.91,,True,False,False,0.35384615384615387,90,0.005103008339314589,0.0024508575443178415,3.853281259536743,0.010867811739444733,0.10476929850677241,0.2999915232492066,0.3492408631139556
26008,6269,42,spearman,15,1,0.91,,True,False,False,0.35384615384615387,91,0.002744625979435763,0.0029557894449681044,3.8421854972839355,0.01068137213587761,0.06763320594108839,0.14911614158626607,0.4535605952592861
26008,6269,42,spearman,15,1,0.91,,True,False,False,0.35384615384615387,92,0.0022133760461916347,0.0033406110014766455,3.840106725692749,0.010652950033545494,0.04698061282332672,0.09288087512174448,0.5058157856635246
26008,6269,42,spearman,15,1,0.91,,True,False,False,0.35384615384615387,93,0.0020839379327039103,0.002689995802938938,3.8394200801849365,0.010732071474194527,0.049021204833598175,0.10776352989244349,0.45489605696909063
26008,6269,42,spearman,15,1,0.91,,True,False,False,0.35384615384615387,94,0.001903789529543636,0.00290746265091002,3.838740110397339,0.010724798776209354,0.04207480755213305,0.08213762263468967,0.5122476911554913
26008,6269,42,spearman,15,1,0.91,,True,False,False,0.35384615384615387,95,0.001837715639599732,0.002919464372098446,3.839008331298828,0.010692786425352097,0.03721295924570963,0.0770244987374314,0.48313146927553074
26008,6269,42,spearman,15,1,0.91,,True,False,False,0.35384615384615387,96,0.001827235404302233,0.0024680790957063437,3.837958335876465,0.010563293471932411,0.04480721348080875,0.09407251697313415,0.4763050349033266
26008,6269,42,spearman,15,1,0.91,,True,False,False,0.35384615384615387,97,0.0017804446064734033,0.0035129135940223932,3.8383562564849854,0.010504398494958878,0.03623059256417793,0.07472158635223487,0.484874509929478
26008,6269,42,spearman,15,1,0.91,,True,False,False,0.35384615384615387,98,0.0018778116916239793,0.0022868395317345858,3.8370070457458496,0.010502295568585396,0.05094446244400174,0.11499943560564067,0.44299749972911984
26008,6269,42,spearman,15,1,0.91,,True,False,False,0.35384615384615387,99,0.0017736501842071967,0.003587487153708935,3.837230920791626,0.010457305237650871,0.03988111268866484,0.08905033712239838,0.44784909273730183
26008,6269,42,spearman,15,1,0.91,,True,False,False,0.35384615384615387,100,0.0016531776761569614,0.002427485305815935,3.836639404296875,0.010498471558094025,0.04086281679880107,0.09393729372977273,0.43500100094340804
26008,6269,42,spearman,15,1,0.91,,True,False,False,0.35384615384615387,101,0.0015458280519981468,0.0029185106977820396,3.8355729579925537,0.010435154661536217,0.03302691591334619,0.06675179608191797,0.49477194399864083
26008,6269,42,spearman,15,1,0.91,,True,False,False,0.35384615384615387,102,0.0015280682668422482,0.0025934334844350815,3.8356869220733643,0.010403027758002281,0.03614889198757618,0.07648468610091638,0.4726291474793729
26008,6269,42,spearman,15,1,0.91,,True,False,False,0.35384615384615387,103,0.0014820118231000379,0.002852913225069642,3.8353302478790283,0.010390905663371086,0.030318239958181167,0.061626951561540896,0.491963973382868
26008,6269,42,spearman,15,1,0.91,,True,False,False,0.35384615384615387,104,0.0014747279554805054,0.002563976217061281,3.835149049758911,0.010373694822192192,0.03425233946975552,0.07344513161112769,0.466366370621352
26008,6269,42,spearman,15,1,0.91,,True,False,False,0.35384615384615387,105,0.0014494787548236282,0.002917830366641283,3.8348987102508545,0.010367844253778458,0.030187466367416073,0.05981524596827604,0.5046784624595843
26008,6269,42,spearman,15,1,0.91,,True,False,False,0.35384615384615387,106,0.0014589000389345788,0.002505975542590022,3.834704637527466,0.010355716571211815,0.0357136477615009,0.0766947787737636,0.46565944034318624
26008,6269,42,spearman,15,1,0.91,,True,False,False,0.35384615384615387,107,0.0014365946387572745,0.003025713376700878,3.834550142288208,0.010358346626162529,0.030887167613741422,0.06058223838081216,0.5098386662288511
26008,6269,42,spearman,15,1,0.91,,True,False,False,0.35384615384615387,108,0.0014638692123948463,0.002445930615067482,3.8343615531921387,0.010339044034481049,0.03801320319543981,0.0829704066623537,0.45815375293597843
26008,6269,42,spearman,15,1,0.91,,True,False,False,0.35384615384615387,109,0.0014409322112831952,0.0031551006250083447,3.8342103958129883,0.010350548662245274,0.03294699514497192,0.06590799980787838,0.49989371913140157
26008,6269,42,spearman,15,1,0.91,,True,False,False,0.35384615384615387,110,0.0014847913844278082,0.0023994562216103077,3.8340768814086914,0.010355054400861263,0.04118750344915425,0.0922795755239924,0.4463339066617108
26008,6269,42,spearman,15,1,0.91,,True,False,False,0.35384615384615387,111,0.001449508879366996,0.0032778100576251745,3.8338305950164795,0.010370634496212006,0.03658194592473655,0.07423613609386136,0.49277815157285315
26008,6269,42,spearman,15,1,0.91,,True,False,False,0.35384615384615387,112,0.0015011487869612341,0.002362731611356139,3.8337438106536865,0.010356780141592026,0.04382486139032389,0.0998481197370826,0.4389152395186151
26008,6269,42,spearman,15,1,0.91,,True,False,False,0.35384615384615387,113,0.0014607731635416193,0.003385661169886589,3.833552360534668,0.010370846837759018,0.03945934603945347,0.0822459618223268,0.4797724431044578
26008,6269,42,spearman,15,1,0.91,,True,False,False,0.35384615384615387,114,0.0015124439211961413,0.0023439419455826283,3.833402633666992,0.010369987227022648,0.04516248540493241,0.10622421927818337,0.4251618483185486
26008,6269,42,spearman,15,1,0.91,,True,False,False,0.35384615384615387,115,0.0014570693019777536,0.003472196636721492,3.833052158355713,0.010386479087173939,0.040045322900639134,0.08701777140577056,0.4601970638094661
26008,6269,42,spearman,15,1,0.91,,True,False,False,0.35384615384615387,116,0.001528597519999104,0.0023224030155688524,3.8329918384552,0.01036592572927475,0.047083218819657484,0.11089728053211267,0.42456603618516114
26008,6269,42,spearman,15,1,0.91,,True,False,False,0.35384615384615387,117,0.0014723241349981566,0.0035057002678513527,3.8327014446258545,0.01038273237645626,0.042775380677254435,0.09346129161608917,0.4576801790040002
26008,6269,42,spearman,15,1,0.91,,True,False,False,0.35384615384615387,118,0.0015149099344853312,0.0023096709046512842,3.832641363143921,0.010380541905760765,0.04661265855099768,0.11277193802397179,0.4133356167087946
26008,6269,42,spearman,15,1,0.91,,True,False,False,0.35384615384615387,119,0.0014460461721422949,0.0035494579933583736,3.8322365283966064,0.010402379557490349,0.042383769606649684,0.09387267228062346,0.45150274916533656
26008,6269,42,spearman,15,1,0.91,,True,False,False,0.35384615384615387,120,0.0015123586552882834,0.0022956766188144684,3.832104444503784,0.010375537909567356,0.04687329671592525,0.11403588815089823,0.4110398706544822
26008,6269,42,spearman,15,1,0.91,,True,False,False,0.35384615384615387,121,0.0014562509022653103,0.003563912818208337,3.8318350315093994,0.01039673201739788,0.04342288020174417,0.09797604676858473,0.4431989413071949
26008,6269,42,spearman,15,1,0.91,,True,False,False,0.35384615384615387,122,0.0014919265231583267,0.002303551882505417,3.8316810131073,0.010401731356978416,0.046164467235350164,0.11384877442800945,0.4054893648779335
26008,6269,42,spearman,15,1,0.91,,True,False,False,0.35384615384615387,123,0.0014355636230902746,0.0036216245498508215,3.831350803375244,0.01043020747601986,0.043821763690344594,0.09946708870972507,0.4405654599763057
26008,6269,42,spearman,15,1,0.91,,True,False,False,0.35384615384615387,124,0.0015156312188732304,0.002273498335853219,3.8311424255371094,0.01042831689119339,0.047968771037324436,0.11913094688104188,0.4026558362271808
26008,6269,42,spearman,15,1,0.91,,True,False,False,0.35384615384615387,125,0.0014769658300792798,0.0036997071001678705,3.83093523979187,0.01046843733638525,0.046448336364408815,0.10697465746856125,0.43419943997133437
26008,6269,42,spearman,15,1,0.91,,True,False,False,0.35384615384615387,126,0.0015029328933451325,0.0022753316443413496,3.8307087421417236,0.010485891252756119,0.04838259093824373,0.12045419735729782,0.4016679534572546
26008,6269,42,spearman,15,1,0.91,,True,False,False,0.35384615384615387,127,0.0014266569633036852,0.0036730808205902576,3.8303849697113037,0.010518183931708336,0.045038702667353,0.10390832267755622,0.43344653735468036
26008,6269,42,spearman,15,1,0.91,,True,False,False,0.35384615384615387,128,0.0014888109165310328,0.0022750229109078646,3.830141544342041,0.010515573434531689,0.048585636575710744,0.1207119265783256,0.4024924293108915
26008,6269,42,spearman,15,1,0.91,,True,False,False,0.35384615384615387,129,0.0014448151279274108,0.0037554067093878984,3.8299105167388916,0.010550040751695633,0.04755776302094054,0.10850021592096426,0.43831952422237686
26008,6269,42,spearman,15,1,0.91,,True,False,False,0.35384615384615387,130,0.001495182006952486,0.0022731267381459475,3.8296494483947754,0.010530626401305199,0.04969602355887931,0.12397863491625308,0.4008434484864902
26008,6269,42,spearman,15,1,0.91,,True,False,False,0.35384615384615387,131,0.0014186847672265554,0.003772773314267397,3.829280138015747,0.010543469339609146,0.046342119657536804,0.10842976705580852,0.4273929651924572
907967,6269,42,spearman,15,1,0.7,,True,False,False,133.22857142857143,1,0.2029070027970842,0.032809820026159286,3.9609241485595703,0.012822216376662254,1.274938544809062,4.010910966383529,0.3178675755942553
907967,6269,42,spearman,15,1,0.7,,True,False,False,133.22857142857143,2,0.03685810516721436,0.026559127494692802,3.9814817905426025,0.013237928971648216,0.3618786170951233,1.1163272977627876,0.32416892234027944
907967,6269,42,spearman,15,1,0.7,,True,False,False,133.22857142857143,3,0.05088885434504066,0.022092046216130257,3.9810426235198975,0.014208974316716194,0.5290111364216893,1.6451200200899727,0.321563855500607
907967,6269,42,spearman,15,1,0.7,,True,False,False,133.22857142857143,4,0.03014529968744942,0.014140459708869457,3.9794921875,0.014280576258897781,0.29092849964457074,0.9059495597192572,0.3211310127844257
907967,6269,42,spearman,15,1,0.7,,True,False,False,133.22857142857143,5,0.02306431358946221,0.017926204949617386,3.9786837100982666,0.014483574777841568,0.18298295975321452,0.5657674909917335,0.3234243088660686
907967,6269,42,spearman,15,1,0.7,,True,False,False,133.22857142857143,6,0.02513362460636667,0.016752850264310837,3.975955009460449,0.015163887292146683,0.2223002262916398,0.728139620513572,0.3052989015136157
907967,6269,42,spearman,15,1,0.7,,True,False,False,133.22857142857143,7,0.025765581788229092,0.014322446659207344,3.973034381866455,0.015620151534676552,0.22861285897536465,0.7715842505122883,0.29629020916806215
907967,6269,42,spearman,15,1,0.7,,True,False,False,133.22857142857143,8,0.02287465407113944,0.014084464870393276,3.970292568206787,0.015474925749003887,0.18495417843155906,0.6082281883380645,0.30408682461203856
907967,6269,42,spearman,15,1,0.7,,True,False,False,133.22857142857143,9,0.01989437752802457,0.014397463761270046,3.967496871948242,0.015460495837032795,0.12759138889182314,0.4197651257324481,0.3039590024752175
907967,6269,42,spearman,15,1,0.7,,True,False,False,133.22857142857143,10,0.019066783000848124,0.01504612062126398,3.9646036624908447,0.015468178316950798,0.10792170564190703,0.35354697593212403,0.30525421793544405
907967,6269,42,spearman,15,1,0.7,,True,False,False,133.22857142857143,11,0.01918265888733523,0.015511905774474144,3.962392568588257,0.015424871817231178,0.11773513768919466,0.3864494944978337,0.3046585371831816
907967,6269,42,spearman,15,1,0.7,,True,False,False,133.22857142857143,12,0.019912093744746277,0.014836285263299942,3.959606409072876,0.015046692453324795,0.13916845938277647,0.4629760094502718,0.3005954013637157
907967,6269,42,spearman,15,1,0.7,,True,False,False,133.22857142857143,13,0.01967718086338469,0.014132101088762283,3.956566333770752,0.015049928799271584,0.1401449851834646,0.469130108143903,0.2987337259969194
907967,6269,42,spearman,15,1,0.7,,True,False,False,133.22857142857143,14,0.018364511829401766,0.013990051113069057,3.9534714221954346,0.015002642758190632,0.10977919069920294,0.3721469171297578,0.2949888488815047
907967,6269,42,spearman,15,1,0.7,,True,False,False,133.22857142857143,15,0.01746608706058136,0.01414456870406866,3.950680732727051,0.015431100502610207,0.08913374002119819,0.2964874527480951,0.3006324186562739
907967,6269,42,spearman,15,1,0.7,,True,False,False,133.22857142857143,16,0.017092968303976313,0.014294454827904701,3.9489221572875977,0.015633251518011093,0.08481644664439729,0.27828828050100957,0.30477908193401204
907967,6269,42,spearman,15,1,0.7,,True,False,False,133.22857142857143,17,0.01720956796114998,0.0145573103800416,3.947617769241333,0.015807580202817917,0.09305183358592546,0.31228194575535567,0.2979737857100618
907967,6269,42,spearman,15,1,0.7,,True,False,False,133.22857142857143,18,0.017474121613694087,0.014595556072890759,3.9459221363067627,0.016012821346521378,0.1104991913837673,0.3683846724649942,0.2999559961169871
907967,6269,42,spearman,15,1,0.7,,True,False,False,133.22857142857143,19,0.017539383278095295,0.0142414141446352,3.944106340408325,0.017059139907360077,0.11651828948702202,0.39126830199474444,0.29779639416915843
907967,6269,42,spearman,15,1,0.7,,True,False,False,133.22857142857143,20,0.01696536360707666,0.014201600104570389,3.9412648677825928,0.017516721040010452,0.10508350639620512,0.3560131258604486,0.2951675058101678
907967,6269,42,spearman,15,1,0.7,,True,False,False,133.22857142857143,21,0.016078715013074025,0.014514714479446411,3.9385416507720947,0.017912356182932854,0.08241952963421083,0.27371311037115903,0.301116484782726
907967,6269,42,spearman,15,1,0.7,,True,False,False,133.22857142857143,22,0.015555945291583027,0.014545539394021034,3.936638832092285,0.018227437511086464,0.07650086840276456,0.24309828955023557,0.3146911010521165
907967,6269,42,spearman,15,1,0.7,,True,False,False,133.22857142857143,23,0.015392019080796413,0.014509167522192001,3.934481620788574,0.018429260700941086,0.07236270291172305,0.23905821997912474,0.30269907856646494
907967,6269,42,spearman,15,1,0.7,,True,False,False,133.22857142857143,24,0.014855261925341827,0.015115500427782536,3.933337926864624,0.01826162450015545,0.07154509582231827,0.22851241984245635,0.31309062269495297
907967,6269,42,spearman,15,1,0.7,,True,False,False,133.22857142857143,25,0.014573278038629464,0.014633096754550934,3.9327988624572754,0.01824328675866127,0.07408420857748799,0.23735626152801664,0.31212241084455755
907967,6269,42,spearman,15,1,0.7,,True,False,False,133.22857142857143,26,0.014282881215746914,0.014751055277884007,3.9303817749023438,0.01860905811190605,0.07763610039879092,0.24463234555503768,0.31735827992135607
907967,6269,42,spearman,15,1,0.7,,True,False,False,133.22857142857143,27,0.014391140579911215,0.016119759529829025,3.929473400115967,0.018323732540011406,0.0880076349249134,0.2891554282924597,0.30436099866538113
907967,6269,42,spearman,15,1,0.7,,True,False,False,133.22857142857143,28,0.015309617122901338,0.018699822947382927,3.9296774864196777,0.018072830513119698,0.10792475813496258,0.34287428268164516,0.3147648091030925
907967,6269,42,spearman,15,1,0.7,,True,False,False,133.22857142857143,29,0.017053582639034306,0.022187696769833565,3.9282796382904053,0.018524667248129845,0.13329915801656758,0.4626226209662711,0.2881380027156044
907967,6269,42,spearman,15,1,0.7,,True,False,False,133.22857142857143,30,0.020192411062972888,0.014728627167642117,3.9229190349578857,0.01907271146774292,0.20393713300060315,0.629288269205455,0.32407585359531954
907967,6269,42,spearman,15,1,0.7,,True,False,False,133.22857142857143,31,0.01793261816991227,0.017295442521572113,3.9176461696624756,0.019404634833335876,0.147821642425078,0.49012498146387423,0.3015998939357714
907967,6269,42,spearman,15,1,0.7,,True,False,False,133.22857142857143,32,0.015779185009055903,0.022585300728678703,3.912625551223755,0.019698061048984528,0.09071678887156345,0.3253055156176216,0.27886643329440836
907967,6269,42,spearman,15,1,0.7,,True,False,False,133.22857142857143,33,0.016272325201758316,0.016068564727902412,3.910778760910034,0.02024107053875923,0.11753101419452483,0.3893315734740041,0.30187896950019794
907967,6269,42,spearman,15,1,0.7,,True,False,False,133.22857142857143,34,0.014109398970114333,0.01744926907122135,3.908475637435913,0.0199921652674675,0.07948171169045877,0.24772439111659633,0.32084733897974665
907967,6269,42,spearman,15,1,0.7,,True,False,False,133.22857142857143,35,0.016305187051849707,0.015449362806975842,3.905247211456299,0.019184507429599762,0.13187482278478319,0.4454991178521302,0.2960159010421632
907967,6269,42,spearman,15,1,0.7,,True,False,False,133.22857142857143,36,0.015510120495621647,0.018720706924796104,3.8992204666137695,0.01904144510626793,0.11523915069919881,0.40487512092928263,0.28462887626785643
907967,6269,42,spearman,15,1,0.7,,True,False,False,133.22857142857143,37,0.014140697295910545,0.016393320634961128,3.893932342529297,0.018951112404465675,0.07875707087300854,0.28190755147706825,0.27937198014057335
907967,6269,42,spearman,15,1,0.7,,True,False,False,133.22857142857143,38,0.013117776185806309,0.01701100915670395,3.8908166885375977,0.01925809122622013,0.07474813936866795,0.23346826932568304,0.3201640187946731
907967,6269,42,spearman,15,1,0.7,,True,False,False,133.22857142857143,39,0.014018177786575896,0.0160257276147604,3.8896243572235107,0.018940795212984085,0.10344675162908501,0.32327074342994017,0.3200003518140335
907967,6269,42,spearman,15,1,0.7,,True,False,False,133.22857142857143,40,0.014017818894769465,0.017382916063070297,3.8870327472686768,0.01908322051167488,0.09958069365019219,0.3496576148069762,0.2847948662719088
907967,6269,42,spearman,15,1,0.7,,True,False,False,133.22857142857143,41,0.012157297360577754,0.018611816689372063,3.8827037811279297,0.01911221072077751,0.06307535210117984,0.222183847038717,0.2838881086162157
907967,6269,42,spearman,15,1,0.7,,True,False,False,133.22857142857143,42,0.012171140406280756,0.016896890476346016,3.8817505836486816,0.019728217273950577,0.07569426789702784,0.25951038189015174,0.2916810778259223
907967,6269,42,spearman,15,1,0.7,,True,False,False,133.22857142857143,43,0.011770272860303521,0.016317469999194145,3.8806464672088623,0.019780272617936134,0.07012960383780914,0.22379264163228685,0.31336867613692837
907967,6269,42,spearman,15,1,0.7,,True,False,False,133.22857142857143,44,0.012176241126975842,0.017194824293255806,3.8785758018493652,0.019564155489206314,0.07951434597696826,0.2982200209146396,0.2666298048428521
907967,6269,42,spearman,15,1,0.7,,True,False,False,133.22857142857143,45,0.012838897594649876,0.018607784062623978,3.8722126483917236,0.019652780145406723,0.10587503844363587,0.35338992955772214,0.2995983461550305
907967,6269,42,spearman,15,1,0.7,,True,False,False,133.22857142857143,46,0.011486943145947797,0.019509954378008842,3.868952512741089,0.019937992095947266,0.06657716621826086,0.2362894597016886,0.2817610497820412
907967,6269,42,spearman,15,1,0.7,,True,False,False,133.22857142857143,47,0.011024731444194913,0.017847076058387756,3.8685593605041504,0.020321670919656754,0.0682485137387576,0.22504843346141865,0.3032614477192287
907967,6269,42,spearman,15,1,0.7,,True,False,False,133.22857142857143,48,0.010878971478502666,0.016623396426439285,3.865652084350586,0.018773185089230537,0.06827806240471215,0.2154841530865455,0.3168588567947852
907967,6269,42,spearman,15,1,0.7,,True,False,False,133.22857142857143,49,0.010484865201371056,0.01830570586025715,3.864366292953491,0.018573563545942307,0.06565999407608826,0.2266756353573641,0.28966498305952787
907967,6269,42,spearman,15,1,0.7,,True,False,False,133.22857142857143,50,0.009424274354907019,0.01731090620160103,3.8614108562469482,0.01861252263188362,0.052845708883593745,0.16877910327131598,0.31310575692732556
907967,6269,42,spearman,15,1,0.7,,True,False,False,133.22857142857143,51,0.00918755364338202,0.017689358443021774,3.8616416454315186,0.018898949027061462,0.052292489828638884,0.17141474640146098,0.30506412619753537
907967,6269,42,spearman,15,1,0.7,,True,False,False,133.22857142857143,52,0.009607375765751516,0.018175944685935974,3.8603932857513428,0.018695823848247528,0.06600603928407349,0.235127108593107,0.2807249222717988
907967,6269,42,spearman,15,1,0.7,,True,False,False,133.22857142857143,53,0.009092218176062618,0.017984753474593163,3.8598620891571045,0.018507231026887894,0.051697031697760076,0.1775247329958564,0.2912103053194032
907967,6269,42,spearman,15,1,0.7,,True,False,False,133.22857142857143,54,0.008963837986811996,0.01705453358590603,3.859071969985962,0.018760528415441513,0.05635288515492317,0.18786167655430866,0.2999700960207934
907967,6269,42,spearman,15,1,0.7,,True,False,False,133.22857142857143,55,0.008716488523142678,0.01871471479535103,3.859325408935547,0.018717365339398384,0.057624372124170285,0.19398571900766418,0.2970547131956479
907967,6269,42,spearman,15,1,0.7,,True,False,False,133.22857142857143,56,0.008374787983484566,0.018077289685606956,3.857858419418335,0.018659736961126328,0.04909400455602952,0.1676193914219679,0.2928897673428878
907967,6269,42,spearman,15,1,0.7,,True,False,False,133.22857142857143,57,0.00829346852177488,0.01788867637515068,3.8573052883148193,0.018813539296388626,0.053381053589624576,0.17047577948040735,0.31312984021549223
907967,6269,42,spearman,15,1,0.7,,True,False,False,133.22857142857143,58,0.008713768229686789,0.019304538145661354,3.8568060398101807,0.0187767893075943,0.06695256032524527,0.23653533893624454,0.2830552112257887
907967,6269,42,spearman,15,1,0.7,,True,False,False,133.22857142857143,59,0.008092450576701335,0.018383393064141273,3.8565878868103027,0.018799029290676117,0.05297738669377872,0.17738527735188955,0.29865717992133994
907967,6269,42,spearman,15,1,0.7,,True,False,False,133.22857142857143,60,0.00796170434581914,0.018363699316978455,3.8559999465942383,0.019158916547894478,0.05279935747238462,0.17401341708791498,0.3034211864560187
907967,6269,42,spearman,15,1,0.7,,True,False,False,133.22857142857143,61,0.00856528218303408,0.01928279548883438,3.8559634685516357,0.018740279600024223,0.0725448657166943,0.25892669027297366,0.28017531000737567
907967,6269,42,spearman,15,1,0.7,,True,False,False,133.22857142857143,62,0.007728443597443402,0.019132116809487343,3.855074167251587,0.018495608121156693,0.05566330289074063,0.17777626639862484,0.31310874065503547
907967,6269,42,spearman,15,1,0.7,,True,False,False,133.22857142857143,63,0.007701467681077442,0.018751829862594604,3.8539888858795166,0.01911308988928795,0.05600853869034013,0.17403359840390772,0.3218260106306042
907967,6269,42,spearman,15,1,0.7,,True,False,False,133.22857142857143,64,0.00872983128231551,0.019549479708075523,3.853525400161743,0.018974747508764267,0.08590258151163795,0.30102772534330324,0.2853643511187751
907967,6269,42,spearman,15,1,0.7,,True,False,False,133.22857142857143,65,0.007738586648234299,0.02008342742919922,3.8528642654418945,0.018502963706851006,0.05903779577571513,0.2053819169861148,0.28745371862226327
907967,6269,42,spearman,15,1,0.7,,True,False,False,133.22857142857143,66,0.008173804763438446,0.01990656740963459,3.8526501655578613,0.01907772570848465,0.07744637026879539,0.26471685630881997,0.29256304773487307
907967,6269,42,spearman,15,1,0.7,,True,False,False,133.22857142857143,67,0.010091316520369478,0.018484799191355705,3.8515677452087402,0.01917615905404091,0.11048401872954323,0.37107502953950594,0.2977403757573049
907967,6269,42,spearman,15,1,0.7,,True,False,False,133.22857142857143,68,0.009049112775496073,0.023222666233778,3.8507473468780518,0.01834763213992119,0.08763083374010976,0.27564762029868584,0.31790890719403625
907967,6269,42,spearman,15,1,0.7,,True,False,False,133.22857142857143,69,0.011415672155895404,0.019876908510923386,3.8513691425323486,0.018141552805900574,0.11542580588431785,0.4150905107746682,0.2780738245946043
907967,6269,42,spearman,15,1,0.7,,True,False,False,133.22857142857143,70,0.011004776860188161,0.01973806694149971,3.8500449657440186,0.01895013451576233,0.1136607901407017,0.3612369306047423,0.3146433282724137
907967,6269,42,spearman,15,1,0.7,,True,False,False,133.22857142857143,71,0.013180296568732177,0.020729485899209976,3.84512996673584,0.01756947487592697,0.16552517841161837,0.4807341142380458,0.344317520868325
907967,6269,42,spearman,15,1,0.7,,True,False,False,133.22857142857143,72,0.011519273294002883,0.019217031076550484,3.8443827629089355,0.017386235296726227,0.12147651978128325,0.3587694055507093,0.3385921929281534
907967,6269,42,spearman,15,1,0.7,,True,False,False,133.22857142857143,73,0.010930986409740788,0.018510233610868454,3.8439157009124756,0.018028469756245613,0.11765200200824921,0.3759739995918917,0.31292589949210303
907967,6269,42,spearman,15,1,0.7,,True,False,False,133.22857142857143,74,0.010780589954395379,0.021830374374985695,3.8419318199157715,0.017994198948144913,0.10815607397081366,0.3845823410794646,0.28122995368678305
907967,6269,42,spearman,15,1,0.7,,True,False,False,133.22857142857143,75,0.008754507904606206,0.01831751875579357,3.8331079483032227,0.017267461866140366,0.07197244969171532,0.2563277242516543,0.2807829309200058
907967,6269,42,spearman,15,1,0.7,,True,False,False,133.22857142857143,76,0.008590314370979155,0.018267273902893066,3.831589698791504,0.017539598047733307,0.08458071581765729,0.28070955728190705,0.30131042432735716
907967,6269,42,spearman,15,1,0.7,,True,False,False,133.22857142857143,77,0.00875445086109851,0.021674970164895058,3.8307547569274902,0.017336297780275345,0.09597851155493575,0.3178327147700899,0.30197807555481376
907967,6269,42,spearman,15,1,0.7,,True,False,False,133.22857142857143,78,0.008172102605125733,0.019252760335803032,3.8292863368988037,0.01731797680258751,0.08405039527800576,0.27238315251375983,0.308574133539523
907967,6269,42,spearman,15,1,0.7,,True,False,False,133.22857142857143,79,0.008018864318728447,0.01910996250808239,3.8275034427642822,0.017789004370570183,0.08677425089430377,0.28511273913977814,0.30435066197255345
907967,6269,42,spearman,15,1,0.7,,True,False,False,133.22857142857143,80,0.008300112959529673,0.02048744261264801,3.825401544570923,0.01733323559165001,0.09416985622583153,0.3095779220620466,0.30418789427320186
907967,6269,42,spearman,15,1,0.7,,True,False,False,133.22857142857143,81,0.007711721135170332,0.020099816843867302,3.8242273330688477,0.017193056643009186,0.07759335344105991,0.2606579043130638,0.29768271806393626
907967,6269,42,spearman,15,1,0.7,,True,False,False,133.22857142857143,82,0.007553925604692527,0.0192954670637846,3.8231699466705322,0.017805255949497223,0.07797844234929072,0.2662886034294466,0.292834320901226
907967,6269,42,spearman,15,1,0.7,,True,False,False,133.22857142857143,83,0.0068590328363435605,0.019398381933569908,3.822549819946289,0.017454158514738083,0.07088426532640528,0.23061739385897267,0.3073673851740997
907967,6269,42,spearman,15,1,0.7,,True,False,False,133.22857142857143,84,0.006095170118247292,0.019064247608184814,3.8215830326080322,0.01743043214082718,0.05242734786113096,0.15111969507161907,0.34692597702726646
907967,6269,42,spearman,15,1,0.7,,True,False,False,133.22857142857143,85,0.005849313165526837,0.019409148022532463,3.821648120880127,0.017594795674085617,0.0470837101223727,0.15583042059626676,0.30214710286932606
907967,6269,42,spearman,15,1,0.7,,True,False,False,133.22857142857143,86,0.005578769470698067,0.019392812624573708,3.820500612258911,0.017633892595767975,0.04082765658538518,0.12069080796603773,0.33828306623430476
907967,6269,42,spearman,15,1,0.7,,True,False,False,133.22857142857143,87,0.005494408633759511,0.019451066851615906,3.820478677749634,0.017676571384072304,0.040962638721128784,0.12984210937507962,0.3154803855079329
907967,6269,42,spearman,15,1,0.7,,True,False,False,133.22857142857143,88,0.005378236836155078,0.019517408683896065,3.820183515548706,0.01771705597639084,0.039386757047837874,0.11813107126350308,0.3334157273461813
907967,6269,42,spearman,15,1,0.7,,True,False,False,133.22857142857143,89,0.005312980111089668,0.019665786996483803,3.820223569869995,0.01777190901339054,0.03893175360533089,0.12226211051645652,0.31842860752655033
907967,6269,42,spearman,15,1,0.7,,True,False,False,133.22857142857143,90,0.005222220792867509,0.019669489935040474,3.8201136589050293,0.017794519662857056,0.03902415334341843,0.11726409672387927,0.3327885894603825
907967,6269,42,spearman,15,1,0.7,,True,False,False,133.22857142857143,91,0.00517187566479801,0.01979769580066204,3.820042610168457,0.01782044768333435,0.039903782873980775,0.12000848930479348,0.33250800093235067
907967,6269,42,spearman,15,1,0.7,,True,False,False,133.22857142857143,92,0.0050992706632574224,0.01993737928569317,3.8200271129608154,0.01782553642988205,0.039221946020374786,0.117527782553313,0.33372488757923413
907967,6269,42,spearman,15,1,0.7,,True,False,False,133.22857142857143,93,0.005051060704447862,0.01976810209453106,3.819937229156494,0.01784207858145237,0.03959752916771147,0.1194645842639093,0.33145830968536316
907967,6269,42,spearman,15,1,0.7,,True,False,False,133.22857142857143,94,0.0049808775490548995,0.020195452496409416,3.819957971572876,0.017837800085544586,0.03955695966073157,0.11603846250378766,0.34089524117143033
907967,6269,42,spearman,15,1,0.7,,True,False,False,133.22857142857143,95,0.004941602046268859,0.019812488928437233,3.819840431213379,0.017847906798124313,0.040176952190561555,0.11808221842959297,0.3402455740122886
907967,6269,42,spearman,15,1,0.7,,True,False,False,133.22857142857143,96,0.004869077857750069,0.020355340093374252,3.819910764694214,0.017867648974061012,0.040215753838910455,0.11625238283366354,0.34593487770574216
907967,6269,42,spearman,15,1,0.7,,True,False,False,133.22857142857143,97,0.004842374012306598,0.01989893615245819,3.819689989089966,0.017880847677588463,0.03929802519968028,0.1181205114368393,0.3326943366678597
907967,6269,42,spearman,15,1,0.7,,True,False,False,133.22857142857143,98,0.004759994684718549,0.02055356651544571,3.819768190383911,0.01788719929754734,0.03970506976757909,0.1146067788620785,0.3464460842671009
907967,6269,42,spearman,15,1,0.7,,True,False,False,133.22857142857143,99,0.004752713475941813,0.019902639091014862,3.8194289207458496,0.01790403015911579,0.0402945913761849,0.11849936621645639,0.34004056445534825
907967,6269,42,spearman,15,1,0.7,,True,False,False,133.22857142857143,100,0.004680165293393657,0.020756088197231293,3.8195581436157227,0.017926763743162155,0.04260742733864255,0.11602659889152557,0.367221203976766
907967,6269,42,spearman,15,1,0.7,,True,False,False,133.22857142857143,101,0.0046720190231488755,0.020088011398911476,3.8192033767700195,0.017948925495147705,0.04178689534191061,0.12231539991821087,0.34163233222889994
907967,6269,42,spearman,15,1,0.7,,True,False,False,133.22857142857143,102,0.004542783306013527,0.020718391984701157,3.8194446563720703,0.01795453578233719,0.041132997842984555,0.10877396099777129,0.37815114449541093
907967,6269,42,spearman,15,1,0.7,,True,False,False,133.22857142857143,103,0.004547631638290893,0.020328842103481293,3.819094657897949,0.017975615337491035,0.042362667770577365,0.12173839858271558,0.3479811486221081
907967,6269,42,spearman,15,1,0.7,,True,False,False,133.22857142857143,104,0.004437585920511212,0.020707089453935623,3.8192949295043945,0.017993096262216568,0.04013365171412036,0.10726954762900613,0.37413835147836416
907967,6269,42,spearman,15,1,0.7,,True,False,False,133.22857142857143,105,0.00443065311576772,0.020702732726931572,3.818995475769043,0.017995763570070267,0.041298009414777015,0.11941081419255348,0.3458481519758914
907967,6269,42,spearman,15,1,0.7,,True,False,False,133.22857142857143,106,0.004327858781575092,0.020648781210184097,3.8192498683929443,0.01801249012351036,0.03996693928488581,0.10683366749443594,0.3741043457727709
907967,6269,42,spearman,15,1,0.7,,True,False,False,133.22857142857143,107,0.0042958204243664765,0.020962266251444817,3.8191325664520264,0.018040314316749573,0.04186997854349377,0.11447765437464355,0.36574804726608806
907967,6269,42,spearman,15,1,0.7,,True,False,False,133.22857142857143,108,0.004221785408195241,0.02068248949944973,3.8190507888793945,0.018060769885778427,0.04030578523689032,0.10825575998097135,0.3723200062851412
907967,6269,42,spearman,15,1,0.7,,True,False,False,133.22857142857143,109,0.004161269379047943,0.020992333069443703,3.8190436363220215,0.018086157739162445,0.0401071850430348,0.10626318944850414,0.37743253567684015
907967,6269,42,spearman,15,1,0.7,,True,False,False,133.22857142857143,110,0.004137938272573852,0.021031204611063004,3.818849563598633,0.018100760877132416,0.04112345799221839,0.1144297975821055,0.35937718025195464
907967,6269,42,spearman,15,1,0.7,,True,False,False,133.22857142857143,111,0.004070933008084207,0.020851103588938713,3.8190066814422607,0.018105316907167435,0.040245321907144006,0.10404302096240392,0.38681423832646966
907967,6269,42,spearman,15,1,0.7,,True,False,False,133.22857142857143,112,0.004041781133439924,0.021186625584959984,3.818798065185547,0.018143150955438614,0.042883456556037536,0.11227812793428517,0.38193954018145626
907967,6269,42,spearman,15,1,0.7,,True,False,False,133.22857142857143,113,0.003966163388603101,0.021009908989071846,3.8187692165374756,0.018126297742128372,0.04104657069463813,0.10589398294303701,0.38761948085691017
907967,6269,42,spearman,15,1,0.7,,True,False,False,133.22857142857143,114,0.003913212459467884,0.021056588739156723,3.818739891052246,0.018118640407919884,0.040068591353552195,0.10521119357809627,0.38083962352759737
907967,6269,42,spearman,15,1,0.75,,True,False,False,35.34285714285714,1,0.2034776180184313,0.03181762248277664,3.960747718811035,0.012795058079063892,1.2708229370681454,4.013361744044974,0.3166479919118868
907967,6269,42,spearman,15,1,0.75,,True,False,False,35.34285714285714,2,0.035154986793973615,0.037276241928339005,3.981489419937134,0.013249501585960388,0.3410082010721025,1.0614448950131545,0.32126792702465734
907967,6269,42,spearman,15,1,0.75,,True,False,False,35.34285714285714,3,0.053875495945768695,0.021976720541715622,3.98207688331604,0.014214211143553257,0.5795977290841138,1.7684008198168357,0.32775246572426864
907967,6269,42,spearman,15,1,0.75,,True,False,False,35.34285714285714,4,0.032010132047746866,0.014152689836919308,3.981431007385254,0.01509847305715084,0.32132279093350974,0.9813077270388025,0.32744345334241587
907967,6269,42,spearman,15,1,0.75,,True,False,False,35.34285714285714,5,0.02366805588826537,0.017169615253806114,3.9811251163482666,0.01550179161131382,0.20100648187176168,0.6073672481284776,0.3309471863864998
907967,6269,42,spearman,15,1,0.75,,True,False,False,35.34285714285714,6,0.024977058238748993,0.016155045479536057,3.978301763534546,0.01630772463977337,0.22361819578285827,0.7030742130855795,0.3180577407342929
907967,6269,42,spearman,15,1,0.75,,True,False,False,35.34285714285714,7,0.025780582135277137,0.01401993352919817,3.975848913192749,0.01658320613205433,0.22990588008962062,0.7557011637491973,0.3042285643027245
907967,6269,42,spearman,15,1,0.75,,True,False,False,35.34285714285714,8,0.021697263033794507,0.013917835429310799,3.972447395324707,0.016374781727790833,0.1629443179535534,0.5282322221692961,0.30847099270862355
907967,6269,42,spearman,15,1,0.75,,True,False,False,35.34285714285714,9,0.018777995137497783,0.014388445764780045,3.9689841270446777,0.016317831352353096,0.10025923535819979,0.32103109020667703,0.31230381859072115
907967,6269,42,spearman,15,1,0.75,,True,False,False,35.34285714285714,10,0.018359716915126358,0.016172410920262337,3.9662859439849854,0.016223538666963577,0.09257346213969818,0.2941047501951788,0.3147635734477197
907967,6269,42,spearman,15,1,0.75,,True,False,False,35.34285714285714,11,0.019803756714931557,0.01580820605158806,3.965658187866211,0.01567135751247406,0.13427165084108508,0.43243577515758974,0.310500792382043
907967,6269,42,spearman,15,1,0.75,,True,False,False,35.34285714285714,12,0.02116222513307418,0.013944513164460659,3.9640533924102783,0.015131459571421146,0.16824260747478206,0.5527713987057574,0.30436199823000243
907967,6269,42,spearman,15,1,0.75,,True,False,False,35.34285714285714,13,0.01917693657534463,0.014052829705178738,3.9605202674865723,0.015862856060266495,0.13252405478468188,0.4296296831831842,0.30846112354827265
907967,6269,42,spearman,15,1,0.75,,True,False,False,35.34285714285714,14,0.017436080944857428,0.013963423669338226,3.956355333328247,0.016279209405183792,0.07940331370374258,0.2689715311169903,0.29521084768227973
907967,6269,42,spearman,15,1,0.75,,True,False,False,35.34285714285714,15,0.016886690897600993,0.014298396185040474,3.954279661178589,0.016680872067809105,0.0753859227189456,0.2435754912271606,0.3094971597463825
907967,6269,42,spearman,15,1,0.75,,True,False,False,35.34285714285714,16,0.017058048729917834,0.014258039183914661,3.953127384185791,0.016963377594947815,0.08631215548497224,0.28083367467985193,0.30734261332107005
907967,6269,42,spearman,15,1,0.75,,True,False,False,35.34285714285714,17,0.01728749830674912,0.014422929845750332,3.953155279159546,0.017173267900943756,0.10141121296366844,0.3271670025015902,0.30996772959359054
907967,6269,42,spearman,15,1,0.75,,True,False,False,35.34285714285714,18,0.01756371697410941,0.014098354615271091,3.951493978500366,0.017326630651950836,0.11424425313447721,0.3726803134562018,0.3065475932299196
907967,6269,42,spearman,15,1,0.75,,True,False,False,35.34285714285714,19,0.01670778705738485,0.014205969870090485,3.94921875,0.017649464309215546,0.0955119608658138,0.31658820761865103,0.3016914672341866
907967,6269,42,spearman,15,1,0.75,,True,False,False,35.34285714285714,20,0.01634314938980554,0.014208757318556309,3.9475977420806885,0.017774462699890137,0.09065018826211525,0.29821950527379465,0.30397135887736637
907967,6269,42,spearman,15,1,0.75,,True,False,False,35.34285714285714,21,0.015863474791071246,0.014442559331655502,3.944669723510742,0.017651967704296112,0.08254776024538649,0.2636335461679974,0.3131155402828394
907967,6269,42,spearman,15,1,0.75,,True,False,False,35.34285714285714,22,0.01555009771670614,0.014757427386939526,3.94276762008667,0.017929457128047943,0.07771171323972761,0.2485815482294568,0.3126206019429973
907967,6269,42,spearman,15,1,0.75,,True,False,False,35.34285714285714,23,0.015154675414253558,0.014902292750775814,3.9415476322174072,0.018454261124134064,0.07418751231307719,0.23710597994570717,0.31288756331557666
907967,6269,42,spearman,15,1,0.75,,True,False,False,35.34285714285714,24,0.014804071048274636,0.014806997030973434,3.940664291381836,0.01824698969721794,0.0718109976215142,0.22239397954211457,0.32289991738554463
907967,6269,42,spearman,15,1,0.75,,True,False,False,35.34285714285714,25,0.01443061329025243,0.01460504811257124,3.9393110275268555,0.019067492336034775,0.0705722251397767,0.21989830596992305,0.3209311905709197
907967,6269,42,spearman,15,1,0.75,,True,False,False,35.34285714285714,26,0.014143931147243296,0.014846356585621834,3.937955617904663,0.01907152310013771,0.07490734600581515,0.22688231544460327,0.3301594743455214
907967,6269,42,spearman,15,1,0.75,,True,False,False,35.34285714285714,27,0.01422090402671269,0.014720653183758259,3.937182903289795,0.019499290734529495,0.08698546019373563,0.26715389027232844,0.325600574652833
907967,6269,42,spearman,15,1,0.75,,True,False,False,35.34285714285714,28,0.014229226790900742,0.017038989812135696,3.9360880851745605,0.01871849223971367,0.09896948579529444,0.30399087374839795,0.32556729277630314
907967,6269,42,spearman,15,1,0.75,,True,False,False,35.34285714285714,29,0.01576057422373976,0.017556481063365936,3.934191942214966,0.01894526556134224,0.13612026005823188,0.42035258837340705,0.3238240082799012
907967,6269,42,spearman,15,1,0.75,,True,False,False,35.34285714285714,30,0.017731566946687444,0.015465615317225456,3.9324018955230713,0.019218971952795982,0.17143280289992507,0.5323481234550336,0.322031383875224
907967,6269,42,spearman,15,1,0.75,,True,False,False,35.34285714285714,31,0.018448085490880266,0.015218609943985939,3.9281558990478516,0.019267331808805466,0.18246623540178433,0.5895265724075143,0.30951316521037797
907967,6269,42,spearman,15,1,0.75,,True,False,False,35.34285714285714,32,0.014995044197088905,0.020909523591399193,3.9196836948394775,0.020324157550930977,0.10911827608733873,0.35475034337136513,0.30759174198403044
907967,6269,42,spearman,15,1,0.75,,True,False,False,35.34285714285714,33,0.016681405316506113,0.020651010796427727,3.9163026809692383,0.02030632272362709,0.11549178834105911,0.40503640797549073,0.28513927653575905
907967,6269,42,spearman,15,1,0.75,,True,False,False,35.34285714285714,34,0.015193503083927291,0.015256116166710854,3.9122955799102783,0.020342497155070305,0.10807816385540754,0.3450321610296987,0.3132408397308547
907967,6269,42,spearman,15,1,0.75,,True,False,False,35.34285714285714,35,0.012955926724576525,0.017295347526669502,3.908486843109131,0.019902303814888,0.0762680476854191,0.2297135325103898,0.3320137340260419
907967,6269,42,spearman,15,1,0.75,,True,False,False,35.34285714285714,36,0.015366255771368742,0.014982649125158787,3.905850648880005,0.01904764398932457,0.13226139420922536,0.4422676131853513,0.29905285909664037
907967,6269,42,spearman,15,1,0.75,,True,False,False,35.34285714285714,37,0.013487610766398055,0.01796237751841545,3.901686668395996,0.018567487597465515,0.09661351113657539,0.3190181818296165,0.30284641013932107
907967,6269,42,spearman,15,1,0.75,,True,False,False,35.34285714285714,38,0.012409539860008019,0.016917390748858452,3.900482654571533,0.01870260387659073,0.06856410075346095,0.24284658501697617,0.2823350418882178
907967,6269,42,spearman,15,1,0.75,,True,False,False,35.34285714285714,39,0.01187666252787624,0.015452955849468708,3.8996007442474365,0.017461879178881645,0.06503080871628607,0.21226326527165454,0.3063686438289417
907967,6269,42,spearman,15,1,0.75,,True,False,False,35.34285714285714,40,0.011419269921524184,0.01626071147620678,3.8974769115448,0.017738088965415955,0.0702148151661725,0.22674252518853594,0.3096676069364552
907967,6269,42,spearman,15,1,0.75,,True,False,False,35.34285714285714,41,0.011982755935085672,0.016997920349240303,3.896289587020874,0.016890762373805046,0.08200328810960873,0.2914941845516412,0.2813204943881125
907967,6269,42,spearman,15,1,0.75,,True,False,False,35.34285714285714,42,0.012355896943647946,0.01778656244277954,3.891976833343506,0.017865948379039764,0.09446903326835797,0.29628640764288317,0.3188436284323362
907967,6269,42,spearman,15,1,0.75,,True,False,False,35.34285714285714,43,0.011394485931045242,0.01639152690768242,3.8928332328796387,0.017852161079645157,0.07615810116410664,0.23688950032001985,0.3214920925617273
907967,6269,42,spearman,15,1,0.75,,True,False,False,35.34285714285714,44,0.011919138321120824,0.015980055555701256,3.890169143676758,0.01768537238240242,0.08402042435962455,0.288016595752329,0.2917207744222614
907967,6269,42,spearman,15,1,0.75,,True,False,False,35.34285714285714,45,0.011114239093980618,0.018016694113612175,3.8908209800720215,0.01722760684788227,0.07266465071444747,0.2457753656565617,0.29565473545339355
907967,6269,42,spearman,15,1,0.75,,True,False,False,35.34285714285714,46,0.010759504279121757,0.016087347641587257,3.8881092071533203,0.01757162995636463,0.07340977889408194,0.2517686772724091,0.29157629808875046
907967,6269,42,spearman,15,1,0.75,,True,False,False,35.34285714285714,47,0.010122905851208739,0.016500433906912804,3.8883986473083496,0.01795545220375061,0.06667876165987814,0.22172022114481854,0.3007337865499673
907967,6269,42,spearman,15,1,0.75,,True,False,False,35.34285714285714,48,0.010000911973682898,0.017524363473057747,3.8877720832824707,0.017268050462007523,0.06781031742538038,0.21163801145201785,0.32040708074992374
907967,6269,42,spearman,15,1,0.75,,True,False,False,35.34285714285714,49,0.009966451707961304,0.01678141951560974,3.886967182159424,0.01736246608197689,0.07015059150792795,0.20680070350208055,0.3392183407484538
907967,6269,42,spearman,15,1,0.75,,True,False,False,35.34285714285714,50,0.009955259605443903,0.016476290300488472,3.885284900665283,0.017793085426092148,0.07253821530971229,0.2337100919114879,0.3103769063463208
907967,6269,42,spearman,15,1,0.75,,True,False,False,35.34285714285714,51,0.00940518214234284,0.017325637862086296,3.886087417602539,0.017407473176717758,0.05870607730056534,0.18636676989306608,0.3150029231817176
907967,6269,42,spearman,15,1,0.75,,True,False,False,35.34285714285714,52,0.008897820520879967,0.01633617840707302,3.8834228515625,0.017515484243631363,0.053419542962668556,0.16173568707390726,0.3302891521889507
907967,6269,42,spearman,15,1,0.75,,True,False,False,35.34285714285714,53,0.008718403654971294,0.016922682523727417,3.884033679962158,0.01775103621184826,0.05414062229488032,0.17569849457120051,0.3081450551224392
907967,6269,42,spearman,15,1,0.75,,True,False,False,35.34285714285714,54,0.008945484745449253,0.017292622476816177,3.883291482925415,0.017624568194150925,0.06294695163621085,0.20774977637219902,0.3029940765044856
907967,6269,42,spearman,15,1,0.75,,True,False,False,35.34285714285714,55,0.008712435174467308,0.017427958548069,3.8840010166168213,0.017656400799751282,0.057840674856396525,0.17954157870680412,0.3221575485338114
907967,6269,42,spearman,15,1,0.75,,True,False,False,35.34285714285714,56,0.00864321828287627,0.016797799617052078,3.88250470161438,0.017809763550758362,0.06093122534450267,0.19008829011682002,0.3205417088382269
907967,6269,42,spearman,15,1,0.75,,True,False,False,35.34285714285714,57,0.008418419930551733,0.017645087093114853,3.8836817741394043,0.017547432333230972,0.05613290429432296,0.1761212466227245,0.31871739140166605
907967,6269,42,spearman,15,1,0.75,,True,False,False,35.34285714285714,58,0.008153063444686788,0.017121197655797005,3.8815202713012695,0.017641885206103325,0.05477178533783429,0.1641328125811694,0.3337040563440904
907967,6269,42,spearman,15,1,0.75,,True,False,False,35.34285714285714,59,0.008071364535550987,0.017659984529018402,3.882242202758789,0.01758502796292305,0.05921527558193995,0.17472311164724305,0.3389092320033404
907967,6269,42,spearman,15,1,0.75,,True,False,False,35.34285714285714,60,0.008435447101614304,0.017279596999287605,3.880394220352173,0.017703894525766373,0.07206877911437608,0.22752910886298472,0.31674531436528536
907967,6269,42,spearman,15,1,0.75,,True,False,False,35.34285714285714,61,0.00796016417111137,0.018137283623218536,3.8814964294433594,0.01743580773472786,0.05510203554241383,0.18117776909399014,0.3041324320177728
907967,6269,42,spearman,15,1,0.75,,True,False,False,35.34285714285714,62,0.007575822129313435,0.017188191413879395,3.8791792392730713,0.017870763316750526,0.05092556111887076,0.15379948380686942,0.33111659322919695
907967,6269,42,spearman,15,1,0.75,,True,False,False,35.34285714285714,63,0.007436629301602287,0.018032092601060867,3.8795807361602783,0.01755976676940918,0.052028281861048686,0.15893922714808212,0.32734701680817346
907967,6269,42,spearman,15,1,0.75,,True,False,False,35.34285714285714,64,0.007918871007859707,0.017773816362023354,3.8781967163085938,0.01772560365498066,0.07240928361155675,0.23156903746284588,0.31268983282301627
907967,6269,42,spearman,15,1,0.75,,True,False,False,35.34285714285714,65,0.0073216367745772,0.018334491178393364,3.8787789344787598,0.017590641975402832,0.05480699476852075,0.1768950365135183,0.30982777045879734
907967,6269,42,spearman,15,1,0.75,,True,False,False,35.34285714285714,66,0.007050903588866017,0.017663409933447838,3.8767714500427246,0.01743025705218315,0.05520761963370908,0.14995443024052718,0.3681626447767351
907967,6269,42,spearman,15,1,0.75,,True,False,False,35.34285714285714,67,0.007025804736518434,0.01825627125799656,3.8777613639831543,0.017278673127293587,0.05652732617301894,0.1688198990969139,0.3348380521198727
907967,6269,42,spearman,15,1,0.75,,True,False,False,35.34285714285714,68,0.007425481370384139,0.018315449357032776,3.8762900829315186,0.017670830711722374,0.07687438162408675,0.24059875343885842,0.3195128009809193
907967,6269,42,spearman,15,1,0.75,,True,False,False,35.34285714285714,69,0.0071138214552775025,0.018624460324645042,3.8770225048065186,0.01742149144411087,0.06070875858965159,0.18655757306335283,0.32541567513161296
907967,6269,42,spearman,15,1,0.75,,True,False,False,35.34285714285714,70,0.007133322110998311,0.017779946327209473,3.8746097087860107,0.017627138644456863,0.06695411672454246,0.1895822811251437,0.35316653184478103
907967,6269,42,spearman,15,1,0.75,,True,False,False,35.34285714285714,71,0.0069787215907126665,0.01854020729660988,3.876063108444214,0.01748034544289112,0.05985402504435924,0.1851110816354489,0.32334112315280106
907967,6269,42,spearman,15,1,0.75,,True,False,False,35.34285714285714,72,0.007328729128598103,0.01830284111201763,3.873455047607422,0.017743036150932312,0.08208164083136928,0.2438377390761814,0.3366240235904917
907967,6269,42,spearman,15,1,0.75,,True,False,False,35.34285714285714,73,0.007411312594610665,0.019053619354963303,3.874872922897339,0.017318397760391235,0.07305020512864258,0.21280466157071817,0.3432735194291015
907967,6269,42,spearman,15,1,0.75,,True,False,False,35.34285714285714,74,0.007394830962376935,0.01817985810339451,3.871708631515503,0.017875749617815018,0.08191916944103383,0.23309565462440365,0.35144013976872296
907967,6269,42,spearman,15,1,0.75,,True,False,False,35.34285714285714,75,0.007083322353927153,0.018745053559541702,3.873257875442505,0.017567316070199013,0.06753008111756496,0.20249377373854419,0.33349213593315186
907967,6269,42,spearman,15,1,0.75,,True,False,False,35.34285714285714,76,0.006863658748833197,0.019016502425074577,3.8698432445526123,0.01808915287256241,0.0728498888665915,0.20915403849653416,0.34830734988390083
907967,6269,42,spearman,15,1,0.75,,True,False,False,35.34285714285714,77,0.006381841430473807,0.018369387835264206,3.870323896408081,0.01758229173719883,0.060313061106164585,0.18639462354303343,0.3235772575377764
907967,6269,42,spearman,15,1,0.75,,True,False,False,35.34285714285714,78,0.006076787448754268,0.018487192690372467,3.8685145378112793,0.01786176860332489,0.05962885732284838,0.19937981755667103,0.29907168164400894
907967,6269,42,spearman,15,1,0.75,,True,False,False,35.34285714285714,79,0.005873766311976526,0.01887384243309498,3.8684277534484863,0.017718849703669548,0.05605643962676179,0.16479574327394558,0.34015708484191304
907967,6269,42,spearman,15,1,0.75,,True,False,False,35.34285714285714,80,0.005789800584482562,0.017876386642456055,3.8677620887756348,0.017819007858633995,0.05100871072711268,0.16520037622022662,0.30876873221405265
907967,6269,42,spearman,15,1,0.75,,True,False,False,35.34285714285714,81,0.0058748192553009304,0.01875806413590908,3.86763072013855,0.017888493835926056,0.06355911749142472,0.21049255310651147,0.30195423331181304
907967,6269,42,spearman,15,1,0.75,,True,False,False,35.34285714285714,82,0.005582367348584479,0.018637027591466904,3.8677103519439697,0.017733482643961906,0.052178511987826144,0.15544174429776353,0.33567888872591095
907967,6269,42,spearman,15,1,0.75,,True,False,False,35.34285714285714,83,0.0054627655855646095,0.018064560368657112,3.8668882846832275,0.017823126167058945,0.05149310626507598,0.15297412592386658,0.336613175291924
907967,6269,42,spearman,15,1,0.75,,True,False,False,35.34285714285714,84,0.005655309127178043,0.019223622977733612,3.8670096397399902,0.01770230010151863,0.06200286668036368,0.20480441636706198,0.3027418440476201
907967,6269,42,spearman,15,1,0.75,,True,False,False,35.34285714285714,85,0.005374907806981355,0.01855318620800972,3.8669869899749756,0.017636526376008987,0.05074970196531379,0.15238808607364604,0.33302932842436556
907967,6269,42,spearman,15,1,0.75,,True,False,False,35.34285714285714,86,0.005259210913209245,0.018234632909297943,3.866318702697754,0.01777154579758644,0.04995943971567309,0.15784189653299738,0.31651570852047123
907967,6269,42,spearman,15,1,0.75,,True,False,False,35.34285714285714,87,0.0053149586310610175,0.019334295764565468,3.8667004108428955,0.01762579381465912,0.056210409229244106,0.18287599119950163,0.307368992836332
907967,6269,42,spearman,15,1,0.75,,True,False,False,35.34285714285714,88,0.005112416763690167,0.0184760894626379,3.866297721862793,0.017591364681720734,0.049648178289930386,0.14324051249067354,0.34660709757525054
907967,6269,42,spearman,15,1,0.75,,True,False,False,35.34285714285714,89,0.005060323493255835,0.01871059648692608,3.86588716506958,0.017703767865896225,0.050370202102329745,0.16086962373528296,0.31311195322308144
907967,6269,42,spearman,15,1,0.75,,True,False,False,35.34285714285714,90,0.005088918534706214,0.019204996526241302,3.8660941123962402,0.017618000507354736,0.056219131176102145,0.1733028301745829,0.3243982289218437
907967,6269,42,spearman,15,1,0.75,,True,False,False,35.34285714285714,91,0.004938540809754548,0.018682483583688736,3.866140604019165,0.017683878540992737,0.049369201508661704,0.14103345733076633,0.35005311819397483
907967,6269,42,spearman,15,1,0.75,,True,False,False,35.34285714285714,92,0.004980183352017775,0.018707752227783203,3.8654110431671143,0.017695695161819458,0.05294007158756882,0.17028765983762376,0.3108861301972113
907967,6269,42,spearman,15,1,0.75,,True,False,False,35.34285714285714,93,0.0048638435754193255,0.019514037296175957,3.865966796875,0.017560822889208794,0.05259526836964508,0.15462240008236325,0.34015296840101317
907967,6269,42,spearman,15,1,0.75,,True,False,False,35.34285714285714,94,0.00473545105445997,0.018627101555466652,3.865290880203247,0.017652306705713272,0.0476847091798877,0.13452545558876797,0.3544660671902947
907967,6269,42,spearman,15,1,0.75,,True,False,False,35.34285714285714,95,0.004751560365548357,0.019294945523142815,3.865281820297241,0.017620999366044998,0.050004405164739474,0.15849336501065817,0.31549841320525523
907967,6269,42,spearman,15,1,0.75,,True,False,False,35.34285714285714,96,0.004729887229456965,0.0193870197981596,3.8653905391693115,0.01760290376842022,0.05349932729475119,0.15842774398080012,0.33768913165169534
907967,6269,42,spearman,15,1,0.75,,True,False,False,35.34285714285714,97,0.0046076385603685465,0.018968531861901283,3.8653876781463623,0.01763169839978218,0.04957167648791103,0.14071688414244768,0.35227952061088386
907967,6269,42,spearman,15,1,0.75,,True,False,False,35.34285714285714,98,0.0046734082612342066,0.01907411590218544,3.864673137664795,0.017618663609027863,0.052886559025181044,0.16911928252653574,0.3127174987664114
907967,6269,42,spearman,15,1,0.75,,True,False,False,35.34285714285714,99,0.004570787660278646,0.019841523841023445,3.865295171737671,0.017562147229909897,0.05141404445944142,0.15467987003762174,0.33239001588638484
907967,6269,42,spearman,15,1,0.75,,True,False,False,35.34285714285714,100,0.004441857489707347,0.018800070509314537,3.8646726608276367,0.01766364276409149,0.04646983086372033,0.13362803165858889,0.3477551101111781
907967,6269,42,spearman,15,1,0.75,,True,False,False,35.34285714285714,101,0.0044468811580113,0.01962427981197834,3.8648014068603516,0.017624184489250183,0.04700343919620193,0.15371810251730025,0.3057768631421022
907967,6269,42,spearman,15,1,0.75,,True,False,False,35.34285714285714,102,0.004516710568818131,0.01968088559806347,3.864494800567627,0.01764264702796936,0.058656826659529857,0.17159999662362255,0.3418230059050788
907967,6269,42,spearman,15,1,0.75,,True,False,False,35.34285714285714,103,0.00443039154509149,0.01954539120197296,3.864957332611084,0.017651177942752838,0.051741564506069766,0.15052834069200458,0.34373304234844543
907967,6269,42,spearman,15,1,0.75,,True,False,False,35.34285714285714,104,0.004540218002927888,0.01919523999094963,3.864067554473877,0.017533831298351288,0.05531067735951855,0.1741333751601279,0.3176339820458821
907967,6269,42,spearman,15,1,0.75,,True,False,False,35.34285714285714,105,0.004383844248617866,0.02003299631178379,3.8650457859039307,0.017550261691212654,0.05076054833385857,0.1566927164980594,0.3239496351074064
907967,6269,42,spearman,15,1,0.75,,True,False,False,35.34285714285714,106,0.004229950369335711,0.01915179193019867,3.863879919052124,0.017671773210167885,0.0510657641547279,0.13136114270054677,0.3887433003742179
907967,6269,42,spearman,15,1,0.75,,True,False,False,35.34285714285714,107,0.0042620900037166265,0.019816039130091667,3.864588499069214,0.017547709867358208,0.05219445515029476,0.14415241401473225,0.3620782593664956
907967,6269,42,spearman,15,1,0.75,,True,False,False,35.34285714285714,108,0.004747821275876569,0.019886579364538193,3.8636529445648193,0.017635876312851906,0.07497651463194499,0.22859496096872836,0.32798848370885014
907967,6269,42,spearman,15,1,0.82,,True,False,False,4.072527472527472,1,0.20462897060705082,0.03121996857225895,3.961153268814087,0.013012900948524475,1.2743790591918907,4.02797075308692,0.3163824012910042
907967,6269,42,spearman,15,1,0.82,,True,False,False,4.072527472527472,2,0.036631604323961904,0.02987530454993248,3.9818966388702393,0.013682600110769272,0.354979976058999,1.0841946359255379,0.32741351441536876
907967,6269,42,spearman,15,1,0.82,,True,False,False,4.072527472527472,3,0.050712403774793656,0.01841336116194725,3.981635332107544,0.013512438163161278,0.527573413448724,1.662350495578806,0.3173659314636372
907967,6269,42,spearman,15,1,0.82,,True,False,False,4.072527472527472,4,0.03164227064033704,0.014203092083334923,3.9807281494140625,0.013984480872750282,0.3112243605990547,0.9821269022589166,0.3168881331759816
907967,6269,42,spearman,15,1,0.82,,True,False,False,4.072527472527472,5,0.023604931509388343,0.016102278605103493,3.9806392192840576,0.013715453445911407,0.19901946515730767,0.627134824473792,0.31734717542432916
907967,6269,42,spearman,15,1,0.82,,True,False,False,4.072527472527472,6,0.023269939702004194,0.01741448976099491,3.9784505367279053,0.014307505451142788,0.19534455357164818,0.62460973169031,0.31274657383690896
907967,6269,42,spearman,15,1,0.82,,True,False,False,4.072527472527472,7,0.024120544815169915,0.015455524437129498,3.9760026931762695,0.01423560455441475,0.20776516716586574,0.689759302530374,0.30121401248722623
907967,6269,42,spearman,15,1,0.82,,True,False,False,4.072527472527472,8,0.022850426911775554,0.014557907357811928,3.9718127250671387,0.013970591127872467,0.1916398640125448,0.6374809775733717,0.30062052163774117
907967,6269,42,spearman,15,1,0.82,,True,False,False,4.072527472527472,9,0.02052189482908164,0.01444942969828844,3.9674601554870605,0.014344529248774052,0.1456346770254548,0.4865253780509692,0.2993362393726942
907967,6269,42,spearman,15,1,0.82,,True,False,False,4.072527472527472,10,0.018864736193791032,0.014857521280646324,3.963569164276123,0.015066062100231647,0.10568772344629894,0.347307820419593,0.30430562524710825
907967,6269,42,spearman,15,1,0.82,,True,False,False,4.072527472527472,11,0.018764734667326723,0.015500237233936787,3.9604036808013916,0.015978241339325905,0.10570644965106497,0.3464013063435723,0.3051560364091603
907967,6269,42,spearman,15,1,0.82,,True,False,False,4.072527472527472,12,0.019340793568907038,0.015495788305997849,3.958110809326172,0.016422756016254425,0.1261581937295599,0.4192712208117822,0.3008987678309871
907967,6269,42,spearman,15,1,0.82,,True,False,False,4.072527472527472,13,0.019617356293435608,0.01498483493924141,3.9558050632476807,0.0163990817964077,0.13686121135435786,0.46330386564473425,0.29540269681023756
907967,6269,42,spearman,15,1,0.82,,True,False,False,4.072527472527472,14,0.019698000845632384,0.014333768747746944,3.953052282333374,0.016164984554052353,0.14265375187093896,0.4799933142976513,0.2971994559536301
907967,6269,42,spearman,15,1,0.82,,True,False,False,4.072527472527472,15,0.01819083490408957,0.014244354330003262,3.949098587036133,0.016934402287006378,0.10952477191309974,0.36987721569126947,0.2961111613974682
907967,6269,42,spearman,15,1,0.82,,True,False,False,4.072527472527472,16,0.017391436799828495,0.014333409257233143,3.9458186626434326,0.016844039782881737,0.08981751501843935,0.2954593902435206,0.30399275834187184
907967,6269,42,spearman,15,1,0.82,,True,False,False,4.072527472527472,17,0.01708924101798662,0.014409857802093029,3.9431331157684326,0.017134156078100204,0.08593265416994063,0.28205901643185893,0.3046619649203661
907967,6269,42,spearman,15,1,0.82,,True,False,False,4.072527472527472,18,0.01692407824365156,0.014414926059544086,3.9420106410980225,0.017966613173484802,0.08851742523765857,0.28476483765124305,0.3108439439624801
907967,6269,42,spearman,15,1,0.82,,True,False,False,4.072527472527472,19,0.016802244553608552,0.014453846029937267,3.939971446990967,0.018532834947109222,0.08926524902940282,0.29112942635797195,0.3066170608234425
907967,6269,42,spearman,15,1,0.82,,True,False,False,4.072527472527472,20,0.016683058547122136,0.014600425958633423,3.937939405441284,0.018361613154411316,0.09507433434569827,0.3050310694029473,0.31168737837585003
907967,6269,42,spearman,15,1,0.82,,True,False,False,4.072527472527472,21,0.016548509942367673,0.014563221484422684,3.936671733856201,0.01788933202624321,0.09822937341347597,0.3103592820512839,0.3165021286424036
907967,6269,42,spearman,15,1,0.82,,True,False,False,4.072527472527472,22,0.01635929024113076,0.014479892328381538,3.9342899322509766,0.01824018731713295,0.09954853607304213,0.31534473427819804,0.31568161840592035
907967,6269,42,spearman,15,1,0.82,,True,False,False,4.072527472527472,23,0.016028395421536907,0.014637293294072151,3.9326233863830566,0.018215414136648178,0.09374787566032727,0.2967902838400781,0.31587245528066654
907967,6269,42,spearman,15,1,0.82,,True,False,False,4.072527472527472,24,0.015614669770002365,0.014539564959704876,3.9306278228759766,0.017895769327878952,0.08906838810777291,0.27438462005670955,0.3246114453829072
907967,6269,42,spearman,15,1,0.82,,True,False,False,4.072527472527472,25,0.01521877947795604,0.014845723286271095,3.9295082092285156,0.016929466277360916,0.08153082894887896,0.25665997769881305,0.3176608588513033
907967,6269,42,spearman,15,1,0.82,,True,False,False,4.072527472527472,26,0.014992098257477795,0.015203440561890602,3.927657127380371,0.018496815115213394,0.08133950008308825,0.2500916689456614,0.32523874316035706
907967,6269,42,spearman,15,1,0.82,,True,False,False,4.072527472527472,27,0.014630179752462677,0.015230695717036724,3.92651629447937,0.017573993653059006,0.07634369648816015,0.2341806578086966,0.32600342488660916
907967,6269,42,spearman,15,1,0.82,,True,False,False,4.072527472527472,28,0.014281767586778318,0.015392517670989037,3.9254846572875977,0.01818098872900009,0.07373829958211488,0.23043426985555376,0.3199971064547702
907967,6269,42,spearman,15,1,0.82,,True,False,False,4.072527472527472,29,0.014045116890754019,0.015500477515161037,3.9247703552246094,0.018230870366096497,0.07413174068964304,0.2254598194940241,0.32880244850581514
907967,6269,42,spearman,15,1,0.82,,True,False,False,4.072527472527472,30,0.013833631395495363,0.015147428028285503,3.923400402069092,0.01878504455089569,0.07473031816094478,0.22977987700303318,0.32522568614497555
907967,6269,42,spearman,15,1,0.82,,True,False,False,4.072527472527472,31,0.013562734970556838,0.01509154587984085,3.922602891921997,0.018471885472536087,0.08066611865583175,0.23814559341879185,0.33872606037953135
907967,6269,42,spearman,15,1,0.82,,True,False,False,4.072527472527472,32,0.01347062483962093,0.015754852443933487,3.920675277709961,0.018136877566576004,0.08572165033228162,0.2520761243734941,0.3400625527109827
907967,6269,42,spearman,15,1,0.82,,True,False,False,4.072527472527472,33,0.013590603401618344,0.017450591549277306,3.919590950012207,0.018277527764439583,0.09911041846818702,0.2894752497811262,0.34237959391271816
907967,6269,42,spearman,15,1,0.82,,True,False,False,4.072527472527472,34,0.014124334324151278,0.02218036726117134,3.9179699420928955,0.018266648054122925,0.11724759896072447,0.3470622665550163,0.3378287133435768
907967,6269,42,spearman,15,1,0.82,,True,False,False,4.072527472527472,35,0.015902661751689657,0.022778524085879326,3.915804862976074,0.018334709107875824,0.15967883734729763,0.46243159657609606,0.34530261022221514
907967,6269,42,spearman,15,1,0.82,,True,False,False,4.072527472527472,36,0.021404940701488937,0.015422300435602665,3.9104807376861572,0.019398560747504234,0.22780778003846663,0.7101421428240284,0.3207918053310013
907967,6269,42,spearman,15,1,0.82,,True,False,False,4.072527472527472,37,0.02118916716426611,0.022133927792310715,3.906153440475464,0.019153259694576263,0.21369631267416347,0.695075019423925,0.30744352293219596
907967,6269,42,spearman,15,1,0.82,,True,False,False,4.072527472527472,38,0.019151989669938172,0.021751239895820618,3.897449254989624,0.018328092992305756,0.13812200188443471,0.4523973933636219,0.3053112239599302
907967,6269,42,spearman,15,1,0.82,,True,False,False,4.072527472527472,39,0.015349952038377523,0.014214064925909042,3.890977382659912,0.019702181220054626,0.10288568015093522,0.3080139806548735,0.3340292539054698
907967,6269,42,spearman,15,1,0.82,,True,False,False,4.072527472527472,40,0.01371781315122332,0.015981260687112808,3.890129804611206,0.019541095942258835,0.08261235758477294,0.25280501168365677,0.3267829108064587
907967,6269,42,spearman,15,1,0.82,,True,False,False,4.072527472527472,41,0.01277033585522856,0.015497674234211445,3.8896164894104004,0.019824879243969917,0.0670239275269532,0.20685291040866852,0.324017329000658
907967,6269,42,spearman,15,1,0.82,,True,False,False,4.072527472527472,42,0.012276959938130208,0.015121690928936005,3.8890421390533447,0.019724596291780472,0.06590476291566708,0.1928859424225279,0.341677377250008
907967,6269,42,spearman,15,1,0.82,,True,False,False,4.072527472527472,43,0.01204172644897231,0.01568683236837387,3.8877241611480713,0.01962803676724434,0.0649391027936254,0.20133173748642383,0.3225477691895537
907967,6269,42,spearman,15,1,0.82,,True,False,False,4.072527472527472,44,0.011633483061034764,0.015778476372361183,3.886964797973633,0.019605029374361038,0.057876404550181886,0.174140659128917,0.33235434412249126
907967,6269,42,spearman,15,1,0.82,,True,False,False,4.072527472527472,45,0.011330498814848917,0.01544815581291914,3.886197805404663,0.019548870623111725,0.05851552567672725,0.17470581019700318,0.3349374906902556
907967,6269,42,spearman,15,1,0.82,,True,False,False,4.072527472527472,46,0.01120536817636873,0.015949735417962074,3.88568377494812,0.019469033926725388,0.061435649823356864,0.18627338502540705,0.32981442740543654
907967,6269,42,spearman,15,1,0.82,,True,False,False,4.072527472527472,47,0.01101629645563662,0.016218988224864006,3.885087251663208,0.019325455650687218,0.05843860481809086,0.17177412892359115,0.3402060903114543
907967,6269,42,spearman,15,1,0.82,,True,False,False,4.072527472527472,48,0.010711489345080085,0.015712402760982513,3.8847992420196533,0.019250689074397087,0.0579847934656121,0.16769000673619358,0.345785623090151
907967,6269,42,spearman,15,1,0.82,,True,False,False,4.072527472527472,49,0.010588175550635372,0.015750683844089508,3.8843350410461426,0.019110728055238724,0.05869410508252442,0.18255460426104267,0.32151533684833106
907967,6269,42,spearman,15,1,0.82,,True,False,False,4.072527472527472,50,0.010425484672720944,0.016486871987581253,3.8838493824005127,0.018971767276525497,0.05717994709375431,0.17153539821810757,0.3333419672405841
907967,6269,42,spearman,15,1,0.82,,True,False,False,4.072527472527472,51,0.010162233142182231,0.015873119235038757,3.883605480194092,0.01904100924730301,0.057993130831404824,0.16905991868596643,0.34303299848845703
907967,6269,42,spearman,15,1,0.82,,True,False,False,4.072527472527472,52,0.00996569131634065,0.015863612294197083,3.883394956588745,0.018946008756756783,0.056222517138954785,0.17358788190354452,0.3238850346124471
907967,6269,42,spearman,15,1,0.82,,True,False,False,4.072527472527472,53,0.009927756718492933,0.016471780836582184,3.8827953338623047,0.01871311478316784,0.05904087709678702,0.17980582904359652,0.3283590827422138
907967,6269,42,spearman,15,1,0.82,,True,False,False,4.072527472527472,54,0.009633425357086318,0.01643780991435051,3.8827574253082275,0.018793825060129166,0.055421512982801104,0.1621455243466242,0.34180106546747957
907967,6269,42,spearman,15,1,0.82,,True,False,False,4.072527472527472,55,0.009457223948889546,0.016246983781456947,3.8824381828308105,0.018865693360567093,0.05610199227570909,0.16693206574217187,0.3360767868410798
907967,6269,42,spearman,15,1,0.82,,True,False,False,4.072527472527472,56,0.00933229677113039,0.01612948626279831,3.8821446895599365,0.01880422793328762,0.0564005904894855,0.17741190585100078,0.31790758471720365
907967,6269,42,spearman,15,1,0.82,,True,False,False,4.072527472527472,57,0.009185005245464188,0.016742035746574402,3.8816614151000977,0.018758203834295273,0.05893938821409157,0.17828783232888207,0.33058558985134395
907967,6269,42,spearman,15,1,0.82,,True,False,False,4.072527472527472,58,0.008916668560621994,0.01672125607728958,3.881328821182251,0.01889859512448311,0.055275177729343546,0.1656381415765724,0.3337104437594576
907967,6269,42,spearman,15,1,0.82,,True,False,False,4.072527472527472,59,0.008775750241641487,0.016362298280000687,3.880645275115967,0.01895102858543396,0.05861036537445591,0.16733125874497773,0.35026549022398223
907967,6269,42,spearman,15,1,0.82,,True,False,False,4.072527472527472,60,0.008761043926434857,0.016578635200858116,3.8806517124176025,0.018964985385537148,0.0564116717126054,0.1850315575680719,0.3048759490204639
907967,6269,42,spearman,15,1,0.82,,True,False,False,4.072527472527472,61,0.008446618532096701,0.01686701737344265,3.8804731369018555,0.019010189920663834,0.05641152945246196,0.1721445743154239,0.327698561958568
907967,6269,42,spearman,15,1,0.82,,True,False,False,4.072527472527472,62,0.008295717083715968,0.01699504442512989,3.8798563480377197,0.018951594829559326,0.05830035169301719,0.1715797204140934,0.3397857949178047
907967,6269,42,spearman,15,1,0.82,,True,False,False,4.072527472527472,63,0.008025305761423494,0.0169358029961586,3.8791842460632324,0.019047964364290237,0.05695156880851041,0.16018045226858132,0.3555463104365679
907967,6269,42,spearman,15,1,0.82,,True,False,False,4.072527472527472,64,0.008013993435140167,0.01653158850967884,3.879282236099243,0.01860649138689041,0.06262167074349546,0.1831161407224728,0.34197788625341147
907967,6269,42,spearman,15,1,0.82,,True,False,False,4.072527472527472,65,0.007832772065220135,0.016938306391239166,3.878777503967285,0.018837470561265945,0.06552054420394492,0.1938804450747215,0.3379430255503868
907967,6269,42,spearman,15,1,0.82,,True,False,False,4.072527472527472,66,0.0077937352304746,0.017040017992258072,3.878556489944458,0.018686765804886818,0.06711371044250794,0.19936517569447712,0.3366370792109733
907967,6269,42,spearman,15,1,0.82,,True,False,False,4.072527472527472,67,0.007490150979720056,0.018142661079764366,3.8783979415893555,0.01906939223408699,0.05763923349088949,0.1796592491407884,0.32082530549484917
907967,6269,42,spearman,15,1,0.82,,True,False,False,4.072527472527472,68,0.0073265399883634275,0.018159888684749603,3.8779304027557373,0.018738549202680588,0.06233446403786758,0.17546007222629173,0.35526295667494795
907967,6269,42,spearman,15,1,0.82,,True,False,False,4.072527472527472,69,0.0071673820660050425,0.01731821708381176,3.877723455429077,0.019045915454626083,0.06253780896678689,0.17216823155156044,0.36323663432469544
907967,6269,42,spearman,15,1,0.82,,True,False,False,4.072527472527472,70,0.006986225439634707,0.01747116446495056,3.877192497253418,0.018669456243515015,0.057451246071668745,0.1623457398059696,0.3538820676167957
907967,6269,42,spearman,15,1,0.82,,True,False,False,4.072527472527472,71,0.0075741826523361465,0.01749696582555771,3.876811981201172,0.01867104321718216,0.08451372651923493,0.24981447949168462,0.33830595684790865
907967,6269,42,spearman,15,1,0.82,,True,False,False,4.072527472527472,72,0.007726903539150953,0.017951155081391335,3.876366376876831,0.018315792083740234,0.08690219672109001,0.24808736786714228,0.3502886804268014
907967,6269,42,spearman,15,1,0.82,,True,False,False,4.072527472527472,73,0.007139788175533924,0.01971251331269741,3.875643730163574,0.018391583114862442,0.07430327470191586,0.202720230154219,0.366531128368507
907967,6269,42,spearman,15,1,0.82,,True,False,False,4.072527472527472,74,0.007788716499427599,0.018277354538440704,3.876802921295166,0.01851615682244301,0.0790723939703465,0.2689908145942767,0.2939594576466068
907967,6269,42,spearman,15,1,0.82,,True,False,False,4.072527472527472,75,0.008347944622593266,0.018263118341565132,3.874525308609009,0.01854589954018593,0.1066655173472062,0.31080773828797714,0.34318810057435795
907967,6269,42,spearman,15,1,0.82,,True,False,False,4.072527472527472,76,0.007604737034333604,0.019372399896383286,3.8759500980377197,0.018296822905540466,0.06892085786409363,0.21462678855320355,0.3211195504921223
907967,6269,42,spearman,15,1,0.82,,True,False,False,4.072527472527472,77,0.006974500786912229,0.01693659834563732,3.874063730239868,0.01818550005555153,0.06971552950450402,0.19453125883690975,0.3583770028578977
907967,6269,42,spearman,15,1,0.82,,True,False,False,4.072527472527472,78,0.006731603943210628,0.019248895347118378,3.8738698959350586,0.01843656226992607,0.07579402953682339,0.22156554645208956,0.34208400516309834
907967,6269,42,spearman,15,1,0.82,,True,False,False,4.072527472527472,79,0.006396629406871008,0.018092002719640732,3.8734331130981445,0.018265344202518463,0.061840872746971136,0.1796705936881436,0.34419028443778
907967,6269,42,spearman,15,1,0.82,,True,False,False,4.072527472527472,80,0.006177218714063721,0.01781102828681469,3.872931718826294,0.018590468913316727,0.05524520333415034,0.1644519468361632,0.33593523455732
907967,6269,42,spearman,15,1,0.82,,True,False,False,4.072527472527472,81,0.006485678471757897,0.01963897980749607,3.8730685710906982,0.018357235938310623,0.07870531366258061,0.22611084266791934,0.34808288153533673
907967,6269,42,spearman,15,1,0.82,,True,False,False,4.072527472527472,82,0.006369266243252371,0.01800074242055416,3.8731822967529297,0.018283262848854065,0.06686469564447049,0.19967410701681962,0.33486913572876653
907967,6269,42,spearman,15,1,0.82,,True,False,False,4.072527472527472,83,0.006332208776646959,0.017646919935941696,3.8719215393066406,0.018518848344683647,0.07189373912471798,0.21212761078424877,0.3389174038145412
907967,6269,42,spearman,15,1,0.82,,True,False,False,4.072527472527472,84,0.006226153561978468,0.020173881202936172,3.872892379760742,0.0182389747351408,0.06496410414294229,0.19116005222892576,0.33984142285546143
907967,6269,42,spearman,15,1,0.82,,True,False,False,4.072527472527472,85,0.00609460990277252,0.01776956580579281,3.872018575668335,0.018212750554084778,0.06526898088001372,0.19397479834818204,0.33648175657602863
907967,6269,42,spearman,15,1,0.82,,True,False,False,4.072527472527472,86,0.005910967435089073,0.01829705946147442,3.8715572357177734,0.01859920471906662,0.06741215872089232,0.1962531998039048,0.3434958451016682
907967,6269,42,spearman,15,1,0.82,,True,False,False,4.072527472527472,87,0.0058912500306697825,0.019794264808297157,3.871875762939453,0.01814303547143936,0.06551126445723703,0.1842140423453262,0.3556257906445291
907967,6269,42,spearman,15,1,0.82,,True,False,False,4.072527472527472,88,0.005886065133381635,0.01817009598016739,3.8715972900390625,0.01826118677854538,0.06441349486062528,0.19455324960558545,0.3310841375863862
907967,6269,42,spearman,15,1,0.82,,True,False,False,4.072527472527472,89,0.006095359808698829,0.018170230090618134,3.870690107345581,0.018521733582019806,0.07543907261165007,0.2281578369335909,0.33064423131464565
907967,6269,42,spearman,15,1,0.82,,True,False,False,4.072527472527472,90,0.005804275902586856,0.020254049450159073,3.8714382648468018,0.01812482625246048,0.06349216487055385,0.18242621607159162,0.34804298547358375
907967,6269,42,spearman,15,1,0.82,,True,False,False,4.072527472527472,91,0.005808713704547179,0.01810608059167862,3.87064528465271,0.018200991675257683,0.06614554019980091,0.19703016447432592,0.335712759393673
907967,6269,42,spearman,15,1,0.82,,True,False,False,4.072527472527472,92,0.005942724570299366,0.018914425745606422,3.8700811862945557,0.018446512520313263,0.07750616214655567,0.23164000018201758,0.33459748784889676
907967,6269,42,spearman,15,1,0.82,,True,False,False,4.072527472527472,93,0.00558617029206029,0.01962791569530964,3.870490789413452,0.018006470054388046,0.061180557960535856,0.17654578598444284,0.3465421596955054
907967,6269,42,spearman,15,1,0.82,,True,False,False,4.072527472527472,94,0.005555518395600042,0.018375759944319725,3.8696937561035156,0.01819220930337906,0.0611507132163767,0.1834381626933486,0.33335873145583267
907967,6269,42,spearman,15,1,0.82,,True,False,False,4.072527472527472,95,0.005888126316546861,0.01967705227434635,3.8694345951080322,0.018384866416454315,0.08373561771322124,0.2496977461722003,0.3353479116112601
907967,6269,42,spearman,15,1,0.82,,True,False,False,4.072527472527472,96,0.005513020633121154,0.01957613043487072,3.869887113571167,0.018077336251735687,0.06555065037221948,0.18694472215557528,0.35064188823323733
907967,6269,42,spearman,15,1,0.82,,True,False,False,4.072527472527472,97,0.005450019521439182,0.018267180770635605,3.8689565658569336,0.018316129222512245,0.0628630130260168,0.17554776172696732,0.35809635171213805
907967,6269,42,spearman,15,1,0.82,,True,False,False,4.072527472527472,98,0.005694195362074035,0.020791074261069298,3.8691062927246094,0.018237441778182983,0.08183862821579523,0.24421509241517825,0.3351088067740311
907967,6269,42,spearman,15,1,0.82,,True,False,False,4.072527472527472,99,0.005458418387986187,0.01912391372025013,3.8691718578338623,0.018003888428211212,0.06860769143523662,0.20099604848079994,0.3413385086595322
907967,6269,42,spearman,15,1,0.82,,True,False,False,4.072527472527472,100,0.005358670335096706,0.01840091682970524,3.8682937622070312,0.01842496171593666,0.06868242122184867,0.18662495973775214,0.36802376980010654
907967,6269,42,spearman,15,1,0.82,,True,False,False,4.072527472527472,101,0.005652269148933036,0.021353984251618385,3.868556022644043,0.018221991136670113,0.08464050207721623,0.24664278317695248,0.3431703980413982
907967,6269,42,spearman,15,1,0.82,,True,False,False,4.072527472527472,102,0.005456424260046333,0.01884632371366024,3.868149757385254,0.017987865954637527,0.07337461445937765,0.219457592217962,0.3343452997796893
907967,6269,42,spearman,15,1,0.82,,True,False,False,4.072527472527472,103,0.00530240052778806,0.018607040867209435,3.8674702644348145,0.01844189688563347,0.07000627246997856,0.20153456309341952,0.34736608646716555
907967,6269,42,spearman,15,1,0.82,,True,False,False,4.072527472527472,104,0.005572579751190331,0.022028697654604912,3.867711305618286,0.017947036772966385,0.08380234454390646,0.24935985132925942,0.33606991701689864
907967,6269,42,spearman,15,1,0.85,,True,False,False,1.378021978021978,1,0.20529077388346195,0.030497020110487938,3.960644483566284,0.012956393882632256,1.271053950427709,4.026597325496666,0.31566452954682117
907967,6269,42,spearman,15,1,0.85,,True,False,False,1.378021978021978,2,0.033549091179988215,0.03931257128715515,3.9809813499450684,0.015477912500500679,0.3209737971675766,0.9876123606215638,0.32499977720534357
907967,6269,42,spearman,15,1,0.85,,True,False,False,1.378021978021978,3,0.0538758992084435,0.02499488741159439,3.981431007385254,0.015736056491732597,0.561100613786061,1.729919469590902,0.32435071322622194
907967,6269,42,spearman,15,1,0.85,,True,False,False,1.378021978021978,4,0.03136413042167468,0.0147961201146245,3.9826114177703857,0.015379972755908966,0.29422690562392706,0.9726513990505536,0.30249985340157015
907967,6269,42,spearman,15,1,0.85,,True,False,False,1.378021978021978,5,0.023179893182324513,0.020488062873482704,3.9834985733032227,0.014405808411538601,0.17299858928212838,0.556998661306715,0.31059067337067614
907967,6269,42,spearman,15,1,0.85,,True,False,False,1.378021978021978,6,0.027042590081691742,0.016196317970752716,3.9804375171661377,0.014633813872933388,0.2519409575497208,0.8171320498541469,0.3083234314385079
907967,6269,42,spearman,15,1,0.85,,True,False,False,1.378021978021978,7,0.02753362212596195,0.014170411042869091,3.976738214492798,0.014268009923398495,0.24781924894885562,0.8322036679420574,0.2977867780388255
907967,6269,42,spearman,15,1,0.85,,True,False,False,1.378021978021978,8,0.021650883302624737,0.013931219466030598,3.9736897945404053,0.014305736869573593,0.1560503534792692,0.5196654378634751,0.30029003683705824
907967,6269,42,spearman,15,1,0.85,,True,False,False,1.378021978021978,9,0.01889209246395954,0.014543885365128517,3.970611095428467,0.01458082627505064,0.09809817994563506,0.32618794901998266,0.300741275819864
907967,6269,42,spearman,15,1,0.85,,True,False,False,1.378021978021978,10,0.01858900094937001,0.015985550358891487,3.9677035808563232,0.01462364662438631,0.09689860078993462,0.3212302398780132,0.30164844015442044
907967,6269,42,spearman,15,1,0.85,,True,False,False,1.378021978021978,11,0.01974724978208542,0.016134077683091164,3.9660513401031494,0.014762869104743004,0.13112918722636482,0.4330877062908006,0.30277744050766053
907967,6269,42,spearman,15,1,0.85,,True,False,False,1.378021978021978,12,0.021115221914702227,0.014361590147018433,3.963331699371338,0.014632437378168106,0.16182017398436485,0.550793747299419,0.29379450071371893
907967,6269,42,spearman,15,1,0.85,,True,False,False,1.378021978021978,13,0.01956528950748699,0.014322437345981598,3.9593212604522705,0.014678755775094032,0.13185278497052308,0.4608734114661329,0.2860932778716529
907967,6269,42,spearman,15,1,0.85,,True,False,False,1.378021978021978,14,0.017605137046692625,0.014328953810036182,3.955573797225952,0.014461245387792587,0.08303123770734744,0.28952613269687105,0.2867832237927654
907967,6269,42,spearman,15,1,0.85,,True,False,False,1.378021978021978,15,0.01688900393699961,0.014706323854625225,3.9531168937683105,0.014474528841674328,0.07266908065485998,0.23479167636376735,0.3095045010963798
907967,6269,42,spearman,15,1,0.85,,True,False,False,1.378021978021978,16,0.01716846041381359,0.01525828056037426,3.9517416954040527,0.014772525057196617,0.08865173253824624,0.2882200529957323,0.30758349953967756
907967,6269,42,spearman,15,1,0.85,,True,False,False,1.378021978021978,17,0.017993129989398376,0.014837954193353653,3.9500460624694824,0.015145763754844666,0.12023050100524897,0.3916435416848549,0.30698961736406793
907967,6269,42,spearman,15,1,0.85,,True,False,False,1.378021978021978,18,0.018327343543725356,0.014350434765219688,3.9478025436401367,0.015107544139027596,0.13512944831315588,0.43892221207027166,0.307866507086713
907967,6269,42,spearman,15,1,0.85,,True,False,False,1.378021978021978,19,0.01746408488335354,0.014535056427121162,3.9443793296813965,0.015629401430487633,0.11200940461631785,0.3706532355961053,0.3021945955385385
907967,6269,42,spearman,15,1,0.85,,True,False,False,1.378021978021978,20,0.016248810337856412,0.014720786362886429,3.940256357192993,0.016213927417993546,0.08122803485613042,0.261776206166484,0.3102957142107899
907967,6269,42,spearman,15,1,0.85,,True,False,False,1.378021978021978,21,0.015724427898281386,0.014787730760872364,3.9381518363952637,0.016419000923633575,0.07612698393905927,0.2333251586258843,0.3262699332856587
907967,6269,42,spearman,15,1,0.85,,True,False,False,1.378021978021978,22,0.01545938486898584,0.014728386886417866,3.936877489089966,0.017014721408486366,0.07523082142144548,0.23504113060293713,0.3200751342037039
907967,6269,42,spearman,15,1,0.85,,True,False,False,1.378021978021978,23,0.015091797037582313,0.014730202965438366,3.935981035232544,0.017171794548630714,0.07735818739621039,0.23897204444340478,0.32371228850664685
907967,6269,42,spearman,15,1,0.85,,True,False,False,1.378021978021978,24,0.015156024468264409,0.014742348343133926,3.9340322017669678,0.017335642129182816,0.08681549939148504,0.2725312571116525,0.318552449033761
907967,6269,42,spearman,15,1,0.85,,True,False,False,1.378021978021978,25,0.015114869922399521,0.01494645606726408,3.932114362716675,0.01756628043949604,0.0973640509040464,0.29180871459204,0.33365710492858824
907967,6269,42,spearman,15,1,0.85,,True,False,False,1.378021978021978,26,0.01506084353396935,0.015382259152829647,3.9303581714630127,0.0174969844520092,0.10393477936142749,0.3223361588762728,0.32244219737382895
907967,6269,42,spearman,15,1,0.85,,True,False,False,1.378021978021978,27,0.015408229215868883,0.015433169901371002,3.9273157119750977,0.016882097348570824,0.12038409550411248,0.35545748946830447,0.3386736784864066
907967,6269,42,spearman,15,1,0.85,,True,False,False,1.378021978021978,28,0.015925906033122113,0.015234140679240227,3.925589084625244,0.016349073499441147,0.11324887458674385,0.3734660111333093,0.3032374331543018
907967,6269,42,spearman,15,1,0.85,,True,False,False,1.378021978021978,29,0.015273380359368665,0.016201434656977654,3.9231791496276855,0.016885988414287567,0.11267559962256608,0.34611910653744404,0.32553995862707746
907967,6269,42,spearman,15,1,0.85,,True,False,False,1.378021978021978,30,0.01441681235363441,0.019068127498030663,3.9195663928985596,0.01727721467614174,0.08491134064933399,0.2723673890660296,0.31175296330515295
907967,6269,42,spearman,15,1,0.85,,True,False,False,1.378021978021978,31,0.015348786820790597,0.02420634962618351,3.9185893535614014,0.017131851986050606,0.09926228908723404,0.31722161403886184,0.31291149371291205
907967,6269,42,spearman,15,1,0.85,,True,False,False,1.378021978021978,32,0.01617614472551005,0.02115127071738243,3.9160525798797607,0.017226817086338997,0.12797992315879178,0.4134038494871403,0.3095760315663516
907967,6269,42,spearman,15,1,0.85,,True,False,False,1.378021978021978,33,0.01577924637656127,0.016707664355635643,3.917917251586914,0.01835975982248783,0.11010402297033771,0.3701489529057696,0.2974586909018487
907967,6269,42,spearman,15,1,0.85,,True,False,False,1.378021978021978,34,0.014460570511541196,0.0183668602257967,3.916198253631592,0.017911875620484352,0.07590972639331862,0.2231032256824324,0.3402448627122457
907967,6269,42,spearman,15,1,0.85,,True,False,False,1.378021978021978,35,0.015072303424988474,0.01696346513926983,3.9100964069366455,0.01801416277885437,0.10941090424984411,0.3483497088534902,0.3140835243113303
907967,6269,42,spearman,15,1,0.85,,True,False,False,1.378021978021978,36,0.01647727094989802,0.0176138523966074,3.905400276184082,0.015693116933107376,0.14004079658957116,0.46976201052205735,0.2981100928822288
907967,6269,42,spearman,15,1,0.85,,True,False,False,1.378021978021978,37,0.01730154125419046,0.016162239015102386,3.9010605812072754,0.016120469197630882,0.16765759489853369,0.525717696981189,0.31891183397657974
907967,6269,42,spearman,15,1,0.85,,True,False,False,1.378021978021978,38,0.013072588148393802,0.017778180539608,3.89870285987854,0.01666843518614769,0.0714099874650816,0.23671932481128813,0.3016652211293174
907967,6269,42,spearman,15,1,0.85,,True,False,False,1.378021978021978,39,0.012552796098004495,0.018066024407744408,3.8931169509887695,0.016852127388119698,0.07254423369697084,0.21808835045411987,0.332636904014273
907967,6269,42,spearman,15,1,0.85,,True,False,False,1.378021978021978,40,0.013036364755992378,0.017473697662353516,3.8953094482421875,0.01728067360818386,0.08733981189820658,0.28151212999432945,0.31025239267542626
907967,6269,42,spearman,15,1,0.85,,True,False,False,1.378021978021978,41,0.013880658661946654,0.018727587535977364,3.8933966159820557,0.01754334568977356,0.08999803709466295,0.2709576786155055,0.3321479485438014
907967,6269,42,spearman,15,1,0.85,,True,False,False,1.378021978021978,42,0.015241346787661314,0.01567607931792736,3.8914337158203125,0.017376724630594254,0.11976298010414332,0.3957143121444276,0.3026501100120171
907967,6269,42,spearman,15,1,0.85,,True,False,False,1.378021978021978,43,0.012319553410634398,0.017159581184387207,3.8880257606506348,0.016350574791431427,0.07914394802373388,0.24254782871838865,0.32630243874620724
907967,6269,42,spearman,15,1,0.85,,True,False,False,1.378021978021978,44,0.012406912266409822,0.01646382547914982,3.8871796131134033,0.01649906486272812,0.08511651315119387,0.2614221319522964,0.3255903106413351
907967,6269,42,spearman,15,1,0.85,,True,False,False,1.378021978021978,45,0.01219611066127462,0.016957204788923264,3.88637375831604,0.016993872821331024,0.08124203341292624,0.2626016595174813,0.3093736481402876
907967,6269,42,spearman,15,1,0.85,,True,False,False,1.378021978021978,46,0.011105490282976202,0.017080534249544144,3.8844120502471924,0.0167330801486969,0.06144443556800066,0.18325745861105291,0.33529023065890884
907967,6269,42,spearman,15,1,0.85,,True,False,False,1.378021978021978,47,0.010790369706228375,0.0164670217782259,3.883267641067505,0.01684659905731678,0.06290041534939092,0.18306752230331275,0.3435913402751565
907967,6269,42,spearman,15,1,0.85,,True,False,False,1.378021978021978,48,0.011000861447038395,0.017200294882059097,3.882111072540283,0.016977697610855103,0.07112844027222621,0.22257726131663466,0.3195674160565779
907967,6269,42,spearman,15,1,0.85,,True,False,False,1.378021978021978,49,0.010343691068036216,0.017302528023719788,3.8817198276519775,0.016770124435424805,0.05413427720208586,0.16093641246614432,0.3363705973819787
907967,6269,42,spearman,15,1,0.85,,True,False,False,1.378021978021978,50,0.010168645763769746,0.016713466495275497,3.8802332878112793,0.016947586089372635,0.05646190298995065,0.16982809260383627,0.33246503640200903
907967,6269,42,spearman,15,1,0.85,,True,False,False,1.378021978021978,51,0.010014021436550788,0.017501290887594223,3.879746913909912,0.016778025776147842,0.05783385576272186,0.17705646130481728,0.32664075253842034
907967,6269,42,spearman,15,1,0.85,,True,False,False,1.378021978021978,52,0.009726557481501783,0.01732652634382248,3.8788647651672363,0.016607720404863358,0.054150703044126385,0.15766144368129714,0.3434619256261868
907967,6269,42,spearman,15,1,0.85,,True,False,False,1.378021978021978,53,0.009580476442351937,0.017245052382349968,3.8780086040496826,0.01667911186814308,0.05346489386542964,0.16727574622775637,0.31962131433157215
907967,6269,42,spearman,15,1,0.85,,True,False,False,1.378021978021978,54,0.009378396473558885,0.017565302550792694,3.8783347606658936,0.016480833292007446,0.052052779205821964,0.1606215372618077,0.32407098134451057
907967,6269,42,spearman,15,1,0.85,,True,False,False,1.378021978021978,55,0.009238462446124427,0.017609914764761925,3.8777310848236084,0.016364384442567825,0.05395869997322059,0.1606090894875324,0.33596292803262096
907967,6269,42,spearman,15,1,0.85,,True,False,False,1.378021978021978,56,0.009022587594310088,0.017508868128061295,3.8778584003448486,0.016335587948560715,0.0520811767842018,0.1557983270068733,0.3342858539268517
907967,6269,42,spearman,15,1,0.85,,True,False,False,1.378021978021978,57,0.008967277460864611,0.017734579741954803,3.87681245803833,0.0161527581512928,0.057453079216289386,0.1705791688395684,0.3368118135807534
907967,6269,42,spearman,15,1,0.85,,True,False,False,1.378021978021978,58,0.008723947136396808,0.017738016322255135,3.877011299133301,0.016001509502530098,0.052617080792479405,0.15649616278286063,0.33621962261879673
907967,6269,42,spearman,15,1,0.85,,True,False,False,1.378021978021978,59,0.008583123596119029,0.017948240041732788,3.876105546951294,0.016054905951023102,0.05576227849437956,0.16368619636014906,0.34066573562103214
907967,6269,42,spearman,15,1,0.85,,True,False,False,1.378021978021978,60,0.008407496880473835,0.0178317092359066,3.8762242794036865,0.015927840024232864,0.05248428396853376,0.15724200648587838,0.33378029917796487
907967,6269,42,spearman,15,1,0.85,,True,False,False,1.378021978021978,61,0.00826029883631106,0.018281256780028343,3.8748881816864014,0.01597731001675129,0.05709905244238168,0.16718156283342256,0.3415391713913624
907967,6269,42,spearman,15,1,0.85,,True,False,False,1.378021978021978,62,0.00812871300149709,0.018004102632403374,3.874641180038452,0.01578984223306179,0.054018260010032355,0.158352874067706,0.34112585785209654
907967,6269,42,spearman,15,1,0.85,,True,False,False,1.378021978021978,63,0.007954484201036394,0.018286781385540962,3.873748779296875,0.015983909368515015,0.058011872287731234,0.16632513457175455,0.3487859633286842
907967,6269,42,spearman,15,1,0.85,,True,False,False,1.378021978021978,64,0.00785299388891352,0.018283339217305183,3.8739001750946045,0.015624886378645897,0.05497186024553076,0.16085340038391646,0.34175130966448364
907967,6269,42,spearman,15,1,0.85,,True,False,False,1.378021978021978,65,0.007971368746698968,0.018438370898365974,3.8727407455444336,0.015851888805627823,0.06761534292474643,0.18750954864447508,0.3605967984733779
907967,6269,42,spearman,15,1,0.85,,True,False,False,1.378021978021978,66,0.008161329331674747,0.01889825612306595,3.8742072582244873,0.01565389148890972,0.07085310167863591,0.19296531285917654,0.36718050839518684
907967,6269,42,spearman,15,1,0.85,,True,False,False,1.378021978021978,67,0.0090251550011869,0.018536094576120377,3.87166428565979,0.015631867572665215,0.09942801341988414,0.26876373715571183,0.3699457913174844
907967,6269,42,spearman,15,1,0.85,,True,False,False,1.378021978021978,68,0.008867804326915316,0.01919160783290863,3.8737499713897705,0.015377717092633247,0.07960445163278476,0.23315480983569478,0.3414231586667285
907967,6269,42,spearman,15,1,0.85,,True,False,False,1.378021978021978,69,0.009056243779403823,0.01846911571919918,3.869072198867798,0.015729641541838646,0.10075017734137295,0.2704520410417012,0.3725251137057076
907967,6269,42,spearman,15,1,0.85,,True,False,False,1.378021978021978,70,0.008910910875004317,0.020002571865916252,3.8715853691101074,0.015188325196504593,0.08177668342946784,0.2397455664777058,0.3410977922577402
907967,6269,42,spearman,15,1,0.85,,True,False,False,1.378021978021978,71,0.008743183454498649,0.017489273101091385,3.8672220706939697,0.015585244633257389,0.08433947528620873,0.24385383858764248,0.34586076550749384
907967,6269,42,spearman,15,1,0.85,,True,False,False,1.378021978021978,72,0.007911701387326633,0.021497368812561035,3.8675856590270996,0.01516888290643692,0.06769289854200458,0.18419276525512088,0.36751116933326505
907967,6269,42,spearman,15,1,0.85,,True,False,False,1.378021978021978,73,0.007838734924527151,0.018071385100483894,3.863783836364746,0.015254242345690727,0.07445596855983001,0.19169637172828405,0.38840572666121004
907967,6269,42,spearman,15,1,0.85,,True,False,False,1.378021978021978,74,0.007877730681294841,0.021573103964328766,3.8655264377593994,0.015613347291946411,0.07924858817770528,0.2165222081878093,0.3660067428676868
907967,6269,42,spearman,15,1,0.85,,True,False,False,1.378021978021978,75,0.009152414676334177,0.017957044765353203,3.8618271350860596,0.01518554799258709,0.1052925714310432,0.28780931556489336,0.36584142950347515
907967,6269,42,spearman,15,1,0.85,,True,False,False,1.378021978021978,76,0.008193337491580419,0.02255276031792164,3.8618171215057373,0.015350835397839546,0.07404867580469877,0.23053559078424596,0.3212027936878448
907967,6269,42,spearman,15,1,0.85,,True,False,False,1.378021978021978,77,0.007667767332999834,0.018687469884753227,3.8580825328826904,0.015135739929974079,0.08173468742322251,0.21760859043754607,0.37560413979293183
907967,6269,42,spearman,15,1,0.85,,True,False,False,1.378021978021978,78,0.007515166769735515,0.01889745332300663,3.8608970642089844,0.015211876481771469,0.07303807590544338,0.22244827467923334,0.328337344986985
907967,6269,42,spearman,15,1,0.85,,True,False,False,1.378021978021978,79,0.007192773977294564,0.020205775275826454,3.859485149383545,0.01518561877310276,0.0763480164323301,0.23895291476110753,0.3195107141017271
907967,6269,42,spearman,15,1,0.85,,True,False,False,1.378021978021978,80,0.006438752058394519,0.019188495352864265,3.857612371444702,0.01518480759114027,0.0584002305571027,0.15368348984314298,0.3800032821764321
907967,6269,42,spearman,15,1,0.85,,True,False,False,1.378021978021978,81,0.006347524089505896,0.019182192161679268,3.85741925239563,0.015219208784401417,0.05986277921313168,0.16973639590204279,0.3526808666735603
907967,6269,42,spearman,15,1,0.85,,True,False,False,1.378021978021978,82,0.006493473941061113,0.01991690881550312,3.8572287559509277,0.015066792257130146,0.06937941763181966,0.20197557749443437,0.34350399435490153
907967,6269,42,spearman,15,1,0.85,,True,False,False,1.378021978021978,83,0.006167718188537817,0.01953931339085102,3.857128858566284,0.014961044304072857,0.05643623645585018,0.15077602653012814,0.37430510509042203
907967,6269,42,spearman,15,1,0.85,,True,False,False,1.378021978021978,84,0.006167865990261946,0.019344262778759003,3.8566582202911377,0.015014220029115677,0.05953213330617095,0.17602454173751064,0.3382035977381358
907967,6269,42,spearman,15,1,0.85,,True,False,False,1.378021978021978,85,0.006019794806239328,0.020086457952857018,3.856619119644165,0.014918957836925983,0.05803484013125288,0.16060657961016864,0.3613478368803834
907967,6269,42,spearman,15,1,0.85,,True,False,False,1.378021978021978,86,0.005918532456105042,0.019566349685192108,3.856332302093506,0.014877596870064735,0.0561585590116435,0.15040660439625583,0.3733782784120091
907967,6269,42,spearman,15,1,0.85,,True,False,False,1.378021978021978,87,0.0059927396941930056,0.019665367901325226,3.8562257289886475,0.014923264272511005,0.06276662354047971,0.18112406657677366,0.34653938996852235
907967,6269,42,spearman,15,1,0.85,,True,False,False,1.378021978021978,88,0.00574791625175359,0.020145399495959282,3.85597562789917,0.01483766920864582,0.053704789553931896,0.14972650953294944,0.3586859115402988
907967,6269,42,spearman,15,1,0.85,,True,False,False,1.378021978021978,89,0.005718529132926571,0.019660787656903267,3.8558056354522705,0.014847416430711746,0.054654109086886685,0.15146521937023458,0.3608360342642879
907967,6269,42,spearman,15,1,0.85,,True,False,False,1.378021978021978,90,0.005855636230470347,0.020024094730615616,3.855705499649048,0.014850543811917305,0.0647152114177245,0.18712567723779755,0.3458382215239183
907967,6269,42,spearman,15,1,0.85,,True,False,False,1.378021978021978,91,0.005568612516591591,0.020179763436317444,3.85553240776062,0.014733177609741688,0.054373873743925216,0.14952785116333306,0.3636370971730719
907967,6269,42,spearman,15,1,0.85,,True,False,False,1.378021978021978,92,0.005558624817889982,0.01992558129131794,3.8553318977355957,0.014786835759878159,0.05453832045023465,0.15465255737741082,0.3526506213330041
907967,6269,42,spearman,15,1,0.85,,True,False,False,1.378021978021978,93,0.005772875596968723,0.0203277338296175,3.8551371097564697,0.014749914407730103,0.06849637789779477,0.19863607170929587,0.34483353052659266
907967,6269,42,spearman,15,1,0.85,,True,False,False,1.378021978021978,94,0.005435337532877124,0.02030727081000805,3.855201244354248,0.014649800024926662,0.055111408302622726,0.15047982595456982,0.36623785250053875
907967,6269,42,spearman,15,1,0.85,,True,False,False,1.378021978021978,95,0.005407249987391489,0.020028619095683098,3.854891300201416,0.014715580269694328,0.05588487872825311,0.15347809771999726,0.3641228263712544
907967,6269,42,spearman,15,1,0.85,,True,False,False,1.378021978021978,96,0.005611800231106047,0.02074534259736538,3.8549036979675293,0.014676223509013653,0.06772133590891095,0.19786823769848558,0.34225470796259594
907967,6269,42,spearman,15,1,0.85,,True,False,False,1.378021978021978,97,0.005258320477358731,0.020430928096175194,3.8543903827667236,0.01462309155613184,0.055104847523764856,0.1496226705469234,0.3682920998667447
907967,6269,42,spearman,15,1,0.85,,True,False,False,1.378021978021978,98,0.0052821015311305276,0.020391255617141724,3.854285478591919,0.014694346114993095,0.05740753854762055,0.16089817177556762,0.3567942252777112
907967,6269,42,spearman,15,1,0.85,,True,False,False,1.378021978021978,99,0.005612703040242195,0.020906979218125343,3.85410475730896,0.01463788840919733,0.07637838781459687,0.21865676944865317,0.34930721791434577
907967,6269,42,spearman,15,1,0.85,,True,False,False,1.378021978021978,100,0.005246459888959569,0.020988982170820236,3.8544223308563232,0.014610903337597847,0.05913364459635258,0.1590688732447681,0.3717486858977659
907967,6269,42,spearman,15,1,0.85,,True,False,False,1.378021978021978,101,0.005224194726906717,0.02018631063401699,3.8536739349365234,0.0146475275978446,0.0575786139787336,0.1649917133107228,0.34897882337853503
907967,6269,42,spearman,15,1,0.85,,True,False,False,1.378021978021978,102,0.005476945528893599,0.021656278520822525,3.854192018508911,0.01464839093387127,0.07089083770659226,0.21037631787992403,0.33697156800090716
907967,6269,42,spearman,15,1,0.85,,True,False,False,1.378021978021978,103,0.005089444573968649,0.02075524441897869,3.85292911529541,0.014589160680770874,0.06310648496342536,0.16680538263571845,0.3783240322697709
907967,6269,42,spearman,15,1,0.85,,True,False,False,1.378021978021978,104,0.005511903486746762,0.022141054272651672,3.8539323806762695,0.014736910350620747,0.07532658689840609,0.22401232495545784,0.3362609040062756
907967,6269,42,spearman,15,1,0.85,,True,False,False,1.378021978021978,105,0.007014443266338536,0.021268170326948166,3.852816104888916,0.014680430293083191,0.1163197989653163,0.33512163281668783,0.3470972553675649
907967,6269,42,spearman,15,1,0.85,,True,False,False,1.378021978021978,106,0.006252894760109484,0.022189833223819733,3.8538877964019775,0.014734691008925438,0.08508308115044383,0.22307267826995192,0.3814141732189135
907967,6269,42,spearman,15,1,0.85,,True,False,False,1.378021978021978,107,0.005874946730078331,0.019810916855931282,3.8518381118774414,0.014631968922913074,0.07518359274679945,0.20516591757576555,0.36645264298671104
907967,6269,42,spearman,15,1,0.85,,True,False,False,1.378021978021978,108,0.005748258238392217,0.02184801734983921,3.852902412414551,0.014662650413811207,0.0787604225705844,0.2301544731027909,0.34220678620078976
907967,6269,42,spearman,15,1,0.88,,True,False,False,0.46813186813186813,1,0.20465230688984906,0.032100677490234375,3.9612863063812256,0.012988565489649773,1.2721253216422768,4.015900035063498,0.31677215830444483
907967,6269,42,spearman,15,1,0.88,,True,False,False,0.46813186813186813,2,0.0373981563108308,0.025749744847416878,3.9819390773773193,0.013566587120294571,0.36024966114747936,1.1024709876962673,0.3267656611081742
907967,6269,42,spearman,15,1,0.88,,True,False,False,0.46813186813186813,3,0.048335829350565164,0.019952882081270218,3.982391119003296,0.01398282591253519,0.501737824261057,1.5559918155489643,0.322455310655807
907967,6269,42,spearman,15,1,0.88,,True,False,False,0.46813186813186813,4,0.030781347803505405,0.014442792162299156,3.980304718017578,0.014258761890232563,0.293097931647038,0.9365184605902452,0.31296546088584165
907967,6269,42,spearman,15,1,0.88,,True,False,False,0.46813186813186813,5,0.02372131177357265,0.016127953305840492,3.9798593521118164,0.014713735319674015,0.1974981137321589,0.6109828713083111,0.3232465638667228
907967,6269,42,spearman,15,1,0.88,,True,False,False,0.46813186813186813,6,0.02359608075182353,0.01659156009554863,3.9773221015930176,0.015397529117763042,0.1971581738680606,0.628775025648121,0.313559167946473
907967,6269,42,spearman,15,1,0.88,,True,False,False,0.46813186813186813,7,0.02393065845327718,0.015283121727406979,3.973788022994995,0.014950824901461601,0.20642895153768753,0.6694421317465513,0.3083596650823473
907967,6269,42,spearman,15,1,0.88,,True,False,False,0.46813186813186813,8,0.02254029456526041,0.014404564164578915,3.970151424407959,0.014852644875645638,0.1829680324206773,0.6062992737443083,0.30177841264830174
907967,6269,42,spearman,15,1,0.88,,True,False,False,0.46813186813186813,9,0.020301884771989926,0.014325862750411034,3.964540958404541,0.014958690851926804,0.13649371486785905,0.45757736873404087,0.29829647223417516
907967,6269,42,spearman,15,1,0.88,,True,False,False,0.46813186813186813,10,0.01875807487938021,0.014610477723181248,3.960407018661499,0.015440315939486027,0.0979643964573977,0.32754046103810264,0.2990909768723274
907967,6269,42,spearman,15,1,0.88,,True,False,False,0.46813186813186813,11,0.01848758344671556,0.015142017044126987,3.958867311477661,0.01574547030031681,0.09539021651257726,0.3104219086499323,0.3072921525646665
907967,6269,42,spearman,15,1,0.88,,True,False,False,0.46813186813186813,12,0.018893623458487645,0.015052389353513718,3.9574882984161377,0.01597045548260212,0.1113596428133086,0.37419110487294566,0.297600988807103
907967,6269,42,spearman,15,1,0.88,,True,False,False,0.46813186813186813,13,0.01918429382411497,0.014563577249646187,3.956052541732788,0.016344178467988968,0.12472126457771679,0.42220634553302816,0.295403576703621
907967,6269,42,spearman,15,1,0.88,,True,False,False,0.46813186813186813,14,0.0186881358136556,0.014405873604118824,3.953047513961792,0.016594506800174713,0.11966896530506217,0.3979964448967639,0.3006784780095269
907967,6269,42,spearman,15,1,0.88,,True,False,False,0.46813186813186813,15,0.017943583728213395,0.014399409294128418,3.950406551361084,0.01648271642625332,0.10140427387609398,0.3362911194320614,0.3015371742407205
907967,6269,42,spearman,15,1,0.88,,True,False,False,0.46813186813186813,16,0.017216379255322472,0.014348211698234081,3.94740629196167,0.01679709553718567,0.08463124968676942,0.27652520379826334,0.3060525714256607
907967,6269,42,spearman,15,1,0.88,,True,False,False,0.46813186813186813,17,0.0168874854155417,0.014433879405260086,3.9458038806915283,0.017208732664585114,0.08070845645542442,0.2631331783396048,0.3067209424687365
907967,6269,42,spearman,15,1,0.88,,True,False,False,0.46813186813186813,18,0.016763420875317285,0.014363047666847706,3.9446861743927,0.017690548673272133,0.08219452020621942,0.2679948770698697,0.30670183364916925
907967,6269,42,spearman,15,1,0.88,,True,False,False,0.46813186813186813,19,0.016947097145020962,0.01458646822720766,3.9437386989593506,0.017933543771505356,0.09369865764259833,0.3054892974051088,0.3067166622143165
907967,6269,42,spearman,15,1,0.88,,True,False,False,0.46813186813186813,20,0.016778486747560755,0.014405393041670322,3.941300392150879,0.018350813537836075,0.09527166693707871,0.3063921623738853,0.310946814692046
907967,6269,42,spearman,15,1,0.88,,True,False,False,0.46813186813186813,21,0.016620621218213012,0.014578309841454029,3.9401066303253174,0.018381362780928612,0.09608216403794338,0.3119560686431026,0.3079990219634401
907967,6269,42,spearman,15,1,0.88,,True,False,False,0.46813186813186813,22,0.016149124463221858,0.014503984712064266,3.9372804164886475,0.018487436696887016,0.08676889815054825,0.27974696735416504,0.31016921817203114
907967,6269,42,spearman,15,1,0.88,,True,False,False,0.46813186813186813,23,0.015829376011554683,0.014843207783997059,3.93559193611145,0.01854662224650383,0.08069317742317388,0.26045805349442086,0.3098125642123504
907967,6269,42,spearman,15,1,0.88,,True,False,False,0.46813186813186813,24,0.015478623931163124,0.015158264897763729,3.9334583282470703,0.01847749948501587,0.07353213729406365,0.23632628590406526,0.3111466716977995
907967,6269,42,spearman,15,1,0.88,,True,False,False,0.46813186813186813,25,0.01515562306823475,0.015337089076638222,3.9322450160980225,0.01899421587586403,0.06914841454847061,0.2216620120389125,0.3119542853198487
907967,6269,42,spearman,15,1,0.88,,True,False,False,0.46813186813186813,26,0.014813491209809269,0.015585793182253838,3.9310781955718994,0.018567942082881927,0.06902115470130318,0.2201238890065393,0.3135559480276999
907967,6269,42,spearman,15,1,0.88,,True,False,False,0.46813186813186813,27,0.014506682454209243,0.01538974978029728,3.9299519062042236,0.018879877403378487,0.06465861824007568,0.2088068144141841,0.3096576058648678
907967,6269,42,spearman,15,1,0.88,,True,False,False,0.46813186813186813,28,0.014155247647847449,0.015118501149117947,3.928995132446289,0.019660860300064087,0.06520195175655694,0.2079007956402176,0.313620501333138
907967,6269,42,spearman,15,1,0.88,,True,False,False,0.46813186813186813,29,0.013825036585330963,0.015189032070338726,3.928363561630249,0.019659657031297684,0.06615159810512186,0.2122036365748826,0.3117364017532588
907967,6269,42,spearman,15,1,0.88,,True,False,False,0.46813186813186813,30,0.013835420166807515,0.01565924473106861,3.9267771244049072,0.019536567851901054,0.07138675000192155,0.23784792804828433,0.30013610203545493
907967,6269,42,spearman,15,1,0.88,,True,False,False,0.46813186813186813,31,0.0141807306957032,0.019962450489401817,3.926424980163574,0.019496049731969833,0.08974544204296749,0.2916605522558829,0.3077051090677608
907967,6269,42,spearman,15,1,0.88,,True,False,False,0.46813186813186813,32,0.016359479299613407,0.02539639174938202,3.9247119426727295,0.01990179345011711,0.12930727006255258,0.4292847040046056,0.3012156474619326
907967,6269,42,spearman,15,1,0.88,,True,False,False,0.46813186813186813,33,0.020968453559492315,0.016201186925172806,3.92171573638916,0.019187387079000473,0.21763634444082025,0.6857857863995397,0.3173532446379804
907967,6269,42,spearman,15,1,0.88,,True,False,False,0.46813186813186813,34,0.019690714044762508,0.017065798863768578,3.916139602661133,0.01966826617717743,0.1901969556391994,0.6355437339322888,0.29926651068070137
907967,6269,42,spearman,15,1,0.88,,True,False,False,0.46813186813186813,35,0.015230826601119978,0.018116306513547897,3.911466360092163,0.020627692341804504,0.08981731433993632,0.3237177372859574,0.27745564729534233
907967,6269,42,spearman,15,1,0.88,,True,False,False,0.46813186813186813,36,0.014443780229027783,0.017584044486284256,3.9053094387054443,0.02055400423705578,0.08921855052364598,0.27229784102545035,0.3276505982835887
907967,6269,42,spearman,15,1,0.88,,True,False,False,0.46813186813186813,37,0.01484475051984191,0.016341548413038254,3.902639627456665,0.0207257978618145,0.08649298022300564,0.29946439393670354,0.28882558986628126
907967,6269,42,spearman,15,1,0.88,,True,False,False,0.46813186813186813,38,0.013210429876510586,0.016631536185741425,3.8982365131378174,0.020182639360427856,0.06938604036237449,0.2177975448089038,0.3185804524239951
907967,6269,42,spearman,15,1,0.88,,True,False,False,0.46813186813186813,39,0.013908798673323222,0.016186818480491638,3.8965117931365967,0.020135698840022087,0.0958590477423944,0.3272191311770104,0.2929506211855509
907967,6269,42,spearman,15,1,0.88,,True,False,False,0.46813186813186813,40,0.014642574757869755,0.016793381422758102,3.892664670944214,0.019210364669561386,0.11591678651447622,0.393488306960523,0.29458762678254397
907967,6269,42,spearman,15,1,0.88,,True,False,False,0.46813186813186813,41,0.012627647557694997,0.01897745206952095,3.8919906616210938,0.0194973386824131,0.0675621560386381,0.22904494947988727,0.29497334995494345
907967,6269,42,spearman,15,1,0.88,,True,False,False,0.46813186813186813,42,0.012400040868669748,0.016831040382385254,3.890580654144287,0.019548270851373672,0.07636836098525798,0.25603377135663324,0.29827456190763635
907967,6269,42,spearman,15,1,0.88,,True,False,False,0.46813186813186813,43,0.011507820637364472,0.016539547592401505,3.889009714126587,0.01943870633840561,0.06130609914963586,0.18308664451092316,0.3348474669633449
907967,6269,42,spearman,15,1,0.88,,True,False,False,0.46813186813186813,44,0.011933301109820604,0.016079392284154892,3.8876733779907227,0.0188071858137846,0.07566080918391811,0.27484851516710246,0.27528185530725013
907967,6269,42,spearman,15,1,0.88,,True,False,False,0.46813186813186813,45,0.011162741675174661,0.017105620354413986,3.88694167137146,0.018635226413607597,0.05888341454895158,0.19507103899169392,0.3018562614574323
907967,6269,42,spearman,15,1,0.88,,True,False,False,0.46813186813186813,46,0.0109692608738052,0.016015833243727684,3.885446548461914,0.018896613270044327,0.06427789382389414,0.19983343274875268,0.32165735702687964
907967,6269,42,spearman,15,1,0.88,,True,False,False,0.46813186813186813,47,0.011147947117154087,0.016210507601499557,3.8849802017211914,0.018775779753923416,0.06981357553955474,0.2475019010617319,0.28207288606587216
907967,6269,42,spearman,15,1,0.88,,True,False,False,0.46813186813186813,48,0.010893106726663453,0.01763780042529106,3.8841769695281982,0.018571622669696808,0.06282597499093504,0.20381901845600245,0.308243928690044
907967,6269,42,spearman,15,1,0.88,,True,False,False,0.46813186813186813,49,0.01075460119838161,0.016443949192762375,3.8833110332489014,0.018602468073368073,0.07058911429751635,0.21000481220078784,0.3361309369886687
907967,6269,42,spearman,15,1,0.88,,True,False,False,0.46813186813186813,50,0.010985842074400612,0.015940342098474503,3.8819119930267334,0.01859060674905777,0.07451042391587155,0.26540780414692045,0.28073938577308927
907967,6269,42,spearman,15,1,0.88,,True,False,False,0.46813186813186813,51,0.010840879686708962,0.018447941169142723,3.8823821544647217,0.018339071422815323,0.06825825424655971,0.23553203834994615,0.28980454092132435
907967,6269,42,spearman,15,1,0.88,,True,False,False,0.46813186813186813,52,0.010449958233428853,0.016010917723178864,3.8807320594787598,0.01840699464082718,0.07576619834282715,0.21475429258134635,0.3528041159585903
907967,6269,42,spearman,15,1,0.88,,True,False,False,0.46813186813186813,53,0.010392952377774886,0.016687123104929924,3.880402088165283,0.018514402210712433,0.06858719301841955,0.2424561778716721,0.2828849057186684
907967,6269,42,spearman,15,1,0.88,,True,False,False,0.46813186813186813,54,0.011262072649385248,0.018785011023283005,3.880080461502075,0.018317613750696182,0.09265909824610917,0.31889841791066015,0.2905599182739665
907967,6269,42,spearman,15,1,0.88,,True,False,False,0.46813186813186813,55,0.010647344436230404,0.01705317385494709,3.879006862640381,0.01820472814142704,0.08019721645709592,0.23862684125053588,0.3360779367336982
907967,6269,42,spearman,15,1,0.88,,True,False,False,0.46813186813186813,56,0.010341820972306388,0.016252800822257996,3.8765761852264404,0.018252970650792122,0.07034849845248171,0.24160195116116778,0.2911752082882082
907967,6269,42,spearman,15,1,0.88,,True,False,False,0.46813186813186813,57,0.011022881637992603,0.018796633929014206,3.877267360687256,0.018168160691857338,0.09012628207628229,0.3189691085865704,0.282554892150438
907967,6269,42,spearman,15,1,0.88,,True,False,False,0.46813186813186813,58,0.00977144593239895,0.01684420555830002,3.875051259994507,0.01823313906788826,0.0711160993373298,0.20829427203764664,0.34142129133601434
907967,6269,42,spearman,15,1,0.88,,True,False,False,0.46813186813186813,59,0.009724882830466543,0.01750660315155983,3.874603748321533,0.01824229583144188,0.07189522470973346,0.22656443355602113,0.31732793881630617
907967,6269,42,spearman,15,1,0.88,,True,False,False,0.46813186813186813,60,0.01105713318767292,0.017586734145879745,3.8740458488464355,0.01800518110394478,0.09984359845936142,0.3518370179247131,0.2837779806343243
907967,6269,42,spearman,15,1,0.88,,True,False,False,0.46813186813186813,61,0.009413364376606686,0.01869317516684532,3.87325119972229,0.01811283268034458,0.06152976447866452,0.2071804150207688,0.29698639454988773
907967,6269,42,spearman,15,1,0.88,,True,False,False,0.46813186813186813,62,0.009324373195080884,0.016233615577220917,3.870244264602661,0.0178461205214262,0.06885386934576582,0.2096594571203397,0.32840812568696515
907967,6269,42,spearman,15,1,0.88,,True,False,False,0.46813186813186813,63,0.00949335959739983,0.01782914251089096,3.8709352016448975,0.017898205667734146,0.07138651358781457,0.25525472313196046,0.27966774801118893
907967,6269,42,spearman,15,1,0.88,,True,False,False,0.46813186813186813,64,0.009503726215500916,0.0185429435223341,3.8686044216156006,0.017832402139902115,0.08036136541665817,0.23938899573039762,0.33569364862044987
907967,6269,42,spearman,15,1,0.88,,True,False,False,0.46813186813186813,65,0.01022710814140737,0.017674047499895096,3.8697032928466797,0.017852913588285446,0.09122061006616744,0.2797444431855155,0.3260855122878972
907967,6269,42,spearman,15,1,0.88,,True,False,False,0.46813186813186813,66,0.009831006971320935,0.016565073281526566,3.866631031036377,0.01792326755821705,0.08223946981066385,0.2793272981974387,0.2944197374946132
907967,6269,42,spearman,15,1,0.88,,True,False,False,0.46813186813186813,67,0.009707778259845716,0.019795475527644157,3.8668110370635986,0.01791926845908165,0.08331457840708054,0.28698170835624764,0.2903132010886451
907967,6269,42,spearman,15,1,0.88,,True,False,False,0.46813186813186813,68,0.009155204170383513,0.01724175736308098,3.865480661392212,0.017640244215726852,0.08392076359494995,0.2406635390189089,0.3487057654712191
907967,6269,42,spearman,15,1,0.88,,True,False,False,0.46813186813186813,69,0.008974129633445824,0.017102783545851707,3.8645665645599365,0.017623599618673325,0.07074369055523497,0.24754105252677214,0.28578569022323314
907967,6269,42,spearman,15,1,0.88,,True,False,False,0.46813186813186813,70,0.009577806905976363,0.020001137629151344,3.865288496017456,0.017604753375053406,0.0882643204028781,0.32124083049992463,0.2747605908789482
907967,6269,42,spearman,15,1,0.88,,True,False,False,0.46813186813186813,71,0.00852264349149274,0.01776973344385624,3.8629961013793945,0.01750313676893711,0.07115892823116945,0.22398826288011592,0.3176904330426358
907967,6269,42,spearman,15,1,0.88,,True,False,False,0.46813186813186813,72,0.008231159066781402,0.017658138647675514,3.860994338989258,0.017330029979348183,0.0633437843387282,0.2133552262784644,0.29689352092906796
907967,6269,42,spearman,15,1,0.88,,True,False,False,0.46813186813186813,73,0.009139068690793855,0.018602406606078148,3.861565351486206,0.01745694875717163,0.08785036994676024,0.3152703911697913,0.27865087368502395
907967,6269,42,spearman,15,1,0.88,,True,False,False,0.46813186813186813,74,0.0077840874270935145,0.018355058506131172,3.8612060546875,0.01774580404162407,0.065232123182532,0.19492852450652925,0.33464637023922256
907967,6269,42,spearman,15,1,0.88,,True,False,False,0.46813186813186813,75,0.00803158403972962,0.018490588292479515,3.8599612712860107,0.017588859423995018,0.07293505800809139,0.23565636086935518,0.30949751468077763
907967,6269,42,spearman,15,1,0.88,,True,False,False,0.46813186813186813,76,0.008730456964778048,0.01720801740884781,3.859114646911621,0.017627477645874023,0.08596530282131591,0.29945576684629743,0.2870717893542939
907967,6269,42,spearman,15,1,0.88,,True,False,False,0.46813186813186813,77,0.007744713353791407,0.020300976932048798,3.8588688373565674,0.017841659486293793,0.06374846874276383,0.20542260742702534,0.3103283983244133
907967,6269,42,spearman,15,1,0.88,,True,False,False,0.46813186813186813,78,0.007461098089282002,0.017464619129896164,3.8568689823150635,0.017548147588968277,0.07244879491865623,0.2168438933848902,0.3341057651539584
907967,6269,42,spearman,15,1,0.88,,True,False,False,0.46813186813186813,79,0.007192666409537196,0.018232354894280434,3.8573110103607178,0.017683064565062523,0.06217542265139929,0.20712726106295284,0.30017981376291136
907967,6269,42,spearman,15,1,0.88,,True,False,False,0.46813186813186813,80,0.006598957124099668,0.017638511955738068,3.856656312942505,0.017711881548166275,0.049277073337196005,0.1338905703939036,0.3680399089484474
907967,6269,42,spearman,15,1,0.88,,True,False,False,0.46813186813186813,81,0.006523188120419425,0.018103864043951035,3.856729745864868,0.0177304744720459,0.05073914340099236,0.15351719647333706,0.33051113859725967
907967,6269,42,spearman,15,1,0.88,,True,False,False,0.46813186813186813,82,0.006405280304274389,0.01780950278043747,3.856222629547119,0.017757490277290344,0.04925537863203795,0.14081763370922545,0.3497813259197046
907967,6269,42,spearman,15,1,0.88,,True,False,False,0.46813186813186813,83,0.00634346590543698,0.01830098032951355,3.8564038276672363,0.017814960330724716,0.05062642534477725,0.14624017569447792,0.3461868471096396
907967,6269,42,spearman,15,1,0.88,,True,False,False,0.46813186813186813,84,0.0063795187577073064,0.017810316756367683,3.8559420108795166,0.01783943548798561,0.050275440115448045,0.15103412389497287,0.3328747094933066
907967,6269,42,spearman,15,1,0.88,,True,False,False,0.46813186813186813,85,0.006256794714967587,0.018336458131670952,3.856360673904419,0.017904754728078842,0.050231790487804524,0.14221123502420718,0.35321956439588514
907967,6269,42,spearman,15,1,0.88,,True,False,False,0.46813186813186813,86,0.0063074960739218765,0.017847545444965363,3.855356454849243,0.01789950579404831,0.05339744086337072,0.16028675977493137,0.33313694117977216
907967,6269,42,spearman,15,1,0.88,,True,False,False,0.46813186813186813,87,0.006155124973572258,0.01850290596485138,3.8557703495025635,0.017984410747885704,0.050366325740467247,0.14197436685824172,0.35475647368374713
907967,6269,42,spearman,15,1,0.88,,True,False,False,0.46813186813186813,88,0.006230195036291012,0.01777835562825203,3.8548617362976074,0.01798335649073124,0.05598253518198536,0.1658575162473988,0.3375339052958103
907967,6269,42,spearman,15,1,0.88,,True,False,False,0.46813186813186813,89,0.006073997389259083,0.018552906811237335,3.85573148727417,0.018070293590426445,0.049511707090064486,0.13910549598678199,0.35592919415932517
907967,6269,42,spearman,15,1,0.88,,True,False,False,0.46813186813186813,90,0.006098589144780168,0.017846545204520226,3.854820728302002,0.01807509735226631,0.05489760007916024,0.16012203227675229,0.34284850934150823
907967,6269,42,spearman,15,1,0.88,,True,False,False,0.46813186813186813,91,0.005916073153327618,0.018576528877019882,3.8553338050842285,0.018155651167035103,0.050414763979520175,0.13878095971707224,0.36326859305437625
907967,6269,42,spearman,15,1,0.88,,True,False,False,0.46813186813186813,92,0.005944714182987809,0.018101505935192108,3.8543903827667236,0.018128355965018272,0.0549582530015898,0.1582540565967919,0.3472786365361116
907967,6269,42,spearman,15,1,0.88,,True,False,False,0.46813186813186813,93,0.005760133083510611,0.018623022362589836,3.8549633026123047,0.018207380548119545,0.05105929362724782,0.1377377501185481,0.3706993441008831
907967,6269,42,spearman,15,1,0.88,,True,False,False,0.46813186813186813,94,0.005822199812558081,0.018116192892193794,3.8542492389678955,0.01816200092434883,0.05445741666102889,0.16019389047149438,0.3399469012232982
907967,6269,42,spearman,15,1,0.88,,True,False,False,0.46813186813186813,95,0.005667587226655867,0.018753163516521454,3.8550281524658203,0.018271155655384064,0.05041604874390814,0.13577228851512005,0.37132797343930984
907967,6269,42,spearman,15,1,0.88,,True,False,False,0.46813186813186813,96,0.005750817171896675,0.017982909455895424,3.8540120124816895,0.0182088240981102,0.05537778931610778,0.16153024567143787,0.342832322736676
907967,6269,42,spearman,15,1,0.88,,True,False,False,0.46813186813186813,97,0.0055921582554999206,0.018926363438367844,3.85481333732605,0.018329089507460594,0.051372226328892656,0.13835401486273446,0.3713099788212825
907967,6269,42,spearman,15,1,0.88,,True,False,False,0.46813186813186813,98,0.005634049402682909,0.0178864486515522,3.8538405895233154,0.018267536535859108,0.056389698544528896,0.16034282024915317,0.35168209251000143
907967,6269,42,spearman,15,1,0.88,,True,False,False,0.46813186813186813,99,0.005600752749679876,0.018973035737872124,3.8547918796539307,0.01838420145213604,0.0493805386476408,0.1386222618408686,0.3562237262004205
907967,6269,42,spearman,15,1,0.88,,True,False,False,0.46813186813186813,100,0.005564233421214989,0.018067410215735435,3.8535237312316895,0.01829894818365574,0.05956573568920736,0.15789365354501475,0.377252247645585
907967,6269,42,spearman,15,1,0.88,,True,False,False,0.46813186813186813,101,0.005512412017976333,0.01901290751993656,3.8543851375579834,0.01844097673892975,0.05194719711374935,0.141316600436629,0.36759444363138766
907967,6269,42,spearman,15,1,0.88,,True,False,False,0.46813186813186813,102,0.005524271766522101,0.018214572221040726,3.85319185256958,0.018377553671598434,0.06113772468757802,0.1679486433389105,0.3640263087082023
907967,6269,42,spearman,15,1,0.88,,True,False,False,0.46813186813186813,103,0.005442162788572854,0.019180316478013992,3.8541431427001953,0.018500104546546936,0.05143418169571175,0.14149174341096815,0.3635136613304403
907967,6269,42,spearman,15,1,0.88,,True,False,False,0.46813186813186813,104,0.005532250664795616,0.018113812431693077,3.852587938308716,0.01842384599149227,0.062287932960812566,0.18007535647437073,0.3458992622865184
907967,6269,42,spearman,15,1,0.88,,True,False,False,0.46813186813186813,105,0.005400940260317709,0.019309042021632195,3.853696346282959,0.018601272255182266,0.054041695373343475,0.14474936866837076,0.3733466741176799
907967,6269,42,spearman,15,1,0.88,,True,False,False,0.46813186813186813,106,0.005474910439391222,0.018078140914440155,3.851890802383423,0.018425550311803818,0.06471103081338321,0.18095552385421995,0.3576073801712603
907967,6269,42,spearman,15,1,0.88,,True,False,False,0.46813186813186813,107,0.005382955394452438,0.019200371578335762,3.853384256362915,0.018539084121584892,0.05376604061712386,0.14349478476619287,0.37468985861997933
907967,6269,42,spearman,15,1,0.88,,True,False,False,0.46813186813186813,108,0.0053413702407851815,0.018397077918052673,3.85158634185791,0.018432440236210823,0.06435582643425415,0.16857660929057627,0.38176011906220014
907967,6269,42,spearman,15,1,0.88,,True,False,False,0.46813186813186813,109,0.005216029900891174,0.019290819764137268,3.8527534008026123,0.01856168545782566,0.05601214652023479,0.1451654795153858,0.38585031859390734
907967,6269,42,spearman,15,1,0.91,,True,False,False,0.0945054945054945,1,0.20515583721654757,0.031662359833717346,3.96083402633667,0.012909773737192154,1.271128337482493,4.025682078214945,0.31575477466561813
907967,6269,42,spearman,15,1,0.91,,True,False,False,0.0945054945054945,2,0.03692545296092119,0.024813931435346603,3.9811692237854004,0.014366737566888332,0.3500481178751825,1.0834136796650682,0.3230973767869305
907967,6269,42,spearman,15,1,0.91,,True,False,False,0.0945054945054945,3,0.04850939315344606,0.01968296244740486,3.9811294078826904,0.013660549186170101,0.4877561604573334,1.5604184853933432,0.3125803526571716
907967,6269,42,spearman,15,1,0.91,,True,False,False,0.0945054945054945,4,0.03080522658170334,0.014111530035734177,3.9796602725982666,0.013562453910708427,0.29275043964024583,0.9676961486442911,0.30252310092385565
907967,6269,42,spearman,15,1,0.91,,True,False,False,0.0945054945054945,5,0.023776822124740908,0.016789542511105537,3.9785027503967285,0.014099556021392345,0.19781368695132748,0.6318934920490017,0.31304909678619464
907967,6269,42,spearman,15,1,0.91,,True,False,False,0.0945054945054945,6,0.02450180778812085,0.016103362664580345,3.975323438644409,0.014426730573177338,0.21307693595599625,0.7038574728223475,0.30272739039239244
907967,6269,42,spearman,15,1,0.91,,True,False,False,0.0945054945054945,7,0.024420608167669604,0.014191464520990849,3.971309185028076,0.014022291637957096,0.20613279399427764,0.7174945524081106,0.28729527395316323
907967,6269,42,spearman,15,1,0.91,,True,False,False,0.0945054945054945,8,0.021351541858166456,0.013951191678643227,3.966827392578125,0.014043294824659824,0.1548850776882293,0.5380507433805055,0.28786332812183824
907967,6269,42,spearman,15,1,0.91,,True,False,False,0.0945054945054945,9,0.018907784949988127,0.014047295786440372,3.9619877338409424,0.01418626494705677,0.10103768688375657,0.3393894238623539,0.29770428828812506
907967,6269,42,spearman,15,1,0.91,,True,False,False,0.0945054945054945,10,0.018172113823571374,0.014870326966047287,3.959200620651245,0.014884131029248238,0.08392769069641291,0.2774092083737701,0.3025411131379228
907967,6269,42,spearman,15,1,0.91,,True,False,False,0.0945054945054945,11,0.018704851789932166,0.01571103371679783,3.957732677459717,0.0150414127856493,0.10538264596242496,0.3513694614895435,0.29991976398683456
907967,6269,42,spearman,15,1,0.91,,True,False,False,0.0945054945054945,12,0.020047705188127502,0.014546780847012997,3.9564127922058105,0.01561665441840887,0.14255688245343062,0.4868688670880637,0.2928034468619093
907967,6269,42,spearman,15,1,0.91,,True,False,False,0.0945054945054945,13,0.019660343482558216,0.014042435213923454,3.9536819458007812,0.01629236713051796,0.13960942412369773,0.48039123110961907,0.29061609597022403
907967,6269,42,spearman,15,1,0.91,,True,False,False,0.0945054945054945,14,0.01824180133241628,0.014060761779546738,3.9498939514160156,0.016629628837108612,0.10695295020983916,0.3654249644281301,0.29268101695493615
907967,6269,42,spearman,15,1,0.91,,True,False,False,0.0945054945054945,15,0.01714612091226237,0.013981415890157223,3.946589946746826,0.016805190593004227,0.07691755834750569,0.25929582527401346,0.296640172536236
907967,6269,42,spearman,15,1,0.91,,True,False,False,0.0945054945054945,16,0.01680232584476471,0.01414665300399065,3.9446375370025635,0.016531728208065033,0.07383184268122019,0.24473661545194572,0.30167877636362694
907967,6269,42,spearman,15,1,0.91,,True,False,False,0.0945054945054945,17,0.016909672346498286,0.014380433596670628,3.9437081813812256,0.016919810324907303,0.08515988878893517,0.2828896003569214,0.3010357704248867
907967,6269,42,spearman,15,1,0.91,,True,False,False,0.0945054945054945,18,0.017215325696659938,0.014395329169929028,3.941795825958252,0.01742280274629593,0.1005296203285728,0.33745189201067044,0.2979080061732061
907967,6269,42,spearman,15,1,0.91,,True,False,False,0.0945054945054945,19,0.01744501861477537,0.014167492277920246,3.9401676654815674,0.017497697845101357,0.11016622877941752,0.37529611615280684,0.293544814447982
907967,6269,42,spearman,15,1,0.91,,True,False,False,0.0945054945054945,20,0.01697712524660996,0.014156865887343884,3.9370994567871094,0.017737779766321182,0.10496931003416385,0.3503997054377067,0.2995702005592168
907967,6269,42,spearman,15,1,0.91,,True,False,False,0.0945054945054945,21,0.016458847792819142,0.014145281165838242,3.9349522590637207,0.01799599453806877,0.09208210900536622,0.30459808081365114,0.30230692445300883
907967,6269,42,spearman,15,1,0.91,,True,False,False,0.0945054945054945,22,0.015884666504072293,0.014679665677249432,3.932847499847412,0.018002931028604507,0.08054675644326333,0.2640584231729361,0.3050338462038264
907967,6269,42,spearman,15,1,0.91,,True,False,False,0.0945054945054945,23,0.015489453083968588,0.015193561092019081,3.9308249950408936,0.018562182784080505,0.07253170225222727,0.2380906291465045,0.3046390465342155
907967,6269,42,spearman,15,1,0.91,,True,False,False,0.0945054945054945,24,0.015224339673295617,0.01564715802669525,3.929564952850342,0.018732300028204918,0.0727817270882374,0.23370321065931668,0.31142801539866005
907967,6269,42,spearman,15,1,0.91,,True,False,False,0.0945054945054945,25,0.014997635801721896,0.015309087000787258,3.929248809814453,0.018968963995575905,0.07082224326238366,0.22970600986583878,0.3083168929861239
907967,6269,42,spearman,15,1,0.91,,True,False,False,0.0945054945054945,26,0.014505772452269281,0.014876923523843288,3.928410530090332,0.018873535096645355,0.06711670918752276,0.21437461445400233,0.3130814222483917
907967,6269,42,spearman,15,1,0.91,,True,False,False,0.0945054945054945,27,0.014150912507570215,0.014537566341459751,3.9275765419006348,0.019250769168138504,0.06423105389976781,0.2011912925044054,0.3192536471131926
907967,6269,42,spearman,15,1,0.91,,True,False,False,0.0945054945054945,28,0.013896375362362181,0.01500768680125475,3.9266114234924316,0.020061008632183075,0.06718675864473168,0.2151551218931404,0.31227124900976605
907967,6269,42,spearman,15,1,0.91,,True,False,False,0.0945054945054945,29,0.014404134691825934,0.019428309053182602,3.9251291751861572,0.019886117428541183,0.09126080698998858,0.29405954613479607,0.310348050893898
907967,6269,42,spearman,15,1,0.91,,True,False,False,0.0945054945054945,30,0.017261907790920565,0.024801338091492653,3.923114061355591,0.020889323204755783,0.1499365220204003,0.47202944715845085,0.3176423058406184
907967,6269,42,spearman,15,1,0.91,,True,False,False,0.0945054945054945,31,0.022186953640942062,0.014661990106105804,3.922762155532837,0.02111181989312172,0.22576817159348386,0.7128535468633977,0.3167104555859501
907967,6269,42,spearman,15,1,0.91,,True,False,False,0.0945054945054945,32,0.02084258178781186,0.01941066049039364,3.920337677001953,0.02117963507771492,0.20590168803650855,0.6692760924136885,0.3076483537513399
907967,6269,42,spearman,15,1,0.91,,True,False,False,0.0945054945054945,33,0.017930878392819847,0.018794609233736992,3.916140556335449,0.020778797566890717,0.10918750033721636,0.37780115200201453,0.28900785441846705
907967,6269,42,spearman,15,1,0.91,,True,False,False,0.0945054945054945,34,0.015638628641941717,0.014371517114341259,3.910869836807251,0.021110769361257553,0.09404120978090247,0.30258956981307694,0.31078800845212584
907967,6269,42,spearman,15,1,0.91,,True,False,False,0.0945054945054945,35,0.014398216702310103,0.01500930916517973,3.909890651702881,0.021189140155911446,0.07417606681752273,0.25228769272247437,0.2940138142165543
907967,6269,42,spearman,15,1,0.91,,True,False,False,0.0945054945054945,36,0.014471206082297223,0.014471173286437988,3.904017448425293,0.021208027377724648,0.0876553078734521,0.30461578029832437,0.28775695004152263
907967,6269,42,spearman,15,1,0.91,,True,False,False,0.0945054945054945,37,0.01344500548605408,0.016397224739193916,3.900947093963623,0.021603545174002647,0.0703213360332511,0.23183069049322538,0.3033305723385348
907967,6269,42,spearman,15,1,0.91,,True,False,False,0.0945054945054945,38,0.013098580396867223,0.015447916463017464,3.898942232131958,0.021363334730267525,0.06949969395483095,0.24457971955537944,0.2841596763660128
907967,6269,42,spearman,15,1,0.91,,True,False,False,0.0945054945054945,39,0.012420330229880554,0.01447798777371645,3.897188186645508,0.021243933588266373,0.06469284993535084,0.2032154069842569,0.31834618691113437
907967,6269,42,spearman,15,1,0.91,,True,False,False,0.0945054945054945,40,0.012249591760337353,0.01543374452739954,3.8961446285247803,0.021346447989344597,0.06787969436378814,0.22429313044521354,0.302638311876725
907967,6269,42,spearman,15,1,0.91,,True,False,False,0.0945054945054945,41,0.01327129187328475,0.014945877715945244,3.893645763397217,0.020887797698378563,0.09545977600016782,0.31869887920201245,0.2995296884598065
907967,6269,42,spearman,15,1,0.91,,True,False,False,0.0945054945054945,42,0.011916962152879153,0.016367802396416664,3.8926379680633545,0.02125190570950508,0.06348962503041164,0.22477217982290956,0.2824621137729345
907967,6269,42,spearman,15,1,0.91,,True,False,False,0.0945054945054945,43,0.011379033992333072,0.015401264652609825,3.8900723457336426,0.02040911838412285,0.0628645681638085,0.19912435753436394,0.3157050646234674
907967,6269,42,spearman,15,1,0.91,,True,False,False,0.0945054945054945,44,0.010993178069059337,0.015092715620994568,3.89031982421875,0.020930543541908264,0.05749987226049329,0.1814751258241957,0.3168471271147073
907967,6269,42,spearman,15,1,0.91,,True,False,False,0.0945054945054945,45,0.011333270098215767,0.016053900122642517,3.889227867126465,0.021057652309536934,0.07158296999194125,0.2425558281842572,0.29511956289612723
907967,6269,42,spearman,15,1,0.91,,True,False,False,0.0945054945054945,46,0.010752952857209104,0.016119005158543587,3.8894944190979004,0.021168364211916924,0.05841276498838021,0.18481905312599436,0.31605380506003977
907967,6269,42,spearman,15,1,0.91,,True,False,False,0.0945054945054945,47,0.010577328403347306,0.015192179009318352,3.8879878520965576,0.02126346528530121,0.06163436708442142,0.18905616716500054,0.32601087818681646
907967,6269,42,spearman,15,1,0.91,,True,False,False,0.0945054945054945,48,0.010510570569229978,0.016029128804802895,3.888312578201294,0.02086029201745987,0.06337277247701537,0.2142651878717161,0.295767936481879
907967,6269,42,spearman,15,1,0.91,,True,False,False,0.0945054945054945,49,0.010194010999319809,0.016281921416521072,3.8874263763427734,0.02081269770860672,0.05852080010279436,0.18115021513083332,0.32305123159917554
907967,6269,42,spearman,15,1,0.91,,True,False,False,0.0945054945054945,50,0.009960847607414638,0.015509705059230328,3.88690447807312,0.021053748205304146,0.05622723955561489,0.17650119562583136,0.31856577150045856
907967,6269,42,spearman,15,1,0.91,,True,False,False,0.0945054945054945,51,0.010042218358388968,0.01629355549812317,3.8874518871307373,0.020872268825769424,0.06354211452069507,0.22258256305531712,0.2854766053916714
907967,6269,42,spearman,15,1,0.91,,True,False,False,0.0945054945054945,52,0.009766568862167853,0.016782289370894432,3.886735677719116,0.020861150696873665,0.06007898563318942,0.18971869074490044,0.31667404722740866
907967,6269,42,spearman,15,1,0.91,,True,False,False,0.0945054945054945,53,0.009461473640320557,0.015926845371723175,3.8859763145446777,0.02110062539577484,0.057217427844202674,0.17552321810026145,0.32598210346846107
907967,6269,42,spearman,15,1,0.91,,True,False,False,0.0945054945054945,54,0.009493413614109159,0.016407037153840065,3.8853185176849365,0.020657368004322052,0.0637421634723738,0.21820370825931704,0.29212227409228714
907967,6269,42,spearman,15,1,0.91,,True,False,False,0.0945054945054945,55,0.009478867652692966,0.01694139465689659,3.884918212890625,0.02067093551158905,0.06457823516406479,0.20701079242786874,0.31195588600171464
907967,6269,42,spearman,15,1,0.91,,True,False,False,0.0945054945054945,56,0.008945062756538391,0.016521116718649864,3.884946584701538,0.021010925993323326,0.057129303002683866,0.17957722845286522,0.3181322236374799
907967,6269,42,spearman,15,1,0.91,,True,False,False,0.0945054945054945,57,0.00885068006547434,0.016766877844929695,3.8840720653533936,0.020691033452749252,0.05795145167846929,0.1808577769374528,0.32042554464323963
907967,6269,42,spearman,15,1,0.91,,True,False,False,0.0945054945054945,58,0.009031743942094701,0.016508519649505615,3.8841168880462646,0.020765969529747963,0.06836467776595577,0.21960261549192525,0.3113108539827852
907967,6269,42,spearman,15,1,0.91,,True,False,False,0.0945054945054945,59,0.008507289258497102,0.017566366121172905,3.8840138912200928,0.020959392189979553,0.05571582298635392,0.17523442489901792,0.3179502145091824
907967,6269,42,spearman,15,1,0.91,,True,False,False,0.0945054945054945,60,0.00836778072906392,0.01700669899582863,3.8831262588500977,0.02064809948205948,0.05730648616309397,0.1740242386173916,0.32930174910150467
907967,6269,42,spearman,15,1,0.91,,True,False,False,0.0945054945054945,61,0.008305104549175926,0.017048925161361694,3.8833940029144287,0.021090056747198105,0.06080921533403978,0.1902982235312218,0.31954694166518793
907967,6269,42,spearman,15,1,0.91,,True,False,False,0.0945054945054945,62,0.008565635387120503,0.017683513462543488,3.8832178115844727,0.02017863839864731,0.06557305325747069,0.2058191397193557,0.31859550742736614
907967,6269,42,spearman,15,1,0.91,,True,False,False,0.0945054945054945,63,0.008058965006577117,0.01732298545539379,3.8826205730438232,0.02023221179842949,0.06298080934777482,0.18196667661281887,0.3461117745280179
907967,6269,42,spearman,15,1,0.91,,True,False,False,0.0945054945054945,64,0.008123564084858767,0.01788702979683876,3.882603883743286,0.020350009202957153,0.06259099451509444,0.1775037444943161,0.35261788247371906
907967,6269,42,spearman,15,1,0.91,,True,False,False,0.0945054945054945,65,0.008572080821198012,0.016841448843479156,3.8810458183288574,0.01984410360455513,0.07949313039039584,0.24544217423270465,0.32387722541401637
907967,6269,42,spearman,15,1,0.91,,True,False,False,0.0945054945054945,66,0.008300200437328644,0.017409419640898705,3.8823323249816895,0.020131036639213562,0.06118280945433679,0.2051054393010447,0.29829930236144087
907967,6269,42,spearman,15,1,0.91,,True,False,False,0.0945054945054945,67,0.008071962710736054,0.017839884385466576,3.879669189453125,0.019615065306425095,0.07710144750038928,0.20671611366713044,0.37298228054040694
907967,6269,42,spearman,15,1,0.91,,True,False,False,0.0945054945054945,68,0.00815444447964962,0.01821601390838623,3.880449056625366,0.019846897572278976,0.06920730485776751,0.21394481437031815,0.3234820393339974
907967,6269,42,spearman,15,1,0.91,,True,False,False,0.0945054945054945,69,0.008639545412734151,0.016839932650327682,3.8776791095733643,0.01969822123646736,0.08810670281778547,0.2725707812130123,0.32324338810405145
907967,6269,42,spearman,15,1,0.91,,True,False,False,0.0945054945054945,70,0.008614885520988278,0.01835150457918644,3.880324125289917,0.01964421197772026,0.07955779176347275,0.24100850889200812,0.33010366367932326
907967,6269,42,spearman,15,1,0.91,,True,False,False,0.0945054945054945,71,0.008584513062877315,0.017666619271039963,3.8765079975128174,0.019455548375844955,0.09208111442511765,0.2627235381077427,0.3504867325096878
907967,6269,42,spearman,15,1,0.91,,True,False,False,0.0945054945054945,72,0.00890884076112083,0.018409008160233498,3.878100872039795,0.019961465150117874,0.08260229231942093,0.24872588771186738,0.3321017087484603
907967,6269,42,spearman,15,1,0.91,,True,False,False,0.0945054945054945,73,0.00870654743630439,0.01664789766073227,3.872854709625244,0.019619040191173553,0.08657891257582997,0.2741978997839877,0.31575337609704834
907967,6269,42,spearman,15,1,0.91,,True,False,False,0.0945054945054945,74,0.00818163831718266,0.01880427822470665,3.8744986057281494,0.019700568169355392,0.08178702509526294,0.24847767966456774,0.32915240195957285
907967,6269,42,spearman,15,1,0.91,,True,False,False,0.0945054945054945,75,0.007697411180873003,0.01939726062119007,3.869072198867798,0.0196512583643198,0.08712639617215456,0.21593774188370565,0.4034792408761662
907967,6269,42,spearman,15,1,0.91,,True,False,False,0.0945054945054945,76,0.008485747035592794,0.018304061144590378,3.8718278408050537,0.01987525448203087,0.08802562726155318,0.28506111679360774,0.30879563039450736
907967,6269,42,spearman,15,1,0.91,,True,False,False,0.0945054945054945,77,0.008161869498768024,0.017827365547418594,3.8686399459838867,0.019691627472639084,0.07952059592146828,0.26759874742103434,0.2971635580791978
907967,6269,42,spearman,15,1,0.91,,True,False,False,0.0945054945054945,78,0.007315992394329182,0.019521083682775497,3.8690993785858154,0.019648268818855286,0.07650198299391649,0.22582604840233372,0.33876509612071454
907967,6269,42,spearman,15,1,0.91,,True,False,False,0.0945054945054945,79,0.007765117932909301,0.018359020352363586,3.8689703941345215,0.019988449290394783,0.09570594088236659,0.3073306581440844,0.311410327430418
907967,6269,42,spearman,15,1,0.91,,True,False,False,0.0945054945054945,80,0.0079891836337213,0.01962905563414097,3.86780047416687,0.019806738942861557,0.09462656635906339,0.31773857588970494,0.2978126470599303
907967,6269,42,spearman,15,1,0.91,,True,False,False,0.0945054945054945,81,0.006816771372021841,0.01822986826300621,3.867213010787964,0.019414447247982025,0.06650482067274265,0.19574219302505866,0.33975720637751833
907967,6269,42,spearman,15,1,0.91,,True,False,False,0.0945054945054945,82,0.0066124278070804265,0.018121976405382156,3.867342472076416,0.019757870584726334,0.06757933576999699,0.19703361681940584,0.3429837855110525
907967,6269,42,spearman,15,1,0.91,,True,False,False,0.0945054945054945,83,0.007028456993534097,0.019462715834379196,3.8666491508483887,0.01970651000738144,0.08321552169376643,0.25595998486546784,0.3251114494993398
907967,6269,42,spearman,15,1,0.91,,True,False,False,0.0945054945054945,84,0.006643551734409162,0.0182905625551939,3.867232084274292,0.019640780985355377,0.0659018109832624,0.19954528878681235,0.33025991935765253
907967,6269,42,spearman,15,1,0.91,,True,False,False,0.0945054945054945,85,0.006528715336961406,0.01838615909218788,3.8662266731262207,0.0197574645280838,0.06435417692365912,0.2168205281032156,0.29680850557068583
907967,6269,42,spearman,15,1,0.91,,True,False,False,0.0945054945054945,86,0.006273404878031995,0.01899683102965355,3.8661139011383057,0.01968168467283249,0.06162631458255768,0.17669658140990765,0.34876913911110574
907967,6269,42,spearman,15,1,0.91,,True,False,False,0.0945054945054945,87,0.006313355248754046,0.01863729953765869,3.866786003112793,0.019748514518141747,0.06626234667429806,0.18934836191383728,0.3499494054461411
907967,6269,42,spearman,15,1,0.91,,True,False,False,0.0945054945054945,88,0.006563468071232949,0.019030682742595673,3.8655545711517334,0.019769135862588882,0.07029575360446304,0.23496173225769823,0.2991795852401437
907967,6269,42,spearman,15,1,0.91,,True,False,False,0.0945054945054945,89,0.005949164017303181,0.018762001767754555,3.865811347961426,0.019646957516670227,0.05314316783780848,0.15124855763634176,0.35136313805539365
907967,6269,42,spearman,15,1,0.91,,True,False,False,0.0945054945054945,90,0.005918690369331411,0.018500804901123047,3.865541934967041,0.019720904529094696,0.05569789135245106,0.1626582425644827,0.34242280301306155
907967,6269,42,spearman,15,1,0.91,,True,False,False,0.0945054945054945,91,0.00621960440184921,0.019403139129281044,3.865123748779297,0.019708316773176193,0.06787472129407986,0.21705707110332748,0.3127044926421963
907967,6269,42,spearman,15,1,0.91,,True,False,False,0.0945054945054945,92,0.005790714715008757,0.01894933357834816,3.8656604290008545,0.019674625247716904,0.05223404050075268,0.15318414755324658,0.3409885509351104
907967,6269,42,spearman,15,1,0.91,,True,False,False,0.0945054945054945,93,0.0058056812018289095,0.018581470474600792,3.8647735118865967,0.019748974591493607,0.0570958224626313,0.17868080895870367,0.3195408773614161
907967,6269,42,spearman,15,1,0.91,,True,False,False,0.0945054945054945,94,0.005718636684053179,0.01950458064675331,3.8652124404907227,0.019729414954781532,0.05835732697297231,0.1642543553092636,0.35528632931979115
907967,6269,42,spearman,15,1,0.91,,True,False,False,0.0945054945054945,95,0.0055858490938719895,0.018818780779838562,3.865164041519165,0.01973005384206772,0.052104763939842265,0.14742660036979305,0.35342851160369587
907967,6269,42,spearman,15,1,0.91,,True,False,False,0.0945054945054945,96,0.00568672373525,0.019075455144047737,3.8645753860473633,0.019751422107219696,0.06023860078362059,0.18945276508785583,0.31796105353948195
907967,6269,42,spearman,15,1,0.91,,True,False,False,0.0945054945054945,97,0.005454809770786336,0.019593695178627968,3.8649072647094727,0.019683130085468292,0.05204359735086487,0.14512508895001855,0.35861199277838307
907967,6269,42,spearman,15,1,0.91,,True,False,False,0.0945054945054945,98,0.00544099449013759,0.018850458785891533,3.8646748065948486,0.01973746530711651,0.05396198769561295,0.14996826938526345,0.35982270060492993
907967,6269,42,spearman,15,1,0.91,,True,False,False,0.0945054945054945,99,0.005634266617042678,0.019530674442648888,3.8642261028289795,0.019747093319892883,0.06275498762150725,0.19933192946209566,0.31482656988541174
907967,6269,42,spearman,15,1,0.91,,True,False,False,0.0945054945054945,100,0.005319840066866683,0.019430624321103096,3.8645596504211426,0.019667327404022217,0.05482956234723947,0.14410119263247237,0.3804934667452811
907967,6269,42,spearman,15,1,0.91,,True,False,False,0.0945054945054945,101,0.005281218248585772,0.019242428243160248,3.864231586456299,0.019753843545913696,0.05293948744825468,0.14714331568570785,0.35978180321130926
907967,6269,42,spearman,15,1,0.91,,True,False,False,0.0945054945054945,102,0.0056050250589448425,0.019985046237707138,3.863720655441284,0.019720003008842468,0.06720958665751453,0.20885591592869804,0.32179881694199947
907967,6269,42,spearman,15,1,0.91,,True,False,False,0.0945054945054945,103,0.005281722917321271,0.019464576616883278,3.8644909858703613,0.01966734230518341,0.05376004396158817,0.15378491075200726,0.3495794463731995
907967,6269,42,spearman,15,1,0.91,,True,False,False,0.0945054945054945,104,0.0052326523956643155,0.019138548523187637,3.8635826110839844,0.019738346338272095,0.0548151370827654,0.1641459078552248,0.3339415389555609
907967,6269,42,spearman,15,1,0.91,,True,False,False,0.0945054945054945,105,0.005278459450762186,0.020296940580010414,3.863986015319824,0.01963939145207405,0.06156638455854876,0.18161288832407493,0.33899788239890244
907967,6269,42,spearman,15,1,0.91,,True,False,False,0.0945054945054945,106,0.005090699726549376,0.019272848963737488,3.8638699054718018,0.019608456641435623,0.0526397750544474,0.14769275343476646,0.3564140679206792
907967,6269,42,spearman,15,1,0.91,,True,False,False,0.0945054945054945,107,0.005087672462520588,0.01949315331876278,3.8633813858032227,0.01971610076725483,0.055872224118470405,0.16732056238307574,0.33392323885583525
907967,6269,42,spearman,15,1,0.91,,True,False,False,0.0945054945054945,108,0.005144670439351883,0.020216960459947586,3.8635029792785645,0.01962093822658062,0.06289390593353049,0.17839400099414202,0.3525561710746271
