0,1,2,3,4,5,6,7,8,9,10,11,12,13,14,15,16,17,18,19
-0.04685632511973381,0.012215894646942616,0.02260226383805275,0.09715328365564346,-0.06491342931985855,0.0071890647523105145,0.00822613388299942,0.04266059026122093,0.024867096915841103,0.03350766748189926,0.007617501076310873,-0.002397821983322501,-0.05363595113158226,-0.024474482983350754,-0.023463470861315727,-0.04906189441680908,-0.06841780245304108,-0.017637163400650024,0.03776130825281143,-0.05913795530796051
-0.015972699970006943,0.03325985372066498,0.061030033975839615,0.06378307938575745,0.03243613243103027,-0.05244152992963791,0.03772193193435669,0.06125486269593239,0.03266848623752594,0.053327884525060654,0.008354690857231617,0.08291871845722198,-0.022388488054275513,-0.009274614043533802,0.05304479971528053,-0.040388964116573334,0.005149204283952713,0.016313178464770317,-0.04256308823823929,0.024457376450300217
0.015062729828059673,0.06319795548915863,0.01592903397977352,-0.01176552101969719,0.010190864093601704,-0.05178818851709366,0.04668029397726059,0.022800996899604797,0.03702494502067566,-0.06183867156505585,0.004350670147687197,0.055368296802043915,-0.06298366189002991,-0.029476653784513474,0.01950511708855629,-0.0778919979929924,-0.07618788629770279,-0.013742283917963505,0.041809793561697006,0.052987948060035706
-0.0010776908602565527,-0.05604291707277298,0.10668805241584778,-0.007854028604924679,-0.05789145082235336,0.0032433958258479834,0.07936827838420868,0.008237000554800034,0.027141330763697624,0.03899332508444786,0.024090183898806572,-0.0072922296822071075,0.05100584030151367,0.00932949036359787,0.018306748941540718,0.0509364977478981,-0.046839017421007156,-0.06307560950517654,0.03887384384870529,-0.04133176431059837
0.043854255229234695,0.017264215275645256,0.02038242295384407,0.07092468440532684,0.045271459966897964,0.036658767610788345,0.07149235159158707,0.04011589661240578,0.06571423262357712,-0.07201278954744339,0.022521620616316795,-0.012713351286947727,-0.0042798821814358234,-0.009782862849533558,-0.06237417832016945,-0.056874968111515045,-0.04043226316571236,0.06545662134885788,-0.05141758173704147,0.05596941336989403
0.043854255229234695,0.017264215275645256,0.02038242295384407,0.07092468440532684,0.045271459966897964,0.036658767610788345,0.07149235159158707,0.04011589661240578,0.06571423262357712,-0.07201278954744339,0.022521620616316795,-0.012713351286947727,-0.0042798821814358234,-0.009782862849533558,-0.06237417832016945,-0.056874968111515045,-0.04043226316571236,0.06545662134885788,-0.05141758173704147,0.05596941336989403
0.032284628599882126,-0.018212510272860527,0.01568545773625374,-0.031345851719379425,-0.018692390993237495,-0.03887728601694107,0.08116734772920609,0.06002820283174515,-0.028023583814501762,0.04610292986035347,0.04573625698685646,0.07832745462656021,0.03263518959283829,0.041732657700777054,0.020683513954281807,-0.08595891296863556,-0.04028130695223808,0.006738375872373581,0.004745646845549345,-0.06394410878419876
-0.062278714030981064,0.07696891576051712,0.09035125374794006,0.0604027658700943,-0.05183231458067894,-0.06616528332233429,-0.03679288178682327,-0.040542423725128174,0.0032138905953615904,0.009955036453902721,0.0016404457855969667,0.06604340672492981,-0.0007720369030721486,-0.003220207057893276,-0.03279462084174156,0.004257588181644678,0.0013495213352143764,-0.032704293727874756,0.003351347055286169,-0.009520727209746838
-0.03706984966993332,-0.0045703863725066185,0.10711310058832169,0.033144887536764145,0.050226543098688126,-0.02255474030971527,-0.02667023055255413,-0.0745382085442543,-0.013720930553972721,0.008034118451178074,0.037470463663339615,0.023696735501289368,-0.04514516890048981,-0.04610379412770271,-0.0046346536837518215,0.022583186626434326,-0.08119221031665802,0.059435684233903885,0.028688140213489532,-0.0394805409014225
0.08094104379415512,-0.03237931430339813,0.06853695958852768,0.06825599074363708,-0.07427298277616501,-0.02763650380074978,0.07422251999378204,0.01522604189813137,0.02979106269776821,-0.06565068662166595,-0.04403165727853775,0.006342414300888777,0.03688608855009079,0.00029672213713638484,0.042912546545267105,-0.06921963393688202,-0.08487624675035477,0.02481064759194851,-0.034763991832733154,0.060721635818481445
0.004823287483304739,0.07852841913700104,0.05646725744009018,-0.049084581434726715,0.027078060433268547,-0.0019725868478417397,0.03271256387233734,-0.04259443283081055,0.07441858947277069,0.06434441357851028,-0.037726081907749176,-0.015664594247937202,0.01425736304372549,0.03531208261847496,0.011278743855655193,-0.029112812131643295,0.05255823954939842,0.01720866933465004,0.044456057250499725,0.050341419875621796
-0.04434051737189293,0.08262815326452255,0.01932276040315628,0.03706680238246918,-0.046974826604127884,-0.0928976982831955,0.05195891484618187,-0.009114135056734085,-0.0645681694149971,-0.06478257477283478,0.05422638729214668,0.04581107571721077,-0.040039438754320145,-0.023763256147503853,-0.0019165169214829803,0.00769925257191062,-0.021666347980499268,-0.021833302453160286,-0.047965988516807556,-0.07782498747110367
-0.018137581646442413,-0.04033712297677994,0.030970558524131775,-0.0012098446022719145,0.016730111092329025,-0.06049234792590141,0.03838363662362099,0.03997664153575897,0.0372028648853302,-0.03388650342822075,-0.09061296284198761,-0.0018752297619357705,-0.03725801035761833,0.0222560316324234,0.03226731717586517,0.05342699587345123,0.0037421169690787792,-0.04512551799416542,-0.031788937747478485,0.055692337453365326
-0.018137581646442413,-0.04033712297677994,0.030970558524131775,-0.0012098446022719145,0.016730111092329025,-0.06049234792590141,0.03838363662362099,0.03997664153575897,0.0372028648853302,-0.03388650342822075,-0.09061296284198761,-0.0018752297619357705,-0.03725801035761833,0.0222560316324234,0.03226731717586517,0.05342699587345123,0.0037421169690787792,-0.04512551799416542,-0.031788937747478485,0.055692337453365326
0.03228972479701042,0.013708449900150299,0.04487995803356171,-0.03531517833471298,0.04683003947138786,-0.0033853875938802958,0.08156465739011765,-0.057189784944057465,0.055001068860292435,-0.008189474232494831,0.024870820343494415,-0.022102873772382736,-0.06977623701095581,-0.0273337010294199,-0.033723000437021255,0.031285785138607025,-0.01808812841773033,-0.028365762904286385,0.060066547244787216,0.04579484835267067
0.0740475058555603,0.030276747420430183,0.023394081741571426,0.028905373066663742,-0.031067708507180214,-0.08418329805135727,0.03595798462629318,-0.03469385579228401,0.02989817038178444,-0.031952958554029465,-0.07953380793333054,0.018470317125320435,0.006080634891986847,0.043762534856796265,0.049013640731573105,-0.026151571422815323,-0.06169245392084122,0.040357641875743866,-0.033809877932071686,0.03389817103743553
0.06196700036525726,-0.010420202277600765,0.020042257383465767,-0.017817093059420586,0.014401020482182503,-0.007418082095682621,-0.022489380091428757,-0.0673162043094635,-0.036998990923166275,0.024989617988467216,-0.051599763333797455,0.08102120459079742,-0.013487509451806545,0.03141099959611893,-0.030601628124713898,-0.03895898908376694,0.0035723187029361725,-0.04193977639079094,-0.02219681814312935,-0.07904129475355148
0.06196700036525726,-0.010420202277600765,0.020042257383465767,-0.017817093059420586,0.014401020482182503,-0.007418082095682621,-0.022489380091428757,-0.0673162043094635,-0.036998990923166275,0.024989617988467216,-0.051599763333797455,0.08102120459079742,-0.013487509451806545,0.03141099959611893,-0.030601628124713898,-0.03895898908376694,0.0035723187029361725,-0.04193977639079094,-0.02219681814312935,-0.07904129475355148
0.009580978192389011,0.03992070257663727,0.07918527722358704,0.06604073941707611,-0.04921221733093262,-0.04849256947636604,-0.026532329618930817,-0.021424882113933563,-0.0432252362370491,0.054086051881313324,-0.05503399297595024,0.026108743622899055,-0.05962873622775078,-0.059151023626327515,-0.03323641046881676,-0.030639180913567543,-0.05958922952413559,-0.034658342599868774,-0.011040536686778069,-0.03803052008152008
0.009580978192389011,0.03992070257663727,0.07918527722358704,0.06604073941707611,-0.04921221733093262,-0.04849256947636604,-0.026532329618930817,-0.021424882113933563,-0.0432252362370491,0.054086051881313324,-0.05503399297595024,0.026108743622899055,-0.05962873622775078,-0.059151023626327515,-0.03323641046881676,-0.030639180913567543,-0.05958922952413559,-0.034658342599868774,-0.011040536686778069,-0.03803052008152008
0.06770627200603485,0.05163712427020073,-0.001897173817269504,-0.03212474286556244,-0.06336036324501038,-0.05578472837805748,-0.003194082761183381,0.05059761181473732,0.04580431804060936,-0.002897400874644518,-0.07284847646951675,0.04520868510007858,0.023259468376636505,0.03951925039291382,0.036964964121580124,0.054993245750665665,-0.03674427047371864,0.023851826786994934,0.058478690683841705,-0.03163602575659752
0.06770627200603485,0.05163712427020073,-0.001897173817269504,-0.03212474286556244,-0.06336036324501038,-0.05578472837805748,-0.003194082761183381,0.05059761181473732,0.04580431804060936,-0.002897400874644518,-0.07284847646951675,0.04520868510007858,0.023259468376636505,0.03951925039291382,0.036964964121580124,0.054993245750665665,-0.03674427047371864,0.023851826786994934,0.058478690683841705,-0.03163602575659752
0.06770627200603485,0.05163712427020073,-0.001897173817269504,-0.03212474286556244,-0.06336036324501038,-0.05578472837805748,-0.003194082761183381,0.05059761181473732,0.04580431804060936,-0.002897400874644518,-0.07284847646951675,0.04520868510007858,0.023259468376636505,0.03951925039291382,0.036964964121580124,0.054993245750665665,-0.03674427047371864,0.023851826786994934,0.058478690683841705,-0.03163602575659752
0.012552083469927311,-0.01634437032043934,0.0657593235373497,-0.002990382257848978,0.012666197493672371,-0.03679131716489792,0.09377743303775787,0.04786345735192299,0.021712588146328926,0.02403188683092594,0.04195937514305115,0.06485448777675629,-0.05825037509202957,-0.0678645521402359,0.056792519986629486,-0.042427267879247665,-0.06872289627790451,0.005705313757061958,-0.05936845764517784,-0.01953061670064926
0.05334500968456268,-0.05445137619972229,0.08631845563650131,0.021451979875564575,-0.002335410797968507,-0.0791252851486206,0.08683406561613083,-0.04183252155780792,0.017682285979390144,-0.03176145255565643,-0.05409392714500427,0.021931471303105354,-0.062126293778419495,0.019458314403891563,0.03542153537273407,-0.06540846079587936,-0.014976399019360542,0.004357588943094015,-0.05652808025479317,0.033818650990724564
0.01113162562251091,0.046110767871141434,0.007047251332551241,0.022041819989681244,-0.016564346849918365,-0.04918544739484787,0.08647053688764572,-0.06570327281951904,-0.02361961640417576,-0.0396423265337944,-0.0048250360414385796,-0.052036456763744354,-0.04533188045024872,0.005243548192083836,0.013776115141808987,-0.01567263901233673,-0.07891170680522919,0.05645988881587982,-0.03531297296285629,-0.07808256149291992
0.0218195803463459,0.053795892745256424,0.09501467645168304,-0.025682328268885612,0.017316224053502083,-0.10336184501647949,0.05280640348792076,-0.07047338038682938,0.052613381296396255,0.06318007409572601,0.03648718446493149,0.06629886478185654,0.058173052966594696,0.010208157822489738,-0.015546057373285294,-0.00515860365703702,-0.07737316936254501,0.006216345354914665,0.03179473802447319,0.005961193237453699
-0.03628341108560562,0.059611812233924866,0.042987313121557236,0.019564373418688774,0.018171915784478188,-0.06434430927038193,0.06664558500051498,-0.05554179102182388,-0.007155689410865307,0.04917433485388756,-0.06150292977690697,-0.03769000619649887,0.04484701529145241,0.04803317412734032,0.018467634916305542,-0.057390447705984116,0.03395737707614899,0.006593302357941866,-0.04941876232624054,-0.02816845290362835
-0.018123215064406395,-0.015231983736157417,0.10534997284412384,-0.03263209015130997,-0.032865770161151886,-0.0756470263004303,0.014721839688718319,0.0004873639263678342,-0.01030526589602232,-0.04457040876150131,-0.008729693479835987,0.013214031234383583,-0.03356315568089485,-0.03667502850294113,-0.030525099486112595,0.04438081383705139,-0.03864827752113342,-0.05801050364971161,0.04053196683526039,-0.020513564348220825
0.04754675552248955,0.07214464247226715,0.021968401968479156,0.001746071968227625,0.04278836399316788,0.028639396652579308,0.09741947799921036,-0.06039660796523094,0.03394896537065506,-0.05230534449219704,-0.036700136959552765,0.06921008229255676,0.023430753499269485,0.007439054548740387,-0.058137185871601105,0.047134559601545334,-0.01603337563574314,-0.004135908558964729,0.005909688305109739,-0.04743337631225586
0.04400249943137169,0.05570097640156746,-0.031782932579517365,0.031973328441381454,-0.016118040308356285,0.004421234130859375,0.07735735923051834,0.027578119188547134,-0.04735442250967026,0.032350391149520874,-0.0028879730962216854,0.08512846380472183,-0.043423909693956375,0.04714206978678703,0.05997229740023613,-0.005280749406665564,-0.006077953148633242,0.06889636069536209,0.05724313482642174,-0.008016051724553108
-0.057944923639297485,0.051753852516412735,0.09707297384738922,0.09080921858549118,-0.07329891622066498,0.043014783412218094,0.04754661023616791,0.03502249717712402,-0.01916097104549408,-0.024907073006033897,0.04784002900123596,-0.04341684281826019,0.022441908717155457,-0.002207496203482151,0.022052520886063576,-0.054655496031045914,-0.07176750898361206,0.047986045479774475,0.07245422899723053,-0.018933361396193504
0.04134489595890045,0.03816909343004227,0.03804705664515495,-0.0002658015873748809,0.03481586277484894,-0.07617294043302536,0.013776717707514763,-0.043404046446084976,-0.04638532176613808,-0.04988008365035057,0.00915967021137476,0.08906351029872894,-0.01775652915239334,0.004533976316452026,0.003212135285139084,0.005524435080587864,-0.049485884606838226,-0.012768061831593513,0.005410169716924429,-0.0752716213464737
0.04134489595890045,0.03816909343004227,0.03804705664515495,-0.0002658015873748809,0.03481586277484894,-0.07617294043302536,0.013776717707514763,-0.043404046446084976,-0.04638532176613808,-0.04988008365035057,0.00915967021137476,0.08906351029872894,-0.01775652915239334,0.004533976316452026,0.003212135285139084,0.005524435080587864,-0.049485884606838226,-0.012768061831593513,0.005410169716924429,-0.0752716213464737
0.04134489595890045,0.03816909343004227,0.03804705664515495,-0.0002658015873748809,0.03481586277484894,-0.07617294043302536,0.013776717707514763,-0.043404046446084976,-0.04638532176613808,-0.04988008365035057,0.00915967021137476,0.08906351029872894,-0.01775652915239334,0.004533976316452026,0.003212135285139084,0.005524435080587864,-0.049485884606838226,-0.012768061831593513,0.005410169716924429,-0.0752716213464737
0.0421307347714901,0.04739738255739212,0.1002032682299614,0.08655793964862823,0.05642269179224968,0.019131487235426903,0.09537854790687561,0.00946377869695425,0.0379493273794651,0.00362623343244195,0.007056007627397776,-0.04056766256690025,0.03153254836797714,0.040076859295368195,0.05412154644727707,0.041105836629867554,0.054445985704660416,0.017222383990883827,-0.05874546617269516,-0.04005260020494461
-0.008058723993599415,0.05392223596572876,-0.007688283920288086,0.07211479544639587,-0.06209243834018707,-0.0019053997239097953,0.006206754129379988,0.017202461138367653,-0.05123819038271904,0.04935118183493614,-0.061502233147621155,0.06139044463634491,-0.07842538505792618,-0.009858672507107258,0.05814819782972336,-0.06593723595142365,0.051539238542318344,0.004872256889939308,0.07468246668577194,0.015264209359884262
0.006036768667399883,0.051261331886053085,0.0790458396077156,0.013946485705673695,0.05860044062137604,-0.03136385232210159,0.027060572057962418,-0.03194240480661392,0.002918369835242629,-0.018286854028701782,0.01588202454149723,0.03783649951219559,-0.01813780516386032,0.07444831728935242,-0.006123431492596865,0.007023233454674482,0.033995747566223145,0.07561306655406952,-0.06036350503563881,-0.02352306619286537
-0.009360559284687042,-0.05324429273605347,0.03996667265892029,-0.008080187253654003,0.05040964111685753,-0.0015944450860843062,0.04175136610865593,-0.032296884804964066,0.03440897539258003,-0.02728106640279293,0.024743661284446716,-0.010017122142016888,0.061377882957458496,0.04848574474453926,-0.03763972967863083,-0.0687115415930748,0.04969936981797218,0.039271749556064606,0.01583714969456196,0.04652227461338043
0.061880312860012054,-0.058762919157743454,0.085140161216259,0.06756391376256943,-0.035376355051994324,0.025345411151647568,0.09226514399051666,-0.0023169913329184055,-0.03899337723851204,-0.06670811027288437,-0.0024640264455229044,-0.025171613320708275,-0.07193580269813538,0.0397668220102787,0.006505398079752922,-0.07132896035909653,-0.08458133786916733,0.03495224937796593,0.0331658199429512,-0.0076502421870827675
0.07714734971523285,0.01054553035646677,0.01808118261396885,-0.017099175602197647,-0.05128991976380348,-0.021277349442243576,-0.0164177305996418,-0.0067567345686256886,0.014767097309231758,0.052759841084480286,0.013963098637759686,0.069493368268013,0.032459210604429245,0.03240228071808815,0.038319747895002365,-0.04698341712355614,-0.05926765501499176,0.07832149416208267,-0.0009809988550841808,-0.0396377332508564
0.055847108364105225,-0.05826131999492645,-0.005035592243075371,0.08098197728395462,-0.051834747195243835,-0.00285741756670177,0.050567325204610825,-0.00037153458106331527,-0.028405288234353065,0.023431286215782166,-0.008018061518669128,-0.0171941090375185,-0.0354982353746891,0.009501814842224121,0.04242182523012161,-0.04133819416165352,0.0024484230671077967,-0.05212581530213356,-0.050764236599206924,-0.017569107934832573
0.014809610322117805,0.0004150968452449888,0.06517577916383743,0.06739304959774017,-0.0027364264242351055,0.01842307113111019,-0.016558349132537842,0.01959366351366043,0.05764647573232651,0.023524895310401917,-0.06664639711380005,-0.02419869974255562,-0.023102354258298874,0.025117333978414536,0.007721785455942154,0.015216153115034103,0.04531882703304291,-0.05000154674053192,-0.04160861298441887,0.06368276476860046
0.04245016351342201,-0.018643179908394814,0.05444810166954994,-0.0009901223238557577,-0.045663196593523026,-0.004528601188212633,0.10741396993398666,0.005359963979572058,-0.05656217411160469,0.030940232798457146,0.03809354826807976,-0.006475786678493023,0.043412402272224426,-0.038872748613357544,-0.03391382470726967,0.0104906614869833,-0.046892598271369934,-0.014133346267044544,0.0571623370051384,0.0469541996717453
0.031810227781534195,0.03270525485277176,0.0394369475543499,0.08953600376844406,0.06342519819736481,-0.03877992928028107,0.03614416345953941,0.05487167835235596,0.07910460978746414,-0.007504946086555719,-0.07684235274791718,-0.03267120197415352,0.03379293531179428,-0.05182357877492905,-0.04237282648682594,-0.06624936312437057,-0.017827922478318214,0.027915162965655327,-0.04167531430721283,0.008954619988799095
-0.009108336642384529,0.05975184217095375,0.02847038209438324,-0.00934884324669838,-0.0637705847620964,-0.043052949011325836,0.028100647032260895,-0.007166206371039152,-0.037393730133771896,0.039650075137615204,-0.02846303954720497,-0.034319400787353516,-0.04759903624653816,0.0241627749055624,0.03564750775694847,-0.04318678751587868,0.009230539202690125,0.06537529826164246,-0.05561783164739609,0.0018770352471619844
-0.04375078156590462,0.03998149186372757,-0.026044877246022224,-0.04010917991399765,0.005772709380835295,-0.025386352092027664,0.0713360384106636,0.04118553176522255,0.04305985942482948,-0.06588530540466309,-0.056797828525304794,-0.014445014297962189,0.0521840862929821,-0.04348248615860939,0.02730388008058071,-0.06148741766810417,-0.013782975263893604,0.039451420307159424,0.06187765300273895,0.04099690541625023
-0.04375078156590462,0.03998149186372757,-0.026044877246022224,-0.04010917991399765,0.005772709380835295,-0.025386352092027664,0.0713360384106636,0.04118553176522255,0.04305985942482948,-0.06588530540466309,-0.056797828525304794,-0.014445014297962189,0.0521840862929821,-0.04348248615860939,0.02730388008058071,-0.06148741766810417,-0.013782975263893604,0.039451420307159424,0.06187765300273895,0.04099690541625023
-0.06649358570575714,0.0326390340924263,-0.026847291737794876,0.04774041101336479,-0.0518060177564621,-0.09431438893079758,0.05653397738933563,0.06517186760902405,0.0598246268928051,0.0382097065448761,-0.012579334899783134,0.056017253547906876,-0.053617894649505615,0.05713972449302673,-0.05221053957939148,-0.06124287471175194,-4.2793373722815886e-05,0.06791279464960098,0.040402062237262726,-0.00629546819254756
-0.0045910063199698925,0.0423242524266243,0.09817837923765182,0.08351068198680878,-0.010498087853193283,-0.018771113827824593,0.09879450500011444,0.03457532078027725,0.014719580300152302,0.046605538576841354,-0.07169082015752792,0.03487701714038849,0.011433207429945469,0.04992290586233139,0.01594066433608532,-0.008663881570100784,-0.05228843912482262,-0.04406552016735077,-0.039748191833496094,0.02306935377418995
0.01070111058652401,-0.0070866784080863,0.07850045710802078,0.0786028578877449,0.02496493048965931,-0.0837637260556221,0.0799218937754631,-0.05002237483859062,0.05334864556789398,0.05329059809446335,0.04802858084440231,0.028808848932385445,-0.034195274114608765,-0.06674561649560928,0.013622588478028774,-0.07556883990764618,0.0020107782911509275,-0.024935444816946983,-0.047518517822027206,-0.06627514213323593
0.0314960815012455,-0.03643425554037094,0.04620855301618576,0.087786965072155,0.042913198471069336,0.015321053564548492,-5.47300442121923e-05,0.06001199036836624,0.021295571699738503,0.06112002581357956,-0.06882201135158539,0.06278674304485321,-0.01613546721637249,-0.02356448583304882,0.0006118412129580975,0.042452163994312286,-0.08074972033500671,0.054707761853933334,0.05142650008201599,0.026051759719848633
0.06464969366788864,-0.034277498722076416,0.007137090899050236,0.0035436677280813456,0.045457229018211365,-0.09812795370817184,0.0938294529914856,0.04203535616397858,0.07022440433502197,0.027272233739495277,0.02818896807730198,-0.03824879974126816,-0.011728267185389996,-0.054691530764102936,-0.0463176928460598,-0.04834585264325142,-0.0065969740971922874,0.016736162826418877,0.009446085430681705,-0.050348348915576935
-0.01815612241625786,-0.004392524715512991,-0.0005901188123971224,-0.018248863518238068,-0.013814171776175499,-0.08860191702842712,-0.02464255876839161,0.06627553701400757,-0.04521644487977028,-0.05944856256246567,-0.08264296501874924,-0.009276192635297775,-0.024320155382156372,0.05729520693421364,-0.027352452278137207,-0.012086457572877407,-0.08197838813066483,-0.06945926696062088,-0.061673831194639206,0.042549509555101395
0.06585727632045746,-0.0036567060742527246,0.09749726951122284,0.04379415512084961,0.03635668009519577,-0.057925280183553696,0.027335884049534798,0.03341134637594223,0.08375059068202972,0.03228235989809036,0.028684329241514206,0.040186185389757156,-0.07135903835296631,0.0018563228659331799,0.0023180041462183,-0.08046397566795349,-0.02859649434685707,-0.03684709593653679,0.04457275941967964,-0.07073744386434555
0.07691381871700287,-0.03529132157564163,0.0664069876074791,0.09177029877901077,-0.010596651583909988,-0.058408867567777634,0.09839648008346558,-0.03811148181557655,0.06690525263547897,-0.0008960380800999701,-0.038428179919719696,0.023158876225352287,-0.04613852500915527,-0.03966931253671646,-0.04830656945705414,-0.060608722269535065,-0.0014117048121988773,0.014768300577998161,0.012422161176800728,0.023209108039736748
0.025727780535817146,-0.033415380865335464,-0.03423597291111946,0.05063236877322197,-0.053275082260370255,-0.09514991194009781,-0.023296255618333817,0.0389135405421257,0.05362074449658394,0.03174780309200287,-0.04141845554113388,0.052603792399168015,0.009713019244372845,-0.008237582631409168,-0.015515641309320927,0.022160781547427177,-0.023708203807473183,0.05843839421868324,0.07941952347755432,-0.05175738409161568
0.06014687567949295,0.04523538053035736,0.09136471152305603,0.02832556515932083,0.013255384750664234,-0.08023303002119064,0.01320246048271656,-0.04647120088338852,-0.0363796129822731,0.06158016249537468,-0.021814173087477684,0.03866200894117355,0.05369599908590317,0.010529883205890656,-0.045150160789489746,-0.028882808983325958,0.021469661965966225,0.03338831663131714,-0.02949516288936138,0.03650817647576332
0.0411139577627182,-0.011137108318507671,0.07100621610879898,0.05888346955180168,-0.05647515133023262,0.024938182905316353,0.03618866205215454,0.03647077456116676,0.05388554930686951,0.04621051996946335,0.034356556832790375,0.03484063595533371,-0.05450953543186188,-0.0578371025621891,0.012057463638484478,0.03137693181633949,-0.02695631980895996,0.06946057081222534,-0.018559642136096954,-0.02334173209965229
-0.049811117351055145,-0.01735873706638813,0.07870003581047058,-0.009231752716004848,0.015169880352914333,-0.031420692801475525,0.053525473922491074,0.06485754996538162,0.02414826862514019,0.029996773228049278,-0.0520256906747818,0.036187246441841125,-0.053407806903123856,-0.0039201779291033745,0.03319065645337105,0.015099645592272282,-0.0011337876785546541,0.05843302980065346,0.0027638296596705914,-0.025845851749181747
0.034212954342365265,0.06891714036464691,0.02463255263864994,0.07573170214891434,0.05333419889211655,-0.04166034236550331,0.05883612483739853,0.030227625742554665,0.02803671546280384,-0.04924359545111656,-0.02957886829972267,0.03346828371286392,0.00806975457817316,0.043261390179395676,-0.0437944121658802,-0.06761512905359268,-0.01025508064776659,0.06950462609529495,0.05838968604803085,0.0014883610419929028
-0.049811117351055145,-0.01735873706638813,0.07870003581047058,-0.009231752716004848,0.015169880352914333,-0.031420692801475525,0.053525473922491074,0.06485754996538162,0.02414826862514019,0.029996773228049278,-0.0520256906747818,0.036187246441841125,-0.053407806903123856,-0.0039201779291033745,0.03319065645337105,0.015099645592272282,-0.0011337876785546541,0.05843302980065346,0.0027638296596705914,-0.025845851749181747
0.052632320672273636,-0.053408440202474594,0.10451114177703857,0.0006400482379831374,0.05013807862997055,-0.01689561828970909,0.0009867603657767177,0.004100238438695669,-0.04470432922244072,-0.02028718963265419,-0.0759204551577568,-0.0009275386692024767,-0.036191049963235855,-0.03265811502933502,0.06082342937588692,-0.04345862194895744,-0.09109461307525635,-0.01224952470511198,-0.03789661079645157,-0.05749688670039177
-0.045192837715148926,0.054996997117996216,-0.005136298015713692,0.02799396961927414,-0.039961788803339005,-0.09857802838087082,0.020385321229696274,-0.04042453691363335,-0.05236716568470001,0.0682109072804451,-0.045330606400966644,0.08347861468791962,0.009442622773349285,-0.020406775176525116,-0.039288729429244995,-0.030392412096261978,-0.02041015774011612,0.009723908267915249,-0.01613566465675831,0.048388898372650146
0.016037650406360626,0.08550509065389633,0.011520067229866982,-0.04495331645011902,0.045817915350198746,0.028566481545567513,0.09538566321134567,-0.05260792002081871,0.01559318695217371,-0.07386162132024765,0.02434367500245571,0.044093482196331024,-0.029121533036231995,0.039336610585451126,0.05792178586125374,-0.025730373337864876,-0.005250542424619198,0.0722777396440506,0.046210795640945435,-0.053826704621315
-0.011968332342803478,-0.034197479486465454,0.08338502049446106,0.04421178624033928,-0.005163788329809904,-0.012715846300125122,0.011213480494916439,0.04680997133255005,-0.0022509926930069923,0.04868641123175621,-0.003466346999630332,0.013800655491650105,0.03147023171186447,-0.011767357587814331,-0.04907141625881195,0.022359726950526237,-0.06363215297460556,-0.06106926500797272,0.0633019432425499,-0.014857771806418896
-0.036977048963308334,0.04449230059981346,0.03695476055145264,0.07123776525259018,0.047456659376621246,-0.021541373804211617,-0.04192449897527695,-0.042348820716142654,-0.028011541813611984,-0.0742361918091774,-0.07596316933631897,-0.037498097866773605,-0.050002723932266235,0.01533930841833353,0.02994498237967491,-0.08456069231033325,-0.059032831341028214,-0.03910307213664055,-0.043785542249679565,-0.06874822825193405
0.03296425938606262,-0.0032300290185958147,-0.030544176697731018,0.0018585301004350185,0.020593183115124702,0.0004795313870999962,0.08782315254211426,0.02999359928071499,0.02562638372182846,0.033114995807409286,-0.012646668590605259,-0.009397484362125397,-0.028262820094823837,-0.029926657676696777,0.05266823247075081,0.005530092865228653,0.05499696359038353,-0.03654971718788147,0.04571344330906868,-0.08304604142904282
-0.037788208574056625,0.007946910336613655,0.015151782892644405,-0.01728164218366146,-0.016365885734558105,-0.07437735795974731,0.02176044136285782,-0.062240198254585266,0.0217893123626709,-0.02984728291630745,0.04553890600800514,0.08074231445789337,-0.043307241052389145,-0.011638903059065342,-0.001922769588418305,-0.02508634701371193,0.04123346507549286,0.0003584042424336076,-0.03413586691021919,-0.04449409246444702
-0.028680626302957535,0.038761790841817856,0.02090592496097088,0.08636391907930374,-0.025012917816638947,0.02085685543715954,0.08912527561187744,-0.027036745101213455,0.05005038157105446,-0.045027874410152435,-0.021376697346568108,-0.0009837134275585413,-0.06085336208343506,-0.05471380427479744,-0.005928707774728537,-0.07276558876037598,0.015572906471788883,-0.05854383856058121,0.039854325354099274,-0.07787606120109558
-0.02639155276119709,0.07239890098571777,0.10211407393217087,0.07174854725599289,-0.05772273615002632,-0.09132460504770279,0.061178576201200485,-0.0717768520116806,-0.01593470387160778,0.04416424408555031,-0.0024254631716758013,0.050454385578632355,0.012969144620001316,0.017773611471056938,-0.026594579219818115,-0.041546665132045746,0.009456684812903404,-0.02039334923028946,0.011949996463954449,0.027532465755939484
-0.0236849095672369,0.06527747213840485,0.09463027864694595,-0.04584011435508728,0.05659588426351547,-0.021437792107462883,0.07406939566135406,-0.022172950208187103,0.020930489525198936,0.02630653977394104,-0.08817868679761887,0.028242485597729683,-0.0278902817517519,0.05896497517824173,-0.03405885398387909,-0.06050977483391762,-0.05391361191868782,-0.04817098751664162,0.046357594430446625,0.046830903738737106
0.05129313841462135,0.03552718460559845,0.016842752695083618,-0.02036997117102146,0.029773153364658356,-0.08193165808916092,0.004642330575734377,-0.045024629682302475,0.05493089184165001,0.027209289371967316,-0.03894108161330223,-0.033573951572179794,-0.04454299435019493,-0.06244036555290222,-0.018877247348427773,0.023537183180451393,-0.00961814820766449,0.06960479170084,0.03946026414632797,-0.05368354171514511
-0.0237269327044487,-0.053999487310647964,0.07896891981363297,0.023059796541929245,0.015672778710722923,-0.039422452449798584,0.10274534672498703,0.012752709910273552,0.07094565033912659,-0.04341965541243553,-0.04090675711631775,0.09055785834789276,0.04843180626630783,-0.06107281148433685,0.07058200240135193,-0.08123506605625153,-0.037267427891492844,0.08251528441905975,-0.008250126615166664,0.013099294155836105
0.03705175220966339,-0.006632205098867416,0.03985095024108887,0.00962100550532341,-0.008356279693543911,-0.08260295540094376,0.09917982667684555,0.05813392251729965,-0.011256263591349125,0.05367785319685936,-0.030630722641944885,0.06421514600515366,0.035628754645586014,0.06644885987043381,0.038203995674848557,0.005979885812848806,0.05520646274089813,-0.04616160690784454,-0.049731362611055374,0.01868545264005661
0.05596267804503441,-0.027847949415445328,0.03628787025809288,-0.04145361855626106,-0.06264059245586395,-0.056867536157369614,0.0731244906783104,0.061369359493255615,-0.0048272027634084225,-0.03182078152894974,0.007073892746120691,0.008700497448444366,-0.040590912103652954,-0.058104075491428375,0.027522781863808632,-0.07933018356561661,0.019159996882081032,0.027888163924217224,-0.001025069854222238,0.02703903801739216
-0.031197352334856987,-0.05274210497736931,-0.03981925919651985,-0.030025137588381767,-0.04884956777095795,-0.0762745589017868,0.0069730160757899284,0.04637662321329117,-0.05494441092014313,0.03401418402791023,-0.06794561445713043,0.06435756385326385,0.03235422819852829,0.04904100298881531,0.05575031787157059,-0.06759228557348251,-0.0017564629670232534,0.057844508439302444,0.07551886141300201,0.0028211891185492277
-0.02527538500726223,-0.03108329325914383,0.014167126268148422,0.009117618203163147,0.04340628907084465,-0.02268228493630886,0.009233170188963413,-0.004746990744024515,-0.0038342096377164125,0.057694826275110245,0.03158048912882805,0.01966419816017151,-0.03375553712248802,0.020528828725218773,0.04222153127193451,-0.010632201097905636,-0.06819260120391846,0.06993744522333145,0.020977215841412544,-0.07665683329105377
0.016519268974661827,0.08741253614425659,0.09894636273384094,0.01439191959798336,-0.021593928337097168,-0.04699861630797386,-0.014046509750187397,-0.014957636594772339,-0.033791881054639816,0.053859103471040726,-0.0639624148607254,0.048642128705978394,0.005007857922464609,0.05132022127509117,0.06186583638191223,-0.08162792026996613,-0.008305918425321579,-0.012210092507302761,-0.006592278368771076,-0.06397205591201782
-0.005184337962418795,0.017228208482265472,0.05627823621034622,-0.0017154297092929482,0.019099097698926926,0.019267091527581215,-0.008240954019129276,0.00984165258705616,0.06249501183629036,-0.007936014793813229,-0.08386074006557465,-0.014195461757481098,-0.008564027026295662,-2.5093431759160012e-05,-0.032183896750211716,0.03915991634130478,0.007097713649272919,0.04215192049741745,0.014215308241546154,-0.028690414503216743
-0.004547249060124159,-0.01975248008966446,0.0906875878572464,0.06694131344556808,-0.02849915623664856,-0.049095991998910904,0.08327356725931168,-0.08008229732513428,0.03405727446079254,-0.026437917724251747,-0.027435466647148132,0.01097989734262228,-0.020351948216557503,0.057499926537275314,0.05174504965543747,-0.06478268653154373,0.0357060544192791,-0.04349976405501366,0.012265298515558243,0.04464956745505333
-0.04376855120062828,-0.03160371631383896,0.09302303194999695,0.012464066036045551,0.019231636077165604,-0.08528469502925873,-0.014566950500011444,-0.07761265337467194,-0.01994563639163971,-0.05742260441184044,-0.06806967407464981,0.030063573271036148,0.020754465833306313,-0.056245170533657074,0.03368173912167549,-0.023808233439922333,0.05017010495066643,-0.04923468828201294,0.03862222284078598,-0.02936987392604351
-0.053687188774347305,-0.001917725196108222,0.1075076013803482,-0.04079427197575569,-0.054722223430871964,-0.05946362763643265,-0.020105428993701935,-0.029008446261286736,0.021552102640271187,0.016365619376301765,-0.00537432124838233,0.020962631329894066,-0.012260246090590954,0.06419123709201813,0.05212506651878357,-0.002567494288086891,0.0019126818515360355,0.05302593484520912,-0.03012511320412159,0.02154630795121193
0.02048879861831665,0.07161537557840347,0.08900254964828491,0.07895602285861969,0.05980217084288597,-0.056092411279678345,0.08635690808296204,0.032047566026449203,0.08312896639108658,-0.028044642880558968,-0.07375509291887283,0.08590035885572433,-0.05695025250315666,-0.009745909832417965,0.026410022750496864,-0.03501373529434204,0.02169596403837204,0.04992374777793884,0.0823257714509964,-0.0678335428237915
0.0743388906121254,0.04960082471370697,0.02871759608387947,0.05157652869820595,-0.027928341180086136,0.039122991263866425,-0.00412345863878727,0.02108350582420826,0.07801824063062668,0.052683062851428986,-0.03978465497493744,0.08276209235191345,-0.03956962749361992,0.010063480585813522,0.03486696258187294,0.046611908823251724,-0.04769839346408844,0.026517262682318687,-0.01913737878203392,-0.009660293348133564
-0.010874660685658455,0.032792314887046814,0.0020511990878731012,0.019334392622113228,0.03131026029586792,-0.04820927232503891,0.03767654299736023,-0.050247810781002045,0.01656956598162651,-0.0258474163711071,-0.02758083865046501,0.029426386579871178,0.06796777248382568,-0.01352000329643488,-0.024954302236437798,-0.03258905187249184,-0.0446489192545414,-0.02861882373690605,0.06039118766784668,-0.0727262943983078
-0.03432450816035271,-0.050133489072322845,-0.006628825794905424,-0.047173935920000076,-0.04250413179397583,0.014711371622979641,0.07480143755674362,0.0509897880256176,0.026220059022307396,-0.045615606009960175,0.05888839438557625,0.0009142577764578164,-0.04680182412266731,-0.0271128062158823,-0.007558571640402079,0.007661249488592148,-0.033708471804857254,-0.03671891614794731,0.06588195264339447,0.02767103724181652
-0.01712230034172535,0.027992255985736847,0.06429018080234528,0.0011785882525146008,0.029680093750357628,-0.08936308324337006,0.018491068854928017,0.030848531052470207,0.013397938571870327,0.029046444222331047,-0.009296483360230923,-0.009358277544379234,-0.0056107984855771065,-0.038170091807842255,0.02188945561647415,0.03122892417013645,0.023146770894527435,-0.06810244172811508,0.02438761666417122,-0.04630365967750549
-0.0035853353329002857,-0.023275671526789665,0.05572483688592911,0.02384112775325775,0.01580965146422386,-0.0625501424074173,0.079806849360466,-0.007295993622392416,-0.004711612593382597,0.014235434122383595,-0.010414214804768562,0.08135240525007248,0.020059559494256973,-0.04849739000201225,0.017094053328037262,-0.09014936536550522,-0.012732510454952717,-0.004459356889128685,-0.027522942051291466,0.04363243281841278
0.04819406569004059,0.028121832758188248,0.020981449633836746,0.02177627570927143,-0.042680587619543076,-0.06647346168756485,0.0632803663611412,-0.006828210782259703,0.0632925033569336,-0.03248833864927292,-0.001174543402157724,0.03541649505496025,0.06871836632490158,0.06542493402957916,0.06236395984888077,-0.07890012860298157,-0.005852827336639166,0.055442869663238525,-0.025102315470576286,0.04773911461234093
-0.053387317806482315,-0.044599443674087524,0.015226917341351509,-0.020162098109722137,-0.013245252892374992,0.030690282583236694,-0.034841980785131454,0.05632084980607033,-0.0661952793598175,-0.008813505992293358,-0.04042854905128479,0.04696600139141083,-0.04528425261378288,-0.00198386050760746,0.06186835467815399,-0.05709913372993469,-0.08790989220142365,0.06092396751046181,0.04471474885940552,-0.050365131348371506
-0.01257077045738697,-0.04270003363490105,0.035042643547058105,0.09796974062919617,-0.07362222671508789,0.03742974251508713,-0.021999651566147804,0.00421063182875514,0.020606784150004387,-0.06868550181388855,-0.034438785165548325,0.05544472113251686,-0.014891211874783039,0.043758757412433624,-0.04913482069969177,-0.05705855041742325,-0.0018808165332302451,0.05296881124377251,-0.035819653421640396,0.03818197920918465
-0.013965480029582977,0.021494606509804726,-0.012723948806524277,-0.013936967588961124,0.03359256312251091,-0.08882113546133041,0.09821823984384537,0.031398627907037735,0.03217392787337303,-0.001781713217496872,0.03137161582708359,0.0848786011338234,0.011582938954234123,0.04045732691884041,-0.018554938957095146,-0.06393708288669586,0.003213006304576993,-0.053490351885557175,0.012395561672747135,-0.03942221775650978
0.07166265696287155,0.04463421180844307,0.07003497332334518,0.03416568413376808,0.028050998225808144,-0.0015895584365352988,0.08753681927919388,-0.05571664124727249,-0.0015282374806702137,0.0674465000629425,-0.03256366774439812,-0.026587311178445816,0.03615453839302063,-0.023015249520540237,0.019588125869631767,0.047067612409591675,-0.07202692329883575,0.059659991413354874,-0.03046918846666813,0.03497743234038353
-0.04520749673247337,0.0785115584731102,-0.029698237776756287,0.02140650898218155,-0.06641416251659393,-0.07855876535177231,0.07255140691995621,-0.01895088143646717,-0.03447388857603073,0.03558000922203064,-0.006010294426232576,-0.029544390738010406,-0.032252173870801926,0.06863980740308762,0.03499973565340042,-8.910321776056662e-05,-0.07262866944074631,0.019617099314928055,0.05089045688509941,0.02978203259408474
-0.034217603504657745,0.08789078891277313,0.04878763481974602,0.017890604212880135,-0.04578445851802826,0.017408471554517746,0.0629667118191719,0.04311084374785423,0.03776756674051285,-0.06372803449630737,-0.0792347714304924,0.05355717986822128,-0.04318583011627197,-0.037177491933107376,-0.056934840977191925,-0.08981897681951523,-0.06567644327878952,-0.03306502476334572,-0.0484178364276886,-0.048511210829019547
-0.032184209674596786,-0.03103494457900524,0.0007635125075466931,-0.02402360551059246,0.06195026636123657,0.0038762856274843216,0.08697816729545593,-0.06500113010406494,0.000550412863958627,-0.027663594111800194,-0.016723504289984703,0.013954795897006989,-0.03491753339767456,-0.018593844026327133,-0.032603248953819275,-0.0314197912812233,0.047096334397792816,0.05617358162999153,0.019431443884968758,-0.025679055601358414
0.03867075592279434,0.03923045098781586,0.09147287905216217,-0.03569096326828003,-0.00377443409524858,0.03276960924267769,0.05960415303707123,0.003203181317076087,-0.009707427583634853,-0.06328554451465607,-0.07105450332164764,0.043277449905872345,-0.07435145229101181,0.07300843298435211,0.0655890479683876,0.05156470835208893,-0.06205975264310837,0.016657529398798943,0.008134763687849045,-0.05858663097023964
0.05908888205885887,-0.012199858203530312,0.09452982246875763,0.0869673565030098,-0.07119476795196533,-0.08570210635662079,0.04588531702756882,0.05482819676399231,0.013478806242346764,0.0485575869679451,-0.0017931353067979217,-0.0281468965113163,-0.037327513098716736,0.027390191331505775,-0.0007026951643638313,0.05577023699879646,0.05228015407919884,0.021828824654221535,0.008510530926287174,0.03766018524765968
-0.05409728363156319,0.07649222761392593,0.052755750715732574,-0.026309732347726822,0.030617214739322662,-0.090738445520401,0.05814147740602493,0.05686994642019272,0.07782959192991257,-0.045070581138134,0.028673429042100906,0.03879033401608467,-0.0010061784414574504,0.002758497605100274,0.017037466168403625,-0.07024582475423813,0.03226800635457039,0.04340944439172745,0.04618985950946808,0.00911575835198164
0.047970179468393326,0.021045509725809097,-0.013480180874466896,0.06923443078994751,-0.05832209065556526,-0.03132699057459831,-0.01866847649216652,-0.06168925762176514,0.0693737119436264,-0.06286679953336716,-0.08517614752054214,0.08646640181541443,-0.06030339375138283,0.055856239050626755,0.019782042130827904,0.009771883487701416,0.007008885033428669,-0.05649212747812271,-0.058357123285532,0.0032158666290342808
0.06888177245855331,-0.02353072725236416,0.00547554437071085,-0.0060159931890666485,-0.050693854689598083,-0.07683534920215607,0.05512315407395363,-0.0017802087822929025,0.044633205980062485,-0.0141604607924819,0.007152056787163019,0.07855518162250519,-0.02032674103975296,0.07210100442171097,-0.003917848691344261,-0.03381209447979927,0.010080533102154732,0.025860704481601715,0.06513071060180664,-0.07740578055381775
-0.028544101864099503,-0.011315666139125824,0.018933463841676712,0.07295791804790497,-0.02535894699394703,-0.07584811747074127,0.0235008392482996,0.05264045298099518,0.04530645161867142,-0.02972477301955223,0.053851284086704254,-0.015193236991763115,-0.04841215908527374,-0.009152459912002087,-0.03308743238449097,0.01316476333886385,-0.004143326543271542,-0.008709617890417576,0.06054617092013359,-0.016014710068702698
-0.007816743105649948,0.06121151149272919,0.04381440579891205,-0.0016762764425948262,0.00690945889800787,-0.0937415361404419,0.045353617519140244,-0.0766836628317833,0.018329374492168427,0.07442732900381088,-0.047959890216588974,-0.020582756027579308,0.028931329026818275,0.051093071699142456,0.06132711097598076,0.04628341272473335,-0.0630672425031662,0.007046716287732124,0.07194413244724274,-0.05698847025632858
-0.014576408080756664,0.06758072972297668,-0.03331400081515312,0.06265787780284882,0.04525335133075714,-0.05435861647129059,0.08726164698600769,0.014901869930326939,-0.011692838743329048,0.05166536569595337,0.04180612042546272,0.09054284542798996,-0.008551675826311111,0.024880440905690193,-0.03926088288426399,-0.009417274966835976,-0.04664118215441704,0.06880898028612137,0.05422786623239517,-0.07830096781253815
0.03174474462866783,0.04589245468378067,0.04057426378130913,0.08591052144765854,0.018768077716231346,-0.0619761124253273,-0.005836742930114269,0.017917701974511147,0.058931607753038406,-0.057942453771829605,-0.005083269439637661,0.06924738734960556,-0.04960508644580841,0.054717786610126495,-0.04726015776395798,-0.05980619415640831,-0.05754878744482994,0.05660778656601906,-0.019351966679096222,-0.04969465732574463
0.054920244961977005,0.0410686656832695,0.0329737663269043,-0.05329238623380661,0.057991571724414825,-0.006984556559473276,0.03100125677883625,-0.047425635159015656,-0.04346088320016861,0.00040693458868190646,-0.03771010786294937,-0.012563562020659447,-0.04041355475783348,0.05623898282647133,0.050401076674461365,-0.08915141224861145,0.04283909127116203,0.02891172282397747,-0.008894721046090126,0.03912686929106712
-0.04362909123301506,0.03237529471516609,0.011443826369941235,0.0131187429651618,0.042962562292814255,-0.0373440682888031,0.037613749504089355,-0.0280727818608284,-0.0061392090283334255,0.031890954822301865,-0.005429490003734827,0.019782567396759987,-0.011339452117681503,-0.030371956527233124,0.06509992480278015,-0.06477738171815872,-0.0030803701374679804,-0.016570882871747017,0.06755554676055908,0.032156575471162796
0.08085420727729797,-0.02736702375113964,-0.035959720611572266,0.07863914221525192,-0.03805367276072502,-0.05011778324842453,0.05254232883453369,-0.030372945591807365,0.06431618332862854,-0.02502311021089554,-0.0349775068461895,-0.03647856041789055,-0.022925224155187607,0.06864145398139954,0.07219357788562775,-0.003532619448378682,-0.07509569078683853,-0.028423907235264778,0.06470956653356552,-0.05434348061680794
0.04487506300210953,0.01723969355225563,0.08100829273462296,-0.010088028386235237,0.04971977323293686,-0.08912993222475052,0.02428053319454193,-0.024877211079001427,0.07080712914466858,0.03380372375249863,-0.028360014781355858,0.08570431917905807,-0.015179082751274109,-0.039749495685100555,-0.041153840720653534,0.0504307746887207,-0.06737487763166428,0.06918686628341675,0.009368282742798328,-0.07470870763063431
0.04487506300210953,0.01723969355225563,0.08100829273462296,-0.010088028386235237,0.04971977323293686,-0.08912993222475052,0.02428053319454193,-0.024877211079001427,0.07080712914466858,0.03380372375249863,-0.028360014781355858,0.08570431917905807,-0.015179082751274109,-0.039749495685100555,-0.041153840720653534,0.0504307746887207,-0.06737487763166428,0.06918686628341675,0.009368282742798328,-0.07470870763063431
0.06459882855415344,-0.051138389855623245,0.10569965094327927,0.08354473114013672,-0.0003636061155702919,-0.012061936780810356,0.0754934549331665,-0.05472381040453911,-0.04938280209898949,-0.027304651215672493,0.0014302816707640886,0.08410558104515076,0.04718395695090294,0.03656600043177605,0.03931416571140289,-0.04909370094537735,-0.0437563881278038,-0.019617127254605293,-0.029852500185370445,-0.013684557750821114
0.05608217045664787,0.07183898240327835,0.014190390706062317,0.041084177792072296,-0.01653139665722847,0.017002716660499573,0.015227392315864563,0.023983372375369072,-0.01874360255897045,-0.06302201002836227,-0.015207854099571705,-0.03878333047032356,0.05222245305776596,-0.037318333983421326,-0.003090864745900035,-0.028208639472723007,-0.05457631126046181,-0.0421227365732193,0.03375440835952759,0.05115047097206116
0.043607197701931,0.03481374680995941,0.08923093974590302,0.06855993717908859,-0.06831885874271393,0.02690921351313591,0.03613143786787987,0.010649044997990131,0.05403709039092064,-0.04218127205967903,-0.05590849369764328,0.036527156829833984,0.06766805052757263,0.037073105573654175,0.022614650428295135,-0.04417664557695389,0.019365917891263962,-0.059663813561201096,0.017018591985106468,-0.06466217339038849
0.056232232600450516,0.07766901701688766,-0.034174323081970215,-0.022188445553183556,0.05511404573917389,-0.05032270401716232,-0.033427897840738297,-0.0025802883319556713,0.058476220816373825,0.06625472754240036,0.012596676126122475,0.0014054046478122473,0.06335300207138062,0.006920716725289822,0.07792317122220993,-0.05117768421769142,0.04919189214706421,0.015820888802409172,-0.03292979300022125,0.04257947579026222
-0.031890347599983215,0.07648029923439026,0.08198857307434082,0.09408949315547943,0.05336449667811394,-0.06516308337450027,0.05963047221302986,-0.044362474232912064,0.0712236762046814,0.02839464135468006,0.025229165330529213,0.02396293729543686,-0.062459055334329605,0.04515079781413078,0.05047190561890602,-0.0067427190952003,0.029835695400834084,-0.016055326908826828,-0.010651334188878536,-0.06676087528467178
0.036586783826351166,0.06574505567550659,0.05780113860964775,-0.007169440388679504,-0.03572963550686836,-0.06391113251447678,0.0020333428401499987,0.043675292283296585,0.037395212799310684,0.05912543833255768,-0.01561062689870596,0.07497439533472061,0.007646497339010239,-0.06013756990432739,-0.032417409121990204,-0.04249674826860428,-0.010628321208059788,0.06440144032239914,-0.03553731366991997,-0.017694193869829178
0.05633784830570221,0.05546693876385689,0.09112758189439774,-0.02926529012620449,-0.0707717314362526,-0.00011673144763335586,0.06834718585014343,-0.0029387951362878084,-0.01641775853931904,-0.011671419255435467,0.02076786942780018,0.06071063503623009,0.003094959072768688,0.06455236673355103,0.06903056055307388,-0.05366108939051628,-0.018040267750620842,-0.010628914460539818,-0.03577042371034622,-0.07049758732318878
0.05144406110048294,0.05189035087823868,0.08582118898630142,-0.048012081533670425,-0.04817643389105797,0.02684785984456539,0.06462842971086502,-0.030287571251392365,0.038184504956007004,-0.04342668876051903,0.004780460149049759,-0.0028887693770229816,0.06808757781982422,-0.02888624742627144,0.044978924095630646,-0.06675345450639725,-0.040810778737068176,-0.04028327763080597,-0.010761844925582409,0.012314260005950928
0.015414491295814514,0.037605512887239456,-0.023845961317420006,0.07072428613901138,-0.006825353018939495,-0.03504031524062157,0.0930197685956955,0.001990718999877572,0.04527672380208969,-0.007285331375896931,-0.007504714652895927,-0.03523813933134079,-0.016232306137681007,-0.026198184117674828,-0.02852877415716648,-0.08021514117717743,-0.006013506092131138,-0.002611385425552726,0.02824128232896328,-0.04269798845052719
-0.016638904809951782,0.0476602166891098,0.10377968847751617,0.021398616954684258,-0.036388691514730453,-0.004967337008565664,-0.024581369012594223,-0.00762920780107379,0.0686631053686142,0.058212753385305405,0.02962980978190899,-0.003096675965934992,0.01370486430823803,0.017834512516856194,-0.03678838536143303,-0.049238499253988266,-0.08067308366298676,-0.021610481664538383,-0.003392457729205489,0.06596175581216812
0.006223162170499563,0.07097245007753372,0.08646214753389359,0.04800102487206459,0.04821077361702919,-0.08360415697097778,-0.0253850519657135,0.009195796214044094,0.04637191817164421,0.02803511545062065,-0.051985736936330795,-0.011101648211479187,-0.06518078595399857,0.024090493097901344,0.005955633241683245,-0.0582854263484478,0.0431973896920681,0.008999760262668133,0.0021936383564025164,0.0025047948583960533
0.02385139651596546,-0.03686404973268509,0.037569887936115265,0.013324898667633533,0.06128482148051262,-0.03896162658929825,0.034524254500865936,0.04488289728760719,0.061629507690668106,-0.01213942002505064,-0.03144700825214386,0.003639194183051586,0.004774405155330896,-0.058328837156295776,-0.043828513473272324,0.025123823434114456,0.03986632078886032,-0.037612371146678925,-0.0364578440785408,0.02280237525701523
0.023575598374009132,-0.03881397843360901,0.04991185665130615,-0.031354863196611404,0.011819105595350266,-0.009473983198404312,0.036844149231910706,0.014672464691102505,0.04436885938048363,-0.03128240257501602,-0.06477749347686768,-0.003138096770271659,0.0427585169672966,0.02472526952624321,-0.013434135355055332,0.04674523323774338,0.0107435816898942,0.060463376343250275,-0.0039223269559443,0.056996699422597885
0.044980425387620926,0.03003508411347866,-0.031142190098762512,0.021660977974534035,-0.03301789239048958,-0.03533603996038437,0.013743449933826923,0.04152275249361992,-0.015295165590941906,-0.04632553830742836,-0.058738697320222855,0.0016828696243464947,-0.05298923701047897,0.07416976988315582,-0.01548176258802414,-0.0156853087246418,0.01417921669781208,0.01344486977905035,0.04608359560370445,0.021153653040528297
0.03768806532025337,-0.01518417801707983,0.0565371960401535,-0.012525288388133049,-0.034004442393779755,0.03139418736100197,0.007639779709279537,-0.00407171156257391,0.032351747155189514,0.02792442962527275,-0.055871013551950455,0.07740488648414612,0.06979403644800186,0.0383504219353199,0.0067251925356686115,0.03604288399219513,-0.04821418970823288,0.050161268562078476,0.021515950560569763,-0.04957824945449829
0.0858510211110115,-0.001269082655198872,0.016298817470669746,0.04937516897916794,0.05185861140489578,-0.03814651817083359,0.06832510232925415,-0.037868596613407135,0.03470032289624214,-0.035682663321495056,-0.006913186516612768,0.0032173541840165854,0.04380547255277634,0.05375790596008301,-0.02255037985742092,-0.057618241757154465,-0.08203413337469101,0.07206501811742783,-0.06278378516435623,-0.05137507617473602
-0.012340862303972244,0.027594493702054024,0.07596461474895477,0.09237547963857651,-0.0492262989282608,-0.0034628096036612988,0.10583477467298508,0.05131353437900543,-0.05129500478506088,0.05758592486381531,0.0025468971580266953,0.05141120031476021,0.028574561700224876,0.02193404547870159,0.05744528770446777,-0.027913253754377365,-0.043828558176755905,0.07422001659870148,0.0627790242433548,-0.0677323117852211
0.012223509140312672,-0.03459097072482109,0.04060935229063034,-0.010689452290534973,0.007140457164496183,-0.08477190881967545,-0.028167225420475006,0.04028431698679924,0.0704372450709343,-0.011286570690572262,-0.05217352136969566,0.025637498125433922,0.04918212816119194,0.051208995282649994,0.0377107597887516,-0.04430864378809929,-0.03710328787565231,0.04709167033433914,-0.030710367485880852,-0.01803836040198803
0.0411149226129055,0.07147376984357834,0.03945386782288551,-0.005874177906662226,0.0626625120639801,-0.10236849635839462,-0.008568513207137585,0.054252758622169495,0.004372258670628071,-0.008930257521569729,-0.02176455780863762,-0.004279297310858965,0.06849714368581772,0.013734190724790096,0.04796970263123512,0.04692502319812775,-0.05192237347364426,-0.023752635344862938,-0.006538094021379948,-0.05967314541339874
0.0411149226129055,0.07147376984357834,0.03945386782288551,-0.005874177906662226,0.0626625120639801,-0.10236849635839462,-0.008568513207137585,0.054252758622169495,0.004372258670628071,-0.008930257521569729,-0.02176455780863762,-0.004279297310858965,0.06849714368581772,0.013734190724790096,0.04796970263123512,0.04692502319812775,-0.05192237347364426,-0.023752635344862938,-0.006538094021379948,-0.05967314541339874
0.016160525381565094,0.03896248713135719,0.03582242131233215,0.014057234860956669,-0.0626269206404686,-0.023097984492778778,0.06768430769443512,-0.04228074103593826,0.005011442117393017,-0.018791692331433296,-0.04590084031224251,0.047880202531814575,0.05158863216638565,0.024043593555688858,0.014913169667124748,-0.025387438014149666,0.05055037885904312,-0.047789622098207474,0.03135738521814346,0.03293687477707863
-0.020908407866954803,0.08653460443019867,0.013354345224797726,0.08652205020189285,-0.06068338081240654,-0.009936237707734108,0.025552477687597275,-0.013322468847036362,0.059377092868089676,0.015489056706428528,0.03599414974451065,-0.03983812406659126,0.046331219375133514,-0.04713768512010574,0.06451059877872467,0.020507778972387314,-0.08047674596309662,0.031434278935194016,0.06901826709508896,-0.06989089399576187
-0.04091238975524902,0.04706551134586334,-0.03484093025326729,-0.030473673716187477,0.044864557683467865,-0.08718889951705933,0.037802062928676605,-0.05752220004796982,-0.0022940493654459715,-0.02111288532614708,-0.04237120971083641,0.05197357013821602,-0.00187679473310709,0.05645494908094406,0.022009078413248062,0.012989037670195103,-0.04995277151465416,0.05772693455219269,-0.0020932152401655912,0.022032789885997772
-0.04647316411137581,0.004861054942011833,0.06615231931209564,-0.008596287108957767,0.030436938628554344,-0.005982917733490467,-0.01101237814873457,0.02646825835108757,0.045268137007951736,0.013121422380208969,0.04087139293551445,0.010401197709143162,0.0522361695766449,-0.02558458223938942,0.06473147869110107,-0.05489904806017876,-0.03923319652676582,0.044777944684028625,0.0508587509393692,-0.06537226587533951
0.02129133604466915,0.008383851498365402,0.05367108806967735,-0.01319953240454197,0.01620647870004177,0.030319660902023315,0.09922651946544647,0.010371457785367966,-0.033628251403570175,0.04868704453110695,-0.061797719448804855,-0.01529548317193985,0.004567696712911129,-0.03843020647764206,0.015730014070868492,-0.09720265120267868,-0.021933550015091896,0.0711817517876625,0.01967756450176239,-0.01156738679856062
-0.04196396470069885,0.027554450556635857,0.09387185424566269,0.005824928171932697,0.0016307432670146227,-0.00015670567518100142,0.06020565330982208,-0.07004432380199432,0.054043784737586975,0.04338795691728592,0.014461525715887547,-0.04346321523189545,0.059166908264160156,0.06885280460119247,-0.05562959983944893,0.0025236469227820635,-0.0533028244972229,0.024507077410817146,-0.049667976796627045,0.044784899801015854
0.04212793707847595,-0.02465580776333809,0.09901386499404907,0.06155576929450035,0.03169942647218704,-0.0884239673614502,0.09324569255113602,-0.017253827303647995,-0.055556196719408035,-0.0356803759932518,-0.06125405803322792,0.005522170569747686,0.009849423542618752,0.0376301109790802,-0.02166346274316311,0.020311038941144943,-0.06972993910312653,-0.0489630289375782,0.016793720424175262,-0.03684082254767418
-0.05681229010224342,-0.06306169927120209,0.06086505204439163,0.07442325353622437,0.009092694148421288,-0.008850693702697754,-0.018820462748408318,-0.011397678405046463,0.028896208852529526,0.034358732402324677,-0.028147775679826736,0.015851326286792755,-0.01632876694202423,0.027700459584593773,0.02205084264278412,-0.07214490324258804,-0.054235752671957016,0.06286714226007462,0.061210744082927704,-0.0023617162369191647
0.025623394176363945,-0.02389788068830967,0.021059846505522728,0.06549780815839767,-0.0062979236245155334,-0.03189096599817276,0.030573513358831406,-0.04042535275220871,-0.045568425208330154,-0.02443554997444153,-0.04144469276070595,0.01226664800196886,-0.051533669233322144,0.07092031091451645,0.01156638003885746,-0.002295244950801134,-0.04900291934609413,-0.0191258005797863,-0.013423826545476913,-0.04197424277663231
0.07019313424825668,0.04885411262512207,0.00986730307340622,-0.04243442416191101,0.06905511021614075,-0.05323128029704094,-0.0009502695756964386,0.021660951897501945,0.018078994005918503,0.07171773910522461,-0.03268932178616524,0.014404954388737679,0.06150605529546738,0.0305356215685606,0.011416303925216198,0.04000651463866234,-0.03588453680276871,0.04248174652457237,-0.006002497393637896,-0.07606202363967896
-0.004392765462398529,0.0795893520116806,0.09692373126745224,-0.05107049271464348,0.05786728113889694,-0.02906845510005951,-0.001770863658748567,-0.06147775053977966,0.07325714826583862,-0.06737743318080902,-0.01707799918949604,-0.017313437536358833,-0.05614597722887993,0.02580910548567772,0.0718899592757225,-0.06583289802074432,-0.05165863037109375,0.03434357792139053,0.055407050997018814,0.0019374609692022204
0.019933229312300682,0.05388183891773224,0.05545726418495178,0.058294717222452164,0.038345325738191605,-0.03650199621915817,0.0949481800198555,0.06180017441511154,-0.00479367608204484,0.056718338280916214,-0.06986989825963974,0.0004266153264325112,-0.04559563472867012,-0.02914273925125599,-0.05407197028398514,0.028805576264858246,-0.005211705807596445,0.04008584842085838,0.04848036542534828,-0.003648228943347931
-0.04488488286733627,0.0005419341032393277,0.09237170964479446,-0.021328285336494446,0.023773161694407463,-0.0661177933216095,0.0908011943101883,-0.019452175125479698,-0.02966243028640747,0.008472532965242863,-0.024473175406455994,0.009577297605574131,0.058716531842947006,0.05916547030210495,0.050209853798151016,0.03222932294011116,0.007340890821069479,0.006631660275161266,-0.05999206006526947,-0.015870455652475357
0.0015477471752092242,0.024233682081103325,-0.02924421988427639,0.051898594945669174,0.06555488705635071,-0.08720369637012482,-0.02554124779999256,-0.043364446610212326,0.041391871869564056,-0.050181519240140915,-0.041033849120140076,0.035653676837682724,0.04342802241444588,0.05281135067343712,-0.026583356782794,0.03954178839921951,0.03875935077667236,0.06951846927404404,-0.0541207492351532,0.041387222707271576
-0.043886393308639526,-0.05096479877829552,0.0042759692296385765,0.08644495159387589,-0.05177267640829086,-0.05953079089522362,0.004533115774393082,-0.06905409693717957,-0.056529510766267776,0.03338254988193512,0.008047232404351234,-0.02516789548099041,0.02389250509440899,0.03499341756105423,0.04075885936617851,-0.03109067864716053,-0.0658188983798027,0.054749514907598495,-0.05491543188691139,0.007422673515975475
-0.01420134399086237,-0.014001190662384033,0.03442108631134033,-0.037155769765377045,0.006390898488461971,-0.01736375130712986,0.06519919633865356,0.04706645384430885,-0.033500272780656815,0.021069584414362907,0.01596340909600258,0.03204859420657158,-0.020260177552700043,-0.011087130755186081,0.05373569205403328,-0.09305199235677719,-0.07586866617202759,0.028041569516062737,-0.027904462069272995,0.037559930235147476
0.0303582102060318,0.012774539180099964,-0.00044467634870670736,-0.0524323508143425,-0.014798160642385483,-0.07768205553293228,0.07398852705955505,-0.059310432523489,-0.03755125030875206,0.06241093575954437,-0.05243760347366333,-0.034330133348703384,0.04254458099603653,-0.036925263702869415,-0.04393068701028824,0.012369470670819283,-0.05907168984413147,0.05378452315926552,0.06629592180252075,-0.031022226437926292
-0.02641117572784424,0.012751271948218346,0.08028581738471985,0.058274779468774796,0.005732137709856033,-0.07092168927192688,0.09909116476774216,-0.003920389339327812,-0.03696634620428085,-0.040466826409101486,-0.021277209743857384,0.05739289149641991,0.0412316620349884,0.02668727934360504,-0.04112458974123001,0.03423658385872841,-0.058074258267879486,0.017405441030859947,0.0467325784265995,0.00024492814554832876
0.05457838624715805,-0.0019513290608301759,-0.0006132509442977607,0.0294911190867424,0.000393253838410601,-0.04537549242377281,0.07483473420143127,-0.030305542051792145,-0.06896212697029114,-0.02410885877907276,0.013774791732430458,0.005464276298880577,0.04375385865569115,-0.045616649091243744,0.02368638850748539,-0.0211385078728199,-0.042029865086078644,-0.04042036458849907,0.06615845859050751,0.028005806729197502
-0.030754292383790016,-0.021697254851460457,-0.0007258554105646908,0.017838453873991966,0.026522809639573097,-0.07341127842664719,0.012802197597920895,0.020398180931806564,0.03301709145307541,0.0071854740381240845,0.016477880999445915,-0.037732429802417755,-0.05867132917046547,-0.06490086019039154,-0.018453946337103844,-0.0767715647816658,0.013192198239266872,-0.022106271237134933,0.029767118394374847,-0.026490075513720512
0.06178482249379158,0.06642641872167587,0.013135699555277824,0.06986634433269501,0.02219318225979805,0.008330034092068672,0.08464150875806808,-0.05306064337491989,0.02767212875187397,-0.03571048378944397,-0.03601093590259552,0.007071929518133402,-0.03226591646671295,0.06723261624574661,0.039363786578178406,-0.01921338587999344,-0.03293513134121895,0.0007128296419978142,0.055826328694820404,0.05192872881889343
-0.026614155620336533,-0.02090616524219513,0.057282522320747375,0.007400739472359419,-0.027737943455576897,-0.018587283790111542,0.029091726988554,-0.04856293275952339,0.06058681383728981,0.014970107935369015,0.05794376879930496,-0.029113931581377983,-0.04512041062116623,0.06394787132740021,-0.004519014153629541,-0.07739914208650589,0.0005381371593102813,-0.025319578126072884,0.06431379914283752,0.004135467577725649
0.006647144909948111,0.06144506111741066,-0.02799176052212715,-0.015287785790860653,0.06676112115383148,-0.0544375479221344,-0.03663986921310425,-0.05769563838839531,-0.02021917514503002,0.009504374116659164,-0.06427689641714096,-0.02894723415374756,0.06704281270503998,0.06242286413908005,0.014912792481482029,0.04396955668926239,-0.06490007042884827,0.0016321628354489803,-0.016981756314635277,0.023869460448622704
0.08201553672552109,-0.038915328681468964,0.06512852013111115,0.062413834035396576,-0.00860428623855114,-0.09149424731731415,-0.005857713986188173,-0.024344956502318382,-0.027835596352815628,-0.06212031468749046,-0.014191173948347569,0.016221029683947563,0.02914525382220745,-0.058125339448451996,0.025137973949313164,-0.035943713039159775,0.027886297553777695,0.033448681235313416,0.08015093952417374,-0.0173486340790987
-0.059675753116607666,0.025870149955153465,0.0034114448353648186,0.055042434483766556,-0.05527404695749283,-0.050888825207948685,0.062459539622068405,0.015911003574728966,-0.04168228805065155,0.020112663507461548,0.04612721875309944,-0.01779380440711975,0.0014551392523571849,0.010744466446340084,0.06455601751804352,0.04923051968216896,0.03217250108718872,-0.03987650200724602,-0.029548851773142815,-0.02155478112399578
0.050866466015577316,0.06757642328739166,0.06520169973373413,-0.034524839371442795,0.016743337735533714,0.0029067406430840492,-0.0345042422413826,-0.04700179398059845,-0.012640285305678844,-0.05856882408261299,0.017971988767385483,0.0617218017578125,0.05563602223992348,0.07299220561981201,0.022092197090387344,0.03926568478345871,-0.04902102053165436,-0.053925808519124985,0.0472554937005043,-0.015691611915826797
-0.04990486055612564,0.05766129121184349,0.07498162239789963,0.007653354201465845,-0.04058356583118439,-0.10218149423599243,-0.04076855257153511,-0.07842529565095901,-0.04288383573293686,0.03687480092048645,-0.00785038247704506,-0.020820138975977898,0.05087790638208389,-0.038454923778772354,-0.05995991453528404,0.020269304513931274,-0.05089728161692619,0.0756308063864708,-0.03384395316243172,0.02511993609368801
-0.01849629543721676,0.024425450712442398,0.04496125876903534,0.015036999247968197,-0.04293425753712654,0.022877464070916176,0.05459415912628174,-0.046932052820920944,-0.04906653240323067,0.026357386261224747,-0.018679063767194748,0.05752855911850929,-0.021725261583924294,0.03351602703332901,0.05695423111319542,0.05241427570581436,0.044421035796403885,0.06459792703390121,0.05553152784705162,0.028357241302728653
0.05123523995280266,-0.05055684223771095,0.07181080430746078,0.08940568566322327,0.020648060366511345,-0.08044735342264175,-0.03707893565297127,0.03645452484488487,0.08325392752885818,-0.017302559688687325,0.05186762660741806,0.0770372673869133,-0.05311083793640137,0.01873146742582321,-0.05929790437221527,-0.014075594022870064,0.027033518999814987,-0.02209024876356125,0.058769166469573975,-0.07510204613208771
0.01136683952063322,0.030496615916490555,0.07691466808319092,0.07104996591806412,-0.012197129428386688,-0.015642162412405014,-0.025849349796772003,0.03884231299161911,-0.06592658907175064,-0.006445319391787052,-0.00675783958286047,0.05162198841571808,0.008750424720346928,-0.06181894987821579,0.010256548412144184,-0.08551131188869476,-0.059896692633628845,-0.014155052602291107,-0.05762200057506561,0.05636784806847572
0.04303012415766716,0.07802052795886993,0.07649660110473633,0.06042369827628136,-0.05504342168569565,-0.028635691851377487,0.08439649641513824,0.04138646274805069,-0.0026491277385503054,0.023249724879860878,0.004703036975115538,-0.02913503348827362,-0.04659256711602211,-0.04708937183022499,0.0040647671557962894,-0.07562003284692764,0.02588297799229622,-0.058183129876852036,-0.04669354110956192,0.03178136795759201
0.06944256275892258,-0.01162764336913824,0.03810354694724083,-0.02851376309990883,0.024937748908996582,-0.025147920474410057,0.010524356737732887,-0.05820467695593834,0.030457843095064163,0.03894609212875366,0.038973260670900345,0.0149619709700346,-0.06599351763725281,-0.05658010020852089,0.04050596430897713,-0.026999058201909065,-0.031584810465574265,0.07272098958492279,-0.03692758083343506,-0.0644068643450737
0.06496365368366241,0.06201585382223129,0.03851893171668053,-0.043773531913757324,-0.021741138771176338,-0.0060303183272480965,-0.01733241230249405,0.03554883599281311,0.027677422389388084,0.03707216680049896,-0.04208551347255707,0.06711149215698242,-0.015929151326417923,0.01910773664712906,0.04703504592180252,0.0385705791413784,-0.04857487976551056,-0.0568959005177021,-0.007682072930037975,0.054423000663518906
0.03131299838423729,0.005823703482747078,-0.02913394756615162,0.09329792857170105,-0.03287418186664581,-0.04964959993958473,-0.031001903116703033,0.0391680933535099,0.0789860337972641,-0.06076837331056595,-0.05346309766173363,0.041123319417238235,0.04662450775504112,0.04649753496050835,0.00026829406851902604,0.02945883944630623,-0.005512772593647242,0.07512375712394714,-0.05553480237722397,-0.01857415772974491
-0.05659661069512367,-0.04422539845108986,0.1023937538266182,0.009172923862934113,-0.04379475489258766,-0.06208078935742378,0.06254725158214569,0.044819239526987076,0.07310374081134796,-0.006306987721472979,-0.02754753828048706,-0.04599769413471222,-0.045810725539922714,0.012157176621258259,0.040264517068862915,0.05291043221950531,-0.016200488433241844,0.03621820732951164,0.04740068316459656,0.026126859709620476
0.0639122948050499,-0.010590569116175175,0.0534001961350441,0.040921591222286224,0.025711361318826675,-0.04341784864664078,0.08164485543966293,-0.029405508190393448,0.022209536284208298,0.030951693654060364,-0.06957130134105682,-0.033917851746082306,0.05562411621212959,0.02755679562687874,0.014574277214705944,0.01824645698070526,-0.011018756777048111,-0.0600806325674057,0.07899322360754013,-0.0005101609858684242
0.05650338530540466,-0.015343024395406246,0.04590841382741928,0.08305693417787552,-0.0067430357448756695,-0.03237900137901306,0.07379598170518875,-0.04922131448984146,0.005690966732800007,0.0019373412942513824,0.03295212984085083,-0.03650465980172157,-0.045096661895513535,-0.018609920516610146,-0.05018550157546997,-0.021966541185975075,-0.06233196705579758,0.0020907626021653414,0.06717285513877869,-0.029228350147604942
-0.008311307989060879,0.04623366519808769,0.09174972027540207,0.06574095040559769,0.046840276569128036,0.008454213850200176,0.10308536142110825,-0.04776322469115257,-0.03315265476703644,0.0265080276876688,-0.029577644541859627,0.03706242889165878,0.024474292993545532,0.05939185619354248,-0.05243811756372452,0.03854294493794441,0.04729897156357765,-0.019876059144735336,0.05917767062783241,-0.061251070350408554
0.0033739381469786167,0.0556727796792984,0.052566975355148315,0.01866612210869789,0.004940159618854523,-0.05359642580151558,-0.034659359604120255,-0.05465864762663841,-0.04913383349776268,-0.03360831364989281,-0.02671872079372406,0.036452893167734146,0.06253388524055481,-0.011385228484869003,-0.05921866372227669,0.03605610132217407,-0.031994402408599854,0.002052883617579937,0.060245003551244736,-0.051692552864551544
-0.023016521707177162,-0.011679315008223057,0.0687040239572525,0.09446751326322556,-0.0003254800976719707,-0.07469269633293152,0.0022862672340124846,-0.07620426267385483,-0.02490287274122238,0.027713777497410774,0.035027679055929184,0.013383809477090836,0.023821230977773666,-0.011087878607213497,0.05482828989624977,-0.04462534189224243,0.025431685149669647,0.055383242666721344,0.07331003248691559,0.05835561826825142
-0.040567174553871155,-0.0025735879316926003,0.04870428517460823,-0.03685726225376129,0.024423867464065552,-0.06926277279853821,0.05508516728878021,-0.0042063333094120026,0.018241142854094505,0.018039418384432793,-0.0019156100461259484,-0.03771330043673515,0.0665152370929718,-0.000616014061961323,-0.048506587743759155,0.02303950861096382,-0.02972097508609295,-0.008589024655520916,0.08195789903402328,-0.04708758741617203
-0.05867088958621025,-0.05664216727018356,0.0014441185630857944,0.03503751382231712,-0.01581975631415844,-0.05373090133070946,0.009737633168697357,-0.02110188640654087,-0.05077315494418144,-0.020181434229016304,-0.070070780813694,0.025260334834456444,0.008692879229784012,-0.027531834319233894,-0.02293740212917328,-0.010122831910848618,-0.018895836547017097,-0.04176737740635872,0.07054901123046875,-0.0406937412917614
-0.06051145866513252,-0.005272547714412212,0.01814623735845089,0.02955790050327778,-0.011507548391819,-0.022349366918206215,0.026925379410386086,0.06808483600616455,0.05431237816810608,0.023356769233942032,-0.023903172463178635,0.08233185857534409,-0.002553334226831794,0.003917462658137083,-0.01673058047890663,0.00985325314104557,-0.04922366142272949,-0.024462874978780746,-0.01415161695331335,0.007986467331647873
-0.04979540407657623,0.02990741655230522,-0.004159722477197647,0.02160058729350567,0.024174626916646957,0.0006341267144307494,0.05243571102619171,-0.070325568318367,-0.060875117778778076,0.07175023853778839,-0.01687016524374485,0.04517088085412979,0.06499174982309341,0.022306272760033607,-0.0014156820252537727,-0.062064945697784424,-0.08852177858352661,-0.0026728352531790733,0.0378241091966629,0.06727979332208633
-0.034761637449264526,0.07223762571811676,0.0572684146463871,0.05741332843899727,-0.005180865991860628,-0.01296418160200119,-0.023739883676171303,-0.005163290537893772,0.08372540026903152,0.04072798416018486,-0.03532262146472931,-0.003554233582690358,0.06499975919723511,0.05349428951740265,-0.03345353156328201,-0.08519243448972702,-0.040506236255168915,0.05577021464705467,0.06479021906852722,-0.03355621173977852
-0.03738658130168915,0.04459399729967117,0.10495913773775101,0.03334967792034149,0.04703067988157272,-0.0956827700138092,0.06503994762897491,-0.0450516976416111,0.06895913183689117,-0.0586930550634861,0.024031661450862885,-0.0025306434836238623,0.02645014226436615,0.05397510901093483,-0.0031844249460846186,-0.08248595893383026,-0.005705178715288639,0.021117599681019783,0.029376547783613205,-0.018697477877140045
-0.008374270983040333,-0.012798439711332321,0.013587221503257751,0.0011412359308451414,0.036521509289741516,-0.03959885239601135,-0.03355663642287254,0.015080579556524754,-0.04359833151102066,-0.02707686647772789,-0.006642576772719622,0.0033856770023703575,0.008069043979048729,0.04466666653752327,0.008159921504557133,-0.07233624905347824,-0.03181520476937294,-0.05831189453601837,0.009384207427501678,-0.060886628925800323
-0.016140833497047424,0.0028343743178993464,0.08344409614801407,0.07825252413749695,-0.014419066719710827,-0.016168933361768723,-0.0048070005141198635,-0.04788411036133766,0.07644124329090118,-0.05034814029932022,-0.04974934458732605,0.030005648732185364,0.04972701147198677,0.005895561072975397,-0.035979315638542175,-0.07038918137550354,-0.036849211901426315,0.05258309468626976,-0.01797143928706646,-0.028679808601737022
0.0842762291431427,0.03743000701069832,0.019738905131816864,0.07699081301689148,-0.005718644242733717,-0.07495813816785812,-0.026471449062228203,-0.03946937620639801,-0.05628519132733345,0.015606487169861794,0.036943912506103516,-0.019525380805134773,0.010735218413174152,0.02583497390151024,0.033431343734264374,-0.005912202876061201,-0.02216896042227745,-0.01609966717660427,-0.0383685864508152,-0.01262437179684639
-0.037145089358091354,0.08838730305433273,0.10037869960069656,0.019927697256207466,-0.07315213978290558,-0.028696661815047264,0.021377574652433395,-0.06136104092001915,0.06976868957281113,0.027602583169937134,-0.0074347336776554585,0.007576334290206432,0.05798846483230591,-0.0020411675795912743,-0.056534841656684875,-0.040639374405145645,-0.038179364055395126,0.05969490855932236,0.05827222764492035,0.015099902637302876
-0.05078330263495445,-0.05328664928674698,-0.0173993781208992,-0.0468045249581337,-0.030198797583580017,-0.08494774997234344,-0.032149337232112885,0.0026476189959794283,0.004366094246506691,0.03626558184623718,-0.02530365064740181,-0.02661246992647648,0.033649321645498276,-0.003379429690539837,-0.03897032141685486,-0.08847314119338989,-0.023720471188426018,-0.012935872189700603,0.07860128581523895,-0.0400083027780056
-0.011823799461126328,0.0765339806675911,-0.016199417412281036,0.02118551731109619,-0.03740508109331131,-0.019875885918736458,-0.02857143245637417,-0.07284349203109741,-0.01830711029469967,0.0743630975484848,0.03501836210489273,0.0664006918668747,-0.06270178407430649,0.05063364654779434,-0.02995595708489418,-0.021611785516142845,0.04328896105289459,-0.02470361813902855,0.030544131994247437,-0.007897522300481796
0.03583274036645889,0.00060608412604779,-0.02475905418395996,0.005665328353643417,0.014568096958100796,-0.06993645429611206,0.0660737007856369,-0.0722588524222374,0.07685863226652145,0.015251517295837402,-0.014532690867781639,-0.03505133464932442,0.024724578484892845,0.07587074488401413,0.006271026562899351,-0.08963475376367569,-0.04894282668828964,0.032811298966407776,-0.057442937046289444,-0.06907381117343903
0.022066090255975723,0.06659717857837677,0.014418428763747215,0.07567832618951797,0.01616048812866211,0.002544875256717205,0.010136825032532215,0.05245964601635933,-0.03403512388467789,-0.02812802605330944,-0.06713604927062988,-0.0039582327008247375,0.0380796417593956,-0.02667080983519554,-0.01752183586359024,-0.07896368205547333,0.018993057310581207,-0.04705926030874252,0.05943819135427475,-0.03794252127408981
0.057273540645837784,0.009377746842801571,0.0703703984618187,-0.0024215886369347572,-0.0274372361600399,-0.05869051069021225,0.049602147191762924,-0.041333913803100586,-0.009947444312274456,0.011159470304846764,-0.05988159775733948,-0.02154160477221012,0.03184104710817337,0.04727630317211151,-0.009853617288172245,0.03105134330689907,-0.05642329528927803,0.03660915419459343,-0.05628431588411331,-0.061230260878801346
-0.005383057985454798,-0.03963431343436241,0.04056910425424576,0.007421933580189943,-0.04555942118167877,0.008641588501632214,0.1048254743218422,0.04068515822291374,0.04872472956776619,0.02393762767314911,-0.02982824295759201,-0.04240480065345764,-0.004096624441444874,0.013839705847203732,0.045108191668987274,0.00701597286388278,-0.08179812133312225,-0.025562709197402,0.06104869768023491,-0.07956428825855255
0.010651828721165657,-0.036460794508457184,0.10036136955022812,-0.04853556305170059,-0.04993971437215805,-0.07799708843231201,-0.021337339654564857,0.045844916254282,-0.0184507854282856,-0.03384457528591156,-0.004257936030626297,0.08594386279582977,-0.028000805526971817,-0.04160500690340996,0.07231846451759338,-0.07842139899730682,0.035371702164411545,0.07990583777427673,0.06223670765757561,0.04911654070019722
0.001291725435294211,0.08444052934646606,0.0727614164352417,-0.03548722714185715,0.03434139862656593,0.012415052391588688,0.06077865883708,-0.05740482360124588,-0.03948816657066345,0.0004854168219026178,-0.07299572974443436,0.0571637786924839,0.04921991750597954,-0.018178677186369896,0.01422499492764473,-0.009141571819782257,-0.03962127864360809,-0.0038763261400163174,-0.02239822968840599,-0.0038722006138414145
-0.03616837039589882,-0.018245426937937737,0.011375008150935173,0.07000788301229477,0.00224394747056067,-0.029251912608742714,0.030166275799274445,-0.05102834105491638,0.04013322666287422,-0.031968023627996445,0.01593790575861931,0.08611071854829788,0.034140828996896744,0.003118201158940792,-0.05189273878931999,0.038528505712747574,-0.027689481154084206,-0.04597015306353569,-0.03389862924814224,-0.02721855789422989
0.043741051107645035,0.062173228710889816,-0.03177415579557419,0.061693381518125534,-0.052119869738817215,-0.027049187570810318,0.0006711460882797837,0.009080734103918076,-0.027872947975993156,0.036442793905735016,0.043565139174461365,-0.02039104513823986,0.051770634949207306,0.028589364141225815,0.06011044979095459,-0.02447003312408924,0.04997188225388527,-0.05502305179834366,-0.04730844870209694,-0.018976615741848946
0.071015365421772,-0.02254314534366131,0.07157178968191147,-0.033759310841560364,0.005385485477745533,0.01741713099181652,-0.009455416351556778,0.0017366958782076836,0.020465387031435966,0.027204720303416252,-0.008852156810462475,-0.02166006714105606,0.056271594017744064,0.026134075596928596,-0.020928973332047462,-0.07638780027627945,0.003460443578660488,-0.00828972551971674,0.006130957044661045,-0.051425691694021225
-0.029304416850209236,0.020076565444469452,0.00646048691123724,0.006398349534720182,0.01749006286263466,-0.04440658539533615,0.0034707915037870407,0.014403712004423141,0.06566360592842102,-0.018766360357403755,-0.04389790818095207,-0.0018518181750550866,-0.018772641196846962,0.023104963824152946,-0.048631489276885986,-0.05831849202513695,-0.06320172548294067,0.01819835789501667,-0.04501192271709442,0.046412937343120575
-0.029304416850209236,0.020076565444469452,0.00646048691123724,0.006398349534720182,0.01749006286263466,-0.04440658539533615,0.0034707915037870407,0.014403712004423141,0.06566360592842102,-0.018766360357403755,-0.04389790818095207,-0.0018518181750550866,-0.018772641196846962,0.023104963824152946,-0.048631489276885986,-0.05831849202513695,-0.06320172548294067,0.01819835789501667,-0.04501192271709442,0.046412937343120575
-0.056183844804763794,0.0005797995254397392,0.07368482649326324,0.06012039631605148,0.04178245738148689,-0.020032979547977448,0.09543164074420929,-0.07003138214349747,-0.03531647101044655,0.05052189156413078,-0.023269910365343094,0.021271971985697746,0.03151024878025055,0.05208870396018028,-0.007262096274644136,-0.01530403085052967,0.019165076315402985,-0.02682533673942089,-0.05650046840310097,-0.04119626805186272
-0.049018580466508865,0.0629684329032898,-0.006597338709980249,0.02918323501944542,0.023203587159514427,-0.0071294475346803665,0.009892796166241169,-0.03176551312208176,-0.033972322940826416,-0.008314902894198895,-0.01820524036884308,0.025949940085411072,0.0601307637989521,0.04523853585124016,0.0279416311532259,-0.023444892838597298,-0.07193997502326965,0.018298033624887466,0.0279860682785511,-0.06870633363723755
0.0026658966671675444,-0.018787439912557602,0.0589311383664608,0.014770042151212692,-0.03691444173455238,-0.07528955489397049,-0.016607705503702164,0.00021188706159591675,0.015766853466629982,0.04205993190407753,-0.07292357832193375,0.08577654510736465,-0.033891234546899796,0.05607708916068077,0.07845462113618851,-0.08602786809206009,0.03583045303821564,-0.055508799850940704,0.0586467944085598,-0.06194501370191574
-0.0548650324344635,0.03213849291205406,0.0097877262160182,0.08727268129587173,0.05583830550312996,-0.06324707716703415,0.07805388420820236,-0.0014050027821213007,-0.02159796841442585,-0.04769119992852211,-0.032666489481925964,0.05408297851681709,0.038927484303712845,-0.015006819739937782,0.0670638382434845,0.004656783305108547,0.03807233273983002,0.07494448125362396,0.006215197499841452,-0.06397287547588348
0.002985625294968486,-0.0064135282300412655,0.07318810373544693,-0.0017228517681360245,0.059864308685064316,-0.048373956233263016,0.10056573897600174,0.022337723523378372,-0.043985337018966675,-0.003850504755973816,-0.044503770768642426,0.01409497857093811,-0.0008216256974264979,-0.014575476758182049,0.060292910784482956,-0.044915229082107544,0.01327848993241787,-0.05550067871809006,-0.04001583158969879,0.005647799000144005
0.01836552657186985,0.03135395050048828,0.038295719772577286,0.06911173462867737,0.0698365643620491,0.02292809821665287,0.006585273426026106,-0.07218514382839203,-0.04047667980194092,0.028325602412223816,-0.0291652362793684,-0.02732076309621334,-0.052649132907390594,-0.0673661157488823,0.035196997225284576,-0.05898015573620796,-0.0205834973603487,0.029717136174440384,0.025958092883229256,-0.048976123332977295
-0.007617181167006493,0.026801822707057,0.018341464921832085,-0.01272744033485651,0.01670519821345806,0.024137426167726517,0.06178886070847511,-0.06029433012008667,-7.323392492253333e-05,-0.03881344944238663,0.03713129088282585,0.05161242559552193,0.036596015095710754,0.020369572564959526,-0.022106798365712166,-0.02191746234893799,0.050248466432094574,-0.01619287021458149,-0.03112195059657097,-0.041729386895895004
0.0622643306851387,-0.03767092525959015,0.027748454362154007,0.06890219449996948,-0.03297266364097595,-0.06718689203262329,-0.015571529045701027,-0.05425995588302612,-0.016878746449947357,0.0629170835018158,-0.06659239530563354,0.08354851603507996,0.05977010726928711,0.007227468769997358,0.042250096797943115,-0.03636949509382248,0.031580016016960144,0.015398811548948288,-0.015343493781983852,0.015896938741207123
-0.022230157628655434,-0.022239282727241516,0.03249257057905197,0.05328941345214844,-0.003524745348840952,-0.0187991913408041,0.0551154650747776,0.03585874289274216,-0.002895035780966282,-0.01734044961631298,-0.07286945730447769,0.012243764474987984,0.032726604491472244,0.041194848716259,-0.07166606187820435,0.02342347241938114,0.04033453390002251,0.011274481192231178,0.049239929765462875,0.022696703672409058
0.03932691738009453,-0.01551564410328865,0.04180394858121872,0.027589138597249985,-0.06693671643733978,-0.006667349021881819,0.0754600465297699,0.02697153203189373,0.08138883113861084,-0.06676898151636124,-0.07978351414203644,-0.02761012874543667,-0.03145458921790123,-0.0014282184420153499,0.0038533685728907585,-0.006445643026381731,0.031218621879816055,0.022515807300806046,-0.013840259052813053,-0.026338297873735428
0.05273813381791115,-0.059132929891347885,0.09393471479415894,-0.03326511010527611,0.04547083005309105,0.0012201758800074458,-0.01797841675579548,0.013467343524098396,0.05271278694272041,0.03029036894440651,-0.08098390698432922,-0.007781662978231907,0.0023726671934127808,-0.03794393315911293,0.06208379566669464,-0.026389412581920624,0.010188096202909946,-0.0462203249335289,-0.03844236209988594,-0.018577799201011658
0.04003771021962166,0.06514435261487961,0.09191733598709106,0.09388572722673416,-0.06595408171415329,-0.076960988342762,0.05973978713154793,0.06427469849586487,0.009082927368581295,0.07360068708658218,-0.005894057918339968,0.08181259781122208,0.0646568089723587,0.06755774468183517,-0.036420438438653946,0.05291743576526642,-0.044105105102062225,0.0754048153758049,0.06464748084545135,0.06258564442396164
0.016794554889202118,-0.031070983037352562,0.09567739814519882,0.01090577244758606,-0.027030080556869507,-0.03787873685359955,-0.027730653062462807,-0.05254775285720825,-0.05119431018829346,0.0051073902286589146,-0.04636791720986366,-0.02359209582209587,0.013367916457355022,0.004178117029368877,0.025973044335842133,-0.08860285580158234,0.040856629610061646,-0.058940086513757706,0.05142400041222572,-0.0647023394703865
0.004651589319109917,-0.03672138974070549,0.10495109856128693,0.032132357358932495,-0.06693992018699646,-0.057931866496801376,-0.011662807315587997,0.030614184215664864,0.0722522884607315,-0.026020769029855728,0.021522371098399162,0.03212530165910721,-0.04466580972075462,-0.06433074176311493,4.15563554270193e-05,0.018841521814465523,-0.006954551674425602,0.057218652218580246,-0.06929656118154526,0.05564720928668976
0.004651589319109917,-0.03672138974070549,0.10495109856128693,0.032132357358932495,-0.06693992018699646,-0.057931866496801376,-0.011662807315587997,0.030614184215664864,0.0722522884607315,-0.026020769029855728,0.021522371098399162,0.03212530165910721,-0.04466580972075462,-0.06433074176311493,4.15563554270193e-05,0.018841521814465523,-0.006954551674425602,0.057218652218580246,-0.06929656118154526,0.05564720928668976
0.03164666146039963,-0.005861021112650633,0.05673596262931824,-0.006756672170013189,0.02934647537767887,-0.00029403812368400395,0.036612145602703094,-0.04946257546544075,-0.020105769857764244,-0.06202399730682373,0.019107958301901817,0.030895480886101723,-0.014234854839742184,-0.025439802557229996,-0.0517667680978775,0.015075580216944218,-0.03910418972373009,0.02092885412275791,-0.06379641592502594,-0.06958389282226562
-0.04557473957538605,0.06698926538228989,-0.008955343626439571,0.011866528540849686,-0.07301665842533112,-0.02463752217590809,0.05821019038558006,0.0663958340883255,-0.024578480049967766,0.010936781764030457,0.02040482684969902,0.0122631024569273,-0.004737281706184149,0.04785795137286186,0.026179319247603416,0.04585976153612137,-0.06790059059858322,0.007931306958198547,0.0022324565798044205,-0.071961410343647
-0.039323773235082626,0.038577090948820114,0.043784067034721375,0.010042921639978886,-0.03329825401306152,0.015990925952792168,-0.01610264554619789,-0.06472153216600418,0.03630765900015831,0.05525486171245575,-0.06033554673194885,0.07388726621866226,-0.03732273355126381,-0.054399292916059494,-0.019795110449194908,-0.00108772749081254,-0.0595492422580719,0.04453900083899498,-0.04581538960337639,0.004348818678408861
0.03841308504343033,0.006104177329689264,0.03397587686777115,0.057760413736104965,0.04749593883752823,0.032870449125766754,0.04594477638602257,-0.021274790167808533,-0.044471386820077896,0.0006282352842390537,-0.012799734249711037,0.02464798279106617,0.005527718923985958,0.0350545272231102,-0.0425896942615509,0.04036787152290344,-0.007276694290339947,0.0458967350423336,0.015584767796099186,0.05964808538556099
0.0037351239006966352,0.02966860681772232,0.09253482520580292,0.02601327747106552,-0.06981699913740158,-0.08991585671901703,0.08181992918252945,0.023479944095015526,-0.004740593954920769,0.0012470933143049479,-0.05168432369828224,-0.028282351791858673,-0.016024531796574593,0.03849245235323906,0.029489122331142426,0.02243555337190628,0.05142075568437576,0.007100922055542469,0.03754770755767822,-0.061926040798425674
-0.03923078253865242,0.02029954455792904,0.04584262892603874,0.047478754073381424,0.04073822870850563,-0.0075903781689703465,0.06492383778095245,-0.04833901301026344,-0.05737828090786934,-0.033214062452316284,-0.02217293530702591,-0.010973031632602215,-0.049994200468063354,0.02412452921271324,0.04795766621828079,0.03676478564739227,-0.05419952794909477,0.04158796742558479,0.07104410976171494,-0.0565815195441246
0.06856332719326019,0.0023836935870349407,0.08491654694080353,-0.027467889711260796,0.018212392926216125,0.018379203975200653,-0.012047311291098595,0.03897020220756531,0.08895693719387054,0.02396490052342415,-0.008863070048391819,0.08872581273317337,-0.015167365781962872,0.034675054252147675,0.07124051451683044,-0.06160123273730278,-0.052027154713869095,-0.05165332183241844,0.04128815233707428,0.04827079921960831
-0.028579307720065117,0.05277933552861214,-0.018648555502295494,0.01022002287209034,0.07118683308362961,-0.09843893349170685,-0.025147149339318275,0.06283994019031525,0.03445404767990112,0.03029751032590866,-0.0495082251727581,0.0008204688201658428,-0.06548704952001572,-0.021201299503445625,-0.06589700281620026,-0.005177819170057774,-0.012599081732332706,0.01332466583698988,-0.036130212247371674,-0.016979260370135307
0.0520324669778347,-0.06168120354413986,-0.026477912440896034,-0.01136151235550642,0.03810349479317665,-0.029819874092936516,-0.00038581437547691166,0.05941903591156006,0.04568478465080261,0.023199833929538727,-0.05521203577518463,0.03254697844386101,0.027978450059890747,-0.04065468907356262,0.02773328311741352,-0.013414152897894382,-0.056131113320589066,0.07691790163516998,0.062402598559856415,-0.01125419419258833
0.0520324669778347,-0.06168120354413986,-0.026477912440896034,-0.01136151235550642,0.03810349479317665,-0.029819874092936516,-0.00038581437547691166,0.05941903591156006,0.04568478465080261,0.023199833929538727,-0.05521203577518463,0.03254697844386101,0.027978450059890747,-0.04065468907356262,0.02773328311741352,-0.013414152897894382,-0.056131113320589066,0.07691790163516998,0.062402598559856415,-0.01125419419258833
0.019192945212125778,0.08664997667074203,0.0010686838068068027,0.08018763363361359,0.015348793938755989,0.02308250032365322,-0.021283406764268875,0.0506785623729229,0.05140235647559166,-0.06479976326227188,-0.062068913131952286,0.027087293565273285,0.02641604281961918,-0.04553229361772537,0.02578183263540268,0.030563117936253548,-0.020247522741556168,-0.04789644852280617,0.07154077291488647,0.034455556422472
0.051518455147743225,-0.01419391855597496,0.026991041377186775,0.08945398777723312,0.02023671753704548,-0.07152510434389114,0.0637243390083313,-0.08542092144489288,0.003816231619566679,0.0027179098688066006,0.011844802647829056,-0.05199345201253891,-0.02148992195725441,0.02439350262284279,0.07564184069633484,-0.06899436563253403,-0.04533706232905388,0.07965239137411118,0.05697713419795036,0.014508834108710289
-0.019005529582500458,-0.013301641680300236,0.08012869954109192,0.008552834391593933,0.05830896645784378,-0.024070588871836662,0.029207438230514526,-0.009304974228143692,0.0807926207780838,-0.012213276699185371,0.01284785196185112,0.08291685581207275,-0.042921166867017746,0.03578513115644455,-0.03739670291543007,-0.05310777202248573,0.022632520645856857,-0.005247513297945261,0.0036941415164619684,-0.05614842474460602
-0.026608329266309738,-0.008671525865793228,-0.0016714027151465416,0.04277531057596207,0.041268546134233475,-0.05359310284256935,0.015168528072535992,-0.06521191447973251,-0.05046244338154793,-0.008372426964342594,-0.01089180912822485,-0.030417099595069885,-0.05390547215938568,-0.03566458821296692,-0.01819039322435856,0.04194574058055878,-0.048249535262584686,-0.030744275078177452,0.06766615062952042,-0.04182795435190201
0.0431462861597538,-0.003381517715752125,-0.023203039541840553,-0.027184391394257545,0.004889694042503834,-0.09041338413953781,-0.016292711719870567,-0.05207480862736702,-0.04969372600317001,-0.0006927601061761379,0.02410855144262314,0.012082859873771667,0.009157886728644371,0.025408977642655373,-0.03755592927336693,-0.0048254611901938915,-0.042711518704891205,-0.04758565500378609,-0.03349548950791359,-0.04737008735537529
-0.055410467088222504,-0.030658770352602005,0.0785888060927391,-0.05110647529363632,-0.013084095902740955,-0.03694156929850578,-0.026943063363432884,-0.035616252571344376,0.07008468359708786,-0.010207836516201496,0.049501631408929825,-0.01839340478181839,-0.03720755875110626,-0.06002665311098099,0.018968569114804268,0.05368594452738762,-0.0033318910282105207,-0.010768547654151917,0.06451556086540222,-0.013617021031677723
-0.02758638560771942,-0.04412054270505905,-0.028941277414560318,0.055079616606235504,0.049964480102062225,-0.03882822394371033,0.10069261491298676,0.017155420035123825,-0.02226358652114868,-0.025639813393354416,-0.04711918160319328,0.07020408660173416,0.019751179963350296,-0.005677154287695885,-0.06362524628639221,-0.06475681811571121,-0.04201222583651543,0.03240262717008591,-0.058533236384391785,-0.01346390787512064
0.07949861139059067,0.08202409744262695,-0.014738764613866806,0.045973069965839386,-0.01345962006598711,-0.056761641055345535,0.07346616685390472,-0.01288134977221489,-0.05311441048979759,-0.04661876708269119,-0.0501687228679657,0.05163601040840149,0.0042024762369692326,0.0047574276104569435,0.021909141913056374,-0.08296464383602142,0.001835471484810114,0.022924667224287987,0.03574797511100769,-0.03190278634428978
0.0073371040634810925,-0.030730051919817924,0.008087038062512875,0.015769515186548233,0.057265639305114746,-0.05820741131901741,0.10622918605804443,0.06564393639564514,-0.03992311283946037,-0.0722711980342865,-0.012740221805870533,-0.045472003519535065,0.012221603654325008,-0.033496513962745667,0.03196781873703003,0.019044658169150352,0.00986632052809,0.05728292837738991,-0.04670295864343643,0.00761166587471962
0.020741628482937813,0.04260095953941345,-0.008727012202143669,-0.02094588801264763,-0.03013085387647152,-0.10632960498332977,0.033567801117897034,0.026707984507083893,0.05626221001148224,0.05330710485577583,-0.04986627772450447,-0.049522001296281815,-0.0018253735033795238,-0.018103359267115593,-0.03023650124669075,-0.00146788964048028,0.031732261180877686,0.05479409918189049,0.03841827064752579,-0.012095239944756031
0.07325030863285065,0.04337747022509575,0.07910773158073425,0.019415032118558884,0.02029937319457531,-0.05433189868927002,0.04610176384449005,-0.07486403733491898,0.008318857289850712,-0.046757765114307404,-0.08418021351099014,-0.042251069098711014,-0.001118869287893176,-0.05070794001221657,0.013278551399707794,-0.020680731162428856,-0.02928655967116356,0.0008790130377747118,0.02759772539138794,-0.006533725652843714
0.020741628482937813,0.04260095953941345,-0.008727012202143669,-0.02094588801264763,-0.03013085387647152,-0.10632960498332977,0.033567801117897034,0.026707984507083893,0.05626221001148224,0.05330710485577583,-0.04986627772450447,-0.049522001296281815,-0.0018253735033795238,-0.018103359267115593,-0.03023650124669075,-0.00146788964048028,0.031732261180877686,0.05479409918189049,0.03841827064752579,-0.012095239944756031
0.047436438500881195,0.04421191290020943,0.03132225200533867,0.09712547063827515,-0.0001457233593100682,0.001018006936646998,0.046439483761787415,-0.039300329983234406,0.01946478895843029,-0.008984917774796486,-0.09065571427345276,0.05227600783109665,0.003465096466243267,-0.031476255506277084,0.032224126160144806,0.02532229758799076,-0.06630837172269821,-0.004259579814970493,-0.011098804883658886,-0.06657387316226959
0.056455910205841064,-0.035639841109514236,0.056011322885751724,0.021360617130994797,0.03893112763762474,0.007335058879107237,-0.01615583337843418,0.04342183098196983,0.02237892337143421,-0.028189977630972862,0.00700039928779006,-0.02074618451297283,0.04518178477883339,0.05609403923153877,0.07532653212547302,-0.08421523869037628,0.02554209530353546,-0.0037105099763721228,-0.04498237371444702,0.041015494614839554
0.05836927890777588,0.011577893048524857,-0.02148585580289364,0.06638740003108978,-0.035601742565631866,-0.009080455638468266,0.048657480627298355,0.0014575714012607932,-0.025326956063508987,0.01891292817890644,-0.07297683507204056,0.09104973077774048,-0.06278114765882492,0.010015251114964485,0.05329379066824913,-0.030493129044771194,0.027097156271338463,-0.04497109726071358,-0.046909138560295105,-0.010192534886300564
0.005361457820981741,-0.05609599128365517,0.09015583992004395,-0.010980674996972084,-0.04181811213493347,0.030004046857357025,0.008624361827969551,-0.06646231561899185,0.0595090389251709,-0.029182253405451775,-0.05368265509605408,-0.015383756719529629,-0.02001057006418705,0.022930968552827835,0.041368067264556885,-0.008610481396317482,0.0276639424264431,-0.04850832000374794,-0.06657011806964874,-0.07314857095479965
-0.018288400024175644,0.0688839927315712,0.06723762303590775,-0.039622824639081955,-0.05726781487464905,-0.06659138202667236,0.09619683027267456,0.05465301126241684,-0.024301258847117424,-0.007403913885354996,0.05246064439415932,0.06629008054733276,-0.05924111232161522,0.07940676063299179,0.041265055537223816,0.0017877517966553569,0.032507795840501785,-0.026312636211514473,0.06146789342164993,-0.023259812965989113
0.020667018368840218,0.0075059011578559875,0.00048041026457212865,0.08041950315237045,0.06618677824735641,-0.042915284633636475,0.0008903044508770108,0.05204758793115616,0.020582718774676323,-0.05385827273130417,-0.048719290643930435,0.01752128265798092,0.01823047176003456,0.0083837965503335,0.07029052078723907,-0.05123304948210716,0.008996682241559029,-0.051021575927734375,0.03600003197789192,-0.01429036445915699
0.04904160648584366,-0.04011141136288643,0.025699349120259285,0.07067924737930298,0.008963624946773052,0.01928427256643772,-0.019045807421207428,0.008388450369238853,0.047784097492694855,-0.014011879451572895,-0.0825013741850853,-0.03484617546200752,0.024200862273573875,0.06541839987039566,0.06632311642169952,-0.07811681181192398,0.01944509707391262,0.07078642398118973,0.014479505829513073,-0.013160465285182
0.004386371001601219,-0.012086315080523491,0.06988605856895447,0.08678800612688065,0.050608307123184204,-0.03232104703783989,0.03778883442282677,0.009886810556054115,-0.03534017503261566,0.040110863745212555,-0.0792507752776146,-0.04637216404080391,-0.011191955767571926,0.0493798591196537,0.06775154173374176,0.02893121726810932,0.016144543886184692,0.04571761190891266,0.03131365031003952,0.03363952413201332
0.0013366679195314646,0.07186216861009598,-0.036107853055000305,0.0279198307543993,-0.020744387060403824,-0.07543624192476273,-0.004188758786767721,-0.02066313661634922,0.03420880809426308,-0.025238340720534325,-0.002502084244042635,0.06014733389019966,-0.024610312655568123,-0.010512469336390495,0.01247479673475027,0.029900293797254562,-0.08714225888252258,0.03249795362353325,-0.03940824419260025,0.04538654908537865
-0.013495877385139465,0.07369627803564072,-0.005022463854402304,0.017942268401384354,0.06308513134717941,0.036842502653598785,0.08425937592983246,0.02808563970029354,0.03088018298149109,-0.012090299278497696,0.047473516315221786,0.01980222761631012,0.06647485494613647,0.06955420970916748,-0.02020321972668171,0.043131809681653976,-0.03470848128199577,-0.003775697434321046,0.06026466190814972,0.030194561928510666
0.03117019683122635,0.06031126528978348,0.02807176299393177,0.06434378772974014,0.005341416224837303,-0.0014175446704030037,0.08803495764732361,-0.06078002229332924,-0.011003001593053341,-0.03138095885515213,-0.055430829524993896,-0.0518265962600708,0.012606624513864517,-0.027396185323596,0.008499452844262123,0.0015591642586514354,0.015560084953904152,-0.06325677782297134,-0.03188026696443558,0.02412884682416916
-0.017158793285489082,-0.044184233993291855,0.01249480526894331,0.0762772187590599,0.05912649258971214,-0.07803788036108017,0.053379420191049576,-0.06837284564971924,0.03236309066414833,-0.039544347673654556,0.025744842365384102,-0.00024362251861020923,-0.04718639329075813,0.020497016608715057,0.008054083213210106,-0.06825345754623413,0.06018548831343651,-0.015378842130303383,0.011128596030175686,-0.0330403670668602
0.03117019683122635,0.06031126528978348,0.02807176299393177,0.06434378772974014,0.005341416224837303,-0.0014175446704030037,0.08803495764732361,-0.06078002229332924,-0.011003001593053341,-0.03138095885515213,-0.055430829524993896,-0.0518265962600708,0.012606624513864517,-0.027396185323596,0.008499452844262123,0.0015591642586514354,0.015560084953904152,-0.06325677782297134,-0.03188026696443558,0.02412884682416916
0.07105135917663574,-0.01616319827735424,0.027699913829565048,-0.05194808170199394,0.027983929961919785,0.021876946091651917,0.0915217399597168,0.047459810972213745,-0.030453452840447426,-0.06417881697416306,0.03172759339213371,0.024434762075543404,-0.06236189603805542,0.01320074312388897,0.027914954349398613,0.016993921250104904,0.0037371946964412928,0.036235883831977844,0.08065632730722427,0.06119496375322342
0.048975396901369095,0.033030916005373,-0.032538171857595444,0.07292293012142181,-0.005062204785645008,-0.1063600480556488,0.07856977730989456,0.052000951021909714,-0.02099124900996685,0.02761097066104412,-0.023878850042819977,0.08774764835834503,0.06357118487358093,0.030577965080738068,-0.040982067584991455,-0.07845113426446915,-0.06421121954917908,-0.02212025225162506,-0.04679574444890022,0.04090625420212746
0.011520911008119583,0.08084318786859512,0.016651086509227753,-0.0018333705374971032,0.012018300592899323,-0.052635397762060165,-0.030244968831539154,-0.01622718572616577,0.08739233762025833,0.049634747207164764,-0.06149110943078995,-0.017619851976633072,-0.045998234301805496,0.012922081165015697,-0.04998088255524635,0.010211206041276455,0.048752859234809875,0.05033912509679794,0.048232853412628174,0.01955399475991726
0.01853042095899582,-0.007071145344525576,0.02736583538353443,0.0604134276509285,0.040781375020742416,-0.039188310503959656,0.03347661346197128,-0.04377508908510208,-0.025973068550229073,0.06312897801399231,-0.058449577540159225,0.03165557235479355,0.0418916717171669,-0.03487313166260719,-0.05120648816227913,0.0381760336458683,-0.018032556399703026,0.013645322062075138,0.06819269061088562,0.011511466465890408
0.01853042095899582,-0.007071145344525576,0.02736583538353443,0.0604134276509285,0.040781375020742416,-0.039188310503959656,0.03347661346197128,-0.04377508908510208,-0.025973068550229073,0.06312897801399231,-0.058449577540159225,0.03165557235479355,0.0418916717171669,-0.03487313166260719,-0.05120648816227913,0.0381760336458683,-0.018032556399703026,0.013645322062075138,0.06819269061088562,0.011511466465890408
0.0015653179725632071,-0.05490189790725708,-0.007493330165743828,0.025872062891721725,0.052212316542863846,-0.001710162148810923,0.07635164260864258,0.015318972058594227,-0.05534933879971504,0.020245196297764778,0.05294010788202286,0.09391091018915176,0.0012054357212036848,0.0697895884513855,-0.014746956527233124,-0.04466516897082329,0.03195474296808243,0.07891955971717834,0.07633545994758606,-0.002436460228636861
-0.03002067469060421,0.035748034715652466,-0.031709227710962296,0.07571800798177719,-0.017064055427908897,0.03829588741064072,0.04358561336994171,-0.04210084676742554,-0.04370441287755966,-0.041732437908649445,-0.0584447979927063,-0.03991464152932167,0.044993866235017776,-0.04880160838365555,0.0036990554071962833,-0.03160228207707405,-0.07928989082574844,0.017020458355545998,0.029590951278805733,0.02999550849199295
-0.06749559193849564,0.07446880638599396,0.09073704481124878,0.01323025207966566,0.04666496813297272,0.00222999625839293,0.008782900869846344,-0.0598965622484684,0.02738320082426071,0.0582292340695858,-0.0576612688601017,4.225087468512356e-05,-0.06644470244646072,0.014185192994773388,-0.04263782873749733,0.04148172214627266,-0.08376920223236084,0.014800846576690674,-0.02199750579893589,-0.02213362790644169
-0.0534835122525692,-0.01895464025437832,0.04233090579509735,0.033447641879320145,-0.061044417321681976,0.03583771362900734,-0.0033800930250436068,0.033005569130182266,-0.039411187171936035,-0.004093498457223177,-0.015855606645345688,0.06833059340715408,0.05444392189383507,-0.0012606376549229026,-0.030712995678186417,0.012439120560884476,0.049672629684209824,0.01523177046328783,0.07680664211511612,0.042684927582740784
0.008578063920140266,-0.017200179398059845,0.02499227225780487,0.039603203535079956,0.04201542213559151,-0.05193198472261429,-0.028921864926815033,0.04695611447095871,0.035684604197740555,0.06318944692611694,0.04193941503763199,0.08380932360887527,0.01769074611365795,-0.04283812642097473,0.0010312690865248442,0.021931029856204987,-0.04694371297955513,0.05385611578822136,0.0008389909053221345,0.047956544905900955
0.015949921682476997,0.006223493255674839,0.014736541546881199,0.023314516991376877,-0.032424792647361755,-0.01811162382364273,-0.00021422968711704016,0.010644004680216312,-0.044811829924583435,-0.060791004449129105,0.0012057077838107944,-0.019643304869532585,-0.002483125776052475,0.016061436384916306,0.05591941252350807,-0.06989896297454834,-0.0019974445458501577,0.007701607421040535,0.04051691293716431,-0.011107025668025017
-0.028583701699972153,0.0009334638598375022,0.026151860132813454,0.05087221786379814,-0.00014779355842620134,-0.0891035869717598,0.06915058195590973,0.06840603053569794,-0.05696532875299454,-0.04121414199471474,-0.03749965503811836,-0.03089318983256817,-0.0008254182175733149,0.001449210220016539,-0.015296481549739838,-0.015533458441495895,0.029706481844186783,-0.04855218157172203,0.035249464213848114,0.007121637463569641
-0.028583701699972153,0.0009334638598375022,0.026151860132813454,0.05087221786379814,-0.00014779355842620134,-0.0891035869717598,0.06915058195590973,0.06840603053569794,-0.05696532875299454,-0.04121414199471474,-0.03749965503811836,-0.03089318983256817,-0.0008254182175733149,0.001449210220016539,-0.015296481549739838,-0.015533458441495895,0.029706481844186783,-0.04855218157172203,0.035249464213848114,0.007121637463569641
0.00808759406208992,0.011847932823002338,0.015031135641038418,-0.04411991685628891,0.025619447231292725,-0.04803265631198883,-0.02767830528318882,-0.0507512129843235,-0.026361607015132904,0.04686853662133217,-0.05456528067588806,0.043215394020080566,0.012482978403568268,-0.01100100763142109,0.04789045453071594,0.018619628623127937,-0.02792714536190033,-1.5512403479078785e-05,0.030894475057721138,-0.03426900506019592
-0.0398457795381546,0.029247350990772247,0.008992777206003666,0.08635634183883667,0.03995419666171074,0.00346676679328084,0.07741958647966385,0.010950888507068157,0.00556167820468545,0.07370510697364807,0.006777208764106035,0.03699944168329239,-0.03450639545917511,-0.04374504089355469,0.06884150952100754,-0.0203855000436306,-0.03550797700881958,0.02931886725127697,-0.0555579848587513,0.036805592477321625
0.0714227557182312,0.06730327010154724,0.004988010507076979,-0.047760259360075,0.0662914514541626,-0.021130448207259178,0.07555954903364182,-0.02772502228617668,0.017133859917521477,-0.05590854957699776,-0.00932303536683321,0.03727465495467186,0.04522163048386574,-0.017782488837838173,0.003974915016442537,-0.015620637685060501,0.015555807389318943,0.06052876636385918,-0.01800050027668476,-0.036969173699617386
-0.04298556596040726,0.07682458311319351,0.03226789832115173,0.035834670066833496,0.006868063472211361,0.011316139250993729,0.02818472683429718,-0.021999983116984367,0.019042428582906723,0.0024630874395370483,0.015592602081596851,0.05244556441903114,-0.060186393558979034,-0.030764758586883545,-0.027598099783062935,-0.05828346684575081,-0.056053467094898224,0.045242004096508026,0.042685143649578094,0.0525628998875618
0.013253966346383095,-0.05441458150744438,-0.03805600851774216,0.0768820121884346,-0.006711058784276247,0.031473301351070404,0.021633530035614967,-0.04722831770777702,-0.009987139143049717,0.05382842943072319,-0.023165354505181313,0.07917210459709167,0.06810705363750458,0.06391362100839615,-0.02674989588558674,0.05072697252035141,-0.0007818200974725187,0.033954739570617676,0.03311195224523544,-0.07782463729381561
0.07077036052942276,0.0437454991042614,-0.027537109330296516,0.08412475138902664,0.059652652591466904,-0.0031315861269831657,0.077922523021698,-0.051295205950737,0.049884896725416183,-0.05960504710674286,0.018701961264014244,-0.04119010269641876,0.0048125796020030975,0.0070157237350940704,-0.017125330865383148,-0.05116409808397293,0.012079611420631409,0.023199014365673065,-0.00597887160256505,-0.0689985528588295
-0.027755768969655037,-0.04555822163820267,0.020674146711826324,-0.0023424080573022366,-0.006271999329328537,-0.018976539373397827,0.010372349061071873,-0.058736152946949005,-0.008010945282876492,0.009258446283638477,-0.05316871404647827,-0.04038315638899803,0.03565699979662895,-0.0013167234137654305,-0.044788289815187454,-0.09441160410642624,-0.0049439240247011185,-0.023664187639951706,-0.013704347424209118,-0.055025823414325714
-0.05165950581431389,0.08135659247636795,0.043018363416194916,0.01704607717692852,0.0596635527908802,-0.01683507114648819,0.030941376462578773,0.039673443883657455,-0.02529101073741913,-0.023973412811756134,-0.036169033497571945,0.048062101006507874,0.021714555099606514,0.063130222260952,-0.02381281740963459,-0.021175997331738472,-0.05651175603270531,0.08161050826311111,-0.024860726669430733,-0.02128707617521286
-0.06272678822278976,0.018330387771129608,0.0464404933154583,0.014613977633416653,0.009095419198274612,-0.0858159288764,-0.04606177657842636,-0.01657136343419552,0.0572100467979908,0.06267077475786209,-0.04526222124695778,0.08464585244655609,-0.026937395334243774,0.03827456012368202,-0.007532703690230846,0.028310785070061684,-0.04081462696194649,-0.017822377383708954,-0.02112148143351078,0.02690795436501503
-0.02922956459224224,0.024649057537317276,0.03112194687128067,0.025669055059552193,-0.019414927810430527,-0.06390371918678284,0.025203542783856392,0.01221697498112917,0.023785840719938278,0.0009830076014623046,-0.0656714215874672,0.04948807507753372,-0.028080465272068977,-0.024371910840272903,-0.04681302607059479,-0.04764425382018089,-0.0011350337881594896,0.014258023351430893,-0.039484065026044846,0.05939454212784767
0.0445922315120697,-0.03713224455714226,0.03958825021982193,0.03848356753587723,0.02653137408196926,-0.1109955832362175,0.10004479438066483,0.0003299338277429342,-0.03554175794124603,-0.05890060216188431,-0.04663696140050888,-0.02473909594118595,0.0019031879492104053,0.0613575242459774,0.06525488197803497,0.03942257538437843,0.05396786704659462,0.06326189637184143,0.04505014047026634,-0.029711205512285233
0.06784700602293015,0.04194832220673561,-0.006735651288181543,0.009523329325020313,-0.04012743756175041,-0.07508966326713562,0.020089302211999893,-0.028782423585653305,0.020096050575375557,-0.05249447375535965,0.011753606610000134,0.06778251379728317,-0.05761576071381569,0.06566520035266876,0.0030310421716421843,-0.009859876707196236,-0.05137697979807854,-0.011733648367226124,-0.03855977952480316,-0.016032200306653976
0.022292325273156166,-0.03801252692937851,0.05795576423406601,0.05280821770429611,0.04536641016602516,-0.029382307082414627,0.05987193435430527,-0.06755397468805313,-0.060966480523347855,-0.0016251648776233196,-0.03479709103703499,-0.00409987336024642,-0.042065344750881195,-0.04707491397857666,0.059887658804655075,0.0468846932053566,0.03161875903606415,0.014641894027590752,-0.030227700248360634,0.0239563025534153
-0.022527895867824554,0.03039613552391529,-0.008309844881296158,0.061842046678066254,-0.07069922983646393,-0.07446185499429703,-0.011970799416303635,-0.029567359015345573,0.03422815352678299,-0.0577319972217083,0.04576868936419487,-0.04475126788020134,0.06026972085237503,-0.01273050345480442,-0.03981983661651611,-0.018276240676641464,0.03837987408041954,0.04293716326355934,-0.03975479677319527,0.0271162036806345
-0.04343435540795326,0.07059437781572342,0.01559235155582428,-0.05063091591000557,0.05563259497284889,0.01424050610512495,0.09796448796987534,-0.008935620076954365,-0.050705503672361374,-0.04038849472999573,0.04772162809967995,0.014812815003097057,-0.006374933756887913,0.042252980172634125,0.02692687138915062,-0.03351883217692375,0.058005087077617645,0.008327637799084187,0.026248717680573463,0.038864847272634506
-0.04343435540795326,0.07059437781572342,0.01559235155582428,-0.05063091591000557,0.05563259497284889,0.01424050610512495,0.09796448796987534,-0.008935620076954365,-0.050705503672361374,-0.04038849472999573,0.04772162809967995,0.014812815003097057,-0.006374933756887913,0.042252980172634125,0.02692687138915062,-0.03351883217692375,0.058005087077617645,0.008327637799084187,0.026248717680573463,0.038864847272634506
0.06837252527475357,0.0052256714552640915,0.10031575709581375,0.06591978669166565,-0.05809614434838295,-0.04655364528298378,-0.01864808425307274,-0.02394627407193184,-0.0069729723036289215,-0.019693974405527115,-0.03905780240893364,0.024871816858649254,0.05069402977824211,0.0248440932482481,0.07349452376365662,0.017537016421556473,0.03918522968888283,0.011570604518055916,-0.05709513649344444,-0.07864538580179214
0.05217168852686882,0.03980744257569313,0.04883556067943573,0.025316953659057617,0.007746723014861345,-0.050768282264471054,-0.029154347255825996,0.048483721911907196,-0.014151565730571747,0.018236689269542694,-0.057458147406578064,0.0576154924929142,-0.05521852523088455,-0.061826154589653015,-0.0566161572933197,-0.05582825094461441,0.04885090887546539,-0.017844799906015396,0.07793542742729187,-0.05900602415204048
0.00011161472502863035,-0.01918281801044941,0.012823334895074368,0.07383731752634048,-0.04153949022293091,0.00589338131248951,0.043562330305576324,0.05402371287345886,0.06245112419128418,0.014908373355865479,-0.00014701190229970962,0.0466492585837841,-0.06731315702199936,-0.012456907890737057,0.059253398329019547,-0.03311388939619064,0.02555886097252369,0.033241551369428635,0.010395349003374577,-0.06662243604660034
-0.015683136880397797,0.07767128199338913,0.045244038105010986,0.04980872943997383,-0.015894751995801926,0.00011840645311167464,0.057024192065000534,-0.02541627176105976,-0.05971432849764824,0.05025595426559448,0.05588259920477867,-0.011865874752402306,-0.06506828963756561,-0.0701293870806694,-0.044630009680986404,0.02012815698981285,0.04491657763719559,-0.0693659856915474,-0.019312016665935516,-0.04755347967147827
-0.06184845417737961,0.0697861909866333,0.036265403032302856,-0.01024796161800623,-0.05036822333931923,-0.0031814188696444035,0.06777025759220123,0.05481763184070587,0.03224126249551773,-0.009170818142592907,-0.048145513981580734,0.025966361165046692,-0.02966684103012085,-0.0054281423799693584,0.04620925709605217,-0.012551547028124332,-0.07596999406814575,0.02166423760354519,0.027701623737812042,0.057850781828165054
0.06942103803157806,-0.018910180777311325,0.08805890381336212,-0.009057998657226562,-0.06242413818836212,0.004433739930391312,0.001442943001165986,-0.02217341586947441,-0.05634019151329994,-0.05392974615097046,-0.031173348426818848,0.007224868517369032,-0.05346698686480522,-0.04577653855085373,0.009203841909766197,-0.052435778081417084,-0.017898403108119965,0.016859957948327065,-0.051447559148073196,-0.04254322871565819
0.03025016002357006,0.034242670983076096,-0.013647613115608692,-0.02792486548423767,0.012152181938290596,0.022079380229115486,-0.005871056579053402,-0.03626134991645813,-0.057142991572618484,0.011540903709828854,0.02254750020802021,-0.025204528123140335,-0.013565518893301487,0.023803923279047012,0.02313663437962532,-0.02852483093738556,0.05241470783948898,0.002169707790017128,0.06452497094869614,0.015384607948362827
0.03273845091462135,0.07025754451751709,0.006823382806032896,0.08368565887212753,-0.06822941452264786,-0.01279051136225462,0.05416988953948021,-0.0746692568063736,0.07969756424427032,0.07114914804697037,-0.07197985053062439,0.03978795185685158,-0.05921575799584389,-0.04495377838611603,-0.027634883299469948,-0.03972332924604416,0.018387125805020332,-0.030742745846509933,-0.0647425577044487,-0.0030875324737280607
-0.012533379718661308,0.08050204068422318,0.09453152120113373,0.06843258440494537,-0.06273914873600006,-0.08208766579627991,0.022615181282162666,-0.053946543484926224,0.0434793159365654,-0.0175828505307436,-0.04032636806368828,0.05865517258644104,-0.024018093943595886,0.012584736570715904,0.06929931044578552,-0.06310823559761047,-0.07590679079294205,-0.01930808089673519,0.0036550320219248533,0.0011736935703083873
0.03716854006052017,0.06881948560476303,0.07697395980358124,0.03224169835448265,-0.013741821050643921,-0.046491656452417374,0.0030395332723855972,0.02648000419139862,0.013023450039327145,-0.06792573630809784,0.01942235603928566,0.06931932270526886,-0.0740809515118599,0.07239168137311935,0.03722226247191429,0.04542558267712593,0.02287944220006466,0.05623287335038185,-0.02648145891726017,-0.013494059443473816
0.020778903737664223,-0.0326123870909214,0.07485450059175491,0.034701280295848846,-0.019786197692155838,-0.010992700234055519,0.05889216810464859,0.017872821539640427,0.019178137183189392,-0.006359693128615618,-0.032498180866241455,0.07780683785676956,-0.06441483646631241,-0.008500813506543636,-0.01578379049897194,-0.06951803714036942,-0.06728850305080414,0.022449269890785217,0.05367554724216461,-0.05488532781600952
0.05756877362728119,-0.002012498676776886,-0.014412187971174717,0.04754718020558357,0.03790039196610451,0.028887100517749786,0.07460794597864151,0.03897833451628685,-0.010366360656917095,0.027468200773000717,-0.08985111117362976,-0.037977177649736404,-0.06375306099653244,0.014615253545343876,-0.040612149983644485,-0.0906883180141449,-0.024693408980965614,-0.05485304072499275,-0.003323221579194069,-0.05425633490085602
0.06259708106517792,-0.0069087496958673,0.10907211154699326,0.07024150341749191,0.015548694878816605,0.027561405673623085,0.019901838153600693,0.013561534695327282,0.025759873911738396,-0.03439247980713844,-0.027254929766058922,0.04528730735182762,-0.056975722312927246,-0.05107343941926956,0.05605510249733925,0.012739458121359348,-0.07478116452693939,-0.019309313967823982,-0.0652041956782341,-0.006023278459906578
-0.022821277379989624,0.035784997045993805,-0.04059119150042534,0.07571382075548172,-0.050042055547237396,-0.10255391895771027,-0.009049256332218647,0.05988170951604843,-0.03339914232492447,-0.022692501544952393,-0.04967540130019188,0.08170928061008453,0.010302434675395489,-0.02368360571563244,0.038856349885463715,-0.05791183188557625,0.010575264692306519,0.04620657488703728,0.02952631562948227,-0.08091600239276886
-0.041905276477336884,0.057197023183107376,0.06371492147445679,-0.0014802950900048018,-0.06950369477272034,-0.02852294221520424,0.07867946475744247,0.0016886232187971473,0.0008538926485925913,-0.012884448282420635,-0.03815546631813049,0.054499149322509766,-0.04403216019272804,0.0054608494974672794,-0.013025672174990177,-0.05702914670109749,-0.013812219724059105,-0.04372628778219223,0.06308659166097641,0.05486999824643135
-0.041905276477336884,0.057197023183107376,0.06371492147445679,-0.0014802950900048018,-0.06950369477272034,-0.02852294221520424,0.07867946475744247,0.0016886232187971473,0.0008538926485925913,-0.012884448282420635,-0.03815546631813049,0.054499149322509766,-0.04403216019272804,0.0054608494974672794,-0.013025672174990177,-0.05702914670109749,-0.013812219724059105,-0.04372628778219223,0.06308659166097641,0.05486999824643135
-0.00628985371440649,0.014345444738864899,0.0445052869617939,0.030167607590556145,-0.03894302621483803,-0.049899205565452576,0.013962906785309315,-0.035829201340675354,0.018787454813718796,-0.027351876720786095,-0.051387518644332886,0.06745503842830658,0.03349510580301285,0.041181616485118866,0.06849326938390732,0.0200559813529253,-0.0774141401052475,0.008040817454457283,0.04505706951022148,0.05577364191412926
0.045299287885427475,0.0735437273979187,0.07902926206588745,-0.05118943750858307,-0.047926079481840134,-0.011054370552301407,0.005121888127177954,0.04648789018392563,-0.04914569482207298,-0.036571308970451355,-0.08313696086406708,0.036643706262111664,-0.06263437122106552,-0.049437422305345535,-0.04721740633249283,-0.06003181263804436,-0.03214600682258606,0.07055120915174484,0.010361489839851856,-0.07724825292825699
-0.03764581307768822,0.052021123468875885,-0.013050813227891922,0.05728127434849739,-0.06724981218576431,-0.09965858608484268,0.04630441591143608,0.0644901767373085,0.03807435557246208,0.018071187660098076,-0.02019789256155491,-0.04547771438956261,0.02518511563539505,-0.027693334966897964,0.062853142619133,-0.04249390959739685,-0.009837741032242775,0.0008502491982653737,0.06538718193769455,-0.06069985032081604
0.038388777524232864,0.02974039502441883,-0.007688529789447784,-0.04503093659877777,-0.022102613002061844,-0.054913364350795746,-0.03527572751045227,-0.07469193637371063,-0.026358459144830704,-0.018380792811512947,0.0035796514712274075,0.0806834027171135,0.01633097231388092,0.05369887873530388,0.015374679118394852,-0.0025445367209613323,-0.041738640516996384,0.034515708684921265,0.039453938603401184,0.030920278280973434
0.08209090679883957,-0.03142798691987991,0.0658579170703888,0.08044588565826416,-0.03820950165390968,-0.047782961279153824,0.09097295254468918,-0.06899136304855347,0.05788034200668335,-0.01896519586443901,-0.08614584803581238,0.030240004882216454,-0.07282927632331848,0.02985822595655918,-0.05367080494761467,0.013830624520778656,-0.02777763456106186,0.055948905646800995,0.04756445437669754,-0.0195070318877697
0.04351126030087471,0.01850820705294609,-0.0248479712754488,0.07971975952386856,0.023845471441745758,-0.0035369328688830137,-0.002095009433105588,-0.04924455285072327,-0.02258109860122204,-0.048444218933582306,-0.0002191548701375723,-0.01168497558683157,0.07282030582427979,-0.0307915061712265,0.06459778547286987,0.0027291253209114075,-0.020218057557940483,0.08290024846792221,0.00064858328551054,0.05096741020679474
-0.010735682211816311,0.058387693017721176,-0.0013459974434226751,0.06153152883052826,0.06619624048471451,-0.019464539363980293,0.0849391296505928,-0.05780480429530144,-0.05443880334496498,0.0094190314412117,-0.03745541349053383,0.04509809613227844,0.030626196414232254,0.016075652092695236,-0.029325686395168304,0.04311783239245415,-0.0002283444773638621,0.015499303117394447,0.07528724521398544,0.036718592047691345
0.06115279346704483,0.06866450607776642,0.09269097447395325,-6.867993215564638e-05,0.012873949483036995,0.019271990284323692,0.07591724395751953,0.01891709677875042,-0.04744124785065651,0.023972125723958015,0.02250353991985321,0.09497743099927902,0.0627555251121521,0.024256234988570213,0.04668553173542023,-0.06524541229009628,-0.04144462198019028,-0.02254965901374817,0.027268866077065468,-0.03548344969749451
0.07167506963014603,0.013704887591302395,-0.03794388845562935,0.017385799437761307,-0.020505011081695557,-0.05125707387924194,-0.007086737081408501,-0.05163015052676201,0.06390996277332306,-0.0450371615588665,-0.04827828332781792,-0.006301876623183489,-0.021256210282444954,0.004701185505837202,-0.020145583897829056,-0.03848689794540405,0.03347480669617653,-0.009598425589501858,-0.015320822596549988,0.000824431364890188
0.07458585500717163,-0.010773137211799622,0.10799761116504669,0.02381315641105175,-0.07083326578140259,-0.033794257789850235,0.08539556711912155,-0.05780162662267685,0.07273499667644501,0.044392991811037064,0.0038978424854576588,0.09233497828245163,0.06611683964729309,-0.028934502974152565,-0.001150199444964528,-0.08857408165931702,0.011316850781440735,-0.02163136936724186,0.07270024716854095,-0.05914461612701416
0.00999216828495264,0.08804378658533096,0.0401504822075367,0.09242556989192963,0.046263813972473145,-0.08386243879795074,0.0915662944316864,0.01817874051630497,-0.04048221930861473,-0.00999516062438488,-0.07196418195962906,0.05758504569530487,0.00813490990549326,0.034093935042619705,0.0639256164431572,-0.01503517385572195,-0.04036770388484001,0.02173531986773014,0.057308319956064224,0.05483226478099823
0.04939490929245949,0.07526133954524994,-0.0030486348550766706,0.07595600932836533,0.0647418349981308,0.008373338729143143,0.061659183353185654,-0.06315737962722778,0.04181842878460884,0.06978584080934525,0.020224139094352722,0.09198020398616791,-0.010015207342803478,-0.05711448937654495,-0.04658056050539017,-0.06433669477701187,0.027128402143716812,0.01902429573237896,-0.049344174563884735,0.05472855642437935
0.02477136068046093,0.06398581713438034,0.008063873276114464,-0.019581781700253487,-0.025342874228954315,0.03355466201901436,0.023241115733981133,-0.07239921391010284,0.05057881027460098,-0.0707419291138649,0.03567691519856453,0.05214850977063179,-0.042547211050987244,0.013483988121151924,-0.05019586533308029,-0.043493811041116714,0.04718618094921112,0.05631081759929657,0.06985436379909515,0.001831545028835535
0.02618483453989029,0.0689709410071373,-0.027038848027586937,0.08026782423257828,-0.04262116923928261,-0.09178195893764496,-0.03886514529585838,0.020723288878798485,0.02777537703514099,-0.024775994941592216,-0.003809490706771612,-0.04407735913991928,-0.04499540477991104,0.03168658912181854,-0.0029438063502311707,-0.0759648010134697,-0.023424582555890083,0.014794104732573032,0.06027841940522194,-0.06500053405761719
-0.016669953241944313,0.012907720170915127,-0.03851127624511719,0.05872839316725731,-0.026490984484553337,0.036947570741176605,0.021733354777097702,-0.06468559801578522,-0.061991818249225616,0.048930853605270386,0.0043440391309559345,0.05857616290450096,-0.021845178678631783,0.0660691037774086,-0.03359014168381691,-0.07595958560705185,-0.037581443786621094,-0.024314571171998978,0.012342075817286968,-0.0439765527844429
0.026827393099665642,0.05955459177494049,0.01823185384273529,0.06309223175048828,0.03662461042404175,-0.03737666830420494,0.07019536942243576,0.02688858099281788,0.01251274161040783,-0.03375398740172386,-0.0821915864944458,0.01919586956501007,0.059389568865299225,0.010044324211776257,0.01294488925486803,0.03396810218691826,0.035400390625,-0.0025957501493394375,-0.02130894549190998,-0.050551608204841614
-0.06280099600553513,0.05173845589160919,0.007417152635753155,0.003014082321897149,0.0025277866516262293,-0.05962030217051506,0.04538976028561592,-0.020783523097634315,0.01776021532714367,0.07250605523586273,0.038315873593091965,-0.040324799716472626,-0.03552626445889473,-0.06437657028436661,0.06746561080217361,-0.03626905009150505,-0.05548419803380966,0.007856250740587711,0.04329727217555046,-0.07223910838365555
0.0307273231446743,0.07616230845451355,0.003008491825312376,-0.03582949936389923,-0.015042314305901527,-0.0674358531832695,0.08475250005722046,0.04645689204335213,-0.014934005215764046,0.013316390104591846,0.04089318588376045,-0.030635269358754158,-0.02464117482304573,0.0010203358251601458,-0.03921187296509743,0.004481428302824497,-0.06654442846775055,0.0685054361820221,-0.06107519939541817,-0.06148334965109825
-0.0296124629676342,0.025752875953912735,-0.012949525378644466,0.05386708304286003,0.054263725876808167,-0.06675150245428085,0.04867956042289734,0.05431075394153595,0.031076956540346146,0.06609484553337097,-0.07763246446847916,0.07985521852970123,-0.07312532514333725,0.01625947095453739,-0.0035620073322206736,-0.02188013307750225,-0.06316211074590683,0.0634763240814209,0.012348679825663567,-0.018351515755057335
0.0003042076132260263,-0.03924880921840668,0.09002618491649628,0.05940953269600868,0.06296253204345703,0.025144284591078758,0.01201099157333374,0.01932104490697384,0.04412885755300522,-0.05604953691363335,0.03527368977665901,0.08499973267316818,-0.04461077228188515,0.01268088724464178,0.07056475430727005,-0.03144313395023346,-0.06989206373691559,0.011194728314876556,0.01780216582119465,-0.06744804233312607
0.06654251366853714,-0.05342334136366844,0.08669725060462952,0.0375942662358284,0.060201555490493774,-0.03980068117380142,0.06482094526290894,-0.056453172117471695,0.05109373480081558,-0.023354804143309593,-0.03454713523387909,-0.038076046854257584,-0.029793061316013336,0.0750957578420639,0.008476325310766697,0.017730627208948135,-0.08333103358745575,0.04650486260652542,-0.05794240161776543,0.05308886989951134
0.03672173619270325,0.005505010019987822,0.047792475670576096,0.05628490075469017,-0.05330660194158554,-0.07708010077476501,0.026688266545534134,0.0014744697837159038,0.05581066012382507,0.06694019585847855,-0.018421974033117294,0.07548625767230988,-0.03598463907837868,-0.019673606380820274,-0.008276996202766895,0.05112222582101822,0.02861100621521473,0.0364290252327919,-0.05307046324014664,-0.06266549974679947
0.01296746451407671,0.0472082644701004,0.04323059692978859,0.08605662733316422,-0.03710789233446121,-0.0347432978451252,0.0029031827580183744,0.0011974623193964362,-0.06628259271383286,-0.062471721321344376,0.02207992598414421,-0.007497808896005154,-0.04732532054185867,-0.025875568389892578,0.03676361218094826,-0.03571552038192749,0.05277887359261513,0.048105061054229736,-0.009057950228452682,0.05066980794072151
0.05538993701338768,0.05913528800010681,0.059307027608156204,0.0033805188722908497,-0.07137957960367203,-0.08440165966749191,0.06936652958393097,-0.007482844404876232,-0.02345125935971737,0.046230703592300415,-0.06839749962091446,-0.0012344017159193754,-0.05903239548206329,-0.00367210921831429,0.0439421683549881,0.022579291835427284,-0.016758551821112633,0.07726725935935974,0.0020838119089603424,-0.004931413568556309
-0.0579242967069149,0.07725732028484344,-0.00401401799172163,-0.022568222135305405,-0.037660326808691025,-0.09822309017181396,0.07598211616277695,-0.0632038414478302,0.07774236798286438,0.013699162751436234,-0.07958370447158813,-0.017958465963602066,0.03639106824994087,0.05821659415960312,-0.005349291022866964,-0.06656091660261154,-0.013835812918841839,0.047468025237321854,0.018072577193379402,-0.0637689083814621
0.06420980393886566,0.07992421835660934,0.012312592007219791,0.004524868447333574,-0.04809461906552315,-0.022377025336027145,0.03141961991786957,-0.022225571796298027,-0.04614699259400368,-0.018832936882972717,0.013792444951832294,0.05496974661946297,0.04064483568072319,0.04915369674563408,-0.011726670898497105,-0.012026423588395119,0.007009781431406736,0.010283376090228558,0.07343942672014236,0.05472389981150627
0.03143347054719925,0.07067729532718658,0.05841321125626564,0.07434383779764175,0.043768368661403656,-0.0775265023112297,0.043323129415512085,0.02545163780450821,0.034582845866680145,-0.0556904561817646,-0.06571836024522781,-0.0035956199280917645,0.050027552992105484,-0.025768889114260674,0.006525845732539892,0.0061930762603878975,0.05175706371665001,-0.06048334762454033,0.06526421755552292,-0.0007475343882106245
0.03143347054719925,0.07067729532718658,0.05841321125626564,0.07434383779764175,0.043768368661403656,-0.0775265023112297,0.043323129415512085,0.02545163780450821,0.034582845866680145,-0.0556904561817646,-0.06571836024522781,-0.0035956199280917645,0.050027552992105484,-0.025768889114260674,0.006525845732539892,0.0061930762603878975,0.05175706371665001,-0.06048334762454033,0.06526421755552292,-0.0007475343882106245
-0.012228978797793388,0.00522180600091815,-0.009487410075962543,0.05830077454447746,-0.07184012979269028,0.03675489127635956,0.0728599801659584,-0.06582126766443253,-0.028104199096560478,-0.024989841505885124,-0.026310285553336143,0.03156926855444908,-0.01618262380361557,0.00951734371483326,-0.04140215367078781,-0.07335077226161957,-0.06511442363262177,0.0009200286003760993,-0.05442338064312935,0.016333559527993202
0.06717652082443237,0.05636334419250488,0.01956074871122837,0.07539605349302292,0.005108597222715616,-0.10256923735141754,0.0668330192565918,-0.0738011822104454,0.046604644507169724,-0.02767571061849594,0.04422392696142197,0.0023978424724191427,-0.047620270401239395,0.06398072093725204,-0.02416827157139778,-0.08302856236696243,0.05201344937086105,0.008243811316788197,0.046527232974767685,-0.028688861057162285
0.0828729122877121,0.06144547462463379,-0.010377910919487476,-0.027305973693728447,0.07439426332712173,-0.05906350910663605,0.037187669426202774,-0.056112512946128845,-0.011704586446285248,0.0070359488017857075,-0.054203227162361145,0.020432917401194572,0.017974242568016052,9.978532762033865e-05,0.009818167425692081,0.0334739089012146,-0.08080770820379257,-0.0341501459479332,-0.045349448919296265,0.02864980697631836
0.0068909102119505405,-0.007322657387703657,0.08035597205162048,-0.044217903167009354,-0.029135383665561676,-0.05579636991024017,0.05591197311878204,-0.009339585900306702,-0.017619799822568893,0.02067495323717594,0.0436054989695549,0.08735661208629608,0.007048158906400204,0.014159073121845722,-0.05798635631799698,0.01211506687104702,-0.06713111698627472,-0.01128827128559351,0.062086086720228195,-0.02075772173702717
-0.010932683013379574,-0.030733775347471237,0.0890757367014885,-0.004183551296591759,-0.065482497215271,-0.026327025145292282,0.031363777816295624,0.020376374945044518,-0.04144711792469025,-0.011923662386834621,-0.027265438809990883,0.043193280696868896,0.013214925304055214,0.04641149193048477,0.07057955861091614,-0.03330577537417412,-0.045628853142261505,-0.051726073026657104,-0.020755885168910027,0.013341649435460567
-0.03868831321597099,0.06996435672044754,0.07494010776281357,-0.01901000738143921,-0.0444837249815464,0.008913968689739704,0.06430436670780182,0.010001168586313725,0.06727605313062668,-0.02620333805680275,0.0075521403923630714,-0.04044884070754051,-0.059685446321964264,-0.007662184536457062,-0.01152792852371931,0.03128202632069588,0.025982674211263657,0.05648580193519592,0.07631644606590271,-0.06883811950683594
0.02628292143344879,0.029885107651352882,0.024414120241999626,-0.0376712866127491,0.014053617604076862,-0.07706097513437271,0.10146667808294296,-0.0030646768864244223,0.011372345499694347,0.0532144270837307,0.043497730046510696,0.07506665587425232,0.04409487172961235,0.039538051933050156,0.06872577220201492,0.02937822788953781,-0.03767072409391403,-0.002983102109283209,0.07704080641269684,0.04238582402467728
-0.018529973924160004,-0.03431582823395729,-0.00634392723441124,-0.03073989786207676,-0.06357953697443008,-0.04636867716908455,0.0757031962275505,0.004862252622842789,0.04209272190928459,-0.01559462584555149,-0.01702057383954525,-0.005697970278561115,0.027427151799201965,-0.03528612479567528,-0.023507289588451385,-0.07702044397592545,0.00915880873799324,0.014467626810073853,-0.010809201747179031,-0.0652124285697937
-0.0002773191954474896,0.0007617208757437766,-0.00804600678384304,0.012925667688250542,0.05305122211575508,-0.05669676885008812,0.02230110764503479,-0.047586169093847275,0.05832787975668907,-0.07368777692317963,-0.008613670244812965,-0.05335038900375366,-0.05933791399002075,0.050598856061697006,-0.0046842158772051334,0.016133755445480347,-0.003702636808156967,-0.023968098685145378,-0.05401032418012619,0.026573969051241875
-0.019040340557694435,0.001156877726316452,-0.02698993682861328,-0.011259096674621105,0.04105912521481514,0.01525020506232977,0.05716687813401222,-0.05698074400424957,0.07576272636651993,0.05373399332165718,-0.02166728861629963,0.07711731642484665,0.0076323263347148895,0.05182782560586929,0.012185735628008842,-0.03364807367324829,0.01955537684261799,0.007648468017578125,0.04305918887257576,-0.006750608794391155
-0.05884165316820145,0.010665294714272022,0.03072311356663704,0.031945955008268356,-0.06534623354673386,-0.01562526822090149,0.04207305610179901,-0.037463512271642685,0.05952857434749603,0.008278465829789639,0.009727220982313156,0.013024180196225643,0.03060496412217617,-0.04071688652038574,0.012790354900062084,-0.036837417632341385,-0.0097142169252038,-0.002337810816243291,0.007108096498996019,0.015893790870904922
0.05270883068442345,-0.037490494549274445,0.018118111416697502,-0.027765432372689247,-0.06661015748977661,-0.025629522278904915,-0.020605796948075294,-0.02756180614233017,-0.058326371014118195,-0.028170952573418617,-0.06273674219846725,0.005350910592824221,0.02150297537446022,0.043751683086156845,0.05168339982628822,0.00014154636301100254,-0.06800398230552673,-0.003018406219780445,-0.060821108520030975,-0.03141264617443085
0.006338076200336218,0.04631611332297325,0.029777273535728455,-0.02324523590505123,0.03733952343463898,-0.01621486432850361,-0.029521092772483826,-0.02876313589513302,0.05849060043692589,0.008554129861295223,-0.06560017168521881,-0.02739907056093216,-0.046781476587057114,-0.04594796895980835,0.012430423870682716,0.018321335315704346,-0.07781080901622772,-0.039912838488817215,-0.007775608915835619,0.022474998608231544
-0.040083855390548706,0.07549484819173813,0.0001946599513757974,-0.025733206421136856,-0.012736314907670021,-0.016722071915864944,0.0372680239379406,0.0068827741779387,0.029794704169034958,-0.03760871663689613,0.010257958434522152,0.05569752678275108,-0.001031265128403902,0.0631859228014946,0.06506801396608353,-0.004230584483593702,-0.0433078296482563,-0.03680767863988876,-0.001397463376633823,-0.03832146152853966
-0.040083855390548706,0.07549484819173813,0.0001946599513757974,-0.025733206421136856,-0.012736314907670021,-0.016722071915864944,0.0372680239379406,0.0068827741779387,0.029794704169034958,-0.03760871663689613,0.010257958434522152,0.05569752678275108,-0.001031265128403902,0.0631859228014946,0.06506801396608353,-0.004230584483593702,-0.0433078296482563,-0.03680767863988876,-0.001397463376633823,-0.03832146152853966
0.08173462748527527,0.07288800179958344,-0.021698711439967155,0.07672224938869476,0.028375450521707535,0.022271106019616127,0.07858195155858994,-0.02064455859363079,0.03329324722290039,-0.0003053151012863964,0.03602343052625656,0.060546983033418655,-0.0689491331577301,0.04656563326716423,-0.007239921949803829,0.002497621113434434,0.023702122271060944,0.019304007291793823,-0.015978777781128883,0.007618286181241274
-0.04971281439065933,0.01751503348350525,0.08434281498193741,0.07574015855789185,0.0414309985935688,-0.0714060440659523,0.06807255744934082,-0.0735197365283966,0.06469441205263138,-0.009136858396232128,-0.03692714497447014,0.001469273236580193,-0.022802425548434258,-0.047201137989759445,-0.0223996639251709,0.01160141360014677,-0.048500239849090576,-0.004969534929841757,0.049633096903562546,-0.008604749105870724
0.04789115861058235,0.028077848255634308,0.08898074179887772,0.015114322304725647,-0.06341925263404846,-0.03224716708064079,-0.020345108583569527,-0.036504603922367096,-0.04543285071849823,-0.04366958886384964,-0.021156808361411095,-0.04109593480825424,0.034596364945173264,0.07068540900945663,-0.05038674548268318,-0.008777354843914509,-0.03946871683001518,-0.029362428933382034,0.05507899448275566,-0.03545856848359108
-0.003785292385146022,0.04546940326690674,0.10006716847419739,0.0580037422478199,-0.016046760603785515,0.014987367205321789,0.05779695883393288,-0.024752521887421608,-0.01198316179215908,0.029325058683753014,0.0006651745061390102,0.0407419316470623,-0.05426153540611267,0.023340264335274696,0.01077958568930626,0.02145368419587612,0.03660270571708679,0.05054710805416107,0.07694296538829803,0.02574101835489273
0.07216083258390427,-0.012697143480181694,0.07445202767848969,0.08148027211427689,-0.02746920846402645,-0.06102004274725914,0.07808317244052887,-0.012858028523623943,-0.03126382827758789,0.05388421565294266,-0.0169978030025959,-0.0017307641683146358,-0.03414030745625496,0.01523424219340086,0.05795859172940254,0.010540342889726162,-0.08391637355089188,-0.04831269755959511,0.0584229938685894,-0.023725800216197968
-0.006885224021971226,0.04436565935611725,0.09265651553869247,0.057125650346279144,0.03204265236854553,-0.08671979606151581,0.015608013607561588,0.017107417806982994,0.07273446768522263,-0.021981660276651382,-0.015172977931797504,0.08929590880870819,-0.03222734481096268,-0.047567903995513916,0.07864334434270859,-0.04977903887629509,-0.01895637810230255,-0.045479755848646164,-0.058195363730192184,-0.07155963033437729
0.061255596578121185,-0.04250764846801758,0.10360833257436752,-0.025034751743078232,-0.04247553274035454,-0.026933105662465096,0.08762814849615097,-0.029461858794093132,-0.015733245760202408,-0.004352620802819729,-0.02522231824696064,0.009299113415181637,0.02799588441848755,0.019651243463158607,-0.024938343092799187,-0.05107244476675987,-0.0032172014471143484,0.010884628631174564,0.030454019084572792,-0.04991406947374344
-0.034824762493371964,0.08209296315908432,0.10416381806135178,0.001743681263178587,0.019914157688617706,0.042319394648075104,0.07252415269613266,-0.019431881606578827,-0.03973877429962158,-0.04300092160701752,-0.039647094905376434,0.04096295312047005,-0.03084593079984188,-0.006263115908950567,0.040762946009635925,-0.08714011311531067,-0.07442636787891388,0.06659455597400665,-0.005734784994274378,0.021495336666703224
-0.01327590737491846,0.05346149951219559,-0.026274172589182854,0.0016197587829083204,-0.05538148432970047,0.0015093241818249226,0.08213497698307037,0.03264206275343895,-0.019006237387657166,0.039338067173957825,-0.055557768791913986,-0.00751772103831172,-0.023507239297032356,0.005952139385044575,-0.03862812742590904,-0.034972529858350754,0.023279355838894844,0.05847339704632759,-0.01876419223845005,0.06214459240436554
0.07910977303981781,-0.022613996639847755,0.08638954162597656,0.0590721033513546,0.04791928082704544,-0.0502643920481205,0.034549321979284286,0.04843275249004364,0.0597023107111454,-0.06488107889890671,0.03855474293231964,0.06831807643175125,-0.02410862222313881,0.042055100202560425,-0.011951610445976257,-0.009116015397012234,0.020759591832756996,0.04667103290557861,0.0656372606754303,-0.004590407479554415
0.08104558289051056,-0.025706086307764053,0.0768827423453331,0.07202392816543579,0.016904359683394432,-0.035872165113687515,-0.022739727050065994,-0.040798380970954895,0.040449269115924835,-0.05149541422724724,0.012308653444051743,-0.008924303576350212,0.04731663316488266,0.0681828185915947,-0.06399224698543549,-0.07800845801830292,-0.0037361732684075832,0.05938265845179558,0.024777879938483238,0.026062345132231712
0.031383074820041656,0.04240413382649422,-0.02707340195775032,0.041491732001304626,-0.02041940949857235,-0.0099524250254035,0.06666283309459686,-0.02028857171535492,-0.012154139578342438,0.06879165768623352,-0.07662928104400635,0.048081107437610626,-0.06256728619337082,-0.016559941694140434,-0.07223504781723022,-0.07023859769105911,0.006154065020382404,-0.03105214424431324,-0.048847686499357224,-0.0669693648815155
0.021119026467204094,0.019160374999046326,0.016542380675673485,0.05996202677488327,-0.03076535277068615,-0.06025416776537895,0.021981140598654747,0.04113105684518814,0.010461503639817238,0.021933088079094887,-0.07747866213321686,0.060357626527547836,0.03784811869263649,-0.0018059031572192907,0.06129951402544975,0.03125438839197159,0.0017826410476118326,-0.03714127838611603,0.061070237308740616,-0.058295730501413345
0.021119026467204094,0.019160374999046326,0.016542380675673485,0.05996202677488327,-0.03076535277068615,-0.06025416776537895,0.021981140598654747,0.04113105684518814,0.010461503639817238,0.021933088079094887,-0.07747866213321686,0.060357626527547836,0.03784811869263649,-0.0018059031572192907,0.06129951402544975,0.03125438839197159,0.0017826410476118326,-0.03714127838611603,0.061070237308740616,-0.058295730501413345
0.021119026467204094,0.019160374999046326,0.016542380675673485,0.05996202677488327,-0.03076535277068615,-0.06025416776537895,0.021981140598654747,0.04113105684518814,0.010461503639817238,0.021933088079094887,-0.07747866213321686,0.060357626527547836,0.03784811869263649,-0.0018059031572192907,0.06129951402544975,0.03125438839197159,0.0017826410476118326,-0.03714127838611603,0.061070237308740616,-0.058295730501413345
0.021119026467204094,0.019160374999046326,0.016542380675673485,0.05996202677488327,-0.03076535277068615,-0.06025416776537895,0.021981140598654747,0.04113105684518814,0.010461503639817238,0.021933088079094887,-0.07747866213321686,0.060357626527547836,0.03784811869263649,-0.0018059031572192907,0.06129951402544975,0.03125438839197159,0.0017826410476118326,-0.03714127838611603,0.061070237308740616,-0.058295730501413345
-0.016573185101151466,0.03194452077150345,0.07666106522083282,0.018809594213962555,-0.030138792470097542,-0.02154405415058136,0.012380402535200119,-0.02479628287255764,0.04045481234788895,0.06121373549103737,-0.07365260273218155,0.02935842238366604,-0.03330199420452118,-0.030485142022371292,-0.0004919892526231706,-0.07490287721157074,-0.04364624246954918,0.02098715864121914,-0.00833440013229847,0.006246495991945267
-0.059294916689395905,0.06275954097509384,0.061213426291942596,0.029217008501291275,0.06667274981737137,-0.0483994260430336,-0.035231877118349075,0.006904643028974533,0.020182257518172264,0.040142275393009186,-0.004606242291629314,-0.04383315518498421,0.02230948396027088,-0.00870062317699194,0.03155876696109772,-0.07073304802179337,-0.001736096222884953,-0.03070015273988247,-0.005775259807705879,-0.0030710441060364246
-0.008433719165623188,-0.04436466470360756,0.0669543668627739,0.013637331314384937,0.004419063217937946,-0.05924215540289879,0.04077887907624245,-0.05768544599413872,0.069427989423275,0.012766644358634949,0.01395764946937561,0.07755477726459503,0.05006597936153412,-0.03744393587112427,-0.04575789347290993,0.0294866394251585,-0.04516071081161499,0.07536384463310242,0.010874604806303978,0.02101089060306549
-0.008433719165623188,-0.04436466470360756,0.0669543668627739,0.013637331314384937,0.004419063217937946,-0.05924215540289879,0.04077887907624245,-0.05768544599413872,0.069427989423275,0.012766644358634949,0.01395764946937561,0.07755477726459503,0.05006597936153412,-0.03744393587112427,-0.04575789347290993,0.0294866394251585,-0.04516071081161499,0.07536384463310242,0.010874604806303978,0.02101089060306549
0.0685468539595604,-0.02412688359618187,-0.02819150499999523,0.06182170286774635,0.06044419854879379,-0.05261337757110596,0.024166442453861237,0.019817622378468513,0.04331693798303604,0.020364858210086823,-0.013837207108736038,0.016430767253041267,-0.060029640793800354,-0.02458164468407631,0.05898750200867653,0.024779848754405975,0.05493800342082977,0.03687811642885208,0.06477605551481247,0.04288852587342262
-0.03881733864545822,0.0261200163513422,0.056861910969018936,0.029614411294460297,-0.028058364987373352,0.024566195905208588,0.10663291066884995,-0.08305191993713379,0.02068173885345459,0.034321412444114685,-0.04491809010505676,-0.02973618544638157,0.017581762745976448,0.028488323092460632,-0.032010629773139954,0.009447529911994934,0.005785329267382622,-0.04976320639252663,0.00518768560141325,-0.08383364230394363
-0.03881733864545822,0.0261200163513422,0.056861910969018936,0.029614411294460297,-0.028058364987373352,0.024566195905208588,0.10663291066884995,-0.08305191993713379,0.02068173885345459,0.034321412444114685,-0.04491809010505676,-0.02973618544638157,0.017581762745976448,0.028488323092460632,-0.032010629773139954,0.009447529911994934,0.005785329267382622,-0.04976320639252663,0.00518768560141325,-0.08383364230394363
0.016373302787542343,0.006556915119290352,0.11179803311824799,-0.020924896001815796,0.031158708035945892,-0.059403080493211746,0.0435827411711216,-0.022703271359205246,0.07034243643283844,-0.030027922242879868,0.02177780121564865,0.04664500057697296,-0.05246180295944214,0.03618476912379265,0.020922744646668434,0.007144758477807045,-0.07299865782260895,0.03162480890750885,-0.049267612397670746,-0.03366168588399887
-0.015133118256926537,-0.005615380126982927,0.003256842726841569,-0.052150171250104904,0.014355337247252464,-0.07286650687456131,-0.02900237962603569,0.01183385495096445,0.013278936967253685,-0.044828541576862335,0.007249867077916861,-0.02554066851735115,-0.02141997218132019,-0.0069502489641308784,-0.028410853818058968,-0.008696741424500942,0.056157223880290985,-0.04527297243475914,0.06856345385313034,0.016760021448135376
-0.03898640722036362,-0.04196447879076004,0.04625411704182625,0.011859774589538574,0.007125072181224823,0.015495755709707737,-0.028256043791770935,-0.0460108183324337,0.058232761919498444,0.051173802465200424,-0.06999802589416504,-0.03311289846897125,-0.02869410626590252,0.013922995887696743,0.02507762238383293,0.014276599511504173,0.03160625696182251,-0.04810816049575806,0.028565073385834694,0.02091631107032299
0.022853851318359375,-0.010488489642739296,0.09924514591693878,0.031499240547418594,-0.02205391228199005,-0.05183528736233711,0.0046011582016944885,-0.06439341604709625,-0.02269013412296772,-0.014853155240416527,-0.006717972923070192,0.05171482637524605,-0.0004362868203315884,0.0646386593580246,-0.012096011079847813,-0.08305616676807404,0.04000423103570938,0.04672415181994438,-0.0029928877484053373,-0.08461383730173111
-0.04262669011950493,-0.05362429842352867,0.0697895810008049,-0.03591001033782959,0.022463543340563774,0.026922117918729782,-0.03548451513051987,-0.07554991543292999,0.012921859510242939,0.013898983597755432,0.031534723937511444,0.09302389621734619,-0.06927300989627838,0.01568114385008812,0.06093919649720192,-0.051550980657339096,-0.026529498398303986,-0.040773775428533554,0.06116325408220291,0.03079668991267681
0.00935150496661663,0.06724230200052261,4.3172283767489716e-05,0.003055411856621504,0.03762315213680267,-0.047345153987407684,-0.008657179772853851,0.05643114820122719,0.05032530054450035,-0.02097385935485363,-0.03026639297604561,0.04070466756820679,0.03935961797833443,-0.059419114142656326,-0.05183332785964012,0.009003980085253716,-0.08124426752328873,0.051330335438251495,0.018796199932694435,-0.008106118068099022
0.05381012335419655,0.02927475795149803,0.03175917640328407,-0.024276182055473328,0.05528595671057701,-0.015938788652420044,0.0016073149163275957,-0.06645093858242035,-0.011023175902664661,0.05637096241116524,-0.03599363937973976,-0.005940682254731655,0.07601290196180344,-0.012603051029145718,0.06474999338388443,-0.07077039033174515,0.05322103574872017,-0.03593950718641281,-0.05223829671740532,-0.010507549159228802
0.059851933270692825,0.010098300874233246,0.03197856619954109,-0.00824007485061884,0.06360156834125519,0.028297031298279762,0.10218732059001923,0.01193280890583992,0.06770585477352142,-0.04644737392663956,-0.011310623958706856,-0.03549381345510483,0.012872455641627312,-0.06087846681475639,0.03230166807770729,-0.01747698150575161,-0.03200211375951767,-0.06846950948238373,-0.020351577550172806,0.03990858793258667
0.06885895878076553,-0.006819463800638914,0.06996548920869827,0.07172861695289612,0.062405116856098175,0.02861853502690792,0.04286648705601692,-0.06328418850898743,-0.035397108644247055,-0.06192529946565628,-0.05406925827264786,0.08647537976503372,0.07148771733045578,-0.00387070351280272,0.07014530152082443,-0.07927441596984863,-0.07347588986158371,-0.005343365482985973,0.014765608124434948,-0.03861457481980324
0.04244646430015564,-0.022449050098657608,0.08986259251832962,0.03949163854122162,-0.05313510447740555,-0.06549250334501266,-0.016280103474855423,0.050921592861413956,-0.02594662271440029,0.01802346669137478,-0.041318587958812714,0.08116596937179565,-0.021185632795095444,-0.0011755138402804732,0.006537967827171087,-0.047360923141241074,0.047021448612213135,0.002810268895700574,-0.004611371550709009,-0.035943251103162766
-0.006218869239091873,-0.049505606293678284,-0.01486501656472683,0.06895123422145844,0.028328636661171913,-0.006344953086227179,0.05426822602748871,0.008818015456199646,0.05103233829140663,0.007270768750458956,0.0056487563997507095,0.020707868039608,0.0440031997859478,0.03080238774418831,0.031317953020334244,-0.05218621715903282,-0.07066403329372406,0.0413438156247139,-0.06355602294206619,0.041760917752981186
-0.04278178513050079,0.04084967449307442,0.09149687737226486,-0.025145666673779488,-0.0553295724093914,-0.04647889733314514,0.06590926647186279,-0.05866200104355812,-0.002232768340036273,-0.05419138818979263,-0.06658869236707687,0.007991377264261246,0.049259915947914124,-0.03774658963084221,0.06162088364362717,0.01007157377898693,-0.05731481313705444,0.02504933997988701,-0.022505154833197594,-0.00595180643722415
0.008267168886959553,0.03044072538614273,0.01520582940429449,-0.04495270177721977,-0.009238013066351414,-0.054592907428741455,0.05321669206023216,-0.07305336743593216,0.01009974256157875,-0.02679445594549179,-0.05933425948023796,-0.03593432903289795,0.021128667518496513,-0.0498146116733551,-0.04864885285496712,-0.028314759954810143,-0.0837874636054039,-0.008789637126028538,0.050650112330913544,-0.031633369624614716
0.03426981717348099,-0.035261545330286026,-0.004959445912390947,-0.014387181028723717,-0.008244612254202366,-0.047146618366241455,0.08201663941144943,0.0005495038931258023,0.014658686704933643,-0.06314001977443695,-0.07654570043087006,0.06395623087882996,-0.0372544601559639,-0.029160311445593834,0.07649342715740204,-0.016073506325483322,0.00929354876279831,-0.01593221351504326,0.0676967054605484,0.036335721611976624
-0.02327321283519268,0.021374711766839027,0.033786237239837646,-0.040672771632671356,0.0628684014081955,-0.027834950014948845,-0.03454720601439476,-0.0317041352391243,-0.035458676517009735,-0.04827127233147621,-0.018732042983174324,0.06558641791343689,-0.049651969224214554,0.010278717614710331,-0.02040005475282669,-0.02823784202337265,0.04659589007496834,0.06867869943380356,-0.030913429334759712,0.028175197541713715
-0.0319141186773777,0.0066389050334692,-0.022377468645572662,-0.04194740951061249,-0.028239557519555092,0.02590513601899147,0.0937904566526413,0.0488111712038517,0.06615746021270752,-0.03700549528002739,-0.026352595537900925,-0.028378885239362717,0.0018206132808700204,-0.043795570731163025,0.0034271753393113613,-0.007110238540917635,-0.034922800958156586,-0.054454632103443146,0.03860152140259743,-0.07287467271089554
0.015373720787465572,-0.03545765206217766,0.04871426895260811,0.06060413643717766,-0.05100720748305321,-0.03899130970239639,0.046496838331222534,-0.0570995956659317,0.038542941212654114,-0.023836832493543625,-0.07979697734117508,-0.029238596558570862,0.004243810195475817,0.037175584584474564,0.003862701589241624,-0.07020893692970276,-0.06686136871576309,0.007945536635816097,0.0759444534778595,-0.07495225965976715
0.04605555906891823,-0.007210619747638702,-0.024180544540286064,0.00946145411580801,-0.06888822466135025,0.02065841108560562,-0.02721528336405754,0.019837364554405212,0.010541314259171486,-0.03910112753510475,-0.03477344289422035,0.024591682478785515,-0.04227909818291664,0.04648621380329132,0.05474022030830383,0.034595053642988205,0.021524354815483093,-0.03542277589440346,0.022792218253016472,-0.002965313848108053
-0.02422422356903553,-0.02238665707409382,0.04012896493077278,-0.01372462883591652,0.037086501717567444,-0.027199499309062958,0.0322975218296051,-0.06109156087040901,0.029328588396310806,0.031723685562610626,-0.07811598479747772,-0.04956122860312462,-0.022637397050857544,0.0033243426587432623,0.03259480744600296,-0.024336431175470352,-0.007798365782946348,-0.014561868272721767,0.06502411514520645,-0.01935863494873047
-0.04639789089560509,-0.04254510626196861,0.09512724727392197,-0.029159948229789734,0.040507879108190536,-0.09600092470645905,-0.0024152754340320826,-0.05937093868851662,0.08429229259490967,-0.053604353219270706,0.013065551407635212,0.005619855131953955,0.03840918466448784,-0.022250497713685036,0.052845511585474014,0.0461059994995594,0.031148532405495644,0.05116589739918709,0.02094753459095955,0.06024400144815445
0.01426471397280693,0.0334918275475502,0.042009785771369934,0.05368850380182266,-0.042418528348207474,-0.06983901560306549,0.006769652012735605,0.061778683215379715,-0.05043802410364151,-0.04925942420959473,-0.03607603535056114,-0.026024237275123596,0.008068546652793884,-0.057747792452573776,-0.06386931240558624,-0.016325732693076134,0.044037021696567535,0.06401892751455307,-0.028066489845514297,-0.03885091841220856
0.012698833830654621,0.07426450401544571,0.06431878358125687,0.09035343676805496,-0.03189427778124809,-0.09137797355651855,-0.02953580766916275,-0.04265695810317993,0.0629103034734726,0.02831689640879631,0.005090752150863409,0.08111865073442459,0.06094032898545265,0.04328282177448273,0.07575664669275284,-0.002531793201342225,-0.02973143756389618,0.05721675977110863,-0.0638599768280983,0.03565366193652153
0.008359156548976898,-0.021089136600494385,0.03880154713988304,0.04461291432380676,0.016231035813689232,0.020744645968079567,0.06065741553902626,0.05656558275222778,0.06322573125362396,-0.06803835928440094,0.01748806983232498,0.05939801037311554,-0.040213145315647125,0.0398336760699749,0.03458719328045845,-0.02433253452181816,0.0451500304043293,-0.03374078869819641,0.004650662653148174,-0.025863606482744217
-0.0455750934779644,0.0155448317527771,0.06723577529191971,-0.0293703842908144,0.05949661508202553,-0.08450569957494736,0.09185284376144409,-0.03330424427986145,-0.023548483848571777,0.00466080941259861,-0.06355766952037811,0.031687088310718536,-0.03595463186502457,0.030955247581005096,0.04882004112005234,0.01454430166631937,-0.05194111913442612,0.015474793501198292,-0.035791125148534775,-0.07442758232355118
-0.04952544718980789,0.033365897834300995,0.057527922093868256,0.08884590864181519,0.02887197956442833,-0.09073396027088165,-0.002297383965924382,0.011713835410773754,-0.005681966431438923,-0.06000697240233421,0.04205857589840889,-0.004834022838622332,-0.06706659495830536,-0.027866343036293983,0.059640515595674515,-0.020294684916734695,-0.007777932565659285,0.06565511226654053,0.0824347659945488,0.0031072008423507214
-0.03430119901895523,0.01762966252863407,0.05872371047735214,0.04401427507400513,-0.015154852531850338,0.0334678553044796,-0.02128041721880436,0.061503078788518906,-0.01175976824015379,0.002646020846441388,-0.07239270955324173,0.009761054068803787,0.024675585329532623,0.029835792258381844,0.02487858571112156,0.04983040317893028,-0.02221331000328064,0.0583067312836647,0.006621323060244322,0.012897107750177383
-0.028829757124185562,0.06209927797317505,-0.010981516912579536,-0.013093151152133942,-0.061756595969200134,0.03596825525164604,0.0688738226890564,-0.06677404791116714,-0.01584463007748127,0.0349869467318058,-0.0021243884693831205,0.00016656957450322807,0.00556980911642313,-0.027373746037483215,-0.0057223797775805,-0.0014860343653708696,-0.07952770590782166,0.010723582468926907,0.004255692474544048,0.02847253903746605
-0.046167999505996704,0.03464958816766739,0.05060066655278206,0.002649168483912945,0.04185182601213455,0.011084255762398243,-0.036729488521814346,0.021928053349256516,0.017699724063277245,0.044527970254421234,0.026693180203437805,0.0275132954120636,-0.03077421337366104,0.06541084498167038,0.03539199009537697,0.016855137422680855,0.05481889843940735,0.002574740443378687,0.006726269144564867,-0.0815475657582283
0.02821175940334797,0.07490192353725433,0.07656234502792358,0.017049157992005348,-0.05840739980340004,-0.09784872829914093,0.012003407813608646,0.0495324470102787,-0.04274355247616768,0.04675523564219475,-0.07787767052650452,0.009639028459787369,0.06948230415582657,-0.05631759390234947,0.07903894037008286,-0.05561403930187225,-0.07085598260164261,-0.038418177515268326,0.03353310003876686,-0.06815161556005478
0.05658299848437309,-0.0571899451315403,0.09412756562232971,0.03465106710791588,-0.011035019531846046,-0.07718843221664429,0.0076029314659535885,-0.05400178208947182,-0.042031459510326385,0.006570282857865095,-0.02626742050051689,0.09172118455171585,-0.05388969928026199,-0.022960521280765533,0.07467668503522873,-0.027066953480243683,-0.037794329226017,-0.001863667625002563,-0.013789219781756401,-0.06587052345275879
-0.011511849239468575,-0.04245162382721901,0.02116655372083187,-0.029599983245134354,0.0035870077554136515,0.005212379619479179,0.02289842814207077,0.03265175595879555,0.06681331247091293,0.01664813980460167,-0.07788826525211334,0.007108075078576803,-0.07720701396465302,-0.015986008569598198,-0.03015393204987049,0.019618337973952293,-0.05930430814623833,0.002819058485329151,-0.031174711883068085,-0.010980292223393917
-0.04175279662013054,0.01079330313950777,0.0013854338321834803,0.043747030198574066,-0.010455192066729069,0.035370346158742905,0.03220118582248688,-0.04621708020567894,-0.04241720959544182,0.06738665699958801,0.025258401408791542,0.0009317563963122666,-0.06601148843765259,0.0550580695271492,0.004087802022695541,-0.005412590689957142,0.043530695140361786,-0.024006547406315804,-0.015972435474395752,-0.0411057248711586
-0.03428112715482712,-0.007382924202829599,0.08602888137102127,-0.03695813566446304,0.051522646099328995,-0.04006151854991913,0.0636422336101532,-0.06568542122840881,0.011001849547028542,0.010415332391858101,-0.03810669854283333,-0.003106026677414775,-0.07106612622737885,-0.025610527023673058,0.01338504534214735,-0.04426674172282219,-0.05854576453566551,0.05351318046450615,0.011724250391125679,0.04518163204193115
-0.0002732750726863742,0.07445938885211945,-0.017466871067881584,0.055964987725019455,0.019145507365465164,0.009377671405673027,-0.006550542078912258,0.05366460978984833,-0.06152961775660515,-0.01592322811484337,0.001682660193182528,0.011447996832430363,-0.03632127866148949,0.024872932583093643,0.07404094189405441,-0.0475570410490036,0.02056109718978405,0.009711209684610367,-0.018519770354032516,-0.017267361283302307
0.07367043197154999,-0.04793379455804825,0.07644176483154297,0.06567488610744476,-0.05985061079263687,-0.025090418756008148,0.00428454764187336,0.007297731935977936,0.04078427329659462,-0.0040700603276491165,0.016111109405755997,0.0075075929053127766,0.057706888765096664,0.015022721141576767,0.011069061234593391,-0.01750926859676838,-0.04737095162272453,0.036200035363435745,-0.030915580689907074,-0.033883120864629745
0.07367043197154999,-0.04793379455804825,0.07644176483154297,0.06567488610744476,-0.05985061079263687,-0.025090418756008148,0.00428454764187336,0.007297731935977936,0.04078427329659462,-0.0040700603276491165,0.016111109405755997,0.0075075929053127766,0.057706888765096664,0.015022721141576767,0.011069061234593391,-0.01750926859676838,-0.04737095162272453,0.036200035363435745,-0.030915580689907074,-0.033883120864629745
-0.03561156615614891,0.00745368329808116,0.06949280202388763,0.012841129675507545,0.004098685458302498,-0.09469541162252426,-0.02089490182697773,0.02063535340130329,0.03760719671845436,-0.0048456937074661255,0.03964538872241974,-0.005558845121413469,0.00854845717549324,-0.04725291207432747,-0.006411044858396053,-0.05669161677360535,-0.03192435950040817,0.04175260663032532,0.03578786179423332,0.05151526629924774
0.038603682070970535,-0.006926052737981081,0.01959601789712906,-0.03153211250901222,0.02377459965646267,-0.0036950206849724054,0.07104606926441193,0.039832912385463715,-0.0021182848140597343,0.05552009865641594,0.012374242767691612,-0.033757250756025314,-0.042540330439805984,-0.06726009398698807,-0.053582437336444855,0.0038721617311239243,0.007814781740307808,0.05631512776017189,-0.01633838191628456,-0.05283881351351738
-0.0355050191283226,-0.033072248101234436,-0.0300812479108572,0.0001235683012055233,-0.05379384383559227,-0.07511718571186066,-0.03917703405022621,-0.04899267479777336,0.07886151969432831,-0.004041171632707119,-0.005317032802850008,-0.030036110430955887,0.06676962226629257,-0.00030375478672795,0.01669088751077652,0.01834709569811821,0.004027973394840956,0.04478837549686432,0.06500747054815292,0.06560880690813065
0.08314323425292969,-0.020176202058792114,0.0856032595038414,-0.004115259274840355,-0.02109246514737606,-0.020101109519600868,0.09992655366659164,0.04093300923705101,0.010961747728288174,-0.03185255825519562,0.010034316219389439,0.022900082170963287,-0.018744444474577904,-0.022053170949220657,0.06545623391866684,-0.08476811647415161,0.028560219332575798,0.026516515761613846,0.04778071120381355,-0.004764399025589228
-0.04779354855418205,0.003905687713995576,0.03812224417924881,0.08494222164154053,-0.027805838733911514,-0.07919495552778244,0.0750553086400032,0.048869647085666656,0.07698387652635574,0.0047897109761834145,-0.08460656553506851,-0.0186102706938982,-0.023307044059038162,0.02640644833445549,0.056088097393512726,-0.018986167386174202,-0.057159654796123505,-0.05359010770916939,-0.02340889349579811,-0.01107528991997242
0.02571004256606102,-0.03356591984629631,-0.03853343799710274,-0.024599602445960045,-0.042480044066905975,-0.06670550256967545,0.09310655295848846,0.040696486830711365,0.005715106148272753,-0.037440039217472076,0.02860025316476822,-0.026867026463150978,0.06241471320390701,-0.054245565086603165,0.0755665972828865,-0.09558798372745514,0.030414976179599762,0.07081009447574615,-0.02298942767083645,0.008244200609624386
-0.018033672124147415,-0.0245648380368948,0.042602844536304474,0.05981418490409851,0.0580100417137146,-0.005925336387008429,0.07263557612895966,0.03376457467675209,0.028398919850587845,0.0036262343637645245,0.05651816353201866,0.06444516777992249,0.009892653673887253,-0.06273290514945984,0.06834903359413147,-0.05978666618466377,0.03622874617576599,-0.05835431441664696,0.04134951904416084,-0.07398052513599396
-0.022550474852323532,-0.04354160651564598,0.04494916647672653,0.06226108968257904,0.0012366869486868382,-0.08014874160289764,0.07124961167573929,-0.007630103267729282,-0.040071018040180206,0.012433583848178387,0.039516180753707886,0.04136842116713524,-0.01803269051015377,0.023145824670791626,0.001295772148296237,-0.03484560549259186,-0.03497808054089546,0.06666882336139679,0.06411220878362656,0.008742813020944595
-0.03793448209762573,0.0768733024597168,0.05724245682358742,-0.00639772554859519,0.024763813242316246,0.011312332935631275,0.07003385573625565,0.025116294622421265,0.011499748565256596,0.07160299271345139,-0.062345102429389954,-0.02059360221028328,0.018475070595741272,-0.04800661280751228,0.017615800723433495,0.009194505400955677,0.04843850061297417,0.059426192194223404,0.012889325618743896,-0.007040989585220814
-0.03793448209762573,0.0768733024597168,0.05724245682358742,-0.00639772554859519,0.024763813242316246,0.011312332935631275,0.07003385573625565,0.025116294622421265,0.011499748565256596,0.07160299271345139,-0.062345102429389954,-0.02059360221028328,0.018475070595741272,-0.04800661280751228,0.017615800723433495,0.009194505400955677,0.04843850061297417,0.059426192194223404,0.012889325618743896,-0.007040989585220814
0.06637842208147049,-0.051702871918678284,0.02282140776515007,0.09304589778184891,-0.045493267476558685,-0.061545297503471375,0.04582134261727333,-0.033599577844142914,0.02526474930346012,0.00488165020942688,-0.04198678210377693,-0.017650289461016655,0.0605182908475399,-0.00701651256531477,-0.02228335477411747,-0.047915149480104446,-0.010133886709809303,0.06284896284341812,-0.0299130380153656,-0.07403981685638428
0.016111502423882484,0.07857777178287506,0.09347385913133621,-0.030954323709011078,-0.01988450437784195,-0.007167238276451826,0.06687003374099731,-0.0721464529633522,0.014576594345271587,0.04368837550282478,0.00856694020330906,0.04877576604485512,-0.018023991957306862,0.03903500735759735,-0.023018982261419296,0.0472663938999176,0.02330941893160343,-0.01303745899349451,-0.04151131585240364,0.021406935527920723
0.016111502423882484,0.07857777178287506,0.09347385913133621,-0.030954323709011078,-0.01988450437784195,-0.007167238276451826,0.06687003374099731,-0.0721464529633522,0.014576594345271587,0.04368837550282478,0.00856694020330906,0.04877576604485512,-0.018023991957306862,0.03903500735759735,-0.023018982261419296,0.0472663938999176,0.02330941893160343,-0.01303745899349451,-0.04151131585240364,0.021406935527920723
0.016111502423882484,0.07857777178287506,0.09347385913133621,-0.030954323709011078,-0.01988450437784195,-0.007167238276451826,0.06687003374099731,-0.0721464529633522,0.014576594345271587,0.04368837550282478,0.00856694020330906,0.04877576604485512,-0.018023991957306862,0.03903500735759735,-0.023018982261419296,0.0472663938999176,0.02330941893160343,-0.01303745899349451,-0.04151131585240364,0.021406935527920723
-0.0030939963180571795,0.0027477971743792295,0.1048060730099678,0.0027642338536679745,0.001711264718323946,-0.05372272804379463,-0.00655785296112299,-0.02447008527815342,0.00640550721436739,-0.05885329470038414,-0.06364382058382034,0.06640802323818207,0.01612710952758789,0.06916043162345886,-0.0318789966404438,0.015551204793155193,0.04661276191473007,0.008035510778427124,0.06308099627494812,-0.03970622271299362
0.06759058684110641,-0.05231145769357681,0.0655258297920227,0.03276298567652702,0.05885472893714905,-0.013789549469947815,0.062076468020677567,-0.06824702769517899,0.013862412422895432,-0.022893862798810005,-0.06562848389148712,0.000908790563698858,0.05967162549495697,-0.06811881065368652,0.004771546460688114,-0.07992973178625107,-0.06784546375274658,-0.042524367570877075,0.054093409329652786,-0.06194644048810005
0.06597577780485153,-0.06495106965303421,0.0018609644612297416,0.07208912819623947,0.005864557810127735,-0.07836942374706268,-0.0028851821552962065,-0.010007806122303009,0.07464475184679031,-0.03212018311023712,0.03448646515607834,-0.02084146812558174,0.05175444483757019,0.02667985111474991,-0.02329877018928528,-0.04424373432993889,0.007608735002577305,0.05798273906111717,0.015943683683872223,-0.03017689473927021
0.07340799272060394,-0.0028829509392380714,0.04674430564045906,-0.0347871296107769,-0.05754481628537178,0.022741621360182762,0.025169435888528824,0.0024205564986914396,-0.012255311943590641,-0.00818023644387722,-0.07035890221595764,0.041237734258174896,-0.04840116202831268,-0.03932156786322594,-0.02728927694261074,-0.08967144042253494,-0.06403360515832901,-0.005460110958665609,-0.056307125836610794,-0.06513237953186035
0.07340799272060394,-0.0028829509392380714,0.04674430564045906,-0.0347871296107769,-0.05754481628537178,0.022741621360182762,0.025169435888528824,0.0024205564986914396,-0.012255311943590641,-0.00818023644387722,-0.07035890221595764,0.041237734258174896,-0.04840116202831268,-0.03932156786322594,-0.02728927694261074,-0.08967144042253494,-0.06403360515832901,-0.005460110958665609,-0.056307125836610794,-0.06513237953186035
-0.03305520862340927,-0.021174531430006027,0.0026646514888852835,-0.046675682067871094,-0.008746958337724209,-0.07541089504957199,-0.025031449273228645,-0.058658212423324585,0.056729450821876526,0.0057775904424488544,-0.0780029222369194,0.07711972296237946,-0.0725017711520195,0.004879301879554987,0.04882350564002991,-0.023444490507245064,0.015576248057186604,0.07096275687217712,-0.042132552713155746,0.00992446020245552
-0.0016934684244915843,0.03715241700410843,-0.03776147589087486,0.08795215934515,0.014902357012033463,-0.016654273495078087,0.04608947038650513,-0.04790657013654709,0.04056704789400101,0.05294657498598099,0.016722436994314194,-0.0486857071518898,-0.009431780315935612,-0.043768055737018585,-0.006234641186892986,-0.02055000513792038,0.04292350262403488,0.0019463931676000357,0.06087518110871315,0.008991858921945095
-0.03471462056040764,0.055340949445962906,0.029800329357385635,-0.016010580584406853,-0.004155836999416351,-0.06386870890855789,0.08475923538208008,-0.03567918390035629,0.01611114852130413,0.008605384267866611,-0.030838532373309135,0.04640820994973183,0.05736671760678291,-0.06148338317871094,0.027108224108815193,0.030986571684479713,0.05896655097603798,-0.01655241660773754,0.035446200519800186,-0.044717658311128616
0.06294001638889313,0.04785626381635666,0.10080788284540176,0.06614287942647934,-0.009938652627170086,-0.007802097592502832,0.023511769250035286,0.06332996487617493,0.009931249544024467,0.0748225525021553,-0.06527841836214066,0.037865038961172104,0.06165722385048866,0.03218276426196098,-0.05813080444931984,-0.030414873734116554,-0.08124356716871262,-0.05849438160657883,0.006830740720033646,-0.020446255803108215
0.06232307851314545,0.03728067874908447,0.0419502854347229,-0.03297765180468559,0.029831966385245323,-0.04453635215759277,0.07426675409078598,0.03496931493282318,-0.025561613962054253,0.016067059710621834,0.03664145991206169,0.01240035891532898,0.06549534946680069,0.020764894783496857,0.047478657215833664,0.025304146111011505,0.055326323956251144,-0.020359354093670845,-0.029736625030636787,-0.06893967092037201
0.024852408096194267,-0.0037088729441165924,0.08375315368175507,-0.0467999093234539,0.0186818465590477,-0.05808291211724281,-0.0339183583855629,0.04811993986368179,-0.012158770114183426,-0.0040624504908919334,-0.054420214146375656,0.033588629215955734,0.057808298617601395,0.007713578641414642,-0.03590628504753113,0.04375746101140976,0.012231077998876572,0.007623877376317978,0.020760219544172287,0.02363317832350731
-0.03173232451081276,-0.050657108426094055,-0.011940340511500835,0.04338999092578888,-0.009571069851517677,-0.059178367257118225,0.038342490792274475,-0.04257887229323387,0.057255443185567856,0.06939594447612762,0.028606578707695007,0.08081715553998947,-0.0669923797249794,0.062471479177474976,0.060744430869817734,-0.048844560980796814,0.008602040819823742,0.025595692917704582,-0.009424698539078236,0.056053146719932556
-0.03173232451081276,-0.050657108426094055,-0.011940340511500835,0.04338999092578888,-0.009571069851517677,-0.059178367257118225,0.038342490792274475,-0.04257887229323387,0.057255443185567856,0.06939594447612762,0.028606578707695007,0.08081715553998947,-0.0669923797249794,0.062471479177474976,0.060744430869817734,-0.048844560980796814,0.008602040819823742,0.025595692917704582,-0.009424698539078236,0.056053146719932556
0.019142895936965942,-0.05543992295861244,-0.02292046695947647,0.043407272547483444,-0.05823030695319176,-0.03877178952097893,0.04915134981274605,-0.04915209859609604,-0.05031615123152733,-0.053576212376356125,-0.022464321926236153,-0.0017183891031891108,0.038909755647182465,0.022935990244150162,0.04814796894788742,-0.07347916811704636,-0.0381695032119751,0.07146189361810684,-0.041081588715314865,0.04628828540444374
0.049715716391801834,-0.0025697089731693268,0.000870473450049758,0.01252494752407074,-0.02744411677122116,-0.010754790157079697,-0.01575637422502041,-0.053237900137901306,-0.015388566069304943,0.05579877644777298,-0.03235141187906265,-0.020099787041544914,-0.04129014164209366,-0.02748987451195717,0.027485864236950874,-0.0006048224749974906,-0.051907673478126526,-0.01599860191345215,-0.06393366307020187,-0.07508394122123718
0.012311692349612713,0.05619071051478386,-0.017135314643383026,0.01193935051560402,0.01607976108789444,-0.10041855275630951,0.05073806270956993,-0.035758838057518005,-0.005663979332894087,-0.024221030995249748,-0.084866963326931,0.05213168263435364,0.01391089428216219,-0.04046459123492241,-0.011490115895867348,-0.07785184681415558,0.030578313395380974,0.06181936338543892,0.03146990388631821,0.05751612409949303
-0.0021456261165440083,0.07154446095228195,0.08799519389867783,0.018624329939484596,-0.037268780171871185,-0.015164684504270554,0.09370207786560059,0.035098761320114136,0.03886868432164192,0.06108710169792175,0.03871215134859085,0.07186621427536011,0.013583587482571602,0.04321747645735741,-0.05302960425615311,-0.058017805218696594,0.050175443291664124,-0.009975504130125046,0.05475906282663345,0.006162936799228191
0.003946586046367884,-0.02306157536804676,-0.027221815660595894,0.08350805193185806,0.0459580235183239,-0.09958825260400772,0.05715663358569145,0.008470876142382622,0.01513945683836937,0.018025504425168037,0.022380681708455086,0.038697000592947006,-0.013130845502018929,0.045389216393232346,-0.047137551009655,-0.09031405299901962,0.01982046477496624,-0.033837199211120605,-0.004173073917627335,-0.013007281348109245
-0.02977551892399788,0.06279613822698593,0.0897517055273056,0.0770251676440239,0.06747570633888245,-0.09868954122066498,0.08084870129823685,0.03625079616904259,0.034680359065532684,-0.03761371225118637,-0.06791295111179352,0.018340017646551132,0.04900766909122467,0.00845771562308073,-0.03573236241936684,0.022550519555807114,-0.022737305611371994,-0.0018024619203060865,0.06831719726324081,-0.05989517271518707
0.05310814455151558,-0.026688026264309883,0.03439642861485481,0.036637209355831146,-0.06201538071036339,-0.011427439749240875,0.01959110051393509,0.003939339425414801,-0.056222062557935715,-0.023813758045434952,0.02114504761993885,-0.006465830374509096,0.04453246295452118,-0.05661716312170029,-0.008658938109874725,-0.04328928887844086,-0.0741981789469719,0.046873509883880615,-0.04058852791786194,-0.01599159836769104
0.007269029971212149,0.009604785591363907,0.04315939173102379,-0.002760110655799508,0.011335005983710289,-0.02046920359134674,0.08680066466331482,-0.0009787403978407383,-0.0104927783831954,0.05497900769114494,-0.0011938653187826276,0.0734967514872551,0.02750472165644169,-0.05678567290306091,0.014470959082245827,-0.004067316185683012,-0.024259405210614204,-0.012709368020296097,-0.04186650738120079,0.022543832659721375
0.065338134765625,-0.010369297116994858,0.0007327853818424046,0.08961659669876099,0.037009693682193756,-0.07533657550811768,0.06347550451755524,0.05581565946340561,-0.02402724139392376,0.03961234167218208,0.003908657934516668,0.048376359045505524,-0.0019139256328344345,-0.06466813385486603,0.003934631589800119,-0.012750744819641113,-0.06972014158964157,0.04203103855252266,-0.0078677237033844,-0.07021091133356094
-0.016613800078630447,-0.027217335999011993,0.058334995061159134,-0.009837212041020393,0.019906755536794662,-0.07985574007034302,0.06650041043758392,-0.03576672449707985,0.03018435649573803,0.061670150607824326,-0.02531939372420311,-0.013059291057288647,-0.04082467406988144,-0.05084316059947014,-0.007205455098301172,-0.060903701931238174,-0.033533044159412384,-0.049314819276332855,0.06631232053041458,-0.041066236793994904
0.007269029971212149,0.009604785591363907,0.04315939173102379,-0.002760110655799508,0.011335005983710289,-0.02046920359134674,0.08680066466331482,-0.0009787403978407383,-0.0104927783831954,0.05497900769114494,-0.0011938653187826276,0.0734967514872551,0.02750472165644169,-0.05678567290306091,0.014470959082245827,-0.004067316185683012,-0.024259405210614204,-0.012709368020296097,-0.04186650738120079,0.022543832659721375
0.06480153650045395,-0.02771707810461521,-0.02669336088001728,0.034805744886398315,-0.05809561908245087,0.020434444770216942,0.09733190387487411,-0.0297593642026186,-0.018987230956554413,0.038392361253499985,0.02200177311897278,-0.024325629696249962,-0.016407189890742302,0.04722260311245918,-0.010411442257463932,-0.08421753346920013,0.060841310769319534,0.020645447075366974,0.017783934250473976,0.029872315004467964
0.06480153650045395,-0.02771707810461521,-0.02669336088001728,0.034805744886398315,-0.05809561908245087,0.020434444770216942,0.09733190387487411,-0.0297593642026186,-0.018987230956554413,0.038392361253499985,0.02200177311897278,-0.024325629696249962,-0.016407189890742302,0.04722260311245918,-0.010411442257463932,-0.08421753346920013,0.060841310769319534,0.020645447075366974,0.017783934250473976,0.029872315004467964
0.06480153650045395,-0.02771707810461521,-0.02669336088001728,0.034805744886398315,-0.05809561908245087,0.020434444770216942,0.09733190387487411,-0.0297593642026186,-0.018987230956554413,0.038392361253499985,0.02200177311897278,-0.024325629696249962,-0.016407189890742302,0.04722260311245918,-0.010411442257463932,-0.08421753346920013,0.060841310769319534,0.020645447075366974,0.017783934250473976,0.029872315004467964
0.03447228670120239,-0.015674861147999763,0.010813853703439236,0.020463911816477776,-0.0032953599002212286,-0.027758749201893806,0.09067822992801666,0.006611437536776066,0.023947861045598984,-0.009854608215391636,0.053842488676309586,-0.014391202479600906,-0.015214776620268822,0.0182857196778059,0.0780327320098877,0.035952646285295486,0.029882915318012238,-0.040942009538412094,0.008570708334445953,0.018428001552820206
0.028247719630599022,-0.052710458636283875,0.031162356957793236,0.04649407044053078,-0.056513164192438126,-0.00903951283544302,-0.02410835027694702,-0.024525843560695648,-0.03002292662858963,-0.03610600158572197,-0.004893425386399031,-0.021135466173291206,0.04994851350784302,-0.05356732755899429,0.06603701412677765,-0.03367875888943672,-0.05891265347599983,-0.0001058281704899855,-0.003886000718921423,-0.005482641980051994
-0.012244082055985928,0.012589368969202042,0.029677480459213257,0.050589874386787415,0.05744221433997154,0.022517004981637,0.10466992110013962,-0.010206160135567188,0.06528914719820023,0.018618855625391006,-0.06297719478607178,-0.034141410142183304,-0.03962906077504158,0.009811434894800186,-0.0575990304350853,-0.00832980778068304,0.0005742402281612158,0.02058229222893715,0.041358187794685364,-0.06086982041597366
0.07331888377666473,-0.01699136383831501,0.04648146778345108,0.027777792885899544,0.016406742855906487,-0.09062753617763519,0.04350297898054123,0.021915363147854805,0.07063115388154984,0.044984202831983566,-0.07544351369142532,0.07052760571241379,-0.07219690829515457,-0.01851574517786503,-0.026339422911405563,-0.050186704844236374,-0.031431570649147034,0.08861160278320312,-0.051284030079841614,-0.02799827791750431
0.07331888377666473,-0.01699136383831501,0.04648146778345108,0.027777792885899544,0.016406742855906487,-0.09062753617763519,0.04350297898054123,0.021915363147854805,0.07063115388154984,0.044984202831983566,-0.07544351369142532,0.07052760571241379,-0.07219690829515457,-0.01851574517786503,-0.026339422911405563,-0.050186704844236374,-0.031431570649147034,0.08861160278320312,-0.051284030079841614,-0.02799827791750431
0.07331888377666473,-0.01699136383831501,0.04648146778345108,0.027777792885899544,0.016406742855906487,-0.09062753617763519,0.04350297898054123,0.021915363147854805,0.07063115388154984,0.044984202831983566,-0.07544351369142532,0.07052760571241379,-0.07219690829515457,-0.01851574517786503,-0.026339422911405563,-0.050186704844236374,-0.031431570649147034,0.08861160278320312,-0.051284030079841614,-0.02799827791750431
0.07331888377666473,-0.01699136383831501,0.04648146778345108,0.027777792885899544,0.016406742855906487,-0.09062753617763519,0.04350297898054123,0.021915363147854805,0.07063115388154984,0.044984202831983566,-0.07544351369142532,0.07052760571241379,-0.07219690829515457,-0.01851574517786503,-0.026339422911405563,-0.050186704844236374,-0.031431570649147034,0.08861160278320312,-0.051284030079841614,-0.02799827791750431
0.06946775317192078,-0.028485706076025963,0.05123908072710037,0.0701138973236084,-0.041732512414455414,-0.03155289590358734,0.0651981458067894,-0.04524537920951843,0.02448585256934166,-0.029968801885843277,-0.039014168083667755,0.07383464276790619,-0.0011543398723006248,0.03173009678721428,0.07308194041252136,0.033395037055015564,0.0354108065366745,0.019099928438663483,0.061588458716869354,-0.010072346776723862
0.06946775317192078,-0.028485706076025963,0.05123908072710037,0.0701138973236084,-0.041732512414455414,-0.03155289590358734,0.0651981458067894,-0.04524537920951843,0.02448585256934166,-0.029968801885843277,-0.039014168083667755,0.07383464276790619,-0.0011543398723006248,0.03173009678721428,0.07308194041252136,0.033395037055015564,0.0354108065366745,0.019099928438663483,0.061588458716869354,-0.010072346776723862
0.06946775317192078,-0.028485706076025963,0.05123908072710037,0.0701138973236084,-0.041732512414455414,-0.03155289590358734,0.0651981458067894,-0.04524537920951843,0.02448585256934166,-0.029968801885843277,-0.039014168083667755,0.07383464276790619,-0.0011543398723006248,0.03173009678721428,0.07308194041252136,0.033395037055015564,0.0354108065366745,0.019099928438663483,0.061588458716869354,-0.010072346776723862
0.0010957731865346432,0.022062810137867928,0.08505387604236603,0.07019060850143433,-0.06386829167604446,0.02084457129240036,0.013541027903556824,-0.00401674397289753,0.057922713458538055,-0.05875425413250923,-0.023988768458366394,-0.025911487638950348,0.06947480142116547,0.057743512094020844,-0.047206372022628784,-0.034647222608327866,0.03394000604748726,0.06271415948867798,0.04604731872677803,-0.07397940009832382
0.04509003087878227,0.060421139001846313,0.10101190209388733,-0.036036211997270584,-0.054788634181022644,-0.08678163588047028,0.06051024794578552,-0.014380638487637043,-0.0374295637011528,-0.0628330186009407,-0.053278472274541855,-0.006800889503210783,0.024899626150727272,0.024594832211732864,-0.0320892259478569,-0.038890715688467026,-0.07179013639688492,0.05998118966817856,-0.05880190059542656,0.03445402905344963
-0.025962183251976967,-0.018484242260456085,0.024143977090716362,0.04993275925517082,-0.07138809561729431,-0.0683489739894867,0.005089105572551489,0.05372052639722824,-0.029706880450248718,0.07170304656028748,0.02868083491921425,0.01222863420844078,0.022034626454114914,0.010300945490598679,-0.03838542103767395,-0.08356712758541107,0.0008243946358561516,0.019693175330758095,-0.036759547889232635,0.04215119779109955
0.013393144123256207,0.0879300981760025,0.08153767138719559,-0.004542686510831118,-0.03673894703388214,-0.08087226003408432,0.061255645006895065,0.051970530301332474,0.02787484973669052,0.0654025599360466,0.01276850514113903,0.006546478718519211,0.004024379421025515,-0.04726482555270195,0.06293334066867828,-0.042168181389570236,-0.025188298895955086,0.03487974405288696,-0.04546977952122688,0.00030392236658371985
-0.05126485228538513,0.07866726070642471,0.10284163057804108,0.057428207248449326,0.024927109479904175,-0.04809720069169998,0.08854420483112335,0.026004111394286156,0.06015218049287796,0.03270493075251579,0.021724270656704903,0.04305815324187279,-0.03835122287273407,0.05453479290008545,-0.006526043638586998,0.018713360652327538,-0.04012332484126091,0.01896054297685623,0.07164361327886581,0.005096549168229103
0.05343325808644295,-0.004460623953491449,0.0674993246793747,-0.02889876253902912,-0.07211294770240784,-0.06616553664207458,0.043100807815790176,0.05181385204195976,0.03503170609474182,-0.0643884539604187,0.042283084243535995,0.08844330161809921,0.040878210216760635,0.06160247325897217,-0.053667403757572174,-0.07098491489887238,-0.025673883035779,0.024593541398644447,-0.027997180819511414,0.018215591087937355
0.04930765554308891,-0.013684696517884731,-0.029099851846694946,0.07395046949386597,0.032176047563552856,-0.05266277492046356,0.08688439428806305,-0.05420598015189171,0.007489725481718779,-0.0637097880244255,-0.06445913016796112,-0.05016132816672325,0.0016159515362232924,-0.047510597854852676,-0.021167680621147156,-0.048462651669979095,0.026240412145853043,-0.0037125898525118828,0.004313869867473841,-0.006284795701503754
0.003590100212022662,-0.004701363854110241,0.07085620611906052,-0.04308062419295311,-0.07168060541152954,0.03521781414747238,0.04144780710339546,-0.007111986167728901,0.07482707500457764,-0.007881213910877705,-0.02683165855705738,0.07153934985399246,-0.0009701740345917642,-0.04708721488714218,-0.043269142508506775,-0.03951296582818031,-0.06719210743904114,-0.06266957521438599,0.032677095383405685,-0.0010371229145675898
0.01268857717514038,0.05026398226618767,0.01553742028772831,-0.02333909086883068,-0.022578859701752663,-0.09070219099521637,0.1009480357170105,0.03288765996694565,-0.0490742027759552,0.013384368270635605,-0.07156845182180405,0.06377719342708588,0.014647385105490685,0.037253737449645996,0.07121894508600235,0.01891332119703293,0.03397079184651375,-0.006041788961738348,-0.026061275973916054,-0.07968541234731674
-0.022357936948537827,0.06195695698261261,-0.037792108952999115,0.04080259054899216,-0.058048732578754425,0.026991132646799088,0.08306879550218582,-0.046167101711034775,-0.015458221547305584,-0.06588240712881088,-0.0599503219127655,-0.009060879237949848,0.021877260878682137,-0.06831219792366028,-0.015018701553344727,-0.017884226515889168,0.02808249369263649,-0.011208320036530495,0.010079039260745049,0.053402677178382874
0.08653409034013748,0.09221695363521576,0.08687999844551086,-0.008223742246627808,0.06686003506183624,-0.06697849929332733,0.03419199585914612,-0.02625386044383049,0.04979386553168297,0.02945302240550518,-0.06174243241548538,0.020321695134043694,0.06739276647567749,-0.03631937503814697,0.00019115663599222898,0.03144034743309021,-0.04814476892352104,0.06670860201120377,0.018160486593842506,-0.002343717496842146
0.08653409034013748,0.09221695363521576,0.08687999844551086,-0.008223742246627808,0.06686003506183624,-0.06697849929332733,0.03419199585914612,-0.02625386044383049,0.04979386553168297,0.02945302240550518,-0.06174243241548538,0.020321695134043694,0.06739276647567749,-0.03631937503814697,0.00019115663599222898,0.03144034743309021,-0.04814476892352104,0.06670860201120377,0.018160486593842506,-0.002343717496842146
-0.043164726346731186,0.03179905191063881,0.027820592746138573,-0.004676257725805044,-0.05669194459915161,0.031196793541312218,-0.01356276124715805,-0.022502295672893524,-0.007981767877936363,-0.020787490531802177,0.05271190404891968,0.049183595925569534,0.007730044890195131,0.049906548112630844,0.06139427050948143,0.02496391348540783,-0.0687410905957222,-0.023942161351442337,0.07260572910308838,0.00517606595531106
0.02252805605530739,0.038291193544864655,0.01988917775452137,-0.04126444831490517,0.006641075946390629,-0.10574887692928314,0.08409728109836578,-0.0012827733298763633,0.005105327349156141,0.041063837707042694,-0.023034585639834404,-0.011950255371630192,-0.06944864243268967,0.013133488595485687,-0.019190657883882523,0.028829006478190422,-0.06849728524684906,-0.06138801947236061,0.058664944022893906,-0.010661708191037178
-0.05096188187599182,-0.025575747713446617,-0.013271885924041271,0.06120815873146057,-0.012794170528650284,0.017882144078612328,0.08715536445379257,-0.03853634372353554,0.05247662588953972,0.027767812833189964,-0.06812255829572678,0.09423033148050308,0.06938202679157257,-0.0663541629910469,-0.061166465282440186,-0.04941646754741669,-0.0014572025975212455,0.07363930344581604,0.05984809994697571,-0.012023278512060642
0.01454990729689598,0.07983463257551193,0.040796540677547455,-0.012515291571617126,0.0014710649847984314,-0.04989606887102127,-0.036106787621974945,0.05748724937438965,0.06324458122253418,0.02734374813735485,-0.026700036600232124,0.0221841000020504,0.009448671713471413,0.012662178836762905,0.048751749098300934,-0.0649966150522232,0.0047439937479794025,0.03570876643061638,0.032745473086833954,-0.07604032754898071
-0.02010747604072094,-0.02279440499842167,0.09601537138223648,-0.02740894816815853,0.0017986714374274015,0.011203070171177387,0.08652371168136597,-0.06075439602136612,0.042924411594867706,0.06603026390075684,-0.034988559782505035,-0.04464273527264595,0.023785779252648354,0.007809319533407688,-0.0359693244099617,0.031365811824798584,0.00222414662130177,0.04080497473478317,0.015027035027742386,-0.07545850425958633
0.007082558702677488,0.010767738334834576,0.008098352700471878,0.06269724667072296,0.06460589170455933,0.023341037333011627,0.06749982386827469,0.0382927805185318,-0.03634541109204292,0.05706103518605232,0.009475489147007465,-0.04114652797579765,-0.030413227155804634,-0.023618049919605255,-0.06464026868343353,-0.045366186648607254,-0.043516308069229126,-0.007856144569814205,-0.008214650675654411,-0.01663404516875744
0.02262689918279648,0.06359313428401947,0.019634729251265526,0.07765352725982666,0.05651994049549103,-0.08075007051229477,0.0681404247879982,0.02667074091732502,0.01904277503490448,-0.038892194628715515,-0.03974592313170433,0.07385989278554916,-0.07230289280414581,-0.05391829088330269,-0.014711233787238598,0.04164178669452667,-0.01501191221177578,0.017649415880441666,-0.048671867698431015,-0.03538841754198074
-0.04646709933876991,-0.0509282723069191,0.061904970556497574,0.06283094733953476,0.04959637299180031,-0.0884035974740982,0.050539322197437286,0.03795907273888588,-0.019106287509202957,-0.02583322301506996,-0.05625366047024727,0.08162184059619904,-0.038718484342098236,-0.06009581312537193,0.02800050564110279,-0.009040878154337406,-0.044935666024684906,-0.0218029897660017,-0.03501437231898308,-0.013707129284739494
-0.013527041301131248,0.021508190780878067,0.011052863672375679,0.003494739066809416,0.040580857545137405,-0.07821450382471085,0.0909203588962555,-0.03801518306136131,0.0447181761264801,0.043935809284448624,-0.08731169998645782,0.051529623568058014,0.06579169631004333,0.06802026927471161,-0.011487419717013836,-0.03342598304152489,-0.0833253562450409,0.035757169127464294,-0.019805479794740677,0.03966514393687248
0.049826644361019135,0.04514949768781662,0.07301545143127441,0.09360991418361664,0.04070764780044556,0.043682850897312164,0.05995940417051315,-0.04761429876089096,0.012651325203478336,0.03486925736069679,-0.06284179538488388,0.049968425184488297,0.07298147678375244,0.04872051626443863,-0.04336719587445259,0.03963816910982132,0.002014451427385211,0.06864473968744278,0.05167275667190552,0.050286535173654556
0.03236304223537445,-0.04673120751976967,0.05483901500701904,0.08321386575698853,0.01550835371017456,-0.07029078155755997,0.10719882696866989,-0.020730849355459213,-0.019485099241137505,-0.003691082587465644,-0.012411617673933506,0.06759737432003021,0.04221981018781662,0.0716116726398468,-0.0468602180480957,0.029786406084895134,0.06058115512132645,0.06420356035232544,0.07479248940944672,-0.06518129259347916
0.07813739031553268,-0.017643675208091736,0.006719434633851051,0.03386519476771355,0.021837199106812477,-0.10124678909778595,0.021026460453867912,-0.06727293878793716,-0.024289486929774284,0.0014465977437794209,-0.07023466378450394,-0.05091063305735588,0.006794282700866461,0.036082178354263306,0.06058383360505104,-0.04677509516477585,-0.051281530410051346,-0.06083046272397041,-0.047214802354574203,0.043111834675073624
0.08158071339130402,-0.018760647624731064,0.06666094809770584,0.036008574068546295,-0.006509167607873678,-0.03625200688838959,-0.02705439366400242,-0.040122296661138535,-0.06827574968338013,-0.03141481429338455,0.004889290779829025,-0.00023812690051272511,0.025955235585570335,0.049854476004838943,0.036947064101696014,-0.05064309015870094,-0.006542987190186977,-0.02908274531364441,0.017360636964440346,-0.028971636667847633
-0.050228532403707504,0.06716848909854889,0.014892862178385258,0.09335095435380936,0.0696621760725975,-0.09374745190143585,-0.0038798281457275152,-0.00467572920024395,-0.002976787043735385,0.02576417662203312,-0.03668687492609024,0.0537586472928524,-0.009126008488237858,0.0014368772972375154,0.06927723437547684,0.01274863351136446,0.0008480306132696569,-0.013595424592494965,-0.004239340778440237,0.015312355943024158
-0.004893216770142317,0.03983483463525772,0.03715677559375763,0.058075256645679474,0.018365701660513878,0.0007955657201819122,-0.005241320934146643,0.03879585862159729,-0.024401333183050156,0.057037435472011566,-0.0545024536550045,0.08796832710504532,-0.014879422262310982,-0.04865169897675514,0.0074155512265861034,-0.03556852042675018,-0.08534368127584457,0.010053828358650208,0.04460377246141434,0.04218536242842674
0.03379633277654648,-0.02855234034359455,0.0007463857182301581,0.035880543291568756,-0.03635109215974808,0.03368014469742775,0.0456809476017952,-0.0626046434044838,0.051211073994636536,-0.07231605798006058,-0.08979813009500504,0.014906932599842548,-0.0471319854259491,0.04303872957825661,-0.04362571984529495,0.050228044390678406,-0.01715669594705105,-0.03469114005565643,-0.009799120016396046,0.0478583425283432
0.0395522303879261,-0.018078062683343887,0.04654707759618759,0.009898148477077484,-0.06383372843265533,-0.04088106006383896,0.031240573152899742,-0.019613223150372505,-0.012472986243665218,-0.023545946925878525,-0.0295276902616024,-0.05200459435582161,-0.04546433314681053,-0.005628128536045551,0.03669479861855507,-0.06589026749134064,-0.054228734225034714,-0.010237273760139942,0.05663236603140831,-0.07087575644254684
0.0395522303879261,-0.018078062683343887,0.04654707759618759,0.009898148477077484,-0.06383372843265533,-0.04088106006383896,0.031240573152899742,-0.019613223150372505,-0.012472986243665218,-0.023545946925878525,-0.0295276902616024,-0.05200459435582161,-0.04546433314681053,-0.005628128536045551,0.03669479861855507,-0.06589026749134064,-0.054228734225034714,-0.010237273760139942,0.05663236603140831,-0.07087575644254684
0.020182175561785698,0.06495586782693863,0.08482174575328827,-0.03906835615634918,0.01394947525113821,-0.0692901611328125,0.058911800384521484,-0.07524925470352173,-0.02590087428689003,-0.0020881022792309523,-0.057746097445487976,0.031960029155015945,0.06613370776176453,0.0673426166176796,-0.006997919641435146,-0.045115355402231216,-0.01822175830602646,-0.04526732489466667,0.06491488218307495,-0.06875504553318024
-0.03632063418626785,0.011538241989910603,0.04175790771842003,0.0805080235004425,-0.032088905572891235,-0.04850473999977112,0.06870109587907791,-0.04943031072616577,0.04102126136422157,0.06386788934469223,0.003963108640164137,0.061095140874385834,0.005881125573068857,0.04464410990476608,-0.012078357860445976,0.003463190281763673,-0.003093963023275137,0.02166632190346718,-0.009690137580037117,0.03357565775513649
-0.008588137105107307,-0.005599525757133961,0.09155543148517609,0.031852032989263535,0.06116484850645065,0.007652806118130684,0.012964499182999134,0.05205495283007622,-0.003008053172379732,0.005924995057284832,0.014280109666287899,0.019308404996991158,0.05575043335556984,0.05774025619029999,-0.006622570566833019,-0.06823771446943283,-0.004596267826855183,0.02876892127096653,0.010869843885302544,-0.008930783718824387
-0.03653610870242119,0.045525334775447845,0.037348974496126175,0.021512789651751518,-0.008330036886036396,-0.08895202726125717,0.07501821219921112,0.014049041084945202,-0.05321776494383812,0.06301531940698624,-0.03195436671376228,-0.00925455056130886,0.035688214004039764,0.010800567455589771,0.0009198970510624349,-0.02659362368285656,-0.02178296446800232,-0.016246212646365166,-0.0340496227145195,-0.05026921257376671
0.0628957524895668,0.05466191843152046,0.055424999445676804,0.05970897525548935,-0.06299831718206406,-0.08877240866422653,0.023649312555789948,-0.060550346970558167,0.06288138031959534,0.01291103195399046,0.026720531284809113,0.014807868748903275,0.027799101546406746,0.06843064725399017,-0.03342878445982933,0.039955202490091324,-0.014149483293294907,-0.047089189291000366,-0.06040380895137787,-0.0265161395072937
0.06339486688375473,0.013539332896471024,0.015038763172924519,0.025469671934843063,-0.0372096449136734,-0.07068471610546112,0.06571705639362335,0.0012608899269253016,-0.03476075083017349,-0.0439801849424839,-0.016818974167108536,0.0404522567987442,-0.027880173176527023,-0.04381396248936653,-0.03872429579496384,-0.08737829327583313,0.023294908925890923,-0.018570752814412117,0.0181436724960804,0.025613732635974884
-0.00838744081556797,0.08690134435892105,0.04437607154250145,0.047179460525512695,-0.01310625858604908,-0.029796119779348373,0.04424741119146347,0.03371945396065712,0.03657340258359909,0.01380597148090601,0.021237364038825035,0.08631948381662369,0.006209660321474075,0.06680496782064438,-0.037077054381370544,-0.002371616428717971,-0.045271292328834534,0.00455942377448082,0.059793561697006226,-0.03706159442663193
-0.035732269287109375,0.04132935404777527,0.052280936390161514,0.07245716452598572,-0.024120792746543884,0.0352012924849987,-0.022589799016714096,-0.06586459279060364,-0.04781680181622505,-0.003943730145692825,-0.05496695265173912,0.07019675523042679,0.038138315081596375,-0.017125815153121948,-0.03496994823217392,-0.07059784978628159,-0.033656153827905655,0.041345324367284775,0.07572915405035019,0.054866839200258255
0.05019737780094147,0.06416492909193039,0.00787847675383091,0.02209927886724472,-0.026969028636813164,-0.06470151245594025,0.04370201751589775,-0.05645589157938957,-0.02366594225168228,0.014470186084508896,0.029778044670820236,0.04285961389541626,-0.045580118894577026,-0.05587257072329521,-0.055115800350904465,-0.019755464047193527,0.026657382026314735,0.01904117316007614,-0.03853075951337814,0.032024648040533066
-0.0158372949808836,0.006104257423430681,0.05381327494978905,-0.02280900441110134,-0.040371716022491455,-0.002729198895394802,0.07220439612865448,0.023082798346877098,0.002099578967317939,0.048018619418144226,-0.03170853853225708,0.05600660294294357,-0.049633726477622986,-0.03503028675913811,-0.01468127965927124,-0.010190092958509922,-0.03223230317234993,0.07639817893505096,-0.023192360997200012,-0.03898478299379349
0.04682186618447304,-0.019560709595680237,-0.017656592652201653,0.027796803042292595,-0.012755450792610645,-0.02607211284339428,0.0113215371966362,-0.044028714299201965,-0.048781417310237885,0.016841448843479156,-0.05978596955537796,0.03681771457195282,-0.0673491358757019,0.058443762362003326,0.03562423586845398,0.014436459168791771,-0.05274040624499321,0.06089100241661072,0.07019330561161041,0.011763100512325764
0.008942991495132446,0.04161693528294563,0.10322874784469604,0.05807968229055405,0.03931530937552452,0.016442887485027313,0.023829909041523933,-0.025107713416218758,-0.00018018452101387084,-0.03960626572370529,0.05430852621793747,0.08021220564842224,0.03090660646557808,-0.02359667606651783,0.019699983298778534,-0.008958588354289532,0.02987789921462536,0.020579013973474503,-0.010120581835508347,-0.019119516015052795
-0.05711812898516655,-0.034966327250003815,0.09061878174543381,-0.041966717690229416,-0.0017988188192248344,-0.05113955959677696,0.029345592483878136,0.010781778022646904,0.07541504502296448,-0.002649363363161683,-0.07750748842954636,0.029469022527337074,0.05486408993601799,-0.038573212921619415,0.05020193010568619,0.026908718049526215,0.049195874482393265,-0.024408025667071342,0.0153501583263278,-0.07275790721178055
-0.04970221593976021,-0.020688602700829506,-0.03265731409192085,0.06831130385398865,-0.009472915902733803,-0.016900233924388885,0.08002632856369019,-0.055847883224487305,0.013402196578681469,0.01758035458624363,0.04952184483408928,0.07376045733690262,0.01825653202831745,0.035470061004161835,-0.04134473204612732,-0.05982080474495888,-0.02797732688486576,-0.06503245234489441,-0.015649743378162384,0.04522360861301422
0.015879346057772636,0.07294099777936935,-0.02923361212015152,0.01765245571732521,0.043340880423784256,-0.0936439260840416,0.05476275086402893,0.019542980939149857,0.013435941189527512,0.056323327124118805,0.05079780891537666,0.06340397149324417,-0.0032508443109691143,0.033438995480537415,-0.03311499208211899,-0.06373722851276398,-0.024159245193004608,-0.001537910895422101,0.025820108130574226,-0.062173910439014435
0.020208122208714485,0.08045944571495056,0.07741129398345947,-0.007826128974556923,0.06242227554321289,-0.07983031868934631,0.06874679774045944,0.006194000598043203,-0.016270175576210022,-0.00887820404022932,0.019471721723675728,0.015166095457971096,-0.03763852268457413,0.04633815214037895,-0.05026475712656975,-0.07987119257450104,-0.050854459404945374,-0.022543972358107567,0.005989005323499441,0.01357678510248661
-0.0033574632834643126,0.00148081686347723,0.07678619772195816,-0.04485774040222168,-0.029794832691550255,-0.0045833829790353775,0.005746451206505299,-0.050880316644907,0.05308821052312851,0.028001049533486366,-0.08182529360055923,0.07511979341506958,0.025535188615322113,0.06384001672267914,-0.011004677973687649,-0.06253277510404587,0.03256159648299217,0.06634413450956345,-0.013052793219685555,-0.05972825363278389
-0.018788788467645645,0.0050414009019732475,0.07121167331933975,0.07688726484775543,0.04263031482696533,-0.009245212189853191,0.040853068232536316,0.01603947952389717,0.08472993224859238,0.05318211019039154,0.0037977576721459627,0.040385901927948,0.031442053616046906,-0.058227043598890305,0.035388097167015076,0.012782271020114422,0.03267383202910423,0.05986620858311653,0.03731576353311539,-0.07647819817066193
0.0762966051697731,0.07276970148086548,0.06929035484790802,0.05636374279856682,-0.05578165128827095,0.010348545387387276,0.0061464919708669186,0.02761108987033367,0.06521020829677582,-0.06441684812307358,-0.0623050183057785,0.023819873109459877,0.028870481997728348,-0.028639961034059525,-0.049361471086740494,-0.016047278419137,0.0027208407409489155,0.010711208917200565,-0.05335371568799019,-0.026241756975650787
0.03624161332845688,-0.04893707111477852,0.05363563075661659,0.02476964332163334,-0.056880656629800797,-0.07630308717489243,0.07635347545146942,0.030933640897274017,-0.008309450931847095,0.04162251949310303,-0.01904582977294922,-0.04080432653427124,0.04566522687673569,-0.002290915697813034,0.06545837223529816,-0.05136280506849289,0.05972038954496384,0.01877477765083313,-0.03553701564669609,0.03397238999605179
0.009907813742756844,0.0737202912569046,-0.0019372215028852224,0.07012735307216644,0.00481718685477972,-0.016421321779489517,0.024897661060094833,0.007140148896723986,0.02727472223341465,-0.0487506240606308,-0.0532645583152771,0.04145781323313713,-0.027056187391281128,-0.022561896592378616,0.011394737288355827,-0.014673247002065182,-0.04188317432999611,-0.02731865644454956,-0.020032532513141632,0.05692971497774124
0.04903407022356987,0.011801335960626602,0.01797666773200035,0.061144281178712845,-0.07045400142669678,-0.05479239299893379,0.07631732523441315,-0.05829644203186035,-0.03030957281589508,-0.07156390696763992,0.016451595351099968,-0.034047313034534454,0.011433749459683895,-0.055814601480960846,0.013352976180613041,0.005455727688968182,0.03800300508737564,-0.043196916580200195,-0.04306085407733917,0.0027147734072059393
0.08562890440225601,0.00931953452527523,-0.021173279732465744,0.008884872309863567,0.06034902110695839,0.020870570093393326,0.06011466309428215,-0.04362594708800316,0.043663837015628815,0.05471833050251007,-0.0459090955555439,0.07266739755868912,-0.06367450207471848,0.0397786945104599,-0.022265544161200523,-0.07915590703487396,-0.014998571015894413,-0.014607828110456467,0.0534297376871109,0.01578676514327526
-0.02111150696873665,-0.030177269130945206,0.07289649546146393,0.04659070819616318,-0.0647694319486618,0.009334167465567589,-0.006364720407873392,-0.009026040323078632,0.028340967372059822,-0.06471696496009827,-0.0502266064286232,0.025869810953736305,-0.06191565468907356,-0.025471972301602364,0.052882324904203415,-0.07084368169307709,0.010293436236679554,0.01274279598146677,-0.048009008169174194,-0.015311388298869133
0.020853886380791664,0.025671863928437233,0.028881823644042015,0.07671606540679932,-0.043954841792583466,-0.0834444910287857,-0.006962655112147331,-0.04678803309798241,-0.058126743882894516,0.03027220442891121,-0.016126738861203194,0.02186570316553116,-0.006634710822254419,-0.05821606516838074,-0.041941508650779724,0.030957408249378204,-0.049031198024749756,-0.02244204469025135,0.00939871184527874,-0.027613142505288124
0.04665278643369675,0.02704688347876072,-0.017871204763650894,-0.02264556474983692,0.04491829872131348,-0.05567090958356857,-0.00479658879339695,0.06625588238239288,0.05813039466738701,0.030218910425901413,0.044097449630498886,-0.03159776329994202,0.012937161140143871,-0.0596795417368412,-0.022102253511548042,0.0436505451798439,-0.027917077764868736,-0.05580775812268257,0.03911907225847244,-0.013552386313676834
-0.04987965151667595,0.06459974497556686,-0.02322128601372242,-0.003669053316116333,-0.02517532929778099,-0.0415322370827198,0.07590439915657043,-0.009696979075670242,0.06097814813256264,0.04498389735817909,-0.08442109823226929,0.032137010246515274,-0.02027861960232258,-0.058756761252880096,0.020323703065514565,-0.07115136831998825,0.04076852276921272,0.030684083700180054,0.05303268879652023,-0.0125123281031847
0.008409938775002956,0.018300650641322136,-0.013981767930090427,0.07537900656461716,-0.009660263545811176,0.010927092283964157,0.09268738329410553,-0.06798864156007767,0.027141816914081573,0.002841812325641513,-0.053914692252874374,0.02874748967587948,-0.02606814168393612,-0.016155101358890533,-0.019891798496246338,-0.019840648397803307,0.0040236953645944595,0.02223469689488411,0.014875628054141998,-0.001971269492059946
0.05865507572889328,-0.03857692703604698,-0.022959643974900246,-0.016649989411234856,-0.025270426645874977,-0.07944230735301971,0.07670316845178604,0.009059851057827473,-0.046541728079319,0.03806515038013458,-0.06051799654960632,0.03860995173454285,-0.029050137847661972,0.04370752349495888,0.058700378984212875,-0.07764435559511185,-0.05883275344967842,0.009005882777273655,0.03431767225265503,0.025989264249801636
0.04756571725010872,0.06509064882993698,0.07033036649227142,0.07290494441986084,0.04998340830206871,0.0073020546697080135,0.01486826129257679,-0.015211716294288635,-0.0229635126888752,-0.06999582052230835,-0.07873514294624329,0.03796888515353203,-0.030679015442728996,-0.0286520067602396,-0.0297322366386652,0.04796532914042473,0.06027272716164589,-0.06231549009680748,-0.0028936949092894793,0.00796829629689455
0.04756571725010872,0.06509064882993698,0.07033036649227142,0.07290494441986084,0.04998340830206871,0.0073020546697080135,0.01486826129257679,-0.015211716294288635,-0.0229635126888752,-0.06999582052230835,-0.07873514294624329,0.03796888515353203,-0.030679015442728996,-0.0286520067602396,-0.0297322366386652,0.04796532914042473,0.06027272716164589,-0.06231549009680748,-0.0028936949092894793,0.00796829629689455
0.042823031544685364,-0.03927116468548775,0.08092989027500153,0.08185916393995285,-0.0011644938495010138,0.0030019318219274282,-0.009992946870625019,-0.0757024884223938,-0.03804430738091469,0.06472137570381165,-0.0528293177485466,0.008175787515938282,-0.007327733561396599,0.003133246209472418,0.015351890586316586,-0.017904654145240784,0.050600890070199966,-0.029718980193138123,0.05368899926543236,-0.05843720957636833
0.016139956191182137,-0.018044305965304375,0.04275856167078018,0.018700402230024338,0.04762246832251549,-0.05578361824154854,-0.008374405093491077,-0.0439409464597702,0.06061778962612152,0.03484782576560974,-0.08073045313358307,0.007759612984955311,0.06698397547006607,0.027758082374930382,-0.01843857765197754,-0.06036067381501198,-0.03162815794348717,-0.06646233797073364,0.04193779453635216,-0.04702068492770195
-0.04697265103459358,-0.04360756278038025,-0.030363675206899643,0.028217587620019913,0.06326721608638763,-0.10510475933551788,-0.014454061165452003,-0.031644947826862335,0.058156970888376236,-0.04708137735724449,-0.003102714428678155,0.07736382633447647,-0.005521227605640888,-0.04609708860516548,-0.07101135700941086,-0.08109622448682785,-0.003476774785667658,0.03999989107251167,0.014028799720108509,-0.02278301492333412
0.06820907443761826,-0.0010674899676814675,0.07646695524454117,-0.02427036687731743,0.062365636229515076,-0.003959241788834333,-0.0331316776573658,-0.0008710730471648276,-0.06124035269021988,0.05921303853392601,-0.0323060117661953,0.005922491196542978,-0.05007648095488548,-0.06339312344789505,-0.016070889309048653,-0.07246388494968414,-0.03402017802000046,-0.028778444975614548,0.012496833689510822,-0.07629333436489105
0.0057846116833388805,0.037595368921756744,0.02561691217124462,0.03827105835080147,0.016379432752728462,-0.07442775368690491,-0.018403921276330948,0.025786105543375015,0.07241859287023544,-0.03771751746535301,0.01843515783548355,-0.03680349141359329,0.008525263518095016,-0.008577155880630016,0.007978355512022972,0.01128963753581047,0.06073296442627907,-0.03208092227578163,-0.04151437431573868,0.025798574090003967
0.06041904538869858,-0.051511771976947784,0.0160518791526556,-0.004682437516748905,0.023337658494710922,-0.048143476247787476,0.10122056305408478,-0.048822809010744095,0.012894614599645138,-0.07490737736225128,-0.0022367467172443867,0.08191920071840286,-0.018117528408765793,-0.048639167100191116,0.026967853307724,-0.09222520887851715,-0.012726039625704288,0.022901592776179314,0.03083406575024128,-0.028552299365401268
-0.03223893791437149,-0.018426790833473206,0.07787806540727615,0.027245208621025085,-0.023798054084181786,-0.10253573209047318,0.001538409385830164,-0.01881369948387146,-0.028203165158629417,-0.02176966704428196,0.014906422235071659,0.06844739615917206,0.024693496525287628,-0.023549964651465416,-0.021347418427467346,0.02228352427482605,0.007945068180561066,0.010071895085275173,0.020226290449500084,0.0005612570676021278
0.05201464146375656,0.04773306846618652,0.09427917748689651,0.03145262971520424,-0.02808764949440956,-0.003124020528048277,-0.014159210957586765,0.011826055124402046,-0.01668347232043743,0.0678483247756958,-0.0039291237480938435,0.04159380495548248,0.03634922206401825,-0.02743999846279621,0.043656133115291595,0.02297092042863369,-0.04574189707636833,-0.043661657720804214,0.03374377265572548,-0.018917042762041092
0.033024776726961136,0.02170630730688572,-0.012395073659718037,-0.02917337231338024,0.04794115573167801,-0.03500225022435188,-0.015215289779007435,-0.02179107442498207,0.05993310734629631,0.044459305703639984,-0.006343057379126549,-0.029694203287363052,0.06178184971213341,0.034543830901384354,-0.048771679401397705,-0.07761852443218231,-0.02252904511988163,-0.016960807144641876,-0.06025446206331253,-0.07066477835178375
0.05861268565058708,0.0270726066082716,0.03253611922264099,-0.05599062889814377,-0.025269765406847,-0.005777442827820778,0.005377206020057201,0.053345225751399994,0.013320409692823887,-0.022301243618130684,0.014071092940866947,0.06140831857919693,0.059470973908901215,0.043934933841228485,0.020246049389243126,0.024376118555665016,-0.0486169271171093,0.033475056290626526,0.018330007791519165,-0.04558516666293144
0.05253291502594948,0.08839037269353867,-0.010259722359478474,0.045643486082553864,0.007150114513933659,-0.10482518374919891,0.015873542055487633,0.03525274991989136,-0.05686505511403084,-0.04784605652093887,-0.021686885505914688,-0.03455943614244461,-0.028886813670396805,-0.017594093456864357,0.06995973736047745,-0.05579705536365509,0.026393234729766846,-0.026985328644514084,0.052705638110637665,0.0156552717089653
0.049266792833805084,-0.026441063731908798,0.0693899616599083,0.0070619359612464905,-0.02008824795484543,-0.04727409780025482,-0.015095863491296768,0.035327691584825516,0.014752110466361046,-0.027704520151019096,0.019831005483865738,0.0846538171172142,0.07127939909696579,-0.04291306063532829,-0.04426569119095802,-0.005012243986129761,0.015554421581327915,0.0829862579703331,-0.05824867635965347,0.018787473440170288
0.07577408105134964,-0.006795426364988089,0.04996075853705406,-0.05674901604652405,-0.07137508690357208,0.005072236061096191,0.03542586416006088,-0.040260475128889084,-0.038233306258916855,0.029770484194159508,-0.08392538875341415,-0.005464605987071991,0.005037522409111261,-0.06423500180244446,-0.06302076578140259,-0.07549436390399933,-0.023144204169511795,0.054951757192611694,-0.05306146666407585,0.014511501416563988
0.02768601104617119,0.04826558753848076,-0.03966705873608589,0.01547568291425705,-0.03319646790623665,-0.041279856115579605,-0.007150744087994099,-0.0043744430877268314,0.027467112988233566,-0.04739756137132645,-0.07945262640714645,0.06986032426357269,-0.06795285642147064,0.06838726997375488,-0.053728699684143066,-0.03458433598279953,-0.05162210762500763,0.001717765349894762,0.00695436866953969,-0.050565123558044434
-0.02540472336113453,0.06315873563289642,0.0777873694896698,0.06245630607008934,0.03940107673406601,-0.09541723877191544,-0.04010654613375664,-0.027940252795815468,0.02511279471218586,0.06089121475815773,-0.0040693082846701145,0.030094878748059273,0.0214829221367836,0.060893770307302475,0.01562500186264515,0.03267402946949005,-0.01595144532620907,-0.02257797308266163,-0.05916223302483559,-0.06417066603899002
-0.02540472336113453,0.06315873563289642,0.0777873694896698,0.06245630607008934,0.03940107673406601,-0.09541723877191544,-0.04010654613375664,-0.027940252795815468,0.02511279471218586,0.06089121475815773,-0.0040693082846701145,0.030094878748059273,0.0214829221367836,0.060893770307302475,0.01562500186264515,0.03267402946949005,-0.01595144532620907,-0.02257797308266163,-0.05916223302483559,-0.06417066603899002
0.057234734296798706,0.040643107146024704,0.028693445026874542,-0.04508854076266289,-0.02092074230313301,-0.0490853488445282,-0.022952686995267868,-0.03450813516974449,-0.05102751776576042,0.025250554084777832,-0.03775055706501007,-0.028963247314095497,-0.07215419411659241,0.009782795794308186,0.0642867460846901,-0.007181931287050247,-0.011334264650940895,0.0055799041874706745,0.08341121673583984,-0.004796980880200863
-0.015433617867529392,-0.017762083560228348,0.09824071824550629,0.03126365318894386,-0.02968430146574974,-0.054317060858011246,0.03028126060962677,-0.04721221700310707,-0.022571586072444916,0.0668414831161499,0.025137392804026604,0.072877436876297,0.04083624482154846,-0.055004604160785675,0.06057623773813248,0.02271909825503826,-0.03153863549232483,0.00045166269410401583,0.022952768951654434,0.031442463397979736
0.012526458129286766,0.0028642548713833094,-0.02781468629837036,0.02690221183001995,-0.022034192457795143,-0.014609718695282936,-0.03992145135998726,0.005886416416615248,-0.04865936562418938,-0.027553986757993698,-0.07732986658811569,0.02647576481103897,-0.03099527582526207,-0.015466094017028809,-0.05695835128426552,-0.08964227139949799,-0.07704908400774002,-0.033467162400484085,-0.023192323744297028,0.012225411832332611
-0.04523089900612831,0.0013001994229853153,0.06213019788265228,-0.010763430036604404,-0.038144972175359726,-0.06519276648759842,0.03323750197887421,0.002547448268160224,0.07592841237783432,0.05473010614514351,-0.049244821071624756,0.02380756475031376,0.04666865989565849,0.05057404190301895,-0.055143509060144424,-0.028113869950175285,0.056920431554317474,-0.04311724379658699,-0.002295219339430332,-0.039559345692396164
-0.04523089900612831,0.0013001994229853153,0.06213019788265228,-0.010763430036604404,-0.038144972175359726,-0.06519276648759842,0.03323750197887421,0.002547448268160224,0.07592841237783432,0.05473010614514351,-0.049244821071624756,0.02380756475031376,0.04666865989565849,0.05057404190301895,-0.055143509060144424,-0.028113869950175285,0.056920431554317474,-0.04311724379658699,-0.002295219339430332,-0.039559345692396164
0.013853389769792557,0.01282470766454935,-0.0017961206613108516,0.02239050157368183,0.007256230805069208,-0.056410957127809525,0.040992774069309235,-0.052136898040771484,0.07745792716741562,0.0013950172578915954,-0.04440003260970116,-0.020597532391548157,0.04640444368124008,0.04848637804389,-0.016234474256634712,0.010345716029405594,0.04614502564072609,-0.026099642738699913,-0.036601096391677856,-0.00182977388612926
-0.056339286267757416,0.06583413481712341,0.05381835252046585,0.08847256004810333,0.04755183309316635,-0.08545267581939697,-0.02640073373913765,0.049698442220687866,0.021313520148396492,-0.06747156381607056,0.009288638830184937,0.05351458117365837,0.03778772056102753,-0.03160243481397629,0.07573599368333817,-0.01744771935045719,-0.01963779702782631,-0.0413937121629715,0.015528017655014992,0.00657509732991457
-0.03540924936532974,0.05918951332569122,-0.01464755181223154,0.012594475410878658,-0.0013715598033741117,0.0301346555352211,-0.026899483054876328,-0.0685063898563385,-0.024786777794361115,-0.03482653945684433,-0.05447682738304138,-0.011282275430858135,-0.03870740160346031,0.0391414649784565,-0.04185792803764343,0.040248747915029526,0.008959399536252022,0.06842747330665588,-0.061345960944890976,0.014563946053385735
0.011575273238122463,0.04613032937049866,0.06084609776735306,-0.0031642604153603315,0.03185376897454262,-0.02584861032664776,0.07098852843046188,0.04710668697953224,-0.029317650943994522,-0.029184460639953613,0.005214947275817394,0.018065931275486946,0.022604113444685936,-0.03530944138765335,0.06728816032409668,0.04827474430203438,0.03492681682109833,0.059424471110105515,0.029776303097605705,0.011015127412974834
0.07071108371019363,0.05729198828339577,0.045110173523426056,-0.01941058784723282,-0.0710436999797821,-0.08139318972826004,0.005138132721185684,0.07263591885566711,0.057542797178030014,-0.033867523074150085,0.03512312471866608,0.029428478330373764,-0.029295751824975014,-0.0034195201005786657,0.04341990500688553,-0.014058763161301613,0.011474134400486946,0.025153115391731262,0.020309437066316605,-0.015422580763697624
-0.0021734600886702538,-0.027482926845550537,0.05650542303919792,-0.03274323418736458,-0.004394284449517727,-0.09343177080154419,0.08147690445184708,-0.07252015173435211,0.05788278952240944,-0.001446962938643992,0.008634981699287891,-0.029717862606048584,-0.06356068700551987,0.02327141724526882,-0.012452310882508755,0.03619963303208351,-0.08269428461790085,-0.06271913647651672,-0.05010536313056946,-0.022691207006573677
0.003161697881296277,-0.016765229403972626,0.09129033982753754,0.017514334991574287,-0.05744604393839836,-0.07927779853343964,-0.013513239100575447,-0.036057423800230026,-0.02474375255405903,0.011885167099535465,0.032317571341991425,-0.015245368704199791,-0.03079880215227604,0.00042412453331053257,-0.010021660476922989,-0.05343513935804367,-0.037822090089321136,0.055859100073575974,-0.01691632717847824,0.04021172225475311
-0.004756564274430275,0.00482908682897687,0.07336324453353882,-0.01940261386334896,-0.07177279144525528,-0.08080925047397614,0.05725257471203804,-0.04886860027909279,0.05217140540480614,-0.036704808473587036,-0.016739757731556892,0.011868580244481564,-0.034349266439676285,0.06536783277988434,-0.005650726146996021,-0.06551874428987503,0.05347976088523865,-0.019009776413440704,0.06270477920770645,-0.059167683124542236
-0.015194826759397984,0.057169344276189804,0.08484092354774475,-0.041784342378377914,0.021053967997431755,0.002335979137569666,-0.029280049726366997,0.03465211018919945,-0.03266468644142151,-9.971304825739935e-05,-0.04505106061697006,-0.01989768259227276,-0.027847392484545708,0.0339994914829731,0.04537758603692055,-0.009616594761610031,0.05998172610998154,0.07623425126075745,0.005683922208845615,-0.0035232279915362597
-0.003440792905166745,0.055543944239616394,-0.008214614354074001,-0.029413355514407158,0.021320490166544914,-0.009229160845279694,0.10013628005981445,0.043574459850788116,-0.02123126946389675,0.05898663029074669,-0.019680777564644814,0.08017481118440628,0.0212298221886158,-0.03308627009391785,-0.029048757627606392,0.0028141560032963753,-0.08125196397304535,0.07315921038389206,0.027322879061102867,-0.08040302991867065
0.07685283571481705,0.033300090581178665,0.047916363924741745,-0.05314953997731209,0.03638394922018051,-0.059552453458309174,0.007591182366013527,0.0632772445678711,-0.032379113137722015,-0.0004097046912647784,0.002709037624299526,0.09558270871639252,0.045403897762298584,-0.04084064066410065,0.022553082555532455,-0.022793050855398178,-0.011533834971487522,0.015614069066941738,-0.06731029599905014,-0.04172714799642563
0.047367438673973083,0.03488233685493469,0.08369005471467972,0.06158309802412987,0.05432513356208801,0.03848496079444885,0.0935201570391655,-0.008683648891746998,-0.05082613229751587,-0.039750564843416214,-0.0577954463660717,-0.00427799578756094,0.03375529870390892,-0.027027076110243797,0.031562481075525284,0.007202104665338993,-0.06183430925011635,-0.022774385288357735,-0.025061845779418945,0.003984534181654453
0.05854768306016922,-0.004203242715448141,0.047044940292835236,-0.0018933170940726995,0.0046030799858272076,0.040661681443452835,-0.0172744058072567,-0.027258416637778282,0.0653713047504425,0.04816015437245369,-0.06450764089822769,0.03813266381621361,0.018987076357007027,-0.032804936170578,0.04964030161499977,-0.011581209488213062,-0.07220086455345154,0.018623681738972664,0.02698521502315998,0.012090099044144154
0.040406689047813416,0.06788492202758789,0.05338219553232193,0.03112553246319294,-0.0011317600728943944,-0.007607119623571634,0.10043051838874817,-0.037687066942453384,0.011114750057458878,0.05136262625455856,-0.030763424932956696,-0.025504207238554955,-0.007496169302612543,-0.004678794648498297,-0.016704924404621124,-0.0425742082297802,0.0065504093654453754,0.07646581530570984,0.0739915668964386,0.0076321810483932495
-0.052662257105112076,-0.043425388634204865,0.04363981634378433,-0.024006960913538933,-0.016150550916790962,-0.06803279370069504,-0.03513304889202118,-0.010179292410612106,0.03090236894786358,-0.012217354960739613,-0.010103649459779263,-0.03416244685649872,0.03941885381937027,0.045031607151031494,-0.02626575157046318,-0.07725366950035095,-0.028967827558517456,0.0812131017446518,-0.0651044026017189,0.05102027207612991
0.03655049204826355,-0.028934206813573837,0.044489067047834396,0.05936066806316376,-0.02672363817691803,-0.08182086050510406,0.07001999020576477,-0.016611456871032715,0.0686577633023262,-0.07063352316617966,-0.07639671117067337,-0.006725542712956667,-0.05278266593813896,-0.021242346614599228,0.07020746171474457,0.010660369880497456,0.02874763123691082,0.011383198201656342,-0.04151102527976036,-0.049417659640312195
-0.052662257105112076,-0.043425388634204865,0.04363981634378433,-0.024006960913538933,-0.016150550916790962,-0.06803279370069504,-0.03513304889202118,-0.010179292410612106,0.03090236894786358,-0.012217354960739613,-0.010103649459779263,-0.03416244685649872,0.03941885381937027,0.045031607151031494,-0.02626575157046318,-0.07725366950035095,-0.028967827558517456,0.0812131017446518,-0.0651044026017189,0.05102027207612991
0.029077842831611633,-0.045808885246515274,-0.034545768052339554,0.026317192241549492,-0.0021263575181365013,0.0016090776771306992,0.06580683588981628,0.03407633677124977,0.047785695642232895,0.008102012798190117,0.016844257712364197,-0.03198980540037155,0.03420337289571762,0.016732940450310707,-0.03896016255021095,-0.0023622026201337576,-0.06419482082128525,0.022146077826619148,0.045802682638168335,-0.08459609001874924
0.03371839597821236,-0.04354419186711311,0.035351403057575226,0.004427042324095964,-0.0408213771879673,-0.07203247398138046,0.03241430222988129,0.049861036241054535,-0.02105243131518364,0.024553943425416946,-0.05685651674866676,-0.00931892916560173,-0.009829035960137844,-0.06489034742116928,0.05400007218122482,0.04698830470442772,-0.04475316032767296,-0.03512248769402504,-0.027098122984170914,-0.01958242990076542
-0.04151865467429161,0.0741666778922081,0.048840638250112534,0.01200171560049057,-0.014430764131247997,-0.018606500700116158,0.042759157717227936,-0.03574119508266449,-0.032834168523550034,-0.052389856427907944,-0.02717203088104725,0.026615455746650696,-0.0379619225859642,0.01856556348502636,-0.030043112114071846,-0.0716027021408081,-0.07769199460744858,0.02391282096505165,0.06564881652593613,0.004475606605410576
0.0579063855111599,-0.059047091752290726,0.026566360145807266,-0.012072048150002956,0.05570587143301964,-0.046581242233514786,0.006861862726509571,0.05299265310168266,-0.0046768151223659515,-0.022216349840164185,0.0004593749181367457,-0.04072101041674614,-0.002049641450867057,-0.029075181111693382,0.04976186156272888,0.026945514604449272,0.02858005091547966,-0.008685666136443615,-0.05062994360923767,-0.025169741362333298
0.00792193878442049,0.06543456017971039,-0.03671059384942055,-0.04627293348312378,0.03823546692728996,-0.03723382577300072,-0.008439742960035801,-0.014889328740537167,0.01052804384380579,0.07597274333238602,-0.014498335309326649,-0.03005122020840645,0.00416197907179594,-0.06325297802686691,0.03559693694114685,-0.09552302956581116,0.006735594477504492,0.059938691556453705,-0.03059658408164978,0.056286364793777466
-0.03666688874363899,0.06583266705274582,-0.02960014156997204,0.011005879379808903,-0.01296168565750122,0.025816719979047775,0.11274243146181107,0.011889851652085781,0.07078461349010468,0.004879237152636051,-0.024652142077684402,0.031741295009851456,0.05869170278310776,0.05060844495892525,0.07749307155609131,-0.0827360674738884,-0.03699862211942673,0.026280177757143974,0.051985204219818115,0.03041825257241726
0.014532024040818214,-0.008272424340248108,0.03181846812367439,-0.03597397729754448,0.025709981098771095,-0.04909145459532738,0.07226652652025223,0.03618002310395241,-0.03805777430534363,-0.043266382068395615,0.02861236035823822,-0.04250673949718475,0.013501273468136787,0.06600639224052429,-0.05873575806617737,-0.05950846150517464,-0.06849484145641327,0.014280475676059723,-0.05832577496767044,-0.0678747296333313
-0.025092877447605133,0.0011137285036966205,0.01642378233373165,0.026391614228487015,-0.020086178556084633,-0.10313515365123749,0.037459563463926315,-0.012633534148335457,0.009328925982117653,-0.03180108591914177,-0.022391745820641518,-0.044615402817726135,0.05001760646700859,0.012842432595789433,0.025080138817429543,-0.052202824503183365,-0.06771529465913773,0.0171382836997509,-0.03829038515686989,-0.04126308858394623
0.055839911103248596,0.06608474999666214,-0.02513156644999981,-0.01660446636378765,-0.05886521190404892,-0.09900736808776855,0.043059561401605606,-0.050727423280477524,-0.02283395268023014,0.047111108899116516,0.0003940259339287877,0.06373751163482666,-0.010483900085091591,-0.007142331451177597,0.062483079731464386,-0.07359128445386887,0.03755652531981468,-0.053301479667425156,-0.055121663957834244,-0.04715890437364578
0.0658426582813263,0.06774896383285522,0.03718484565615654,-0.042660996317863464,0.00443628104403615,-0.059506189078092575,0.01524547953158617,-0.03785305842757225,0.04114053025841713,0.06167202442884445,-0.014432459138333797,0.050632867962121964,-0.027084005996584892,-0.060892872512340546,0.05100606381893158,-0.05617962405085564,-0.06873281300067902,0.07957172393798828,0.0692608579993248,-0.01647143065929413
0.03249543532729149,0.05323251336812973,0.0958002582192421,0.06506011635065079,0.021186625584959984,-0.014247234910726547,0.05939459428191185,-0.02850012294948101,-0.05193675681948662,-0.05797046050429344,-0.06021084263920784,0.030047191306948662,0.007009419612586498,-0.012303866446018219,0.025196338072419167,-0.07701078057289124,-0.06729397177696228,-0.06498588621616364,0.08038338273763657,-0.01296368520706892
-0.05159884691238403,0.00996715109795332,-0.035641904920339584,0.09698498249053955,-0.0040229307487607,-0.06140882149338722,0.044086579233407974,-0.05018085986375809,0.052347104996442795,0.022815119475126266,-0.0740523487329483,0.05958715081214905,0.06611919403076172,0.003986762370914221,-0.047640372067689896,-0.01658954657614231,-0.05072261393070221,0.03290044888854027,0.04196321591734886,0.04061751812696457
0.08045975118875504,0.06296350806951523,0.05017326772212982,0.06097293272614479,0.05964462086558342,-0.07834700495004654,0.013652087189257145,0.010262792930006981,0.01396658644080162,0.07543863356113434,0.036936383694410324,0.04293731227517128,0.05138787627220154,-0.053187765181064606,-0.04772721976041794,0.039315011352300644,-0.03542601317167282,0.014227824285626411,0.07160083204507828,0.013988083228468895
0.08045975118875504,0.06296350806951523,0.05017326772212982,0.06097293272614479,0.05964462086558342,-0.07834700495004654,0.013652087189257145,0.010262792930006981,0.01396658644080162,0.07543863356113434,0.036936383694410324,0.04293731227517128,0.05138787627220154,-0.053187765181064606,-0.04772721976041794,0.039315011352300644,-0.03542601317167282,0.014227824285626411,0.07160083204507828,0.013988083228468895
-0.04013066366314888,0.07525651156902313,0.08471475541591644,-0.026882976293563843,-0.035762082785367966,-0.02388487197458744,0.021950094029307365,-0.03367547690868378,0.0346420593559742,-0.040944844484329224,-0.0174003466963768,0.0838204175233841,-0.04853469505906105,0.01049272995442152,0.02566256746649742,0.04766593873500824,-0.07864848524332047,0.003123832866549492,0.06984806060791016,-0.01851763390004635
0.04143024608492851,0.057402193546295166,0.09040413796901703,0.08986213058233261,-0.01938560977578163,-0.03046363964676857,0.008595078252255917,-0.0030833010096102953,0.005678183864802122,-0.0588112510740757,-0.05889218673110008,0.0553409717977047,0.02458096481859684,0.006409594789147377,0.0092672323808074,-0.07087681442499161,0.038692161440849304,-0.054297637194395065,-0.024886785075068474,-0.05558795854449272
0.038683999329805374,-0.04394293203949928,-0.0193405169993639,-0.02577739767730236,-0.028036005795001984,0.025139249861240387,0.05319840461015701,-0.06188097223639488,-0.020566456019878387,-0.0680275559425354,0.04029129073023796,0.032160382717847824,0.008030717261135578,-0.0318136066198349,0.03447144851088524,-0.04782426357269287,-0.07129991054534912,-0.055656176060438156,-0.024076061323285103,0.027857385575771332
-0.021639417856931686,0.029015155509114265,0.10650384426116943,0.07142838835716248,-0.014714105986058712,-0.009735102765262127,0.03461020439863205,-0.05939183011651039,0.04845203831791878,0.03798653930425644,0.015666428953409195,0.07189446687698364,-0.05186622217297554,-0.0375184565782547,-0.023809676989912987,0.040875837206840515,-0.0763026773929596,0.08536788076162338,0.06852565705776215,-0.018751636147499084
0.07501202076673508,-0.04688461497426033,0.047401487827301025,-0.034708425402641296,0.03058355301618576,0.03529469668865204,-0.03459152951836586,-0.01318696141242981,0.023363061249256134,-0.0544426292181015,-0.021838176995515823,0.0320679135620594,0.04581589251756668,-0.049068763852119446,-0.016118913888931274,0.010813217610120773,-0.08426866680383682,-0.017546622082591057,0.0629032701253891,-0.06276778876781464
0.0638185441493988,-0.05095043033361435,0.10178496688604355,-0.02204294316470623,0.048849768936634064,-0.037550345063209534,0.08246307820081711,-0.043240513652563095,-0.003338984679430723,0.040365926921367645,0.018109068274497986,0.016094351187348366,-0.06134223937988281,-0.06457693129777908,0.03680229187011719,-0.0915450006723404,-0.01746809482574463,0.048115603625774384,-0.06282398104667664,0.014099839143455029
0.08722179383039474,-0.05257287994027138,0.0722915381193161,0.02082524634897709,-0.0648558959364891,-0.020624641329050064,-0.04300452023744583,0.04992668330669403,-0.006414510775357485,0.08008316159248352,0.0036803237162530422,-0.007298637181520462,-0.010667859576642513,0.0488157644867897,0.015710892155766487,-0.07128535211086273,-0.05927865207195282,-0.02399088442325592,0.023494260385632515,-0.05470370873808861
0.08722179383039474,-0.05257287994027138,0.0722915381193161,0.02082524634897709,-0.0648558959364891,-0.020624641329050064,-0.04300452023744583,0.04992668330669403,-0.006414510775357485,0.08008316159248352,0.0036803237162530422,-0.007298637181520462,-0.010667859576642513,0.0488157644867897,0.015710892155766487,-0.07128535211086273,-0.05927865207195282,-0.02399088442325592,0.023494260385632515,-0.05470370873808861
0.08722179383039474,-0.05257287994027138,0.0722915381193161,0.02082524634897709,-0.0648558959364891,-0.020624641329050064,-0.04300452023744583,0.04992668330669403,-0.006414510775357485,0.08008316159248352,0.0036803237162530422,-0.007298637181520462,-0.010667859576642513,0.0488157644867897,0.015710892155766487,-0.07128535211086273,-0.05927865207195282,-0.02399088442325592,0.023494260385632515,-0.05470370873808861
0.028024043887853622,-0.007951960898935795,0.05668000131845474,0.06409566849470139,0.010473664849996567,-0.057787708938121796,-0.0050062090158462524,0.046674229204654694,-0.021181147545576096,-0.051194727420806885,-0.054207172244787216,0.04330013319849968,-0.04136185348033905,0.020621946081519127,0.006839958485215902,-0.025301795452833176,0.04742570221424103,-0.0041273231618106365,0.005345790181308985,0.03376837447285652
0.028024043887853622,-0.007951960898935795,0.05668000131845474,0.06409566849470139,0.010473664849996567,-0.057787708938121796,-0.0050062090158462524,0.046674229204654694,-0.021181147545576096,-0.051194727420806885,-0.054207172244787216,0.04330013319849968,-0.04136185348033905,0.020621946081519127,0.006839958485215902,-0.025301795452833176,0.04742570221424103,-0.0041273231618106365,0.005345790181308985,0.03376837447285652
-0.019502466544508934,0.04456610977649689,0.03683343902230263,0.03643249347805977,0.012263147160410881,-0.10367584973573685,0.032254159450531006,0.04521149769425392,-0.0017167694168165326,-0.021103741601109505,0.05646663159132004,0.009902277030050755,-0.024929452687501907,-0.06163698062300682,-0.013563196174800396,0.010667925700545311,-0.08207467198371887,-0.004824597854167223,-0.038760799914598465,-0.06259468197822571
0.04263828694820404,-0.024592893198132515,0.01477635558694601,0.03328952565789223,0.06463997811079025,-0.06405717134475708,0.03278370574116707,-0.04999259486794472,-0.0442841611802578,0.05124947056174278,-0.06690730154514313,0.09121797978878021,0.03466431051492691,0.022868655622005463,0.018166933208703995,0.03987659141421318,-0.0010577759239822626,-0.0237985048443079,-0.026603996753692627,-0.004495888017117977
0.05592212826013565,-0.02807900309562683,0.005898967385292053,0.03788427636027336,0.023427175357937813,-0.08276597410440445,0.0962156131863594,0.031391363590955734,-0.02853614091873169,-0.05870554596185684,-0.03463427349925041,0.053837649524211884,-0.009983011521399021,-0.03527989238500595,-0.05562533065676689,-0.06739452481269836,0.06126983463764191,-0.019507335498929024,0.03599567711353302,-0.010414286516606808
-0.05159371718764305,-0.05442129075527191,0.09084770083427429,0.019208155572414398,-0.04171894118189812,-0.050071001052856445,0.0383988618850708,0.01336921751499176,0.07305619865655899,-0.00530535401776433,-0.07596509903669357,-0.03755146265029907,-0.00604427233338356,0.042462799698114395,0.023562485352158546,-0.0829906165599823,-0.008854696527123451,0.037754617631435394,-0.03613487631082535,0.02691328525543213
-0.014193161390721798,0.04808211699128151,0.03567842021584511,0.009890634566545486,0.05610962212085724,-0.001516154850833118,0.012621648609638214,0.03173794224858284,0.020332328975200653,-0.013124053366482258,0.02431296743452549,0.03970406949520111,0.06550691276788712,0.01277336198836565,0.03353908285498619,0.04784573242068291,0.03414243832230568,-0.008881771937012672,0.030706755816936493,-0.06650032848119736
0.006629088893532753,-0.00743644405156374,0.011070607230067253,0.051856815814971924,0.019132036715745926,-0.04010321572422981,0.0007146046846173704,-0.02098192274570465,0.013469542376697063,-0.035852450877428055,0.03414817899465561,0.0034018903970718384,-0.07018911093473434,-0.0692141056060791,0.027745632454752922,0.0005873561603948474,0.03726544603705406,-0.0038028203416615725,-0.017326707020401955,-0.01519753783941269
-0.028149019926786423,-0.03182611241936684,0.020699672400951385,0.014312229119241238,-0.04822526499629021,-0.03403839096426964,0.08073361217975616,0.021519094705581665,0.07767543941736221,6.0147060139570385e-05,0.04907558113336563,0.08211516588926315,-0.042960505932569504,0.048443105071783066,0.07695194333791733,0.04716867953538895,-0.027605369687080383,-0.00847575906664133,0.045767202973365784,0.0008121432038024068
0.028070669621229172,0.0415339395403862,0.07693618535995483,-0.044253889471292496,0.03337034955620766,-0.05143715441226959,0.04505399987101555,-0.027043411508202553,-0.028333395719528198,0.055504295974969864,0.02259206771850586,0.07423342019319534,-0.014248369261622429,-0.049598466604948044,0.06697537004947662,-0.06430236995220184,-0.030389314517378807,-0.019795050844550133,0.0538952574133873,0.03317400813102722
-0.0031196745112538338,0.013764350675046444,0.06281019747257233,0.06395676732063293,0.024223998188972473,-0.01474557165056467,0.024504588916897774,0.02529848739504814,0.053245365619659424,-0.0010927282273769379,-0.05115879699587822,0.057641804218292236,-0.006720219738781452,0.0032178673427551985,-0.04266415163874626,-0.010298901237547398,-0.06882951408624649,0.007510420400649309,0.07910611480474472,0.02615763060748577
-0.05438860505819321,-0.02854756824672222,-0.028388522565364838,-0.031173015013337135,-0.04062822833657265,0.03683628514409065,0.017628492787480354,-0.025582408532500267,0.007707781158387661,-0.05222940817475319,0.012756799347698689,-0.027075108140707016,-0.011190703138709068,0.06821456551551819,0.017273331061005592,-0.047851718962192535,0.05096349120140076,0.014455380849540234,0.02576258033514023,-0.002325204433873296
0.06321574747562408,0.0281757190823555,-0.029847649857401848,0.009647504426538944,0.04610241949558258,-0.08002038300037384,-0.0285161305218935,0.0024118346627801657,0.05720347911119461,0.0684746503829956,0.001370355486869812,0.07351072132587433,-0.05866777151823044,0.041041769087314606,-0.018854783847928047,0.00411240803077817,-0.04784213751554489,-0.049926020205020905,-0.0307284165173769,0.059853289276361465
0.04352463409304619,-0.02270502969622612,0.04764607176184654,-0.04246634244918823,0.05057968199253082,-0.048510074615478516,0.10457141697406769,0.011591981165111065,-0.007639535702764988,0.04894033074378967,0.016016744077205658,0.01847706362605095,-0.03672210872173309,0.0034194362815469503,0.03330719470977783,0.04505595192313194,-0.07422848045825958,-0.011191440746188164,-0.049318984150886536,-0.0032183025032281876
0.06660256534814835,-0.018005698919296265,-0.027143072336912155,-0.029302459210157394,-0.008346261456608772,-0.029972592368721962,0.04852898046374321,0.060814257711172104,0.02410268411040306,-0.03864334896206856,-0.007885206490755081,-0.007231270894408226,-0.047818828374147415,-0.03414206579327583,0.02756638638675213,0.04290023818612099,-0.04891091585159302,-0.034071359783411026,0.0022829703520983458,0.007463949732482433
0.04309310019016266,0.06248757988214493,0.05488576367497444,0.036283135414123535,0.051413774490356445,-0.047957513481378555,-0.008005735464394093,-0.05924885720014572,0.019017115235328674,-0.03965446352958679,0.02069755271077156,-0.022037982940673828,-0.06477289646863937,-0.03261571004986763,0.06241682544350624,-0.08003731071949005,0.021172253414988518,-0.013087036088109016,-0.04845046252012253,0.012982268817722797
0.010839291848242283,-0.01586984470486641,0.0073418146930634975,0.06432820111513138,-0.011719370260834694,0.0011348903644829988,0.08250894397497177,-0.0029624870512634516,0.0005133908125571907,-0.07086524367332458,-0.010314290411770344,-0.0459480844438076,0.0003155106387566775,0.032536789774894714,0.02323790267109871,-0.04325202479958534,-0.012124099768698215,-0.03775396570563316,-0.0023112427443265915,0.018586697056889534
0.0018621195340529084,0.0321464017033577,0.013510394841432571,-0.005318334326148033,0.049746185541152954,-0.0532732754945755,0.10114973783493042,-0.023896800354123116,0.033169906586408615,0.07071574777364731,0.04001676291227341,-0.014739888720214367,0.05320540815591812,-0.014192469418048859,-0.03137936070561409,0.046381425112485886,-0.05480276793241501,0.029668040573596954,0.07930202037096024,0.0031104721128940582
0.007226406596601009,-0.030947327613830566,0.07161503285169601,0.06056365743279457,-0.02270355075597763,-0.05769485980272293,0.025441812351346016,-0.07454764097929001,0.0694895088672638,-0.004226206801831722,-0.003161572851240635,0.07153842598199844,0.03275343030691147,0.008464132435619831,-0.06319587677717209,-0.0324278399348259,-0.009068367071449757,0.022545354440808296,-0.001079527079127729,-0.0804886519908905
-0.0019028382375836372,0.05944511666893959,0.02372412197291851,0.06588403880596161,-0.048906903713941574,0.03550447151064873,0.029310809448361397,-0.005234577227383852,-0.02026987634599209,0.00646404130384326,-0.0912611186504364,0.004979961551725864,0.06052184849977493,-0.026537591591477394,0.07202659547328949,0.047026533633470535,-0.03742222860455513,0.06632820516824722,0.06703207641839981,-0.03638901934027672
0.016978302970528603,0.05288596823811531,0.018235182389616966,0.060705993324518204,-0.038742344826459885,-0.10843323916196823,-0.0074340286664664745,0.022526279091835022,-0.006227992940694094,-0.003643135540187359,-0.019673306494951248,0.029651591554284096,0.030366359278559685,-0.05389789119362831,0.05713914334774017,-0.06910643726587296,0.0036273289006203413,-0.013192030601203442,-0.027118058875203133,0.03699040412902832
0.0366123802959919,0.061650536954402924,-0.015803441405296326,0.04990299791097641,0.021530376747250557,0.028079794719815254,0.0538146048784256,-0.03695671260356903,0.05345289781689644,0.06340634077787399,-0.06452416628599167,0.07095789164304733,0.05196137726306915,-0.009585157036781311,0.05399756133556366,-0.08905843645334244,-0.02008257620036602,0.03850363567471504,0.012067852541804314,-0.0673341155052185
-0.01888427697122097,-0.0376708097755909,-0.014514137990772724,-0.041569773107767105,-0.021797770634293556,-0.0229333508759737,0.09424978494644165,-0.036864813417196274,-0.000954744522459805,0.0569763109087944,0.04810170456767082,0.06383455544710159,-0.05022337660193443,0.049664221704006195,0.05644219368696213,-0.053944312036037445,-0.026530275121331215,-0.018572581931948662,0.02071574330329895,-0.07518452405929565
0.06331968307495117,0.015489530749619007,0.07917243987321854,-0.032255906611680984,0.030320627614855766,-0.04741952568292618,0.016699811443686485,0.004033994860947132,0.0548696406185627,0.024094585329294205,0.043946459889411926,0.004616237245500088,0.035284604877233505,-0.015958884730935097,0.06942830979824066,-0.01428165938705206,-0.011093656532466412,0.038496360182762146,0.008967673406004906,-0.058900803327560425
0.024943234398961067,-0.015444325283169746,-0.027717342600226402,0.07780205458402634,-0.07203438878059387,-0.012270782142877579,-0.03725399076938629,0.04681471362709999,0.06184866279363632,-0.01453962828963995,-0.01852303557097912,0.002320324070751667,-0.04584955796599388,-0.039583392441272736,0.010260151699185371,-0.046141352504491806,-0.02364269271492958,0.022335613146424294,0.05041385442018509,-0.016629135236144066
0.07409897446632385,0.020239444449543953,-0.03962573781609535,0.007583227474242449,-0.036546818912029266,-0.09530404210090637,-0.02308938093483448,0.038035016506910324,0.026449507102370262,0.07099681347608566,-0.06545611470937729,-0.01641118712723255,-0.06700722128152847,0.022249145433306694,-0.019267365336418152,0.006773829460144043,-0.08186148852109909,0.03743394464254379,0.004397433716803789,-0.053471725434064865
-0.03910386189818382,-0.05254950001835823,0.06474694609642029,0.08715327829122543,0.03547485172748566,-0.08835635334253311,0.03286489099264145,0.030272746458649635,-0.015073578804731369,0.0659119114279747,0.045608486980199814,0.08269424736499786,0.03468426689505577,-0.041728634387254715,0.005993402097374201,-0.022242652252316475,-0.038147032260894775,-0.00039004485006444156,-0.06004153564572334,0.02622375451028347
0.06968322396278381,-0.03937277942895889,0.046381186693906784,-0.02276390790939331,0.06885606795549393,-0.0010423174826428294,0.07328617572784424,-0.03888023644685745,0.046776771545410156,0.01394678745418787,0.04921464994549751,0.07165181636810303,-0.013541334308683872,-0.044054824858903885,-0.03168685361742973,-0.038679420948028564,-0.042069245129823685,0.025370202958583832,0.049856506288051605,-0.03018437884747982
0.027717333287000656,0.08294085413217545,0.027325430884957314,0.058016180992126465,-0.03089956007897854,-0.06436537951231003,0.004239554982632399,-0.06646201759576797,0.06965509802103043,-0.039405398070812225,-0.016245950013399124,0.0036251216661185026,0.048153650015592575,0.02378767356276512,-0.05731059983372688,0.03314300253987312,-0.040458932518959045,0.06752777099609375,-0.03272588923573494,-0.04510127380490303
-0.05796414241194725,-0.003699374618008733,0.04755382984876633,0.044748563319444656,0.043745674192905426,-0.018110312521457672,0.0037573992740362883,-0.045133914798498154,0.03626459836959839,-0.005034293048083782,-0.08158968389034271,0.017350144684314728,-0.004738232586532831,-0.016158200800418854,-0.04203827679157257,-0.048254892230033875,0.023446815088391304,0.049326129257678986,0.07774017751216888,0.028696870431303978
-0.059521451592445374,0.015116219408810139,0.08138382434844971,0.07985689491033554,-0.01803000457584858,0.024716293439269066,0.044487375766038895,-0.023535531014204025,0.008280017413198948,-0.018475139513611794,-0.05346745252609253,-0.04890594631433487,0.033268656581640244,-0.0178532712161541,-0.025557618588209152,-0.07770883291959763,0.016934510320425034,-0.028004292398691177,0.056292738765478134,-0.013442556373775005
