0,1,2,3,4,5,6,7,8,9,10,11,12,13,14,15,16,17,18,19
0.02715848572552204,0.06670971214771271,0.02811570093035698,0.053034331649541855,-0.020016049966216087,0.03243314102292061,0.053666677325963974,0.009245011024177074,0.02731674537062645,-0.10020319372415543,-0.008768733590841293,0.09566386789083481,0.06613138318061829,0.02706826850771904,0.04170237481594086,0.0714171901345253,-0.0015152625273913145,0.05405694246292114,-0.02168702520430088,-0.021342139691114426
0.0596604160964489,-0.018742168322205544,-0.0334579199552536,0.041918858885765076,0.04688109830021858,0.006414434872567654,-0.001951704383827746,0.015306571498513222,-0.028566913679242134,0.015692787244915962,0.04536119103431702,0.05327939614653587,-0.02609388716518879,0.06237882375717163,-0.03663964569568634,-0.005876407027244568,0.034577932208776474,0.033808302134275436,0.055730171501636505,-0.04568902403116226
-0.000821347872260958,-0.025079933926463127,0.011906207539141178,0.06343816220760345,-0.00372128514572978,0.04018852114677429,-0.046597134321928024,0.019429119303822517,-0.0135152293369174,-0.031916551291942596,0.04265502467751503,0.04598714038729668,-0.05065144971013069,-0.017518112435936928,-0.01909768022596836,-0.045386821031570435,-0.004574356600642204,-0.04323196038603783,-0.06395996361970901,-0.01462759543210268
0.02953108586370945,-0.018912293016910553,0.021038319915533066,-0.029325196519494057,0.08366920799016953,0.04058881849050522,-0.019871555268764496,0.028753336519002914,0.04041527584195137,-0.00034864176996052265,-0.04507165402173996,0.09117874503135681,0.05703490227460861,0.02408210188150406,0.1016014963388443,0.04253505915403366,0.01932983659207821,-0.04791044443845749,-0.05638919398188591,-0.042671456933021545
-0.07458297163248062,-0.027024822309613228,0.04920358210802078,-0.022494712844491005,0.11658135801553726,0.041668497025966644,0.04347452521324158,0.06366144120693207,0.022928699851036072,0.04775802046060562,-0.019122391939163208,-0.00811060331761837,-0.07455156743526459,0.017808331176638603,0.05340671166777611,0.05032616853713989,0.0650956928730011,0.06880255043506622,0.05375688523054123,-0.015470350161194801
-0.07458297163248062,-0.027024822309613228,0.04920358210802078,-0.022494712844491005,0.11658135801553726,0.041668497025966644,0.04347452521324158,0.06366144120693207,0.022928699851036072,0.04775802046060562,-0.019122391939163208,-0.00811060331761837,-0.07455156743526459,0.017808331176638603,0.05340671166777611,0.05032616853713989,0.0650956928730011,0.06880255043506622,0.05375688523054123,-0.015470350161194801
-0.04308946803212166,0.0655609667301178,0.05301399156451225,0.017018161714076996,0.033095646649599075,-0.06929320096969604,0.04353794828057289,0.03128264099359512,-0.020436247810721397,-0.05755489692091942,-0.05567659065127373,0.0002477934176567942,0.04406622797250748,0.07887321710586548,0.08602868765592575,-0.03735515847802162,0.08197279274463654,0.018882961943745613,-0.016992399469017982,-0.0819292888045311
-0.02022307924926281,0.014563378877937794,0.03445650264620781,-0.013142281211912632,0.032641611993312836,-0.006321906112134457,-0.01988314837217331,0.06594657897949219,-0.06082644686102867,-0.01625068672001362,0.028273865580558777,0.051229387521743774,0.019816935062408447,0.06346440315246582,0.0440550334751606,0.010846709832549095,0.011948675848543644,0.01113077998161316,-0.027097664773464203,-0.026252102106809616
-0.040506407618522644,-0.021965578198432922,0.032683782279491425,0.07675322145223618,0.10464750975370407,0.06436462700366974,-0.018620798364281654,0.05018769949674606,-0.04677356407046318,0.02582155540585518,0.04251403734087944,0.07273975014686584,0.06261509656906128,0.06219412758946419,0.07826855778694153,0.04096201807260513,0.010784369893372059,0.013531544245779514,-0.003365754848346114,-0.011168954893946648
0.004982537589967251,0.013286786153912544,0.0024255162570625544,-0.04801271855831146,0.07748118042945862,-0.032832928001880646,0.05257711559534073,0.04275788739323616,-0.056165773421525955,-0.024572230875492096,-0.06916016340255737,0.0010877345921471715,-0.0004143762052990496,0.06653615832328796,0.053517237305641174,0.05148836225271225,-0.02101164311170578,-0.054793309420347214,0.014364581555128098,0.05156178027391434
-0.02038896456360817,-0.007879551500082016,0.05582806468009949,0.055072855204343796,0.050308238714933395,-0.030007172375917435,-0.07857013493776321,-0.02383176051080227,0.03802931308746338,-0.020010462030768394,0.025982754305005074,0.025750933215022087,-0.01446414366364479,0.03969484195113182,0.053959496319293976,-0.05218431353569031,0.05151768773794174,0.05784349516034126,0.028484191745519638,-0.008255448192358017
0.013620775192975998,-0.041031330823898315,0.03265418857336044,0.01071926299482584,0.09128238260746002,0.04143243283033371,0.018135514110326767,0.021835269406437874,0.06672070920467377,0.014206619933247566,0.020638063549995422,0.0998862236738205,-0.06815862655639648,-0.0047903843224048615,0.036979902535676956,-0.04032152518630028,0.02059783786535263,0.019875619560480118,-0.05556077882647514,-0.04991969093680382
-0.014286727644503117,-0.03794996067881584,-0.031242569908499718,0.08142901211977005,0.08515039086341858,-0.045881614089012146,-0.022907691076397896,-0.03312106058001518,-0.07869895547628403,-0.021946106106042862,0.0576094351708889,0.0959775522351265,-0.009586218744516373,0.0070692626759409904,0.021707480773329735,-0.016393514350056648,-0.010834930464625359,-0.03328059986233711,-0.03550684452056885,0.009656203910708427
-0.014286727644503117,-0.03794996067881584,-0.031242569908499718,0.08142901211977005,0.08515039086341858,-0.045881614089012146,-0.022907691076397896,-0.03312106058001518,-0.07869895547628403,-0.021946106106042862,0.0576094351708889,0.0959775522351265,-0.009586218744516373,0.0070692626759409904,0.021707480773329735,-0.016393514350056648,-0.010834930464625359,-0.03328059986233711,-0.03550684452056885,0.009656203910708427
-0.008730820380151272,0.012204409576952457,0.057436320930719376,0.03982643410563469,0.05760592967271805,0.040057238191366196,-0.029316259548068047,-0.002119139302521944,-0.06415729969739914,-0.003093578154221177,-0.00471793208271265,0.07517450302839279,0.016937825828790665,-0.031034672632813454,-0.02504817210137844,0.06457753479480743,0.054045964032411575,-0.0034158662892878056,-0.013925284147262573,0.01489034853875637
-0.07331602275371552,-0.03691774979233742,-0.004184608813375235,0.03690514340996742,-0.007837164215743542,-0.0670720711350441,0.0008029104792512953,-0.05861205235123634,-0.02300843596458435,0.03712043911218643,0.06306388974189758,-0.015813807025551796,-0.041290078312158585,0.08542314916849136,-0.0034175445325672626,-0.04836740717291832,0.008622327819466591,0.017654966562986374,0.0435064323246479,0.05015779659152031
0.04279770329594612,-0.03367284685373306,0.0402083657681942,-0.033527180552482605,0.10583672672510147,0.030954964458942413,-0.04531404376029968,0.02112654596567154,-0.0024153420235961676,-0.07266049087047577,0.06350439041852951,0.09812465310096741,-0.04234865680336952,-0.02299107052385807,0.04243199899792671,0.04154644161462784,0.04570889472961426,-0.030380627140402794,-0.04345206916332245,-0.08111071586608887
0.04279770329594612,-0.03367284685373306,0.0402083657681942,-0.033527180552482605,0.10583672672510147,0.030954964458942413,-0.04531404376029968,0.02112654596567154,-0.0024153420235961676,-0.07266049087047577,0.06350439041852951,0.09812465310096741,-0.04234865680336952,-0.02299107052385807,0.04243199899792671,0.04154644161462784,0.04570889472961426,-0.030380627140402794,-0.04345206916332245,-0.08111071586608887
0.028261225670576096,0.07001614570617676,-0.006718778982758522,0.03066212311387062,-0.008222752250730991,-0.004463202320039272,-0.03774506598711014,-0.04965084418654442,-0.06308512389659882,-0.0056757270358502865,0.06668470799922943,0.07702388614416122,0.019719013944268227,0.00015954389527905732,0.09252756834030151,-0.05993914604187012,0.005820239894092083,-0.06220746412873268,0.014382468536496162,-0.015359867364168167
0.028261225670576096,0.07001614570617676,-0.006718778982758522,0.03066212311387062,-0.008222752250730991,-0.004463202320039272,-0.03774506598711014,-0.04965084418654442,-0.06308512389659882,-0.0056757270358502865,0.06668470799922943,0.07702388614416122,0.019719013944268227,0.00015954389527905732,0.09252756834030151,-0.05993914604187012,0.005820239894092083,-0.06220746412873268,0.014382468536496162,-0.015359867364168167
-0.04509257525205612,-0.04814797639846802,0.047955598682165146,0.023294253274798393,0.03686467185616493,-0.03450511023402214,-0.05074726417660713,-0.03225305676460266,-0.03824539855122566,-0.030364185571670532,0.051017116755247116,-0.01994013413786888,0.04060583561658859,0.005990189034491777,-0.0017431474989280105,-0.012783236801624298,-0.05095541104674339,0.010759050026535988,-0.05359836667776108,-0.06166600435972214
-0.04509257525205612,-0.04814797639846802,0.047955598682165146,0.023294253274798393,0.03686467185616493,-0.03450511023402214,-0.05074726417660713,-0.03225305676460266,-0.03824539855122566,-0.030364185571670532,0.051017116755247116,-0.01994013413786888,0.04060583561658859,0.005990189034491777,-0.0017431474989280105,-0.012783236801624298,-0.05095541104674339,0.010759050026535988,-0.05359836667776108,-0.06166600435972214
-0.04509257525205612,-0.04814797639846802,0.047955598682165146,0.023294253274798393,0.03686467185616493,-0.03450511023402214,-0.05074726417660713,-0.03225305676460266,-0.03824539855122566,-0.030364185571670532,0.051017116755247116,-0.01994013413786888,0.04060583561658859,0.005990189034491777,-0.0017431474989280105,-0.012783236801624298,-0.05095541104674339,0.010759050026535988,-0.05359836667776108,-0.06166600435972214
0.030025944113731384,-0.05986436456441879,-0.015729093924164772,-0.02008596993982792,0.005184124689549208,0.06785237789154053,-0.03779499605298042,-0.05920802801847458,0.04090606048703194,-0.049354903399944305,-0.008457671850919724,-0.013817590661346912,0.04990367963910103,0.06616855412721634,0.020934727042913437,0.04988998547196388,-0.04323742538690567,0.03434889018535614,0.0006411016802303493,-0.0017138628754764795
-0.0031956739258021116,-0.016965452581644058,0.06738077849149704,0.07987391203641891,0.0377734936773777,-0.020008808001875877,0.035698872059583664,0.06834837794303894,-0.0013846890069544315,-0.007318687159568071,-0.062086522579193115,0.057721588760614395,0.04781095311045647,0.01926336996257305,0.016122756525874138,0.06536125391721725,0.03697020933032036,0.06239183619618416,0.038677752017974854,-0.0001118284126278013
-0.051338668912649155,-0.03520014509558678,-0.010447719134390354,0.06836803257465363,0.06482595950365067,0.01839730702340603,0.05031095817685127,0.07415901124477386,-0.06347633898258209,-0.09191907942295074,-0.007339518517255783,0.08159036189317703,0.01781032420694828,0.0873834490776062,0.08388655632734299,-0.001741332351230085,0.05212203785777092,-0.01519510243088007,-0.06161360442638397,0.02112274430692196
-0.0010529635474085808,-0.02231460250914097,-0.025090795010328293,-0.0322069376707077,0.03232632204890251,0.028942974284291267,-0.05111541226506233,-0.010828806087374687,0.048328202217817307,-0.010957153514027596,-0.040883805602788925,0.07689820975065231,-0.03754446655511856,-0.001316484180279076,0.09336768090724945,-0.011932453140616417,0.02625877596437931,0.020573006942868233,-0.04361780732870102,-0.04241199791431427
0.0573701336979866,-0.04497146233916283,0.07387033104896545,0.07125537097454071,0.0782594233751297,0.034809406846761703,-0.07009673863649368,0.021794000640511513,-0.03721502423286438,-0.08046934753656387,-0.014361751265823841,0.052544210106134415,0.013327169232070446,0.016246575862169266,0.011584345251321793,-0.027040991932153702,0.005812438204884529,-0.04556955024600029,0.013325873762369156,-0.07592711597681046
-0.032428350299596786,0.06840755045413971,0.052866023033857346,0.027735916897654533,0.024355432018637657,-0.06670214980840683,0.044726479798555374,0.03363048657774925,-0.061131130903959274,0.008426780812442303,-0.026624899357557297,-0.028772681951522827,0.04805067181587219,-0.04291033744812012,0.024007707834243774,-0.02733885869383812,-0.028887292370200157,0.0006836191168986261,-0.05936615169048309,-0.07280025631189346
0.011998821049928665,-0.03467673435807228,0.02901539020240307,-0.05043087527155876,0.10800150781869888,-0.04626499116420746,-0.07768761366605759,-0.012942311353981495,-0.04341574385762215,0.007518630009144545,-0.03921465203166008,0.049026940017938614,0.011697507463395596,0.037034790962934494,0.054625894874334335,0.0016574965557083488,0.012573630549013615,0.056640829890966415,-0.05339733511209488,-0.011271947994828224
0.025019757449626923,-0.06200486421585083,-0.054457005113363266,-0.054774679243564606,0.04172087460756302,0.0023043183609843254,0.039322301745414734,0.04865016043186188,-0.058216702193021774,0.0041733356192708015,-0.0032370779663324356,0.05291353911161423,-0.0706825852394104,-0.017450466752052307,-0.006843848153948784,0.023578617721796036,-0.034701038151979446,-0.01643773540854454,0.04586431756615639,-0.09323898702859879
0.05035664141178131,0.07128261774778366,0.0767614096403122,0.012204607017338276,0.021609501913189888,0.007559437304735184,0.050900425761938095,-0.03685971722006798,-0.07188096642494202,-0.0028721329290419817,-0.021403823047876358,0.06280872225761414,-0.03100443258881569,0.008226755075156689,-0.015161667950451374,0.014315406791865826,0.007669778540730476,0.029523298144340515,0.07069917023181915,0.00944898184388876
0.031499166041612625,0.034333765506744385,0.05828249827027321,0.050421200692653656,0.03337337449193001,-0.008475991897284985,0.029513463377952576,0.028233421966433525,-0.04035162180662155,-0.013595876283943653,0.018285831436514854,-0.01757689006626606,0.04605530574917793,0.08505422621965408,-0.022988103330135345,0.026434628292918205,0.032409295439720154,0.02596473880112171,0.009442743845283985,-0.0236674714833498
0.031499166041612625,0.034333765506744385,0.05828249827027321,0.050421200692653656,0.03337337449193001,-0.008475991897284985,0.029513463377952576,0.028233421966433525,-0.04035162180662155,-0.013595876283943653,0.018285831436514854,-0.01757689006626606,0.04605530574917793,0.08505422621965408,-0.022988103330135345,0.026434628292918205,0.032409295439720154,0.02596473880112171,0.009442743845283985,-0.0236674714833498
0.031499166041612625,0.034333765506744385,0.05828249827027321,0.050421200692653656,0.03337337449193001,-0.008475991897284985,0.029513463377952576,0.028233421966433525,-0.04035162180662155,-0.013595876283943653,0.018285831436514854,-0.01757689006626606,0.04605530574917793,0.08505422621965408,-0.022988103330135345,0.026434628292918205,0.032409295439720154,0.02596473880112171,0.009442743845283985,-0.0236674714833498
0.009383384138345718,0.020336685702204704,-0.04329497367143631,0.070820651948452,0.02413557656109333,-0.048814017325639725,0.04442392662167549,-0.004957083612680435,0.0072620403952896595,-0.06002422794699669,0.010879550129175186,0.017431551590561867,0.04318762943148613,0.02912145107984543,-0.0031078511383384466,0.07736840099096298,0.005786185618489981,0.013084601610898972,0.018402215093374252,0.04471153765916824
0.014863642863929272,0.020431889221072197,0.05149899423122406,0.01071123406291008,-0.012773443013429642,-0.04199580103158951,-0.02008747309446335,0.00449357507750392,-0.06460558623075485,-0.010544289834797382,0.05056237056851387,-0.04165906086564064,0.020225578919053078,0.04638044163584709,-0.012814790941774845,-0.03832458704710007,-0.05079195648431778,-0.06856002658605576,-0.011373618617653847,-0.002088750246912241
-0.0415666401386261,0.04423839598894119,-0.015835316851735115,-0.020149875432252884,0.1120717003941536,0.070257268846035,-0.06065063178539276,-0.002666346961632371,0.026711683720350266,0.0023915190249681473,0.0039015745278447866,0.07048803567886353,-0.0030524139292538166,0.024949094280600548,-0.01161105465143919,0.0693124532699585,0.011086823418736458,-0.0015964180929586291,0.03742937371134758,-0.048595868051052094
0.03880946338176727,0.06802411377429962,0.04608170688152313,-0.015521485358476639,-0.014452201314270496,0.022061850875616074,0.06077614799141884,0.035772670060396194,-0.015024426393210888,0.02343488484621048,-0.02469257451593876,0.04061301797628403,0.013996651396155357,0.08511747419834137,0.09303250908851624,0.03725237026810646,0.003498721169307828,-0.007986335083842278,-0.011673768050968647,0.01611286960542202
-0.035799916833639145,0.021675601601600647,0.05770980194211006,0.02976873144507408,-0.0021802717819809914,0.021061699837446213,-0.01338155660778284,0.06158303841948509,-0.07916322350502014,-0.015428025275468826,0.03490619361400604,-0.04166046157479286,-0.03486114740371704,0.011504730209708214,0.024094928056001663,-0.02287045493721962,0.06673019379377365,0.00832950510084629,-0.0015030242502689362,0.027544908225536346
-0.04844220355153084,0.03219877928495407,-0.04080089181661606,0.07014429569244385,0.08936162292957306,-0.0054595377296209335,-0.020829705521464348,0.0023697384167462587,-0.06549208611249924,0.004496038891375065,0.06087455153465271,0.08489615470170975,-0.0806088075041771,0.0023399211931973696,0.022000914439558983,-0.01882096193730831,-0.0017278955783694983,0.039725158363580704,0.059028640389442444,0.0061844089068472385
-0.06284738332033157,0.05711017921566963,0.05636728182435036,0.049071162939071655,-0.013547003269195557,0.04417745769023895,-0.048015911132097244,-0.0632181465625763,-0.05847461521625519,0.0016210125759243965,0.0660487487912178,0.015643956139683723,0.053834833204746246,0.035784777253866196,0.041617777198553085,0.040239863097667694,-0.006554773077368736,-0.008500125259160995,-0.03857337683439255,-0.04154163599014282
-0.02181762456893921,0.005094610620290041,0.03338078409433365,0.02017178013920784,0.08484914153814316,-0.056452665477991104,0.04555153101682663,0.0392221137881279,-0.018270134925842285,-0.04633757472038269,0.041542790830135345,0.018765132874250412,-0.015671439468860626,-0.009716492146253586,0.09469747543334961,0.009905815124511719,-0.014655589126050472,-0.02117396518588066,-0.04169232025742531,-0.05866676941514015
-0.062117233872413635,0.04838551953434944,0.012907635420560837,-0.04718782752752304,0.04137654975056648,-0.029229572042822838,-0.07580272108316422,0.06698136031627655,-0.0056830281391739845,0.01900016888976097,-0.030821816995739937,0.06116736680269241,0.056648850440979004,0.08772841095924377,0.0823487862944603,-0.032748449593782425,-0.06891728937625885,-0.045841410756111145,0.031796760857105255,-0.038205113261938095
0.00882680807262659,-0.04920049384236336,-0.03809941187500954,-0.05690944567322731,0.11707019060850143,-0.02946530282497406,0.03106960654258728,-0.01180477999150753,0.015411815606057644,-0.09509360790252686,-0.04814738407731056,-0.02438580058515072,0.035099055618047714,0.07971331477165222,-0.008476020768284798,0.03902910277247429,-0.04517550393939018,0.05540970340371132,-0.061774060130119324,-0.08742921054363251
-0.008008715696632862,0.03847061097621918,0.003038523020222783,0.04517688974738121,0.10096943378448486,-0.018478095531463623,-0.023752471432089806,0.07818739861249924,0.03197707235813141,-0.03597665950655937,-0.014131611213088036,0.06260863691568375,0.02779167890548706,0.06891880929470062,0.05505894497036934,-0.04811286926269531,0.06495390832424164,0.022938242182135582,-0.05168239027261734,-0.00177083071321249
-0.02674471028149128,0.029031066223978996,0.0721074640750885,-0.013352271169424057,0.11385735869407654,0.00023802636133041233,0.020280934870243073,-0.0319187231361866,-0.06339293718338013,-0.027041783556342125,0.011956647038459778,0.04421892389655113,-0.007281790487468243,-0.014605961740016937,0.05574795603752136,0.021956440061330795,-0.005471076816320419,-0.07518137246370316,0.0072602382861077785,0.003383657429367304
-0.02674471028149128,0.029031066223978996,0.0721074640750885,-0.013352271169424057,0.11385735869407654,0.00023802636133041233,0.020280934870243073,-0.0319187231361866,-0.06339293718338013,-0.027041783556342125,0.011956647038459778,0.04421892389655113,-0.007281790487468243,-0.014605961740016937,0.05574795603752136,0.021956440061330795,-0.005471076816320419,-0.07518137246370316,0.0072602382861077785,0.003383657429367304
-0.00401828670874238,-0.004975955002009869,-0.04659849777817726,-0.024806389585137367,0.09538433700799942,0.04485170915722847,-0.05695945769548416,0.03838089480996132,-0.006682447623461485,0.03344634920358658,0.020616691559553146,0.06464129686355591,0.03293905034661293,-0.016995178535580635,-0.03873288631439209,-0.05522236227989197,0.05327770113945007,0.051753077656030655,-0.016068363562226295,-0.04799482971429825
0.01581582985818386,-0.03372516110539436,0.051387716084718704,0.031990762799978256,0.06815680116415024,0.05190712586045265,0.016683373600244522,-0.004262943286448717,0.060773834586143494,-0.01695099286735058,0.005332611035555601,0.01740444265305996,-0.01765621453523636,0.046553246676921844,0.07044969499111176,0.043213654309511185,0.04823052138090134,-0.012888051569461823,-0.013832568190991879,0.019086934626102448
0.05576588213443756,0.06895031780004501,0.052998919039964676,0.012236086651682854,0.033712610602378845,-0.03290773183107376,-0.031620774418115616,0.06775547564029694,-0.04740223288536072,-0.006506088189780712,-0.06500083208084106,0.018135759979486465,0.06783473491668701,-0.023023350164294243,-0.005659560207277536,0.06739892065525055,-0.05745229497551918,0.011569887399673462,-0.047841332852840424,-0.03084966354072094
-0.012327810749411583,-0.02013971656560898,0.08783437311649323,0.006846049800515175,0.10864951461553574,-0.03833405673503876,-0.06684083491563797,0.018821338191628456,0.0022518786136060953,-0.0769018679857254,-0.04384518787264824,-0.03404400870203972,-0.014279700815677643,-0.0018812499474734068,-0.040253669023513794,0.05164657160639763,-0.06656083464622498,0.043336641043424606,0.013028363697230816,-0.07094691693782806
0.007316612172871828,-0.0599568746984005,0.01392469834536314,0.03133770450949669,0.09789858013391495,-0.07082610577344894,0.0313459075987339,0.029515765607357025,-0.05175533890724182,-0.020855845883488655,0.07299092411994934,0.05635273829102516,-0.02926517277956009,0.006366607267409563,-0.02435954473912716,8.732398418942466e-05,-0.008741355501115322,0.017917536199092865,-0.02176179364323616,0.01727353036403656
0.0017228795913979411,0.030916882678866386,0.001094658044166863,0.003227354260161519,0.04046652838587761,-0.06398088485002518,0.006170259788632393,-0.05932745710015297,3.508964437060058e-05,-0.027061007916927338,0.05363932251930237,0.06907879561185837,0.0713064968585968,0.06009679287672043,-0.0256318598985672,0.029248641803860664,0.036866698414087296,0.049705371260643005,-0.02548298053443432,-0.04550309106707573
-0.058036282658576965,0.06284649670124054,-0.03735429048538208,-0.02543145790696144,0.06828248500823975,-0.07069820165634155,0.041515935212373734,0.003358950838446617,-0.0004937435151077807,0.020349856466054916,-0.05249780789017677,0.061417318880558014,-0.043224576860666275,0.08580751717090607,0.08611441403627396,-0.0034890910610556602,-0.0589715875685215,0.05203625559806824,-0.046934936195611954,0.03243191912770271
-0.0327887162566185,-0.04620157927274704,0.030250854790210724,0.06643020361661911,0.08831669390201569,0.03787919506430626,0.008494338020682335,0.05522364005446434,0.011824277229607105,-0.0410328283905983,-0.05591099336743355,0.04518058896064758,-0.04484469071030617,0.08288698643445969,0.07828838378190994,-0.03264789283275604,-0.029847292229533195,-0.06471522152423859,-0.056734055280685425,-0.06539000570774078
0.04692114517092705,0.06303852796554565,0.013145515695214272,0.010568935424089432,0.06861599534749985,-0.05833669379353523,0.0548003613948822,0.00807416532188654,-0.06429535895586014,-0.09602086991071701,-0.03172316774725914,0.07321679592132568,0.006143826991319656,0.05318901315331459,-0.03536776453256607,-0.055734556168317795,-0.03701011836528778,-0.05392498895525932,0.016630247235298157,0.04875593259930611
-0.05979396030306816,-0.047932758927345276,0.0073177325539290905,-0.056736886501312256,0.0540153868496418,-0.005438850726932287,-0.02923223190009594,0.007580999284982681,-0.05730948597192764,0.02261362597346306,-0.02502809464931488,0.004992363043129444,0.031670037657022476,-0.02424633875489235,0.061459627002477646,0.059403833001852036,-0.04198524355888367,0.00032465302501805127,0.039793092757463455,0.0013889772817492485
0.03985099494457245,0.07224345952272415,-0.03784767910838127,-0.00646150391548872,0.012081947177648544,0.05864712595939636,-0.049697477370500565,-0.014249902218580246,-0.04770023003220558,0.00022433753474615514,0.049518559128046036,0.08120392262935638,-0.0627276599407196,-0.007621866185218096,0.07931246608495712,-0.015164396725594997,0.06974239647388458,-0.013542305678129196,0.05408191680908203,-0.06778775900602341
-0.05701242387294769,-0.056364987045526505,-0.020622072741389275,-0.02467520721256733,0.1028558537364006,-0.0362694151699543,-0.045819077640771866,-0.036576803773641586,-0.01891281269490719,-0.047877535223960876,-0.03917917236685753,0.06894291192293167,0.05969499424099922,0.07416736334562302,0.030990058556199074,0.05974928289651871,0.06935220956802368,-0.019043732434511185,-0.04091859608888626,0.010649686679244041
0.03563078120350838,-0.057420674711465836,-0.012894023209810257,0.057214900851249695,0.03767304867506027,0.062498725950717926,-0.012262675911188126,0.04077107086777687,-0.024547766894102097,0.007009922992438078,0.031276240944862366,-0.03735368698835373,-0.05571608990430832,0.0602203905582428,0.06816395372152328,0.023067817091941833,0.08304006606340408,-0.038438376039266586,-0.04765918850898743,-0.06886868178844452
-0.05701242387294769,-0.056364987045526505,-0.020622072741389275,-0.02467520721256733,0.1028558537364006,-0.0362694151699543,-0.045819077640771866,-0.036576803773641586,-0.01891281269490719,-0.047877535223960876,-0.03917917236685753,0.06894291192293167,0.05969499424099922,0.07416736334562302,0.030990058556199074,0.05974928289651871,0.06935220956802368,-0.019043732434511185,-0.04091859608888626,0.010649686679244041
0.006716913543641567,-0.051376499235630035,0.06638459116220474,0.046708036214113235,0.03012014925479889,-0.03551766648888588,0.022971656173467636,-0.05139203742146492,-0.030086198821663857,-0.023664040490984917,-0.051229387521743774,0.08211637288331985,-0.029058288782835007,0.05372323840856552,0.08844369649887085,0.06281215697526932,0.02008339762687683,-0.03731522336602211,0.015320433303713799,-0.025536758825182915
-0.04019416496157646,0.0487682931125164,0.0059212613850831985,0.032286081463098526,0.1003875806927681,0.06258201599121094,-0.0849725604057312,-0.0033133842516690493,0.006901151034981012,-0.024868696928024292,-0.007521408144384623,0.1065516322851181,-0.057334933429956436,0.02808552049100399,0.001827423693612218,0.02094576135277748,-0.049053777009248734,0.0386202409863472,-0.02389802597463131,-0.08434861153364182
-0.0691782608628273,0.04978964477777481,-0.010974512435495853,-0.03463234007358551,0.09931352734565735,0.061297252774238586,0.059051353484392166,-0.036531005054712296,0.006939501501619816,0.029276544228196144,-0.00398791441693902,0.08759734779596329,0.04665573313832283,0.06831999868154526,-0.044488776475191116,0.033415891230106354,0.03828426077961922,-0.0714510977268219,-0.04983430355787277,-0.04302653670310974
0.009969059377908707,0.07383286207914352,0.05928713455796242,-0.041629545390605927,0.044900067150592804,0.0171539057046175,-0.009720586240291595,-0.012665264308452606,-0.0593566820025444,0.039994075894355774,-0.0036259430926293135,0.09821389615535736,0.04580502584576607,0.011721855029463768,0.04748823866248131,0.0015844053123146296,-0.03212260454893112,-0.019290218129754066,0.025419462472200394,-0.07281150668859482
-0.08114491403102875,-0.03831262141466141,0.026075568050146103,-0.011425251141190529,0.08739908039569855,0.00970879103988409,-0.016286371275782585,0.07020684331655502,-0.05888223648071289,-0.06753181666135788,-0.009664187207818031,0.08215998113155365,0.019856883212924004,0.06388749182224274,0.09261085093021393,-0.030110865831375122,0.018166976049542427,0.031383026391267776,0.020266566425561905,-0.007716819178313017
-0.06655040383338928,0.00442159827798605,-0.029585355892777443,0.04334156960248947,0.004904730245471001,-0.068993479013443,-0.003666352480649948,-0.04495805874466896,-0.06295318156480789,-0.024151377379894257,0.06832710653543472,0.07802356779575348,-0.07831204682588577,-0.0415898859500885,0.013731448911130428,-0.014596640132367611,-0.062223952263593674,-0.03093043714761734,-0.034936051815748215,-0.03780997917056084
0.023109368979930878,0.05416964739561081,-0.029443854466080666,0.0758260115981102,0.0495036244392395,-0.012500642798841,-0.025846607983112335,0.05116916820406914,-0.03363794833421707,-0.04918721690773964,-0.05412108451128006,-0.005340256728231907,0.025746993720531464,-0.015422354452311993,0.10345572978258133,-0.02088254876434803,0.00912774819880724,0.058571454137563705,-0.07085622102022171,-0.005802837200462818
-0.014547165483236313,-0.061876267194747925,0.0032570925541222095,-0.03285231441259384,0.013178402557969093,-0.05225927010178566,-0.08175056427717209,-0.02190849743783474,0.017200350761413574,0.02380729466676712,0.041361503303050995,0.0674792230129242,-0.015655547380447388,0.08620881289243698,0.08537472784519196,-0.0034601863007992506,-0.04814447462558746,0.018760470673441887,-0.020215697586536407,-0.07604590803384781
-0.07568452507257462,0.04226527363061905,0.07872120290994644,0.007097273133695126,0.04794120788574219,0.04288700595498085,0.0644412413239479,0.03062553144991398,-0.03412453457713127,-0.014314419589936733,0.033010128885507584,0.0014227736974135041,-0.021539650857448578,0.06398168206214905,-0.033463116735219955,0.07412755489349365,-0.047454483807086945,0.01773599348962307,-0.0586971789598465,0.0208482276648283
-0.06843714416027069,0.04441918060183525,0.05425851419568062,-0.009363233111798763,-0.012217906303703785,-0.039982154965400696,-0.0496225506067276,0.057600781321525574,0.03314674273133278,-0.051415715366601944,0.0437622107565403,0.01708771102130413,-0.07323697954416275,0.011733959428966045,0.011010617017745972,0.01589541882276535,-0.0023110758047550917,0.002014712430536747,-0.03482440486550331,-0.05180605128407478
-0.055425580590963364,0.006001477595418692,-0.03611767292022705,-0.0207683015614748,0.05760141462087631,0.013427586294710636,0.0037887415383011103,0.03419465571641922,-0.07258005440235138,-0.0860353410243988,-0.05935252085328102,0.06848146766424179,-0.06483737379312515,0.015379819087684155,-0.020890548825263977,-0.017078764736652374,-0.01483624242246151,0.002847107592970133,-0.022554932162165642,0.05524623394012451
-0.014558196067810059,-0.006748753599822521,0.034705352038145065,0.07969929277896881,0.0037467749789357185,0.02916259504854679,-0.07850122451782227,0.015986058861017227,0.02428423799574375,-0.023361213505268097,-0.05803048238158226,0.08032818883657455,0.06072698161005974,0.04768459498882294,0.08840035647153854,-0.012007840909063816,0.04893071949481964,-0.004542885348200798,-0.04831778630614281,-0.06804914027452469
0.01332904864102602,0.03181348368525505,0.07943315804004669,-0.011584999971091747,0.10063466429710388,0.023057781159877777,0.03425336629152298,0.023588914424180984,-0.06402541697025299,-0.07188408076763153,0.0744442418217659,-0.010273884050548077,0.032486386597156525,-0.03790857642889023,0.021256202831864357,0.019933998584747314,-0.04023679718375206,-0.0009089476079680026,-0.013390663079917431,0.0038168930914252996
-0.027591362595558167,0.06655675172805786,0.07757078856229782,0.03733949363231659,0.03233296051621437,-0.05747005715966225,0.06140504032373428,0.0561693012714386,0.017637979239225388,-0.022487659007310867,0.056016210466623306,0.08449023216962814,0.00355839217081666,0.05061858892440796,0.041972991079092026,-0.05225329473614693,0.08518603444099426,-0.06994147598743439,0.01670623943209648,0.004032165743410587
-0.0595124214887619,-0.015715466812253,-0.008767551742494106,0.0525469146668911,0.06053327023983002,-0.030017739161849022,-0.0372445210814476,0.032628607004880905,0.04119762033224106,-0.03832117095589638,0.07285498827695847,0.018134230747818947,0.0011635139817371964,0.03565751761198044,-0.015812359750270844,-0.024141825735569,0.0009040779550559819,-0.07471849769353867,0.04334584251046181,-0.02134839817881584
-0.055628880858421326,-0.03595755621790886,0.06345824897289276,-0.03299630805850029,0.10673186928033829,0.014879214577376842,0.05101669579744339,0.0588514469563961,0.053254134953022,0.02356850542128086,0.021198291331529617,0.10390575230121613,-0.046699848026037216,0.050944890826940536,-0.013598204590380192,-0.014102681539952755,0.05687470734119415,-0.05815356597304344,-0.03191133961081505,0.03807368502020836
-0.029867080971598625,-0.022058159112930298,0.027096964418888092,-0.010477161034941673,0.0572933554649353,-0.036027319729328156,0.054057180881500244,0.03792155534029007,0.04611228406429291,-0.08503764867782593,0.02715282328426838,-0.0031680159736424685,-0.01625523716211319,-0.028465986251831055,0.03047962114214897,0.051514193415641785,0.061412263661623,-0.012338155880570412,-0.010353296995162964,-0.05466386303305626
-0.021694548428058624,-0.021548809483647346,0.06831319630146027,-0.03944190591573715,0.04564463719725609,0.049367111176252365,0.027399098500609398,0.07124265283346176,0.03513769432902336,-0.018102556467056274,0.05057644844055176,0.09039058536291122,0.06023023650050163,0.017825622111558914,-0.00534762442111969,0.005936484783887863,0.02224067971110344,0.011821459047496319,0.01232458371669054,-0.021261190995573997
0.020425764843821526,0.005307049490511417,0.022056642919778824,-0.018665887415409088,0.11360228806734085,0.03081640787422657,-0.0049341581761837006,0.047211989760398865,-0.03845766931772232,-0.06349709630012512,0.04546041414141655,0.06558031588792801,-0.054511506110429764,0.03336070850491524,-0.014010430313646793,0.029784923419356346,-0.01899719052016735,-0.005210749339312315,0.01652868092060089,-0.013646832667291164
0.0514233261346817,-0.003042906057089567,0.027246376499533653,0.02195969596505165,0.08108506351709366,-0.03741804510354996,0.03593006730079651,-0.03444498032331467,-0.06523080915212631,0.02291654795408249,-0.02662797085940838,-0.007020977325737476,-0.043530602008104324,0.04530228674411774,0.0708511546254158,-0.04374593868851662,-0.02996845357120037,0.0371708981692791,0.0646170899271965,-0.03763723745942116
-0.002112830989062786,0.07374320179224014,0.03215765953063965,0.0313589870929718,0.11774531751871109,-0.02066505141556263,0.037724804133176804,0.04233892261981964,-0.034886434674263,-0.08205386996269226,-0.06866921484470367,0.09224991500377655,0.03373599424958229,0.0696350708603859,0.08042732626199722,0.040685851126909256,-0.017020082101225853,0.031337544322013855,-0.00819771084934473,-0.05664050579071045
0.038566380739212036,-0.025843927636742592,0.05049543082714081,0.07122673839330673,-0.002687852131202817,-0.0074269757606089115,-0.06872373074293137,-0.014580804854631424,-0.05416068434715271,-0.02372400276362896,-0.042725056409835815,0.02816520631313324,-0.036226511001586914,0.043934416025877,0.07324773073196411,0.031185321509838104,-0.025628086179494858,-0.067623570561409,0.04468432441353798,-0.027127355337142944
-0.0381743423640728,0.01402679830789566,0.07877587527036667,-0.019913149997591972,0.018289146944880486,-0.05551888048648834,0.014626999385654926,0.042795054614543915,0.002058762824162841,-0.05306845158338547,-0.0030566013883799314,0.03331618010997772,-0.012296258471906185,-0.020651794970035553,0.07222508639097214,0.017833750694990158,-0.04984331130981445,0.0670369565486908,0.05262051522731781,0.05353869870305061
0.046472884714603424,0.0761583149433136,-0.06288973242044449,0.0367673859000206,0.10453978925943375,-0.0431261770427227,-0.05263616889715195,0.008932354860007763,0.01620800793170929,-0.03527165204286575,0.04469954967498779,0.03580411896109581,-0.04502144083380699,-0.009002180770039558,-0.0001246611645910889,-0.007168876007199287,-0.01535188127309084,-0.045952219516038895,0.006268464494496584,-0.040351610630750656
0.057875629514455795,0.013828565366566181,0.07401730865240097,-0.014193904586136341,0.025009438395500183,0.0631001889705658,0.04115983098745346,-0.06380437314510345,0.051076941192150116,-0.007331881672143936,-0.044816840440034866,0.035312846302986145,0.011810313910245895,-0.013312901370227337,0.010854694992303848,0.07814300805330276,0.007016490679234266,0.0011551891220733523,0.004139150958508253,-0.03320964425802231
-0.06670453399419785,0.06821804493665695,-0.03827989101409912,0.023667020723223686,0.033677227795124054,-0.019987354055047035,0.013739737682044506,0.05685458704829216,-0.043748293071985245,0.00832059420645237,0.06761927902698517,0.002371283946558833,0.04247608780860901,-0.026730114594101906,0.09710226953029633,-0.010160531848669052,0.05453207716345787,-0.06075830012559891,-0.04439213126897812,-0.057425014674663544
-0.05314840003848076,0.06513854116201401,0.04903359338641167,0.007316312287002802,0.058664776384830475,-0.03368566557765007,0.04741762951016426,0.03710027039051056,-0.07295949757099152,-0.034717053174972534,0.004933657590299845,-0.038814347237348557,0.006320880260318518,0.0018251121509820223,-0.004775030538439751,-0.027639390900731087,0.010082044638693333,-0.04206138849258423,-0.0023085030261427164,-0.01624523103237152
-0.024430545046925545,-0.04086121544241905,-0.020868482068181038,-0.0011386144906282425,0.1031794622540474,0.054069120436906815,-0.004601255524903536,0.04130028188228607,-0.03254249319434166,-0.006802045274525881,0.00874719675630331,0.07843656837940216,-0.05832561478018761,0.08869145065546036,0.09030347317457199,-0.04804527387022972,0.029011856764554977,0.02954411692917347,0.030394963920116425,-0.005522814113646746
0.021142661571502686,-0.024316592141985893,-0.003907098434865475,-0.05944099649786949,-0.003908551298081875,0.04950263723731041,-0.07138717174530029,-0.007869449444115162,-0.06552577018737793,-0.099544957280159,-0.018361562862992287,-0.04132486507296562,0.04952196031808853,0.041921719908714294,0.0017609433270990849,0.04457501694560051,0.045933596789836884,0.033919382840394974,0.06057417392730713,-0.03939971327781677
0.04666222259402275,0.016402699053287506,-0.04362872987985611,0.009081381373107433,0.05711214244365692,-0.0705874115228653,-0.07253831624984741,0.0019529717974364758,-0.026678552851080894,-0.02263825573027134,0.06484735757112503,0.013572470284998417,-0.029456831514835358,0.02747664786875248,-0.008871394209563732,-0.03560896962881088,0.039358340203762054,0.057637233287096024,-0.029559100046753883,0.028439806774258614
-0.002965471940115094,-0.026757290586829185,-0.02416987530887127,-0.04186288267374039,0.00995161384344101,0.027071604505181313,0.05296696349978447,0.01576547883450985,-0.021219301968812943,-0.0860467255115509,-0.05748121440410614,0.018289733678102493,0.05677305907011032,0.05239517241716385,-0.022782089188694954,0.06898816674947739,-0.020027684047818184,-0.0655253529548645,0.07508641481399536,-0.07387444376945496
0.00599616440013051,-0.03488060459494591,0.013109800405800343,0.05843504145741463,0.11726544052362442,-0.022424504160881042,-0.04109250381588936,0.05574997514486313,-0.0698619857430458,-0.02224673144519329,0.04949204623699188,-0.011855902150273323,-0.0034846856724470854,-0.039674311876297,0.09564487636089325,0.06818976998329163,0.034044716507196426,-0.054163943976163864,-0.040968045592308044,0.03386283293366432
0.0558522567152977,-0.012385734356939793,0.04133173078298569,-0.036760732531547546,0.03099147044122219,0.04804914817214012,-0.02677067182958126,-0.013300118036568165,-0.02490672655403614,0.028581034392118454,-0.050362613052129745,0.04880087077617645,0.017154183238744736,-0.02757623791694641,0.0010582718532532454,-0.05949920788407326,0.016825838014483452,-0.039682142436504364,0.07438818365335464,-0.06204191595315933
-0.035836514085531235,-0.060271117836236954,0.05083215981721878,0.024822808802127838,0.03581346943974495,-0.04061681404709816,-0.01729762926697731,-0.04548878222703934,-0.008442100137472153,-0.07541365921497345,-0.045168716460466385,0.024996750056743622,-0.022213008254766464,0.0039500766433775425,0.09007513523101807,0.03376287221908569,-0.023828715085983276,0.04803046956658363,0.03444811701774597,0.001119163352996111
0.038592368364334106,0.012201914563775063,0.08555803447961807,0.02902105264365673,0.10691943764686584,0.054375067353248596,-0.02533682808279991,-0.022784272208809853,0.018745603039860725,-0.08386591076850891,-0.004115397110581398,0.0572027824819088,-0.0623842217028141,0.029248470440506935,0.0668635368347168,0.06446577608585358,-0.005976527463644743,0.019406626001000404,-0.00950667168945074,-0.034646350890398026
0.03980811685323715,0.06392509490251541,0.0753464624285698,0.05105317756533623,0.10782206803560257,0.05811251327395439,-0.030294500291347504,0.0720154270529747,0.025572767481207848,-0.08777797222137451,-0.026789383962750435,0.007982953451573849,-0.023433852940797806,0.05965157970786095,-0.035543959587812424,0.04633804038167,-0.0013840890023857355,0.0357697531580925,0.06137858331203461,0.007730875164270401
0.0007065050303936005,0.03342817723751068,0.010226392187178135,-0.03578997403383255,0.08215370029211044,0.05322300270199776,-0.052699822932481766,0.008342972956597805,0.006088026333600283,-0.03158096224069595,-0.06841357052326202,0.06177753955125809,-0.05227452889084816,0.024027952924370766,0.09306860715150833,-0.02764194831252098,-0.045942194759845734,-0.012480455450713634,0.015140673145651817,0.02660418674349785
-0.07831516116857529,-0.014931043609976768,0.017068911343812943,-0.027091871947050095,-0.00945337489247322,0.011809458956122398,0.021055562421679497,0.07713387906551361,-0.014643500559031963,-0.04847211390733719,0.054040197283029556,-0.005187217146158218,-0.046042200177907944,0.012131065130233765,0.07408316433429718,-0.0031561029609292746,-0.044831790030002594,0.07345420122146606,0.06134679913520813,-0.052959538996219635
0.060451947152614594,0.026077931746840477,-0.0390390120446682,0.02697589062154293,0.018197039142251015,-0.02767634019255638,-0.021490715444087982,0.018695849925279617,-0.0855846181511879,-0.0453970767557621,-0.04219605028629303,0.01782284304499626,0.02128559723496437,0.010270318947732449,0.07452577352523804,0.053941622376441956,-0.02025030553340912,-0.03313666954636574,-0.05072080343961716,0.027966905385255814
-0.021873202174901962,-0.01816668175160885,-0.029124367982149124,-0.04490364342927933,0.10846168547868729,-0.045127805322408676,0.04019327089190483,-0.031711917370557785,0.03258372098207474,-0.07069002836942673,0.03360648825764656,0.08982636779546738,0.06700574606657028,-0.046260297298431396,0.08075309544801712,0.07984408736228943,-0.016235286369919777,-0.05114264041185379,0.07623597234487534,-0.0032861814834177494
0.016453996300697327,0.04235798120498657,-0.016174929216504097,0.026279538869857788,0.057712193578481674,0.058801960200071335,0.017870862036943436,0.05393754690885544,-0.031092651188373566,-0.04460697993636131,0.0004958019126206636,0.017688192427158356,0.05049174278974533,0.02234792895615101,0.06946735829114914,0.036921173334121704,-0.04128854349255562,-0.05912710726261139,0.06472525745630264,0.0323251336812973
-0.06705398857593536,-0.007751653902232647,0.043839845806360245,0.05514054000377655,0.02911207638680935,0.042080994695425034,-0.025628121569752693,-0.015261335298418999,-0.0756373405456543,0.038895830512046814,-0.011937469244003296,-0.008279182948172092,-0.05816936120390892,-0.03919392079114914,0.06532210856676102,0.02713007479906082,-0.03793695941567421,-0.025466671213507652,-0.026009969413280487,-0.09462927281856537
-0.022516893222928047,0.009011141024529934,-0.05113600194454193,0.026254981756210327,-0.0008670662646181881,0.052094899117946625,-0.07954487204551697,-0.02414398081600666,-0.013532554730772972,-0.04768978804349899,0.06277944147586823,0.1036987155675888,-0.026175521314144135,-0.0020704581402242184,0.03644859790802002,-0.05028681457042694,0.04718685522675514,-0.04646598920226097,0.028625955805182457,-0.02685602381825447
-0.0281240064650774,0.022516261786222458,-0.009078308939933777,-0.026555048301815987,0.026438964530825615,-0.029379241168498993,-0.004205375909805298,0.02671458199620247,0.06208150461316109,0.028617871925234795,0.06787975877523422,-0.03827803209424019,-0.0627245083451271,0.004125142004340887,0.05708928033709526,0.07706783711910248,0.04437946155667305,0.051249951124191284,-0.05404317006468773,0.0349394828081131
-0.053622644394636154,0.03194523602724075,-0.013062753714621067,-0.049097780138254166,0.08759251236915588,-0.06400783360004425,-0.0029877913184463978,0.018166396766901016,0.024837780743837357,-0.04841925948858261,0.06514935940504074,0.09054416418075562,-0.029521742835640907,0.0654759407043457,0.035073116421699524,0.02786755934357643,-0.01970226876437664,-0.015912309288978577,0.062266819179058075,-0.0518842376768589
-0.004365002736449242,0.056226979941129684,0.06832882016897202,-0.039483096450567245,-0.0023691318929195404,0.027019981294870377,0.045592520385980606,-0.05888506397604942,-0.06067299842834473,0.009831695817410946,-0.022290004417300224,0.08392070978879929,0.06489145010709763,0.023884130641818047,0.06684704124927521,0.05372978374361992,0.07262688875198364,0.006054645869880915,0.04570620879530907,0.05219393968582153
0.011931074783205986,-0.020865781232714653,0.059060584753751755,-0.037093400955200195,0.09631575644016266,0.0667179524898529,-0.023322848603129387,0.02705177292227745,0.03963256627321243,-0.02144867554306984,-0.06588126718997955,0.006787441670894623,0.029948187991976738,0.07773298025131226,0.022158930078148842,0.035515107214450836,0.0529671348631382,0.011163521558046341,-0.057122256606817245,0.006954636890441179
0.05009204149246216,-0.013101606629788876,-0.009446906857192516,-0.020098425447940826,0.060396574437618256,0.0693858191370964,-0.01078840158879757,-0.025309860706329346,0.06376369297504425,-0.01975562423467636,-0.02329658716917038,0.03932371363043785,-0.03465178236365318,0.05553656816482544,0.00985207874327898,-0.02299206517636776,0.01518693845719099,-0.05781532824039459,0.0439605638384819,0.0016879929462447762
0.05009204149246216,-0.013101606629788876,-0.009446906857192516,-0.020098425447940826,0.060396574437618256,0.0693858191370964,-0.01078840158879757,-0.025309860706329346,0.06376369297504425,-0.01975562423467636,-0.02329658716917038,0.03932371363043785,-0.03465178236365318,0.05553656816482544,0.00985207874327898,-0.02299206517636776,0.01518693845719099,-0.05781532824039459,0.0439605638384819,0.0016879929462447762
-0.06022433191537857,-0.05521161109209061,0.015182195231318474,-0.05598664656281471,0.11105583608150482,0.056587882339954376,-0.03676889091730118,0.04306184500455856,-0.029751362279057503,0.007761222310364246,0.01593744195997715,0.060838278383016586,0.0008856630884110928,0.0561080127954483,0.09061781316995621,-0.007269641384482384,0.04535583779215813,-0.053704634308815,0.008588199503719807,1.982210778805893e-05
0.022934261709451675,-0.02532542310655117,0.0396026149392128,-0.05311007425189018,0.09736404567956924,0.020863713696599007,0.05132029578089714,0.044456079602241516,0.006552265956997871,0.030423743650317192,0.056511662900447845,-0.028824206441640854,0.012699666433036327,0.04111790284514427,0.06188848614692688,-0.02877473458647728,0.05991426482796669,0.0716933086514473,0.06157909706234932,-0.004472650587558746
0.016215400770306587,-0.03010120801627636,0.08017580211162567,-0.02626611664891243,0.10539846867322922,-0.046110834926366806,-0.05546664446592331,-0.020773792639374733,-0.04494684934616089,0.02376594766974449,0.0065596094354987144,0.016839848831295967,0.043965794146060944,0.07270998507738113,0.031336743384599686,-0.02293960191309452,0.057639800012111664,-0.03558321297168732,0.051959797739982605,0.03645263984799385
-0.05883839353919029,-0.013543235138058662,0.06753242015838623,0.023898297920823097,0.08041037619113922,-0.01265790220350027,-0.03598234802484512,-0.012715548276901245,0.061455633491277695,-0.07653816789388657,0.006446949206292629,0.010114858858287334,-0.03436058387160301,0.012638131156563759,0.06956779956817627,-0.04323742166161537,-0.009204931557178497,0.0661311075091362,0.012218105606734753,0.013867402449250221
-0.05983783304691315,-0.0052063679322600365,0.018381310626864433,-0.05142958089709282,0.1250956803560257,-0.027732040733098984,0.03623337298631668,0.029630238190293312,0.009552703239023685,-0.019441811367869377,-0.012123681604862213,-0.035637035965919495,-0.035840507596731186,-0.02722826600074768,0.04403545334935188,-0.04690321534872055,-0.015468871220946312,0.023144204169511795,-0.026022784411907196,-0.06320079416036606
-0.0006017825216986239,-0.0392397940158844,-0.005113841965794563,0.0057356334291398525,0.03338467329740524,-0.042020052671432495,0.02784286066889763,0.03283300995826721,-0.011646129190921783,-0.03390854597091675,-0.06332649290561676,0.09401916712522507,0.008647860959172249,0.06185417249798775,0.10015426576137543,-0.03617974370718002,-0.04686707630753517,0.027868200093507767,0.03307700529694557,-0.022274265065789223
-0.03084992803633213,-0.0003041001909878105,0.07141335308551788,0.03158242255449295,0.10247045755386353,0.045781414955854416,-0.007932976819574833,0.0724601000547409,0.026301635429263115,-0.06899304687976837,0.016495121642947197,-0.017833076417446136,0.0008002528338693082,0.08577504754066467,0.055837009102106094,-0.014149404130876064,0.08009424805641174,0.03385912999510765,-0.0448102243244648,-0.0003517059958539903
0.04734908416867256,-0.019557081162929535,-0.041774529963731766,0.040522366762161255,0.0050619919784367085,0.033035874366760254,-0.06084231287240982,0.009491714648902416,-0.06857520341873169,-0.06172200292348862,0.007563618943095207,-0.007179781794548035,0.06421596556901932,0.02483907900750637,0.05533842369914055,0.05283708497881889,0.050996333360672,0.06630528718233109,0.04824790358543396,0.03790190815925598
0.05683107301592827,0.06774745136499405,-0.03594634681940079,-0.053726207464933395,0.09367451816797256,0.026555929332971573,-0.052949775010347366,-0.012986201792955399,0.048661231994628906,-0.06762389093637466,0.024711454287171364,0.07372482866048813,-0.0488717146217823,-0.015684766694903374,0.08211436122655869,-0.04218194633722305,0.04750563204288483,0.04115453362464905,0.06178361177444458,0.052429575473070145
-0.05819355323910713,0.036355167627334595,-0.0015221659559756517,-0.001985306618735194,0.04242488741874695,-0.036102425307035446,0.02474529854953289,-0.035470880568027496,-0.02935994789004326,-0.0720975324511528,0.06925743073225021,0.013730288483202457,-0.0580449178814888,0.06836755573749542,-0.008169271983206272,0.027288973331451416,0.05301776900887489,0.057099971920251846,-0.021447891369462013,-0.0258634015917778
0.0571226105093956,-0.018740689381957054,0.0019535720348358154,0.043308407068252563,0.011564910411834717,0.058685339987277985,-0.012787766754627228,0.014054716564714909,0.04472758620977402,-0.09901434928178787,0.06716706603765488,0.023876676335930824,-0.06327065080404282,-0.043646033853292465,0.03361866623163223,0.01581706292927265,0.06744004040956497,-0.008495823480188847,0.049651727080345154,-0.057204388082027435
0.012180924415588379,0.014810211025178432,-0.04681353271007538,-0.019801249727606773,0.07240636646747589,-0.06385941058397293,-0.017332226037979126,-0.041151512414216995,-0.05317356809973717,-0.07055241614580154,-0.0021201185882091522,0.05977416783571243,-0.06651685386896133,-0.021771274507045746,0.05543087050318718,0.059280600398778915,-0.029138730838894844,-0.048608653247356415,0.07202962785959244,-0.0059723323211073875
-0.052860237658023834,0.07477299869060516,0.002385650761425495,0.07162611931562424,0.049160752445459366,0.07281545549631119,-0.018075577914714813,-0.04822715371847153,-0.0643736943602562,-0.03156958892941475,-0.012218330055475235,0.0477292500436306,-0.06620878726243973,0.002954216441139579,-0.031103748828172684,0.023727666586637497,0.00554344616830349,-0.06515417248010635,-0.0548512227833271,-0.04322056472301483
-0.05203939601778984,-0.016383223235607147,0.044517647475004196,0.037476591765880585,0.07575118541717529,-0.06335631757974625,-0.06493078172206879,0.03781801089644432,0.02061406709253788,-0.006019808351993561,0.06319348514080048,0.07499545067548752,-0.02885352075099945,0.061424385756254196,0.029264483600854874,-0.02130998484790325,-0.006927377078682184,-0.05978541076183319,-0.00022548998822458088,-0.062382251024246216
-0.030942223966121674,0.031506817787885666,-0.04323435574769974,0.07686805725097656,-0.024438293650746346,0.04429009184241295,-0.0802721157670021,0.013049883767962456,-0.014208236709237099,-0.05054306611418724,-0.05392500013113022,-0.01819639652967453,0.0520780123770237,-0.024522975087165833,0.009222488850355148,-0.05074430629611015,0.030592555180191994,-0.0069331275299191475,0.02299821376800537,-0.06245119497179985
0.01822863519191742,-0.06721275299787521,-0.0007361535099335015,0.023899216204881668,-0.009831675328314304,-0.02214459888637066,0.0027331167366355658,0.05428534746170044,0.06671934574842453,-0.024249298498034477,0.05088653787970543,-0.009220612235367298,-0.0037633900064975023,-0.03501872718334198,0.021778475493192673,0.08852052688598633,-0.0095213046297431,0.04477721080183983,0.00877688080072403,-0.060129694640636444
0.008741860277950764,-0.016680225729942322,-0.027430396527051926,-0.024919578805565834,0.04450559616088867,0.026339136064052582,0.00740599213168025,-0.053554218262434006,0.042127225548028946,0.04363947734236717,0.049398574978113174,0.01402765791863203,-0.013061909936368465,0.07840119302272797,0.020596420392394066,-0.047893375158309937,0.06490368396043777,0.03667578473687172,0.049397241324186325,-0.0791073590517044
-0.053459394723176956,0.02325696311891079,-0.008589666336774826,0.014983747154474258,0.10433067381381989,-0.001971796154975891,-0.07673370838165283,-0.023396071046590805,0.02321731112897396,-0.05673208460211754,0.028966810554265976,-0.03172563761472702,0.03840947523713112,0.06930804997682571,0.08506451547145844,0.026140259578824043,-0.0501692034304142,-0.003884446108713746,0.0664285346865654,-0.021300287917256355
0.02789168804883957,-0.006298519205302,0.08245868235826492,-0.047282055020332336,0.08566999435424805,0.06072453781962395,0.017106108367443085,0.003992269281297922,0.06123646721243858,-0.038974542170763016,0.06375887989997864,0.10489318519830704,0.013384837657213211,0.05921626836061478,0.042372073978185654,-0.042701903730630875,0.013246290385723114,-0.05050862953066826,-0.03746572881937027,0.03919757902622223
0.02789168804883957,-0.006298519205302,0.08245868235826492,-0.047282055020332336,0.08566999435424805,0.06072453781962395,0.017106108367443085,0.003992269281297922,0.06123646721243858,-0.038974542170763016,0.06375887989997864,0.10489318519830704,0.013384837657213211,0.05921626836061478,0.042372073978185654,-0.042701903730630875,0.013246290385723114,-0.05050862953066826,-0.03746572881937027,0.03919757902622223
-0.08125516027212143,0.03866039961576462,-0.04774823784828186,-0.04459288716316223,0.020638469606637955,-0.020579436793923378,-0.026438092812895775,0.024130629375576973,0.037848785519599915,0.04051481932401657,0.015710480511188507,0.09944099932909012,-0.022758379578590393,0.06271499395370483,0.03400237113237381,-0.030758371576666832,0.07570468634366989,-0.006108508910983801,0.050511445850133896,-0.03541223332285881
-0.041892632842063904,0.00600897241383791,0.04577568918466568,0.03235413134098053,0.049437083303928375,0.012211240828037262,0.02985405921936035,-0.034613724797964096,0.02405370958149433,-0.023144999518990517,0.015057448297739029,0.07723961770534515,0.03430803120136261,-0.036178380250930786,0.03139518201351166,-0.013871329836547375,0.028229333460330963,0.018104150891304016,0.022215863689780235,-0.008255679160356522
0.03255778178572655,0.024248452857136726,0.041468486189842224,-0.026201363652944565,0.10987549275159836,0.06577681750059128,-0.04466550052165985,0.0030526581685990095,0.024605117738246918,-0.07061503827571869,0.03236261382699013,0.10124600678682327,0.024548284709453583,0.07260723412036896,0.046961069107055664,0.0355711504817009,0.01839750073850155,0.02851024456322193,-0.050790946930646896,-0.06339780241250992
-0.07515617460012436,0.024632181972265244,0.015088183805346489,0.011518877930939198,0.12065188586711884,-0.050024233758449554,-0.04934125766158104,-0.05479671433568001,0.025875931605696678,-0.0042180935852229595,0.0009934084955602884,0.07932158559560776,-0.03741523623466492,0.061491165310144424,-0.04442409425973892,0.04091973602771759,0.03403570502996445,-0.03446630761027336,0.0076749371364712715,-0.05757474899291992
0.03557443618774414,0.014270966872572899,0.0845428854227066,0.04224085807800293,0.07701325416564941,-0.0028729201294481754,-0.055120933800935745,-0.016301095485687256,-0.044912975281476974,0.012478459626436234,0.007426821161061525,0.07901620119810104,-0.03646974265575409,0.05101202428340912,0.07757869362831116,0.03865507245063782,-0.019977061077952385,0.04026202857494354,-0.006115929689258337,0.030995454639196396
-0.016456985846161842,-0.013582825660705566,0.05411168187856674,-0.045295607298612595,0.10685750097036362,-0.026824872940778732,-0.06144898012280464,-0.041799794882535934,0.021476171910762787,-0.05234413966536522,0.003199660452082753,0.06350496411323547,-0.07382579892873764,0.0077393753454089165,-0.0001904741075122729,-0.0562279149889946,-0.028169507160782814,-0.017554668709635735,-0.010615642182528973,-0.025856681168079376
0.00597981084138155,0.04812328517436981,-0.047945186495780945,0.043715521693229675,0.0681566596031189,0.013085540384054184,-0.014670162461698055,-0.05015292391180992,0.0418517142534256,-0.025937292724847794,0.00166999245993793,-0.031025441363453865,-0.025318752974271774,0.03533949330449104,-0.04573497548699379,0.071888767182827,0.07523665577173233,0.008872997015714645,0.06615056842565536,-0.027922244742512703
-0.047138333320617676,-0.05034434422850609,0.008062737062573433,0.0608987957239151,-0.0029065266717225313,-0.049104705452919006,0.04039221256971359,0.03701417148113251,-0.01564212143421173,-0.020001500844955444,-0.009038183838129044,0.020008599385619164,0.05584555119276047,0.003812849521636963,0.027176575735211372,0.02712472900748253,-0.03282701224088669,0.018546469509601593,0.016909031197428703,0.05047453194856644
0.042213913053274155,-0.023644080385565758,0.020098939538002014,0.012262360192835331,0.11329930275678635,0.02446511574089527,0.04399125277996063,-0.021731674671173096,0.013391068205237389,-0.048812903463840485,0.0319318026304245,0.09112431854009628,-0.01685064472258091,-0.032348841428756714,0.06345754116773605,0.02014840953052044,0.07561975717544556,-0.026955239474773407,-0.01266581192612648,-0.0396454744040966
-0.043737657368183136,0.008895671926438808,-0.03154873475432396,0.03015637770295143,0.06172008439898491,0.014921269379556179,-0.03578024357557297,0.03873313218355179,0.05782206729054451,-0.005981151480227709,0.04152435436844826,-0.031815603375434875,0.043377988040447235,0.08029099553823471,0.005374224856495857,-0.004312878008931875,-0.05358954519033432,0.062168728560209274,-0.047760892659425735,-0.0197051540017128
-0.050282884389162064,-0.042451322078704834,-0.02326955832540989,0.011754337698221207,0.05216248705983162,-0.01229613646864891,0.02646145224571228,-0.02009081467986107,0.05930335819721222,-0.09211499989032745,-0.007566267624497414,0.013794541358947754,-0.04092862829566002,-0.00144871580414474,-0.007928647100925446,0.025443539023399353,-0.044651128351688385,0.0471479669213295,0.01452187541872263,0.04638340324163437
-0.008544696494936943,-0.05866692215204239,-0.04729864001274109,0.0582684688270092,0.07440201938152313,0.048196110874414444,0.010912252590060234,-0.0033033210784196854,0.05208050459623337,-0.04211679846048355,-0.055439043790102005,0.06979935616254807,0.028411462903022766,0.07812456786632538,-0.00018680862558539957,-0.030127139762043953,-0.029558725655078888,0.06282831728458405,0.027751892805099487,-0.050640471279621124
-0.032736875116825104,0.02086702175438404,-0.011859101243317127,-0.04164646565914154,0.09131912142038345,-0.049615293741226196,0.01602327823638916,0.016842400655150414,-0.047297075390815735,-0.002265295246616006,0.06309399008750916,0.026407895609736443,-0.04531789571046829,0.03691118210554123,0.015974566340446472,0.04402211308479309,0.05431564152240753,0.0524180643260479,-0.0049743130803108215,0.010185373947024345
-0.0781278908252716,-0.041896384209394455,0.00041075132321566343,-0.01811349391937256,0.018531322479248047,0.03830893710255623,-0.05445881187915802,-0.03789779543876648,-0.012036859057843685,0.003923420794308186,0.018455689772963524,0.03382381424307823,0.04579072818160057,-0.039631325751543045,0.09422823786735535,-0.026816057041287422,0.06075694411993027,-0.06802362203598022,0.0008474558126181364,0.036484286189079285
0.043855249881744385,0.02977297641336918,-0.0005374074098654091,0.00996018573641777,0.08387775719165802,-0.009697617031633854,-0.02508481591939926,-0.02304895594716072,0.05451173707842827,-0.026043245568871498,0.0016909993719309568,0.04430471360683441,-0.04353778064250946,0.03534248098731041,0.003276609815657139,0.0016499044140800834,-0.04636553302407265,0.06031026691198349,0.029932361096143723,-0.002922292100265622
-0.0379297100007534,0.04302012920379639,0.08506695926189423,0.029866898432374,0.10647384822368622,-0.03209320455789566,-0.061257269233465195,-0.01725487783551216,-0.04711797460913658,0.035885024815797806,-0.025856545194983482,0.09393506497144699,0.0028673713095486164,0.0013994773617014289,0.035150520503520966,-0.05426426976919174,0.05740797519683838,-0.05364145711064339,0.019454965367913246,0.02904343046247959
-0.04188983142375946,-0.006957934703677893,0.003736142534762621,-0.051313791424036026,0.02662799134850502,0.03758144751191139,-0.06904640793800354,-0.05138416588306427,-0.06109841167926788,-0.0194170530885458,0.04005329683423042,-0.036072008311748505,-0.042460475116968155,0.011458177119493484,0.06794349104166031,-0.007522670552134514,0.06257583945989609,0.010804146528244019,0.03479532152414322,-0.0649416521191597
-0.06702189892530441,0.025632942095398903,0.07850046455860138,-0.0063947453163564205,0.06797778606414795,0.05543936416506767,-0.0305340439081192,-0.021001780405640602,0.05581652745604515,0.004598840139806271,-0.0002990625216625631,0.08917409181594849,0.06616050004959106,0.06458719819784164,0.052791763097047806,0.02621992491185665,0.035141948610544205,0.02064775489270687,-0.04546429589390755,-0.07142267376184464
-0.04387100413441658,0.027474170550704002,0.022160260006785393,0.05029686540365219,0.027712972834706306,-0.03341345489025116,0.015339328907430172,0.008398167788982391,-0.06392309814691544,-0.07962095737457275,0.0712895318865776,0.08232072740793228,0.03308466076850891,0.022244412451982498,0.016096506267786026,0.06155138090252876,0.03482180833816528,0.04850097373127937,-0.02709343656897545,-0.07270465046167374
0.0010930976131930947,0.07045771181583405,0.03177269920706749,0.07863970100879669,-0.004575521685183048,-0.02365165576338768,-0.032927922904491425,0.07524848729372025,-0.02519058808684349,-0.03101656772196293,-0.020150883123278618,-0.03702514246106148,-0.006257140077650547,-0.006957791745662689,0.039375223219394684,0.0852966383099556,0.04259553179144859,0.037701744586229324,-0.056218281388282776,-0.015249665826559067
-0.07630320638418198,-0.04011187329888344,0.02536606416106224,0.03314958140254021,0.02887865900993347,0.06096599996089935,-0.018557298928499222,-0.005484312307089567,-0.040289442986249924,-0.07870470732450485,-0.05974573642015457,0.01199439074844122,-0.03942492976784706,0.04851888120174408,0.0016892623389139771,0.057604432106018066,0.07683961093425751,0.013258319348096848,-0.05119460076093674,-0.006134189199656248
0.029586387798190117,-0.03335535526275635,-0.030212314799427986,-0.04678567126393318,0.06836038082838058,-0.05673278495669365,-0.05447148159146309,0.04831792041659355,0.012615801766514778,-0.05960923433303833,-0.015472924336791039,0.07508253306150436,-0.032485004514455795,-0.02245691791176796,0.030745113268494606,0.04360071197152138,0.05967148020863533,0.06712224334478378,-0.011575022712349892,-0.06625287234783173
-0.04984777048230171,-0.03255021944642067,0.027913808822631836,0.013056358322501183,0.06996120512485504,0.012942388653755188,0.05472079664468765,0.07887917011976242,0.05145036056637764,-0.013999800197780132,0.05524437129497528,-0.02641502022743225,-0.0055073462426662445,0.03488684073090553,0.05481604114174843,0.06533199548721313,0.012128662317991257,-0.06084151566028595,-0.050509728491306305,-0.08080815523862839
0.022496072575449944,0.06940160691738129,0.04122437909245491,0.015759816393256187,0.02746463008224964,0.03339855745434761,-0.039043035358190536,-0.06202062964439392,-0.06677473336458206,0.027150634676218033,-0.04211016371846199,-0.0012716548517346382,-0.055179063230752945,0.01838979683816433,0.04128056764602661,0.03488257899880409,-0.02527451515197754,-0.03672080487012863,0.06716935336589813,0.0078884894028306
-0.05670192092657089,-0.03114425577223301,-0.007447365205734968,0.01940522901713848,0.0834677517414093,-0.043194644153118134,0.027077820152044296,-0.003694017417728901,-0.03053830750286579,-0.012457483448088169,-0.05431349202990532,0.10456792265176773,-0.029334619641304016,0.04660547897219658,0.0857018455862999,0.06843825429677963,-0.029491646215319633,0.031236713752150536,-0.012510844506323338,-0.07673769444227219
0.05544549599289894,0.002179012866690755,0.008686266839504242,-0.01113580446690321,-0.0027903681620955467,-0.044674668461084366,0.05974673479795456,0.010299775749444962,0.041354235261678696,-0.09129566699266434,0.05746730789542198,0.07298458367586136,0.01111338660120964,0.060411471873521805,0.03777643293142319,-0.019000234082341194,-0.013233264908194542,-0.07102220505475998,0.0605858713388443,0.02340485341846943
-0.05221165344119072,-0.005725105758756399,0.03927391767501831,0.03287159278988838,0.06973803788423538,-0.016534460708498955,-0.026321785524487495,-0.034494318068027496,0.03184957057237625,0.040528032928705215,-0.016107458621263504,0.038554057478904724,-0.047733407467603683,0.08391722291707993,0.046586647629737854,-0.00616435008123517,-0.014249778352677822,-0.04230772331357002,-0.01870422251522541,0.019908450543880463
-0.004371632821857929,-0.0011583968298509717,-0.036586035043001175,0.013678326271474361,0.06022683158516884,0.041640885174274445,-0.006948674563318491,-0.0008796169422566891,-0.0440879762172699,-0.05753268301486969,0.037834376096725464,0.08505257964134216,-0.05382653698325157,-0.0148550970479846,0.04030384495854378,-0.011969499289989471,0.01146155409514904,-0.023217344656586647,0.07686136662960052,0.052134446799755096
0.010068695060908794,0.06266786903142929,0.05519971251487732,-0.029615024104714394,0.1070169135928154,0.017281362786889076,-0.03216185048222542,-0.05387943610548973,0.035340551286935806,0.03981465473771095,-0.0320095531642437,0.05667467787861824,0.048494402319192886,-0.005475331097841263,0.0518898069858551,0.0785224512219429,0.03329981118440628,-0.03357023373246193,-0.03645733371376991,-0.053632646799087524
-0.01702171377837658,-0.04622514173388481,0.026708701625466347,-0.017365040257573128,0.022903256118297577,0.02597135864198208,-0.014954959973692894,0.02147877961397171,0.052005939185619354,-0.09008444100618362,0.054174941033124924,0.03975449874997139,-0.033148203045129776,-0.03899020329117775,0.03347728028893471,0.03492124378681183,-0.04628124460577965,0.036053139716386795,0.06563634425401688,-0.041715774685144424
0.01508826483041048,-0.03711051121354103,0.08294858038425446,-0.044879425317049026,0.0380246639251709,-0.011512577533721924,-0.03571110963821411,-0.032344188541173935,0.034607160836458206,-0.03137662261724472,0.012033640407025814,0.03732526674866676,-0.04840787127614021,0.07594095915555954,0.04282244294881821,0.00535255391150713,0.059701789170503616,-0.0017231240635737777,-0.03235013410449028,0.05026897415518761
0.02160709910094738,0.0016767565393820405,0.02629711851477623,-0.029098398983478546,0.08687802404165268,0.051731184124946594,0.04937785863876343,-0.006621468346565962,-0.0709189623594284,-0.03711414337158203,0.03749724477529526,-0.024242710322141647,-0.045701246708631516,0.018742326647043228,0.026887409389019012,-0.05393300577998161,-0.004987564869225025,-0.03591084107756615,0.017468178644776344,0.004936086945235729
0.05485266074538231,0.07420942932367325,0.040146175771951675,0.03832067921757698,0.08612062782049179,-0.05255500599741936,0.06227580085396767,-0.057857003062963486,0.04991105571389198,-0.02076159417629242,-0.04832752048969269,0.044514935463666916,-0.003809424117207527,-0.013998112641274929,0.061317525804042816,0.06238432601094246,-0.05442102998495102,-0.026159944012761116,0.04291094094514847,-0.008898025378584862
-0.022060805931687355,-0.022876529023051262,0.07006695121526718,-0.027491092681884766,0.10323549062013626,-0.05784664303064346,-0.06419239193201065,-0.002905430970713496,0.03721572831273079,-0.045552369207143784,-0.03667173534631729,0.03528786078095436,-0.0031399214640259743,0.08929232507944107,-0.0036533598322421312,-0.023522118106484413,0.058815985918045044,-0.03976266086101532,-0.023648599162697792,-0.037890564650297165
-0.07439390569925308,-0.029107842594385147,-0.016071051359176636,0.06078823283314705,0.03639306128025055,0.060474663972854614,0.03597056120634079,-0.06133703142404556,0.03795687109231949,-0.0657101720571518,-0.0657506138086319,0.04843093454837799,0.0377405546605587,-0.01061354111880064,0.08709275722503662,-0.031634341925382614,0.004561388865113258,-0.053255364298820496,-0.045632775872945786,-0.021214399486780167
0.00029887480195611715,-0.029564540833234787,-0.033836256712675095,-0.004166081547737122,-0.008478235453367233,0.0361870676279068,0.012731989845633507,0.0512351393699646,0.04877202957868576,-0.0002077564859064296,0.06005193293094635,-0.025956669822335243,-0.0017848568968474865,0.04138113558292389,0.05846448242664337,-7.291261135833338e-05,0.05047427862882614,-0.019107451662421227,-0.05393272265791893,-0.026105575263500214
0.021741574630141258,-0.02429288439452648,-0.04347165673971176,0.05754103884100914,0.11097098886966705,0.011955549009144306,0.021171145141124725,0.019531771540641785,-0.008677749894559383,0.009685253724455833,0.0561688132584095,0.06417562067508698,0.03787866234779358,-0.024288592860102654,0.061653707176446915,0.003171633230522275,0.05484769493341446,0.015766916796565056,0.05241473391652107,-0.04199781268835068
0.030744358897209167,0.06099942326545715,-0.025975942611694336,0.06007087603211403,0.11712600290775299,-0.0669548287987709,0.010155071504414082,0.0033093516249209642,-0.0344436839222908,0.013456227257847786,0.05254373699426651,0.031114106997847557,-0.052939798682928085,0.052363909780979156,-0.025205355137586594,-0.06059560179710388,-0.05435846373438835,-0.051993291825056076,-0.0639544203877449,0.020713908597826958
-0.045460544526576996,-0.029225770384073257,0.0072603304870426655,0.0589333213865757,0.042233843356370926,-0.03654856234788895,-0.052584853023290634,0.07035262882709503,-0.033429596573114395,-0.02430499717593193,0.008099325001239777,-0.018164291977882385,-0.0719328373670578,0.04206137731671333,-0.03713706135749817,0.00923748780041933,0.02191937156021595,0.06849059462547302,-0.051219549030065536,-0.022364111617207527
-0.049839746206998825,-0.012199820950627327,0.01198760699480772,0.07153405994176865,0.01978021115064621,0.015500844456255436,-0.06904817372560501,0.064529187977314,0.05455181002616882,-0.09172257035970688,0.010239090770483017,0.059370383620262146,0.0037297795061022043,-0.03852233663201332,0.057210564613342285,0.0691925510764122,0.008811983279883862,-0.059977199882268906,0.012432322837412357,-0.017608756199479103
0.021371548995375633,0.008544095791876316,0.05848262459039688,0.0266238022595644,0.09276213496923447,-0.012632841244339943,-0.07106461375951767,0.034320518374443054,0.057893816381692886,0.0166885145008564,0.037543315440416336,-0.026088520884513855,-0.06335065513849258,-0.0102615375071764,0.07624614238739014,0.07338418066501617,-0.023700416088104248,0.04403103515505791,0.02686789631843567,-0.08207924664020538
0.005279348697513342,-0.038553670048713684,-0.02613694593310356,-0.015603854320943356,0.09355369210243225,-0.016536584123969078,-0.019861502572894096,-0.021012678742408752,-0.028111588209867477,0.033713199198246,0.06995668262243271,0.07005997002124786,0.02749064937233925,0.06677057594060898,0.0677383691072464,0.02043725550174713,0.026976682245731354,-0.010066901333630085,0.06996679306030273,0.05068684741854668
-0.04214458912611008,0.03342550992965698,0.08485454320907593,0.06470921635627747,0.06254881620407104,-0.033284109085798264,-0.023037036880850792,-0.017783699557185173,-0.009232456795871258,-0.043263990432024,-0.01650860533118248,0.079835906624794,-0.047124799340963364,0.07069903612136841,0.030570073053240776,-0.04464280232787132,-0.032172296196222305,0.05271179601550102,0.01301021408289671,-0.08872117102146149
0.06035855412483215,-0.005699302069842815,0.005643429234623909,0.005461923312395811,0.047768376767635345,0.02886296808719635,0.0015082735335454345,-0.021788831800222397,-0.007200653664767742,-0.04819818586111069,-0.02167554385960102,-0.02072202041745186,0.013085286132991314,0.07508428394794464,0.0005275396397337317,0.04865251109004021,0.005877719726413488,-0.05326247215270996,-0.028565749526023865,0.05138635262846947
0.006949207279831171,0.07376937568187714,0.04478162154555321,0.0727844089269638,0.07716578245162964,0.06143035739660263,0.020420759916305542,-0.02242853119969368,-0.06139684468507767,0.03536801412701607,0.06468387693166733,0.035734474658966064,-0.01762942597270012,0.024568382650613785,0.07332062721252441,0.033089298754930496,0.012617762200534344,0.0074905152432620525,-0.05547463521361351,-0.05025526508688927
-0.0034235643688589334,-0.014317065477371216,-0.04167892038822174,0.023787779733538628,0.007576978299766779,0.036698054522275925,0.05012146756052971,0.060364581644535065,0.01654740609228611,-0.06487669795751572,0.05440179631114006,0.0026931166648864746,0.030646169558167458,0.0342365987598896,0.02970791980624199,0.07804494351148605,0.05617491528391838,-0.024234142154455185,0.051326945424079895,0.032398439943790436
-0.017210960388183594,0.006535288877785206,-0.0329127311706543,0.0014414489269256592,0.025512661784887314,0.060473863035440445,-0.031145796179771423,0.012797942385077477,0.058509308844804764,0.00955360196530819,0.02565736696124077,0.07070045918226242,0.010726535692811012,0.05595721676945686,0.007966759614646435,-0.011558239348232746,0.06661390513181686,-0.061148833483457565,-0.06203119829297066,-0.019064724445343018
0.012065323069691658,-0.049358025193214417,-0.013257832266390324,0.00989662017673254,-0.01561517734080553,0.004852153826504946,0.022412102669477463,-0.0160622987896204,0.047450385987758636,0.012179565615952015,-0.04585061967372894,-0.026817431673407555,-0.0426240898668766,0.03860890120267868,-0.02365018241107464,-0.039503782987594604,0.01023026742041111,-0.02112775854766369,0.04786118492484093,-0.04001050814986229
-0.06261927634477615,0.005419783294200897,-0.005887831095606089,-0.034961119294166565,0.1100858822464943,0.0610271655023098,-0.012522363103926182,0.005615762434899807,0.008559459820389748,0.015515339560806751,0.011573904193937778,0.07567578554153442,0.023645972833037376,0.06368307769298553,0.02510274387896061,0.03242990002036095,0.03882451727986336,0.071212038397789,0.0681774914264679,0.0027847648598253727
-0.008065874688327312,0.026823699474334717,-0.05003097280859947,0.022823739796876907,0.02123952843248844,-0.024119289591908455,0.0232093445956707,0.07152462005615234,0.03675403818488121,0.023516414687037468,-0.05247544124722481,0.034527216106653214,0.013651114888489246,0.01864287629723549,-0.02050456404685974,-0.0028881023172289133,0.03901747614145279,-0.05604539439082146,-0.006250245030969381,-0.07975607365369797
-0.026805538684129715,-0.019875209778547287,-0.005483852233737707,0.0764954462647438,0.07307599484920502,0.04787170886993408,0.056889861822128296,0.05480824410915375,-0.04847698658704758,-0.04408198967576027,0.03526753932237625,-0.022523991763591766,-0.00455197598785162,0.051216501742601395,0.04180384799838066,-0.029176633805036545,0.027899393811821938,-0.0036801074165850878,0.037031855434179306,0.003290144493803382
0.05303512141108513,-0.01044654194265604,0.06516936421394348,-0.024996906518936157,0.11201176792383194,0.004715730436146259,0.0632782056927681,0.0470312163233757,0.05870533734560013,-0.05337664112448692,0.005829254165291786,0.09365926682949066,0.056673500686883926,-0.010906471870839596,0.07349896430969238,0.0671127662062645,-0.05758894979953766,-0.06696682423353195,-0.04261152446269989,0.0392751581966877
-0.007758724503219128,0.0257449671626091,-0.05066775903105736,0.03752625733613968,0.057218462228775024,0.018062347546219826,0.03384308144450188,0.010825143195688725,-0.04915359616279602,-0.014989742077887058,-0.050327714532613754,0.04511532187461853,0.04625542461872101,0.03553057834506035,0.08259253948926926,0.05645580217242241,-0.014824663288891315,0.021775685250759125,0.051952484995126724,0.0026327800005674362
-0.0860813707113266,0.07472507655620575,0.06569912284612656,0.07150495052337646,0.10016454756259918,0.004411432426422834,-0.03559113293886185,0.02448885329067707,0.0625540018081665,0.03135675936937332,0.009984098374843597,-0.04222685098648071,0.04763428494334221,0.05871645733714104,0.05144185200333595,-0.017852427437901497,-0.01990550383925438,-0.06778627634048462,-0.017642773687839508,-0.0694483071565628
-0.01260717399418354,-0.020387472584843636,-0.03232681006193161,-0.005912558641284704,0.08914267271757126,-0.04963715374469757,-0.020934132859110832,0.06929771602153778,-0.010138296522200108,0.013233080506324768,-0.04212731122970581,0.028069166466593742,-0.044878363609313965,0.04389798641204834,0.03952109441161156,0.0096608130261302,-0.030159449204802513,0.054572150111198425,0.04595522955060005,0.0008411577437072992
-0.054428450763225555,0.020912306383252144,0.03747193142771721,0.07149167358875275,0.08533641695976257,0.009840414859354496,-0.05710854008793831,-0.05476604029536247,0.05369802191853523,-0.05181973800063133,-0.01575084775686264,0.10033368319272995,-0.06725190579891205,0.02699887380003929,0.016837110742926598,0.07980851083993912,-0.05461215600371361,0.029838962480425835,-0.009425010532140732,0.037923868745565414
0.018370654433965683,-0.03950727730989456,0.07737889885902405,0.0344214141368866,0.025056371465325356,-0.05066703259944916,-0.017057064920663834,-0.036600854247808456,-0.03977539390325546,-0.047910455614328384,-0.05357132852077484,-0.027882156893610954,-0.07047919183969498,-0.006421096157282591,0.053480785340070724,-0.013539252802729607,-0.052587833255529404,0.05795011669397354,-0.062251411378383636,0.054760027676820755
-0.009475762024521828,-0.05848565697669983,-0.014677409082651138,-0.0470271036028862,0.08235859125852585,-0.06769931316375732,-0.03329242393374443,-0.045921698212623596,-0.07192055881023407,-0.06847482919692993,0.030321989208459854,0.045441240072250366,0.012783518992364407,-0.033013731241226196,0.027965953573584557,0.013715594075620174,-0.002677802462130785,-0.0083243977278471,-0.013998938724398613,-0.07837056368589401
-0.021745210513472557,-0.013136358000338078,0.055824197828769684,0.023065239191055298,0.04109162464737892,0.06561360508203506,0.06273537874221802,0.005309717264026403,-0.03948960453271866,-0.08355778455734253,0.0564742274582386,0.08431196957826614,0.05688417702913284,0.10146036744117737,-0.03316537290811539,0.007438340224325657,0.0320453867316246,-0.05977250263094902,0.07448140531778336,-0.030925681814551353
-0.03952544927597046,-0.03274724259972572,0.016714071854948997,-0.016383811831474304,0.11733485013246536,-0.06181297451257706,-0.022998368367552757,0.05629859119653702,0.05831832438707352,-0.03546620160341263,0.04473868012428284,0.04277162253856659,0.0003895093104802072,0.04218768700957298,0.03553450480103493,0.06366031616926193,-0.052619289606809616,-0.021686138585209846,-0.03235960006713867,-0.0028433573897928
-0.03145603463053703,-0.03283111751079559,-0.02541014738380909,-0.001264867838472128,0.013367144390940666,-0.0006739006494171917,-0.003684472059831023,0.021418265998363495,0.03613734245300293,-0.00976359099149704,0.05782467499375343,0.0437382347881794,0.06420623511075974,0.0073999688029289246,0.08307556062936783,0.0010926831746473908,0.01611086167395115,0.009044160135090351,-0.04291599988937378,-0.011712578125298023
0.01875922456383705,0.044351883232593536,0.07103593647480011,0.07353919744491577,0.03408193960785866,0.051339104771614075,-0.06917999684810638,-0.0423244833946228,0.03122047893702984,-0.05864936485886574,-0.00818832777440548,0.06577138602733612,-0.044560156762599945,0.07295304536819458,-0.030416684225201607,0.07655755430459976,-0.016490312293171883,0.01135092880576849,0.052316855639219284,-0.013796117156744003
0.01875922456383705,0.044351883232593536,0.07103593647480011,0.07353919744491577,0.03408193960785866,0.051339104771614075,-0.06917999684810638,-0.0423244833946228,0.03122047893702984,-0.05864936485886574,-0.00818832777440548,0.06577138602733612,-0.044560156762599945,0.07295304536819458,-0.030416684225201607,0.07655755430459976,-0.016490312293171883,0.01135092880576849,0.052316855639219284,-0.013796117156744003
-0.04954960197210312,-0.0233959648758173,-0.03812752291560173,0.019647669047117233,0.09143302589654922,0.051059313118457794,0.05160266160964966,0.020905787125229836,0.049604468047618866,0.0281907320022583,-0.04500967636704445,0.08721040189266205,0.03380364924669266,0.06134447827935219,0.08837107568979263,-0.002213367260992527,-0.0553058460354805,0.004365234170109034,-0.0013035227311775088,-0.015441901050508022
-0.06015034392476082,-0.046923745423555374,-0.01924334280192852,-0.04259376972913742,0.03885359317064285,0.03082028403878212,-0.07416553795337677,-0.06214256212115288,-0.01124675665050745,-0.05453741177916527,-0.04033851623535156,-0.012580267153680325,0.011087807826697826,0.044075798243284225,-0.005220533348619938,-0.04777204990386963,0.04855500906705856,-0.0005517375539056957,-0.0029352756682783365,-0.038658637553453445
0.026341238990426064,-0.02627716399729252,0.00121207139454782,0.07382750511169434,0.01751702092587948,-0.048613790422677994,-0.0049100457690656185,0.020352737978100777,0.04878706485033035,0.02544812113046646,-0.055531345307826996,0.04272700101137161,0.040498316287994385,-0.033454686403274536,0.10006406903266907,0.037328433245420456,0.03431761637330055,0.03932136669754982,0.059462934732437134,-0.07132032513618469
-0.029030118137598038,0.02826925367116928,0.06832876056432724,-0.0569450668990612,-0.0018278640927746892,-0.07476193457841873,0.0004877822648268193,0.015968210995197296,0.0401233434677124,-0.025136614218354225,-0.017037855461239815,0.009133441373705864,-0.060051966458559036,0.043312132358551025,0.04488192871212959,-0.02111874148249626,-0.03821569308638573,0.05168769136071205,0.022776663303375244,0.046076398342847824
0.03986305743455887,0.0335315503180027,0.06868413835763931,-0.021943064406514168,-0.018365593627095222,0.06161268427968025,-0.045872148126363754,-0.06129935011267662,0.00553089426830411,0.015285674482584,-0.006751025561243296,0.022423896938562393,-0.05926252901554108,-0.04044235125184059,0.019359920173883438,0.0818253755569458,-0.03238839656114578,0.07056032121181488,0.0015717917121946812,0.003850469598546624
-0.03759708255529404,0.022868378087878227,-0.058733079582452774,0.004393299110233784,0.03627800568938255,-0.035625383257865906,0.049153830856084824,-0.03481888025999069,-0.051708973944187164,-0.0022280914708971977,0.020877011120319366,-0.004847328644245863,-0.05310000851750374,0.07460471987724304,0.03120444342494011,0.08085259050130844,0.06342750787734985,-0.031127316877245903,-0.045087311416864395,-0.000606072077061981
-0.07792891561985016,-0.05584019422531128,-0.05125045403838158,-0.03967001289129257,0.08520694077014923,0.039822421967983246,0.023733818903565407,0.002591035794466734,0.03417224436998367,-0.014254242181777954,-0.006958118639886379,0.03210289031267166,-0.00954422913491726,-0.04027598723769188,0.04549042508006096,0.03340974822640419,0.019825929775834084,-0.03561121225357056,-0.008303522132337093,0.04761169105768204
-0.05377969518303871,0.07505768537521362,0.07369082421064377,0.00198063044808805,0.10312292724847794,-0.02583027072250843,0.06396887451410294,-0.008402998559176922,8.439223165623844e-05,-0.07015024870634079,0.04458843171596527,3.3386011637048796e-05,0.02273046411573887,0.05148634314537048,0.07072035223245621,0.0518769770860672,0.005620826967060566,-0.03750918060541153,-0.04635839909315109,0.0507320910692215
0.013236680999398232,0.05159419775009155,8.164860628312454e-05,0.08190800249576569,-0.007204211782664061,-0.02862178534269333,-0.07400716841220856,0.04509235545992851,-0.0552699901163578,-0.03725971281528473,0.011121927760541439,-0.029103528708219528,-0.00987168587744236,-0.041445471346378326,0.015041488222777843,0.0027793003246188164,-0.05221698060631752,0.06360990554094315,-0.011890076100826263,-0.013899881392717361
-0.011259227059781551,0.04844295606017113,-0.02584283985197544,-0.05780903249979019,0.08123829215765,-0.0730494037270546,-0.03880293667316437,0.01779121719300747,-0.04693673178553581,0.0013189311139285564,0.0441497378051281,0.03359701484441757,0.003465440357103944,0.035039011389017105,0.0594610795378685,-0.019393274560570717,0.024018902331590652,0.003901910735294223,-0.0009404710726812482,-0.080889031291008
-0.00592094985768199,-0.0046434663236141205,0.056008707731962204,0.06194185093045235,0.10020579397678375,-0.06362421810626984,-0.04398372396826744,-0.03318191319704056,0.01609867811203003,-0.023706182837486267,-0.024083347991108894,0.08882111310958862,-0.023239439353346825,0.016237111762166023,0.011188630014657974,-0.00020000337099190801,0.006860374007374048,-0.006144906394183636,-0.03983732685446739,-0.005668796598911285
-0.06138313189148903,-0.012574291788041592,-0.04007609561085701,-0.013521154411137104,0.0289452001452446,0.007060471922159195,-0.005243633408099413,0.07343856245279312,-0.011121395044028759,-0.08715001493692398,0.07287366688251495,0.054808471351861954,0.006192230619490147,-0.029507840052247047,0.09417005628347397,-0.045822542160749435,-0.03186706453561783,-0.022669833153486252,-0.04875091090798378,-0.060084931552410126
-0.05645718052983284,-0.03071439638733864,0.05890935659408569,0.06490348279476166,0.05295456945896149,0.06770657747983932,0.045685477554798126,-0.019287854433059692,-0.06996285170316696,-0.0525137335062027,-0.06626097112894058,0.09491373598575592,-0.043243326246738434,0.05841662734746933,0.002255429746583104,-0.000524834031239152,0.051905252039432526,-0.04748992621898651,0.06435643881559372,-0.08241875469684601
-0.07090020179748535,0.006520018447190523,0.05143044516444206,0.07726570218801498,0.06151137873530388,-0.028436485677957535,0.02689190022647381,-0.023546067997813225,-0.06799837946891785,-0.03429248183965683,0.0012440342688933015,0.0664694681763649,-0.008329363539814949,0.06882815808057785,0.09243521094322205,0.0767892599105835,0.064707450568676,0.01860152557492256,0.023865416646003723,0.02472083643078804
-0.07090020179748535,0.006520018447190523,0.05143044516444206,0.07726570218801498,0.06151137873530388,-0.028436485677957535,0.02689190022647381,-0.023546067997813225,-0.06799837946891785,-0.03429248183965683,0.0012440342688933015,0.0664694681763649,-0.008329363539814949,0.06882815808057785,0.09243521094322205,0.0767892599105835,0.064707450568676,0.01860152557492256,0.023865416646003723,0.02472083643078804
0.016048945486545563,0.052150361239910126,0.0828932449221611,0.06762287765741348,0.005690841004252434,-0.06818152964115143,-0.08158417791128159,0.005809627939015627,-0.02734697051346302,0.01680927909910679,0.04056944698095322,0.0736045241355896,0.023523753508925438,-0.037238456308841705,0.06774571537971497,0.031380195170640945,-0.008276700042188168,-0.012818530201911926,0.06643269956111908,-0.01537092961370945
-0.0771678164601326,-0.048918191343545914,-0.045190759003162384,0.03109603561460972,0.0910785123705864,-0.04954079911112785,-0.06196912005543709,-0.048903390765190125,0.0597679577767849,-0.0664166733622551,0.02897142805159092,0.016573015600442886,-0.018125072121620178,-0.04231294244527817,0.021411892026662827,-0.043416209518909454,-0.028649890795350075,0.006647326983511448,-0.021886218339204788,-0.005515876691788435
-0.055301498621702194,0.05844771862030029,0.08037355542182922,0.04653165489435196,-0.013149109669029713,-0.029921460896730423,0.0287849772721529,0.037179622799158096,0.014861823059618473,-0.09384600073099136,-0.05904901772737503,0.06097564101219177,0.052257802337408066,0.055697064846754074,-0.02451261505484581,0.012225343845784664,-0.05660717189311981,-0.06553751975297928,0.03121253475546837,0.050070155411958694
-0.08338656276464462,-0.05812101438641548,0.009457587264478207,-0.006072414107620716,0.012048911303281784,-0.033646173775196075,-0.06406176090240479,-0.00023250270169228315,-0.001102979527786374,-0.071804478764534,-0.047243304550647736,0.009790333919227123,-0.051310837268829346,0.017583757638931274,-0.04730367287993431,0.07858641445636749,0.012903553433716297,-0.023619526997208595,0.06565894186496735,-0.07166813313961029
0.029212595894932747,-0.03067433275282383,0.06169658154249191,0.05617266148328781,-0.003995022736489773,0.005751460790634155,-0.06086290627717972,0.03538418933749199,-0.03965134546160698,-0.04881232976913452,0.03469543531537056,0.09704624116420746,0.00014721436309628189,0.06334387511014938,0.09059448540210724,-0.016855603083968163,0.07793034613132477,-0.040916118770837784,-0.04900874197483063,0.05588633939623833
-0.010978344827890396,-0.06303077191114426,-0.04280557855963707,-0.010075632482767105,0.06222910434007645,0.035187870264053345,-0.025975894182920456,-0.052819881588220596,0.04264366626739502,0.015225174836814404,0.06845588237047195,-0.005998363718390465,0.0526684895157814,0.0627313032746315,0.03141416236758232,0.044709742069244385,0.0226436834782362,0.06370607018470764,0.0382825993001461,-0.08178979903459549
-0.02207348123192787,-0.06615234166383743,-0.04840511456131935,0.0692942813038826,0.12245158106088638,0.06942275166511536,-0.07181032747030258,0.00383803085424006,0.01332150585949421,-0.1007177084684372,-0.002985181985422969,0.08014275878667831,-0.05531181022524834,0.07374738901853561,0.05708607658743858,0.046452976763248444,0.06338967382907867,0.05198347941040993,0.003508472815155983,-0.02070036716759205
-0.024729061871767044,0.07863649725914001,0.016625314950942993,-0.019817261025309563,0.09091956168413162,-0.024689162150025368,-0.062452759593725204,0.053254012018442154,-0.07783769816160202,0.02447858639061451,-0.018031833693385124,0.012576238252222538,-0.029153084382414818,0.07818011939525604,-0.006318570580333471,0.033344704657793045,0.03277824819087982,0.07703416794538498,-0.02069832570850849,-0.023615077137947083
0.049876607954502106,-0.06182226538658142,-0.019958961755037308,-0.012636092491447926,0.06256525218486786,-0.0401642806828022,-0.0622367188334465,-0.013651891611516476,0.019706767052412033,0.016627654433250427,-0.022260203957557678,-0.020090388134121895,0.016103658825159073,0.08186287432909012,0.08041617274284363,0.07512945681810379,-0.06403949856758118,-0.07137218117713928,0.03794417157769203,-0.08062449097633362
0.049876607954502106,-0.06182226538658142,-0.019958961755037308,-0.012636092491447926,0.06256525218486786,-0.0401642806828022,-0.0622367188334465,-0.013651891611516476,0.019706767052412033,0.016627654433250427,-0.022260203957557678,-0.020090388134121895,0.016103658825159073,0.08186287432909012,0.08041617274284363,0.07512945681810379,-0.06403949856758118,-0.07137218117713928,0.03794417157769203,-0.08062449097633362
-0.038626257330179214,0.04417155310511589,0.06226542219519615,0.03015225939452648,0.10862866789102554,-0.023478399962186813,-0.05938509479165077,-0.0438399463891983,-0.03762458637356758,-0.014126557856798172,-0.0631273165345192,0.0017476293724030256,-0.0570409782230854,0.08563769608736038,0.062253087759017944,0.04003872349858284,0.07120612263679504,0.009300829842686653,0.0685848668217659,-0.06297046691179276
0.05433029681444168,0.0617954358458519,0.02107744850218296,0.0886496976017952,0.07307133078575134,-0.004190397914499044,0.051489148288965225,0.060044754296541214,-0.006609572097659111,0.04350973665714264,0.01119606476277113,0.030469290912151337,0.024235155433416367,0.0914381742477417,0.09278740733861923,0.02843443490564823,0.021145576611161232,0.04276904836297035,-0.02777496911585331,-0.06618305295705795
-0.008729876950383186,0.015410534106194973,0.07872287929058075,0.013773711398243904,0.11811560392379761,0.06910191476345062,0.009334520436823368,-0.05039282143115997,0.05255766212940216,-0.10039473325014114,-0.026885315775871277,0.0684913620352745,-0.044662170112133026,-0.013787154108285904,-0.011674197390675545,-0.017527656629681587,-0.05832960084080696,0.012855290435254574,0.07959961146116257,0.005440442822873592
0.04096074774861336,0.027537686750292778,-0.009095283225178719,0.033271998167037964,0.030838562175631523,-0.004177627619355917,-0.04033221676945686,0.014964663423597813,0.0011533461511135101,-0.001804503845050931,-0.008168403059244156,0.07808779925107956,-0.013975389301776886,0.00496528809890151,0.0019179864320904016,0.0407087542116642,0.011981924064457417,-0.03296979144215584,0.04537060856819153,-0.039676666259765625
0.053888507187366486,-0.054301515221595764,0.06274258345365524,0.06036197394132614,0.025149162858724594,-0.027036337181925774,-0.05291835963726044,-0.049981895834207535,0.005511841271072626,-0.0020421952940523624,0.040593087673187256,0.030349234119057655,-0.018571414053440094,0.08582235872745514,-0.03482481464743614,0.040386863052845,-0.045478854328393936,0.04737182706594467,-0.02476475201547146,0.025923749431967735
0.024180470034480095,-0.016234304755926132,0.06292328983545303,0.0037280793767422438,0.06851568073034286,-0.03205212578177452,-0.04457736760377884,0.051600098609924316,-0.06649302691221237,-0.0003202164953108877,0.009799759835004807,0.026499465107917786,-0.017528127878904343,0.01406273152679205,-0.03655725345015526,-0.055146194994449615,-0.009624181315302849,-0.004694034345448017,-0.019820459187030792,-0.0228505227714777
0.0040822941809892654,-0.04348020255565643,-0.005553694441914558,0.04152989014983177,0.04109779745340347,-0.018768519163131714,-0.07102594524621964,0.05645787715911865,-0.02738088369369507,-0.06848936527967453,-0.011111798696219921,0.008190196938812733,-0.0020955754444003105,0.060891661792993546,0.06035064905881882,0.008679857477545738,-0.01979055069386959,-0.04213442653417587,0.054895225912332535,0.006401451304554939
-0.051292721182107925,0.04506358876824379,0.022698111832141876,0.01668468303978443,0.09252119809389114,-0.019494935870170593,-0.03859933838248253,-0.01858564279973507,0.041208647191524506,-0.047481827437877655,-0.0020441554952412844,-0.023238180205225945,0.015584997832775116,0.04923601821064949,0.061259835958480835,-0.002606538124382496,0.05133802443742752,-0.047251228243112564,-0.06241036579012871,-0.08913789689540863
-0.012436133809387684,0.04695935547351837,-0.012925760820508003,0.052139196544885635,0.11030319333076477,0.021156227216124535,-0.06122671812772751,-0.05426323041319847,-0.07449471950531006,0.03663119301199913,0.04075722396373749,-0.0065269204787909985,0.01675521582365036,0.013535233214497566,0.10113752633333206,0.07102707028388977,-0.05475033074617386,0.0599297396838665,0.03640791028738022,-0.06045697256922722
0.048079535365104675,0.045968715101480484,-0.010533041320741177,0.007830647751688957,0.1237635463476181,-0.07000228017568588,0.03757349029183388,0.04066810384392738,0.016621092334389687,0.036019422113895416,0.06813633441925049,-0.0029202019795775414,-0.05700238421559334,-0.0134978536516428,0.09766104817390442,-0.020267006009817123,-0.02401488646864891,-0.04931020364165306,8.295221050502732e-05,-0.06492585688829422
0.04090608283877373,0.07320734858512878,0.0484754778444767,-0.015885071828961372,0.06155543029308319,0.010685950517654419,0.013447606936097145,-0.051414817571640015,0.021104950457811356,0.014305338263511658,0.02303977496922016,0.10194671899080276,-0.033031247556209564,0.07803264260292053,0.025943830609321594,0.05754637345671654,-0.004552148748189211,0.041264187544584274,0.05669467896223068,0.01461639255285263
0.048079535365104675,0.045968715101480484,-0.010533041320741177,0.007830647751688957,0.1237635463476181,-0.07000228017568588,0.03757349029183388,0.04066810384392738,0.016621092334389687,0.036019422113895416,0.06813633441925049,-0.0029202019795775414,-0.05700238421559334,-0.0134978536516428,0.09766104817390442,-0.020267006009817123,-0.02401488646864891,-0.04931020364165306,8.295221050502732e-05,-0.06492585688829422
0.0020277833100408316,-0.003015188965946436,-0.061619650572538376,-0.04712605103850365,0.01653824746608734,0.01052817516028881,-0.007999320514500141,-0.02220844104886055,-0.07757353782653809,-0.038154713809490204,0.018414661288261414,0.020775318145751953,0.03333539143204689,-0.027317630127072334,0.05667069926857948,-0.0074357204139232635,-0.016082532703876495,-0.047389402985572815,0.0059644500724971294,0.03206164017319679
-0.06920122355222702,0.08071751147508621,0.023281116038560867,-0.04810264706611633,0.09632305800914764,0.06147708371281624,-0.06167254224419594,-0.028721410781145096,-0.05917003005743027,-0.05504936724901199,0.0510430634021759,0.02408679388463497,0.01912642829120159,-0.02394109033048153,-0.01802103966474533,0.08596354722976685,0.059559907764196396,0.05608930438756943,-0.022923901677131653,-0.07448304444551468
0.04863419383764267,0.021902626380324364,0.02026229538023472,-0.009704450145363808,0.039327625185251236,0.03857240825891495,0.0066012232564389706,0.02237699180841446,0.039657652378082275,-0.01081627793610096,-0.047068461775779724,0.09316837042570114,-0.0031388418283313513,-0.018721016123890877,-0.036875758320093155,0.04098913446068764,0.022504964843392372,-0.04610031843185425,0.06633049249649048,-0.07007346302270889
0.03686021640896797,0.015754619613289833,0.06425133347511292,0.03201139718294144,0.039533525705337524,0.05977220833301544,-0.05289396271109581,-0.05039890483021736,0.03300219029188156,0.0005630175000987947,0.040411293506622314,0.012352748773992062,0.04119900241494179,0.012893321923911572,0.09688260406255722,0.029901959002017975,0.02148313820362091,-0.0693933293223381,0.046188775449991226,0.04645446687936783
-0.07656874507665634,0.06557504087686539,0.05047395080327988,-0.00045972035150043666,0.013964050449430943,-0.03699219599366188,-0.04862821847200394,0.006677677854895592,-0.0675511360168457,-0.06383445113897324,0.04341394454240799,0.07375188916921616,0.022868668660521507,0.0001127884243032895,0.07061038166284561,0.06475101411342621,-0.043929170817136765,-0.0460258349776268,0.0674004778265953,0.02014329843223095
-0.026055343449115753,0.030269891023635864,0.055172547698020935,0.01633036881685257,0.11679001897573471,0.00081904127728194,-0.02214624173939228,-0.03463101387023926,0.04659678041934967,0.032840706408023834,-0.041485413908958435,0.05254276841878891,-0.03241405263543129,0.03698449954390526,-0.005360811948776245,0.023356663063168526,-0.03371343016624451,-0.00728743989020586,-0.03624187037348747,-0.07424826920032501
-0.06724847853183746,0.02843623235821724,0.006220133043825626,0.054782260209321976,0.02197290025651455,0.031471967697143555,0.055591460317373276,-0.002206245204433799,-0.004473716486245394,0.010830828920006752,-0.005650043021887541,-0.016737690195441246,0.04339977726340294,0.034343279898166656,0.0622483491897583,-0.0018777712248265743,0.04265235736966133,-0.03248925507068634,-0.05650985985994339,-0.04286511614918709
-0.046453807502985,0.058624159544706345,-0.05752471834421158,-0.03383977338671684,0.01555501576513052,0.04681563749909401,-0.04569431394338608,-0.04025139659643173,0.02722654491662979,0.03274635225534439,0.04296742379665375,0.05433807149529457,0.03368620201945305,0.004709604661911726,0.014323809184134007,0.0041040959767997265,0.029145844280719757,0.05189577490091324,-0.005925191566348076,-0.05933581665158272
-0.02830374240875244,0.07702768594026566,0.011890827678143978,0.02824350818991661,-0.008713724091649055,0.021611442789435387,0.013687613420188427,0.056238073855638504,-0.0703602060675621,-0.06154618784785271,0.058422740548849106,-0.027365390211343765,0.04439837113022804,0.06605753302574158,0.09218516200780869,-0.022822275757789612,0.016843333840370178,-0.015079670585691929,-0.04512223228812218,0.04550624638795853
-0.01459193229675293,0.03975718468427658,-0.039934974163770676,0.0747259333729744,0.08763540536165237,0.006228831596672535,-0.03361210227012634,0.012793952599167824,-0.024362342432141304,-0.09191586822271347,0.07089546322822571,0.03193453699350357,0.038746800273656845,-0.045343950390815735,0.09231318533420563,-0.04880902171134949,-0.06779447942972183,-0.04426462575793266,-0.04540456831455231,-0.08264179527759552
-0.0540471188724041,0.041796308010816574,-0.032339345663785934,-0.0171828530728817,-0.01813577115535736,-0.0570431649684906,-0.03224177658557892,-0.006569762248545885,0.04961282014846802,-0.059045933187007904,0.0223940871655941,-0.009931773878633976,0.043289538472890854,0.08660329133272171,0.07297099381685257,-0.031053876504302025,0.029903104528784752,-0.058704424649477005,0.07224094867706299,0.05359218269586563
0.015048487111926079,0.053914591670036316,-0.028329426422715187,0.029308494180440903,0.06031707301735878,0.05918573588132858,-0.010302138514816761,-0.020190218463540077,0.04721539467573166,-0.013181985355913639,0.00039242900675162673,0.007794097065925598,-0.03414905443787575,0.04686267301440239,0.012613457627594471,0.06261161714792252,-0.021159404888749123,-0.01908966526389122,0.052721500396728516,-0.0807359591126442
-0.0540471188724041,0.041796308010816574,-0.032339345663785934,-0.0171828530728817,-0.01813577115535736,-0.0570431649684906,-0.03224177658557892,-0.006569762248545885,0.04961282014846802,-0.059045933187007904,0.0223940871655941,-0.009931773878633976,0.043289538472890854,0.08660329133272171,0.07297099381685257,-0.031053876504302025,0.029903104528784752,-0.058704424649477005,0.07224094867706299,0.05359218269586563
-0.0042287008836865425,0.05245565250515938,0.07646692544221878,-0.010721629485487938,-0.009607123211026192,0.008182281628251076,-0.008482193574309349,0.0027970592491328716,0.04117264226078987,-0.035212744027376175,0.006429471541196108,0.005098593886941671,0.05253034830093384,0.013006521388888359,0.09485585242509842,0.07790803164243698,0.032759808003902435,0.04035491496324539,-0.056794099509716034,-0.043950095772743225
0.030109155923128128,-0.025013495236635208,0.05356455594301224,0.012501035816967487,0.05840970575809479,0.0747983530163765,-0.05898850038647652,0.03617740049958229,0.0012234842870384455,-0.05626222863793373,-0.007557517848908901,0.018703579902648926,-0.03732478246092796,0.059787407517433167,-0.02475574240088463,0.039550285786390305,0.02886965684592724,-0.062429510056972504,0.054948363453149796,-0.07827544212341309
0.03890218958258629,0.0662250965833664,0.03956124559044838,0.08790812641382217,0.055817607790231705,0.0572364404797554,-0.026779038831591606,0.027964787557721138,0.012655707076191902,-0.011538876220583916,-0.03698929771780968,0.06450853496789932,-0.043445877730846405,-0.04377645254135132,0.028640659525990486,-0.05612410232424736,-0.04179057478904724,0.015555833466351032,-0.020883291959762573,-0.017660072073340416
-0.007042876444756985,0.07370986044406891,-0.039974234998226166,0.052633136510849,0.058125536888837814,-0.021428780630230904,0.04731086269021034,0.022913925349712372,0.0068358262069523335,-0.05014766752719879,-0.04012259095907211,0.07363958656787872,-0.02154996618628502,-0.025640498846769333,0.09590517729520798,0.06465484201908112,-0.010613100603222847,0.0692031979560852,-0.021398261189460754,0.009179421700537205
-0.007042876444756985,0.07370986044406891,-0.039974234998226166,0.052633136510849,0.058125536888837814,-0.021428780630230904,0.04731086269021034,0.022913925349712372,0.0068358262069523335,-0.05014766752719879,-0.04012259095907211,0.07363958656787872,-0.02154996618628502,-0.025640498846769333,0.09590517729520798,0.06465484201908112,-0.010613100603222847,0.0692031979560852,-0.021398261189460754,0.009179421700537205
-0.03392479568719864,0.05988244339823723,-0.04336189106106758,0.009100429713726044,0.09243694692850113,-0.056281622499227524,-0.08628620207309723,-0.052160948514938354,0.01493250485509634,-0.08455245941877365,0.02526574209332466,0.06857780367136002,0.0011779762571677566,0.04581781476736069,0.05097097530961037,-0.05037279054522514,0.032635223120450974,-0.01947210170328617,0.05882779136300087,0.03542713075876236
-0.08061447739601135,0.02435247041285038,0.004959147423505783,0.06565362960100174,0.11732735484838486,-0.02479374222457409,-0.037630852311849594,-0.04639260098338127,-0.015241592191159725,0.009206551127135754,-0.0423281192779541,-0.037063293159008026,0.023583754897117615,0.044589437544345856,0.038134634494781494,0.07564529031515121,-0.020973626524209976,0.022727591916918755,-0.05376192182302475,0.030372245237231255
-0.026956308633089066,0.06158297881484032,0.027789324522018433,0.04087620601058006,0.0675010234117508,-0.03577607125043869,0.038790956139564514,0.07449076324701309,0.030611684545874596,-0.03221364691853523,0.056662775576114655,0.012084051966667175,-0.009411931037902832,0.06259997934103012,-0.00140205433126539,0.07234548032283783,0.045922886580228806,-0.04449201375246048,0.02796124666929245,0.01800377480685711
-0.04042821004986763,-0.06175270304083824,-0.02862730249762535,0.0003101023903582245,0.10097513347864151,0.006327458657324314,-0.017994657158851624,-0.03608955815434456,-0.0030488409101963043,-0.002736814087256789,0.05348414182662964,0.01938728615641594,-0.012592214159667492,0.09770090878009796,0.09748338162899017,0.006019700318574905,-0.06306435167789459,-0.0638258308172226,0.0597059428691864,-0.021901829168200493
-0.02294044941663742,-0.036654938012361526,0.07739521563053131,-0.0224589966237545,0.054400958120822906,0.0694538876414299,0.04485892131924629,0.0542394258081913,-0.014890630729496479,0.011412166059017181,-0.03126613050699234,0.00885773729532957,-0.004106674809008837,0.03292861953377724,0.03648073971271515,0.055423665791749954,-0.01668865606188774,-0.0021456265822052956,-0.010812520980834961,-0.048788536339998245
0.06187746673822403,-0.053900446742773056,0.060934536159038544,0.07155575603246689,-0.010499021038413048,-0.017124082893133163,0.05470091849565506,-0.0071212067268788815,-0.034137994050979614,-0.026931125670671463,0.016402773559093475,0.0878918468952179,-0.03765568882226944,0.05157929286360741,-0.04332897812128067,0.07658420503139496,-0.023634402081370354,-0.05830444023013115,0.052095409482717514,-0.02271999977529049
-0.07923076301813126,-0.042085178196430206,-0.03670651093125343,0.036257244646549225,0.10048840939998627,-0.06277673691511154,-0.07245089113712311,0.05219719931483269,0.010332317091524601,0.016425255686044693,0.0366983599960804,-0.038897059857845306,-0.049727194011211395,0.013592285104095936,-0.007839708589017391,0.03340991213917732,5.6006654631346464e-05,0.023400118574500084,0.072939433157444,-0.01072415616363287
-0.07923076301813126,-0.042085178196430206,-0.03670651093125343,0.036257244646549225,0.10048840939998627,-0.06277673691511154,-0.07245089113712311,0.05219719931483269,0.010332317091524601,0.016425255686044693,0.0366983599960804,-0.038897059857845306,-0.049727194011211395,0.013592285104095936,-0.007839708589017391,0.03340991213917732,5.6006654631346464e-05,0.023400118574500084,0.072939433157444,-0.01072415616363287
-0.053332697600126266,0.022606637328863144,0.02624143660068512,0.07298785448074341,0.037313979119062424,0.07170158624649048,-0.07464121282100677,-0.044088225811719894,0.0456942543387413,-0.048336613923311234,-0.011383895762264729,0.05866004154086113,0.06465432792901993,-0.0067276679910719395,0.08326078206300735,0.024574553593993187,0.06247555837035179,-0.05646238476037979,-0.02988339401781559,-0.060090746730566025
-0.07776817679405212,0.06801784783601761,-0.016373835504055023,-0.02705668844282627,0.1000998392701149,0.016811562702059746,-0.04173007234930992,-0.0005381674272939563,-0.056958120316267014,-0.038730449974536896,-0.011636505834758282,-0.03074031136929989,-0.06539705395698547,0.049836285412311554,0.014393620193004608,-0.02450488694012165,0.0594506673514843,0.047805968672037125,0.05592681095004082,-0.00260339817032218
-0.07539572566747665,0.06117875501513481,0.021462298929691315,-0.017778092995285988,0.034630462527275085,0.038797006011009216,0.04604081064462662,-0.06602147221565247,-0.0404573455452919,-0.0011540405685082078,-0.04205866530537605,0.014656600542366505,0.03444276005029678,-0.031452540308237076,0.04408470541238785,-0.007625689264386892,0.0005873815971426666,-0.03321734070777893,-0.06723695248365402,-0.025938643142580986
-0.01097843237221241,-0.05092928186058998,0.03366685286164284,0.05303452908992767,0.0882352963089943,0.032193623483181,-0.06431985646486282,0.05829887092113495,0.015565523877739906,0.037966880947351456,0.008990898728370667,0.0306601170450449,0.06415104120969772,0.08067736774682999,0.018317248672246933,-0.05061842501163483,-0.016239004209637642,0.06897599250078201,-0.007817930541932583,0.006830569356679916
0.008459136821329594,-0.03630494698882103,0.006894131191074848,-0.023197932168841362,0.00925098080188036,0.03687388077378273,0.025256287306547165,-0.05555311590433121,-0.06770487874746323,-0.049743469804525375,0.06941423565149307,0.09167734533548355,-0.022174613550305367,-0.0003368085017427802,0.020622489973902702,0.05744196102023125,0.004822988528758287,0.0023658019490540028,-0.048072222620248795,0.0269851665943861
0.04109301418066025,0.008682835847139359,0.004153360612690449,-0.006812233477830887,0.09343016147613525,-0.05894206091761589,-0.0052170646376907825,-0.03109028749167919,-0.021730491891503334,-0.060910068452358246,0.07209473848342896,0.08011316508054733,-0.0348215214908123,-0.025278441607952118,0.0176528450101614,0.0058843414299190044,-0.04725678637623787,-0.03949805721640587,0.009129086509346962,-0.026090417057275772
-0.013777529820799828,0.039882443845272064,0.08103140443563461,0.056361954659223557,0.09727107733488083,-0.032962165772914886,-0.03184209018945694,0.03746702894568443,-0.07160966843366623,-0.003141485620290041,0.0751899778842926,0.039984092116355896,-0.01162396464496851,-0.04081837460398674,0.007738231681287289,-0.022117918357253075,0.03784448653459549,0.06769048422574997,0.03345327824354172,-0.046171631664037704
0.056705620139837265,-0.02834346704185009,0.02831237204372883,0.04642070457339287,0.08093798905611038,-0.05070633441209793,0.015073388814926147,-0.010665872134268284,-0.028447605669498444,-0.0948028489947319,-0.019247930496931076,0.08713044226169586,-0.03693187236785889,0.055448438972234726,-0.003864018013700843,0.04119371622800827,-0.04268720746040344,0.00505405105650425,-0.05243832617998123,0.01637265458703041
-0.05644615367054939,-0.003594996640458703,-0.04322660714387894,0.08433723449707031,0.10697852075099945,0.07509858161211014,0.03377581387758255,-0.029497813433408737,-0.0040686968713998795,-0.028363285586237907,-0.056265655905008316,0.05790906772017479,0.06053067743778229,0.08264847099781036,0.010880094952881336,0.05047643557190895,0.05327538400888443,0.07600592076778412,0.05926738306879997,0.01697290875017643
0.036063406616449356,0.07769851386547089,-0.031990136951208115,0.029672270640730858,0.015652310103178024,-0.04468446969985962,-0.002339607570320368,0.055097054690122604,-0.04084092751145363,-0.04884187877178192,-0.0659908577799797,0.05984095111489296,-0.0012649568961933255,-0.03888052701950073,-0.03390232473611832,0.039181191474199295,0.060204919427633286,-0.02760200947523117,0.0038135580252856016,0.01742345467209816
0.04797494783997536,0.06411876529455185,-0.0021189076360315084,-0.0021917892154306173,0.03298604488372803,-0.034308452159166336,0.04536716639995575,-0.018528681248426437,0.045452967286109924,-0.03329262137413025,0.05112063139677048,0.05988527461886406,-0.02477470599114895,0.04967784509062767,0.08038605004549026,-0.020986810326576233,-0.00902305543422699,0.06013976037502289,0.06971760839223862,-0.010104421526193619
-0.043480467051267624,-0.012290239334106445,0.0688076838850975,-0.023809751495718956,0.11429091542959213,-0.04491107538342476,-0.015415361151099205,-0.033010534942150116,0.04847143590450287,-0.08907520771026611,-0.010410771705210209,-0.037163928151130676,-0.0420386828482151,-0.023581014946103096,0.08467382192611694,0.06828517466783524,-0.011806901544332504,0.027733810245990753,-0.05186617746949196,-0.030575651675462723
0.05704745650291443,0.05521189048886299,0.010947245173156261,-0.01906919665634632,0.015452701598405838,0.03441609442234039,-0.08641641587018967,0.0046960897743701935,0.007963818497955799,-0.08434393256902695,-0.04649879038333893,-0.03697843849658966,0.05335940048098564,0.10452225059270859,-0.036086902022361755,-0.021445488557219505,0.06021356210112572,0.025974517688155174,-0.040300462394952774,0.02600911445915699
-0.020305294543504715,-0.029232017695903778,-0.04073188453912735,0.022667990997433662,0.016762785613536835,-0.052020810544490814,0.011682265438139439,-0.0033811694011092186,0.0570736862719059,-0.06581255048513412,-0.007238235790282488,0.07418733835220337,-0.0018841110868379474,-0.039229173213243484,0.03216228634119034,0.059039633721113205,-0.03867821767926216,0.03583408519625664,0.03542947396636009,-0.059070002287626266
-0.0654534250497818,0.015540482476353645,-0.057545725256204605,-0.055237624794244766,0.12014396488666534,0.00995799619704485,0.038362421095371246,0.023670976981520653,0.045134931802749634,-0.07397306710481644,-0.007535249926149845,-0.024521194398403168,-0.016368038952350616,0.049808599054813385,-0.008502277545630932,-0.03277824819087982,0.05408133566379547,-0.044267985969781876,0.042024388909339905,-0.016310466453433037
-0.0654534250497818,0.015540482476353645,-0.057545725256204605,-0.055237624794244766,0.12014396488666534,0.00995799619704485,0.038362421095371246,0.023670976981520653,0.045134931802749634,-0.07397306710481644,-0.007535249926149845,-0.024521194398403168,-0.016368038952350616,0.049808599054813385,-0.008502277545630932,-0.03277824819087982,0.05408133566379547,-0.044267985969781876,0.042024388909339905,-0.016310466453433037
-0.029681116342544556,0.06888160109519958,0.012975268997251987,0.04279226064682007,0.10140223056077957,-0.07321234792470932,0.04605618491768837,0.058614809066057205,0.05889612436294556,0.03948427364230156,0.017631083726882935,0.0167766734957695,0.044798918068408966,0.0058916304260492325,0.08274178206920624,-0.011057531461119652,-0.059148695319890976,-0.02770935744047165,-0.029795773327350616,0.01777489297091961
-0.060333091765642166,0.03845472261309624,0.03194371610879898,0.0756557285785675,0.07989562302827835,0.057317256927490234,0.026193933561444283,-0.034000009298324585,-0.04457612708210945,-0.10051067918539047,0.03234797716140747,-0.036843039095401764,-0.004370915703475475,0.07578764110803604,-0.006225903052836657,-0.04569419100880623,0.002044186694547534,-0.030834635719656944,0.03067164495587349,-0.019587023183703423
0.05011066794395447,-0.02027568593621254,-0.05958394706249237,-0.057251885533332825,0.00487700616940856,0.06755916774272919,0.029604090377688408,0.05232201889157295,0.03611094504594803,0.00967490579932928,-0.027920501306653023,0.062037888914346695,0.03973080590367317,0.06616915762424469,0.06597607582807541,0.03947880119085312,0.0336674228310585,-0.03756583482027054,-0.0008833236061036587,-0.09385168552398682
0.02250647358596325,0.024728864431381226,-0.030193530023097992,-0.037982285022735596,0.012179835699498653,-0.03523655980825424,-0.031681645661592484,0.014922820031642914,0.04905642196536064,-0.09638535976409912,-0.05628497526049614,-0.0022632561158388853,-0.0033404193818569183,0.009557971730828285,-0.021927248686552048,0.03575945645570755,-0.005746044218540192,0.013908833265304565,-0.06223086267709732,0.01883249171078205
-0.051307983696460724,-0.03521738946437836,-0.03792666643857956,-0.024994317442178726,0.09848165512084961,-0.07566876709461212,0.03128521516919136,-0.029347889125347137,-0.05795381963253021,0.028229335322976112,0.017512070015072823,-0.039075691252946854,-0.036201998591423035,0.009872176684439182,0.05101587995886803,-0.008190247230231762,-0.022806109860539436,0.01691891998052597,0.07347694039344788,-0.08629043400287628
-0.0022576777264475822,-0.028775213286280632,0.022003615275025368,0.03116641938686371,0.03158434107899666,-0.051430944353342056,-0.023485342040657997,-0.03669421374797821,0.0186292864382267,-0.07395011931657791,-0.06418907642364502,0.07760784775018692,-0.06867329776287079,-0.0019460298353806138,0.09912397712469101,0.05437255650758743,0.034331586211919785,-0.0432799868285656,0.0033863310236483812,-0.08024048805236816
0.014589759521186352,0.038184598088264465,-0.012841702438890934,0.07947327941656113,0.07111216336488724,0.030886076390743256,0.03336222469806671,0.06987283378839493,0.017329545691609383,0.021973030641674995,-0.010020948946475983,0.03257898613810539,0.001340142567642033,-0.03681371733546257,0.10347867012023926,-0.03299497440457344,-0.05817250534892082,0.06710107624530792,0.01884692907333374,-0.0833272784948349
-0.025890760123729706,0.006215296685695648,0.005317355040460825,0.060168661177158356,-0.0013015051372349262,-0.020444631576538086,-0.04948903247714043,0.047715164721012115,-0.02989053912460804,-0.08022268116474152,0.07901090383529663,0.09614955633878708,-0.06379979103803635,0.029232027009129524,-0.03014099970459938,0.06543529033660889,-0.05085846036672592,-0.010418289341032505,0.020233914256095886,-0.01118040643632412
0.05430174618959427,0.047027844935655594,0.05866799131035805,-0.013707025907933712,0.05890717729926109,0.07221440225839615,-0.03311987221240997,-0.019884882494807243,-0.05757348611950874,0.02795114368200302,-0.0512884147465229,0.04480477049946785,-0.050176866352558136,0.019104959443211555,0.07275494188070297,0.05391227453947067,0.019557666033506393,-0.00770881213247776,-0.012321905232965946,0.015418848022818565
-0.03306303918361664,0.05111942067742348,0.010149266570806503,-0.018000528216362,-0.010482479818165302,0.03289918601512909,-0.04143925756216049,-0.015879543498158455,0.00735265901312232,0.014888453297317028,0.017013154923915863,0.034432608634233475,0.060486551374197006,0.04562092199921608,0.006942443549633026,0.06543795764446259,0.04854470118880272,-0.06825996190309525,0.05723162740468979,-0.028900306671857834
0.028432827442884445,0.011728703044354916,-0.020891496911644936,0.004568295553326607,0.09506892412900925,0.018131937831640244,0.020301174372434616,0.06659180670976639,0.0640353262424469,0.041049111634492874,-0.05074526369571686,-0.004980315454304218,-0.012151854112744331,0.07160584628582001,0.046631380915641785,-0.05489446222782135,0.01969972997903824,-0.017263885587453842,0.0818435475230217,-0.057342901825904846
0.04807863384485245,0.026822393760085106,0.020897705107927322,0.056441716849803925,0.11205309629440308,0.04491724073886871,0.02960241213440895,-0.06434066593647003,0.002899110084399581,-0.07674484699964523,0.06676876544952393,0.02256365865468979,-0.07905695587396622,-0.015691548585891724,0.06362760066986084,0.05777363106608391,0.015044177882373333,0.05974516272544861,-0.029760440811514854,0.05945828557014465
-7.508531416533515e-05,0.02148476615548134,0.08047530055046082,0.041683536022901535,0.0591030977666378,0.06164412945508957,-0.06390023976564407,0.06618963927030563,-0.06813473999500275,-0.03369821980595589,0.029541058465838432,0.053587108850479126,-0.020168449729681015,-0.0025523207150399685,0.006984815467149019,0.02418283186852932,0.07041998952627182,0.05689870938658714,-0.011105609126389027,0.017920738086104393
0.027881275862455368,-0.013000678271055222,0.046629875898361206,0.07132039964199066,0.02710091881453991,0.06335480511188507,-0.07513415068387985,-0.027197105810046196,-0.046571340411901474,-0.009686213918030262,0.059908535331487656,0.08888638764619827,-0.030669743195176125,0.07552742213010788,0.06797199696302414,-0.015593445859849453,0.05346919223666191,0.03465654328465462,-0.019122855737805367,-0.05570570006966591
0.024430880323052406,0.08013660460710526,0.01587568037211895,-0.04565204307436943,0.04213891923427582,-0.0005992838996462524,0.04436558857560158,0.005282803904265165,-0.024518920108675957,-0.062033846974372864,-0.00570810679346323,0.03564757481217384,-0.024735771119594574,-0.023314280435442924,0.04619044065475464,0.06409478932619095,-0.02879243716597557,0.03537287563085556,-0.06478354334831238,-0.030675332993268967
0.024430880323052406,0.08013660460710526,0.01587568037211895,-0.04565204307436943,0.04213891923427582,-0.0005992838996462524,0.04436558857560158,0.005282803904265165,-0.024518920108675957,-0.062033846974372864,-0.00570810679346323,0.03564757481217384,-0.024735771119594574,-0.023314280435442924,0.04619044065475464,0.06409478932619095,-0.02879243716597557,0.03537287563085556,-0.06478354334831238,-0.030675332993268967
-0.05392657220363617,-0.004006313160061836,0.050950974225997925,-0.054074160754680634,-0.015713060274720192,-0.06367012858390808,0.016834454610943794,-0.05052600055932999,-0.05812036618590355,-0.022865835577249527,-0.0034686976578086615,-0.03336847573518753,0.026278464123606682,0.005008300766348839,0.036024533212184906,-0.027196990326046944,0.041250936686992645,0.022766800597310066,-0.015958108007907867,-0.07469641417264938
0.012750162743031979,0.05495597794651985,0.01241562981158495,0.08044791221618652,0.019300976768136024,0.025823313742876053,-0.029712043702602386,-0.023733722046017647,-0.04630754888057709,0.041416190564632416,-0.018072862178087234,0.0488850474357605,-0.047700442373752594,-0.03046303242444992,0.08452805131673813,-0.027420321479439735,-0.012053100392222404,-0.0013624336570501328,0.019967632368206978,-0.03753594309091568
0.007617568597197533,0.02362816408276558,0.05655819922685623,-0.004320851061493158,0.04892432317137718,-0.0665816143155098,-0.015280475839972496,0.06981636583805084,-0.019367381930351257,-0.050686586648225784,-0.011255876161158085,0.08592193573713303,-0.00919399969279766,-0.017737051472067833,0.03650699183344841,0.055755577981472015,-0.004819089081138372,-0.05167030170559883,-0.013258280232548714,0.010622667148709297
-0.06983234733343124,-3.742256012628786e-05,0.009566154330968857,0.07951371371746063,0.11208731681108475,-0.048116859048604965,0.017611181363463402,-0.030525686219334602,-0.04894252493977547,-0.015446336008608341,0.05571844428777695,0.07295536994934082,-0.05665348097681999,-0.0012838984839618206,0.04285171255469322,-0.009426135569810867,-0.03806181252002716,0.043928660452365875,-0.00865697767585516,-0.009757274761795998
0.04563673585653305,0.013282169587910175,0.04663364961743355,-0.01875893399119377,0.09878641366958618,0.07778415083885193,-0.004162831697613001,0.03869573026895523,-0.05505235120654106,-0.09377014636993408,0.06753562390804291,0.0116972541436553,-0.013708625920116901,0.026162639260292053,0.028588738292455673,-0.01741328090429306,0.02483987994492054,0.03663277626037598,-0.03480545058846474,0.05896010249853134
0.007419532164931297,-0.01860157586634159,0.06593301147222519,-0.001160486601293087,-0.007277561351656914,0.04794821888208389,-0.07093099504709244,-0.01941821165382862,0.023908155038952827,0.012047604657709599,-0.00278239487670362,-0.000694079149980098,0.06308435648679733,0.094324991106987,0.09262929856777191,-0.03249870985746384,0.07102404534816742,-0.05268089100718498,0.06938764452934265,-0.05057726800441742
0.0013759620487689972,0.019802609458565712,-0.04018682986497879,0.049326375126838684,0.03916746377944946,0.02590619958937168,-0.07011480629444122,0.05634527653455734,0.003831704379990697,-0.042075078934431076,-0.031559720635414124,-0.003478795988485217,-0.0038422083016484976,-0.03480072319507599,-0.03269511088728905,-0.053969766944646835,0.0419919528067112,-0.008508756756782532,0.06767668575048447,-0.05192060023546219
-0.019729748368263245,0.033564258366823196,0.08173225075006485,-0.020704321563243866,0.04221265763044357,0.03565650060772896,-0.06661470979452133,0.009668676182627678,-0.005728375632315874,-0.09295957535505295,-0.049959104508161545,0.035619840025901794,-0.004665520507842302,0.05884567275643349,0.021286731585860252,0.048938244581222534,0.04467952996492386,0.06115696579217911,0.06701977550983429,0.04210411012172699
-0.009345506317913532,-0.010967311449348927,0.05117325484752655,-0.047275520861148834,0.08674900978803635,-0.06584970653057098,-0.06368491053581238,0.075037881731987,-0.0012313411571085453,-0.07012928277254105,0.04918331280350685,0.06162700429558754,-0.054417263716459274,-0.012398920021951199,0.02844328247010708,-0.051623374223709106,-0.015701036900281906,0.06195453181862831,0.015882553532719612,-0.07479080557823181
0.05691959708929062,-0.05403457209467888,0.02025570347905159,-0.05245810002088547,-0.0030063416343182325,-0.033346522599458694,0.03615948557853699,-0.01380272675305605,0.02761012688279152,-0.015321094542741776,-0.07076681405305862,0.08694720268249512,-0.03587575629353523,-0.025948112830519676,0.06384694576263428,0.06062568724155426,0.0259921345859766,0.06185522675514221,-0.031129123643040657,-0.02845127135515213
-0.04970708116889,0.06946215778589249,-0.03443141281604767,0.0037433565594255924,0.019176965579390526,-0.029099179431796074,-0.038874413818120956,-0.05161621421575546,0.016275575384497643,-0.07321842759847641,0.0023420394863933325,-0.028800344094634056,-0.06180439889431,0.05739710479974747,0.08439287543296814,0.02973267063498497,0.030495597049593925,-0.044523417949676514,0.005238611716777086,-0.07457421720027924
-0.03846396878361702,-0.05525168403983116,-0.007967877201735973,0.031094465404748917,0.10053408145904541,0.030285215005278587,-0.05472223460674286,-0.01978054642677307,-0.025648897513747215,0.008366632275283337,0.038648951798677444,0.04261045157909393,0.01907125674188137,0.08696430176496506,-0.01202956773340702,0.05475201830267906,0.02277902513742447,-0.04410194605588913,-0.05843980610370636,0.010656173340976238
0.05859605222940445,-0.05524907633662224,-0.03819117322564125,-0.003733324585482478,0.09038115292787552,-0.023355480283498764,-0.042158883064985275,-0.023325631394982338,-0.06107713654637337,-0.023869240656495094,0.030990801751613617,0.041740547865629196,0.029657987877726555,0.009963703341782093,-0.01928570866584778,0.059624698013067245,-0.04513745382428169,0.05646083876490593,0.032369162887334824,-0.04738795757293701
0.045240700244903564,-0.04625283554196358,-0.007879182696342468,0.07682599127292633,0.08620746433734894,0.03997913375496864,-0.03368927165865898,0.0032718381844460964,-0.06206893175840378,-0.0151671776548028,0.0593486949801445,-0.029400303959846497,0.0028118067421019077,-0.03390353545546532,0.08707039058208466,0.0632615014910698,-0.006105357315391302,0.06805858761072159,0.04629487544298172,-0.07672245055437088
0.05245687812566757,-0.04321404919028282,-0.015507708303630352,0.07460583001375198,0.08513671159744263,-0.02981107123196125,0.013018905185163021,-0.018518440425395966,0.009557398036122322,-0.06856551766395569,-0.049380458891391754,0.08773201704025269,0.05393344536423683,0.08512184023857117,0.003099595895037055,0.038282301276922226,-0.05227306857705116,-0.06957095116376877,0.010299760848283768,0.006389601621776819
-0.06934525072574615,-0.00260184146463871,0.051343053579330444,-0.04947477951645851,0.009377948939800262,0.006300702225416899,-0.07567966729402542,0.04640178382396698,0.0012614531442523003,-0.009500251151621342,0.06657593697309494,0.07784923166036606,0.062426794320344925,0.08291682600975037,-0.018073370680212975,0.056770168244838715,0.02265147864818573,0.054510653018951416,-0.04119991138577461,-0.07826121896505356
-0.006089534144848585,0.06844815611839294,0.005912954919040203,0.06217052787542343,0.049292031675577164,0.06429805606603622,-0.03164198249578476,-0.045802004635334015,-0.06376848369836807,-0.09289249032735825,0.05009855329990387,0.0005517356330528855,-0.0030090436339378357,0.011975430883467197,0.0885157510638237,0.03120901808142662,-0.021331707015633583,0.019701512530446053,-0.008882706984877586,-0.0574910044670105
-0.0568234883248806,-0.06314820796251297,0.014208180829882622,0.022653263062238693,0.06152314320206642,-0.007648580241948366,-0.008151481859385967,-0.00975823774933815,0.025905292481184006,-0.06971406191587448,0.04897502809762955,0.010219583287835121,0.022829968482255936,0.056421637535095215,0.10214946419000626,0.030668271705508232,-0.026832886040210724,-0.013910971581935883,0.01879154145717621,-0.04735684022307396
-0.007836030796170235,0.06694556772708893,0.0724189504981041,0.004212819971144199,0.026035845279693604,0.014069723896682262,-0.0790698304772377,-0.050927795469760895,-0.060358066111803055,-0.09674495458602905,0.02589980699121952,0.07339287549257278,-0.05729004368185997,0.010438255965709686,-0.01981649361550808,-0.035579901188611984,0.04832252860069275,-0.06196878105401993,-0.06037094071507454,-6.499823939520866e-05
-0.04778074100613594,-0.04264379292726517,-0.05283847823739052,0.029042815789580345,0.0835084393620491,0.043233927339315414,-0.04541535675525665,-0.045953650027513504,-0.04687830060720444,-0.07504621893167496,-0.03437258303165436,0.07316257059574127,-0.05649377405643463,0.056768663227558136,0.05786660313606262,0.04560733586549759,-0.016415612772107124,0.0463876873254776,0.053173378109931946,0.008818628266453743
-0.04800033941864967,-0.04916205257177353,-0.001612878404557705,0.09091000258922577,0.033263370394706726,0.00037561936187557876,-0.0015492724487558007,-0.0290314182639122,-0.05421697720885277,-0.09845073521137238,0.036716949194669724,0.06471165269613266,-0.014578194357454777,0.009322051890194416,0.08807796239852905,-0.05150563642382622,0.05384156107902527,0.021793168038129807,-0.007866368629038334,0.012190977111458778
0.011835211887955666,0.004127590451389551,0.031967893242836,0.043445102870464325,0.07949665188789368,0.05654337257146835,0.024986179545521736,-0.04215754196047783,-0.0003072421532124281,-0.036954354494810104,-0.03862731158733368,0.003070122329518199,0.029502740129828453,-0.03612782433629036,0.06668497622013092,-0.02651032991707325,0.06297031044960022,0.013435623608529568,0.018492216244339943,-0.08541462570428848
0.00086572504369542,-0.05885773524641991,-0.03380439430475235,0.070282943546772,-0.012392829172313213,0.05349250137805939,-0.045145921409130096,0.07138161361217499,-0.04077143967151642,-0.03896081820130348,-0.029145194217562675,-0.020862890407443047,-0.049376700073480606,0.030381634831428528,0.05342429503798485,0.010576399974524975,2.1975421987008303e-05,0.033233728259801865,0.015184382908046246,0.010440722107887268
-0.047079045325517654,-0.05550321564078331,0.05296866595745087,0.01777944155037403,0.10751788318157196,0.03914448618888855,-0.04370541125535965,0.02673984132707119,0.03725074976682663,-0.07150354236364365,-0.005339846480637789,0.030356967821717262,0.06730660796165466,0.015120337717235088,0.0390692800283432,0.03277605399489403,0.06359662115573883,-0.019239258021116257,0.009069285355508327,-0.011800935491919518
-0.04439224302768707,-0.006527361460030079,0.05210208147764206,-0.010331017896533012,0.05403326451778412,-0.02779375948011875,-0.07207819074392319,-0.05022541806101799,-0.05370586737990379,-0.0680914968252182,-0.0006085456116124988,-0.01219146978110075,0.08038735389709473,0.07525742799043655,0.04545355960726738,0.025026608258485794,-0.019658593460917473,0.03096877969801426,0.06239178031682968,-0.0013357638381421566
0.007334631402045488,-0.014536075294017792,0.0775609016418457,0.0328153558075428,0.04976258426904678,-0.006223725620657206,0.013934978283941746,0.017308451235294342,0.004580964799970388,-0.06382057070732117,0.017720846459269524,0.10341053456068039,-0.015451599843800068,0.06476422399282455,0.07739187031984329,-0.02617771364748478,-0.04021782428026199,0.05789470672607422,-0.062062278389930725,-0.05217896029353142
0.0029453097376972437,-0.055697280913591385,0.024238109588623047,0.07093626260757446,0.03920236602425575,0.051503438502550125,-0.05601555109024048,0.01165508572012186,-0.007771488279104233,-0.0817568302154541,0.04204762354493141,-0.01346294954419136,0.05891868472099304,0.02873612940311432,0.05787087604403496,0.031157473102211952,-0.004626297391951084,-0.016495130956172943,0.02962370403110981,-0.06835777312517166
0.0029453097376972437,-0.055697280913591385,0.024238109588623047,0.07093626260757446,0.03920236602425575,0.051503438502550125,-0.05601555109024048,0.01165508572012186,-0.007771488279104233,-0.0817568302154541,0.04204762354493141,-0.01346294954419136,0.05891868472099304,0.02873612940311432,0.05787087604403496,0.031157473102211952,-0.004626297391951084,-0.016495130956172943,0.02962370403110981,-0.06835777312517166
-0.041706133633852005,0.005777660757303238,0.03178766742348671,0.02008506841957569,0.10796918720006943,-0.05186663568019867,-0.07276260107755661,0.000987313687801361,0.010662083514034748,0.031473804265260696,0.016783997416496277,-0.03264289349317551,-0.052016425877809525,-0.010419259779155254,0.05450667813420296,0.0873635932803154,-0.014997867867350578,-0.060702163726091385,-0.054728914052248,-0.0015761908143758774
0.04871556907892227,-0.03721683472394943,-0.033421993255615234,0.046593084931373596,0.03996320441365242,-0.006273562554270029,-0.0490463562309742,0.06848350167274475,-0.02193778194487095,0.014753473922610283,0.00190525664947927,0.015373418107628822,-0.029809053987264633,-0.011800114996731281,0.08892744034528732,0.015625450760126114,0.06273132562637329,0.03709794580936432,0.010931302793323994,0.03167855367064476
-0.05786095932126045,0.02984536811709404,-0.017535051330924034,-0.054533060640096664,0.042962588369846344,-0.05405611917376518,0.039235327392816544,0.017426105216145515,0.00057966512395069,0.004596199840307236,0.057644497603178024,0.064433254301548,0.055494774132966995,-0.006238499656319618,0.05117113143205643,0.021643217653036118,0.06257113814353943,-0.04589616134762764,-0.03832573816180229,0.002931506372988224
-0.07563378661870956,0.06349711865186691,-0.03710925579071045,0.0546717643737793,0.019299598410725594,-0.03137313574552536,-0.027861913666129112,0.006114945746958256,0.04383881762623787,-0.006234967615455389,0.03131414204835892,0.06666896492242813,-0.04810357466340065,0.03351407125592232,0.06862753629684448,0.07555233687162399,0.06478707492351532,0.03176168352365494,0.031228160485625267,-0.04109371080994606
-0.08553634583950043,-0.05555319786071777,-0.03815743699669838,-0.053427163511514664,0.09573135524988174,0.03745229169726372,-0.034915369004011154,-0.049834880977869034,0.012233616784214973,0.009548148140311241,0.06330946832895279,0.05753292888402939,-0.006136925425380468,0.08710836619138718,0.08820950984954834,-0.05125690996646881,0.06144992262125015,0.06016038730740547,0.0685366615653038,0.018086906522512436
-0.062440697103738785,0.04611324518918991,-0.04631517082452774,0.04939451813697815,0.09252949059009552,-0.0148444389924407,-0.07324051856994629,0.03319140523672104,-0.06927225738763809,-0.05346670746803284,-0.0591435544192791,0.0372328981757164,0.05714400112628937,-0.01769573986530304,0.029218535870313644,0.01757989637553692,0.0354347787797451,-0.020692329853773117,-0.027272474020719528,-0.04742630571126938
0.022731970995664597,0.073610320687294,-0.02989167720079422,0.05939450114965439,-0.0010185210267081857,0.05751970410346985,-0.05993049219250679,-0.02011677995324135,0.03621124476194382,0.02505759708583355,0.060045041143894196,0.033818840980529785,-0.03648524358868599,0.07792642712593079,0.04249921813607216,0.01593370921909809,0.04679129272699356,0.06673724204301834,0.06524437665939331,-0.015640970319509506
-0.049966391175985336,0.06423301249742508,-0.05137544125318527,-0.018356744199991226,0.1226160004734993,-0.060076795518398285,-0.03695974498987198,-0.05529598891735077,0.0517578050494194,-0.09600518643856049,-0.01774604432284832,0.09067180752754211,-0.05863337963819504,0.09076271951198578,-0.008407563902437687,0.07614701986312866,0.006750115659087896,-0.05382981151342392,-0.05469806492328644,-0.05668092891573906
0.04273420572280884,-0.02514040656387806,-0.015787407755851746,0.04344678297638893,-0.0029779281467199326,0.008172399364411831,-0.07238249480724335,0.0010325617622584105,0.0077629080042243,-0.09482233971357346,-0.004129280336201191,-0.026477493345737457,-0.02375772036612034,-0.030582360923290253,-0.0237804614007473,-0.0031486093066632748,0.002452252898365259,-0.04953847825527191,0.034864526242017746,-0.06585545837879181
0.026283612474799156,0.03310132399201393,-0.049779247492551804,-0.04023710638284683,0.014052100479602814,0.043729498982429504,-0.045984044671058655,-0.02218928374350071,-0.009813510812819004,-0.06275618821382523,0.06264092028141022,0.09789848327636719,-0.07106049358844757,-0.03590921685099602,0.010521938093006611,0.009141318500041962,0.024020658805966377,-0.015878234058618546,0.05301443487405777,0.02429356426000595
-0.04302624613046646,-0.010956646874547005,-0.02315734513103962,0.05319385230541229,0.035421404987573624,-0.0650273934006691,-0.0404478944838047,-0.04050537571310997,0.03838476911187172,0.016041092574596405,-0.005339931696653366,0.0639844760298729,0.05700259655714035,0.08504137396812439,6.02466388954781e-05,0.013672402128577232,0.06739024072885513,0.03636511415243149,-0.025104783475399017,0.006231822073459625
-0.02754250355064869,0.03488149121403694,0.04321049898862839,0.07445845007896423,0.10039550065994263,0.032118938863277435,-0.03273988887667656,-0.04882913455367088,-0.03666168078780174,-0.04469173774123192,-0.04151589050889015,-0.023035142570734024,-0.011341274715960026,0.0474214106798172,0.004665704444050789,0.02791970781981945,0.0790696069598198,0.011415903456509113,-0.029168108478188515,-0.04891297221183777
-0.042108841240406036,-0.05171653628349304,-0.013684132136404514,-0.0285238828510046,0.05955633521080017,0.04508301615715027,0.03201510012149811,-0.05009392648935318,-0.06388690322637558,-0.026578867807984352,-0.04154566302895546,0.016430135816335678,-0.05006369948387146,0.059979669749736786,0.07658017426729202,-0.0032198182307183743,0.07773378491401672,-0.03171319141983986,-0.014636288397014141,0.03859957680106163
-0.03991956263780594,0.04803917184472084,-0.016345873475074768,0.07940956205129623,0.1214597299695015,-0.00024860567646101117,0.01343277096748352,0.003923935815691948,-0.05785245820879936,-0.012575407512485981,0.0009455698891542852,0.008510284125804901,-0.009827563539147377,0.05023360997438431,-0.0042964136227965355,-0.004988436121493578,0.05703228339552879,0.07026349753141403,-0.023351121693849564,0.05906599014997482
-0.03991956263780594,0.04803917184472084,-0.016345873475074768,0.07940956205129623,0.1214597299695015,-0.00024860567646101117,0.01343277096748352,0.003923935815691948,-0.05785245820879936,-0.012575407512485981,0.0009455698891542852,0.008510284125804901,-0.009827563539147377,0.05023360997438431,-0.0042964136227965355,-0.004988436121493578,0.05703228339552879,0.07026349753141403,-0.023351121693849564,0.05906599014997482
0.026393547654151917,0.0033597813453525305,-0.05987110361456871,-0.03824405372142792,0.054810360074043274,0.06266871839761734,-0.03804942965507507,0.02220410667359829,0.052667856216430664,-0.05911097675561905,-0.022705165669322014,0.03968513756990433,0.022560283541679382,-0.03770295903086662,-0.017875248566269875,0.07424129545688629,-0.0317237414419651,0.011739290319383144,0.03897305950522423,-0.010357329621911049
0.05713163688778877,-0.04697068780660629,0.06988175958395004,0.01792588271200657,0.006750511005520821,0.04225493222475052,-0.06568344682455063,-0.03916839510202408,0.0112631069496274,-0.0948541983962059,-0.026058418676257133,0.05723346024751663,0.010159827768802643,0.07984843105077744,0.07966998964548111,-0.034624192863702774,-0.050759464502334595,0.05262129008769989,0.0483853705227375,-0.018875103443861008
0.023345358669757843,-0.002956726588308811,0.0709640383720398,0.04255561903119087,0.10588973760604858,0.010287828743457794,-0.030481169000267982,0.04447184130549431,-0.0008821705123409629,-0.09512921422719955,0.04690956324338913,0.03999863192439079,-0.06836847215890884,0.040705274790525436,0.05914565548300743,0.03303040191531181,0.0033165751956403255,0.0018556921277195215,-0.02731894701719284,0.02797137200832367
0.052740588784217834,0.049904439598321915,0.025869332253932953,0.0174308642745018,-0.0028935535810887814,-0.034277256578207016,0.015393231064081192,0.055338095873594284,0.019778355956077576,0.014300324954092503,0.04062296822667122,0.06555647403001785,0.02961093746125698,0.09104844927787781,0.030497858300805092,0.00430610217154026,-0.020781077444553375,-0.05035915598273277,-0.051820334047079086,0.010331962257623672
0.05316122993826866,-0.0009986711665987968,0.005259261000901461,-0.002240076195448637,0.10359233617782593,-0.04495515301823616,-0.019154861569404602,-0.02419796586036682,-0.046485625207424164,-0.05317305773496628,-0.005277660209685564,0.04961325600743294,0.00481090834364295,0.03702182695269585,0.0074782464653253555,0.05994533747434616,0.060307614505290985,0.023759949952363968,-0.008022896945476532,-0.07440578192472458
-0.05754379555583,0.007498280145227909,0.050056710839271545,0.08366787433624268,-0.01297763828188181,0.0700935572385788,0.060866814106702805,0.058679793030023575,-0.041505370289087296,-0.012773563154041767,0.0495859794318676,-0.001481196959502995,-0.03755110129714012,0.03704545274376869,0.08053907752037048,0.0496976338326931,-0.058272309601306915,0.018704818561673164,0.04365554451942444,0.0018248050473630428
-0.01281658187508583,-0.020759841427206993,0.03060084953904152,0.06162455305457115,-0.002715163165703416,0.04914063587784767,-0.045563679188489914,-0.013456132262945175,-0.027318395674228668,-0.09549769014120102,0.06820014119148254,0.06595689058303833,0.05537554621696472,0.04252045229077339,-0.022965051233768463,0.05992244556546211,-0.02319006435573101,-0.025897130370140076,-0.06336066126823425,0.04002200812101364
0.04733340069651604,-0.03135135769844055,0.054653599858284,-0.02895011007785797,0.056492798030376434,0.02266351692378521,0.024951981380581856,0.027369270101189613,-0.026150595396757126,0.0022120815701782703,0.00568345608189702,0.03149920701980591,-0.0391591377556324,0.09703231602907181,0.04637395963072777,-0.029048549011349678,0.04248364642262459,-0.0004681902355514467,0.0732429176568985,0.024615278467535973
0.031371112912893295,-0.0511823408305645,0.019370559602975845,-0.044110510498285294,0.09673596173524857,0.04605376720428467,-0.04767987132072449,-0.06382898986339569,0.02592446468770504,-0.021263089030981064,0.022579193115234375,0.05699219927191734,-0.005617550108581781,0.09808998554944992,0.01697596162557602,0.024210287258028984,0.02469647116959095,0.06382803618907928,0.05863812938332558,-0.0039015007205307484
0.030451154336333275,0.04007573798298836,0.025958193466067314,0.016739068552851677,0.022801345214247704,0.04017569124698639,-0.05104018747806549,-0.013188941404223442,0.045223213732242584,-0.06052769720554352,0.01532905362546444,0.06984104961156845,-0.07155723124742508,0.0976230651140213,-0.013832028955221176,0.006328892894089222,-0.04808224365115166,0.05372588708996773,-0.009505264461040497,-0.018993128091096878
-0.04167045280337334,0.06791938841342926,-0.008362464606761932,0.027020597830414772,0.043820131570100784,0.0009265991975553334,-0.0034921986516565084,-0.06247231736779213,-0.005327531602233648,0.013442791067063808,0.018939463421702385,0.07619137316942215,-0.0020292657427489758,0.07312723994255066,0.016230223700404167,0.059761323034763336,0.035506270825862885,0.021733587607741356,0.009995893575251102,-0.08070450276136398
-0.06362823396921158,-0.01837656833231449,-0.04046487808227539,0.03886330872774124,0.046287618577480316,0.02067570574581623,0.044582217931747437,-0.029308458790183067,-0.04042888060212135,-0.07960674166679382,0.06859123706817627,0.05645693838596344,0.034453894942998886,-0.0019593294709920883,-0.024455655366182327,0.0743819922208786,0.023624515160918236,0.027798237279057503,0.05576929822564125,-0.05254736915230751
0.036974553018808365,0.029513945803046227,0.009299452416598797,0.03476516157388687,0.0950649157166481,0.0069652134552598,-0.005383208394050598,-0.010829154402017593,-0.07592079788446426,-0.0281369648873806,0.025930600240826607,0.07971818000078201,-0.013650523498654366,-0.009548901580274105,-0.028253208845853806,-0.05457098409533501,-0.060936011373996735,0.02875451371073723,-0.03963550552725792,-0.005442416295409203
0.036974553018808365,0.029513945803046227,0.009299452416598797,0.03476516157388687,0.0950649157166481,0.0069652134552598,-0.005383208394050598,-0.010829154402017593,-0.07592079788446426,-0.0281369648873806,0.025930600240826607,0.07971818000078201,-0.013650523498654366,-0.009548901580274105,-0.028253208845853806,-0.05457098409533501,-0.060936011373996735,0.02875451371073723,-0.03963550552725792,-0.005442416295409203
0.036974553018808365,0.029513945803046227,0.009299452416598797,0.03476516157388687,0.0950649157166481,0.0069652134552598,-0.005383208394050598,-0.010829154402017593,-0.07592079788446426,-0.0281369648873806,0.025930600240826607,0.07971818000078201,-0.013650523498654366,-0.009548901580274105,-0.028253208845853806,-0.05457098409533501,-0.060936011373996735,0.02875451371073723,-0.03963550552725792,-0.005442416295409203
0.036974553018808365,0.029513945803046227,0.009299452416598797,0.03476516157388687,0.0950649157166481,0.0069652134552598,-0.005383208394050598,-0.010829154402017593,-0.07592079788446426,-0.0281369648873806,0.025930600240826607,0.07971818000078201,-0.013650523498654366,-0.009548901580274105,-0.028253208845853806,-0.05457098409533501,-0.060936011373996735,0.02875451371073723,-0.03963550552725792,-0.005442416295409203
-0.0637296587228775,0.06654202938079834,-0.049982935190200806,-0.012958075851202011,0.09209705144166946,0.015905067324638367,-0.0550612136721611,-0.03418011590838432,-0.04435054957866669,-0.0849359929561615,-0.03965510427951813,-0.03755014017224312,0.032901961356401443,0.027603456750512123,0.0893130823969841,0.02473822794854641,-0.04526947811245918,0.01480976864695549,0.06549515575170517,-0.03755711019039154
0.044066961854696274,-0.0006013151723891497,0.04315255954861641,0.03980458527803421,-0.0005373538588173687,0.024530446156859398,0.05897461995482445,-0.01197081059217453,0.05664530768990517,-0.07805749028921127,-0.036414965987205505,0.024817094206809998,-0.04930726811289787,0.07759968191385269,-0.034515380859375,0.05691022425889969,-0.0074977264739573,-0.04629307985305786,0.07275200635194778,-0.04865417256951332
-0.07077877223491669,0.04892987385392189,0.022747226059436798,-0.011717391200363636,-0.012303297407925129,-0.05014171451330185,0.01188569888472557,0.0009921395685523748,0.004814117681235075,-0.06261888891458511,-0.02480602078139782,0.04771279916167259,0.027025016024708748,0.04201782867312431,0.057841937988996506,0.06462951749563217,-0.031296707689762115,0.07029584050178528,-0.061474528163671494,0.001333592226728797
-0.07077877223491669,0.04892987385392189,0.022747226059436798,-0.011717391200363636,-0.012303297407925129,-0.05014171451330185,0.01188569888472557,0.0009921395685523748,0.004814117681235075,-0.06261888891458511,-0.02480602078139782,0.04771279916167259,0.027025016024708748,0.04201782867312431,0.057841937988996506,0.06462951749563217,-0.031296707689762115,0.07029584050178528,-0.061474528163671494,0.001333592226728797
0.008708454668521881,-0.03383880481123924,0.032420046627521515,-0.01088089868426323,-0.013374139554798603,-0.002325474051758647,0.015066712163388729,-0.05726447328925133,-0.06393709778785706,-0.06803025305271149,-0.02136443555355072,0.07587159425020218,-0.03648354485630989,0.07645470649003983,0.006729734595865011,-0.04778279364109039,-0.039280883967876434,-0.00720524275675416,0.07903363555669785,0.03928261622786522
0.018179554492235184,0.03700627386569977,0.08493833243846893,0.015317101962864399,0.12601499259471893,-0.006766119506210089,0.05507643148303032,-0.04710359498858452,0.0400448702275753,0.021860532462596893,0.013772170059382915,0.05461162328720093,-0.006989627610892057,0.09828700125217438,0.06457284837961197,0.036986563354730606,-0.03579545021057129,-0.0150345703586936,0.033072661608457565,0.03954573720693588
0.018179554492235184,0.03700627386569977,0.08493833243846893,0.015317101962864399,0.12601499259471893,-0.006766119506210089,0.05507643148303032,-0.04710359498858452,0.0400448702275753,0.021860532462596893,0.013772170059382915,0.05461162328720093,-0.006989627610892057,0.09828700125217438,0.06457284837961197,0.036986563354730606,-0.03579545021057129,-0.0150345703586936,0.033072661608457565,0.03954573720693588
-0.03132107853889465,-0.049806784838438034,-0.05502164363861084,-0.044111039489507675,0.008318976499140263,0.06186748296022415,0.05958947166800499,0.05785168707370758,-0.029539166018366814,0.03587804734706879,0.04564005136489868,0.014789802953600883,-0.04043499007821083,0.04413722828030586,-0.019596410915255547,0.019245821982622147,0.05729685351252556,-0.06761767715215683,0.0161812175065279,0.05223366618156433
-0.06427222490310669,0.002517132321372628,0.03644261881709099,0.05398429185152054,0.10976185649633408,0.05222458392381668,-0.01608860306441784,0.022333744913339615,0.03410730138421059,-0.07601692527532578,-0.007545860484242439,0.025220979005098343,-0.04237745329737663,0.0646638572216034,0.001651046914048493,0.06917139142751694,-0.016985759139060974,0.007934010587632656,0.07341961562633514,-0.017385292798280716
0.013306010514497757,-0.039830662310123444,0.013385258615016937,0.048764679580926895,0.10557424277067184,0.029830167070031166,-0.034037455916404724,-0.028997572138905525,0.00948998425155878,-0.05895696207880974,0.005408489145338535,-0.0008986900793388486,0.009995274245738983,0.0768841803073883,0.05018442124128342,0.06520096957683563,-0.06434136629104614,-0.003660480724647641,0.008622216060757637,0.04812187701463699
0.002537701278924942,-0.01918046921491623,0.06793686747550964,0.047822412103414536,0.05950646474957466,-0.03440261632204056,-0.06082012504339218,-0.006053253076970577,0.006232486572116613,0.00519774341955781,-0.0374661386013031,-0.02161388471722603,-0.05120982974767685,0.02894795499742031,-0.03519202396273613,-0.052954982966184616,0.025505131110548973,0.01674569398164749,0.023535845801234245,-0.06319185346364975
-0.03472960367798805,0.06120447441935539,0.023239921778440475,-0.049128878861665726,0.0013745612232014537,0.0466277189552784,0.036192767322063446,0.03369291499257088,0.04277373105287552,-0.04557147994637489,0.01635035127401352,0.015398584306240082,-0.00963816698640585,-0.003985047806054354,0.059399500489234924,-0.049336593598127365,0.028884083032608032,0.04620809853076935,-0.004743656143546104,0.04349241778254509
0.05404764413833618,0.039675693958997726,0.0643889531493187,0.025018641725182533,0.03578994795680046,-0.02747211419045925,-0.06378404051065445,0.01689520850777626,-0.010926494374871254,-0.07113039493560791,-0.049219418317079544,0.09079330414533615,0.02937242016196251,-0.003410527016967535,-0.02217714861035347,-0.05162792652845383,0.014969462528824806,0.004642990883439779,-0.018469737842679024,-0.029967226088047028
-0.07184778898954391,0.05680922418832779,-0.014297385700047016,-0.05232808366417885,0.08216611295938492,-0.042128268629312515,-0.02458847314119339,0.003493100870400667,0.030065063387155533,-0.0676824077963829,0.07141318917274475,-0.020087122917175293,0.06082727760076523,-0.007634357083588839,-0.0019883401691913605,0.060925811529159546,0.06489425152540207,0.02360657788813114,-0.028620602563023567,0.01000918261706829
-0.07147998362779617,-0.02117023430764675,-0.052948616445064545,-0.010115927085280418,0.0733252465724945,0.06693552434444427,-0.04507637768983841,0.010711012408137321,-0.05823249742388725,-0.015903247520327568,0.06703516840934753,-0.035816892981529236,0.06370444595813751,0.07536866515874863,0.0976390615105629,-0.03894345462322235,0.04179302603006363,-0.019443653523921967,0.03024246171116829,0.03441314026713371
-0.028419921174645424,0.055217817425727844,-0.003555956529453397,0.005070026032626629,0.03139394521713257,-0.050382476300001144,0.020853329449892044,0.06755680590867996,-0.05770890414714813,0.005510277114808559,0.07626228779554367,0.06892535090446472,0.03396236151456833,0.05561959743499756,-0.03972805291414261,0.05329127982258797,0.027068432420492172,0.018549062311649323,-0.03157828375697136,-0.05480324104428291
-0.02736305631697178,-0.03056906908750534,-0.002666139742359519,0.08322286605834961,-0.010819084011018276,0.03819594904780388,0.028614746406674385,0.030536409467458725,0.007768967654556036,-0.048501428216695786,-0.04491085559129715,-0.04305441677570343,0.029575565829873085,-0.004061330575495958,0.10274975001811981,0.08262491971254349,0.04213628172874451,-0.00864615198224783,-0.06136389821767807,-0.041262295097112656
-0.008155045099556446,0.007616763468831778,-0.019530491903424263,0.053234633058309555,0.10999041795730591,-0.02074405737221241,0.028413865715265274,0.05284765735268593,0.03198869526386261,0.002032852964475751,0.04301927611231804,0.027472682297229767,-0.02581149898469448,-0.03743322566151619,-0.0016444189241155982,0.02974889427423477,-0.04329507052898407,-0.028555523604154587,0.043074917048215866,0.043383192270994186
0.025201305747032166,0.07310568541288376,-0.01855299063026905,-0.03858650475740433,0.10249610990285873,-0.055045753717422485,0.04502939060330391,0.02663109265267849,-0.023875767365098,-0.03744034469127655,-0.05490874499082565,0.053697794675827026,-0.01921507716178894,0.04707701504230499,0.03369273617863655,0.06023263558745384,0.04496461898088455,-0.061963725835084915,-0.06269656121730804,-0.025293027982115746
-0.04418614134192467,-0.044675979763269424,-0.06049909442663193,0.07207976281642914,0.047134075313806534,0.058736007660627365,0.03795536607503891,0.08239872008562088,0.03498409315943718,-0.033451154828071594,-0.013300241902470589,-0.025573033839464188,-0.04731172323226929,0.07200862467288971,0.07371606677770615,-0.00459956843405962,0.058509424328804016,-0.04033559560775757,0.036984555423259735,0.05424989387392998
-0.05984954535961151,-0.024619288742542267,0.0572889968752861,0.027766676619648933,0.08896050602197647,-0.003053708467632532,-0.06584874540567398,0.015643367543816566,0.04848256707191467,-0.011537406593561172,0.03730238601565361,0.07837752252817154,0.024111442267894745,0.020348021760582924,0.012281198054552078,0.05902361869812012,0.056639332324266434,0.03286014869809151,-0.060524243861436844,0.018600603565573692
-0.04982728511095047,0.06296274065971375,-0.040744636207818985,0.059386856853961945,-0.0005731731653213501,-0.0002926041779574007,0.05043584480881691,-0.04204391688108444,0.031643614172935486,-0.07399880141019821,-0.05587966740131378,-0.0004058165359310806,-0.022261347621679306,0.09190354496240616,0.07901006937026978,0.012354354374110699,-0.0018693002639338374,-0.01586613990366459,0.056581124663352966,0.03964710235595703
0.021285831928253174,-0.0045047327876091,0.006610143929719925,0.08476421236991882,0.017639445140957832,0.06534901261329651,-0.01434369571506977,0.033907122910022736,-0.052030451595783234,-0.06837134063243866,-0.012287309393286705,-0.017458124086260796,0.06116775423288345,0.05526028573513031,0.04308415204286575,0.034450750797986984,0.0770338699221611,-0.0027660683263093233,0.03626006469130516,0.011082113720476627
0.02904311753809452,0.03579360619187355,-0.011807347647845745,0.029357053339481354,0.06995313614606857,-0.06939925253391266,-0.013284916058182716,-0.021331090480089188,0.03871218115091324,0.021337898448109627,-0.005404279101639986,-0.0067151933908462524,0.020555725321173668,0.0805172324180603,-0.014949825592339039,0.056057583540678024,-0.027350109070539474,-0.022911768406629562,-0.04882621392607689,0.024858249351382256
0.038834623992443085,-0.035510577261447906,-0.0010881772032007575,0.0407429002225399,0.11822410672903061,-0.04671069234609604,-0.07899452745914459,0.06234588101506233,-0.05084259435534477,-0.09776119887828827,0.006655342876911163,0.03310878574848175,-0.060678187757730484,0.07656258344650269,0.055794037878513336,0.0513894222676754,0.060143765062093735,-0.048659827560186386,0.003962261136621237,-0.08387936651706696
-0.06975474208593369,0.03094925917685032,-0.03320127725601196,0.057133033871650696,0.06576032936573029,0.03719305619597435,0.007468484807759523,0.05471975728869438,-0.07648357003927231,0.038866087794303894,-0.013227616436779499,0.022656844928860664,-0.06046908721327782,-0.006617893930524588,-0.03491945564746857,-0.019570039585232735,0.06805965304374695,0.029734084382653236,0.06545546650886536,-0.08334241062402725
0.042803049087524414,0.014552733860909939,0.0569087453186512,-0.036081451922655106,0.0568077452480793,-0.03132294863462448,0.005518216639757156,0.035072747617959976,0.04400248825550079,-0.07506482303142548,-0.029223404824733734,-0.013516765087842941,-0.01176332589238882,-0.023152697831392288,-0.036573488265275955,-0.006106225308030844,0.007752672769129276,0.02549050562083721,-0.011981851421296597,-0.05848253145813942
-0.04239523038268089,-0.02080918475985527,-0.056140512228012085,-0.0533074326813221,-0.009535601362586021,-0.009542727842926979,-0.06143193691968918,-0.04532331973314285,-0.02480410598218441,-0.06708589196205139,-0.00651990482583642,0.031125225126743317,0.02878100425004959,0.07517663389444351,0.02843996323645115,-0.035845182836055756,0.014568906277418137,0.027411818504333496,-0.00023408903507515788,-0.011089341714978218
-0.04114988446235657,0.025830082595348358,0.07281111925840378,-0.002518332563340664,0.12142844498157501,0.018092354759573936,0.004053234588354826,-0.04243338480591774,0.0609220527112484,-0.007551847957074642,-0.031645867973566055,-0.02159414440393448,-0.0655403807759285,-0.022124910727143288,0.00965503416955471,-0.05480996519327164,0.06445144861936569,0.011592430993914604,0.05797698721289635,-0.024323299527168274
-0.055038418620824814,-0.005428663920611143,-0.05361189320683479,0.07208280265331268,0.10968009382486343,0.006539999041706324,0.015322362072765827,0.03958530351519585,-0.055491987615823746,-0.014203090220689774,0.06610053777694702,-0.010964351706206799,0.031735438853502274,0.05865989252924919,0.09703435748815536,-0.017610853537917137,-0.057928554713726044,-0.05303984880447388,0.0727815255522728,-0.08654585480690002
-0.06355838477611542,-0.01353483833372593,-0.034181371331214905,-0.004679226782172918,0.052406925708055496,-0.047329358756542206,0.02978627011179924,-0.041525986045598984,0.05583430454134941,-0.07854457944631577,-0.014950470067560673,0.06788429617881775,0.023059220984578133,0.07906167209148407,0.02565452642738819,-0.022197945043444633,0.02349220961332321,-0.0199317317456007,-0.008249623700976372,-0.07677324116230011
0.026029298081994057,0.07576943933963776,-0.027731260284781456,-0.013168754987418652,0.046131208539009094,0.022328896448016167,0.06640897691249847,-0.0013790250523015857,-0.024426529183983803,0.034463949501514435,-0.03612666577100754,0.004220153205096722,-0.019213521853089333,0.08176133781671524,0.0991315022110939,0.014596025459468365,0.08629235625267029,-0.02222973294556141,0.0043705725111067295,0.030911214649677277
0.027478143572807312,0.06909329444169998,0.08669016510248184,0.001629413920454681,0.10668475180864334,-0.06388290226459503,-0.047440119087696075,-0.0031798388808965683,0.04249316453933716,0.0398683063685894,0.004832230508327484,0.08282577246427536,0.03179227188229561,-0.0036866560112684965,-0.023672671988606453,0.0410996712744236,0.05869652330875397,0.06550198793411255,-0.0005619062576442957,-0.02890576422214508
0.022345751523971558,-0.0637609139084816,-0.006455831695348024,0.03465263545513153,0.0962333232164383,-0.028387701138854027,-0.0661054328083992,-0.04267074167728424,0.011885982006788254,-0.05565799027681351,-0.04072720184922218,0.0934801772236824,0.05710643529891968,0.08005642145872116,0.05513724312186241,0.04589970037341118,-0.021205903962254524,0.012013684026896954,0.023656746372580528,-0.01237611286342144
0.02176830917596817,0.022610099986195564,-0.0029013880994170904,0.012771612033247948,0.12052106857299805,-0.008449084125459194,0.027443410828709602,0.08508394658565521,-0.0043564955703914165,-0.006349667441099882,0.05717374384403229,0.01879112422466278,0.0018179317703470588,0.06792765110731125,-0.003290634835138917,0.025264842435717583,0.05130378156900406,0.00468786247074604,-0.059639159590005875,-0.0006418836419470608
-0.011940852738916874,0.03447657823562622,0.03935293108224869,0.006004390772432089,0.038650237023830414,-0.029291361570358276,0.04074971377849579,0.04521692916750908,-0.018878405913710594,0.03533180430531502,0.06212706118822098,0.05949893966317177,0.008791320957243443,0.07829807698726654,0.05187666788697243,-0.059199921786785126,-0.030187105759978294,-0.02397884428501129,0.04967491701245308,-0.08146402984857559
-0.02338547632098198,0.0633954256772995,0.005868894048035145,-0.003930869046598673,0.01062787976115942,0.059880346059799194,-0.017788082361221313,0.0465640053153038,-0.0690762847661972,-0.021592002362012863,-0.028695331886410713,0.04833263158798218,0.05889393761754036,0.019678179174661636,0.017471548169851303,0.03437769412994385,0.04089822992682457,0.02815251611173153,-0.002801015740260482,-0.028173770755529404
-0.06533826887607574,0.04609701409935951,0.00135740265250206,-0.010237634181976318,0.10070378333330154,-0.010034077800810337,-0.0678870677947998,0.0657549574971199,-0.02813875861465931,-0.09367901086807251,0.013675132766366005,0.04744747653603554,-0.01667868345975876,-0.045595962554216385,0.0783851370215416,0.031598396599292755,-0.05527808889746666,-0.013703862205147743,-0.01028152834624052,-0.011455985717475414
-0.0018325712298974395,-0.06490778923034668,0.05166181921958923,-0.009647500701248646,0.0924786925315857,0.05680718272924423,-0.052964404225349426,-0.05375790596008301,-0.01609015464782715,-0.018417952582240105,-0.016653774306178093,-0.006990451831370592,0.027990596368908882,0.0287817120552063,0.07374982535839081,0.046867694705724716,0.033620692789554596,-0.0053644427098333836,0.05718986690044403,0.04504435136914253
-0.07908909767866135,-0.04241215065121651,-0.011128349229693413,-0.04983443021774292,0.03989863395690918,-0.018297510221600533,-0.051470622420310974,-0.00039181881584227085,-0.04477047920227051,-0.08543097972869873,-0.010959156788885593,0.055733516812324524,-0.034123048186302185,0.06670365482568741,0.03830845654010773,-0.04248044267296791,0.028816374018788338,0.0025407294742763042,-0.06043381243944168,0.028171971440315247
-0.002132386201992631,0.0236537903547287,-0.02968026138842106,-0.02665119804441929,0.04774331673979759,-0.03963574022054672,-0.02910665050148964,0.05466890335083008,-0.009241683408617973,-0.051932595670223236,0.015335489995777607,-0.007262376602739096,0.004278887063264847,-0.010742060840129852,-0.011722580529749393,0.056798696517944336,0.017761623486876488,-0.017389288172125816,-0.04352349787950516,-0.06587063521146774
-0.04958679899573326,0.008078915067017078,-0.04578584060072899,0.05110062286257744,0.008868630975484848,0.030171355232596397,-0.07386065274477005,0.02801903523504734,-0.035846907645463943,-0.05773470178246498,0.04792129993438721,0.06068787723779678,-0.004705789964646101,0.0609000064432621,0.08473944664001465,0.04688313603401184,-0.037930212914943695,0.04070187360048294,-0.03994258493185043,-0.06965816766023636
-0.04958679899573326,0.008078915067017078,-0.04578584060072899,0.05110062286257744,0.008868630975484848,0.030171355232596397,-0.07386065274477005,0.02801903523504734,-0.035846907645463943,-0.05773470178246498,0.04792129993438721,0.06068787723779678,-0.004705789964646101,0.0609000064432621,0.08473944664001465,0.04688313603401184,-0.037930212914943695,0.04070187360048294,-0.03994258493185043,-0.06965816766023636
0.06596847623586655,-0.008713440969586372,0.06389521807432175,-0.023283300921320915,-0.01766235940158367,-0.06045283004641533,-0.06704208254814148,0.02056277170777321,-0.02957267127931118,-0.0984366238117218,0.07244162261486053,0.06623721122741699,0.0035877334885299206,0.07721243798732758,-0.011096850968897343,0.017737790942192078,-0.01261734589934349,-0.056095387786626816,-0.013179638423025608,-0.003700976725667715
0.017732752487063408,0.07033959031105042,0.07871850579977036,0.0066206194460392,0.033982641994953156,0.025031257420778275,-0.01810634694993496,-0.053699616342782974,0.005812882911413908,-0.046624068170785904,-0.019901756197214127,0.04739190638065338,0.01756303384900093,0.06530030071735382,-0.040243785828351974,-0.050311487168073654,0.07569635659456253,0.05842936411499977,-0.06373133510351181,-0.04665062949061394
-0.02184455096721649,0.024853674694895744,0.03133369982242584,0.05608564242720604,0.10328388959169388,0.02716205082833767,-0.06315334141254425,-0.02322034351527691,-0.01801556721329689,0.025781957432627678,0.047593384981155396,0.05353054031729698,-0.003611288033425808,0.07918695360422134,-0.02198544144630432,-0.00756648276001215,-0.06504422426223755,0.040716253221035004,-0.0018985049100592732,-0.014469909481704235
-0.023929713293910027,0.04191388562321663,0.04921793192625046,0.031569939106702805,0.003181805368512869,-0.003018815303221345,-0.04930277541279793,0.0020981626585125923,0.03315698355436325,-0.09178087115287781,-0.03977987915277481,-0.045032352209091187,-0.033109020441770554,0.06772489100694656,0.012711996212601662,0.06918790191411972,-0.033991262316703796,0.05856240913271904,0.061048127710819244,0.018042365089058876
0.055900026112794876,-0.05854083597660065,0.05208038166165352,0.03216060250997543,0.03235975280404091,-0.03847409784793854,-0.023638693615794182,-0.049686674028635025,-0.06348683685064316,0.00627423170953989,0.02330944873392582,-0.01953953132033348,0.023258892819285393,0.07308698445558548,0.019956259056925774,-0.004797301720827818,0.03567323461174965,-0.030175840482115746,-0.0169470626860857,-0.057360149919986725
0.0009648963459767401,-0.049426499754190445,0.08391691744327545,-0.06139153242111206,0.10997793078422546,0.029159065335989,0.05356632545590401,-0.013115744106471539,0.06616287678480148,-0.0022548299748450518,0.010995089076459408,-0.03726901486515999,0.07252185046672821,-0.010656913742423058,0.09719323366880417,0.07687966525554657,-0.031212270259857178,-0.06682827323675156,-0.044102031737565994,0.03195726126432419
-0.06365353614091873,0.07226638495922089,-0.03318136930465698,0.04555431380867958,0.11498699337244034,0.05888547748327255,-0.0011190471705049276,-0.024146612733602524,0.016328835859894753,-0.0437239333987236,-0.0011963085271418095,0.05062727630138397,0.05406230315566063,-0.019136697053909302,-0.037609782069921494,0.06746810674667358,-0.02917015366256237,-0.04160387068986893,0.04371795430779457,-0.07759205996990204
0.051848456263542175,0.0075672948732972145,-0.0027450527995824814,0.035734184086322784,0.0566256083548069,-0.01255638524889946,-0.0510636605322361,-0.00987718440592289,-0.040804531425237656,-0.06731946766376495,0.0007123324903659523,-0.004739661701023579,0.018008746206760406,0.02012593485414982,0.04566684737801552,0.007125907577574253,-0.04186423867940903,-0.012725746259093285,0.04162674397230148,0.021887144073843956
0.02976802922785282,0.0543527714908123,0.08577175438404083,0.027736753225326538,0.031189357861876488,0.057799290865659714,-0.011521897278726101,0.00032731640385463834,0.016810903325676918,-0.003828751854598522,-0.0340731255710125,0.10149223357439041,0.00042339047649875283,0.0618533156812191,0.04165376350283623,0.00028965584351681173,-0.008308463729918003,0.031892482191324234,0.0515236034989357,-0.026195693761110306
0.02976802922785282,0.0543527714908123,0.08577175438404083,0.027736753225326538,0.031189357861876488,0.057799290865659714,-0.011521897278726101,0.00032731640385463834,0.016810903325676918,-0.003828751854598522,-0.0340731255710125,0.10149223357439041,0.00042339047649875283,0.0618533156812191,0.04165376350283623,0.00028965584351681173,-0.008308463729918003,0.031892482191324234,0.0515236034989357,-0.026195693761110306
0.018095683306455612,-0.01886722445487976,0.07229329645633698,-0.014398553408682346,0.10585993528366089,0.025602074339985847,-0.007846961729228497,-0.05462786555290222,-0.03166649863123894,-0.022179484367370605,-0.021666383370757103,-0.014469869434833527,-0.04550274461507797,0.021193470805883408,0.009051760658621788,-0.04568132013082504,0.06807638704776764,-0.006678828038275242,-0.0623859278857708,0.02596438117325306
0.023709174245595932,0.02889954298734665,0.03201755881309509,0.0770869180560112,0.03193574771285057,0.0019966373220086098,-0.05173059180378914,-0.02147344872355461,0.04776186868548393,-0.03241891413927078,0.03277890011668205,0.07619160413742065,-0.06549452990293503,0.06841584295034409,-0.0010601715184748173,-0.05395176261663437,0.07313157618045807,-0.0438985675573349,0.07350436598062515,-0.06317781656980515
0.023709174245595932,0.02889954298734665,0.03201755881309509,0.0770869180560112,0.03193574771285057,0.0019966373220086098,-0.05173059180378914,-0.02147344872355461,0.04776186868548393,-0.03241891413927078,0.03277890011668205,0.07619160413742065,-0.06549452990293503,0.06841584295034409,-0.0010601715184748173,-0.05395176261663437,0.07313157618045807,-0.0438985675573349,0.07350436598062515,-0.06317781656980515
0.023709174245595932,0.02889954298734665,0.03201755881309509,0.0770869180560112,0.03193574771285057,0.0019966373220086098,-0.05173059180378914,-0.02147344872355461,0.04776186868548393,-0.03241891413927078,0.03277890011668205,0.07619160413742065,-0.06549452990293503,0.06841584295034409,-0.0010601715184748173,-0.05395176261663437,0.07313157618045807,-0.0438985675573349,0.07350436598062515,-0.06317781656980515
-0.05081232637166977,-0.020518340170383453,0.016057506203651428,0.01582959108054638,0.07193174213171005,0.03708873689174652,0.061727333813905716,0.00042972227674908936,-0.019383324310183525,-0.008746693842113018,0.001411721925251186,-0.025360925123095512,-0.0656067505478859,0.09639358520507812,0.03560201823711395,0.02939995378255844,0.04943768307566643,-0.01667737029492855,-0.010315622203052044,0.03755247965455055
-0.07840106636285782,-0.05657411739230156,0.017280761152505875,-0.02467920444905758,-0.0020772344432771206,0.031257469207048416,-0.011361397802829742,-0.0006701209349557757,0.027068445459008217,-0.0786675438284874,-0.05870653688907623,0.019727228209376335,0.012356700375676155,0.08285406976938248,0.06585368514060974,-0.046921197324991226,0.03769206628203392,0.022825587540864944,0.008982338942587376,-0.06676933169364929
-0.021447746083140373,-0.0023977109231054783,0.07671215385198593,0.034941092133522034,0.06235797703266144,-0.046475838869810104,-0.01506930310279131,-0.049184106290340424,0.043158192187547684,-0.09805122762918472,0.03353346884250641,0.08587099611759186,-0.015656955540180206,0.0871538519859314,-0.03791698068380356,-0.036997776478528976,-0.06047694385051727,-0.04843767732381821,0.03455676510930061,-0.06349027901887894
0.0238482765853405,0.024455875158309937,0.029042862355709076,0.023276066407561302,0.01795702613890171,-0.031780581921339035,-0.07485512644052505,0.030161861330270767,-0.03083910048007965,-0.07765961438417435,0.04491822049021721,0.027641236782073975,0.029575960710644722,0.03218349441885948,0.021875308826565742,0.00995404552668333,0.03593035787343979,0.047801487147808075,0.03843957558274269,-0.04869171977043152
0.0238482765853405,0.024455875158309937,0.029042862355709076,0.023276066407561302,0.01795702613890171,-0.031780581921339035,-0.07485512644052505,0.030161861330270767,-0.03083910048007965,-0.07765961438417435,0.04491822049021721,0.027641236782073975,0.029575960710644722,0.03218349441885948,0.021875308826565742,0.00995404552668333,0.03593035787343979,0.047801487147808075,0.03843957558274269,-0.04869171977043152
0.0015198095934465528,-0.03708133473992348,-0.022932657971978188,0.06004781648516655,0.008503876626491547,-0.050544243305921555,0.005546520464122295,-0.03390868008136749,-0.06226661801338196,0.009799176827073097,0.013467966578900814,0.022095484659075737,0.04500174522399902,-0.03997766226530075,-0.038078147917985916,0.06554166972637177,0.0045170593075454235,0.02963927946984768,0.03357314690947533,0.020559312775731087
-0.04014202952384949,0.022917747497558594,0.03453885391354561,-0.05139497295022011,0.08418453484773636,0.059323571622371674,0.046378299593925476,0.050854139029979706,-0.015342704951763153,0.019835151731967926,0.015736250206828117,0.03118452988564968,0.03817648068070412,0.013100429438054562,0.03936033695936203,0.07530417293310165,-0.0023408858105540276,-0.013926342129707336,0.06776445358991623,-0.07480308413505554
-0.0522746741771698,0.02849062904715538,0.01642787829041481,-0.04358363151550293,0.06610873341560364,-0.06926596164703369,-0.03997161239385605,-0.05293344333767891,-0.06327979266643524,-0.04396926984190941,0.06113896146416664,0.02995792217552662,0.014941779896616936,0.052543554455041885,0.09538529068231583,0.0057264165952801704,-0.04670816659927368,0.03868687152862549,0.07091331481933594,-0.05927177891135216
0.054424092173576355,0.013316742144525051,0.07735245674848557,0.011434500105679035,0.07353442907333374,-0.007673170417547226,-0.022128378972411156,0.05171035975217819,-0.014854840002954006,0.0038338983431458473,0.006364195141941309,0.0008373942691832781,-0.02125662937760353,0.028106071054935455,0.040068719536066055,-0.04890362173318863,-0.025620393455028534,-0.010733501985669136,0.05471257492899895,-0.029124610126018524
0.04372071847319603,0.07516073435544968,0.0012795316288247705,0.00889626331627369,0.06267808377742767,-0.04123123362660408,-0.03140231966972351,0.012251739390194416,0.057422928512096405,-0.07020656019449234,-0.039558202028274536,0.0006522905896417797,0.018487123772501945,0.10238148272037506,0.0189413670450449,0.033737219870090485,0.02431311085820198,0.026012778282165527,-0.011577199213206768,0.030637692660093307
-0.08434765040874481,-0.008946413174271584,0.022358424961566925,0.020942317321896553,0.05479378625750542,-0.029715489596128464,-0.016326693817973137,-0.029489116743206978,-0.06912849098443985,0.04461129382252693,0.011261824518442154,0.06643432378768921,0.049827296286821365,-0.02716841548681259,0.015215725637972355,0.03553345799446106,0.005803285166621208,0.01632913388311863,0.03893999010324478,0.017727689817547798
-0.04187941923737526,0.009587643668055534,0.06084204465150833,-0.0482565313577652,0.04561145231127739,0.010487525723874569,0.05465352535247803,-0.056678369641304016,0.03658973053097725,-0.021113170310854912,-0.03733032941818237,-0.032877661287784576,-0.04557965323328972,-0.03100188821554184,-0.008329907432198524,0.04010002687573433,0.017497176304459572,-0.018476780503988266,-0.01709875836968422,0.004155395086854696
-0.04187941923737526,0.009587643668055534,0.06084204465150833,-0.0482565313577652,0.04561145231127739,0.010487525723874569,0.05465352535247803,-0.056678369641304016,0.03658973053097725,-0.021113170310854912,-0.03733032941818237,-0.032877661287784576,-0.04557965323328972,-0.03100188821554184,-0.008329907432198524,0.04010002687573433,0.017497176304459572,-0.018476780503988266,-0.01709875836968422,0.004155395086854696
-0.042808569967746735,0.06264898926019669,0.05481485277414322,-0.04141548275947571,0.09831893444061279,0.05927261337637901,-0.0761021301150322,0.04270055517554283,0.0398239940404892,-0.057599663734436035,0.06796029210090637,-0.006323745008558035,-0.018069583922624588,0.014376743696630001,-0.018187886103987694,-0.039072971791028976,0.0689428523182869,0.010286454111337662,0.03082836978137493,0.00020156991377007216
-0.052495379000902176,-0.04762323200702667,0.022812092676758766,0.006952144671231508,0.0559510812163353,0.04712275043129921,-0.037311408668756485,-0.028798092156648636,0.005151708610355854,-0.07824885100126266,0.021482273936271667,0.028168341144919395,-0.07303030043840408,-0.008142891339957714,0.004137211479246616,0.06393507122993469,0.008128367364406586,0.021572072058916092,-0.05797336623072624,-0.0716995894908905
0.025500111281871796,0.003668592544272542,-0.0016045549418777227,0.06692738831043243,0.01607358641922474,-0.04565603286027908,-0.03768909350037575,0.03774747997522354,0.026338549330830574,-0.004839747212827206,0.015646345913410187,0.02487953007221222,-0.047934338450431824,-0.02632390707731247,-0.026796875521540642,-0.0007900892524048686,0.04354248195886612,-0.030539587140083313,0.00011666941281873733,-0.04790268465876579
-0.03475728631019592,0.07747509330511093,-0.04480821266770363,0.03060155175626278,0.08872677385807037,0.056085254997015,0.013676384463906288,0.01382556464523077,0.0011712722480297089,0.0072593227960169315,0.05184689536690712,0.09022266417741776,0.04188380762934685,0.06632449477910995,0.0700538381934166,0.06350687146186829,0.020206600427627563,0.0445222444832325,0.018389316275715828,-0.07571526616811752
0.007268563378602266,-0.024834034964442253,-0.030017893761396408,-0.03865386173129082,0.00656095752492547,-0.03331797197461128,0.027516143396496773,0.05246668681502342,-0.008246603421866894,-0.05196090042591095,-0.054902996867895126,-0.008166826330125332,-0.04021338373422623,0.005166144575923681,0.06492719054222107,0.06395181268453598,0.04700194671750069,0.06410151720046997,-0.04182695597410202,-0.07924109697341919
0.0350923128426075,-0.0054999771527945995,0.05458475649356842,0.07557281106710434,0.10605525970458984,-0.03587515652179718,-0.02940133586525917,-0.01037328876554966,0.00037156062899157405,-0.026746219024062157,-0.061295442283153534,0.03471163660287857,0.03738805279135704,-0.01932518556714058,0.06086914986371994,0.019704625010490417,-0.006094174459576607,-0.009756932035088539,0.03595081716775894,-0.04206081107258797
-0.02731637842953205,0.04185571148991585,0.04230108484625816,0.08256351202726364,0.11120995134115219,-0.03563572093844414,-0.04726788029074669,0.04959014058113098,0.007091503124684095,-0.032697830349206924,0.005096736364066601,0.042698100209236145,0.0026013765018433332,-0.01398075558245182,0.023838188499212265,0.07519669085741043,-0.04383758828043938,-0.000628746347501874,-0.01664217747747898,0.04932337999343872
0.011071601882576942,-0.02163918875157833,0.07309266179800034,0.057252515107393265,0.06676384806632996,-0.04011405631899834,-0.03528385981917381,0.03556742146611214,0.0674581229686737,-0.02628479339182377,0.015657899901270866,0.10725702345371246,-0.020049702376127243,0.03806842863559723,-0.024918727576732635,0.003740991000086069,-0.009950786828994751,0.052800651639699936,-0.05383516103029251,0.01393855083733797
-0.04717320576310158,0.06497394293546677,0.020466025918722153,-0.017055418342351913,0.12443944811820984,0.039927247911691666,0.019105779007077217,0.06816431134939194,0.0672360360622406,0.0017764412332326174,0.051362279802560806,-0.0017560346750542521,-0.073244109749794,0.07540001720190048,0.04697635769844055,-0.06050210818648338,0.008885720744729042,0.0703248456120491,0.050248242914676666,-0.027119001373648643
-0.08015788346529007,0.018028587102890015,-0.04853900894522667,0.07129126787185669,0.015854761004447937,-0.026331759989261627,-0.01881142519414425,0.028347833082079887,-0.036446452140808105,0.011830251663923264,-0.0405658558011055,0.09682375937700272,0.029059182852506638,-0.04164770618081093,-0.008306569419801235,-0.01310910563915968,0.05295160412788391,0.027621401473879814,0.033598098903894424,0.024929530918598175
0.011071601882576942,-0.02163918875157833,0.07309266179800034,0.057252515107393265,0.06676384806632996,-0.04011405631899834,-0.03528385981917381,0.03556742146611214,0.0674581229686737,-0.02628479339182377,0.015657899901270866,0.10725702345371246,-0.020049702376127243,0.03806842863559723,-0.024918727576732635,0.003740991000086069,-0.009950786828994751,0.052800651639699936,-0.05383516103029251,0.01393855083733797
-0.00012241512013133615,0.024704864248633385,-0.007017919328063726,-0.01693175546824932,0.07253580540418625,-0.011088249273598194,-0.03212187811732292,0.020172208547592163,-0.07165604084730148,-0.09238795936107635,0.04972890764474869,0.053230274468660355,-0.033292755484580994,0.025189552456140518,0.020035287365317345,0.042968105524778366,-0.06420622766017914,0.05906626954674721,-0.04123099520802498,-0.002862394554540515
-0.00012241512013133615,0.024704864248633385,-0.007017919328063726,-0.01693175546824932,0.07253580540418625,-0.011088249273598194,-0.03212187811732292,0.020172208547592163,-0.07165604084730148,-0.09238795936107635,0.04972890764474869,0.053230274468660355,-0.033292755484580994,0.025189552456140518,0.020035287365317345,0.042968105524778366,-0.06420622766017914,0.05906626954674721,-0.04123099520802498,-0.002862394554540515
-0.00012241512013133615,0.024704864248633385,-0.007017919328063726,-0.01693175546824932,0.07253580540418625,-0.011088249273598194,-0.03212187811732292,0.020172208547592163,-0.07165604084730148,-0.09238795936107635,0.04972890764474869,0.053230274468660355,-0.033292755484580994,0.025189552456140518,0.020035287365317345,0.042968105524778366,-0.06420622766017914,0.05906626954674721,-0.04123099520802498,-0.002862394554540515
0.051884207874536514,-0.014575265347957611,-0.021059177815914154,0.03233013302087784,0.0949961245059967,-4.629581599147059e-05,0.05819385498762131,0.02456575259566307,0.009577864781022072,0.014314391650259495,-0.023674461990594864,-0.026028357446193695,-0.03273118659853935,0.051938027143478394,0.08845514804124832,0.03677961230278015,-0.017667019739747047,-0.0061400774866342545,0.017021315172314644,0.03508792817592621
-0.047069452702999115,0.0061180684715509415,0.07548242807388306,0.020180366933345795,-0.02031085267663002,-0.008693535812199116,0.015066278167068958,-0.028145302087068558,-0.06693209707736969,-0.029989106580615044,4.218056710669771e-05,-0.001413471531122923,-0.045800019055604935,0.025002652779221535,0.024407723918557167,0.03308071941137314,0.07605373114347458,-0.02189234457910061,0.019006943330168724,0.007585508283227682
-0.019098427146673203,0.06646689027547836,0.022614741697907448,0.003973863553255796,0.07342495769262314,-0.055252332240343094,0.013827601447701454,-0.021026672795414925,-0.04366621375083923,-0.04024429991841316,0.06456122547388077,0.09094502031803131,-0.0010857825400307775,-0.004915694240480661,-0.029061999171972275,0.015037612058222294,-0.02958216518163681,-0.058916278183460236,-0.04273739457130432,-0.08330850303173065
0.031950660049915314,-0.031762197613716125,-0.037557218223810196,-0.037678979337215424,0.04931522533297539,-0.05899640917778015,-0.044797468930482864,0.026332110166549683,0.04684257134795189,0.01922624558210373,0.009445089846849442,-0.03241541609168053,-0.041953541338443756,-0.005110662430524826,0.03437444940209389,0.0013957578921690583,-0.04276985675096512,0.051330432295799255,0.04781847819685936,-0.010330800898373127
0.031950660049915314,-0.031762197613716125,-0.037557218223810196,-0.037678979337215424,0.04931522533297539,-0.05899640917778015,-0.044797468930482864,0.026332110166549683,0.04684257134795189,0.01922624558210373,0.009445089846849442,-0.03241541609168053,-0.041953541338443756,-0.005110662430524826,0.03437444940209389,0.0013957578921690583,-0.04276985675096512,0.051330432295799255,0.04781847819685936,-0.010330800898373127
0.031950660049915314,-0.031762197613716125,-0.037557218223810196,-0.037678979337215424,0.04931522533297539,-0.05899640917778015,-0.044797468930482864,0.026332110166549683,0.04684257134795189,0.01922624558210373,0.009445089846849442,-0.03241541609168053,-0.041953541338443756,-0.005110662430524826,0.03437444940209389,0.0013957578921690583,-0.04276985675096512,0.051330432295799255,0.04781847819685936,-0.010330800898373127
0.031950660049915314,-0.031762197613716125,-0.037557218223810196,-0.037678979337215424,0.04931522533297539,-0.05899640917778015,-0.044797468930482864,0.026332110166549683,0.04684257134795189,0.01922624558210373,0.009445089846849442,-0.03241541609168053,-0.041953541338443756,-0.005110662430524826,0.03437444940209389,0.0013957578921690583,-0.04276985675096512,0.051330432295799255,0.04781847819685936,-0.010330800898373127
-0.07292409241199493,0.008431529626250267,-0.03502871096134186,-0.04485287517309189,0.097105011343956,0.06740573793649673,-0.048729293048381805,-0.05770038440823555,0.0632888674736023,0.03258340433239937,-0.012217843905091286,0.05982833728194237,0.019296349957585335,0.08004506677389145,-0.022898422554135323,-0.04165332019329071,-0.020699165761470795,-0.004911645315587521,-0.00803284626454115,0.009440688416361809
-0.07292409241199493,0.008431529626250267,-0.03502871096134186,-0.04485287517309189,0.097105011343956,0.06740573793649673,-0.048729293048381805,-0.05770038440823555,0.0632888674736023,0.03258340433239937,-0.012217843905091286,0.05982833728194237,0.019296349957585335,0.08004506677389145,-0.022898422554135323,-0.04165332019329071,-0.020699165761470795,-0.004911645315587521,-0.00803284626454115,0.009440688416361809
-0.07292409241199493,0.008431529626250267,-0.03502871096134186,-0.04485287517309189,0.097105011343956,0.06740573793649673,-0.048729293048381805,-0.05770038440823555,0.0632888674736023,0.03258340433239937,-0.012217843905091286,0.05982833728194237,0.019296349957585335,0.08004506677389145,-0.022898422554135323,-0.04165332019329071,-0.020699165761470795,-0.004911645315587521,-0.00803284626454115,0.009440688416361809
-0.08035299926996231,0.004723503720015287,0.042060356587171555,-0.006774336565285921,0.11978157609701157,-0.02217390015721321,0.017860470339655876,0.025462334975600243,0.03151266276836395,0.026608645915985107,-0.03356397524476051,0.09022027999162674,0.014652052894234657,0.045691367238759995,0.00889355968683958,0.0012610945850610733,0.009293385781347752,0.05688867345452309,0.07018957287073135,-0.08000051230192184
-0.07537215203046799,0.04589397832751274,-0.058900222182273865,-0.05351444333791733,0.021375905722379684,0.05144535377621651,0.00014890158490743488,0.0275728739798069,0.03830675035715103,0.024760786443948746,0.052986085414886475,-0.027494799345731735,-0.048905257135629654,-0.01911068707704544,0.052962157875299454,-0.027546318247914314,-0.000343472755048424,0.04095437750220299,-0.03502018004655838,0.004942361731082201
-0.07552286237478256,0.013359805569052696,0.05655643343925476,-0.01843913458287716,0.12285695970058441,-0.02691124752163887,0.03194345533847809,-0.04835451394319534,-0.013394116424024105,-0.023729238659143448,0.060042306780815125,0.04182545468211174,0.025785453617572784,-0.019873101264238358,0.10097354650497437,-0.04477832466363907,-0.0004672653740271926,0.05048370733857155,-0.014226356521248817,0.04699612408876419
0.016215883195400238,0.06626664847135544,-0.01553543284535408,0.007438665255904198,0.11410121619701385,0.03707468882203102,-0.049464114010334015,-0.07309219986200333,0.02050871215760708,-0.008055106736719608,-0.005985809024423361,-0.03302399814128876,-0.02213510498404503,-0.028588049113750458,-0.004921109415590763,-0.019805794581770897,0.03399372100830078,0.024580927565693855,-0.046287115663290024,0.0025200473610311747
-0.052645523101091385,-0.019595451653003693,0.05359696224331856,-0.02328883856534958,0.060823023319244385,-0.05175473913550377,-0.025530576705932617,0.018112225458025932,0.038570720702409744,0.0040481239557266235,0.030063049867749214,-0.04477676749229431,-0.05731882527470589,0.030840329825878143,0.0044668735936284065,0.08181492239236832,0.059625573456287384,-0.07088512182235718,0.032626401633024216,0.03630661219358444
-0.06639667600393295,0.019839974120259285,0.004076103214174509,-0.05216405168175697,0.11432252824306488,-0.014102570712566376,-0.03780962526798248,-0.020543310791254044,-0.05030273273587227,-0.011027388274669647,-0.06143493950366974,-0.0014274503337219357,0.028062952682375908,-0.011345754377543926,0.09382618218660355,0.07317301630973816,0.0819142758846283,0.011690777726471424,0.03217072784900665,-0.023468585684895515
0.04568345099687576,0.026988325640559196,0.02288803830742836,-0.039516381919384,0.09544868767261505,-0.02519296109676361,0.04541213810443878,-0.04057663306593895,0.005048504564911127,0.03632156178355217,-0.031345851719379425,0.07111498713493347,-0.03591354563832283,-0.03168453648686409,0.058928024023771286,-0.031083913519978523,0.04406890273094177,-0.035526953637599945,0.014862711541354656,0.04380957409739494
0.02038797177374363,0.036968473345041275,-0.015690812841057777,-0.019752556458115578,-0.007559333927929401,0.017306484282016754,0.04174252599477768,-0.06483129411935806,0.016737421974539757,-0.060698360204696655,0.06037887558341026,0.0429864302277565,0.06282369792461395,0.09012842923402786,0.04320785030722618,-0.04404193535447121,-0.05401851236820221,0.016351724043488503,0.019069049507379532,0.02189495600759983
-0.05905972421169281,0.021832427009940147,0.06769787520170212,0.025071920827031136,-0.0070410133339464664,-0.06901472061872482,-0.03293757513165474,0.0013493021251633763,-0.018464267253875732,0.018792858347296715,-0.02253812737762928,0.09528876096010208,-0.04225689545273781,0.09489854425191879,0.02838112972676754,0.027695899829268456,-0.04943986237049103,-0.028669040650129318,-0.030642664059996605,-0.048795007169246674
0.04314330220222473,0.05416763946413994,-0.01702081225812435,0.02343197539448738,0.0720057487487793,-0.0038843483198434114,-0.008078210055828094,-0.01212884671986103,0.05361604318022728,-0.042136069387197495,0.044822242110967636,0.03876235708594322,-0.0236735250800848,-0.00012357810919638723,0.07070213556289673,0.05396146699786186,-0.03834347799420357,-0.014606800861656666,-0.0486244298517704,0.00698930723592639
-0.01019334141165018,-0.012560304254293442,-0.029336122795939445,-0.003864982398226857,-0.0010025623487308621,-0.05956033617258072,-0.007607704494148493,-0.043802350759506226,-0.020503858104348183,-0.08866696059703827,0.04838429018855095,0.017095258459448814,0.05890907347202301,-0.03833359479904175,0.034026529639959335,-0.001972547499462962,-0.057908572256565094,0.06724782288074493,0.014247054234147072,0.05184243619441986
-0.01019334141165018,-0.012560304254293442,-0.029336122795939445,-0.003864982398226857,-0.0010025623487308621,-0.05956033617258072,-0.007607704494148493,-0.043802350759506226,-0.020503858104348183,-0.08866696059703827,0.04838429018855095,0.017095258459448814,0.05890907347202301,-0.03833359479904175,0.034026529639959335,-0.001972547499462962,-0.057908572256565094,0.06724782288074493,0.014247054234147072,0.05184243619441986
0.013767488300800323,0.05658850818872452,0.06460542231798172,0.003141280496492982,0.09318796545267105,-4.827277371077798e-05,0.056364506483078,-0.0334351621568203,-0.015284028835594654,-0.08501024544239044,0.03653014451265335,0.0648394525051117,0.05415244773030281,0.06560524553060532,-0.03793933242559433,-0.04030066356062889,-0.04882027208805084,0.04021797329187393,0.06322995573282242,-0.0581352524459362
0.018546126782894135,0.04384550079703331,0.06481769680976868,-0.02750394679605961,0.0372556634247303,0.05355939269065857,-0.012902475893497467,-0.06085388362407684,-0.031048014760017395,0.026027480140328407,0.07687080651521683,0.04793901368975639,0.05646216496825218,-0.023822762072086334,0.019669609144330025,-0.02554025873541832,-0.011282255873084068,-0.011068067513406277,-0.05281716212630272,-0.044700972735881805
0.010224217548966408,0.04640079662203789,0.00673581101000309,0.0822107121348381,0.060535646975040436,0.022365378215909004,0.0211953017860651,0.05019748955965042,0.007820287719368935,0.020586086437106133,-0.01613267883658409,-0.013815049082040787,0.04013652354478836,0.033826474100351334,0.08055229485034943,-0.03160611912608147,0.07564814388751984,-0.06376884877681732,-0.0017482447437942028,-0.04692596569657326
-0.07658073306083679,-0.008778893388807774,0.07356070727109909,0.03244369104504585,-0.012486126273870468,-0.01346934400498867,-0.04038269817829132,0.03887933865189552,0.027000362053513527,0.015152628533542156,-0.03556353226304054,-0.022181713953614235,0.062454380095005035,0.054062619805336,0.08623091131448746,-0.013918764889240265,-0.04737731069326401,0.07212827354669571,0.0573335625231266,-0.060286108404397964
0.05055461451411247,0.056911930441856384,-0.0037059239111840725,0.014541850425302982,0.11168033629655838,-0.009114444255828857,-0.04201558232307434,0.01648869179189205,-0.030802473425865173,-0.07960278540849686,0.00669126957654953,0.000960877223405987,-0.041235920041799545,0.08793620765209198,0.03704897314310074,0.05797657370567322,0.0015559418825432658,0.06640046089887619,-0.049044229090213776,-0.08665459603071213
-0.03242827206850052,0.06872250884771347,0.009400385431945324,0.07901304960250854,0.003332428401336074,-0.019162273034453392,0.012566229328513145,0.03569943830370903,-0.0035497802309691906,-0.0270452331751585,0.04060767590999603,0.025180688127875328,0.05262129753828049,0.07949194312095642,0.060859620571136475,-0.006760003045201302,-0.00538310781121254,-0.004318085499107838,0.07185962051153183,0.02779100462794304
0.04607435315847397,-0.035796988755464554,-0.053734201937913895,-0.04270219802856445,0.10843853652477264,-0.02770519070327282,0.02577018551528454,-0.010108357295393944,-0.051424916833639145,-0.09842462092638016,-0.05980014055967331,0.06254860758781433,0.06933160126209259,-0.002463303506374359,0.09777217358350754,-0.014048969373106956,-0.015286598354578018,0.03703250363469124,0.023196378722786903,-0.009988298639655113
0.0001944789255503565,0.0716322585940361,-0.0030204777140170336,-0.023312091827392578,0.1205216497182846,-0.02386823110282421,0.0014457324286922812,-0.005782296881079674,0.0005682725459337234,-0.0429869182407856,0.07474642992019653,0.024912631139159203,0.05096816644072533,0.023842472583055496,-0.0357268787920475,-0.028663070872426033,-0.058543648570775986,-0.05513938516378403,-0.021768443286418915,0.03080623410642147
-0.034913886338472366,-0.04274631291627884,0.062284331768751144,0.029181674122810364,0.11903581023216248,-0.057970840483903885,-0.037788767367601395,0.050532493740320206,-0.007532372139394283,-0.014187690801918507,0.07415192574262619,0.08482088893651962,0.05670180544257164,0.07052194327116013,0.046475205570459366,-0.02290557324886322,0.023074056953191757,0.01902104541659355,0.0768013671040535,0.008941088803112507
-0.06887445598840714,-0.019002391025424004,0.08474866300821304,0.0347539521753788,0.012249351479113102,0.016773317009210587,0.03987659513950348,0.04921542480587959,0.048671480268239975,-0.07950496673583984,-0.03959649056196213,0.08263322710990906,-0.0013754427200183272,0.07148431986570358,-0.03208888694643974,-0.05183396115899086,-0.04078293591737747,0.052467864006757736,0.06835884600877762,-0.07731623202562332
-0.06189383938908577,0.04122084751725197,0.07214173674583435,0.014190509915351868,0.059871453791856766,0.009783380664885044,-0.003678449895232916,-0.03682276979088783,-0.03271390125155449,-0.0038480847142636776,0.05841531604528427,-0.03498585522174835,-0.031824927777051926,-0.02204926125705242,0.05205947905778885,0.0004812463012058288,0.012927067466080189,0.03214280679821968,0.0017389938002452254,0.009132716804742813
-0.011719418689608574,-0.017614150419831276,-0.004760831128805876,-0.01707546040415764,0.11391513794660568,0.03009682334959507,-0.061484549194574356,-0.004622274078428745,-0.05769575387239456,-0.014599357731640339,-0.02227495051920414,0.09705868363380432,-0.006524717900902033,-0.02992846630513668,-0.00491242716088891,-0.020753629505634308,0.022524138912558556,0.02542462944984436,-0.017535105347633362,-0.022911500185728073
0.03213969245553017,0.024267105385661125,-0.035218145698308945,0.05432163178920746,0.0017125355079770088,-0.0292347501963377,-0.06833495199680328,-0.05224268510937691,0.038568831980228424,-0.012429293245077133,-0.029057743027806282,-0.013608540408313274,0.031750891357660294,-0.01594943180680275,0.07358880341053009,0.06954147666692734,-0.011702233925461769,0.03187837079167366,0.04402296245098114,-0.015849454328417778
-0.020224912092089653,-0.030626686289906502,0.07727701216936111,0.0053779748268425465,-0.011436233296990395,-0.00025495165027678013,-0.07547425478696823,0.009906381368637085,-0.008683640509843826,-0.03726699948310852,0.01578640192747116,0.031095772981643677,0.038059014827013016,0.043704453855752945,-0.04528321698307991,-0.025443652644753456,-0.03496454283595085,0.06505120545625687,-0.027689965441823006,-0.0459698811173439
-0.056816086173057556,-0.05106889829039574,0.06301892548799515,0.08545966446399689,0.04952552169561386,0.0231042318046093,0.047241974622011185,0.06359630823135376,-0.03869561478495598,-0.025321058928966522,0.0689460039138794,0.07380920648574829,-0.015521966852247715,0.060387179255485535,-0.026467716321349144,-0.00020783643412869424,-0.00911791529506445,0.035470910370349884,-0.004694843664765358,0.05195576325058937
0.050556730479002,0.0685698539018631,-0.05647530034184456,-0.013961968012154102,-0.010566393844783306,-0.04382551088929176,-0.013116546906530857,-0.03318113833665848,-0.07303792983293533,0.027066582813858986,0.014742378145456314,0.06933866441249847,-0.06277401000261307,-0.013224792666733265,0.08090249449014664,0.022398045286536217,0.060106318444013596,-0.0661826878786087,0.0005519348778761923,-0.048733778297901154
-0.0246940515935421,0.0741983950138092,0.05201936140656471,0.024262061342597008,0.02400924079120159,-0.05399507284164429,-0.055890291929244995,0.06728256493806839,-0.07037536799907684,-0.008596742525696754,-0.011672179214656353,0.0662340596318245,-0.045434899628162384,-0.014629263430833817,-0.026254801079630852,0.05948853865265846,-0.03941544517874718,-0.05063167214393616,-0.027003459632396698,-0.04556601867079735
-0.0246940515935421,0.0741983950138092,0.05201936140656471,0.024262061342597008,0.02400924079120159,-0.05399507284164429,-0.055890291929244995,0.06728256493806839,-0.07037536799907684,-0.008596742525696754,-0.011672179214656353,0.0662340596318245,-0.045434899628162384,-0.014629263430833817,-0.026254801079630852,0.05948853865265846,-0.03941544517874718,-0.05063167214393616,-0.027003459632396698,-0.04556601867079735
-0.012291948311030865,0.027214055880904198,-0.023249611258506775,0.06949779391288757,-0.01579328253865242,0.03891301155090332,-0.014884362928569317,-0.0027969342190772295,0.03825271502137184,0.024384446442127228,-0.011056909337639809,0.10561515390872955,0.023008478805422783,0.01572423428297043,0.02523207664489746,-0.04454784467816353,-0.012414131313562393,-0.028451653197407722,-0.03277675062417984,-0.02667151764035225
-0.05888986214995384,0.025055959820747375,0.04668105021119118,0.07371853291988373,0.1055120900273323,-0.037117376923561096,0.021680818870663643,-0.06490125507116318,0.044014472514390945,-0.04580176621675491,-0.06396587193012238,-0.022422093898057938,-0.055829014629125595,0.07105805724859238,-0.041298627853393555,0.06331547349691391,-0.0005647384095937014,-0.007832578383386135,0.04758641868829727,-0.09805270284414291
0.0413888543844223,0.06767202168703079,-0.042110931128263474,-0.054090168327093124,0.1293511986732483,-0.023909220471978188,-0.05823710933327675,0.018088772892951965,-0.056393422186374664,-0.06948103755712509,0.028312424197793007,0.044291384518146515,-0.01323992945253849,0.0072975000366568565,0.002043167594820261,-0.05468371510505676,-0.018731115385890007,0.03688088059425354,0.053668320178985596,-0.05147499591112137
-0.02534383535385132,0.030876440927386284,0.06270299106836319,-0.03120327927172184,0.015597095713019371,0.01804281771183014,-0.02985410764813423,-0.035149723291397095,-0.05911102890968323,-0.08931199461221695,-0.03221697732806206,0.07513157278299332,0.05105749890208244,-0.017001792788505554,0.028440752997994423,0.017446180805563927,-0.022996148094534874,-0.06117365509271622,0.038282204419374466,-0.05627311021089554
-0.07443076372146606,-0.039001625031232834,-0.0661054328083992,0.07982581853866577,0.014479661360383034,-0.06858930736780167,-0.009081241674721241,0.0789068266749382,-0.05943416431546211,-0.057316724210977554,0.049667734652757645,-0.012700715102255344,-0.04071419686079025,0.07393587380647659,0.030446968972682953,-0.036584313958883286,0.05034396052360535,-0.05784619227051735,-0.03695877268910408,0.04571887105703354
-0.06631642580032349,0.035200003534555435,-0.014561044983565807,0.015612928196787834,0.061811886727809906,-0.02199000120162964,0.03044883720576763,0.06735043227672577,-0.07212622463703156,0.00551386084407568,-0.034227803349494934,-0.022571267560124397,0.02087228000164032,0.0651950016617775,0.003057901281863451,0.05199149623513222,-0.04595566540956497,0.028734270483255386,0.07222789525985718,-0.025792699307203293
0.02190054953098297,0.07008444517850876,0.03616148233413696,0.057496484369039536,0.11500879377126694,0.036517880856990814,0.016747625544667244,0.00532488152384758,-0.04658591374754906,-0.07886369526386261,-0.0222539734095335,0.026260454207658768,0.0031973274890333414,-0.0180092491209507,0.026219721883535385,0.04875534400343895,-0.021343698725104332,0.043441738933324814,-0.0022253734059631824,-0.07236276566982269
0.00942015741020441,-0.05349774658679962,0.03830857574939728,0.03236319497227669,0.03469075262546539,-0.004694179631769657,0.005868974607437849,0.02318078652024269,0.05074326694011688,-0.08651632815599442,0.02163759246468544,0.06710871309041977,-0.03289354220032692,-0.01586454175412655,0.05240025743842125,-0.025320712476968765,0.0075661418959498405,-0.05928735435009003,-0.00803940836340189,0.018163321539759636
0.030946461483836174,-0.026920951902866364,-0.03235379606485367,0.0781385526061058,0.11246617883443832,0.03639524430036545,-0.06451847404241562,0.007674523163586855,-0.061468299478292465,-0.03717617690563202,0.07264203578233719,-0.023296911269426346,0.04135825112462044,0.05856439843773842,0.08873341232538223,0.06410107761621475,-0.06459901481866837,-0.05329369753599167,-0.01860824041068554,-0.03340359777212143
-0.017478173598647118,-0.024578481912612915,0.07818551361560822,-0.049849215894937515,0.05975067615509033,-0.029973581433296204,-0.031852081418037415,-0.0011494167847558856,0.01422753557562828,-0.07630951702594757,-0.05870824679732323,0.07756508886814117,0.03150954470038414,-0.029257766902446747,-0.012427150271832943,0.06410855054855347,-0.03617788106203079,0.06460700929164886,0.05107447877526283,-0.06555459648370743
-0.016200490295886993,-0.014123033732175827,-8.995532698463649e-05,0.06404488533735275,0.12032709270715714,-0.026568258181214333,0.04416104778647423,0.023624662309885025,-0.04093361645936966,-0.02188115008175373,-0.02069034054875374,0.0770549550652504,0.0023533892817795277,0.013670617714524269,0.07942724972963333,0.06948317587375641,0.057639285922050476,0.02577631175518036,0.032668791711330414,-0.001025270321406424
-0.027120161801576614,0.05905548483133316,0.0719047412276268,-0.02452593296766281,0.09425380080938339,0.015614558011293411,-0.0021305340342223644,0.0023343346547335386,-0.054407551884651184,-0.0700078159570694,0.05986544117331505,0.09517442435026169,0.0370677225291729,0.09198575466871262,0.055928993970155716,-0.03970498591661453,0.03705243021249771,-0.03235016018152237,0.014625577256083488,-0.06779734045267105
-0.06836896389722824,0.019976818934082985,-0.057167500257492065,-0.05554061755537987,0.09213943034410477,-0.061142563819885254,0.015722041949629784,0.05039010941982269,0.008259613066911697,0.006359659601002932,0.05984604358673096,-0.02905060537159443,0.03707381337881088,0.07695083320140839,0.011324134655296803,-0.045803252607584,-0.0043840305879712105,-0.0021596024744212627,-0.006660644896328449,-0.026548583060503006
-0.017069844529032707,0.04339217767119408,-0.031570106744766235,0.02631833404302597,0.08224871754646301,-0.05404681712388992,-0.06800134479999542,-0.0442952886223793,-0.02334006130695343,-0.09049344062805176,-0.048439670354127884,0.023111963644623756,-0.018622852861881256,-0.00942541565746069,0.04329132288694382,0.006262669339776039,-0.022125544026494026,-0.023528410121798515,0.07246220856904984,-0.051032546907663345
-0.0788525715470314,-0.056649114936590195,0.044814545661211014,-0.015535382553935051,0.06497585773468018,0.05263008549809456,-0.022664489224553108,0.060696523636579514,-0.06005464121699333,-0.08021648973226547,0.030401082709431648,-0.035984475165605545,0.014151476323604584,-0.03533633425831795,0.025735920295119286,0.06123695522546768,0.03629850596189499,-0.057694923132658005,0.04614606499671936,-0.026081955060362816
0.04212133586406708,0.05222031846642494,0.043179892003536224,-0.013612092472612858,0.09079261124134064,-0.036393340677022934,-0.07781890779733658,-0.006899501197040081,0.022694436833262444,-0.10601260513067245,-0.024592161178588867,0.036515012383461,-0.03009333647787571,-0.016423646360635757,0.030689924955368042,-0.037789296358823776,-0.01958991028368473,0.0042782858945429325,0.02190205454826355,-0.07442685961723328
0.0028470042161643505,-0.05778505653142929,0.04550129547715187,0.057656921446323395,0.10559064149856567,-0.047551944851875305,0.04812243953347206,0.03089216724038124,-0.014047062955796719,0.008462070487439632,-0.055842325091362,0.060734547674655914,0.05204913392663002,0.04008910804986954,-0.002615874633193016,0.016315367072820663,0.06417277455329895,0.02841056138277054,0.029883386567234993,0.042656637728214264
0.013552142307162285,0.008047159761190414,-0.01309121586382389,0.07673914730548859,0.050627972930669785,0.013357284478843212,0.00938060600310564,0.0721018835902214,-0.06337612867355347,0.006211414001882076,0.018748218193650246,0.006976117845624685,-0.015585902146995068,0.03238197788596153,0.023327583447098732,-0.04787292703986168,0.025440506637096405,-0.012930059805512428,0.02923448383808136,0.03984782099723816
-0.08295462280511856,-0.0310610830783844,0.01819847896695137,0.08253773301839828,0.06676404923200607,-0.04876115173101425,-0.013955475762486458,0.010443003848195076,0.04055464640259743,0.03322358801960945,-0.0564335361123085,0.04701093211770058,-0.004273120313882828,0.06001819297671318,0.002939892001450062,0.00050889584235847,0.06692963093519211,-0.05690985545516014,-0.07035689800977707,-0.06758154183626175
-0.05552235245704651,-0.03415527567267418,0.07743340730667114,-0.0420958586037159,0.08617817610502243,0.03387518227100372,-0.04546036571264267,-0.004197753965854645,-0.01754964143037796,-0.00199552858248353,0.030527718365192413,-0.030011717230081558,-0.03175382688641548,-0.011529252864420414,-0.008128552697598934,0.006110270507633686,-0.016324736177921295,-0.033418670296669006,0.03376422077417374,0.02520677074790001
-0.056963734328746796,0.04982433095574379,-0.005438541527837515,-0.04687954857945442,0.1313869208097458,0.042685795575380325,0.05384029075503349,0.06722000986337662,0.05529215559363365,0.006730088032782078,0.056261029094457626,-0.02481534332036972,0.03995753824710846,-0.017785321921110153,0.018862010911107063,-0.0038316790014505386,-0.014025364071130753,0.029576461762189865,-0.027888819575309753,0.027556048706173897
-0.04799097403883934,-0.06330253928899765,-0.0436701662838459,-0.012922156602144241,0.12695088982582092,0.008298172615468502,-0.01745258830487728,-0.022750528529286385,-0.021837608888745308,-0.07050585746765137,0.03337758034467697,0.0749346986413002,0.04415756091475487,-0.023926448076963425,0.005350480321794748,0.028100252151489258,0.03157547861337662,0.0009765855502337217,0.02429698407649994,0.04286239296197891
0.02224108949303627,0.06154051050543785,-0.04310540854930878,0.07897132635116577,0.014117484912276268,-0.0388476587831974,0.0606650672852993,0.000814698520116508,0.0011096735252067447,0.026105418801307678,0.038729459047317505,0.0539456307888031,-0.04853616654872894,0.060877300798892975,0.013028212822973728,-0.02204533852636814,-0.04042483866214752,0.05864887684583664,0.01453966274857521,-0.058661818504333496
-0.0027539138682186604,0.056647539138793945,-0.04329920560121536,0.0733083039522171,-0.010418862104415894,-0.0008942667045630515,-0.001973020378500223,-0.021805159747600555,-0.059664998203516006,-0.03555247187614441,0.06474598497152328,0.042577050626277924,-0.005147279240190983,0.09189242124557495,0.04566466808319092,-0.0056235333904623985,-0.003978253807872534,-0.02421848475933075,0.02794904075562954,0.05928138270974159
-0.057061150670051575,0.07217701524496078,-0.000858557817991823,-0.055144913494586945,0.09645850211381912,0.043935377150774,0.040184661746025085,-0.0001004357254714705,-0.006205313839018345,0.01409052312374115,-0.04593157023191452,0.04126209765672684,-0.0009062906028702855,0.058618225157260895,0.05220947787165642,0.05046501383185387,0.012359178625047207,0.068222276866436,0.012170490808784962,-0.012948056682944298
0.0002772477164398879,0.05878615006804466,-0.01305551640689373,-0.018053213134407997,0.11457743495702744,0.01754166930913925,-0.019810667261481285,0.05347156897187233,0.05312860757112503,-0.07445872575044632,-0.008129394613206387,0.003923628944903612,0.06013976410031319,0.07029727101325989,0.012591118924319744,0.05865311995148659,0.06986339390277863,0.0446862131357193,0.001938339788466692,-0.08393651247024536
-0.04559287428855896,-0.06739356368780136,-0.020356640219688416,0.029937852174043655,0.090664803981781,0.03553399816155434,0.01370403915643692,0.06865144520998001,-0.019641604274511337,-0.09093714505434036,0.07512364536523819,0.02667640708386898,0.04518089070916176,0.03306334838271141,0.0862344354391098,-0.034880317747592926,-0.006861869711428881,-0.02018338069319725,-0.040717244148254395,-3.912969259545207e-05
-0.06772720813751221,0.06079939380288124,-0.021885229274630547,0.03230876103043556,-0.016615750268101692,-0.0161258764564991,0.05080481991171837,-0.04852475970983505,0.04305535554885864,-0.07009940594434738,0.006788673344999552,0.09493789821863174,-0.04085396230220795,0.012164193205535412,-0.031529225409030914,-0.029728611931204796,0.07030931860208511,-0.037011560052633286,0.06734098494052887,-0.07215864956378937
0.030167147517204285,-0.01117191556841135,0.023491110652685165,-0.05303996801376343,0.08605095744132996,-0.02041659504175186,0.02384018711745739,0.036478567868471146,0.044483575969934464,-0.009543398395180702,0.008972453884780407,0.0015963420737534761,-0.07253752648830414,0.04863203316926956,-0.020777426660060883,-0.03208160772919655,-0.019465040415525436,-0.034485261887311935,-0.05134483799338341,-0.02872779779136181
-0.044047337025403976,0.0057374280877411366,0.0709233209490776,0.07355353981256485,0.05547527223825455,0.022572070360183716,0.03549496829509735,0.04746270179748535,-0.012672859244048595,0.031742457300424576,0.05374964326620102,0.02584538795053959,-0.035602111369371414,0.0038728786166757345,0.046909209340810776,-0.04936610162258148,-0.05578022077679634,-0.06687518209218979,0.005208861082792282,-0.05669922009110451
-0.044047337025403976,0.0057374280877411366,0.0709233209490776,0.07355353981256485,0.05547527223825455,0.022572070360183716,0.03549496829509735,0.04746270179748535,-0.012672859244048595,0.031742457300424576,0.05374964326620102,0.02584538795053959,-0.035602111369371414,0.0038728786166757345,0.046909209340810776,-0.04936610162258148,-0.05578022077679634,-0.06687518209218979,0.005208861082792282,-0.05669922009110451
-0.03273499757051468,-0.03705800324678421,-0.03167024999856949,-0.061282046139240265,0.07050185650587082,-0.062102921307086945,0.0030643329955637455,-0.010591411963105202,0.03403797000646591,-0.08910436183214188,-0.0668816789984703,0.009817177429795265,0.06659567356109619,0.028251610696315765,0.031925514340400696,0.055096372961997986,0.0210945475846529,0.041420333087444305,0.04984861612319946,-0.04115510359406471
-0.08950822800397873,-0.011219790205359459,0.035290271043777466,-0.04351905360817909,0.08210326731204987,0.03432760387659073,0.05859186872839928,0.06832818686962128,-0.045817043632268906,-0.033405549824237823,-0.05895174667239189,0.09403776377439499,-0.04721986874938011,-0.008937615901231766,0.041990939527750015,0.04161129891872406,0.022437959909439087,-0.0749097466468811,0.0647975355386734,0.0413106344640255
-0.07135847210884094,-0.01578935794532299,-0.047761593014001846,0.028522511944174767,0.002158053684979677,0.046045880764722824,0.06159791722893715,0.002346694702282548,-0.01603224128484726,-0.04711182415485382,0.024705711752176285,0.07844702899456024,0.050446826964616776,0.030687229707837105,-0.01245230995118618,-0.05572589859366417,0.06621042639017105,0.07428847998380661,0.025453047826886177,0.03183984011411667
0.05634623393416405,0.0637417808175087,-0.05569944903254509,0.008799967356026173,0.028594709932804108,-0.03138749301433563,0.02041437290608883,-0.04136131703853607,0.036675676703453064,-0.057934995740652084,-0.02644708752632141,0.0364958830177784,-0.040730737149715424,0.06577523052692413,0.02466540038585663,-0.025884533300995827,0.04105444997549057,-0.008271558210253716,-0.01883005164563656,-0.019481875002384186
-0.053731635212898254,-0.04966450855135918,-0.023205040022730827,0.032948944717645645,0.08859701454639435,0.0004227988829370588,-0.043133340775966644,-0.04938726872205734,0.010639997199177742,0.0023351639974862337,0.03932015597820282,0.011485161259770393,-0.04048077389597893,0.012490971945226192,0.015570143237709999,0.06682340800762177,0.011523332446813583,0.05738119035959244,-0.03702787309885025,-0.003905287943780422
0.0012662358349189162,-0.05853082612156868,0.008241737261414528,0.0036868127062916756,0.038508929312229156,0.054932672530412674,-0.05272291600704193,0.0003213020390830934,-0.05969906970858574,-0.06921357661485672,-0.0005036210059188306,-0.03658108785748482,-0.0036426542792469263,0.054466310888528824,0.026956861838698387,-0.0482821986079216,0.02569766901433468,0.06916067749261856,0.007543772459030151,0.012384566478431225
-0.009919078089296818,0.007122259121388197,-0.04873732849955559,-0.03627936914563179,0.03840110823512077,-0.04894879460334778,-0.04641377925872803,0.03798087686300278,0.055904727429151535,-0.007284468039870262,-0.0403616763651371,0.07964584976434708,-0.05276108533143997,-0.025226730853319168,-0.025073371827602386,-0.021388238295912743,-0.05378125607967377,-0.009674463421106339,-0.00033953500678762794,-0.03785310685634613
-0.01386985182762146,-0.04514680430293083,-0.0065650432370603085,-0.0008493770146742463,0.08730937540531158,-0.03157263994216919,0.04597732052206993,-0.02182582952082157,0.03789724037051201,-0.0027124634943902493,0.011816313490271568,-0.01575819030404091,0.04726891592144966,0.08259282261133194,0.03293841704726219,0.04894370213150978,0.06235246732831001,-0.0039442176930606365,-0.04131334275007248,0.032232679426670074
0.04305964335799217,-0.060613133013248444,0.08188558369874954,0.058967385441064835,0.01863114908337593,-0.04792872071266174,0.038185425102710724,0.048447661101818085,0.02946522831916809,-0.10508587956428528,-0.06076478585600853,0.035249050706624985,-0.0057935514487326145,-0.004401777405291796,-0.004387395456433296,0.012029563076794147,0.038317758589982986,-0.04170530289411545,-0.0027916813269257545,-0.053444720804691315
-0.0713261291384697,-0.0139289116486907,0.06370317935943604,-0.027394069358706474,0.045605793595314026,0.043406881392002106,-0.02400260418653488,0.017581483349204063,-0.034561559557914734,0.010095248930156231,0.013198993168771267,-0.01846102811396122,0.053256697952747345,-0.044597938656806946,0.07019031047821045,0.042978547513484955,-0.00852193869650364,0.05527026578783989,0.0020610711071640253,0.048203885555267334
-0.05803913250565529,0.0419684574007988,0.03962722420692444,0.01003044843673706,0.04000804200768471,-0.03459179028868675,0.047002408653497696,0.06226590648293495,-0.0013267056783661246,-0.07058406621217728,0.06064778193831444,0.049742888659238815,0.02593804895877838,0.08782017230987549,0.06621836125850677,-0.03914235904812813,0.07258979976177216,0.06531781703233719,-0.029631011188030243,0.005783533211797476
-0.02049877494573593,-0.021835826337337494,0.033071450889110565,0.014035987667739391,0.030006946995854378,0.06226811930537224,-0.02803146094083786,-0.009264713153243065,-0.035489726811647415,0.011468801647424698,-0.012714596465229988,-0.00962174590677023,-0.031243572011590004,0.0798947736620903,0.09130534529685974,0.054279156029224396,-0.003611199092119932,-0.02728971838951111,-0.044487956911325455,-0.05115222930908203
0.018114352598786354,-0.01839189976453781,0.07737793028354645,-0.028226889669895172,0.005470209289342165,0.044336237013339996,-0.01730027236044407,0.046985894441604614,0.016343742609024048,0.02604227140545845,-0.0007197964587248862,0.06100407615303993,0.011659706011414528,-0.008906044997274876,0.031172746792435646,-0.0644451454281807,0.038209524005651474,0.04857683926820755,-0.03391493111848831,0.05144835636019707
0.011452621780335903,0.053222186863422394,-0.03180257976055145,0.07344062626361847,-0.00025075068697333336,0.07100874930620193,0.0595538392663002,0.04425247386097908,0.04135051742196083,-0.09108197689056396,-0.02108277566730976,-0.049352243542671204,0.05443406477570534,-0.016776109114289284,-0.011020024307072163,-0.012843682430684566,0.04334625229239464,0.02791081927716732,-0.046201229095458984,0.01890961453318596
-0.025540687143802643,-0.0609426386654377,0.08033090829849243,-0.005076280795037746,0.03729160130023956,-0.02549799159169197,-0.0388532429933548,-0.03427710011601448,0.04300767183303833,-0.027078751474618912,-0.03170207515358925,0.03659173101186752,-0.021532509475946426,-0.009850755333900452,-0.007861986756324768,0.06480025500059128,0.053725775331258774,-0.04982950538396835,-0.06236186623573303,0.02792605571448803
-0.025540687143802643,-0.0609426386654377,0.08033090829849243,-0.005076280795037746,0.03729160130023956,-0.02549799159169197,-0.0388532429933548,-0.03427710011601448,0.04300767183303833,-0.027078751474618912,-0.03170207515358925,0.03659173101186752,-0.021532509475946426,-0.009850755333900452,-0.007861986756324768,0.06480025500059128,0.053725775331258774,-0.04982950538396835,-0.06236186623573303,0.02792605571448803
0.033870212733745575,0.03566299378871918,0.06987040489912033,-0.029375530779361725,0.07431376725435257,0.027617938816547394,-0.07255745679140091,-0.05417892336845398,-0.02803371474146843,-0.01929442398250103,-0.01922738179564476,0.04070708900690079,-0.03216179832816124,-0.01579156704246998,0.026918035000562668,0.048797689378261566,0.07102755457162857,0.041343722492456436,0.007042106706649065,-0.047539010643959045
-0.010188133455812931,0.028631044551730156,0.027028514072299004,-0.04745110496878624,0.12003283202648163,-0.029307488352060318,-0.05956244841217995,-0.05469395965337753,-0.011181135661900043,0.03933144733309746,-0.019796734675765038,0.00313505157828331,0.035360585898160934,-0.020862985402345657,0.021083828061819077,0.03754975274205208,-0.0034058718010783195,0.019339311867952347,-0.019855819642543793,-0.08461247384548187
-0.07117152959108353,0.06797467917203903,-0.0034526779782027006,0.07296759635210037,0.0806722342967987,0.06781036406755447,0.018431147560477257,-0.001719338120892644,-0.05094200372695923,0.016457829624414444,-0.047846317291259766,0.07173822820186615,0.03084167279303074,0.026713049039244652,0.002518987748771906,0.07084790617227554,-0.02940124273300171,0.01523667760193348,-0.0521012544631958,-0.032780930399894714
-0.04511620104312897,-0.04029112681746483,0.061782944947481155,-0.02080054208636284,0.12235234677791595,0.04493129253387451,-0.02728334441781044,-0.011079080402851105,-0.07235010713338852,-0.09428204596042633,0.04384290799498558,-0.006746132392436266,-0.035990241914987564,0.09033901989459991,0.04766760766506195,0.009200586937367916,-0.002619369188323617,-0.024606121703982353,-0.014950595796108246,-0.004501088988035917
-0.04511620104312897,-0.04029112681746483,0.061782944947481155,-0.02080054208636284,0.12235234677791595,0.04493129253387451,-0.02728334441781044,-0.011079080402851105,-0.07235010713338852,-0.09428204596042633,0.04384290799498558,-0.006746132392436266,-0.035990241914987564,0.09033901989459991,0.04766760766506195,0.009200586937367916,-0.002619369188323617,-0.024606121703982353,-0.014950595796108246,-0.004501088988035917
0.062403470277786255,0.030371373519301414,0.03295440971851349,0.012228427454829216,0.006558630615472794,-0.027154576033353806,-0.051920656114816666,0.050018176436424255,-0.029406940564513206,0.010891478508710861,-0.0595572292804718,0.09119346737861633,-0.057344868779182434,0.050869524478912354,-0.001584043842740357,-0.02113998495042324,-0.0023577974643558264,-0.0003943733754567802,-0.06254059076309204,0.052760351449251175
0.017136208713054657,0.000729687511920929,0.06838607788085938,-0.031839050352573395,0.02200431004166603,-0.032650478184223175,-0.039438772946596146,-0.0247342512011528,-0.03277014195919037,-0.07826463878154755,-0.017591457813978195,0.00013041395868640393,-0.02111760340631008,0.02897726558148861,0.02689678780734539,-0.0478045828640461,-0.042014580219984055,0.07089506089687347,0.000986871076747775,-0.04574410617351532
0.001918090390972793,0.05578255653381348,0.05617150664329529,-0.05677703768014908,0.03782188519835472,0.03237399831414223,-0.06228267773985863,-0.02804047428071499,-0.03825615718960762,-0.07376175373792648,-0.04961802810430527,0.08917993307113647,-0.053943052887916565,0.011482913978397846,-0.020408153533935547,-0.056249093264341354,0.020990364253520966,-0.01879199780523777,-0.03675125539302826,-0.0665011778473854
0.04459810256958008,-0.06180480867624283,-0.014274610206484795,0.011320632882416248,0.023948369547724724,0.009821237064898014,0.04323696717619896,0.01850281096994877,0.02816738188266754,0.029670190066099167,0.07776007801294327,0.07961051166057587,-0.012989548966288567,0.08885718137025833,0.023469092324376106,0.06353340297937393,-0.03501155972480774,-0.05804191902279854,0.07531243562698364,-0.06918326765298843
0.004021818749606609,-0.015445232391357422,0.07853294909000397,0.05465774983167648,0.04772522673010826,-0.026921194046735764,-0.007598853670060635,-0.05443083122372627,-0.018073614686727524,-0.005380645394325256,-0.057852815836668015,-0.00348453177139163,0.05873126909136772,-0.026019787415862083,-0.03744131326675415,0.07558846473693848,0.02914251945912838,0.026936275884509087,0.02945081889629364,0.05149682238698006
-0.0471118688583374,-0.027744019404053688,-0.03882185369729996,-0.040421292185783386,0.013413657434284687,0.005474632140249014,0.022661101073026657,-0.02076810598373413,-0.05246438458561897,-0.04578092694282532,-0.015390429645776749,0.031500574201345444,0.02686385251581669,0.05154404044151306,0.05390035733580589,-0.007270105183124542,0.03851078450679779,-0.06425657123327255,0.05643143877387047,0.011614003218710423
-0.08943657577037811,0.004671890754252672,0.03867942839860916,0.07421832531690598,-0.0012433137744665146,0.051125507801771164,0.03263150528073311,-0.006569396238774061,-0.052606433629989624,-0.05872860178351402,-0.049282122403383255,0.03922153264284134,-0.0568084791302681,-0.02027958817780018,0.034645721316337585,-0.04110348969697952,0.05600748211145401,0.01849033497273922,0.040366820991039276,-0.03682074323296547
-0.04987392947077751,0.01639174483716488,0.026489464566111565,-0.058310654014348984,0.08432406187057495,-0.04269028455018997,0.051847849041223526,0.022386671975255013,0.010898146778345108,-0.0836186483502388,0.03367578983306885,0.045018211007118225,-0.010028324089944363,0.031854450702667236,0.028618918731808662,0.010434095747768879,0.02949838526546955,0.029720069840550423,-0.033481378108263016,-0.06338928639888763
-0.07594718039035797,0.048461563885211945,-0.017034122720360756,0.019397879019379616,0.10094670206308365,-0.06148583069443703,-0.038345012813806534,0.0636591911315918,0.023898590356111526,-0.09664425998926163,0.06470299512147903,0.09619153290987015,-0.0044029043056070805,0.022768177092075348,-0.032643962651491165,0.03896026313304901,0.007369933649897575,-0.00990335550159216,0.07728523761034012,-0.03301183506846428
-0.08696047216653824,0.03238779678940773,-0.04439098760485649,0.010691320523619652,0.09752213209867477,-0.019320515915751457,-0.03694726899266243,0.046369463205337524,-0.05031202733516693,0.00016142312961164862,-0.0354963093996048,-0.014316009357571602,0.021775882691144943,0.048804767429828644,0.09090923517942429,0.006809580605477095,-0.01666935160756111,0.04758179560303688,0.02853451482951641,-0.025529053062200546
0.043856799602508545,-0.04193809628486633,0.07351753115653992,0.003031779546290636,0.08113300800323486,0.06956084817647934,0.05167999863624573,0.04691576212644577,0.05941453576087952,-0.0656983032822609,0.007249958347529173,0.09332194924354553,-0.0026424687821418047,0.04119628667831421,0.06287835538387299,0.05952272564172745,-0.06168302893638611,-0.037282004952430725,0.011248727329075336,-0.012197030708193779
-0.038689956068992615,-0.04716302081942558,0.05500716343522072,-0.03831065818667412,0.09189367294311523,-0.005435886327177286,0.038362447172403336,-0.061312235891819,-0.040445148944854736,-0.007122232113033533,0.00873952079564333,0.08027970790863037,0.00293880607932806,-0.011717013083398342,0.0028849272057414055,-0.06400946527719498,-0.001998976804316044,-0.034070633351802826,0.005575312301516533,-0.05619695410132408
-0.023551231250166893,-0.03259555250406265,-0.02197589911520481,0.08131710439920425,0.0539361946284771,-0.01992194727063179,0.03319196030497551,0.0661294162273407,-0.05561721697449684,-0.04633304476737976,0.006593167316168547,0.05302157998085022,0.04026007652282715,-0.022967737168073654,0.0998581200838089,0.007750176824629307,-0.0073745339177548885,-0.013480527326464653,0.06102683022618294,0.01716897264122963
-0.04328392446041107,0.025627989321947098,-0.019435757771134377,0.016556911170482635,0.10069327056407928,-0.03520463407039642,-0.03944378346204758,-0.03552822396159172,0.014317356050014496,-0.04172646626830101,-0.06824411451816559,-0.0363537035882473,-0.05206114053726196,0.0438474640250206,-0.00029258712311275303,0.05030897259712219,-0.0352681465446949,-0.016216080635786057,0.05688261613249779,0.0008517260430380702
0.02876507118344307,0.02551875077188015,0.023121649399399757,0.013794823549687862,-0.009689663536846638,0.00742395268753171,-0.03550400584936142,0.07040451467037201,0.04437863826751709,-0.02407071739435196,-0.0036438736133277416,0.009863155893981457,-0.0686991736292839,0.08838749676942825,0.08011891692876816,0.031344976276159286,0.0133043909445405,0.04684853181242943,0.026104358956217766,-0.060457922518253326
-0.04868340119719505,0.011182134039700031,0.06377380341291428,-0.026247603818774223,-0.010392784141004086,-0.029384974390268326,-0.04873238503932953,-0.06343652307987213,0.022946588695049286,-0.021427275612950325,0.055932313203811646,-0.036280129104852676,-0.048225339502096176,0.04688710719347,-0.02340269833803177,0.050363168120384216,0.07499665766954422,-0.017530502751469612,-0.052333321422338486,-0.005963573697954416
0.02876507118344307,0.02551875077188015,0.023121649399399757,0.013794823549687862,-0.009689663536846638,0.00742395268753171,-0.03550400584936142,0.07040451467037201,0.04437863826751709,-0.02407071739435196,-0.0036438736133277416,0.009863155893981457,-0.0686991736292839,0.08838749676942825,0.08011891692876816,0.031344976276159286,0.0133043909445405,0.04684853181242943,0.026104358956217766,-0.060457922518253326
-0.05057849362492561,0.06236262992024422,0.05476149171590805,0.026961786672472954,0.08685720711946487,0.034159399569034576,-0.059898048639297485,-0.023173943161964417,-0.03701729699969292,-0.06906622648239136,-0.02749476581811905,0.023195037618279457,-0.011695494875311852,-0.02029176615178585,0.005884561222046614,-0.03291893005371094,0.02670050598680973,-0.060368288308382034,0.04536164551973343,-0.05638159066438675
0.0030261625070124865,0.050081491470336914,-0.059280749410390854,-0.04907268285751343,0.0486922524869442,-0.06046162545681,-0.07092276960611343,-0.06623058766126633,-0.051607172936201096,-0.05811823531985283,-0.02118874527513981,0.06550268083810806,-0.05789966136217117,0.0880257710814476,0.003144082147628069,-0.044805847108364105,-0.005859939847141504,-0.04353458061814308,0.0047811479307711124,-0.05616362765431404
-0.004468505270779133,0.0782989114522934,0.026179442182183266,-0.0088268481194973,0.030397018417716026,-0.058837853372097015,0.03860838711261749,0.07418382167816162,-0.04852975159883499,-0.0816325694322586,-0.010317470878362656,0.09686829894781113,0.06603323668241501,-0.0011590338544920087,0.07648341357707977,-0.04289745166897774,-0.005831588990986347,-0.04302426800131798,0.07279568165540695,-0.08217803388834
-0.06436950713396072,0.030544893816113472,0.07081886380910873,-0.015576680190861225,0.06757780909538269,0.00353461061604321,-0.07655737549066544,0.021349981427192688,0.049078889191150665,-0.012401795946061611,-0.02556009404361248,0.10119348764419556,0.06980886310338974,0.07300513237714767,-0.006755096837878227,0.013082156889140606,0.020293409004807472,-0.0068198321387171745,0.07455204427242279,-0.008291929960250854
-0.027173366397619247,-0.028062494471669197,-0.03433699160814285,0.04594762250781059,0.10007419437170029,0.036408040672540665,-0.009061299264431,-0.057324424386024475,-0.03701421245932579,-0.0027945414185523987,0.017731420695781708,-0.005160407163202763,-0.06058068946003914,0.060377366840839386,-0.005605124402791262,0.06394112855195999,-0.03407023847103119,0.019720347598195076,0.035801153630018234,0.04735724255442619
-0.05618501082062721,0.010509795509278774,-0.013559449464082718,-0.0002738611656241119,0.02620728686451912,-0.0504487007856369,-0.016331123188138008,-0.03912023454904556,0.029969634488224983,-0.02686564065515995,-0.023623470216989517,0.07462997734546661,0.04678554832935333,0.04206063225865364,-0.041229430586099625,-0.03921955078840256,-0.026410868391394615,0.03313339874148369,0.004365044180303812,-0.06324265897274017
-0.05575451999902725,-0.04406765103340149,0.05193901062011719,0.04456211254000664,0.08042307943105698,0.049526285380125046,0.04660341516137123,0.05693037807941437,-0.025425836443901062,0.010013573803007603,-0.058552246540784836,-0.0377180278301239,-0.00045214808778837323,0.04754854366183281,-0.022075245156884193,0.04103577509522438,0.0627124086022377,-0.03205954656004906,0.045911338180303574,-0.016119349747896194
0.023713164031505585,-0.05811487138271332,-0.01675458997488022,0.06346900761127472,0.06640338897705078,-0.004299841821193695,-0.006959752179682255,0.06971882283687592,0.005118782166391611,0.03698671609163284,0.06299582868814468,-0.002216747961938381,0.0017780272755771875,0.09715582430362701,0.07984906435012817,-0.05330274626612663,0.03405133634805679,0.059337299317121506,0.007350231986492872,-0.04126131534576416
-0.020638838410377502,0.054928943514823914,0.012033685110509396,0.046833887696266174,0.05667371675372124,0.0016199065139517188,0.056444257497787476,0.04606654867529869,-0.01828562468290329,0.03200101852416992,0.022898953408002853,-0.03448609262704849,0.018540598452091217,0.08913158625364304,-0.019174568355083466,0.07628367841243744,-0.04702483490109444,0.01377010252326727,0.012101691216230392,-0.0829884484410286
0.007182400673627853,-0.05852653458714485,0.041091397404670715,-0.015589054673910141,0.06231722980737686,0.017353713512420654,0.005183380097150803,0.0017514796927571297,-0.02250959537923336,-0.05514539033174515,-0.032281406223773956,0.024618295952677727,-0.05633101612329483,0.09435157477855682,0.04694782942533493,0.06123649701476097,-0.05971823260188103,0.006715691648423672,0.024869699031114578,-0.0804450735449791
0.014780830591917038,0.010305802337825298,0.006111821625381708,0.027673527598381042,0.09879607707262039,0.010490152053534985,-0.03279640153050423,-0.024381818249821663,0.03663257136940956,0.021131258457899094,0.009261655621230602,7.979688234627247e-07,-0.0650564506649971,0.004721177741885185,-0.0014330552658066154,0.002649330534040928,-0.059682004153728485,0.021157411858439445,-0.06355641782283783,0.03248557075858116
0.0004004979273304343,0.04635697603225708,-0.03527571260929108,-0.011101474985480309,0.09325055778026581,0.03907573223114014,-0.04937160760164261,-0.05498958379030228,-0.07030989974737167,-0.005627067293971777,-0.05013961344957352,0.030481886118650436,0.006552469916641712,0.0485534630715847,0.061417657881975174,-0.06254450231790543,0.08298128098249435,0.014144010841846466,-0.006575915031135082,-0.07571991533041
-0.03419443219900131,0.0029255717527121305,-0.03617999330163002,0.056409478187561035,0.12501311302185059,-0.03782905265688896,-0.04357004165649414,0.07118899375200272,-0.01793603226542473,-0.01364065334200859,-0.008906149305403233,0.026239797472953796,0.05791082605719566,0.04415956139564514,0.02533743716776371,-0.0522802397608757,-0.04199042171239853,-0.004603876266628504,-0.001675889827311039,-0.07234332710504532
-0.03419443219900131,0.0029255717527121305,-0.03617999330163002,0.056409478187561035,0.12501311302185059,-0.03782905265688896,-0.04357004165649414,0.07118899375200272,-0.01793603226542473,-0.01364065334200859,-0.008906149305403233,0.026239797472953796,0.05791082605719566,0.04415956139564514,0.02533743716776371,-0.0522802397608757,-0.04199042171239853,-0.004603876266628504,-0.001675889827311039,-0.07234332710504532
0.04271978884935379,-0.023847399279475212,-0.009318417869508266,-0.02492942474782467,0.03970232978463173,0.04843694344162941,-0.007342640310525894,0.013880030252039433,-0.04175522178411484,-0.09355621784925461,-0.024185918271541595,0.02226913347840309,-0.04193340986967087,-0.03086065500974655,0.0921856090426445,0.011484317481517792,0.06329146027565002,-0.04630496725440025,0.05097179114818573,-0.05507199093699455
-0.075529545545578,0.08145458251237869,0.04024452343583107,0.052079811692237854,0.12140871584415436,0.031323060393333435,-0.05171540006995201,0.06896288692951202,0.027772821485996246,-0.06870858371257782,0.039662256836891174,0.05326298624277115,-0.05449923500418663,0.045800190418958664,0.08613964170217514,-0.03951748460531235,0.05713367089629173,0.04638439416885376,-0.02031845971941948,0.054602570831775665
0.027930332347750664,0.06800326704978943,-0.05049707740545273,-0.005178874358534813,0.11260055005550385,-0.05138978734612465,0.023218058049678802,0.05570785701274872,-0.06101883202791214,-0.08605551719665527,0.022047389298677444,-0.030265918001532555,-0.07459809631109238,-0.023767007514834404,-0.005788885522633791,0.015575084835290909,0.025039449334144592,0.043135181069374084,-0.018704328685998917,0.0024147513322532177
-0.058317337185144424,-0.032382551580667496,0.08139730989933014,0.06374050676822662,0.03356181085109711,0.00891906674951315,0.028614861890673637,-0.03209317848086357,0.0379398874938488,-0.050699248909950256,-0.059332311153411865,0.10078399628400803,0.03132443130016327,0.08059748262166977,-0.03376103937625885,0.06038685515522957,-0.02331308089196682,-0.07366806268692017,5.1692597480723634e-05,-0.025207282975316048
-0.03816698491573334,-0.004920179024338722,0.06702210754156113,-0.029145432636141777,-0.018368873745203018,0.04612969979643822,-0.04833004251122475,0.007743342779576778,-0.030473805963993073,-0.05831573158502579,-0.002941587707027793,0.049119461327791214,-0.06497590988874435,0.03930184990167618,0.035126056522130966,-0.032012175768613815,0.033859316259622574,0.008372906595468521,-0.011427445337176323,0.03436799347400665
0.003717451822012663,-0.057749275118112564,0.05641418322920799,-0.04705285653471947,0.07369469851255417,0.024493049830198288,0.020477594807744026,0.0026566411834210157,0.014005479402840137,-0.011664166115224361,0.021563008427619934,0.03565055504441261,-0.04102620482444763,-0.010489348322153091,0.10119859129190445,0.02794099599123001,-0.06349612772464752,0.01571890152990818,-0.02306641824543476,-0.06313010305166245
-0.04629424586892128,0.02807917632162571,0.04258877784013748,0.01014591846615076,0.11342040449380875,0.010870061814785004,0.04574764892458916,0.041628383100032806,0.019465278834104538,0.03690045699477196,0.06258685141801834,0.049856435507535934,0.0360211618244648,-0.01652337610721588,0.08087638765573502,0.0076859742403030396,0.05532403662800789,0.05879371240735054,0.018592320382595062,-0.054787587374448776
-0.04629424586892128,0.02807917632162571,0.04258877784013748,0.01014591846615076,0.11342040449380875,0.010870061814785004,0.04574764892458916,0.041628383100032806,0.019465278834104538,0.03690045699477196,0.06258685141801834,0.049856435507535934,0.0360211618244648,-0.01652337610721588,0.08087638765573502,0.0076859742403030396,0.05532403662800789,0.05879371240735054,0.018592320382595062,-0.054787587374448776
-0.04629424586892128,0.02807917632162571,0.04258877784013748,0.01014591846615076,0.11342040449380875,0.010870061814785004,0.04574764892458916,0.041628383100032806,0.019465278834104538,0.03690045699477196,0.06258685141801834,0.049856435507535934,0.0360211618244648,-0.01652337610721588,0.08087638765573502,0.0076859742403030396,0.05532403662800789,0.05879371240735054,0.018592320382595062,-0.054787587374448776
0.0584891103208065,0.07457991689443588,0.07629133760929108,0.008761811070144176,0.055936917662620544,-0.04070541635155678,-0.04991697892546654,0.032229579985141754,-0.07723614573478699,-0.10087999701499939,0.038946524262428284,0.052399422973394394,-0.046466585248708725,0.03795445337891579,-0.009086990728974342,0.031161492690443993,0.017617007717490196,-0.03484562411904335,-0.010539224371314049,-0.022211099043488503
0.0584891103208065,0.07457991689443588,0.07629133760929108,0.008761811070144176,0.055936917662620544,-0.04070541635155678,-0.04991697892546654,0.032229579985141754,-0.07723614573478699,-0.10087999701499939,0.038946524262428284,0.052399422973394394,-0.046466585248708725,0.03795445337891579,-0.009086990728974342,0.031161492690443993,0.017617007717490196,-0.03484562411904335,-0.010539224371314049,-0.022211099043488503
0.0013538862112909555,0.05780674144625664,-0.014664335176348686,0.07578279078006744,-0.01377115212380886,0.027824003249406815,0.020198121666908264,0.0232609361410141,-0.02372698299586773,-0.07442215085029602,0.036504313349723816,-0.033451322466135025,-0.06291412562131882,0.056637976318597794,-0.014261948876082897,-0.02087230235338211,0.06908372044563293,-0.06337028741836548,0.07317811250686646,0.01067072618752718
0.04506274685263634,-0.060524921864271164,0.024675026535987854,0.028823228552937508,-0.006201284937560558,0.03565148636698723,-0.033684324473142624,0.041429877281188965,-0.04264989495277405,0.02765442244708538,-0.062389522790908813,0.08030648529529572,-0.02983078733086586,0.015137095004320145,0.02732304111123085,-0.04900634288787842,0.042773451656103134,0.023655178025364876,-0.049532417207956314,-0.08637423813343048
-0.06457231938838959,-0.03533398360013962,0.07986138761043549,0.06557904928922653,0.09528108686208725,0.054001934826374054,-0.0259304940700531,0.01580359973013401,0.06365440040826797,-0.06896798312664032,-0.01563136838376522,-0.015361597761511803,0.06122840568423271,-0.040757812559604645,0.007524106185883284,0.012012537568807602,-0.06473925709724426,-0.026958389207720757,-0.04237828031182289,-0.030234256759285927
-0.07693438977003098,0.01189140323549509,0.059641554951667786,0.028108960017561913,0.009162724018096924,0.07119890302419662,-0.06162197142839432,-0.05749339610338211,-0.05479740723967552,-0.08352331817150116,0.013265890069305897,0.024218494072556496,-0.06892266124486923,0.03361205384135246,-0.03851106017827988,0.012819568626582623,-0.01063933689147234,-0.011046981438994408,0.07638407498598099,0.03767343983054161
0.0008025617571547627,0.00553985545411706,-0.04392916336655617,0.055538661777973175,0.11558230221271515,-0.05139259621500969,-0.03572877123951912,0.0369977131485939,-0.050371043384075165,-0.05670454725623131,0.033261045813560486,0.07312381267547607,-0.07314607501029968,0.05686390772461891,0.07824508845806122,-0.0458688884973526,0.06253285706043243,0.05707123875617981,-0.0024832647759467363,-0.03743640333414078
-0.03534197807312012,-0.01900053396821022,-0.03438990190625191,0.001744445413351059,0.01230206061154604,-0.07101842761039734,0.058357708156108856,-0.05279136821627617,-0.05226369947195053,0.0027855837251991034,0.05996011197566986,-0.023328429087996483,0.057450395077466965,0.0607161670923233,0.08958452939987183,0.06374884396791458,-0.016659719869494438,0.056443408131599426,-0.01812588982284069,-0.030235987156629562
-0.04620051756501198,0.06688277423381805,0.039131246507167816,0.005791540257632732,0.04734158515930176,-0.01730433851480484,-0.08366075158119202,0.019665010273456573,-0.0027053537778556347,-0.014651136472821236,-0.046951353549957275,0.037148039788007736,-0.02562115713953972,-0.008619997650384903,0.10632109642028809,-0.008843312971293926,-0.011551734060049057,0.043556082993745804,-0.026628470048308372,0.05213790014386177
-0.05793357640504837,-0.02674214355647564,0.003045376855880022,0.007290637120604515,0.09660034626722336,0.05118656903505325,-0.02949558012187481,-0.00829028058797121,0.04366530105471611,-0.07951074093580246,-0.06025188788771629,0.023607192561030388,-0.07023781538009644,0.013547360897064209,0.08712106198072433,-0.010342285968363285,0.023611515760421753,-0.07110098004341125,0.02925843931734562,-0.05973028019070625
-0.015966687351465225,-0.052054841071367264,0.07355184108018875,0.03212824463844299,0.05676285922527313,0.02899773046374321,0.0165140051394701,0.02284458838403225,-0.04949050769209862,0.04332303628325462,0.06679029017686844,0.07451661676168442,-0.05501842498779297,0.02698536217212677,0.09318231791257858,0.04168077930808067,-0.044541992247104645,0.024930283427238464,0.008534923195838928,0.054672323167324066
-0.05012844502925873,0.057484954595565796,0.014208028092980385,0.03640817105770111,0.07157830893993378,-0.054576724767684937,0.017103128135204315,0.022848021239042282,-0.05687682703137398,-0.05129800736904144,-0.009758180007338524,0.0004220335104037076,0.028890028595924377,0.05521482601761818,0.03893623873591423,0.0408410020172596,0.03650258854031563,-0.005183839704841375,-0.01750107668340206,0.006086147855967283
-0.038749489933252335,-0.0458642840385437,0.03994346782565117,0.07519689202308655,0.1145542562007904,-0.028783375397324562,0.045059990137815475,-0.04309537261724472,0.03801285848021507,-0.04925958067178726,-0.019616376608610153,0.0004994567134417593,-0.06639448553323746,0.0627441480755806,0.01149696297943592,0.0026384650263935328,0.07765009999275208,-0.06598187983036041,0.03470282629132271,-0.017035890370607376
-0.012151656672358513,0.038743846118450165,0.017123041674494743,-0.05319498851895332,0.08409333974123001,0.028751801699399948,0.04052954912185669,0.03804810717701912,0.023086708039045334,0.0071876696310937405,-0.04733574017882347,-0.02703193575143814,-0.034607771784067154,0.08785262703895569,-0.024063758552074432,-0.03470907732844353,0.014345544390380383,-0.05145715922117233,0.013142496347427368,-0.032723017036914825
-0.07299155741930008,-0.0442509762942791,-0.03711896389722824,-0.047036293894052505,0.10225017368793488,0.05832618474960327,-0.004798099864274263,-0.03968797251582146,0.03082536906003952,-0.06839700788259506,0.05825872719287872,-0.030858654528856277,0.036964140832424164,-0.04408855736255646,0.03789839893579483,-0.00924605131149292,0.026472823694348335,0.06681730598211288,-0.01406395249068737,-0.0586976632475853
0.03476880118250847,0.032488204538822174,0.08648429065942764,0.005355400033295155,0.1025511845946312,0.06053508445620537,-0.036918167024850845,0.032928287982940674,0.05538967624306679,-0.08942683041095734,-0.009938661009073257,0.05122816190123558,-0.028253372758626938,-0.03826320916414261,0.08696296811103821,0.029401546344161034,-0.007041109725832939,-0.015957193449139595,-0.018389282748103142,-0.02751818113029003
0.01308420579880476,0.020294945687055588,0.023113366216421127,0.04911797493696213,0.08025988936424255,-0.060286615043878555,0.037733111530542374,0.008429726585745811,-0.023879481479525566,-0.02084936574101448,0.07264576852321625,0.03884175419807434,-0.02301946096122265,0.05161333829164505,0.07753519713878632,0.005118650384247303,-0.036442771553993225,-0.05672166496515274,0.004362621810287237,-0.07022877782583237
0.05460525304079056,0.02963101491332054,0.06604024022817612,0.06118848919868469,0.10923732072114944,-0.07221590727567673,0.013602586463093758,-0.056873615831136703,-0.06130532920360565,-0.024515490978956223,-0.04065178334712982,0.06013229489326477,0.04120935872197151,-0.019680043682456017,0.023468008264899254,0.06560444831848145,0.03564049303531647,0.038969606161117554,-0.0061124758794903755,0.04704179987311363
-0.026553502306342125,0.0011688168160617352,0.0019401030149310827,0.03268478438258171,0.08877860009670258,0.03791731968522072,0.03483954817056656,0.0251650158315897,-0.015772690996527672,-0.05842826887965202,-0.023915210738778114,0.07895676791667938,-0.04019748046994209,-0.018717383965849876,0.07110168784856796,-0.021266551688313484,-0.023714149370789528,0.01622592657804489,0.0716320052742958,-0.05039301514625549
0.02882029116153717,-0.039724793285131454,-0.04097987711429596,-0.036709729582071304,0.06834638863801956,-0.02699560858309269,-0.006517563480883837,-0.003989139571785927,0.04995371028780937,-0.027332492172718048,0.07362636178731918,-0.009077982977032661,0.030289124697446823,0.04993347451090813,0.028709322214126587,0.031338345259428024,0.037477023899555206,-0.04587315022945404,0.025338923558592796,0.03660689666867256
0.029811330139636993,0.01807454414665699,0.04814520105719566,0.06558910757303238,0.04423750936985016,-0.05719466134905815,-0.07605637609958649,-0.01578023098409176,-0.02960214763879776,-0.038719892501831055,-0.009017775766551495,-0.03425784036517143,0.00789428036659956,0.008699498139321804,0.05875878036022186,-0.01694321818649769,-0.00481822993606329,-0.019013339653611183,0.01030469499528408,-0.051241397857666016
0.013486224226653576,0.06562811881303787,0.07580098509788513,0.038720495998859406,0.11880086362361908,-0.0714995265007019,0.044280845671892166,-0.04965119808912277,-0.001512411399744451,-0.10302630811929703,-0.03985174000263214,-0.006837314460426569,-0.04497230798006058,0.005830438807606697,-0.03076537698507309,0.025109287351369858,-0.029965834692120552,-0.057918842881917953,0.07855507731437683,0.0025264634750783443
0.00683710677549243,0.0591537281870842,0.08209853619337082,0.06966692954301834,0.061832863837480545,-0.040167152881622314,-0.0018619658658280969,0.06730380654335022,0.028588714078068733,-0.0003834480594377965,0.007911988534033298,0.010102221742272377,-0.005548411980271339,0.03359611704945564,0.011843211948871613,0.04693619906902313,0.036846816539764404,-0.010956489481031895,-0.04875747114419937,-0.023901188746094704
0.05266867205500603,-0.007650300394743681,0.06716500967741013,0.03599926084280014,0.061445366591215134,0.017667561769485474,-0.025402972474694252,-0.0036400924436748028,0.03597778454422951,-0.032090187072753906,-0.03588886559009552,0.052775174379348755,0.03615602105855942,0.01527512725442648,0.0993519127368927,0.052815522998571396,-0.044854409992694855,-0.018079156056046486,-0.0053677670657634735,0.05147361382842064
0.01952681876718998,0.005641746800392866,-0.020594270899891853,0.00555218243971467,0.092061847448349,-0.029939884319901466,-0.018280284479260445,0.07476653158664703,-0.052326638251543045,-0.017981166020035744,-0.02859668806195259,-0.023110659793019295,-0.01832703687250614,0.052689921110868454,-0.018418272957205772,0.08028878271579742,0.01693129353225231,-0.05720728263258934,-0.04955824837088585,0.0009742186521179974
0.05574812367558479,-0.05986207351088524,-0.057618044316768646,-0.024670399725437164,-0.006324823014438152,0.03231995925307274,-0.03168334811925888,-0.03553013876080513,0.054778654128313065,-0.09295657277107239,-0.04744279757142067,0.07830476015806198,0.002379495184868574,0.020309826359152794,-0.012977959588170052,0.07338327169418335,0.07852353155612946,-0.06956052780151367,-0.057262010872364044,0.001685585011728108
0.04140622913837433,-0.016085602343082428,-0.00012100219464628026,0.058500003069639206,0.09701739996671677,0.0743313878774643,0.052290093153715134,0.046050917357206345,0.024471662938594818,-0.02001962997019291,0.04525382071733475,-0.04086240381002426,-0.041132062673568726,0.07767315208911896,-0.01663181371986866,-0.052568331360816956,0.05037641152739525,0.05943822115659714,0.01394079253077507,-0.040538061410188675
0.05569670721888542,0.035368118435144424,-0.044339053332805634,0.07020143419504166,0.08794714510440826,-0.02752932719886303,-0.00400671549141407,-0.006329727359116077,-0.033155784010887146,-0.06179233640432358,-0.06728547066450119,0.013771360740065575,-0.06851129978895187,0.0613911971449852,0.022329863160848618,0.03865933045744896,0.019922785460948944,-0.03430969640612602,0.059591133147478104,-0.058861229568719864
-0.04663897678256035,0.01722588762640953,-0.005309590138494968,0.010481621138751507,0.11752283573150635,0.049072086811065674,-0.03967353329062462,-0.002806319622322917,0.04363890364766121,-0.03314043954014778,-0.016352221369743347,0.07168949395418167,0.05341906100511551,-0.03994084149599075,0.020246494561433792,0.0030150001402944326,0.043221503496170044,0.013298368081450462,-0.025742752477526665,-0.06639260053634644
-0.02496064454317093,0.0020760037004947662,-0.009699868969619274,-0.015024319291114807,-0.018710872158408165,-0.01908588968217373,-0.07394285500049591,0.014865624718368053,0.027728447690606117,-0.08938152343034744,-0.05980940908193588,0.05069812759757042,-0.0678221583366394,0.01756228692829609,0.0844917967915535,0.051564160734415054,0.06831655651330948,-0.04333393648266792,0.028495941311120987,-0.018665166571736336
0.008629923686385155,0.014734436757862568,0.059180181473493576,-0.013381004333496094,0.06588225066661835,-0.07423462718725204,-0.03817630559206009,0.05822492018342018,0.03417588397860527,-0.09128236025571823,0.003041708143427968,0.04239010810852051,-0.062118757516145706,0.04470546171069145,-0.017032664269208908,0.0015013315714895725,0.050631605088710785,0.005864979699254036,0.0076047140173614025,0.03201564401388168
