Step,X,Predicted_Y_Scaled,Predicted_Y_Unscaled,day_of_week_Unscaled,day_of_month_Unscaled,week_of_year_Unscaled,week_of_month_Unscaled,month_Unscaled,quarter_Unscaled,is_weekend_Unscaled,lag_1_Unscaled,lag_7_Unscaled,lag_30_Unscaled,is_month_start_Unscaled,is_month_end_Unscaled,is_quarter_start_Unscaled,is_quarter_end_Unscaled,is_monday_Unscaled,is_friday_Unscaled,is_holiday_Unscaled,is_thanksgiving_Unscaled,is_black_friday_Unscaled,is_christmas_Unscaled,is_christmas_eve_Unscaled,is_new_year_eve_Unscaled,is_pre_holiday_1_Unscaled,is_pre_holiday_2_Unscaled,is_pre_holiday_3_Unscaled,is_pre_holiday_7_Unscaled,is_post_holiday_1_Unscaled,is_post_holiday_2_Unscaled,is_post_holiday_3_Unscaled,is_post_holiday_7_Unscaled,is_bridge_day_Unscaled,day_of_week_Scaled,day_of_month_Scaled,week_of_year_Scaled,week_of_month_Scaled,month_Scaled,quarter_Scaled,is_weekend_Scaled,lag_1_Scaled,lag_7_Scaled,lag_30_Scaled,is_month_start_Scaled,is_month_end_Scaled,is_quarter_start_Scaled,is_quarter_end_Scaled,is_monday_Scaled,is_friday_Scaled,is_holiday_Scaled,is_thanksgiving_Scaled,is_black_friday_Scaled,is_christmas_Scaled,is_christmas_eve_Scaled,is_new_year_eve_Scaled,is_pre_holiday_1_Scaled,is_pre_holiday_2_Scaled,is_pre_holiday_3_Scaled,is_pre_holiday_7_Scaled,is_post_holiday_1_Scaled,is_post_holiday_2_Scaled,is_post_holiday_3_Scaled,is_post_holiday_7_Scaled,is_bridge_day_Scaled
0,"[[0.5120481927710844, 1.0, 0.5666666666666667, 0.7058823529411764, 0.5, 0.7272727272727273, 0.6666666666666667, 1.0, 0.5120481927710844, 0.5662650602409639, 0.4819277108433735, 0.0, 0.0, 0.0, 0.0, 0.0, 0.0, 0.0, 0.0, 0.0, 0.0, 0.0, 0.0, 0.0, 0.0, 0.0, 0.0, 0.0, 0.0, 0.0, 0.0, 0.0], [0.6325301204819277, 0.0, 0.6, 0.7254901960784313, 0.5, 0.7272727272727273, 0.6666666666666667, 0.0, 0.6325301204819277, 0.572289156626506, 0.4096385542168675, 0.0, 0.0, 0.0, 0.0, 1.0, 0.0, 0.0, 0.0, 0.0, 0.0, 0.0, 0.0, 0.0, 0.0, 0.0, 0.0, 0.0, 0.0, 0.0, 0.0, 0.0], [0.5060240963855422, 0.16666666666666666, 0.6333333333333333, 0.7254901960784313, 0.5, 0.7272727272727273, 0.6666666666666667, 0.0, 0.5060240963855422, 0.42168674698795183, 0.608433734939759, 0.0, 0.0, 0.0, 0.0, 0.0, 0.0, 0.0, 0.0, 0.0, 0.0, 0.0, 0.0, 0.0, 0.0, 0.0, 0.0, 0.0, 0.0, 0.0, 0.0, 0.0], [0.30120481927710846, 0.3333333333333333, 0.6666666666666666, 0.7254901960784313, 0.5, 0.7272727272727273, 0.6666666666666667, 0.0, 0.30120481927710846, 0.3795180722891566, 0.427710843373494, 0.0, 0.0, 0.0, 0.0, 0.0, 0.0, 0.0, 0.0, 0.0, 0.0, 0.0, 0.0, 0.0, 0.0, 0.0, 0.0, 0.0, 0.0, 0.0, 0.0, 0.0], [0.45783132530120485, 0.5, 0.7, 0.7254901960784313, 0.75, 0.7272727272727273, 0.6666666666666667, 0.0, 0.45783132530120485, 0.3674698795180723, 0.427710843373494, 0.0, 0.0, 0.0, 0.0, 0.0, 0.0, 0.0, 0.0, 0.0, 0.0, 0.0, 0.0, 0.0, 0.0, 0.0, 0.0, 0.0, 0.0, 0.0, 0.0, 0.0], [0.4879518072289157, 0.6666666666666666, 0.7333333333333333, 0.7254901960784313, 0.75, 0.7272727272727273, 0.6666666666666667, 0.0, 0.4879518072289157, 0.45783132530120485, 0.44578313253012053, 0.0, 0.0, 0.0, 0.0, 0.0, 1.0, 0.0, 0.0, 0.0, 0.0, 0.0, 0.0, 0.0, 0.0, 0.0, 0.0, 0.0, 0.0, 0.0, 0.0, 0.0], [0.3855421686746988, 0.8333333333333333, 0.7666666666666667, 0.7254901960784313, 0.75, 0.7272727272727273, 0.6666666666666667, 1.0, 0.3855421686746988, 0.5120481927710844, 0.41566265060240964, 0.0, 0.0, 0.0, 0.0, 0.0, 0.0, 0.0, 0.0, 0.0, 0.0, 0.0, 0.0, 0.0, 0.0, 0.0, 0.0, 0.0, 0.0, 0.0, 0.0, 0.0]]",0.48647651076316833,80.75510078668594,5.0,24.0,38.0,4.0,9.0,3.0,1.0,64.0,85.0,69.0,0.0,0.0,0.0,0.0,0.0,0.0,0.0,0.0,0.0,0.0,0.0,0.0,0.0,0.0,0.0,0.0,0.0,0.0,0.0,0.0,0.0,0.8333333333333333,0.7666666666666667,0.7254901960784313,0.75,0.7272727272727273,0.6666666666666667,1.0,0.3855421686746988,0.5120481927710844,0.41566265060240964,0.0,0.0,0.0,0.0,0.0,0.0,0.0,0.0,0.0,0.0,0.0,0.0,0.0,0.0,0.0,0.0,0.0,0.0,0.0,0.0,0.0
1,"[[0.6325301204819277, 0.0, 0.6, 0.7254901960784313, 0.5, 0.7272727272727273, 0.6666666666666667, 0.0, 0.6325301204819277, 0.572289156626506, 0.4096385542168675, 0.0, 0.0, 0.0, 0.0, 1.0, 0.0, 0.0, 0.0, 0.0, 0.0, 0.0, 0.0, 0.0, 0.0, 0.0, 0.0, 0.0, 0.0, 0.0, 0.0, 0.0], [0.5060240963855422, 0.16666666666666666, 0.6333333333333333, 0.7254901960784313, 0.5, 0.7272727272727273, 0.6666666666666667, 0.0, 0.5060240963855422, 0.42168674698795183, 0.608433734939759, 0.0, 0.0, 0.0, 0.0, 0.0, 0.0, 0.0, 0.0, 0.0, 0.0, 0.0, 0.0, 0.0, 0.0, 0.0, 0.0, 0.0, 0.0, 0.0, 0.0, 0.0], [0.30120481927710846, 0.3333333333333333, 0.6666666666666666, 0.7254901960784313, 0.5, 0.7272727272727273, 0.6666666666666667, 0.0, 0.30120481927710846, 0.3795180722891566, 0.427710843373494, 0.0, 0.0, 0.0, 0.0, 0.0, 0.0, 0.0, 0.0, 0.0, 0.0, 0.0, 0.0, 0.0, 0.0, 0.0, 0.0, 0.0, 0.0, 0.0, 0.0, 0.0], [0.45783132530120485, 0.5, 0.7, 0.7254901960784313, 0.75, 0.7272727272727273, 0.6666666666666667, 0.0, 0.45783132530120485, 0.3674698795180723, 0.427710843373494, 0.0, 0.0, 0.0, 0.0, 0.0, 0.0, 0.0, 0.0, 0.0, 0.0, 0.0, 0.0, 0.0, 0.0, 0.0, 0.0, 0.0, 0.0, 0.0, 0.0, 0.0], [0.4879518072289157, 0.6666666666666666, 0.7333333333333333, 0.7254901960784313, 0.75, 0.7272727272727273, 0.6666666666666667, 0.0, 0.4879518072289157, 0.45783132530120485, 0.44578313253012053, 0.0, 0.0, 0.0, 0.0, 0.0, 1.0, 0.0, 0.0, 0.0, 0.0, 0.0, 0.0, 0.0, 0.0, 0.0, 0.0, 0.0, 0.0, 0.0, 0.0, 0.0], [0.3855421686746988, 0.8333333333333333, 0.7666666666666667, 0.7254901960784313, 0.75, 0.7272727272727273, 0.6666666666666667, 1.0, 0.3855421686746988, 0.5120481927710844, 0.41566265060240964, 0.0, 0.0, 0.0, 0.0, 0.0, 0.0, 0.0, 0.0, 0.0, 0.0, 0.0, 0.0, 0.0, 0.0, 0.0, 0.0, 0.0, 0.0, 0.0, 0.0, 0.0], [0.48647651076316833, 1.0, 0.8, 0.7254901960784313, 0.75, 0.7272727272727273, 0.6666666666666667, 1.0, 0.48647651076316833, 0.6325301204819277, 0.6325301204819277, 0.0, 0.0, 0.0, 0.0, 0.0, 0.0, 0.0, 0.0, 0.0, 0.0, 0.0, 0.0, 0.0, 0.0, 0.0, 0.0, 0.0, 0.0, 0.0, 0.0, 0.0]]",0.615708589553833,102.20762586593628,6.0,25.0,38.0,4.0,9.0,3.0,1.0,80.75510078668594,104.99999999999999,104.99999999999999,0.0,0.0,0.0,0.0,0.0,0.0,0.0,0.0,0.0,0.0,0.0,0.0,0.0,0.0,0.0,0.0,0.0,0.0,0.0,0.0,0.0,1.0,0.8,0.7254901960784313,0.75,0.7272727272727273,0.6666666666666667,1.0,0.48647651076316833,0.6325301204819277,0.6325301204819277,0.0,0.0,0.0,0.0,0.0,0.0,0.0,0.0,0.0,0.0,0.0,0.0,0.0,0.0,0.0,0.0,0.0,0.0,0.0,0.0,0.0
2,"[[0.5060240963855422, 0.16666666666666666, 0.6333333333333333, 0.7254901960784313, 0.5, 0.7272727272727273, 0.6666666666666667, 0.0, 0.5060240963855422, 0.42168674698795183, 0.608433734939759, 0.0, 0.0, 0.0, 0.0, 0.0, 0.0, 0.0, 0.0, 0.0, 0.0, 0.0, 0.0, 0.0, 0.0, 0.0, 0.0, 0.0, 0.0, 0.0, 0.0, 0.0], [0.30120481927710846, 0.3333333333333333, 0.6666666666666666, 0.7254901960784313, 0.5, 0.7272727272727273, 0.6666666666666667, 0.0, 0.30120481927710846, 0.3795180722891566, 0.427710843373494, 0.0, 0.0, 0.0, 0.0, 0.0, 0.0, 0.0, 0.0, 0.0, 0.0, 0.0, 0.0, 0.0, 0.0, 0.0, 0.0, 0.0, 0.0, 0.0, 0.0, 0.0], [0.45783132530120485, 0.5, 0.7, 0.7254901960784313, 0.75, 0.7272727272727273, 0.6666666666666667, 0.0, 0.45783132530120485, 0.3674698795180723, 0.427710843373494, 0.0, 0.0, 0.0, 0.0, 0.0, 0.0, 0.0, 0.0, 0.0, 0.0, 0.0, 0.0, 0.0, 0.0, 0.0, 0.0, 0.0, 0.0, 0.0, 0.0, 0.0], [0.4879518072289157, 0.6666666666666666, 0.7333333333333333, 0.7254901960784313, 0.75, 0.7272727272727273, 0.6666666666666667, 0.0, 0.4879518072289157, 0.45783132530120485, 0.44578313253012053, 0.0, 0.0, 0.0, 0.0, 0.0, 1.0, 0.0, 0.0, 0.0, 0.0, 0.0, 0.0, 0.0, 0.0, 0.0, 0.0, 0.0, 0.0, 0.0, 0.0, 0.0], [0.3855421686746988, 0.8333333333333333, 0.7666666666666667, 0.7254901960784313, 0.75, 0.7272727272727273, 0.6666666666666667, 1.0, 0.3855421686746988, 0.5120481927710844, 0.41566265060240964, 0.0, 0.0, 0.0, 0.0, 0.0, 0.0, 0.0, 0.0, 0.0, 0.0, 0.0, 0.0, 0.0, 0.0, 0.0, 0.0, 0.0, 0.0, 0.0, 0.0, 0.0], [0.48647651076316833, 1.0, 0.8, 0.7254901960784313, 0.75, 0.7272727272727273, 0.6666666666666667, 1.0, 0.48647651076316833, 0.6325301204819277, 0.6325301204819277, 0.0, 0.0, 0.0, 0.0, 0.0, 0.0, 0.0, 0.0, 0.0, 0.0, 0.0, 0.0, 0.0, 0.0, 0.0, 0.0, 0.0, 0.0, 0.0, 0.0, 0.0], [0.615708589553833, 0.0, 0.8333333333333334, 0.7450980392156862, 0.75, 0.7272727272727273, 0.6666666666666667, 0.0, 0.615708589553833, 0.5060240963855422, 0.5060240963855422, 0.0, 0.0, 0.0, 0.0, 1.0, 0.0, 0.0, 0.0, 0.0, 0.0, 0.0, 0.0, 0.0, 0.0, 0.0, 0.0, 0.0, 0.0, 0.0, 0.0, 0.0]]",0.5078098773956299,84.29643964767456,0.0,26.0,39.0,4.0,9.0,3.0,0.0,102.20762586593628,84.00000000000001,84.00000000000001,0.0,0.0,0.0,0.0,1.0,0.0,0.0,0.0,0.0,0.0,0.0,0.0,0.0,0.0,0.0,0.0,0.0,0.0,0.0,0.0,0.0,0.0,0.8333333333333334,0.7450980392156862,0.75,0.7272727272727273,0.6666666666666667,0.0,0.615708589553833,0.5060240963855422,0.5060240963855422,0.0,0.0,0.0,0.0,1.0,0.0,0.0,0.0,0.0,0.0,0.0,0.0,0.0,0.0,0.0,0.0,0.0,0.0,0.0,0.0,0.0
3,"[[0.30120481927710846, 0.3333333333333333, 0.6666666666666666, 0.7254901960784313, 0.5, 0.7272727272727273, 0.6666666666666667, 0.0, 0.30120481927710846, 0.3795180722891566, 0.427710843373494, 0.0, 0.0, 0.0, 0.0, 0.0, 0.0, 0.0, 0.0, 0.0, 0.0, 0.0, 0.0, 0.0, 0.0, 0.0, 0.0, 0.0, 0.0, 0.0, 0.0, 0.0], [0.45783132530120485, 0.5, 0.7, 0.7254901960784313, 0.75, 0.7272727272727273, 0.6666666666666667, 0.0, 0.45783132530120485, 0.3674698795180723, 0.427710843373494, 0.0, 0.0, 0.0, 0.0, 0.0, 0.0, 0.0, 0.0, 0.0, 0.0, 0.0, 0.0, 0.0, 0.0, 0.0, 0.0, 0.0, 0.0, 0.0, 0.0, 0.0], [0.4879518072289157, 0.6666666666666666, 0.7333333333333333, 0.7254901960784313, 0.75, 0.7272727272727273, 0.6666666666666667, 0.0, 0.4879518072289157, 0.45783132530120485, 0.44578313253012053, 0.0, 0.0, 0.0, 0.0, 0.0, 1.0, 0.0, 0.0, 0.0, 0.0, 0.0, 0.0, 0.0, 0.0, 0.0, 0.0, 0.0, 0.0, 0.0, 0.0, 0.0], [0.3855421686746988, 0.8333333333333333, 0.7666666666666667, 0.7254901960784313, 0.75, 0.7272727272727273, 0.6666666666666667, 1.0, 0.3855421686746988, 0.5120481927710844, 0.41566265060240964, 0.0, 0.0, 0.0, 0.0, 0.0, 0.0, 0.0, 0.0, 0.0, 0.0, 0.0, 0.0, 0.0, 0.0, 0.0, 0.0, 0.0, 0.0, 0.0, 0.0, 0.0], [0.48647651076316833, 1.0, 0.8, 0.7254901960784313, 0.75, 0.7272727272727273, 0.6666666666666667, 1.0, 0.48647651076316833, 0.6325301204819277, 0.6325301204819277, 0.0, 0.0, 0.0, 0.0, 0.0, 0.0, 0.0, 0.0, 0.0, 0.0, 0.0, 0.0, 0.0, 0.0, 0.0, 0.0, 0.0, 0.0, 0.0, 0.0, 0.0], [0.615708589553833, 0.0, 0.8333333333333334, 0.7450980392156862, 0.75, 0.7272727272727273, 0.6666666666666667, 0.0, 0.615708589553833, 0.5060240963855422, 0.5060240963855422, 0.0, 0.0, 0.0, 0.0, 1.0, 0.0, 0.0, 0.0, 0.0, 0.0, 0.0, 0.0, 0.0, 0.0, 0.0, 0.0, 0.0, 0.0, 0.0, 0.0, 0.0], [0.5078098773956299, 0.16666666666666666, 0.8666666666666667, 0.7450980392156862, 0.75, 0.7272727272727273, 0.6666666666666667, 0.0, 0.5078098773956299, 0.30120481927710846, 0.30120481927710846, 0.0, 0.0, 0.0, 0.0, 0.0, 0.0, 0.0, 0.0, 0.0, 0.0, 0.0, 0.0, 0.0, 0.0, 0.0, 0.0, 0.0, 0.0, 0.0, 0.0, 0.0]]",0.4112347960472107,68.26497614383698,1.0,27.0,39.0,4.0,9.0,3.0,0.0,84.29643964767456,50.0,50.0,0.0,0.0,0.0,0.0,0.0,0.0,0.0,0.0,0.0,0.0,0.0,0.0,0.0,0.0,0.0,0.0,0.0,0.0,0.0,0.0,0.0,0.16666666666666666,0.8666666666666667,0.7450980392156862,0.75,0.7272727272727273,0.6666666666666667,0.0,0.5078098773956299,0.30120481927710846,0.30120481927710846,0.0,0.0,0.0,0.0,0.0,0.0,0.0,0.0,0.0,0.0,0.0,0.0,0.0,0.0,0.0,0.0,0.0,0.0,0.0,0.0,0.0
4,"[[0.45783132530120485, 0.5, 0.7, 0.7254901960784313, 0.75, 0.7272727272727273, 0.6666666666666667, 0.0, 0.45783132530120485, 0.3674698795180723, 0.427710843373494, 0.0, 0.0, 0.0, 0.0, 0.0, 0.0, 0.0, 0.0, 0.0, 0.0, 0.0, 0.0, 0.0, 0.0, 0.0, 0.0, 0.0, 0.0, 0.0, 0.0, 0.0], [0.4879518072289157, 0.6666666666666666, 0.7333333333333333, 0.7254901960784313, 0.75, 0.7272727272727273, 0.6666666666666667, 0.0, 0.4879518072289157, 0.45783132530120485, 0.44578313253012053, 0.0, 0.0, 0.0, 0.0, 0.0, 1.0, 0.0, 0.0, 0.0, 0.0, 0.0, 0.0, 0.0, 0.0, 0.0, 0.0, 0.0, 0.0, 0.0, 0.0, 0.0], [0.3855421686746988, 0.8333333333333333, 0.7666666666666667, 0.7254901960784313, 0.75, 0.7272727272727273, 0.6666666666666667, 1.0, 0.3855421686746988, 0.5120481927710844, 0.41566265060240964, 0.0, 0.0, 0.0, 0.0, 0.0, 0.0, 0.0, 0.0, 0.0, 0.0, 0.0, 0.0, 0.0, 0.0, 0.0, 0.0, 0.0, 0.0, 0.0, 0.0, 0.0], [0.48647651076316833, 1.0, 0.8, 0.7254901960784313, 0.75, 0.7272727272727273, 0.6666666666666667, 1.0, 0.48647651076316833, 0.6325301204819277, 0.6325301204819277, 0.0, 0.0, 0.0, 0.0, 0.0, 0.0, 0.0, 0.0, 0.0, 0.0, 0.0, 0.0, 0.0, 0.0, 0.0, 0.0, 0.0, 0.0, 0.0, 0.0, 0.0], [0.615708589553833, 0.0, 0.8333333333333334, 0.7450980392156862, 0.75, 0.7272727272727273, 0.6666666666666667, 0.0, 0.615708589553833, 0.5060240963855422, 0.5060240963855422, 0.0, 0.0, 0.0, 0.0, 1.0, 0.0, 0.0, 0.0, 0.0, 0.0, 0.0, 0.0, 0.0, 0.0, 0.0, 0.0, 0.0, 0.0, 0.0, 0.0, 0.0], [0.5078098773956299, 0.16666666666666666, 0.8666666666666667, 0.7450980392156862, 0.75, 0.7272727272727273, 0.6666666666666667, 0.0, 0.5078098773956299, 0.30120481927710846, 0.30120481927710846, 0.0, 0.0, 0.0, 0.0, 0.0, 0.0, 0.0, 0.0, 0.0, 0.0, 0.0, 0.0, 0.0, 0.0, 0.0, 0.0, 0.0, 0.0, 0.0, 0.0, 0.0], [0.4112347960472107, 0.3333333333333333, 0.9, 0.7450980392156862, 0.75, 0.7272727272727273, 0.6666666666666667, 0.0, 0.4112347960472107, 0.45783132530120485, 0.45783132530120485, 0.0, 0.0, 0.0, 0.0, 0.0, 0.0, 0.0, 0.0, 0.0, 0.0, 0.0, 0.0, 0.0, 0.0, 0.0, 0.0, 0.0, 0.0, 0.0, 0.0, 0.0]]",0.4172777831554413,69.26811200380325,2.0,28.0,39.0,4.0,9.0,3.0,0.0,68.26497614383698,76.0,76.0,0.0,0.0,0.0,0.0,0.0,0.0,0.0,0.0,0.0,0.0,0.0,0.0,0.0,0.0,0.0,0.0,0.0,0.0,0.0,0.0,0.0,0.3333333333333333,0.9,0.7450980392156862,0.75,0.7272727272727273,0.6666666666666667,0.0,0.4112347960472107,0.45783132530120485,0.45783132530120485,0.0,0.0,0.0,0.0,0.0,0.0,0.0,0.0,0.0,0.0,0.0,0.0,0.0,0.0,0.0,0.0,0.0,0.0,0.0,0.0,0.0
5,"[[0.4879518072289157, 0.6666666666666666, 0.7333333333333333, 0.7254901960784313, 0.75, 0.7272727272727273, 0.6666666666666667, 0.0, 0.4879518072289157, 0.45783132530120485, 0.44578313253012053, 0.0, 0.0, 0.0, 0.0, 0.0, 1.0, 0.0, 0.0, 0.0, 0.0, 0.0, 0.0, 0.0, 0.0, 0.0, 0.0, 0.0, 0.0, 0.0, 0.0, 0.0], [0.3855421686746988, 0.8333333333333333, 0.7666666666666667, 0.7254901960784313, 0.75, 0.7272727272727273, 0.6666666666666667, 1.0, 0.3855421686746988, 0.5120481927710844, 0.41566265060240964, 0.0, 0.0, 0.0, 0.0, 0.0, 0.0, 0.0, 0.0, 0.0, 0.0, 0.0, 0.0, 0.0, 0.0, 0.0, 0.0, 0.0, 0.0, 0.0, 0.0, 0.0], [0.48647651076316833, 1.0, 0.8, 0.7254901960784313, 0.75, 0.7272727272727273, 0.6666666666666667, 1.0, 0.48647651076316833, 0.6325301204819277, 0.6325301204819277, 0.0, 0.0, 0.0, 0.0, 0.0, 0.0, 0.0, 0.0, 0.0, 0.0, 0.0, 0.0, 0.0, 0.0, 0.0, 0.0, 0.0, 0.0, 0.0, 0.0, 0.0], [0.615708589553833, 0.0, 0.8333333333333334, 0.7450980392156862, 0.75, 0.7272727272727273, 0.6666666666666667, 0.0, 0.615708589553833, 0.5060240963855422, 0.5060240963855422, 0.0, 0.0, 0.0, 0.0, 1.0, 0.0, 0.0, 0.0, 0.0, 0.0, 0.0, 0.0, 0.0, 0.0, 0.0, 0.0, 0.0, 0.0, 0.0, 0.0, 0.0], [0.5078098773956299, 0.16666666666666666, 0.8666666666666667, 0.7450980392156862, 0.75, 0.7272727272727273, 0.6666666666666667, 0.0, 0.5078098773956299, 0.30120481927710846, 0.30120481927710846, 0.0, 0.0, 0.0, 0.0, 0.0, 0.0, 0.0, 0.0, 0.0, 0.0, 0.0, 0.0, 0.0, 0.0, 0.0, 0.0, 0.0, 0.0, 0.0, 0.0, 0.0], [0.4112347960472107, 0.3333333333333333, 0.9, 0.7450980392156862, 0.75, 0.7272727272727273, 0.6666666666666667, 0.0, 0.4112347960472107, 0.45783132530120485, 0.45783132530120485, 0.0, 0.0, 0.0, 0.0, 0.0, 0.0, 0.0, 0.0, 0.0, 0.0, 0.0, 0.0, 0.0, 0.0, 0.0, 0.0, 0.0, 0.0, 0.0, 0.0, 0.0], [0.4172777831554413, 0.5, 0.9333333333333333, 0.7450980392156862, 1.0, 0.7272727272727273, 0.6666666666666667, 0.0, 0.4172777831554413, 0.4879518072289157, 0.4879518072289157, 0.0, 0.0, 0.0, 0.0, 0.0, 0.0, 0.0, 0.0, 0.0, 0.0, 0.0, 0.0, 0.0, 0.0, 0.0, 0.0, 0.0, 0.0, 0.0, 0.0, 0.0]]",0.4411289691925049,73.22740888595581,3.0,29.0,39.0,5.0,9.0,3.0,0.0,69.26811200380325,81.0,81.0,0.0,0.0,0.0,0.0,0.0,0.0,0.0,0.0,0.0,0.0,0.0,0.0,0.0,0.0,0.0,0.0,0.0,0.0,0.0,0.0,0.0,0.5,0.9333333333333333,0.7450980392156862,1.0,0.7272727272727273,0.6666666666666667,0.0,0.4172777831554413,0.4879518072289157,0.4879518072289157,0.0,0.0,0.0,0.0,0.0,0.0,0.0,0.0,0.0,0.0,0.0,0.0,0.0,0.0,0.0,0.0,0.0,0.0,0.0,0.0,0.0
6,"[[0.3855421686746988, 0.8333333333333333, 0.7666666666666667, 0.7254901960784313, 0.75, 0.7272727272727273, 0.6666666666666667, 1.0, 0.3855421686746988, 0.5120481927710844, 0.41566265060240964, 0.0, 0.0, 0.0, 0.0, 0.0, 0.0, 0.0, 0.0, 0.0, 0.0, 0.0, 0.0, 0.0, 0.0, 0.0, 0.0, 0.0, 0.0, 0.0, 0.0, 0.0], [0.48647651076316833, 1.0, 0.8, 0.7254901960784313, 0.75, 0.7272727272727273, 0.6666666666666667, 1.0, 0.48647651076316833, 0.6325301204819277, 0.6325301204819277, 0.0, 0.0, 0.0, 0.0, 0.0, 0.0, 0.0, 0.0, 0.0, 0.0, 0.0, 0.0, 0.0, 0.0, 0.0, 0.0, 0.0, 0.0, 0.0, 0.0, 0.0], [0.615708589553833, 0.0, 0.8333333333333334, 0.7450980392156862, 0.75, 0.7272727272727273, 0.6666666666666667, 0.0, 0.615708589553833, 0.5060240963855422, 0.5060240963855422, 0.0, 0.0, 0.0, 0.0, 1.0, 0.0, 0.0, 0.0, 0.0, 0.0, 0.0, 0.0, 0.0, 0.0, 0.0, 0.0, 0.0, 0.0, 0.0, 0.0, 0.0], [0.5078098773956299, 0.16666666666666666, 0.8666666666666667, 0.7450980392156862, 0.75, 0.7272727272727273, 0.6666666666666667, 0.0, 0.5078098773956299, 0.30120481927710846, 0.30120481927710846, 0.0, 0.0, 0.0, 0.0, 0.0, 0.0, 0.0, 0.0, 0.0, 0.0, 0.0, 0.0, 0.0, 0.0, 0.0, 0.0, 0.0, 0.0, 0.0, 0.0, 0.0], [0.4112347960472107, 0.3333333333333333, 0.9, 0.7450980392156862, 0.75, 0.7272727272727273, 0.6666666666666667, 0.0, 0.4112347960472107, 0.45783132530120485, 0.45783132530120485, 0.0, 0.0, 0.0, 0.0, 0.0, 0.0, 0.0, 0.0, 0.0, 0.0, 0.0, 0.0, 0.0, 0.0, 0.0, 0.0, 0.0, 0.0, 0.0, 0.0, 0.0], [0.4172777831554413, 0.5, 0.9333333333333333, 0.7450980392156862, 1.0, 0.7272727272727273, 0.6666666666666667, 0.0, 0.4172777831554413, 0.4879518072289157, 0.4879518072289157, 0.0, 0.0, 0.0, 0.0, 0.0, 0.0, 0.0, 0.0, 0.0, 0.0, 0.0, 0.0, 0.0, 0.0, 0.0, 0.0, 0.0, 0.0, 0.0, 0.0, 0.0], [0.4411289691925049, 0.6666666666666666, 0.9666666666666667, 0.7450980392156862, 1.0, 0.7272727272727273, 0.6666666666666667, 0.0, 0.4411289691925049, 0.3855421686746988, 0.3855421686746988, 0.0, 1.0, 0.0, 1.0, 0.0, 1.0, 0.0, 0.0, 0.0, 0.0, 0.0, 0.0, 0.0, 0.0, 0.0, 0.0, 0.0, 0.0, 0.0, 0.0, 0.0]]",0.5677578449249268,94.24780225753784,4.0,30.0,39.0,5.0,9.0,3.0,0.0,73.22740888595581,64.0,64.0,0.0,1.0,0.0,1.0,0.0,1.0,0.0,0.0,0.0,0.0,0.0,0.0,0.0,0.0,0.0,0.0,0.0,0.0,0.0,0.0,0.0,0.6666666666666666,0.9666666666666667,0.7450980392156862,1.0,0.7272727272727273,0.6666666666666667,0.0,0.4411289691925049,0.3855421686746988,0.3855421686746988,0.0,1.0,0.0,1.0,0.0,1.0,0.0,0.0,0.0,0.0,0.0,0.0,0.0,0.0,0.0,0.0,0.0,0.0,0.0,0.0,0.0
7,"[[0.48647651076316833, 1.0, 0.8, 0.7254901960784313, 0.75, 0.7272727272727273, 0.6666666666666667, 1.0, 0.48647651076316833, 0.6325301204819277, 0.6325301204819277, 0.0, 0.0, 0.0, 0.0, 0.0, 0.0, 0.0, 0.0, 0.0, 0.0, 0.0, 0.0, 0.0, 0.0, 0.0, 0.0, 0.0, 0.0, 0.0, 0.0, 0.0], [0.615708589553833, 0.0, 0.8333333333333334, 0.7450980392156862, 0.75, 0.7272727272727273, 0.6666666666666667, 0.0, 0.615708589553833, 0.5060240963855422, 0.5060240963855422, 0.0, 0.0, 0.0, 0.0, 1.0, 0.0, 0.0, 0.0, 0.0, 0.0, 0.0, 0.0, 0.0, 0.0, 0.0, 0.0, 0.0, 0.0, 0.0, 0.0, 0.0], [0.5078098773956299, 0.16666666666666666, 0.8666666666666667, 0.7450980392156862, 0.75, 0.7272727272727273, 0.6666666666666667, 0.0, 0.5078098773956299, 0.30120481927710846, 0.30120481927710846, 0.0, 0.0, 0.0, 0.0, 0.0, 0.0, 0.0, 0.0, 0.0, 0.0, 0.0, 0.0, 0.0, 0.0, 0.0, 0.0, 0.0, 0.0, 0.0, 0.0, 0.0], [0.4112347960472107, 0.3333333333333333, 0.9, 0.7450980392156862, 0.75, 0.7272727272727273, 0.6666666666666667, 0.0, 0.4112347960472107, 0.45783132530120485, 0.45783132530120485, 0.0, 0.0, 0.0, 0.0, 0.0, 0.0, 0.0, 0.0, 0.0, 0.0, 0.0, 0.0, 0.0, 0.0, 0.0, 0.0, 0.0, 0.0, 0.0, 0.0, 0.0], [0.4172777831554413, 0.5, 0.9333333333333333, 0.7450980392156862, 1.0, 0.7272727272727273, 0.6666666666666667, 0.0, 0.4172777831554413, 0.4879518072289157, 0.4879518072289157, 0.0, 0.0, 0.0, 0.0, 0.0, 0.0, 0.0, 0.0, 0.0, 0.0, 0.0, 0.0, 0.0, 0.0, 0.0, 0.0, 0.0, 0.0, 0.0, 0.0, 0.0], [0.4411289691925049, 0.6666666666666666, 0.9666666666666667, 0.7450980392156862, 1.0, 0.7272727272727273, 0.6666666666666667, 0.0, 0.4411289691925049, 0.3855421686746988, 0.3855421686746988, 0.0, 1.0, 0.0, 1.0, 0.0, 1.0, 0.0, 0.0, 0.0, 0.0, 0.0, 0.0, 0.0, 0.0, 0.0, 0.0, 0.0, 0.0, 0.0, 0.0, 0.0], [0.5677578449249268, 0.8333333333333333, 0.0, 0.7450980392156862, 0.0, 0.8181818181818182, 1.0, 1.0, 0.5677578477974398, 0.48647653051169526, 0.48647653051169526, 1.0, 0.0, 1.0, 0.0, 0.0, 0.0, 0.0, 0.0, 0.0, 0.0, 0.0, 0.0, 0.0, 0.0, 0.0, 0.0, 0.0, 0.0, 0.0, 0.0, 0.0]]",0.5524144172668457,91.70079326629639,5.0,1.0,39.0,1.0,10.0,4.0,1.0,94.247802734375,80.7551040649414,80.7551040649414,1.0,0.0,1.0,0.0,0.0,0.0,0.0,0.0,0.0,0.0,0.0,0.0,0.0,0.0,0.0,0.0,0.0,0.0,0.0,0.0,0.0,0.8333333333333333,0.0,0.7450980392156862,0.0,0.8181818181818182,1.0,1.0,0.5677578477974398,0.48647653051169526,0.48647653051169526,1.0,0.0,1.0,0.0,0.0,0.0,0.0,0.0,0.0,0.0,0.0,0.0,0.0,0.0,0.0,0.0,0.0,0.0,0.0,0.0,0.0
8,"[[0.615708589553833, 0.0, 0.8333333333333334, 0.7450980392156862, 0.75, 0.7272727272727273, 0.6666666666666667, 0.0, 0.615708589553833, 0.5060240963855422, 0.5060240963855422, 0.0, 0.0, 0.0, 0.0, 1.0, 0.0, 0.0, 0.0, 0.0, 0.0, 0.0, 0.0, 0.0, 0.0, 0.0, 0.0, 0.0, 0.0, 0.0, 0.0, 0.0], [0.5078098773956299, 0.16666666666666666, 0.8666666666666667, 0.7450980392156862, 0.75, 0.7272727272727273, 0.6666666666666667, 0.0, 0.5078098773956299, 0.30120481927710846, 0.30120481927710846, 0.0, 0.0, 0.0, 0.0, 0.0, 0.0, 0.0, 0.0, 0.0, 0.0, 0.0, 0.0, 0.0, 0.0, 0.0, 0.0, 0.0, 0.0, 0.0, 0.0, 0.0], [0.4112347960472107, 0.3333333333333333, 0.9, 0.7450980392156862, 0.75, 0.7272727272727273, 0.6666666666666667, 0.0, 0.4112347960472107, 0.45783132530120485, 0.45783132530120485, 0.0, 0.0, 0.0, 0.0, 0.0, 0.0, 0.0, 0.0, 0.0, 0.0, 0.0, 0.0, 0.0, 0.0, 0.0, 0.0, 0.0, 0.0, 0.0, 0.0, 0.0], [0.4172777831554413, 0.5, 0.9333333333333333, 0.7450980392156862, 1.0, 0.7272727272727273, 0.6666666666666667, 0.0, 0.4172777831554413, 0.4879518072289157, 0.4879518072289157, 0.0, 0.0, 0.0, 0.0, 0.0, 0.0, 0.0, 0.0, 0.0, 0.0, 0.0, 0.0, 0.0, 0.0, 0.0, 0.0, 0.0, 0.0, 0.0, 0.0, 0.0], [0.4411289691925049, 0.6666666666666666, 0.9666666666666667, 0.7450980392156862, 1.0, 0.7272727272727273, 0.6666666666666667, 0.0, 0.4411289691925049, 0.3855421686746988, 0.3855421686746988, 0.0, 1.0, 0.0, 1.0, 0.0, 1.0, 0.0, 0.0, 0.0, 0.0, 0.0, 0.0, 0.0, 0.0, 0.0, 0.0, 0.0, 0.0, 0.0, 0.0, 0.0], [0.5677578449249268, 0.8333333333333333, 0.0, 0.7450980392156862, 0.0, 0.8181818181818182, 1.0, 1.0, 0.5677578477974398, 0.48647653051169526, 0.48647653051169526, 1.0, 0.0, 1.0, 0.0, 0.0, 0.0, 0.0, 0.0, 0.0, 0.0, 0.0, 0.0, 0.0, 0.0, 0.0, 0.0, 0.0, 0.0, 0.0, 0.0, 0.0], [0.5524144172668457, 1.0, 0.03333333333333333, 0.7450980392156862, 0.0, 0.8181818181818182, 1.0, 1.0, 0.5524144000317677, 0.615708592426346, 0.615708592426346, 0.0, 0.0, 0.0, 0.0, 0.0, 0.0, 0.0, 0.0, 0.0, 0.0, 0.0, 0.0, 0.0, 0.0, 0.0, 0.0, 0.0, 0.0, 0.0, 0.0, 0.0]]",0.49579066038131714,82.30124962329865,6.0,2.0,39.0,1.0,10.0,4.0,1.0,91.70079040527342,102.20762634277344,102.20762634277344,0.0,0.0,0.0,0.0,0.0,0.0,0.0,0.0,0.0,0.0,0.0,0.0,0.0,0.0,0.0,0.0,0.0,0.0,0.0,0.0,0.0,1.0,0.03333333333333333,0.7450980392156862,0.0,0.8181818181818182,1.0,1.0,0.5524144000317677,0.615708592426346,0.615708592426346,0.0,0.0,0.0,0.0,0.0,0.0,0.0,0.0,0.0,0.0,0.0,0.0,0.0,0.0,0.0,0.0,0.0,0.0,0.0,0.0,0.0
9,"[[0.5078098773956299, 0.16666666666666666, 0.8666666666666667, 0.7450980392156862, 0.75, 0.7272727272727273, 0.6666666666666667, 0.0, 0.5078098773956299, 0.30120481927710846, 0.30120481927710846, 0.0, 0.0, 0.0, 0.0, 0.0, 0.0, 0.0, 0.0, 0.0, 0.0, 0.0, 0.0, 0.0, 0.0, 0.0, 0.0, 0.0, 0.0, 0.0, 0.0, 0.0], [0.4112347960472107, 0.3333333333333333, 0.9, 0.7450980392156862, 0.75, 0.7272727272727273, 0.6666666666666667, 0.0, 0.4112347960472107, 0.45783132530120485, 0.45783132530120485, 0.0, 0.0, 0.0, 0.0, 0.0, 0.0, 0.0, 0.0, 0.0, 0.0, 0.0, 0.0, 0.0, 0.0, 0.0, 0.0, 0.0, 0.0, 0.0, 0.0, 0.0], [0.4172777831554413, 0.5, 0.9333333333333333, 0.7450980392156862, 1.0, 0.7272727272727273, 0.6666666666666667, 0.0, 0.4172777831554413, 0.4879518072289157, 0.4879518072289157, 0.0, 0.0, 0.0, 0.0, 0.0, 0.0, 0.0, 0.0, 0.0, 0.0, 0.0, 0.0, 0.0, 0.0, 0.0, 0.0, 0.0, 0.0, 0.0, 0.0, 0.0], [0.4411289691925049, 0.6666666666666666, 0.9666666666666667, 0.7450980392156862, 1.0, 0.7272727272727273, 0.6666666666666667, 0.0, 0.4411289691925049, 0.3855421686746988, 0.3855421686746988, 0.0, 1.0, 0.0, 1.0, 0.0, 1.0, 0.0, 0.0, 0.0, 0.0, 0.0, 0.0, 0.0, 0.0, 0.0, 0.0, 0.0, 0.0, 0.0, 0.0, 0.0], [0.5677578449249268, 0.8333333333333333, 0.0, 0.7450980392156862, 0.0, 0.8181818181818182, 1.0, 1.0, 0.5677578477974398, 0.48647653051169526, 0.48647653051169526, 1.0, 0.0, 1.0, 0.0, 0.0, 0.0, 0.0, 0.0, 0.0, 0.0, 0.0, 0.0, 0.0, 0.0, 0.0, 0.0, 0.0, 0.0, 0.0, 0.0, 0.0], [0.5524144172668457, 1.0, 0.03333333333333333, 0.7450980392156862, 0.0, 0.8181818181818182, 1.0, 1.0, 0.5524144000317677, 0.615708592426346, 0.615708592426346, 0.0, 0.0, 0.0, 0.0, 0.0, 0.0, 0.0, 0.0, 0.0, 0.0, 0.0, 0.0, 0.0, 0.0, 0.0, 0.0, 0.0, 0.0, 0.0, 0.0, 0.0], [0.49579066038131714, 0.0, 0.06666666666666668, 0.7647058823529411, 0.0, 0.8181818181818182, 1.0, 0.0, 0.4957906424281109, 0.5078098802681429, 0.5078098802681429, 0.0, 0.0, 0.0, 0.0, 1.0, 0.0, 0.0, 0.0, 0.0, 0.0, 0.0, 0.0, 0.0, 0.0, 0.0, 0.0, 0.0, 0.0, 0.0, 0.0, 0.0]]",0.4401964247226715,73.07260650396347,0.0,3.0,40.0,1.0,10.0,4.0,0.0,82.3012466430664,84.29644012451172,84.29644012451172,0.0,0.0,0.0,0.0,1.0,0.0,0.0,0.0,0.0,0.0,0.0,0.0,0.0,0.0,0.0,0.0,0.0,0.0,0.0,0.0,0.0,0.0,0.06666666666666668,0.7647058823529411,0.0,0.8181818181818182,1.0,0.0,0.4957906424281109,0.5078098802681429,0.5078098802681429,0.0,0.0,0.0,0.0,1.0,0.0,0.0,0.0,0.0,0.0,0.0,0.0,0.0,0.0,0.0,0.0,0.0,0.0,0.0,0.0,0.0
10,"[[0.4112347960472107, 0.3333333333333333, 0.9, 0.7450980392156862, 0.75, 0.7272727272727273, 0.6666666666666667, 0.0, 0.4112347960472107, 0.45783132530120485, 0.45783132530120485, 0.0, 0.0, 0.0, 0.0, 0.0, 0.0, 0.0, 0.0, 0.0, 0.0, 0.0, 0.0, 0.0, 0.0, 0.0, 0.0, 0.0, 0.0, 0.0, 0.0, 0.0], [0.4172777831554413, 0.5, 0.9333333333333333, 0.7450980392156862, 1.0, 0.7272727272727273, 0.6666666666666667, 0.0, 0.4172777831554413, 0.4879518072289157, 0.4879518072289157, 0.0, 0.0, 0.0, 0.0, 0.0, 0.0, 0.0, 0.0, 0.0, 0.0, 0.0, 0.0, 0.0, 0.0, 0.0, 0.0, 0.0, 0.0, 0.0, 0.0, 0.0], [0.4411289691925049, 0.6666666666666666, 0.9666666666666667, 0.7450980392156862, 1.0, 0.7272727272727273, 0.6666666666666667, 0.0, 0.4411289691925049, 0.3855421686746988, 0.3855421686746988, 0.0, 1.0, 0.0, 1.0, 0.0, 1.0, 0.0, 0.0, 0.0, 0.0, 0.0, 0.0, 0.0, 0.0, 0.0, 0.0, 0.0, 0.0, 0.0, 0.0, 0.0], [0.5677578449249268, 0.8333333333333333, 0.0, 0.7450980392156862, 0.0, 0.8181818181818182, 1.0, 1.0, 0.5677578477974398, 0.48647653051169526, 0.48647653051169526, 1.0, 0.0, 1.0, 0.0, 0.0, 0.0, 0.0, 0.0, 0.0, 0.0, 0.0, 0.0, 0.0, 0.0, 0.0, 0.0, 0.0, 0.0, 0.0, 0.0, 0.0], [0.5524144172668457, 1.0, 0.03333333333333333, 0.7450980392156862, 0.0, 0.8181818181818182, 1.0, 1.0, 0.5524144000317677, 0.615708592426346, 0.615708592426346, 0.0, 0.0, 0.0, 0.0, 0.0, 0.0, 0.0, 0.0, 0.0, 0.0, 0.0, 0.0, 0.0, 0.0, 0.0, 0.0, 0.0, 0.0, 0.0, 0.0, 0.0], [0.49579066038131714, 0.0, 0.06666666666666668, 0.7647058823529411, 0.0, 0.8181818181818182, 1.0, 0.0, 0.4957906424281109, 0.5078098802681429, 0.5078098802681429, 0.0, 0.0, 0.0, 0.0, 1.0, 0.0, 0.0, 0.0, 0.0, 0.0, 0.0, 0.0, 0.0, 0.0, 0.0, 0.0, 0.0, 0.0, 0.0, 0.0, 0.0], [0.4401964247226715, 0.16666666666666666, 0.1, 0.7647058823529411, 0.0, 0.8181818181818182, 1.0, 0.0, 0.44019643944430065, 0.4112347982015955, 0.4112347982015955, 0.0, 0.0, 0.0, 0.0, 0.0, 0.0, 0.0, 0.0, 0.0, 0.0, 0.0, 0.0, 0.0, 0.0, 0.0, 0.0, 0.0, 0.0, 0.0, 0.0, 0.0]]",0.43119460344314575,71.5783041715622,1.0,4.0,40.0,1.0,10.0,4.0,0.0,73.0726089477539,68.26497650146484,68.26497650146484,0.0,0.0,0.0,0.0,0.0,0.0,0.0,0.0,0.0,0.0,0.0,0.0,0.0,0.0,0.0,0.0,0.0,0.0,0.0,0.0,0.0,0.16666666666666666,0.1,0.7647058823529411,0.0,0.8181818181818182,1.0,0.0,0.44019643944430065,0.4112347982015955,0.4112347982015955,0.0,0.0,0.0,0.0,0.0,0.0,0.0,0.0,0.0,0.0,0.0,0.0,0.0,0.0,0.0,0.0,0.0,0.0,0.0,0.0,0.0
11,"[[0.4172777831554413, 0.5, 0.9333333333333333, 0.7450980392156862, 1.0, 0.7272727272727273, 0.6666666666666667, 0.0, 0.4172777831554413, 0.4879518072289157, 0.4879518072289157, 0.0, 0.0, 0.0, 0.0, 0.0, 0.0, 0.0, 0.0, 0.0, 0.0, 0.0, 0.0, 0.0, 0.0, 0.0, 0.0, 0.0, 0.0, 0.0, 0.0, 0.0], [0.4411289691925049, 0.6666666666666666, 0.9666666666666667, 0.7450980392156862, 1.0, 0.7272727272727273, 0.6666666666666667, 0.0, 0.4411289691925049, 0.3855421686746988, 0.3855421686746988, 0.0, 1.0, 0.0, 1.0, 0.0, 1.0, 0.0, 0.0, 0.0, 0.0, 0.0, 0.0, 0.0, 0.0, 0.0, 0.0, 0.0, 0.0, 0.0, 0.0, 0.0], [0.5677578449249268, 0.8333333333333333, 0.0, 0.7450980392156862, 0.0, 0.8181818181818182, 1.0, 1.0, 0.5677578477974398, 0.48647653051169526, 0.48647653051169526, 1.0, 0.0, 1.0, 0.0, 0.0, 0.0, 0.0, 0.0, 0.0, 0.0, 0.0, 0.0, 0.0, 0.0, 0.0, 0.0, 0.0, 0.0, 0.0, 0.0, 0.0], [0.5524144172668457, 1.0, 0.03333333333333333, 0.7450980392156862, 0.0, 0.8181818181818182, 1.0, 1.0, 0.5524144000317677, 0.615708592426346, 0.615708592426346, 0.0, 0.0, 0.0, 0.0, 0.0, 0.0, 0.0, 0.0, 0.0, 0.0, 0.0, 0.0, 0.0, 0.0, 0.0, 0.0, 0.0, 0.0, 0.0, 0.0, 0.0], [0.49579066038131714, 0.0, 0.06666666666666668, 0.7647058823529411, 0.0, 0.8181818181818182, 1.0, 0.0, 0.4957906424281109, 0.5078098802681429, 0.5078098802681429, 0.0, 0.0, 0.0, 0.0, 1.0, 0.0, 0.0, 0.0, 0.0, 0.0, 0.0, 0.0, 0.0, 0.0, 0.0, 0.0, 0.0, 0.0, 0.0, 0.0, 0.0], [0.4401964247226715, 0.16666666666666666, 0.1, 0.7647058823529411, 0.0, 0.8181818181818182, 1.0, 0.0, 0.44019643944430065, 0.4112347982015955, 0.4112347982015955, 0.0, 0.0, 0.0, 0.0, 0.0, 0.0, 0.0, 0.0, 0.0, 0.0, 0.0, 0.0, 0.0, 0.0, 0.0, 0.0, 0.0, 0.0, 0.0, 0.0, 0.0], [0.43119460344314575, 0.3333333333333333, 0.13333333333333333, 0.7647058823529411, 0.0, 0.8181818181818182, 1.0, 0.0, 0.43119458118117, 0.4172777842326337, 0.4172777842326337, 0.0, 0.0, 0.0, 0.0, 0.0, 0.0, 0.0, 0.0, 0.0, 0.0, 0.0, 0.0, 0.0, 0.0, 0.0, 0.0, 0.0, 0.0, 0.0, 0.0, 0.0]]",0.47501078248023987,78.85178989171982,2.0,5.0,40.0,1.0,10.0,4.0,0.0,71.57830047607422,69.26811218261719,69.26811218261719,0.0,0.0,0.0,0.0,0.0,0.0,0.0,0.0,0.0,0.0,0.0,0.0,0.0,0.0,0.0,0.0,0.0,0.0,0.0,0.0,0.0,0.3333333333333333,0.13333333333333333,0.7647058823529411,0.0,0.8181818181818182,1.0,0.0,0.43119458118117,0.4172777842326337,0.4172777842326337,0.0,0.0,0.0,0.0,0.0,0.0,0.0,0.0,0.0,0.0,0.0,0.0,0.0,0.0,0.0,0.0,0.0,0.0,0.0,0.0,0.0
12,"[[0.4411289691925049, 0.6666666666666666, 0.9666666666666667, 0.7450980392156862, 1.0, 0.7272727272727273, 0.6666666666666667, 0.0, 0.4411289691925049, 0.3855421686746988, 0.3855421686746988, 0.0, 1.0, 0.0, 1.0, 0.0, 1.0, 0.0, 0.0, 0.0, 0.0, 0.0, 0.0, 0.0, 0.0, 0.0, 0.0, 0.0, 0.0, 0.0, 0.0, 0.0], [0.5677578449249268, 0.8333333333333333, 0.0, 0.7450980392156862, 0.0, 0.8181818181818182, 1.0, 1.0, 0.5677578477974398, 0.48647653051169526, 0.48647653051169526, 1.0, 0.0, 1.0, 0.0, 0.0, 0.0, 0.0, 0.0, 0.0, 0.0, 0.0, 0.0, 0.0, 0.0, 0.0, 0.0, 0.0, 0.0, 0.0, 0.0, 0.0], [0.5524144172668457, 1.0, 0.03333333333333333, 0.7450980392156862, 0.0, 0.8181818181818182, 1.0, 1.0, 0.5524144000317677, 0.615708592426346, 0.615708592426346, 0.0, 0.0, 0.0, 0.0, 0.0, 0.0, 0.0, 0.0, 0.0, 0.0, 0.0, 0.0, 0.0, 0.0, 0.0, 0.0, 0.0, 0.0, 0.0, 0.0, 0.0], [0.49579066038131714, 0.0, 0.06666666666666668, 0.7647058823529411, 0.0, 0.8181818181818182, 1.0, 0.0, 0.4957906424281109, 0.5078098802681429, 0.5078098802681429, 0.0, 0.0, 0.0, 0.0, 1.0, 0.0, 0.0, 0.0, 0.0, 0.0, 0.0, 0.0, 0.0, 0.0, 0.0, 0.0, 0.0, 0.0, 0.0, 0.0, 0.0], [0.4401964247226715, 0.16666666666666666, 0.1, 0.7647058823529411, 0.0, 0.8181818181818182, 1.0, 0.0, 0.44019643944430065, 0.4112347982015955, 0.4112347982015955, 0.0, 0.0, 0.0, 0.0, 0.0, 0.0, 0.0, 0.0, 0.0, 0.0, 0.0, 0.0, 0.0, 0.0, 0.0, 0.0, 0.0, 0.0, 0.0, 0.0, 0.0], [0.43119460344314575, 0.3333333333333333, 0.13333333333333333, 0.7647058823529411, 0.0, 0.8181818181818182, 1.0, 0.0, 0.43119458118117, 0.4172777842326337, 0.4172777842326337, 0.0, 0.0, 0.0, 0.0, 0.0, 0.0, 0.0, 0.0, 0.0, 0.0, 0.0, 0.0, 0.0, 0.0, 0.0, 0.0, 0.0, 0.0, 0.0, 0.0, 0.0], [0.47501078248023987, 0.5, 0.16666666666666669, 0.7647058823529411, 0.0, 0.8181818181818182, 1.0, 0.0, 0.475010791456843, 0.4411289720650179, 0.4411289720650179, 0.0, 0.0, 0.0, 0.0, 0.0, 0.0, 0.0, 0.0, 0.0, 0.0, 0.0, 0.0, 0.0, 0.0, 0.0, 0.0, 0.0, 0.0, 0.0, 0.0, 0.0]]",0.46131810545921326,76.5788055062294,3.0,6.0,40.0,1.0,10.0,4.0,0.0,78.85179138183594,73.22740936279297,73.22740936279297,0.0,0.0,0.0,0.0,0.0,0.0,0.0,0.0,0.0,0.0,0.0,0.0,0.0,0.0,0.0,0.0,0.0,0.0,0.0,0.0,0.0,0.5,0.16666666666666669,0.7647058823529411,0.0,0.8181818181818182,1.0,0.0,0.475010791456843,0.4411289720650179,0.4411289720650179,0.0,0.0,0.0,0.0,0.0,0.0,0.0,0.0,0.0,0.0,0.0,0.0,0.0,0.0,0.0,0.0,0.0,0.0,0.0,0.0,0.0
13,"[[0.5677578449249268, 0.8333333333333333, 0.0, 0.7450980392156862, 0.0, 0.8181818181818182, 1.0, 1.0, 0.5677578477974398, 0.48647653051169526, 0.48647653051169526, 1.0, 0.0, 1.0, 0.0, 0.0, 0.0, 0.0, 0.0, 0.0, 0.0, 0.0, 0.0, 0.0, 0.0, 0.0, 0.0, 0.0, 0.0, 0.0, 0.0, 0.0], [0.5524144172668457, 1.0, 0.03333333333333333, 0.7450980392156862, 0.0, 0.8181818181818182, 1.0, 1.0, 0.5524144000317677, 0.615708592426346, 0.615708592426346, 0.0, 0.0, 0.0, 0.0, 0.0, 0.0, 0.0, 0.0, 0.0, 0.0, 0.0, 0.0, 0.0, 0.0, 0.0, 0.0, 0.0, 0.0, 0.0, 0.0, 0.0], [0.49579066038131714, 0.0, 0.06666666666666668, 0.7647058823529411, 0.0, 0.8181818181818182, 1.0, 0.0, 0.4957906424281109, 0.5078098802681429, 0.5078098802681429, 0.0, 0.0, 0.0, 0.0, 1.0, 0.0, 0.0, 0.0, 0.0, 0.0, 0.0, 0.0, 0.0, 0.0, 0.0, 0.0, 0.0, 0.0, 0.0, 0.0, 0.0], [0.4401964247226715, 0.16666666666666666, 0.1, 0.7647058823529411, 0.0, 0.8181818181818182, 1.0, 0.0, 0.44019643944430065, 0.4112347982015955, 0.4112347982015955, 0.0, 0.0, 0.0, 0.0, 0.0, 0.0, 0.0, 0.0, 0.0, 0.0, 0.0, 0.0, 0.0, 0.0, 0.0, 0.0, 0.0, 0.0, 0.0, 0.0, 0.0], [0.43119460344314575, 0.3333333333333333, 0.13333333333333333, 0.7647058823529411, 0.0, 0.8181818181818182, 1.0, 0.0, 0.43119458118117, 0.4172777842326337, 0.4172777842326337, 0.0, 0.0, 0.0, 0.0, 0.0, 0.0, 0.0, 0.0, 0.0, 0.0, 0.0, 0.0, 0.0, 0.0, 0.0, 0.0, 0.0, 0.0, 0.0, 0.0, 0.0], [0.47501078248023987, 0.5, 0.16666666666666669, 0.7647058823529411, 0.0, 0.8181818181818182, 1.0, 0.0, 0.475010791456843, 0.4411289720650179, 0.4411289720650179, 0.0, 0.0, 0.0, 0.0, 0.0, 0.0, 0.0, 0.0, 0.0, 0.0, 0.0, 0.0, 0.0, 0.0, 0.0, 0.0, 0.0, 0.0, 0.0, 0.0, 0.0], [0.46131810545921326, 0.6666666666666666, 0.2, 0.7647058823529411, 0.0, 0.8181818181818182, 1.0, 0.0, 0.46131809648261013, 0.5677578477974398, 0.5677578477974398, 0.0, 0.0, 0.0, 0.0, 0.0, 1.0, 0.0, 0.0, 0.0, 0.0, 0.0, 0.0, 0.0, 0.0, 0.0, 0.0, 0.0, 0.0, 0.0, 0.0, 0.0]]",0.4919522702693939,81.66407686471939,4.0,7.0,40.0,1.0,10.0,4.0,0.0,76.57880401611328,94.247802734375,94.247802734375,0.0,0.0,0.0,0.0,0.0,1.0,0.0,0.0,0.0,0.0,0.0,0.0,0.0,0.0,0.0,0.0,0.0,0.0,0.0,0.0,0.0,0.6666666666666666,0.2,0.7647058823529411,0.0,0.8181818181818182,1.0,0.0,0.46131809648261013,0.5677578477974398,0.5677578477974398,0.0,0.0,0.0,0.0,0.0,1.0,0.0,0.0,0.0,0.0,0.0,0.0,0.0,0.0,0.0,0.0,0.0,0.0,0.0,0.0,0.0
14,"[[0.5524144172668457, 1.0, 0.03333333333333333, 0.7450980392156862, 0.0, 0.8181818181818182, 1.0, 1.0, 0.5524144000317677, 0.615708592426346, 0.615708592426346, 0.0, 0.0, 0.0, 0.0, 0.0, 0.0, 0.0, 0.0, 0.0, 0.0, 0.0, 0.0, 0.0, 0.0, 0.0, 0.0, 0.0, 0.0, 0.0, 0.0, 0.0], [0.49579066038131714, 0.0, 0.06666666666666668, 0.7647058823529411, 0.0, 0.8181818181818182, 1.0, 0.0, 0.4957906424281109, 0.5078098802681429, 0.5078098802681429, 0.0, 0.0, 0.0, 0.0, 1.0, 0.0, 0.0, 0.0, 0.0, 0.0, 0.0, 0.0, 0.0, 0.0, 0.0, 0.0, 0.0, 0.0, 0.0, 0.0, 0.0], [0.4401964247226715, 0.16666666666666666, 0.1, 0.7647058823529411, 0.0, 0.8181818181818182, 1.0, 0.0, 0.44019643944430065, 0.4112347982015955, 0.4112347982015955, 0.0, 0.0, 0.0, 0.0, 0.0, 0.0, 0.0, 0.0, 0.0, 0.0, 0.0, 0.0, 0.0, 0.0, 0.0, 0.0, 0.0, 0.0, 0.0, 0.0, 0.0], [0.43119460344314575, 0.3333333333333333, 0.13333333333333333, 0.7647058823529411, 0.0, 0.8181818181818182, 1.0, 0.0, 0.43119458118117, 0.4172777842326337, 0.4172777842326337, 0.0, 0.0, 0.0, 0.0, 0.0, 0.0, 0.0, 0.0, 0.0, 0.0, 0.0, 0.0, 0.0, 0.0, 0.0, 0.0, 0.0, 0.0, 0.0, 0.0, 0.0], [0.47501078248023987, 0.5, 0.16666666666666669, 0.7647058823529411, 0.0, 0.8181818181818182, 1.0, 0.0, 0.475010791456843, 0.4411289720650179, 0.4411289720650179, 0.0, 0.0, 0.0, 0.0, 0.0, 0.0, 0.0, 0.0, 0.0, 0.0, 0.0, 0.0, 0.0, 0.0, 0.0, 0.0, 0.0, 0.0, 0.0, 0.0, 0.0], [0.46131810545921326, 0.6666666666666666, 0.2, 0.7647058823529411, 0.0, 0.8181818181818182, 1.0, 0.0, 0.46131809648261013, 0.5677578477974398, 0.5677578477974398, 0.0, 0.0, 0.0, 0.0, 0.0, 1.0, 0.0, 0.0, 0.0, 0.0, 0.0, 0.0, 0.0, 0.0, 0.0, 0.0, 0.0, 0.0, 0.0, 0.0, 0.0], [0.4919522702693939, 0.8333333333333333, 0.23333333333333334, 0.7647058823529411, 0.25, 0.8181818181818182, 1.0, 1.0, 0.4919522756553558, 0.5524144000317677, 0.5524144000317677, 0.0, 0.0, 0.0, 0.0, 0.0, 0.0, 0.0, 0.0, 0.0, 0.0, 0.0, 0.0, 0.0, 0.0, 0.0, 0.0, 0.0, 0.0, 0.0, 0.0, 0.0]]",0.5077422857284546,84.28521943092346,5.0,8.0,40.0,2.0,10.0,4.0,1.0,81.66407775878906,91.70079040527342,91.70079040527342,0.0,0.0,0.0,0.0,0.0,0.0,0.0,0.0,0.0,0.0,0.0,0.0,0.0,0.0,0.0,0.0,0.0,0.0,0.0,0.0,0.0,0.8333333333333333,0.23333333333333334,0.7647058823529411,0.25,0.8181818181818182,1.0,1.0,0.4919522756553558,0.5524144000317677,0.5524144000317677,0.0,0.0,0.0,0.0,0.0,0.0,0.0,0.0,0.0,0.0,0.0,0.0,0.0,0.0,0.0,0.0,0.0,0.0,0.0,0.0,0.0
15,"[[0.49579066038131714, 0.0, 0.06666666666666668, 0.7647058823529411, 0.0, 0.8181818181818182, 1.0, 0.0, 0.4957906424281109, 0.5078098802681429, 0.5078098802681429, 0.0, 0.0, 0.0, 0.0, 1.0, 0.0, 0.0, 0.0, 0.0, 0.0, 0.0, 0.0, 0.0, 0.0, 0.0, 0.0, 0.0, 0.0, 0.0, 0.0, 0.0], [0.4401964247226715, 0.16666666666666666, 0.1, 0.7647058823529411, 0.0, 0.8181818181818182, 1.0, 0.0, 0.44019643944430065, 0.4112347982015955, 0.4112347982015955, 0.0, 0.0, 0.0, 0.0, 0.0, 0.0, 0.0, 0.0, 0.0, 0.0, 0.0, 0.0, 0.0, 0.0, 0.0, 0.0, 0.0, 0.0, 0.0, 0.0, 0.0], [0.43119460344314575, 0.3333333333333333, 0.13333333333333333, 0.7647058823529411, 0.0, 0.8181818181818182, 1.0, 0.0, 0.43119458118117, 0.4172777842326337, 0.4172777842326337, 0.0, 0.0, 0.0, 0.0, 0.0, 0.0, 0.0, 0.0, 0.0, 0.0, 0.0, 0.0, 0.0, 0.0, 0.0, 0.0, 0.0, 0.0, 0.0, 0.0, 0.0], [0.47501078248023987, 0.5, 0.16666666666666669, 0.7647058823529411, 0.0, 0.8181818181818182, 1.0, 0.0, 0.475010791456843, 0.4411289720650179, 0.4411289720650179, 0.0, 0.0, 0.0, 0.0, 0.0, 0.0, 0.0, 0.0, 0.0, 0.0, 0.0, 0.0, 0.0, 0.0, 0.0, 0.0, 0.0, 0.0, 0.0, 0.0, 0.0], [0.46131810545921326, 0.6666666666666666, 0.2, 0.7647058823529411, 0.0, 0.8181818181818182, 1.0, 0.0, 0.46131809648261013, 0.5677578477974398, 0.5677578477974398, 0.0, 0.0, 0.0, 0.0, 0.0, 1.0, 0.0, 0.0, 0.0, 0.0, 0.0, 0.0, 0.0, 0.0, 0.0, 0.0, 0.0, 0.0, 0.0, 0.0, 0.0], [0.4919522702693939, 0.8333333333333333, 0.23333333333333334, 0.7647058823529411, 0.25, 0.8181818181818182, 1.0, 1.0, 0.4919522756553558, 0.5524144000317677, 0.5524144000317677, 0.0, 0.0, 0.0, 0.0, 0.0, 0.0, 0.0, 0.0, 0.0, 0.0, 0.0, 0.0, 0.0, 0.0, 0.0, 0.0, 0.0, 0.0, 0.0, 0.0, 0.0], [0.5077422857284546, 1.0, 0.26666666666666666, 0.7647058823529411, 0.25, 0.8181818181818182, 1.0, 1.0, 0.5077422728021461, 0.4957906424281109, 0.4957906424281109, 0.0, 0.0, 0.0, 0.0, 0.0, 0.0, 0.0, 0.0, 0.0, 0.0, 0.0, 0.0, 0.0, 0.0, 0.0, 0.0, 0.0, 0.0, 0.0, 0.0, 0.0]]",0.6565472483634949,108.98684322834015,6.0,9.0,40.0,2.0,10.0,4.0,1.0,84.28521728515625,82.3012466430664,82.3012466430664,0.0,0.0,0.0,0.0,0.0,0.0,0.0,0.0,0.0,0.0,0.0,0.0,0.0,0.0,0.0,0.0,0.0,0.0,0.0,0.0,0.0,1.0,0.26666666666666666,0.7647058823529411,0.25,0.8181818181818182,1.0,1.0,0.5077422728021461,0.4957906424281109,0.4957906424281109,0.0,0.0,0.0,0.0,0.0,0.0,0.0,0.0,0.0,0.0,0.0,0.0,0.0,0.0,0.0,0.0,0.0,0.0,0.0,0.0,0.0
16,"[[0.4401964247226715, 0.16666666666666666, 0.1, 0.7647058823529411, 0.0, 0.8181818181818182, 1.0, 0.0, 0.44019643944430065, 0.4112347982015955, 0.4112347982015955, 0.0, 0.0, 0.0, 0.0, 0.0, 0.0, 0.0, 0.0, 0.0, 0.0, 0.0, 0.0, 0.0, 0.0, 0.0, 0.0, 0.0, 0.0, 0.0, 0.0, 0.0], [0.43119460344314575, 0.3333333333333333, 0.13333333333333333, 0.7647058823529411, 0.0, 0.8181818181818182, 1.0, 0.0, 0.43119458118117, 0.4172777842326337, 0.4172777842326337, 0.0, 0.0, 0.0, 0.0, 0.0, 0.0, 0.0, 0.0, 0.0, 0.0, 0.0, 0.0, 0.0, 0.0, 0.0, 0.0, 0.0, 0.0, 0.0, 0.0, 0.0], [0.47501078248023987, 0.5, 0.16666666666666669, 0.7647058823529411, 0.0, 0.8181818181818182, 1.0, 0.0, 0.475010791456843, 0.4411289720650179, 0.4411289720650179, 0.0, 0.0, 0.0, 0.0, 0.0, 0.0, 0.0, 0.0, 0.0, 0.0, 0.0, 0.0, 0.0, 0.0, 0.0, 0.0, 0.0, 0.0, 0.0, 0.0, 0.0], [0.46131810545921326, 0.6666666666666666, 0.2, 0.7647058823529411, 0.0, 0.8181818181818182, 1.0, 0.0, 0.46131809648261013, 0.5677578477974398, 0.5677578477974398, 0.0, 0.0, 0.0, 0.0, 0.0, 1.0, 0.0, 0.0, 0.0, 0.0, 0.0, 0.0, 0.0, 0.0, 0.0, 0.0, 0.0, 0.0, 0.0, 0.0, 0.0], [0.4919522702693939, 0.8333333333333333, 0.23333333333333334, 0.7647058823529411, 0.25, 0.8181818181818182, 1.0, 1.0, 0.4919522756553558, 0.5524144000317677, 0.5524144000317677, 0.0, 0.0, 0.0, 0.0, 0.0, 0.0, 0.0, 0.0, 0.0, 0.0, 0.0, 0.0, 0.0, 0.0, 0.0, 0.0, 0.0, 0.0, 0.0, 0.0, 0.0], [0.5077422857284546, 1.0, 0.26666666666666666, 0.7647058823529411, 0.25, 0.8181818181818182, 1.0, 1.0, 0.5077422728021461, 0.4957906424281109, 0.4957906424281109, 0.0, 0.0, 0.0, 0.0, 0.0, 0.0, 0.0, 0.0, 0.0, 0.0, 0.0, 0.0, 0.0, 0.0, 0.0, 0.0, 0.0, 0.0, 0.0, 0.0, 0.0], [0.6565472483634949, 0.0, 0.3, 0.7843137254901961, 0.25, 0.8181818181818182, 1.0, 0.0, 0.6565472706254707, 0.44019643944430065, 0.44019643944430065, 0.0, 0.0, 0.0, 0.0, 1.0, 0.0, 0.0, 0.0, 0.0, 0.0, 0.0, 0.0, 0.0, 0.0, 0.0, 0.0, 0.0, 0.0, 0.0, 0.0, 0.0]]",0.5063580274581909,84.05543255805969,0.0,10.0,41.0,2.0,10.0,4.0,0.0,108.98684692382812,73.0726089477539,73.0726089477539,0.0,0.0,0.0,0.0,1.0,0.0,0.0,0.0,0.0,0.0,0.0,0.0,0.0,0.0,0.0,0.0,0.0,0.0,0.0,0.0,0.0,0.0,0.3,0.7843137254901961,0.25,0.8181818181818182,1.0,0.0,0.6565472706254707,0.44019643944430065,0.44019643944430065,0.0,0.0,0.0,0.0,1.0,0.0,0.0,0.0,0.0,0.0,0.0,0.0,0.0,0.0,0.0,0.0,0.0,0.0,0.0,0.0,0.0
17,"[[0.43119460344314575, 0.3333333333333333, 0.13333333333333333, 0.7647058823529411, 0.0, 0.8181818181818182, 1.0, 0.0, 0.43119458118117, 0.4172777842326337, 0.4172777842326337, 0.0, 0.0, 0.0, 0.0, 0.0, 0.0, 0.0, 0.0, 0.0, 0.0, 0.0, 0.0, 0.0, 0.0, 0.0, 0.0, 0.0, 0.0, 0.0, 0.0, 0.0], [0.47501078248023987, 0.5, 0.16666666666666669, 0.7647058823529411, 0.0, 0.8181818181818182, 1.0, 0.0, 0.475010791456843, 0.4411289720650179, 0.4411289720650179, 0.0, 0.0, 0.0, 0.0, 0.0, 0.0, 0.0, 0.0, 0.0, 0.0, 0.0, 0.0, 0.0, 0.0, 0.0, 0.0, 0.0, 0.0, 0.0, 0.0, 0.0], [0.46131810545921326, 0.6666666666666666, 0.2, 0.7647058823529411, 0.0, 0.8181818181818182, 1.0, 0.0, 0.46131809648261013, 0.5677578477974398, 0.5677578477974398, 0.0, 0.0, 0.0, 0.0, 0.0, 1.0, 0.0, 0.0, 0.0, 0.0, 0.0, 0.0, 0.0, 0.0, 0.0, 0.0, 0.0, 0.0, 0.0, 0.0, 0.0], [0.4919522702693939, 0.8333333333333333, 0.23333333333333334, 0.7647058823529411, 0.25, 0.8181818181818182, 1.0, 1.0, 0.4919522756553558, 0.5524144000317677, 0.5524144000317677, 0.0, 0.0, 0.0, 0.0, 0.0, 0.0, 0.0, 0.0, 0.0, 0.0, 0.0, 0.0, 0.0, 0.0, 0.0, 0.0, 0.0, 0.0, 0.0, 0.0, 0.0], [0.5077422857284546, 1.0, 0.26666666666666666, 0.7647058823529411, 0.25, 0.8181818181818182, 1.0, 1.0, 0.5077422728021461, 0.4957906424281109, 0.4957906424281109, 0.0, 0.0, 0.0, 0.0, 0.0, 0.0, 0.0, 0.0, 0.0, 0.0, 0.0, 0.0, 0.0, 0.0, 0.0, 0.0, 0.0, 0.0, 0.0, 0.0, 0.0], [0.6565472483634949, 0.0, 0.3, 0.7843137254901961, 0.25, 0.8181818181818182, 1.0, 0.0, 0.6565472706254707, 0.44019643944430065, 0.44019643944430065, 0.0, 0.0, 0.0, 0.0, 1.0, 0.0, 0.0, 0.0, 0.0, 0.0, 0.0, 0.0, 0.0, 0.0, 0.0, 0.0, 0.0, 0.0, 0.0, 0.0, 0.0], [0.5063580274581909, 0.16666666666666666, 0.3333333333333333, 0.7843137254901961, 0.25, 0.8181818181818182, 1.0, 0.0, 0.5063580432570125, 0.43119458118117, 0.43119458118117, 0.0, 0.0, 0.0, 0.0, 0.0, 0.0, 0.0, 0.0, 0.0, 0.0, 0.0, 0.0, 0.0, 0.0, 0.0, 0.0, 0.0, 0.0, 0.0, 0.0, 0.0]]",0.3965618908405304,65.82927387952805,1.0,11.0,41.0,2.0,10.0,4.0,0.0,84.05543518066408,71.57830047607422,71.57830047607422,0.0,0.0,0.0,0.0,0.0,0.0,0.0,0.0,0.0,0.0,0.0,0.0,0.0,0.0,0.0,0.0,0.0,0.0,0.0,0.0,0.0,0.16666666666666666,0.3333333333333333,0.7843137254901961,0.25,0.8181818181818182,1.0,0.0,0.5063580432570125,0.43119458118117,0.43119458118117,0.0,0.0,0.0,0.0,0.0,0.0,0.0,0.0,0.0,0.0,0.0,0.0,0.0,0.0,0.0,0.0,0.0,0.0,0.0,0.0,0.0
18,"[[0.47501078248023987, 0.5, 0.16666666666666669, 0.7647058823529411, 0.0, 0.8181818181818182, 1.0, 0.0, 0.475010791456843, 0.4411289720650179, 0.4411289720650179, 0.0, 0.0, 0.0, 0.0, 0.0, 0.0, 0.0, 0.0, 0.0, 0.0, 0.0, 0.0, 0.0, 0.0, 0.0, 0.0, 0.0, 0.0, 0.0, 0.0, 0.0], [0.46131810545921326, 0.6666666666666666, 0.2, 0.7647058823529411, 0.0, 0.8181818181818182, 1.0, 0.0, 0.46131809648261013, 0.5677578477974398, 0.5677578477974398, 0.0, 0.0, 0.0, 0.0, 0.0, 1.0, 0.0, 0.0, 0.0, 0.0, 0.0, 0.0, 0.0, 0.0, 0.0, 0.0, 0.0, 0.0, 0.0, 0.0, 0.0], [0.4919522702693939, 0.8333333333333333, 0.23333333333333334, 0.7647058823529411, 0.25, 0.8181818181818182, 1.0, 1.0, 0.4919522756553558, 0.5524144000317677, 0.5524144000317677, 0.0, 0.0, 0.0, 0.0, 0.0, 0.0, 0.0, 0.0, 0.0, 0.0, 0.0, 0.0, 0.0, 0.0, 0.0, 0.0, 0.0, 0.0, 0.0, 0.0, 0.0], [0.5077422857284546, 1.0, 0.26666666666666666, 0.7647058823529411, 0.25, 0.8181818181818182, 1.0, 1.0, 0.5077422728021461, 0.4957906424281109, 0.4957906424281109, 0.0, 0.0, 0.0, 0.0, 0.0, 0.0, 0.0, 0.0, 0.0, 0.0, 0.0, 0.0, 0.0, 0.0, 0.0, 0.0, 0.0, 0.0, 0.0, 0.0, 0.0], [0.6565472483634949, 0.0, 0.3, 0.7843137254901961, 0.25, 0.8181818181818182, 1.0, 0.0, 0.6565472706254707, 0.44019643944430065, 0.44019643944430065, 0.0, 0.0, 0.0, 0.0, 1.0, 0.0, 0.0, 0.0, 0.0, 0.0, 0.0, 0.0, 0.0, 0.0, 0.0, 0.0, 0.0, 0.0, 0.0, 0.0, 0.0], [0.5063580274581909, 0.16666666666666666, 0.3333333333333333, 0.7843137254901961, 0.25, 0.8181818181818182, 1.0, 0.0, 0.5063580432570125, 0.43119458118117, 0.43119458118117, 0.0, 0.0, 0.0, 0.0, 0.0, 0.0, 0.0, 0.0, 0.0, 0.0, 0.0, 0.0, 0.0, 0.0, 0.0, 0.0, 0.0, 0.0, 0.0, 0.0, 0.0], [0.3965618908405304, 0.3333333333333333, 0.3666666666666667, 0.7843137254901961, 0.25, 0.8181818181818182, 1.0, 0.0, 0.39656190987092904, 0.475010791456843, 0.475010791456843, 0.0, 0.0, 0.0, 0.0, 0.0, 0.0, 0.0, 0.0, 0.0, 0.0, 0.0, 0.0, 0.0, 0.0, 0.0, 0.0, 0.0, 0.0, 0.0, 0.0, 0.0]]",0.3946097791194916,65.5052233338356,2.0,12.0,41.0,2.0,10.0,4.0,0.0,65.82927703857422,78.85179138183594,78.85179138183594,0.0,0.0,0.0,0.0,0.0,0.0,0.0,0.0,0.0,0.0,0.0,0.0,0.0,0.0,0.0,0.0,0.0,0.0,0.0,0.0,0.0,0.3333333333333333,0.3666666666666667,0.7843137254901961,0.25,0.8181818181818182,1.0,0.0,0.39656190987092904,0.475010791456843,0.475010791456843,0.0,0.0,0.0,0.0,0.0,0.0,0.0,0.0,0.0,0.0,0.0,0.0,0.0,0.0,0.0,0.0,0.0,0.0,0.0,0.0,0.0
19,"[[0.46131810545921326, 0.6666666666666666, 0.2, 0.7647058823529411, 0.0, 0.8181818181818182, 1.0, 0.0, 0.46131809648261013, 0.5677578477974398, 0.5677578477974398, 0.0, 0.0, 0.0, 0.0, 0.0, 1.0, 0.0, 0.0, 0.0, 0.0, 0.0, 0.0, 0.0, 0.0, 0.0, 0.0, 0.0, 0.0, 0.0, 0.0, 0.0], [0.4919522702693939, 0.8333333333333333, 0.23333333333333334, 0.7647058823529411, 0.25, 0.8181818181818182, 1.0, 1.0, 0.4919522756553558, 0.5524144000317677, 0.5524144000317677, 0.0, 0.0, 0.0, 0.0, 0.0, 0.0, 0.0, 0.0, 0.0, 0.0, 0.0, 0.0, 0.0, 0.0, 0.0, 0.0, 0.0, 0.0, 0.0, 0.0, 0.0], [0.5077422857284546, 1.0, 0.26666666666666666, 0.7647058823529411, 0.25, 0.8181818181818182, 1.0, 1.0, 0.5077422728021461, 0.4957906424281109, 0.4957906424281109, 0.0, 0.0, 0.0, 0.0, 0.0, 0.0, 0.0, 0.0, 0.0, 0.0, 0.0, 0.0, 0.0, 0.0, 0.0, 0.0, 0.0, 0.0, 0.0, 0.0, 0.0], [0.6565472483634949, 0.0, 0.3, 0.7843137254901961, 0.25, 0.8181818181818182, 1.0, 0.0, 0.6565472706254707, 0.44019643944430065, 0.44019643944430065, 0.0, 0.0, 0.0, 0.0, 1.0, 0.0, 0.0, 0.0, 0.0, 0.0, 0.0, 0.0, 0.0, 0.0, 0.0, 0.0, 0.0, 0.0, 0.0, 0.0, 0.0], [0.5063580274581909, 0.16666666666666666, 0.3333333333333333, 0.7843137254901961, 0.25, 0.8181818181818182, 1.0, 0.0, 0.5063580432570125, 0.43119458118117, 0.43119458118117, 0.0, 0.0, 0.0, 0.0, 0.0, 0.0, 0.0, 0.0, 0.0, 0.0, 0.0, 0.0, 0.0, 0.0, 0.0, 0.0, 0.0, 0.0, 0.0, 0.0, 0.0], [0.3965618908405304, 0.3333333333333333, 0.3666666666666667, 0.7843137254901961, 0.25, 0.8181818181818182, 1.0, 0.0, 0.39656190987092904, 0.475010791456843, 0.475010791456843, 0.0, 0.0, 0.0, 0.0, 0.0, 0.0, 0.0, 0.0, 0.0, 0.0, 0.0, 0.0, 0.0, 0.0, 0.0, 0.0, 0.0, 0.0, 0.0, 0.0, 0.0], [0.3946097791194916, 0.5, 0.4, 0.7843137254901961, 0.25, 0.8181818181818182, 1.0, 0.0, 0.3946097959955055, 0.46131809648261013, 0.46131809648261013, 0.0, 0.0, 0.0, 0.0, 0.0, 0.0, 0.0, 0.0, 0.0, 0.0, 0.0, 0.0, 0.0, 0.0, 0.0, 0.0, 0.0, 0.0, 0.0, 0.0, 0.0]]",0.40661728382110596,67.49846911430359,3.0,13.0,41.0,2.0,10.0,4.0,0.0,65.5052261352539,76.57880401611328,76.57880401611328,0.0,0.0,0.0,0.0,0.0,0.0,0.0,0.0,0.0,0.0,0.0,0.0,0.0,0.0,0.0,0.0,0.0,0.0,0.0,0.0,0.0,0.5,0.4,0.7843137254901961,0.25,0.8181818181818182,1.0,0.0,0.3946097959955055,0.46131809648261013,0.46131809648261013,0.0,0.0,0.0,0.0,0.0,0.0,0.0,0.0,0.0,0.0,0.0,0.0,0.0,0.0,0.0,0.0,0.0,0.0,0.0,0.0,0.0
20,"[[0.4919522702693939, 0.8333333333333333, 0.23333333333333334, 0.7647058823529411, 0.25, 0.8181818181818182, 1.0, 1.0, 0.4919522756553558, 0.5524144000317677, 0.5524144000317677, 0.0, 0.0, 0.0, 0.0, 0.0, 0.0, 0.0, 0.0, 0.0, 0.0, 0.0, 0.0, 0.0, 0.0, 0.0, 0.0, 0.0, 0.0, 0.0, 0.0, 0.0], [0.5077422857284546, 1.0, 0.26666666666666666, 0.7647058823529411, 0.25, 0.8181818181818182, 1.0, 1.0, 0.5077422728021461, 0.4957906424281109, 0.4957906424281109, 0.0, 0.0, 0.0, 0.0, 0.0, 0.0, 0.0, 0.0, 0.0, 0.0, 0.0, 0.0, 0.0, 0.0, 0.0, 0.0, 0.0, 0.0, 0.0, 0.0, 0.0], [0.6565472483634949, 0.0, 0.3, 0.7843137254901961, 0.25, 0.8181818181818182, 1.0, 0.0, 0.6565472706254707, 0.44019643944430065, 0.44019643944430065, 0.0, 0.0, 0.0, 0.0, 1.0, 0.0, 0.0, 0.0, 0.0, 0.0, 0.0, 0.0, 0.0, 0.0, 0.0, 0.0, 0.0, 0.0, 0.0, 0.0, 0.0], [0.5063580274581909, 0.16666666666666666, 0.3333333333333333, 0.7843137254901961, 0.25, 0.8181818181818182, 1.0, 0.0, 0.5063580432570125, 0.43119458118117, 0.43119458118117, 0.0, 0.0, 0.0, 0.0, 0.0, 0.0, 0.0, 0.0, 0.0, 0.0, 0.0, 0.0, 0.0, 0.0, 0.0, 0.0, 0.0, 0.0, 0.0, 0.0, 0.0], [0.3965618908405304, 0.3333333333333333, 0.3666666666666667, 0.7843137254901961, 0.25, 0.8181818181818182, 1.0, 0.0, 0.39656190987092904, 0.475010791456843, 0.475010791456843, 0.0, 0.0, 0.0, 0.0, 0.0, 0.0, 0.0, 0.0, 0.0, 0.0, 0.0, 0.0, 0.0, 0.0, 0.0, 0.0, 0.0, 0.0, 0.0, 0.0, 0.0], [0.3946097791194916, 0.5, 0.4, 0.7843137254901961, 0.25, 0.8181818181818182, 1.0, 0.0, 0.3946097959955055, 0.46131809648261013, 0.46131809648261013, 0.0, 0.0, 0.0, 0.0, 0.0, 0.0, 0.0, 0.0, 0.0, 0.0, 0.0, 0.0, 0.0, 0.0, 0.0, 0.0, 0.0, 0.0, 0.0, 0.0, 0.0], [0.40661728382110596, 0.6666666666666666, 0.43333333333333335, 0.7843137254901961, 0.25, 0.8181818181818182, 1.0, 0.0, 0.4066172680222845, 0.4919522756553558, 0.4919522756553558, 0.0, 0.0, 0.0, 0.0, 0.0, 1.0, 0.0, 0.0, 0.0, 0.0, 0.0, 0.0, 0.0, 0.0, 0.0, 0.0, 0.0, 0.0, 0.0, 0.0, 0.0]]",0.49255454540252686,81.76405453681946,4.0,14.0,41.0,2.0,10.0,4.0,0.0,67.49846649169922,81.66407775878906,81.66407775878906,0.0,0.0,0.0,0.0,0.0,1.0,0.0,0.0,0.0,0.0,0.0,0.0,0.0,0.0,0.0,0.0,0.0,0.0,0.0,0.0,0.0,0.6666666666666666,0.43333333333333335,0.7843137254901961,0.25,0.8181818181818182,1.0,0.0,0.4066172680222845,0.4919522756553558,0.4919522756553558,0.0,0.0,0.0,0.0,0.0,1.0,0.0,0.0,0.0,0.0,0.0,0.0,0.0,0.0,0.0,0.0,0.0,0.0,0.0,0.0,0.0
21,"[[0.5077422857284546, 1.0, 0.26666666666666666, 0.7647058823529411, 0.25, 0.8181818181818182, 1.0, 1.0, 0.5077422728021461, 0.4957906424281109, 0.4957906424281109, 0.0, 0.0, 0.0, 0.0, 0.0, 0.0, 0.0, 0.0, 0.0, 0.0, 0.0, 0.0, 0.0, 0.0, 0.0, 0.0, 0.0, 0.0, 0.0, 0.0, 0.0], [0.6565472483634949, 0.0, 0.3, 0.7843137254901961, 0.25, 0.8181818181818182, 1.0, 0.0, 0.6565472706254707, 0.44019643944430065, 0.44019643944430065, 0.0, 0.0, 0.0, 0.0, 1.0, 0.0, 0.0, 0.0, 0.0, 0.0, 0.0, 0.0, 0.0, 0.0, 0.0, 0.0, 0.0, 0.0, 0.0, 0.0, 0.0], [0.5063580274581909, 0.16666666666666666, 0.3333333333333333, 0.7843137254901961, 0.25, 0.8181818181818182, 1.0, 0.0, 0.5063580432570125, 0.43119458118117, 0.43119458118117, 0.0, 0.0, 0.0, 0.0, 0.0, 0.0, 0.0, 0.0, 0.0, 0.0, 0.0, 0.0, 0.0, 0.0, 0.0, 0.0, 0.0, 0.0, 0.0, 0.0, 0.0], [0.3965618908405304, 0.3333333333333333, 0.3666666666666667, 0.7843137254901961, 0.25, 0.8181818181818182, 1.0, 0.0, 0.39656190987092904, 0.475010791456843, 0.475010791456843, 0.0, 0.0, 0.0, 0.0, 0.0, 0.0, 0.0, 0.0, 0.0, 0.0, 0.0, 0.0, 0.0, 0.0, 0.0, 0.0, 0.0, 0.0, 0.0, 0.0, 0.0], [0.3946097791194916, 0.5, 0.4, 0.7843137254901961, 0.25, 0.8181818181818182, 1.0, 0.0, 0.3946097959955055, 0.46131809648261013, 0.46131809648261013, 0.0, 0.0, 0.0, 0.0, 0.0, 0.0, 0.0, 0.0, 0.0, 0.0, 0.0, 0.0, 0.0, 0.0, 0.0, 0.0, 0.0, 0.0, 0.0, 0.0, 0.0], [0.40661728382110596, 0.6666666666666666, 0.43333333333333335, 0.7843137254901961, 0.25, 0.8181818181818182, 1.0, 0.0, 0.4066172680222845, 0.4919522756553558, 0.4919522756553558, 0.0, 0.0, 0.0, 0.0, 0.0, 1.0, 0.0, 0.0, 0.0, 0.0, 0.0, 0.0, 0.0, 0.0, 0.0, 0.0, 0.0, 0.0, 0.0, 0.0, 0.0], [0.49255454540252686, 0.8333333333333333, 0.4666666666666667, 0.7843137254901961, 0.5, 0.8181818181818182, 1.0, 1.0, 0.4925545382212444, 0.5077422728021461, 0.5077422728021461, 0.0, 0.0, 0.0, 0.0, 0.0, 0.0, 0.0, 0.0, 0.0, 0.0, 0.0, 0.0, 0.0, 0.0, 0.0, 0.0, 0.0, 0.0, 0.0, 0.0, 0.0]]",0.5379700064659119,89.30302107334137,5.0,15.0,41.0,3.0,10.0,4.0,1.0,81.76405334472656,84.28521728515625,84.28521728515625,0.0,0.0,0.0,0.0,0.0,0.0,0.0,0.0,0.0,0.0,0.0,0.0,0.0,0.0,0.0,0.0,0.0,0.0,0.0,0.0,0.0,0.8333333333333333,0.4666666666666667,0.7843137254901961,0.5,0.8181818181818182,1.0,1.0,0.4925545382212444,0.5077422728021461,0.5077422728021461,0.0,0.0,0.0,0.0,0.0,0.0,0.0,0.0,0.0,0.0,0.0,0.0,0.0,0.0,0.0,0.0,0.0,0.0,0.0,0.0,0.0
22,"[[0.6565472483634949, 0.0, 0.3, 0.7843137254901961, 0.25, 0.8181818181818182, 1.0, 0.0, 0.6565472706254707, 0.44019643944430065, 0.44019643944430065, 0.0, 0.0, 0.0, 0.0, 1.0, 0.0, 0.0, 0.0, 0.0, 0.0, 0.0, 0.0, 0.0, 0.0, 0.0, 0.0, 0.0, 0.0, 0.0, 0.0, 0.0], [0.5063580274581909, 0.16666666666666666, 0.3333333333333333, 0.7843137254901961, 0.25, 0.8181818181818182, 1.0, 0.0, 0.5063580432570125, 0.43119458118117, 0.43119458118117, 0.0, 0.0, 0.0, 0.0, 0.0, 0.0, 0.0, 0.0, 0.0, 0.0, 0.0, 0.0, 0.0, 0.0, 0.0, 0.0, 0.0, 0.0, 0.0, 0.0, 0.0], [0.3965618908405304, 0.3333333333333333, 0.3666666666666667, 0.7843137254901961, 0.25, 0.8181818181818182, 1.0, 0.0, 0.39656190987092904, 0.475010791456843, 0.475010791456843, 0.0, 0.0, 0.0, 0.0, 0.0, 0.0, 0.0, 0.0, 0.0, 0.0, 0.0, 0.0, 0.0, 0.0, 0.0, 0.0, 0.0, 0.0, 0.0, 0.0, 0.0], [0.3946097791194916, 0.5, 0.4, 0.7843137254901961, 0.25, 0.8181818181818182, 1.0, 0.0, 0.3946097959955055, 0.46131809648261013, 0.46131809648261013, 0.0, 0.0, 0.0, 0.0, 0.0, 0.0, 0.0, 0.0, 0.0, 0.0, 0.0, 0.0, 0.0, 0.0, 0.0, 0.0, 0.0, 0.0, 0.0, 0.0, 0.0], [0.40661728382110596, 0.6666666666666666, 0.43333333333333335, 0.7843137254901961, 0.25, 0.8181818181818182, 1.0, 0.0, 0.4066172680222845, 0.4919522756553558, 0.4919522756553558, 0.0, 0.0, 0.0, 0.0, 0.0, 1.0, 0.0, 0.0, 0.0, 0.0, 0.0, 0.0, 0.0, 0.0, 0.0, 0.0, 0.0, 0.0, 0.0, 0.0, 0.0], [0.49255454540252686, 0.8333333333333333, 0.4666666666666667, 0.7843137254901961, 0.5, 0.8181818181818182, 1.0, 1.0, 0.4925545382212444, 0.5077422728021461, 0.5077422728021461, 0.0, 0.0, 0.0, 0.0, 0.0, 0.0, 0.0, 0.0, 0.0, 0.0, 0.0, 0.0, 0.0, 0.0, 0.0, 0.0, 0.0, 0.0, 0.0, 0.0, 0.0], [0.5379700064659119, 1.0, 0.5, 0.7843137254901961, 0.5, 0.8181818181818182, 1.0, 1.0, 0.5379700258553747, 0.6565472706254707, 0.6565472706254707, 0.0, 0.0, 0.0, 0.0, 0.0, 0.0, 0.0, 0.0, 0.0, 0.0, 0.0, 0.0, 0.0, 0.0, 0.0, 0.0, 0.0, 0.0, 0.0, 0.0, 0.0]]",0.6767827868461609,112.34594261646271,6.0,16.0,41.0,3.0,10.0,4.0,1.0,89.30302429199219,108.98684692382812,108.98684692382812,0.0,0.0,0.0,0.0,0.0,0.0,0.0,0.0,0.0,0.0,0.0,0.0,0.0,0.0,0.0,0.0,0.0,0.0,0.0,0.0,0.0,1.0,0.5,0.7843137254901961,0.5,0.8181818181818182,1.0,1.0,0.5379700258553747,0.6565472706254707,0.6565472706254707,0.0,0.0,0.0,0.0,0.0,0.0,0.0,0.0,0.0,0.0,0.0,0.0,0.0,0.0,0.0,0.0,0.0,0.0,0.0,0.0,0.0
23,"[[0.5063580274581909, 0.16666666666666666, 0.3333333333333333, 0.7843137254901961, 0.25, 0.8181818181818182, 1.0, 0.0, 0.5063580432570125, 0.43119458118117, 0.43119458118117, 0.0, 0.0, 0.0, 0.0, 0.0, 0.0, 0.0, 0.0, 0.0, 0.0, 0.0, 0.0, 0.0, 0.0, 0.0, 0.0, 0.0, 0.0, 0.0, 0.0, 0.0], [0.3965618908405304, 0.3333333333333333, 0.3666666666666667, 0.7843137254901961, 0.25, 0.8181818181818182, 1.0, 0.0, 0.39656190987092904, 0.475010791456843, 0.475010791456843, 0.0, 0.0, 0.0, 0.0, 0.0, 0.0, 0.0, 0.0, 0.0, 0.0, 0.0, 0.0, 0.0, 0.0, 0.0, 0.0, 0.0, 0.0, 0.0, 0.0, 0.0], [0.3946097791194916, 0.5, 0.4, 0.7843137254901961, 0.25, 0.8181818181818182, 1.0, 0.0, 0.3946097959955055, 0.46131809648261013, 0.46131809648261013, 0.0, 0.0, 0.0, 0.0, 0.0, 0.0, 0.0, 0.0, 0.0, 0.0, 0.0, 0.0, 0.0, 0.0, 0.0, 0.0, 0.0, 0.0, 0.0, 0.0, 0.0], [0.40661728382110596, 0.6666666666666666, 0.43333333333333335, 0.7843137254901961, 0.25, 0.8181818181818182, 1.0, 0.0, 0.4066172680222845, 0.4919522756553558, 0.4919522756553558, 0.0, 0.0, 0.0, 0.0, 0.0, 1.0, 0.0, 0.0, 0.0, 0.0, 0.0, 0.0, 0.0, 0.0, 0.0, 0.0, 0.0, 0.0, 0.0, 0.0, 0.0], [0.49255454540252686, 0.8333333333333333, 0.4666666666666667, 0.7843137254901961, 0.5, 0.8181818181818182, 1.0, 1.0, 0.4925545382212444, 0.5077422728021461, 0.5077422728021461, 0.0, 0.0, 0.0, 0.0, 0.0, 0.0, 0.0, 0.0, 0.0, 0.0, 0.0, 0.0, 0.0, 0.0, 0.0, 0.0, 0.0, 0.0, 0.0, 0.0, 0.0], [0.5379700064659119, 1.0, 0.5, 0.7843137254901961, 0.5, 0.8181818181818182, 1.0, 1.0, 0.5379700258553747, 0.6565472706254707, 0.6565472706254707, 0.0, 0.0, 0.0, 0.0, 0.0, 0.0, 0.0, 0.0, 0.0, 0.0, 0.0, 0.0, 0.0, 0.0, 0.0, 0.0, 0.0, 0.0, 0.0, 0.0, 0.0], [0.6767827868461609, 0.0, 0.5333333333333333, 0.8039215686274509, 0.5, 0.8181818181818182, 1.0, 0.0, 0.6767827688929546, 0.5063580432570125, 0.5063580432570125, 0.0, 0.0, 0.0, 0.0, 1.0, 0.0, 0.0, 0.0, 0.0, 0.0, 0.0, 0.0, 0.0, 0.0, 0.0, 0.0, 0.0, 0.0, 0.0, 0.0, 0.0]]",0.5319877862930298,88.30997252464294,0.0,17.0,42.0,3.0,10.0,4.0,0.0,112.34593963623047,84.05543518066408,84.05543518066408,0.0,0.0,0.0,0.0,1.0,0.0,0.0,0.0,0.0,0.0,0.0,0.0,0.0,0.0,0.0,0.0,0.0,0.0,0.0,0.0,0.0,0.0,0.5333333333333333,0.8039215686274509,0.5,0.8181818181818182,1.0,0.0,0.6767827688929546,0.5063580432570125,0.5063580432570125,0.0,0.0,0.0,0.0,1.0,0.0,0.0,0.0,0.0,0.0,0.0,0.0,0.0,0.0,0.0,0.0,0.0,0.0,0.0,0.0,0.0
24,"[[0.3965618908405304, 0.3333333333333333, 0.3666666666666667, 0.7843137254901961, 0.25, 0.8181818181818182, 1.0, 0.0, 0.39656190987092904, 0.475010791456843, 0.475010791456843, 0.0, 0.0, 0.0, 0.0, 0.0, 0.0, 0.0, 0.0, 0.0, 0.0, 0.0, 0.0, 0.0, 0.0, 0.0, 0.0, 0.0, 0.0, 0.0, 0.0, 0.0], [0.3946097791194916, 0.5, 0.4, 0.7843137254901961, 0.25, 0.8181818181818182, 1.0, 0.0, 0.3946097959955055, 0.46131809648261013, 0.46131809648261013, 0.0, 0.0, 0.0, 0.0, 0.0, 0.0, 0.0, 0.0, 0.0, 0.0, 0.0, 0.0, 0.0, 0.0, 0.0, 0.0, 0.0, 0.0, 0.0, 0.0, 0.0], [0.40661728382110596, 0.6666666666666666, 0.43333333333333335, 0.7843137254901961, 0.25, 0.8181818181818182, 1.0, 0.0, 0.4066172680222845, 0.4919522756553558, 0.4919522756553558, 0.0, 0.0, 0.0, 0.0, 0.0, 1.0, 0.0, 0.0, 0.0, 0.0, 0.0, 0.0, 0.0, 0.0, 0.0, 0.0, 0.0, 0.0, 0.0, 0.0, 0.0], [0.49255454540252686, 0.8333333333333333, 0.4666666666666667, 0.7843137254901961, 0.5, 0.8181818181818182, 1.0, 1.0, 0.4925545382212444, 0.5077422728021461, 0.5077422728021461, 0.0, 0.0, 0.0, 0.0, 0.0, 0.0, 0.0, 0.0, 0.0, 0.0, 0.0, 0.0, 0.0, 0.0, 0.0, 0.0, 0.0, 0.0, 0.0, 0.0, 0.0], [0.5379700064659119, 1.0, 0.5, 0.7843137254901961, 0.5, 0.8181818181818182, 1.0, 1.0, 0.5379700258553747, 0.6565472706254707, 0.6565472706254707, 0.0, 0.0, 0.0, 0.0, 0.0, 0.0, 0.0, 0.0, 0.0, 0.0, 0.0, 0.0, 0.0, 0.0, 0.0, 0.0, 0.0, 0.0, 0.0, 0.0, 0.0], [0.6767827868461609, 0.0, 0.5333333333333333, 0.8039215686274509, 0.5, 0.8181818181818182, 1.0, 0.0, 0.6767827688929546, 0.5063580432570125, 0.5063580432570125, 0.0, 0.0, 0.0, 0.0, 1.0, 0.0, 0.0, 0.0, 0.0, 0.0, 0.0, 0.0, 0.0, 0.0, 0.0, 0.0, 0.0, 0.0, 0.0, 0.0, 0.0], [0.5319877862930298, 0.16666666666666666, 0.5666666666666667, 0.8039215686274509, 0.5, 0.8181818181818182, 1.0, 0.0, 0.5319877992193384, 0.39656190987092904, 0.39656190987092904, 0.0, 0.0, 0.0, 0.0, 0.0, 0.0, 0.0, 0.0, 0.0, 0.0, 0.0, 0.0, 0.0, 0.0, 0.0, 0.0, 0.0, 0.0, 0.0, 0.0, 0.0]]",0.43560782074928284,72.31089824438095,1.0,18.0,42.0,3.0,10.0,4.0,0.0,88.30997467041017,65.82927703857422,65.82927703857422,0.0,0.0,0.0,0.0,0.0,0.0,0.0,0.0,0.0,0.0,0.0,0.0,0.0,0.0,0.0,0.0,0.0,0.0,0.0,0.0,0.0,0.16666666666666666,0.5666666666666667,0.8039215686274509,0.5,0.8181818181818182,1.0,0.0,0.5319877992193384,0.39656190987092904,0.39656190987092904,0.0,0.0,0.0,0.0,0.0,0.0,0.0,0.0,0.0,0.0,0.0,0.0,0.0,0.0,0.0,0.0,0.0,0.0,0.0,0.0,0.0
25,"[[0.3946097791194916, 0.5, 0.4, 0.7843137254901961, 0.25, 0.8181818181818182, 1.0, 0.0, 0.3946097959955055, 0.46131809648261013, 0.46131809648261013, 0.0, 0.0, 0.0, 0.0, 0.0, 0.0, 0.0, 0.0, 0.0, 0.0, 0.0, 0.0, 0.0, 0.0, 0.0, 0.0, 0.0, 0.0, 0.0, 0.0, 0.0], [0.40661728382110596, 0.6666666666666666, 0.43333333333333335, 0.7843137254901961, 0.25, 0.8181818181818182, 1.0, 0.0, 0.4066172680222845, 0.4919522756553558, 0.4919522756553558, 0.0, 0.0, 0.0, 0.0, 0.0, 1.0, 0.0, 0.0, 0.0, 0.0, 0.0, 0.0, 0.0, 0.0, 0.0, 0.0, 0.0, 0.0, 0.0, 0.0, 0.0], [0.49255454540252686, 0.8333333333333333, 0.4666666666666667, 0.7843137254901961, 0.5, 0.8181818181818182, 1.0, 1.0, 0.4925545382212444, 0.5077422728021461, 0.5077422728021461, 0.0, 0.0, 0.0, 0.0, 0.0, 0.0, 0.0, 0.0, 0.0, 0.0, 0.0, 0.0, 0.0, 0.0, 0.0, 0.0, 0.0, 0.0, 0.0, 0.0, 0.0], [0.5379700064659119, 1.0, 0.5, 0.7843137254901961, 0.5, 0.8181818181818182, 1.0, 1.0, 0.5379700258553747, 0.6565472706254707, 0.6565472706254707, 0.0, 0.0, 0.0, 0.0, 0.0, 0.0, 0.0, 0.0, 0.0, 0.0, 0.0, 0.0, 0.0, 0.0, 0.0, 0.0, 0.0, 0.0, 0.0, 0.0, 0.0], [0.6767827868461609, 0.0, 0.5333333333333333, 0.8039215686274509, 0.5, 0.8181818181818182, 1.0, 0.0, 0.6767827688929546, 0.5063580432570125, 0.5063580432570125, 0.0, 0.0, 0.0, 0.0, 1.0, 0.0, 0.0, 0.0, 0.0, 0.0, 0.0, 0.0, 0.0, 0.0, 0.0, 0.0, 0.0, 0.0, 0.0, 0.0, 0.0], [0.5319877862930298, 0.16666666666666666, 0.5666666666666667, 0.8039215686274509, 0.5, 0.8181818181818182, 1.0, 0.0, 0.5319877992193384, 0.39656190987092904, 0.39656190987092904, 0.0, 0.0, 0.0, 0.0, 0.0, 0.0, 0.0, 0.0, 0.0, 0.0, 0.0, 0.0, 0.0, 0.0, 0.0, 0.0, 0.0, 0.0, 0.0, 0.0, 0.0], [0.43560782074928284, 0.3333333333333333, 0.6, 0.8039215686274509, 0.5, 0.8181818181818182, 1.0, 0.0, 0.435607818235834, 0.3946097959955055, 0.3946097959955055, 0.0, 0.0, 0.0, 0.0, 0.0, 0.0, 0.0, 0.0, 0.0, 0.0, 0.0, 0.0, 0.0, 0.0, 0.0, 0.0, 0.0, 0.0, 0.0, 0.0, 0.0]]",0.45043307542800903,74.7718905210495,2.0,19.0,42.0,3.0,10.0,4.0,0.0,72.31089782714844,65.5052261352539,65.5052261352539,0.0,0.0,0.0,0.0,0.0,0.0,0.0,0.0,0.0,0.0,0.0,0.0,0.0,0.0,0.0,0.0,0.0,0.0,0.0,0.0,0.0,0.3333333333333333,0.6,0.8039215686274509,0.5,0.8181818181818182,1.0,0.0,0.435607818235834,0.3946097959955055,0.3946097959955055,0.0,0.0,0.0,0.0,0.0,0.0,0.0,0.0,0.0,0.0,0.0,0.0,0.0,0.0,0.0,0.0,0.0,0.0,0.0,0.0,0.0
26,"[[0.40661728382110596, 0.6666666666666666, 0.43333333333333335, 0.7843137254901961, 0.25, 0.8181818181818182, 1.0, 0.0, 0.4066172680222845, 0.4919522756553558, 0.4919522756553558, 0.0, 0.0, 0.0, 0.0, 0.0, 1.0, 0.0, 0.0, 0.0, 0.0, 0.0, 0.0, 0.0, 0.0, 0.0, 0.0, 0.0, 0.0, 0.0, 0.0, 0.0], [0.49255454540252686, 0.8333333333333333, 0.4666666666666667, 0.7843137254901961, 0.5, 0.8181818181818182, 1.0, 1.0, 0.4925545382212444, 0.5077422728021461, 0.5077422728021461, 0.0, 0.0, 0.0, 0.0, 0.0, 0.0, 0.0, 0.0, 0.0, 0.0, 0.0, 0.0, 0.0, 0.0, 0.0, 0.0, 0.0, 0.0, 0.0, 0.0, 0.0], [0.5379700064659119, 1.0, 0.5, 0.7843137254901961, 0.5, 0.8181818181818182, 1.0, 1.0, 0.5379700258553747, 0.6565472706254707, 0.6565472706254707, 0.0, 0.0, 0.0, 0.0, 0.0, 0.0, 0.0, 0.0, 0.0, 0.0, 0.0, 0.0, 0.0, 0.0, 0.0, 0.0, 0.0, 0.0, 0.0, 0.0, 0.0], [0.6767827868461609, 0.0, 0.5333333333333333, 0.8039215686274509, 0.5, 0.8181818181818182, 1.0, 0.0, 0.6767827688929546, 0.5063580432570125, 0.5063580432570125, 0.0, 0.0, 0.0, 0.0, 1.0, 0.0, 0.0, 0.0, 0.0, 0.0, 0.0, 0.0, 0.0, 0.0, 0.0, 0.0, 0.0, 0.0, 0.0, 0.0, 0.0], [0.5319877862930298, 0.16666666666666666, 0.5666666666666667, 0.8039215686274509, 0.5, 0.8181818181818182, 1.0, 0.0, 0.5319877992193384, 0.39656190987092904, 0.39656190987092904, 0.0, 0.0, 0.0, 0.0, 0.0, 0.0, 0.0, 0.0, 0.0, 0.0, 0.0, 0.0, 0.0, 0.0, 0.0, 0.0, 0.0, 0.0, 0.0, 0.0, 0.0], [0.43560782074928284, 0.3333333333333333, 0.6, 0.8039215686274509, 0.5, 0.8181818181818182, 1.0, 0.0, 0.435607818235834, 0.3946097959955055, 0.3946097959955055, 0.0, 0.0, 0.0, 0.0, 0.0, 0.0, 0.0, 0.0, 0.0, 0.0, 0.0, 0.0, 0.0, 0.0, 0.0, 0.0, 0.0, 0.0, 0.0, 0.0, 0.0], [0.45043307542800903, 0.5, 0.6333333333333333, 0.8039215686274509, 0.5, 0.8181818181818182, 1.0, 0.0, 0.4504330646560853, 0.4066172680222845, 0.4066172680222845, 0.0, 0.0, 0.0, 0.0, 0.0, 0.0, 0.0, 0.0, 0.0, 0.0, 0.0, 0.0, 0.0, 0.0, 0.0, 0.0, 0.0, 0.0, 0.0, 0.0, 0.0]]",0.456076443195343,75.70868957042694,3.0,20.0,42.0,3.0,10.0,4.0,0.0,74.77188873291016,67.49846649169922,67.49846649169922,0.0,0.0,0.0,0.0,0.0,0.0,0.0,0.0,0.0,0.0,0.0,0.0,0.0,0.0,0.0,0.0,0.0,0.0,0.0,0.0,0.0,0.5,0.6333333333333333,0.8039215686274509,0.5,0.8181818181818182,1.0,0.0,0.4504330646560853,0.4066172680222845,0.4066172680222845,0.0,0.0,0.0,0.0,0.0,0.0,0.0,0.0,0.0,0.0,0.0,0.0,0.0,0.0,0.0,0.0,0.0,0.0,0.0,0.0,0.0
27,"[[0.49255454540252686, 0.8333333333333333, 0.4666666666666667, 0.7843137254901961, 0.5, 0.8181818181818182, 1.0, 1.0, 0.4925545382212444, 0.5077422728021461, 0.5077422728021461, 0.0, 0.0, 0.0, 0.0, 0.0, 0.0, 0.0, 0.0, 0.0, 0.0, 0.0, 0.0, 0.0, 0.0, 0.0, 0.0, 0.0, 0.0, 0.0, 0.0, 0.0], [0.5379700064659119, 1.0, 0.5, 0.7843137254901961, 0.5, 0.8181818181818182, 1.0, 1.0, 0.5379700258553747, 0.6565472706254707, 0.6565472706254707, 0.0, 0.0, 0.0, 0.0, 0.0, 0.0, 0.0, 0.0, 0.0, 0.0, 0.0, 0.0, 0.0, 0.0, 0.0, 0.0, 0.0, 0.0, 0.0, 0.0, 0.0], [0.6767827868461609, 0.0, 0.5333333333333333, 0.8039215686274509, 0.5, 0.8181818181818182, 1.0, 0.0, 0.6767827688929546, 0.5063580432570125, 0.5063580432570125, 0.0, 0.0, 0.0, 0.0, 1.0, 0.0, 0.0, 0.0, 0.0, 0.0, 0.0, 0.0, 0.0, 0.0, 0.0, 0.0, 0.0, 0.0, 0.0, 0.0, 0.0], [0.5319877862930298, 0.16666666666666666, 0.5666666666666667, 0.8039215686274509, 0.5, 0.8181818181818182, 1.0, 0.0, 0.5319877992193384, 0.39656190987092904, 0.39656190987092904, 0.0, 0.0, 0.0, 0.0, 0.0, 0.0, 0.0, 0.0, 0.0, 0.0, 0.0, 0.0, 0.0, 0.0, 0.0, 0.0, 0.0, 0.0, 0.0, 0.0, 0.0], [0.43560782074928284, 0.3333333333333333, 0.6, 0.8039215686274509, 0.5, 0.8181818181818182, 1.0, 0.0, 0.435607818235834, 0.3946097959955055, 0.3946097959955055, 0.0, 0.0, 0.0, 0.0, 0.0, 0.0, 0.0, 0.0, 0.0, 0.0, 0.0, 0.0, 0.0, 0.0, 0.0, 0.0, 0.0, 0.0, 0.0, 0.0, 0.0], [0.45043307542800903, 0.5, 0.6333333333333333, 0.8039215686274509, 0.5, 0.8181818181818182, 1.0, 0.0, 0.4504330646560853, 0.4066172680222845, 0.4066172680222845, 0.0, 0.0, 0.0, 0.0, 0.0, 0.0, 0.0, 0.0, 0.0, 0.0, 0.0, 0.0, 0.0, 0.0, 0.0, 0.0, 0.0, 0.0, 0.0, 0.0, 0.0], [0.456076443195343, 0.6666666666666666, 0.6666666666666666, 0.8039215686274509, 0.5, 0.8181818181818182, 1.0, 0.0, 0.45607642667839327, 0.4925545382212444, 0.4925545382212444, 0.0, 0.0, 0.0, 0.0, 0.0, 1.0, 0.0, 0.0, 0.0, 0.0, 0.0, 0.0, 0.0, 0.0, 0.0, 0.0, 0.0, 0.0, 0.0, 0.0, 0.0]]",0.5300700664520264,87.99163103103638,4.0,21.0,42.0,3.0,10.0,4.0,0.0,75.70868682861328,81.76405334472656,81.76405334472656,0.0,0.0,0.0,0.0,0.0,1.0,0.0,0.0,0.0,0.0,0.0,0.0,0.0,0.0,0.0,0.0,0.0,0.0,0.0,0.0,0.0,0.6666666666666666,0.6666666666666666,0.8039215686274509,0.5,0.8181818181818182,1.0,0.0,0.45607642667839327,0.4925545382212444,0.4925545382212444,0.0,0.0,0.0,0.0,0.0,1.0,0.0,0.0,0.0,0.0,0.0,0.0,0.0,0.0,0.0,0.0,0.0,0.0,0.0,0.0,0.0
28,"[[0.5379700064659119, 1.0, 0.5, 0.7843137254901961, 0.5, 0.8181818181818182, 1.0, 1.0, 0.5379700258553747, 0.6565472706254707, 0.6565472706254707, 0.0, 0.0, 0.0, 0.0, 0.0, 0.0, 0.0, 0.0, 0.0, 0.0, 0.0, 0.0, 0.0, 0.0, 0.0, 0.0, 0.0, 0.0, 0.0, 0.0, 0.0], [0.6767827868461609, 0.0, 0.5333333333333333, 0.8039215686274509, 0.5, 0.8181818181818182, 1.0, 0.0, 0.6767827688929546, 0.5063580432570125, 0.5063580432570125, 0.0, 0.0, 0.0, 0.0, 1.0, 0.0, 0.0, 0.0, 0.0, 0.0, 0.0, 0.0, 0.0, 0.0, 0.0, 0.0, 0.0, 0.0, 0.0, 0.0, 0.0], [0.5319877862930298, 0.16666666666666666, 0.5666666666666667, 0.8039215686274509, 0.5, 0.8181818181818182, 1.0, 0.0, 0.5319877992193384, 0.39656190987092904, 0.39656190987092904, 0.0, 0.0, 0.0, 0.0, 0.0, 0.0, 0.0, 0.0, 0.0, 0.0, 0.0, 0.0, 0.0, 0.0, 0.0, 0.0, 0.0, 0.0, 0.0, 0.0, 0.0], [0.43560782074928284, 0.3333333333333333, 0.6, 0.8039215686274509, 0.5, 0.8181818181818182, 1.0, 0.0, 0.435607818235834, 0.3946097959955055, 0.3946097959955055, 0.0, 0.0, 0.0, 0.0, 0.0, 0.0, 0.0, 0.0, 0.0, 0.0, 0.0, 0.0, 0.0, 0.0, 0.0, 0.0, 0.0, 0.0, 0.0, 0.0, 0.0], [0.45043307542800903, 0.5, 0.6333333333333333, 0.8039215686274509, 0.5, 0.8181818181818182, 1.0, 0.0, 0.4504330646560853, 0.4066172680222845, 0.4066172680222845, 0.0, 0.0, 0.0, 0.0, 0.0, 0.0, 0.0, 0.0, 0.0, 0.0, 0.0, 0.0, 0.0, 0.0, 0.0, 0.0, 0.0, 0.0, 0.0, 0.0, 0.0], [0.456076443195343, 0.6666666666666666, 0.6666666666666666, 0.8039215686274509, 0.5, 0.8181818181818182, 1.0, 0.0, 0.45607642667839327, 0.4925545382212444, 0.4925545382212444, 0.0, 0.0, 0.0, 0.0, 0.0, 1.0, 0.0, 0.0, 0.0, 0.0, 0.0, 0.0, 0.0, 0.0, 0.0, 0.0, 0.0, 0.0, 0.0, 0.0, 0.0], [0.5300700664520264, 0.8333333333333333, 0.7, 0.8039215686274509, 0.75, 0.8181818181818182, 1.0, 1.0, 0.5300700635795134, 0.5379700258553747, 0.5379700258553747, 0.0, 0.0, 0.0, 0.0, 0.0, 0.0, 0.0, 0.0, 0.0, 0.0, 0.0, 0.0, 0.0, 0.0, 0.0, 0.0, 0.0, 0.0, 0.0, 0.0, 0.0]]",0.5740326642990112,95.28942227363586,5.0,22.0,42.0,4.0,10.0,4.0,1.0,87.99163055419922,89.30302429199219,89.30302429199219,0.0,0.0,0.0,0.0,0.0,0.0,0.0,0.0,0.0,0.0,0.0,0.0,0.0,0.0,0.0,0.0,0.0,0.0,0.0,0.0,0.0,0.8333333333333333,0.7,0.8039215686274509,0.75,0.8181818181818182,1.0,1.0,0.5300700635795134,0.5379700258553747,0.5379700258553747,0.0,0.0,0.0,0.0,0.0,0.0,0.0,0.0,0.0,0.0,0.0,0.0,0.0,0.0,0.0,0.0,0.0,0.0,0.0,0.0,0.0
29,"[[0.6767827868461609, 0.0, 0.5333333333333333, 0.8039215686274509, 0.5, 0.8181818181818182, 1.0, 0.0, 0.6767827688929546, 0.5063580432570125, 0.5063580432570125, 0.0, 0.0, 0.0, 0.0, 1.0, 0.0, 0.0, 0.0, 0.0, 0.0, 0.0, 0.0, 0.0, 0.0, 0.0, 0.0, 0.0, 0.0, 0.0, 0.0, 0.0], [0.5319877862930298, 0.16666666666666666, 0.5666666666666667, 0.8039215686274509, 0.5, 0.8181818181818182, 1.0, 0.0, 0.5319877992193384, 0.39656190987092904, 0.39656190987092904, 0.0, 0.0, 0.0, 0.0, 0.0, 0.0, 0.0, 0.0, 0.0, 0.0, 0.0, 0.0, 0.0, 0.0, 0.0, 0.0, 0.0, 0.0, 0.0, 0.0, 0.0], [0.43560782074928284, 0.3333333333333333, 0.6, 0.8039215686274509, 0.5, 0.8181818181818182, 1.0, 0.0, 0.435607818235834, 0.3946097959955055, 0.3946097959955055, 0.0, 0.0, 0.0, 0.0, 0.0, 0.0, 0.0, 0.0, 0.0, 0.0, 0.0, 0.0, 0.0, 0.0, 0.0, 0.0, 0.0, 0.0, 0.0, 0.0, 0.0], [0.45043307542800903, 0.5, 0.6333333333333333, 0.8039215686274509, 0.5, 0.8181818181818182, 1.0, 0.0, 0.4504330646560853, 0.4066172680222845, 0.4066172680222845, 0.0, 0.0, 0.0, 0.0, 0.0, 0.0, 0.0, 0.0, 0.0, 0.0, 0.0, 0.0, 0.0, 0.0, 0.0, 0.0, 0.0, 0.0, 0.0, 0.0, 0.0], [0.456076443195343, 0.6666666666666666, 0.6666666666666666, 0.8039215686274509, 0.5, 0.8181818181818182, 1.0, 0.0, 0.45607642667839327, 0.4925545382212444, 0.4925545382212444, 0.0, 0.0, 0.0, 0.0, 0.0, 1.0, 0.0, 0.0, 0.0, 0.0, 0.0, 0.0, 0.0, 0.0, 0.0, 0.0, 0.0, 0.0, 0.0, 0.0, 0.0], [0.5300700664520264, 0.8333333333333333, 0.7, 0.8039215686274509, 0.75, 0.8181818181818182, 1.0, 1.0, 0.5300700635795134, 0.5379700258553747, 0.5379700258553747, 0.0, 0.0, 0.0, 0.0, 0.0, 0.0, 0.0, 0.0, 0.0, 0.0, 0.0, 0.0, 0.0, 0.0, 0.0, 0.0, 0.0, 0.0, 0.0, 0.0, 0.0], [0.5740326642990112, 1.0, 0.7333333333333333, 0.8039215686274509, 0.75, 0.8181818181818182, 1.0, 1.0, 0.5740326571177288, 0.6767827688929546, 0.6767827688929546, 0.0, 0.0, 0.0, 0.0, 0.0, 0.0, 0.0, 0.0, 0.0, 0.0, 0.0, 0.0, 0.0, 0.0, 0.0, 0.0, 0.0, 0.0, 0.0, 0.0, 0.0]]",0.7138440012931824,118.49810421466827,6.0,23.0,42.0,4.0,10.0,4.0,1.0,95.28942108154297,112.34593963623047,112.34593963623047,0.0,0.0,0.0,0.0,0.0,0.0,0.0,0.0,0.0,0.0,0.0,0.0,0.0,0.0,0.0,0.0,0.0,0.0,0.0,0.0,0.0,1.0,0.7333333333333333,0.8039215686274509,0.75,0.8181818181818182,1.0,1.0,0.5740326571177288,0.6767827688929546,0.6767827688929546,0.0,0.0,0.0,0.0,0.0,0.0,0.0,0.0,0.0,0.0,0.0,0.0,0.0,0.0,0.0,0.0,0.0,0.0,0.0,0.0,0.0
30,"[[0.5319877862930298, 0.16666666666666666, 0.5666666666666667, 0.8039215686274509, 0.5, 0.8181818181818182, 1.0, 0.0, 0.5319877992193384, 0.39656190987092904, 0.39656190987092904, 0.0, 0.0, 0.0, 0.0, 0.0, 0.0, 0.0, 0.0, 0.0, 0.0, 0.0, 0.0, 0.0, 0.0, 0.0, 0.0, 0.0, 0.0, 0.0, 0.0, 0.0], [0.43560782074928284, 0.3333333333333333, 0.6, 0.8039215686274509, 0.5, 0.8181818181818182, 1.0, 0.0, 0.435607818235834, 0.3946097959955055, 0.3946097959955055, 0.0, 0.0, 0.0, 0.0, 0.0, 0.0, 0.0, 0.0, 0.0, 0.0, 0.0, 0.0, 0.0, 0.0, 0.0, 0.0, 0.0, 0.0, 0.0, 0.0, 0.0], [0.45043307542800903, 0.5, 0.6333333333333333, 0.8039215686274509, 0.5, 0.8181818181818182, 1.0, 0.0, 0.4504330646560853, 0.4066172680222845, 0.4066172680222845, 0.0, 0.0, 0.0, 0.0, 0.0, 0.0, 0.0, 0.0, 0.0, 0.0, 0.0, 0.0, 0.0, 0.0, 0.0, 0.0, 0.0, 0.0, 0.0, 0.0, 0.0], [0.456076443195343, 0.6666666666666666, 0.6666666666666666, 0.8039215686274509, 0.5, 0.8181818181818182, 1.0, 0.0, 0.45607642667839327, 0.4925545382212444, 0.4925545382212444, 0.0, 0.0, 0.0, 0.0, 0.0, 1.0, 0.0, 0.0, 0.0, 0.0, 0.0, 0.0, 0.0, 0.0, 0.0, 0.0, 0.0, 0.0, 0.0, 0.0, 0.0], [0.5300700664520264, 0.8333333333333333, 0.7, 0.8039215686274509, 0.75, 0.8181818181818182, 1.0, 1.0, 0.5300700635795134, 0.5379700258553747, 0.5379700258553747, 0.0, 0.0, 0.0, 0.0, 0.0, 0.0, 0.0, 0.0, 0.0, 0.0, 0.0, 0.0, 0.0, 0.0, 0.0, 0.0, 0.0, 0.0, 0.0, 0.0, 0.0], [0.5740326642990112, 1.0, 0.7333333333333333, 0.8039215686274509, 0.75, 0.8181818181818182, 1.0, 1.0, 0.5740326571177288, 0.6767827688929546, 0.6767827688929546, 0.0, 0.0, 0.0, 0.0, 0.0, 0.0, 0.0, 0.0, 0.0, 0.0, 0.0, 0.0, 0.0, 0.0, 0.0, 0.0, 0.0, 0.0, 0.0, 0.0, 0.0], [0.7138440012931824, 0.0, 0.7666666666666667, 0.8235294117647058, 0.75, 0.8181818181818182, 1.0, 0.0, 0.7138440235551582, 0.5319877992193384, 0.5319877992193384, 0.0, 0.0, 0.0, 0.0, 1.0, 0.0, 0.0, 0.0, 0.0, 0.0, 0.0, 0.0, 0.0, 0.0, 0.0, 0.0, 0.0, 0.0, 0.0, 0.0, 0.0]]",0.5781535506248474,95.97348940372467,0.0,24.0,43.0,4.0,10.0,4.0,0.0,118.49810791015625,88.30997467041017,88.30997467041017,0.0,0.0,0.0,0.0,1.0,0.0,0.0,0.0,0.0,0.0,0.0,0.0,0.0,0.0,0.0,0.0,0.0,0.0,0.0,0.0,0.0,0.0,0.7666666666666667,0.8235294117647058,0.75,0.8181818181818182,1.0,0.0,0.7138440235551582,0.5319877992193384,0.5319877992193384,0.0,0.0,0.0,0.0,1.0,0.0,0.0,0.0,0.0,0.0,0.0,0.0,0.0,0.0,0.0,0.0,0.0,0.0,0.0,0.0,0.0
31,"[[0.43560782074928284, 0.3333333333333333, 0.6, 0.8039215686274509, 0.5, 0.8181818181818182, 1.0, 0.0, 0.435607818235834, 0.3946097959955055, 0.3946097959955055, 0.0, 0.0, 0.0, 0.0, 0.0, 0.0, 0.0, 0.0, 0.0, 0.0, 0.0, 0.0, 0.0, 0.0, 0.0, 0.0, 0.0, 0.0, 0.0, 0.0, 0.0], [0.45043307542800903, 0.5, 0.6333333333333333, 0.8039215686274509, 0.5, 0.8181818181818182, 1.0, 0.0, 0.4504330646560853, 0.4066172680222845, 0.4066172680222845, 0.0, 0.0, 0.0, 0.0, 0.0, 0.0, 0.0, 0.0, 0.0, 0.0, 0.0, 0.0, 0.0, 0.0, 0.0, 0.0, 0.0, 0.0, 0.0, 0.0, 0.0], [0.456076443195343, 0.6666666666666666, 0.6666666666666666, 0.8039215686274509, 0.5, 0.8181818181818182, 1.0, 0.0, 0.45607642667839327, 0.4925545382212444, 0.4925545382212444, 0.0, 0.0, 0.0, 0.0, 0.0, 1.0, 0.0, 0.0, 0.0, 0.0, 0.0, 0.0, 0.0, 0.0, 0.0, 0.0, 0.0, 0.0, 0.0, 0.0, 0.0], [0.5300700664520264, 0.8333333333333333, 0.7, 0.8039215686274509, 0.75, 0.8181818181818182, 1.0, 1.0, 0.5300700635795134, 0.5379700258553747, 0.5379700258553747, 0.0, 0.0, 0.0, 0.0, 0.0, 0.0, 0.0, 0.0, 0.0, 0.0, 0.0, 0.0, 0.0, 0.0, 0.0, 0.0, 0.0, 0.0, 0.0, 0.0, 0.0], [0.5740326642990112, 1.0, 0.7333333333333333, 0.8039215686274509, 0.75, 0.8181818181818182, 1.0, 1.0, 0.5740326571177288, 0.6767827688929546, 0.6767827688929546, 0.0, 0.0, 0.0, 0.0, 0.0, 0.0, 0.0, 0.0, 0.0, 0.0, 0.0, 0.0, 0.0, 0.0, 0.0, 0.0, 0.0, 0.0, 0.0, 0.0, 0.0], [0.7138440012931824, 0.0, 0.7666666666666667, 0.8235294117647058, 0.75, 0.8181818181818182, 1.0, 0.0, 0.7138440235551582, 0.5319877992193384, 0.5319877992193384, 0.0, 0.0, 0.0, 0.0, 1.0, 0.0, 0.0, 0.0, 0.0, 0.0, 0.0, 0.0, 0.0, 0.0, 0.0, 0.0, 0.0, 0.0, 0.0, 0.0, 0.0], [0.5781535506248474, 0.16666666666666666, 0.8, 0.8235294117647058, 0.75, 0.8181818181818182, 1.0, 0.0, 0.5781535412891802, 0.435607818235834, 0.435607818235834, 0.0, 0.0, 0.0, 0.0, 0.0, 0.0, 0.0, 0.0, 0.0, 0.0, 0.0, 0.0, 0.0, 0.0, 0.0, 0.0, 0.0, 0.0, 0.0, 0.0, 0.0]]",0.485085129737854,80.52413153648376,1.0,25.0,43.0,4.0,10.0,4.0,0.0,95.9734878540039,72.31089782714844,72.31089782714844,0.0,0.0,0.0,0.0,0.0,0.0,0.0,0.0,0.0,0.0,0.0,0.0,0.0,0.0,0.0,0.0,0.0,0.0,0.0,0.0,0.0,0.16666666666666666,0.8,0.8235294117647058,0.75,0.8181818181818182,1.0,0.0,0.5781535412891802,0.435607818235834,0.435607818235834,0.0,0.0,0.0,0.0,0.0,0.0,0.0,0.0,0.0,0.0,0.0,0.0,0.0,0.0,0.0,0.0,0.0,0.0,0.0,0.0,0.0
32,"[[0.45043307542800903, 0.5, 0.6333333333333333, 0.8039215686274509, 0.5, 0.8181818181818182, 1.0, 0.0, 0.4504330646560853, 0.4066172680222845, 0.4066172680222845, 0.0, 0.0, 0.0, 0.0, 0.0, 0.0, 0.0, 0.0, 0.0, 0.0, 0.0, 0.0, 0.0, 0.0, 0.0, 0.0, 0.0, 0.0, 0.0, 0.0, 0.0], [0.456076443195343, 0.6666666666666666, 0.6666666666666666, 0.8039215686274509, 0.5, 0.8181818181818182, 1.0, 0.0, 0.45607642667839327, 0.4925545382212444, 0.4925545382212444, 0.0, 0.0, 0.0, 0.0, 0.0, 1.0, 0.0, 0.0, 0.0, 0.0, 0.0, 0.0, 0.0, 0.0, 0.0, 0.0, 0.0, 0.0, 0.0, 0.0, 0.0], [0.5300700664520264, 0.8333333333333333, 0.7, 0.8039215686274509, 0.75, 0.8181818181818182, 1.0, 1.0, 0.5300700635795134, 0.5379700258553747, 0.5379700258553747, 0.0, 0.0, 0.0, 0.0, 0.0, 0.0, 0.0, 0.0, 0.0, 0.0, 0.0, 0.0, 0.0, 0.0, 0.0, 0.0, 0.0, 0.0, 0.0, 0.0, 0.0], [0.5740326642990112, 1.0, 0.7333333333333333, 0.8039215686274509, 0.75, 0.8181818181818182, 1.0, 1.0, 0.5740326571177288, 0.6767827688929546, 0.6767827688929546, 0.0, 0.0, 0.0, 0.0, 0.0, 0.0, 0.0, 0.0, 0.0, 0.0, 0.0, 0.0, 0.0, 0.0, 0.0, 0.0, 0.0, 0.0, 0.0, 0.0, 0.0], [0.7138440012931824, 0.0, 0.7666666666666667, 0.8235294117647058, 0.75, 0.8181818181818182, 1.0, 0.0, 0.7138440235551582, 0.5319877992193384, 0.5319877992193384, 0.0, 0.0, 0.0, 0.0, 1.0, 0.0, 0.0, 0.0, 0.0, 0.0, 0.0, 0.0, 0.0, 0.0, 0.0, 0.0, 0.0, 0.0, 0.0, 0.0, 0.0], [0.5781535506248474, 0.16666666666666666, 0.8, 0.8235294117647058, 0.75, 0.8181818181818182, 1.0, 0.0, 0.5781535412891802, 0.435607818235834, 0.435607818235834, 0.0, 0.0, 0.0, 0.0, 0.0, 0.0, 0.0, 0.0, 0.0, 0.0, 0.0, 0.0, 0.0, 0.0, 0.0, 0.0, 0.0, 0.0, 0.0, 0.0, 0.0], [0.485085129737854, 0.3333333333333333, 0.8333333333333334, 0.8235294117647058, 0.75, 0.8181818181818182, 1.0, 0.0, 0.4850851311741105, 0.4504330646560853, 0.4504330646560853, 0.0, 0.0, 0.0, 0.0, 0.0, 0.0, 0.0, 0.0, 0.0, 0.0, 0.0, 0.0, 0.0, 0.0, 0.0, 0.0, 0.0, 0.0, 0.0, 0.0, 0.0]]",0.5110797882080078,84.8392448425293,2.0,26.0,43.0,4.0,10.0,4.0,0.0,80.52413177490234,74.77188873291016,74.77188873291016,0.0,0.0,0.0,0.0,0.0,0.0,0.0,0.0,0.0,0.0,0.0,0.0,0.0,0.0,0.0,0.0,0.0,0.0,0.0,0.0,0.0,0.3333333333333333,0.8333333333333334,0.8235294117647058,0.75,0.8181818181818182,1.0,0.0,0.4850851311741105,0.4504330646560853,0.4504330646560853,0.0,0.0,0.0,0.0,0.0,0.0,0.0,0.0,0.0,0.0,0.0,0.0,0.0,0.0,0.0,0.0,0.0,0.0,0.0,0.0,0.0
33,"[[0.456076443195343, 0.6666666666666666, 0.6666666666666666, 0.8039215686274509, 0.5, 0.8181818181818182, 1.0, 0.0, 0.45607642667839327, 0.4925545382212444, 0.4925545382212444, 0.0, 0.0, 0.0, 0.0, 0.0, 1.0, 0.0, 0.0, 0.0, 0.0, 0.0, 0.0, 0.0, 0.0, 0.0, 0.0, 0.0, 0.0, 0.0, 0.0, 0.0], [0.5300700664520264, 0.8333333333333333, 0.7, 0.8039215686274509, 0.75, 0.8181818181818182, 1.0, 1.0, 0.5300700635795134, 0.5379700258553747, 0.5379700258553747, 0.0, 0.0, 0.0, 0.0, 0.0, 0.0, 0.0, 0.0, 0.0, 0.0, 0.0, 0.0, 0.0, 0.0, 0.0, 0.0, 0.0, 0.0, 0.0, 0.0, 0.0], [0.5740326642990112, 1.0, 0.7333333333333333, 0.8039215686274509, 0.75, 0.8181818181818182, 1.0, 1.0, 0.5740326571177288, 0.6767827688929546, 0.6767827688929546, 0.0, 0.0, 0.0, 0.0, 0.0, 0.0, 0.0, 0.0, 0.0, 0.0, 0.0, 0.0, 0.0, 0.0, 0.0, 0.0, 0.0, 0.0, 0.0, 0.0, 0.0], [0.7138440012931824, 0.0, 0.7666666666666667, 0.8235294117647058, 0.75, 0.8181818181818182, 1.0, 0.0, 0.7138440235551582, 0.5319877992193384, 0.5319877992193384, 0.0, 0.0, 0.0, 0.0, 1.0, 0.0, 0.0, 0.0, 0.0, 0.0, 0.0, 0.0, 0.0, 0.0, 0.0, 0.0, 0.0, 0.0, 0.0, 0.0, 0.0], [0.5781535506248474, 0.16666666666666666, 0.8, 0.8235294117647058, 0.75, 0.8181818181818182, 1.0, 0.0, 0.5781535412891802, 0.435607818235834, 0.435607818235834, 0.0, 0.0, 0.0, 0.0, 0.0, 0.0, 0.0, 0.0, 0.0, 0.0, 0.0, 0.0, 0.0, 0.0, 0.0, 0.0, 0.0, 0.0, 0.0, 0.0, 0.0], [0.485085129737854, 0.3333333333333333, 0.8333333333333334, 0.8235294117647058, 0.75, 0.8181818181818182, 1.0, 0.0, 0.4850851311741105, 0.4504330646560853, 0.4504330646560853, 0.0, 0.0, 0.0, 0.0, 0.0, 0.0, 0.0, 0.0, 0.0, 0.0, 0.0, 0.0, 0.0, 0.0, 0.0, 0.0, 0.0, 0.0, 0.0, 0.0, 0.0], [0.5110797882080078, 0.5, 0.8666666666666667, 0.8235294117647058, 0.75, 0.8181818181818182, 1.0, 0.0, 0.5110798111881119, 0.45607642667839327, 0.45607642667839327, 0.0, 0.0, 0.0, 0.0, 0.0, 0.0, 0.0, 0.0, 0.0, 0.0, 0.0, 0.0, 0.0, 0.0, 0.0, 0.0, 0.0, 0.0, 0.0, 0.0, 0.0]]",0.520898699760437,86.46918416023254,3.0,27.0,43.0,4.0,10.0,4.0,0.0,84.83924865722656,75.70868682861328,75.70868682861328,0.0,0.0,0.0,0.0,0.0,0.0,0.0,0.0,0.0,0.0,0.0,0.0,0.0,0.0,0.0,0.0,0.0,0.0,0.0,0.0,0.0,0.5,0.8666666666666667,0.8235294117647058,0.75,0.8181818181818182,1.0,0.0,0.5110798111881119,0.45607642667839327,0.45607642667839327,0.0,0.0,0.0,0.0,0.0,0.0,0.0,0.0,0.0,0.0,0.0,0.0,0.0,0.0,0.0,0.0,0.0,0.0,0.0,0.0,0.0
34,"[[0.5300700664520264, 0.8333333333333333, 0.7, 0.8039215686274509, 0.75, 0.8181818181818182, 1.0, 1.0, 0.5300700635795134, 0.5379700258553747, 0.5379700258553747, 0.0, 0.0, 0.0, 0.0, 0.0, 0.0, 0.0, 0.0, 0.0, 0.0, 0.0, 0.0, 0.0, 0.0, 0.0, 0.0, 0.0, 0.0, 0.0, 0.0, 0.0], [0.5740326642990112, 1.0, 0.7333333333333333, 0.8039215686274509, 0.75, 0.8181818181818182, 1.0, 1.0, 0.5740326571177288, 0.6767827688929546, 0.6767827688929546, 0.0, 0.0, 0.0, 0.0, 0.0, 0.0, 0.0, 0.0, 0.0, 0.0, 0.0, 0.0, 0.0, 0.0, 0.0, 0.0, 0.0, 0.0, 0.0, 0.0, 0.0], [0.7138440012931824, 0.0, 0.7666666666666667, 0.8235294117647058, 0.75, 0.8181818181818182, 1.0, 0.0, 0.7138440235551582, 0.5319877992193384, 0.5319877992193384, 0.0, 0.0, 0.0, 0.0, 1.0, 0.0, 0.0, 0.0, 0.0, 0.0, 0.0, 0.0, 0.0, 0.0, 0.0, 0.0, 0.0, 0.0, 0.0, 0.0, 0.0], [0.5781535506248474, 0.16666666666666666, 0.8, 0.8235294117647058, 0.75, 0.8181818181818182, 1.0, 0.0, 0.5781535412891802, 0.435607818235834, 0.435607818235834, 0.0, 0.0, 0.0, 0.0, 0.0, 0.0, 0.0, 0.0, 0.0, 0.0, 0.0, 0.0, 0.0, 0.0, 0.0, 0.0, 0.0, 0.0, 0.0, 0.0, 0.0], [0.485085129737854, 0.3333333333333333, 0.8333333333333334, 0.8235294117647058, 0.75, 0.8181818181818182, 1.0, 0.0, 0.4850851311741105, 0.4504330646560853, 0.4504330646560853, 0.0, 0.0, 0.0, 0.0, 0.0, 0.0, 0.0, 0.0, 0.0, 0.0, 0.0, 0.0, 0.0, 0.0, 0.0, 0.0, 0.0, 0.0, 0.0, 0.0, 0.0], [0.5110797882080078, 0.5, 0.8666666666666667, 0.8235294117647058, 0.75, 0.8181818181818182, 1.0, 0.0, 0.5110798111881119, 0.45607642667839327, 0.45607642667839327, 0.0, 0.0, 0.0, 0.0, 0.0, 0.0, 0.0, 0.0, 0.0, 0.0, 0.0, 0.0, 0.0, 0.0, 0.0, 0.0, 0.0, 0.0, 0.0, 0.0, 0.0], [0.520898699760437, 0.6666666666666666, 0.9, 0.8235294117647058, 0.75, 0.8181818181818182, 1.0, 0.0, 0.5208987040692066, 0.5300700635795134, 0.5300700635795134, 0.0, 0.0, 0.0, 0.0, 0.0, 1.0, 0.0, 0.0, 0.0, 0.0, 0.0, 0.0, 0.0, 0.0, 0.0, 0.0, 0.0, 0.0, 0.0, 0.0, 0.0]]",0.5890488624572754,97.78211116790771,4.0,28.0,43.0,4.0,10.0,4.0,0.0,86.46918487548828,87.99163055419922,87.99163055419922,0.0,0.0,0.0,0.0,0.0,1.0,0.0,0.0,0.0,0.0,0.0,0.0,0.0,0.0,0.0,0.0,0.0,0.0,0.0,0.0,0.0,0.6666666666666666,0.9,0.8235294117647058,0.75,0.8181818181818182,1.0,0.0,0.5208987040692066,0.5300700635795134,0.5300700635795134,0.0,0.0,0.0,0.0,0.0,1.0,0.0,0.0,0.0,0.0,0.0,0.0,0.0,0.0,0.0,0.0,0.0,0.0,0.0,0.0,0.0
35,"[[0.5740326642990112, 1.0, 0.7333333333333333, 0.8039215686274509, 0.75, 0.8181818181818182, 1.0, 1.0, 0.5740326571177288, 0.6767827688929546, 0.6767827688929546, 0.0, 0.0, 0.0, 0.0, 0.0, 0.0, 0.0, 0.0, 0.0, 0.0, 0.0, 0.0, 0.0, 0.0, 0.0, 0.0, 0.0, 0.0, 0.0, 0.0, 0.0], [0.7138440012931824, 0.0, 0.7666666666666667, 0.8235294117647058, 0.75, 0.8181818181818182, 1.0, 0.0, 0.7138440235551582, 0.5319877992193384, 0.5319877992193384, 0.0, 0.0, 0.0, 0.0, 1.0, 0.0, 0.0, 0.0, 0.0, 0.0, 0.0, 0.0, 0.0, 0.0, 0.0, 0.0, 0.0, 0.0, 0.0, 0.0, 0.0], [0.5781535506248474, 0.16666666666666666, 0.8, 0.8235294117647058, 0.75, 0.8181818181818182, 1.0, 0.0, 0.5781535412891802, 0.435607818235834, 0.435607818235834, 0.0, 0.0, 0.0, 0.0, 0.0, 0.0, 0.0, 0.0, 0.0, 0.0, 0.0, 0.0, 0.0, 0.0, 0.0, 0.0, 0.0, 0.0, 0.0, 0.0, 0.0], [0.485085129737854, 0.3333333333333333, 0.8333333333333334, 0.8235294117647058, 0.75, 0.8181818181818182, 1.0, 0.0, 0.4850851311741105, 0.4504330646560853, 0.4504330646560853, 0.0, 0.0, 0.0, 0.0, 0.0, 0.0, 0.0, 0.0, 0.0, 0.0, 0.0, 0.0, 0.0, 0.0, 0.0, 0.0, 0.0, 0.0, 0.0, 0.0, 0.0], [0.5110797882080078, 0.5, 0.8666666666666667, 0.8235294117647058, 0.75, 0.8181818181818182, 1.0, 0.0, 0.5110798111881119, 0.45607642667839327, 0.45607642667839327, 0.0, 0.0, 0.0, 0.0, 0.0, 0.0, 0.0, 0.0, 0.0, 0.0, 0.0, 0.0, 0.0, 0.0, 0.0, 0.0, 0.0, 0.0, 0.0, 0.0, 0.0], [0.520898699760437, 0.6666666666666666, 0.9, 0.8235294117647058, 0.75, 0.8181818181818182, 1.0, 0.0, 0.5208987040692066, 0.5300700635795134, 0.5300700635795134, 0.0, 0.0, 0.0, 0.0, 0.0, 1.0, 0.0, 0.0, 0.0, 0.0, 0.0, 0.0, 0.0, 0.0, 0.0, 0.0, 0.0, 0.0, 0.0, 0.0, 0.0], [0.5890488624572754, 0.8333333333333333, 0.9333333333333333, 0.8235294117647058, 1.0, 0.8181818181818182, 1.0, 1.0, 0.5890488682023014, 0.5740326571177288, 0.5740326571177288, 0.0, 0.0, 0.0, 0.0, 0.0, 0.0, 0.0, 0.0, 0.0, 0.0, 0.0, 0.0, 0.0, 0.0, 0.0, 0.0, 0.0, 0.0, 0.0, 0.0, 0.0]]",0.6395037174224854,106.15761709213257,5.0,29.0,43.0,5.0,10.0,4.0,1.0,97.78211212158203,95.28942108154297,95.28942108154297,0.0,0.0,0.0,0.0,0.0,0.0,0.0,0.0,0.0,0.0,0.0,0.0,0.0,0.0,0.0,0.0,0.0,0.0,0.0,0.0,0.0,0.8333333333333333,0.9333333333333333,0.8235294117647058,1.0,0.8181818181818182,1.0,1.0,0.5890488682023014,0.5740326571177288,0.5740326571177288,0.0,0.0,0.0,0.0,0.0,0.0,0.0,0.0,0.0,0.0,0.0,0.0,0.0,0.0,0.0,0.0,0.0,0.0,0.0,0.0,0.0
36,"[[0.7138440012931824, 0.0, 0.7666666666666667, 0.8235294117647058, 0.75, 0.8181818181818182, 1.0, 0.0, 0.7138440235551582, 0.5319877992193384, 0.5319877992193384, 0.0, 0.0, 0.0, 0.0, 1.0, 0.0, 0.0, 0.0, 0.0, 0.0, 0.0, 0.0, 0.0, 0.0, 0.0, 0.0, 0.0, 0.0, 0.0, 0.0, 0.0], [0.5781535506248474, 0.16666666666666666, 0.8, 0.8235294117647058, 0.75, 0.8181818181818182, 1.0, 0.0, 0.5781535412891802, 0.435607818235834, 0.435607818235834, 0.0, 0.0, 0.0, 0.0, 0.0, 0.0, 0.0, 0.0, 0.0, 0.0, 0.0, 0.0, 0.0, 0.0, 0.0, 0.0, 0.0, 0.0, 0.0, 0.0, 0.0], [0.485085129737854, 0.3333333333333333, 0.8333333333333334, 0.8235294117647058, 0.75, 0.8181818181818182, 1.0, 0.0, 0.4850851311741105, 0.4504330646560853, 0.4504330646560853, 0.0, 0.0, 0.0, 0.0, 0.0, 0.0, 0.0, 0.0, 0.0, 0.0, 0.0, 0.0, 0.0, 0.0, 0.0, 0.0, 0.0, 0.0, 0.0, 0.0, 0.0], [0.5110797882080078, 0.5, 0.8666666666666667, 0.8235294117647058, 0.75, 0.8181818181818182, 1.0, 0.0, 0.5110798111881119, 0.45607642667839327, 0.45607642667839327, 0.0, 0.0, 0.0, 0.0, 0.0, 0.0, 0.0, 0.0, 0.0, 0.0, 0.0, 0.0, 0.0, 0.0, 0.0, 0.0, 0.0, 0.0, 0.0, 0.0, 0.0], [0.520898699760437, 0.6666666666666666, 0.9, 0.8235294117647058, 0.75, 0.8181818181818182, 1.0, 0.0, 0.5208987040692066, 0.5300700635795134, 0.5300700635795134, 0.0, 0.0, 0.0, 0.0, 0.0, 1.0, 0.0, 0.0, 0.0, 0.0, 0.0, 0.0, 0.0, 0.0, 0.0, 0.0, 0.0, 0.0, 0.0, 0.0, 0.0], [0.5890488624572754, 0.8333333333333333, 0.9333333333333333, 0.8235294117647058, 1.0, 0.8181818181818182, 1.0, 1.0, 0.5890488682023014, 0.5740326571177288, 0.5740326571177288, 0.0, 0.0, 0.0, 0.0, 0.0, 0.0, 0.0, 0.0, 0.0, 0.0, 0.0, 0.0, 0.0, 0.0, 0.0, 0.0, 0.0, 0.0, 0.0, 0.0, 0.0], [0.6395037174224854, 1.0, 0.9666666666666667, 0.8235294117647058, 1.0, 0.8181818181818182, 1.0, 1.0, 0.6395037088049463, 0.7138440235551582, 0.7138440235551582, 0.0, 0.0, 0.0, 0.0, 0.0, 0.0, 0.0, 0.0, 0.0, 0.0, 0.0, 0.0, 0.0, 0.0, 0.0, 0.0, 0.0, 0.0, 0.0, 0.0, 0.0]]",0.7741286754608154,128.50536012649536,6.0,30.0,43.0,5.0,10.0,4.0,1.0,106.15761566162108,118.49810791015625,118.49810791015625,0.0,0.0,0.0,0.0,0.0,0.0,0.0,0.0,0.0,0.0,0.0,0.0,0.0,0.0,0.0,0.0,0.0,0.0,0.0,0.0,0.0,1.0,0.9666666666666667,0.8235294117647058,1.0,0.8181818181818182,1.0,1.0,0.6395037088049463,0.7138440235551582,0.7138440235551582,0.0,0.0,0.0,0.0,0.0,0.0,0.0,0.0,0.0,0.0,0.0,0.0,0.0,0.0,0.0,0.0,0.0,0.0,0.0,0.0,0.0
37,"[[0.5781535506248474, 0.16666666666666666, 0.8, 0.8235294117647058, 0.75, 0.8181818181818182, 1.0, 0.0, 0.5781535412891802, 0.435607818235834, 0.435607818235834, 0.0, 0.0, 0.0, 0.0, 0.0, 0.0, 0.0, 0.0, 0.0, 0.0, 0.0, 0.0, 0.0, 0.0, 0.0, 0.0, 0.0, 0.0, 0.0, 0.0, 0.0], [0.485085129737854, 0.3333333333333333, 0.8333333333333334, 0.8235294117647058, 0.75, 0.8181818181818182, 1.0, 0.0, 0.4850851311741105, 0.4504330646560853, 0.4504330646560853, 0.0, 0.0, 0.0, 0.0, 0.0, 0.0, 0.0, 0.0, 0.0, 0.0, 0.0, 0.0, 0.0, 0.0, 0.0, 0.0, 0.0, 0.0, 0.0, 0.0, 0.0], [0.5110797882080078, 0.5, 0.8666666666666667, 0.8235294117647058, 0.75, 0.8181818181818182, 1.0, 0.0, 0.5110798111881119, 0.45607642667839327, 0.45607642667839327, 0.0, 0.0, 0.0, 0.0, 0.0, 0.0, 0.0, 0.0, 0.0, 0.0, 0.0, 0.0, 0.0, 0.0, 0.0, 0.0, 0.0, 0.0, 0.0, 0.0, 0.0], [0.520898699760437, 0.6666666666666666, 0.9, 0.8235294117647058, 0.75, 0.8181818181818182, 1.0, 0.0, 0.5208987040692066, 0.5300700635795134, 0.5300700635795134, 0.0, 0.0, 0.0, 0.0, 0.0, 1.0, 0.0, 0.0, 0.0, 0.0, 0.0, 0.0, 0.0, 0.0, 0.0, 0.0, 0.0, 0.0, 0.0, 0.0, 0.0], [0.5890488624572754, 0.8333333333333333, 0.9333333333333333, 0.8235294117647058, 1.0, 0.8181818181818182, 1.0, 1.0, 0.5890488682023014, 0.5740326571177288, 0.5740326571177288, 0.0, 0.0, 0.0, 0.0, 0.0, 0.0, 0.0, 0.0, 0.0, 0.0, 0.0, 0.0, 0.0, 0.0, 0.0, 0.0, 0.0, 0.0, 0.0, 0.0, 0.0], [0.6395037174224854, 1.0, 0.9666666666666667, 0.8235294117647058, 1.0, 0.8181818181818182, 1.0, 1.0, 0.6395037088049463, 0.7138440235551582, 0.7138440235551582, 0.0, 0.0, 0.0, 0.0, 0.0, 0.0, 0.0, 0.0, 0.0, 0.0, 0.0, 0.0, 0.0, 0.0, 0.0, 0.0, 0.0, 0.0, 0.0, 0.0, 0.0], [0.7741286754608154, 0.0, 0.9999999999999999, 0.8431372549019608, 1.0, 0.8181818181818182, 1.0, 0.0, 0.7741286496081985, 0.5781535412891802, 0.5781535412891802, 0.0, 1.0, 0.0, 0.0, 1.0, 0.0, 0.0, 0.0, 0.0, 0.0, 0.0, 0.0, 0.0, 0.0, 0.0, 0.0, 0.0, 0.0, 0.0, 0.0, 0.0]]",0.5876733660697937,97.55377876758575,0.0,30.999999999999996,44.0,5.0,10.0,4.0,0.0,128.50535583496094,95.9734878540039,95.9734878540039,0.0,1.0,0.0,0.0,1.0,0.0,0.0,0.0,0.0,0.0,0.0,0.0,0.0,0.0,0.0,0.0,0.0,0.0,0.0,0.0,0.0,0.0,0.9999999999999999,0.8431372549019608,1.0,0.8181818181818182,1.0,0.0,0.7741286496081985,0.5781535412891802,0.5781535412891802,0.0,1.0,0.0,0.0,1.0,0.0,0.0,0.0,0.0,0.0,0.0,0.0,0.0,0.0,0.0,0.0,0.0,0.0,0.0,0.0,0.0
38,"[[0.485085129737854, 0.3333333333333333, 0.8333333333333334, 0.8235294117647058, 0.75, 0.8181818181818182, 1.0, 0.0, 0.4850851311741105, 0.4504330646560853, 0.4504330646560853, 0.0, 0.0, 0.0, 0.0, 0.0, 0.0, 0.0, 0.0, 0.0, 0.0, 0.0, 0.0, 0.0, 0.0, 0.0, 0.0, 0.0, 0.0, 0.0, 0.0, 0.0], [0.5110797882080078, 0.5, 0.8666666666666667, 0.8235294117647058, 0.75, 0.8181818181818182, 1.0, 0.0, 0.5110798111881119, 0.45607642667839327, 0.45607642667839327, 0.0, 0.0, 0.0, 0.0, 0.0, 0.0, 0.0, 0.0, 0.0, 0.0, 0.0, 0.0, 0.0, 0.0, 0.0, 0.0, 0.0, 0.0, 0.0, 0.0, 0.0], [0.520898699760437, 0.6666666666666666, 0.9, 0.8235294117647058, 0.75, 0.8181818181818182, 1.0, 0.0, 0.5208987040692066, 0.5300700635795134, 0.5300700635795134, 0.0, 0.0, 0.0, 0.0, 0.0, 1.0, 0.0, 0.0, 0.0, 0.0, 0.0, 0.0, 0.0, 0.0, 0.0, 0.0, 0.0, 0.0, 0.0, 0.0, 0.0], [0.5890488624572754, 0.8333333333333333, 0.9333333333333333, 0.8235294117647058, 1.0, 0.8181818181818182, 1.0, 1.0, 0.5890488682023014, 0.5740326571177288, 0.5740326571177288, 0.0, 0.0, 0.0, 0.0, 0.0, 0.0, 0.0, 0.0, 0.0, 0.0, 0.0, 0.0, 0.0, 0.0, 0.0, 0.0, 0.0, 0.0, 0.0, 0.0, 0.0], [0.6395037174224854, 1.0, 0.9666666666666667, 0.8235294117647058, 1.0, 0.8181818181818182, 1.0, 1.0, 0.6395037088049463, 0.7138440235551582, 0.7138440235551582, 0.0, 0.0, 0.0, 0.0, 0.0, 0.0, 0.0, 0.0, 0.0, 0.0, 0.0, 0.0, 0.0, 0.0, 0.0, 0.0, 0.0, 0.0, 0.0, 0.0, 0.0], [0.7741286754608154, 0.0, 0.9999999999999999, 0.8431372549019608, 1.0, 0.8181818181818182, 1.0, 0.0, 0.7741286496081985, 0.5781535412891802, 0.5781535412891802, 0.0, 1.0, 0.0, 0.0, 1.0, 0.0, 0.0, 0.0, 0.0, 0.0, 0.0, 0.0, 0.0, 0.0, 0.0, 0.0, 0.0, 0.0, 0.0, 0.0, 0.0], [0.5876733660697937, 0.16666666666666666, 0.0, 0.8431372549019608, 0.0, 0.9090909090909091, 1.0, 0.0, 0.5876733710966915, 0.4850851311741105, 0.4850851311741105, 1.0, 0.0, 0.0, 0.0, 0.0, 0.0, 0.0, 0.0, 0.0, 0.0, 0.0, 0.0, 0.0, 0.0, 0.0, 0.0, 0.0, 0.0, 0.0, 0.0, 0.0]]",0.4919241964817047,81.65941661596298,1.0,1.0,44.0,1.0,11.0,4.0,0.0,97.55377960205078,80.52413177490234,80.52413177490234,1.0,0.0,0.0,0.0,0.0,0.0,0.0,0.0,0.0,0.0,0.0,0.0,0.0,0.0,0.0,0.0,0.0,0.0,0.0,0.0,0.0,0.16666666666666666,0.0,0.8431372549019608,0.0,0.9090909090909091,1.0,0.0,0.5876733710966915,0.4850851311741105,0.4850851311741105,1.0,0.0,0.0,0.0,0.0,0.0,0.0,0.0,0.0,0.0,0.0,0.0,0.0,0.0,0.0,0.0,0.0,0.0,0.0,0.0,0.0
39,"[[0.5110797882080078, 0.5, 0.8666666666666667, 0.8235294117647058, 0.75, 0.8181818181818182, 1.0, 0.0, 0.5110798111881119, 0.45607642667839327, 0.45607642667839327, 0.0, 0.0, 0.0, 0.0, 0.0, 0.0, 0.0, 0.0, 0.0, 0.0, 0.0, 0.0, 0.0, 0.0, 0.0, 0.0, 0.0, 0.0, 0.0, 0.0, 0.0], [0.520898699760437, 0.6666666666666666, 0.9, 0.8235294117647058, 0.75, 0.8181818181818182, 1.0, 0.0, 0.5208987040692066, 0.5300700635795134, 0.5300700635795134, 0.0, 0.0, 0.0, 0.0, 0.0, 1.0, 0.0, 0.0, 0.0, 0.0, 0.0, 0.0, 0.0, 0.0, 0.0, 0.0, 0.0, 0.0, 0.0, 0.0, 0.0], [0.5890488624572754, 0.8333333333333333, 0.9333333333333333, 0.8235294117647058, 1.0, 0.8181818181818182, 1.0, 1.0, 0.5890488682023014, 0.5740326571177288, 0.5740326571177288, 0.0, 0.0, 0.0, 0.0, 0.0, 0.0, 0.0, 0.0, 0.0, 0.0, 0.0, 0.0, 0.0, 0.0, 0.0, 0.0, 0.0, 0.0, 0.0, 0.0, 0.0], [0.6395037174224854, 1.0, 0.9666666666666667, 0.8235294117647058, 1.0, 0.8181818181818182, 1.0, 1.0, 0.6395037088049463, 0.7138440235551582, 0.7138440235551582, 0.0, 0.0, 0.0, 0.0, 0.0, 0.0, 0.0, 0.0, 0.0, 0.0, 0.0, 0.0, 0.0, 0.0, 0.0, 0.0, 0.0, 0.0, 0.0, 0.0, 0.0], [0.7741286754608154, 0.0, 0.9999999999999999, 0.8431372549019608, 1.0, 0.8181818181818182, 1.0, 0.0, 0.7741286496081985, 0.5781535412891802, 0.5781535412891802, 0.0, 1.0, 0.0, 0.0, 1.0, 0.0, 0.0, 0.0, 0.0, 0.0, 0.0, 0.0, 0.0, 0.0, 0.0, 0.0, 0.0, 0.0, 0.0, 0.0, 0.0], [0.5876733660697937, 0.16666666666666666, 0.0, 0.8431372549019608, 0.0, 0.9090909090909091, 1.0, 0.0, 0.5876733710966915, 0.4850851311741105, 0.4850851311741105, 1.0, 0.0, 0.0, 0.0, 0.0, 0.0, 0.0, 0.0, 0.0, 0.0, 0.0, 0.0, 0.0, 0.0, 0.0, 0.0, 0.0, 0.0, 0.0, 0.0, 0.0], [0.4919241964817047, 0.3333333333333333, 0.03333333333333333, 0.8431372549019608, 0.0, 0.9090909090909091, 1.0, 0.0, 0.4919241939682559, 0.5110798111881119, 0.5110798111881119, 0.0, 0.0, 0.0, 0.0, 0.0, 0.0, 0.0, 0.0, 0.0, 0.0, 0.0, 0.0, 0.0, 0.0, 0.0, 0.0, 0.0, 0.0, 0.0, 0.0, 0.0]]",0.4450299143791199,73.8749657869339,2.0,2.0,44.0,1.0,11.0,4.0,0.0,81.65941619873047,84.83924865722656,84.83924865722656,0.0,0.0,0.0,0.0,0.0,0.0,0.0,0.0,0.0,0.0,0.0,0.0,0.0,0.0,0.0,0.0,0.0,0.0,0.0,0.0,0.0,0.3333333333333333,0.03333333333333333,0.8431372549019608,0.0,0.9090909090909091,1.0,0.0,0.4919241939682559,0.5110798111881119,0.5110798111881119,0.0,0.0,0.0,0.0,0.0,0.0,0.0,0.0,0.0,0.0,0.0,0.0,0.0,0.0,0.0,0.0,0.0,0.0,0.0,0.0,0.0
40,"[[0.520898699760437, 0.6666666666666666, 0.9, 0.8235294117647058, 0.75, 0.8181818181818182, 1.0, 0.0, 0.5208987040692066, 0.5300700635795134, 0.5300700635795134, 0.0, 0.0, 0.0, 0.0, 0.0, 1.0, 0.0, 0.0, 0.0, 0.0, 0.0, 0.0, 0.0, 0.0, 0.0, 0.0, 0.0, 0.0, 0.0, 0.0, 0.0], [0.5890488624572754, 0.8333333333333333, 0.9333333333333333, 0.8235294117647058, 1.0, 0.8181818181818182, 1.0, 1.0, 0.5890488682023014, 0.5740326571177288, 0.5740326571177288, 0.0, 0.0, 0.0, 0.0, 0.0, 0.0, 0.0, 0.0, 0.0, 0.0, 0.0, 0.0, 0.0, 0.0, 0.0, 0.0, 0.0, 0.0, 0.0, 0.0, 0.0], [0.6395037174224854, 1.0, 0.9666666666666667, 0.8235294117647058, 1.0, 0.8181818181818182, 1.0, 1.0, 0.6395037088049463, 0.7138440235551582, 0.7138440235551582, 0.0, 0.0, 0.0, 0.0, 0.0, 0.0, 0.0, 0.0, 0.0, 0.0, 0.0, 0.0, 0.0, 0.0, 0.0, 0.0, 0.0, 0.0, 0.0, 0.0, 0.0], [0.7741286754608154, 0.0, 0.9999999999999999, 0.8431372549019608, 1.0, 0.8181818181818182, 1.0, 0.0, 0.7741286496081985, 0.5781535412891802, 0.5781535412891802, 0.0, 1.0, 0.0, 0.0, 1.0, 0.0, 0.0, 0.0, 0.0, 0.0, 0.0, 0.0, 0.0, 0.0, 0.0, 0.0, 0.0, 0.0, 0.0, 0.0, 0.0], [0.5876733660697937, 0.16666666666666666, 0.0, 0.8431372549019608, 0.0, 0.9090909090909091, 1.0, 0.0, 0.5876733710966915, 0.4850851311741105, 0.4850851311741105, 1.0, 0.0, 0.0, 0.0, 0.0, 0.0, 0.0, 0.0, 0.0, 0.0, 0.0, 0.0, 0.0, 0.0, 0.0, 0.0, 0.0, 0.0, 0.0, 0.0, 0.0], [0.4919241964817047, 0.3333333333333333, 0.03333333333333333, 0.8431372549019608, 0.0, 0.9090909090909091, 1.0, 0.0, 0.4919241939682559, 0.5110798111881119, 0.5110798111881119, 0.0, 0.0, 0.0, 0.0, 0.0, 0.0, 0.0, 0.0, 0.0, 0.0, 0.0, 0.0, 0.0, 0.0, 0.0, 0.0, 0.0, 0.0, 0.0, 0.0, 0.0], [0.4450299143791199, 0.5, 0.06666666666666668, 0.8431372549019608, 0.0, 0.9090909090909091, 1.0, 0.0, 0.44502993664109564, 0.5208987040692066, 0.5208987040692066, 0.0, 0.0, 0.0, 0.0, 0.0, 0.0, 0.0, 0.0, 0.0, 0.0, 0.0, 0.0, 0.0, 0.0, 0.0, 0.0, 0.0, 0.0, 0.0, 0.0, 0.0]]",0.4954380989074707,82.24272441864014,3.0,3.0,44.0,1.0,11.0,4.0,0.0,73.87496948242188,86.46918487548828,86.46918487548828,0.0,0.0,0.0,0.0,0.0,0.0,0.0,0.0,0.0,0.0,0.0,0.0,0.0,0.0,0.0,0.0,0.0,0.0,0.0,0.0,0.0,0.5,0.06666666666666668,0.8431372549019608,0.0,0.9090909090909091,1.0,0.0,0.44502993664109564,0.5208987040692066,0.5208987040692066,0.0,0.0,0.0,0.0,0.0,0.0,0.0,0.0,0.0,0.0,0.0,0.0,0.0,0.0,0.0,0.0,0.0,0.0,0.0,0.0,0.0
41,"[[0.5890488624572754, 0.8333333333333333, 0.9333333333333333, 0.8235294117647058, 1.0, 0.8181818181818182, 1.0, 1.0, 0.5890488682023014, 0.5740326571177288, 0.5740326571177288, 0.0, 0.0, 0.0, 0.0, 0.0, 0.0, 0.0, 0.0, 0.0, 0.0, 0.0, 0.0, 0.0, 0.0, 0.0, 0.0, 0.0, 0.0, 0.0, 0.0, 0.0], [0.6395037174224854, 1.0, 0.9666666666666667, 0.8235294117647058, 1.0, 0.8181818181818182, 1.0, 1.0, 0.6395037088049463, 0.7138440235551582, 0.7138440235551582, 0.0, 0.0, 0.0, 0.0, 0.0, 0.0, 0.0, 0.0, 0.0, 0.0, 0.0, 0.0, 0.0, 0.0, 0.0, 0.0, 0.0, 0.0, 0.0, 0.0, 0.0], [0.7741286754608154, 0.0, 0.9999999999999999, 0.8431372549019608, 1.0, 0.8181818181818182, 1.0, 0.0, 0.7741286496081985, 0.5781535412891802, 0.5781535412891802, 0.0, 1.0, 0.0, 0.0, 1.0, 0.0, 0.0, 0.0, 0.0, 0.0, 0.0, 0.0, 0.0, 0.0, 0.0, 0.0, 0.0, 0.0, 0.0, 0.0, 0.0], [0.5876733660697937, 0.16666666666666666, 0.0, 0.8431372549019608, 0.0, 0.9090909090909091, 1.0, 0.0, 0.5876733710966915, 0.4850851311741105, 0.4850851311741105, 1.0, 0.0, 0.0, 0.0, 0.0, 0.0, 0.0, 0.0, 0.0, 0.0, 0.0, 0.0, 0.0, 0.0, 0.0, 0.0, 0.0, 0.0, 0.0, 0.0, 0.0], [0.4919241964817047, 0.3333333333333333, 0.03333333333333333, 0.8431372549019608, 0.0, 0.9090909090909091, 1.0, 0.0, 0.4919241939682559, 0.5110798111881119, 0.5110798111881119, 0.0, 0.0, 0.0, 0.0, 0.0, 0.0, 0.0, 0.0, 0.0, 0.0, 0.0, 0.0, 0.0, 0.0, 0.0, 0.0, 0.0, 0.0, 0.0, 0.0, 0.0], [0.4450299143791199, 0.5, 0.06666666666666668, 0.8431372549019608, 0.0, 0.9090909090909091, 1.0, 0.0, 0.44502993664109564, 0.5208987040692066, 0.5208987040692066, 0.0, 0.0, 0.0, 0.0, 0.0, 0.0, 0.0, 0.0, 0.0, 0.0, 0.0, 0.0, 0.0, 0.0, 0.0, 0.0, 0.0, 0.0, 0.0, 0.0, 0.0], [0.4954380989074707, 0.6666666666666666, 0.1, 0.8431372549019608, 0.0, 0.9090909090909091, 1.0, 0.0, 0.4954380816723927, 0.5890488682023014, 0.5890488682023014, 0.0, 0.0, 0.0, 0.0, 0.0, 1.0, 0.0, 0.0, 0.0, 0.0, 0.0, 0.0, 0.0, 0.0, 0.0, 0.0, 0.0, 0.0, 0.0, 0.0, 0.0]]",0.5469038486480713,90.78603887557983,4.0,4.0,44.0,1.0,11.0,4.0,0.0,82.24272155761719,97.78211212158203,97.78211212158203,0.0,0.0,0.0,0.0,0.0,1.0,0.0,0.0,0.0,0.0,0.0,0.0,0.0,0.0,0.0,0.0,0.0,0.0,0.0,0.0,0.0,0.6666666666666666,0.1,0.8431372549019608,0.0,0.9090909090909091,1.0,0.0,0.4954380816723927,0.5890488682023014,0.5890488682023014,0.0,0.0,0.0,0.0,0.0,1.0,0.0,0.0,0.0,0.0,0.0,0.0,0.0,0.0,0.0,0.0,0.0,0.0,0.0,0.0,0.0
42,"[[0.6395037174224854, 1.0, 0.9666666666666667, 0.8235294117647058, 1.0, 0.8181818181818182, 1.0, 1.0, 0.6395037088049463, 0.7138440235551582, 0.7138440235551582, 0.0, 0.0, 0.0, 0.0, 0.0, 0.0, 0.0, 0.0, 0.0, 0.0, 0.0, 0.0, 0.0, 0.0, 0.0, 0.0, 0.0, 0.0, 0.0, 0.0, 0.0], [0.7741286754608154, 0.0, 0.9999999999999999, 0.8431372549019608, 1.0, 0.8181818181818182, 1.0, 0.0, 0.7741286496081985, 0.5781535412891802, 0.5781535412891802, 0.0, 1.0, 0.0, 0.0, 1.0, 0.0, 0.0, 0.0, 0.0, 0.0, 0.0, 0.0, 0.0, 0.0, 0.0, 0.0, 0.0, 0.0, 0.0, 0.0, 0.0], [0.5876733660697937, 0.16666666666666666, 0.0, 0.8431372549019608, 0.0, 0.9090909090909091, 1.0, 0.0, 0.5876733710966915, 0.4850851311741105, 0.4850851311741105, 1.0, 0.0, 0.0, 0.0, 0.0, 0.0, 0.0, 0.0, 0.0, 0.0, 0.0, 0.0, 0.0, 0.0, 0.0, 0.0, 0.0, 0.0, 0.0, 0.0, 0.0], [0.4919241964817047, 0.3333333333333333, 0.03333333333333333, 0.8431372549019608, 0.0, 0.9090909090909091, 1.0, 0.0, 0.4919241939682559, 0.5110798111881119, 0.5110798111881119, 0.0, 0.0, 0.0, 0.0, 0.0, 0.0, 0.0, 0.0, 0.0, 0.0, 0.0, 0.0, 0.0, 0.0, 0.0, 0.0, 0.0, 0.0, 0.0, 0.0, 0.0], [0.4450299143791199, 0.5, 0.06666666666666668, 0.8431372549019608, 0.0, 0.9090909090909091, 1.0, 0.0, 0.44502993664109564, 0.5208987040692066, 0.5208987040692066, 0.0, 0.0, 0.0, 0.0, 0.0, 0.0, 0.0, 0.0, 0.0, 0.0, 0.0, 0.0, 0.0, 0.0, 0.0, 0.0, 0.0, 0.0, 0.0, 0.0, 0.0], [0.4954380989074707, 0.6666666666666666, 0.1, 0.8431372549019608, 0.0, 0.9090909090909091, 1.0, 0.0, 0.4954380816723927, 0.5890488682023014, 0.5890488682023014, 0.0, 0.0, 0.0, 0.0, 0.0, 1.0, 0.0, 0.0, 0.0, 0.0, 0.0, 0.0, 0.0, 0.0, 0.0, 0.0, 0.0, 0.0, 0.0, 0.0, 0.0], [0.5469038486480713, 0.8333333333333333, 0.13333333333333333, 0.8431372549019608, 0.0, 0.9090909090909091, 1.0, 1.0, 0.5469038630106363, 0.6395037088049463, 0.6395037088049463, 0.0, 0.0, 0.0, 0.0, 0.0, 0.0, 0.0, 0.0, 0.0, 0.0, 0.0, 0.0, 0.0, 0.0, 0.0, 0.0, 0.0, 0.0, 0.0, 0.0, 0.0]]",0.5012162327766418,83.20189464092255,5.0,5.0,44.0,1.0,11.0,4.0,1.0,90.78604125976562,106.15761566162108,106.15761566162108,0.0,0.0,0.0,0.0,0.0,0.0,0.0,0.0,0.0,0.0,0.0,0.0,0.0,0.0,0.0,0.0,0.0,0.0,0.0,0.0,0.0,0.8333333333333333,0.13333333333333333,0.8431372549019608,0.0,0.9090909090909091,1.0,1.0,0.5469038630106363,0.6395037088049463,0.6395037088049463,0.0,0.0,0.0,0.0,0.0,0.0,0.0,0.0,0.0,0.0,0.0,0.0,0.0,0.0,0.0,0.0,0.0,0.0,0.0,0.0,0.0
43,"[[0.7741286754608154, 0.0, 0.9999999999999999, 0.8431372549019608, 1.0, 0.8181818181818182, 1.0, 0.0, 0.7741286496081985, 0.5781535412891802, 0.5781535412891802, 0.0, 1.0, 0.0, 0.0, 1.0, 0.0, 0.0, 0.0, 0.0, 0.0, 0.0, 0.0, 0.0, 0.0, 0.0, 0.0, 0.0, 0.0, 0.0, 0.0, 0.0], [0.5876733660697937, 0.16666666666666666, 0.0, 0.8431372549019608, 0.0, 0.9090909090909091, 1.0, 0.0, 0.5876733710966915, 0.4850851311741105, 0.4850851311741105, 1.0, 0.0, 0.0, 0.0, 0.0, 0.0, 0.0, 0.0, 0.0, 0.0, 0.0, 0.0, 0.0, 0.0, 0.0, 0.0, 0.0, 0.0, 0.0, 0.0, 0.0], [0.4919241964817047, 0.3333333333333333, 0.03333333333333333, 0.8431372549019608, 0.0, 0.9090909090909091, 1.0, 0.0, 0.4919241939682559, 0.5110798111881119, 0.5110798111881119, 0.0, 0.0, 0.0, 0.0, 0.0, 0.0, 0.0, 0.0, 0.0, 0.0, 0.0, 0.0, 0.0, 0.0, 0.0, 0.0, 0.0, 0.0, 0.0, 0.0, 0.0], [0.4450299143791199, 0.5, 0.06666666666666668, 0.8431372549019608, 0.0, 0.9090909090909091, 1.0, 0.0, 0.44502993664109564, 0.5208987040692066, 0.5208987040692066, 0.0, 0.0, 0.0, 0.0, 0.0, 0.0, 0.0, 0.0, 0.0, 0.0, 0.0, 0.0, 0.0, 0.0, 0.0, 0.0, 0.0, 0.0, 0.0, 0.0, 0.0], [0.4954380989074707, 0.6666666666666666, 0.1, 0.8431372549019608, 0.0, 0.9090909090909091, 1.0, 0.0, 0.4954380816723927, 0.5890488682023014, 0.5890488682023014, 0.0, 0.0, 0.0, 0.0, 0.0, 1.0, 0.0, 0.0, 0.0, 0.0, 0.0, 0.0, 0.0, 0.0, 0.0, 0.0, 0.0, 0.0, 0.0, 0.0, 0.0], [0.5469038486480713, 0.8333333333333333, 0.13333333333333333, 0.8431372549019608, 0.0, 0.9090909090909091, 1.0, 1.0, 0.5469038630106363, 0.6395037088049463, 0.6395037088049463, 0.0, 0.0, 0.0, 0.0, 0.0, 0.0, 0.0, 0.0, 0.0, 0.0, 0.0, 0.0, 0.0, 0.0, 0.0, 0.0, 0.0, 0.0, 0.0, 0.0, 0.0], [0.5012162327766418, 1.0, 0.16666666666666669, 0.8431372549019608, 0.0, 0.9090909090909091, 1.0, 1.0, 0.5012162449848221, 0.7741286496081985, 0.7741286496081985, 0.0, 0.0, 0.0, 0.0, 0.0, 0.0, 0.0, 0.0, 0.0, 0.0, 0.0, 0.0, 0.0, 0.0, 0.0, 0.0, 0.0, 0.0, 0.0, 0.0, 0.0]]",0.6321002840995789,104.92864716053009,6.0,6.0,44.0,1.0,11.0,4.0,1.0,83.20189666748047,128.50535583496094,128.50535583496094,0.0,0.0,0.0,0.0,0.0,0.0,0.0,0.0,0.0,0.0,0.0,0.0,0.0,0.0,0.0,0.0,0.0,0.0,0.0,0.0,0.0,1.0,0.16666666666666669,0.8431372549019608,0.0,0.9090909090909091,1.0,1.0,0.5012162449848221,0.7741286496081985,0.7741286496081985,0.0,0.0,0.0,0.0,0.0,0.0,0.0,0.0,0.0,0.0,0.0,0.0,0.0,0.0,0.0,0.0,0.0,0.0,0.0,0.0,0.0
44,"[[0.5876733660697937, 0.16666666666666666, 0.0, 0.8431372549019608, 0.0, 0.9090909090909091, 1.0, 0.0, 0.5876733710966915, 0.4850851311741105, 0.4850851311741105, 1.0, 0.0, 0.0, 0.0, 0.0, 0.0, 0.0, 0.0, 0.0, 0.0, 0.0, 0.0, 0.0, 0.0, 0.0, 0.0, 0.0, 0.0, 0.0, 0.0, 0.0], [0.4919241964817047, 0.3333333333333333, 0.03333333333333333, 0.8431372549019608, 0.0, 0.9090909090909091, 1.0, 0.0, 0.4919241939682559, 0.5110798111881119, 0.5110798111881119, 0.0, 0.0, 0.0, 0.0, 0.0, 0.0, 0.0, 0.0, 0.0, 0.0, 0.0, 0.0, 0.0, 0.0, 0.0, 0.0, 0.0, 0.0, 0.0, 0.0, 0.0], [0.4450299143791199, 0.5, 0.06666666666666668, 0.8431372549019608, 0.0, 0.9090909090909091, 1.0, 0.0, 0.44502993664109564, 0.5208987040692066, 0.5208987040692066, 0.0, 0.0, 0.0, 0.0, 0.0, 0.0, 0.0, 0.0, 0.0, 0.0, 0.0, 0.0, 0.0, 0.0, 0.0, 0.0, 0.0, 0.0, 0.0, 0.0, 0.0], [0.4954380989074707, 0.6666666666666666, 0.1, 0.8431372549019608, 0.0, 0.9090909090909091, 1.0, 0.0, 0.4954380816723927, 0.5890488682023014, 0.5890488682023014, 0.0, 0.0, 0.0, 0.0, 0.0, 1.0, 0.0, 0.0, 0.0, 0.0, 0.0, 0.0, 0.0, 0.0, 0.0, 0.0, 0.0, 0.0, 0.0, 0.0, 0.0], [0.5469038486480713, 0.8333333333333333, 0.13333333333333333, 0.8431372549019608, 0.0, 0.9090909090909091, 1.0, 1.0, 0.5469038630106363, 0.6395037088049463, 0.6395037088049463, 0.0, 0.0, 0.0, 0.0, 0.0, 0.0, 0.0, 0.0, 0.0, 0.0, 0.0, 0.0, 0.0, 0.0, 0.0, 0.0, 0.0, 0.0, 0.0, 0.0, 0.0], [0.5012162327766418, 1.0, 0.16666666666666669, 0.8431372549019608, 0.0, 0.9090909090909091, 1.0, 1.0, 0.5012162449848221, 0.7741286496081985, 0.7741286496081985, 0.0, 0.0, 0.0, 0.0, 0.0, 0.0, 0.0, 0.0, 0.0, 0.0, 0.0, 0.0, 0.0, 0.0, 0.0, 0.0, 0.0, 0.0, 0.0, 0.0, 0.0], [0.6321002840995789, 0.0, 0.2, 0.8627450980392156, 0.0, 0.9090909090909091, 1.0, 0.0, 0.6321003006165287, 0.5876733710966915, 0.5876733710966915, 0.0, 0.0, 0.0, 0.0, 1.0, 0.0, 0.0, 0.0, 0.0, 0.0, 0.0, 0.0, 0.0, 0.0, 0.0, 0.0, 0.0, 0.0, 0.0, 0.0, 0.0]]",0.5475071668624878,90.88618969917297,0.0,7.0,45.0,1.0,11.0,4.0,0.0,104.92864990234375,97.55377960205078,97.55377960205078,0.0,0.0,0.0,0.0,1.0,0.0,0.0,0.0,0.0,0.0,0.0,0.0,0.0,0.0,0.0,0.0,0.0,0.0,0.0,0.0,0.0,0.0,0.2,0.8627450980392156,0.0,0.9090909090909091,1.0,0.0,0.6321003006165287,0.5876733710966915,0.5876733710966915,0.0,0.0,0.0,0.0,1.0,0.0,0.0,0.0,0.0,0.0,0.0,0.0,0.0,0.0,0.0,0.0,0.0,0.0,0.0,0.0,0.0
45,"[[0.4919241964817047, 0.3333333333333333, 0.03333333333333333, 0.8431372549019608, 0.0, 0.9090909090909091, 1.0, 0.0, 0.4919241939682559, 0.5110798111881119, 0.5110798111881119, 0.0, 0.0, 0.0, 0.0, 0.0, 0.0, 0.0, 0.0, 0.0, 0.0, 0.0, 0.0, 0.0, 0.0, 0.0, 0.0, 0.0, 0.0, 0.0, 0.0, 0.0], [0.4450299143791199, 0.5, 0.06666666666666668, 0.8431372549019608, 0.0, 0.9090909090909091, 1.0, 0.0, 0.44502993664109564, 0.5208987040692066, 0.5208987040692066, 0.0, 0.0, 0.0, 0.0, 0.0, 0.0, 0.0, 0.0, 0.0, 0.0, 0.0, 0.0, 0.0, 0.0, 0.0, 0.0, 0.0, 0.0, 0.0, 0.0, 0.0], [0.4954380989074707, 0.6666666666666666, 0.1, 0.8431372549019608, 0.0, 0.9090909090909091, 1.0, 0.0, 0.4954380816723927, 0.5890488682023014, 0.5890488682023014, 0.0, 0.0, 0.0, 0.0, 0.0, 1.0, 0.0, 0.0, 0.0, 0.0, 0.0, 0.0, 0.0, 0.0, 0.0, 0.0, 0.0, 0.0, 0.0, 0.0, 0.0], [0.5469038486480713, 0.8333333333333333, 0.13333333333333333, 0.8431372549019608, 0.0, 0.9090909090909091, 1.0, 1.0, 0.5469038630106363, 0.6395037088049463, 0.6395037088049463, 0.0, 0.0, 0.0, 0.0, 0.0, 0.0, 0.0, 0.0, 0.0, 0.0, 0.0, 0.0, 0.0, 0.0, 0.0, 0.0, 0.0, 0.0, 0.0, 0.0, 0.0], [0.5012162327766418, 1.0, 0.16666666666666669, 0.8431372549019608, 0.0, 0.9090909090909091, 1.0, 1.0, 0.5012162449848221, 0.7741286496081985, 0.7741286496081985, 0.0, 0.0, 0.0, 0.0, 0.0, 0.0, 0.0, 0.0, 0.0, 0.0, 0.0, 0.0, 0.0, 0.0, 0.0, 0.0, 0.0, 0.0, 0.0, 0.0, 0.0], [0.6321002840995789, 0.0, 0.2, 0.8627450980392156, 0.0, 0.9090909090909091, 1.0, 0.0, 0.6321003006165287, 0.5876733710966915, 0.5876733710966915, 0.0, 0.0, 0.0, 0.0, 1.0, 0.0, 0.0, 0.0, 0.0, 0.0, 0.0, 0.0, 0.0, 0.0, 0.0, 0.0, 0.0, 0.0, 0.0, 0.0, 0.0], [0.5475071668624878, 0.16666666666666666, 0.23333333333333334, 0.8627450980392156, 0.25, 0.9090909090909091, 1.0, 0.0, 0.5475071826613094, 0.4919241939682559, 0.4919241939682559, 0.0, 0.0, 0.0, 0.0, 0.0, 0.0, 0.0, 0.0, 0.0, 0.0, 0.0, 0.0, 0.0, 0.0, 0.0, 0.0, 0.0, 0.0, 0.0, 0.0, 0.0]]",0.4637565314769745,76.98358422517776,1.0,8.0,45.0,2.0,11.0,4.0,0.0,90.88619232177736,81.65941619873047,81.65941619873047,0.0,0.0,0.0,0.0,0.0,0.0,0.0,0.0,0.0,0.0,0.0,0.0,0.0,0.0,0.0,0.0,0.0,0.0,0.0,0.0,0.0,0.16666666666666666,0.23333333333333334,0.8627450980392156,0.25,0.9090909090909091,1.0,0.0,0.5475071826613094,0.4919241939682559,0.4919241939682559,0.0,0.0,0.0,0.0,0.0,0.0,0.0,0.0,0.0,0.0,0.0,0.0,0.0,0.0,0.0,0.0,0.0,0.0,0.0,0.0,0.0
46,"[[0.4450299143791199, 0.5, 0.06666666666666668, 0.8431372549019608, 0.0, 0.9090909090909091, 1.0, 0.0, 0.44502993664109564, 0.5208987040692066, 0.5208987040692066, 0.0, 0.0, 0.0, 0.0, 0.0, 0.0, 0.0, 0.0, 0.0, 0.0, 0.0, 0.0, 0.0, 0.0, 0.0, 0.0, 0.0, 0.0, 0.0, 0.0, 0.0], [0.4954380989074707, 0.6666666666666666, 0.1, 0.8431372549019608, 0.0, 0.9090909090909091, 1.0, 0.0, 0.4954380816723927, 0.5890488682023014, 0.5890488682023014, 0.0, 0.0, 0.0, 0.0, 0.0, 1.0, 0.0, 0.0, 0.0, 0.0, 0.0, 0.0, 0.0, 0.0, 0.0, 0.0, 0.0, 0.0, 0.0, 0.0, 0.0], [0.5469038486480713, 0.8333333333333333, 0.13333333333333333, 0.8431372549019608, 0.0, 0.9090909090909091, 1.0, 1.0, 0.5469038630106363, 0.6395037088049463, 0.6395037088049463, 0.0, 0.0, 0.0, 0.0, 0.0, 0.0, 0.0, 0.0, 0.0, 0.0, 0.0, 0.0, 0.0, 0.0, 0.0, 0.0, 0.0, 0.0, 0.0, 0.0, 0.0], [0.5012162327766418, 1.0, 0.16666666666666669, 0.8431372549019608, 0.0, 0.9090909090909091, 1.0, 1.0, 0.5012162449848221, 0.7741286496081985, 0.7741286496081985, 0.0, 0.0, 0.0, 0.0, 0.0, 0.0, 0.0, 0.0, 0.0, 0.0, 0.0, 0.0, 0.0, 0.0, 0.0, 0.0, 0.0, 0.0, 0.0, 0.0, 0.0], [0.6321002840995789, 0.0, 0.2, 0.8627450980392156, 0.0, 0.9090909090909091, 1.0, 0.0, 0.6321003006165287, 0.5876733710966915, 0.5876733710966915, 0.0, 0.0, 0.0, 0.0, 1.0, 0.0, 0.0, 0.0, 0.0, 0.0, 0.0, 0.0, 0.0, 0.0, 0.0, 0.0, 0.0, 0.0, 0.0, 0.0, 0.0], [0.5475071668624878, 0.16666666666666666, 0.23333333333333334, 0.8627450980392156, 0.25, 0.9090909090909091, 1.0, 0.0, 0.5475071826613094, 0.4919241939682559, 0.4919241939682559, 0.0, 0.0, 0.0, 0.0, 0.0, 0.0, 0.0, 0.0, 0.0, 0.0, 0.0, 0.0, 0.0, 0.0, 0.0, 0.0, 0.0, 0.0, 0.0, 0.0, 0.0], [0.4637565314769745, 0.3333333333333333, 0.26666666666666666, 0.8627450980392156, 0.25, 0.9090909090909091, 1.0, 0.0, 0.4637565153190889, 0.44502993664109564, 0.44502993664109564, 0.0, 0.0, 0.0, 0.0, 0.0, 0.0, 0.0, 0.0, 0.0, 0.0, 0.0, 0.0, 0.0, 0.0, 0.0, 0.0, 0.0, 0.0, 0.0, 0.0, 0.0]]",0.4504716098308563,74.77828723192215,2.0,9.0,45.0,2.0,11.0,4.0,0.0,76.98358154296875,73.87496948242188,73.87496948242188,0.0,0.0,0.0,0.0,0.0,0.0,0.0,0.0,0.0,0.0,0.0,0.0,0.0,0.0,0.0,0.0,0.0,0.0,0.0,0.0,0.0,0.3333333333333333,0.26666666666666666,0.8627450980392156,0.25,0.9090909090909091,1.0,0.0,0.4637565153190889,0.44502993664109564,0.44502993664109564,0.0,0.0,0.0,0.0,0.0,0.0,0.0,0.0,0.0,0.0,0.0,0.0,0.0,0.0,0.0,0.0,0.0,0.0,0.0,0.0,0.0
47,"[[0.4954380989074707, 0.6666666666666666, 0.1, 0.8431372549019608, 0.0, 0.9090909090909091, 1.0, 0.0, 0.4954380816723927, 0.5890488682023014, 0.5890488682023014, 0.0, 0.0, 0.0, 0.0, 0.0, 1.0, 0.0, 0.0, 0.0, 0.0, 0.0, 0.0, 0.0, 0.0, 0.0, 0.0, 0.0, 0.0, 0.0, 0.0, 0.0], [0.5469038486480713, 0.8333333333333333, 0.13333333333333333, 0.8431372549019608, 0.0, 0.9090909090909091, 1.0, 1.0, 0.5469038630106363, 0.6395037088049463, 0.6395037088049463, 0.0, 0.0, 0.0, 0.0, 0.0, 0.0, 0.0, 0.0, 0.0, 0.0, 0.0, 0.0, 0.0, 0.0, 0.0, 0.0, 0.0, 0.0, 0.0, 0.0, 0.0], [0.5012162327766418, 1.0, 0.16666666666666669, 0.8431372549019608, 0.0, 0.9090909090909091, 1.0, 1.0, 0.5012162449848221, 0.7741286496081985, 0.7741286496081985, 0.0, 0.0, 0.0, 0.0, 0.0, 0.0, 0.0, 0.0, 0.0, 0.0, 0.0, 0.0, 0.0, 0.0, 0.0, 0.0, 0.0, 0.0, 0.0, 0.0, 0.0], [0.6321002840995789, 0.0, 0.2, 0.8627450980392156, 0.0, 0.9090909090909091, 1.0, 0.0, 0.6321003006165287, 0.5876733710966915, 0.5876733710966915, 0.0, 0.0, 0.0, 0.0, 1.0, 0.0, 0.0, 0.0, 0.0, 0.0, 0.0, 0.0, 0.0, 0.0, 0.0, 0.0, 0.0, 0.0, 0.0, 0.0, 0.0], [0.5475071668624878, 0.16666666666666666, 0.23333333333333334, 0.8627450980392156, 0.25, 0.9090909090909091, 1.0, 0.0, 0.5475071826613094, 0.4919241939682559, 0.4919241939682559, 0.0, 0.0, 0.0, 0.0, 0.0, 0.0, 0.0, 0.0, 0.0, 0.0, 0.0, 0.0, 0.0, 0.0, 0.0, 0.0, 0.0, 0.0, 0.0, 0.0, 0.0], [0.4637565314769745, 0.3333333333333333, 0.26666666666666666, 0.8627450980392156, 0.25, 0.9090909090909091, 1.0, 0.0, 0.4637565153190889, 0.44502993664109564, 0.44502993664109564, 0.0, 0.0, 0.0, 0.0, 0.0, 0.0, 0.0, 0.0, 0.0, 0.0, 0.0, 0.0, 0.0, 0.0, 0.0, 0.0, 0.0, 0.0, 0.0, 0.0, 0.0], [0.4504716098308563, 0.5, 0.3, 0.8627450980392156, 0.25, 0.9090909090909091, 1.0, 0.0, 0.45047162527061374, 0.4954380816723927, 0.4954380816723927, 0.0, 0.0, 0.0, 0.0, 0.0, 0.0, 0.0, 0.0, 0.0, 0.0, 0.0, 0.0, 0.0, 0.0, 0.0, 0.0, 0.0, 0.0, 0.0, 0.0, 0.0]]",0.43357136845588684,71.97284716367722,3.0,10.0,45.0,2.0,11.0,4.0,0.0,74.77828979492188,82.24272155761719,82.24272155761719,0.0,0.0,0.0,0.0,0.0,0.0,0.0,0.0,0.0,0.0,0.0,0.0,0.0,0.0,0.0,0.0,0.0,0.0,0.0,0.0,0.0,0.5,0.3,0.8627450980392156,0.25,0.9090909090909091,1.0,0.0,0.45047162527061374,0.4954380816723927,0.4954380816723927,0.0,0.0,0.0,0.0,0.0,0.0,0.0,0.0,0.0,0.0,0.0,0.0,0.0,0.0,0.0,0.0,0.0,0.0,0.0,0.0,0.0
48,"[[0.5469038486480713, 0.8333333333333333, 0.13333333333333333, 0.8431372549019608, 0.0, 0.9090909090909091, 1.0, 1.0, 0.5469038630106363, 0.6395037088049463, 0.6395037088049463, 0.0, 0.0, 0.0, 0.0, 0.0, 0.0, 0.0, 0.0, 0.0, 0.0, 0.0, 0.0, 0.0, 0.0, 0.0, 0.0, 0.0, 0.0, 0.0, 0.0, 0.0], [0.5012162327766418, 1.0, 0.16666666666666669, 0.8431372549019608, 0.0, 0.9090909090909091, 1.0, 1.0, 0.5012162449848221, 0.7741286496081985, 0.7741286496081985, 0.0, 0.0, 0.0, 0.0, 0.0, 0.0, 0.0, 0.0, 0.0, 0.0, 0.0, 0.0, 0.0, 0.0, 0.0, 0.0, 0.0, 0.0, 0.0, 0.0, 0.0], [0.6321002840995789, 0.0, 0.2, 0.8627450980392156, 0.0, 0.9090909090909091, 1.0, 0.0, 0.6321003006165287, 0.5876733710966915, 0.5876733710966915, 0.0, 0.0, 0.0, 0.0, 1.0, 0.0, 0.0, 0.0, 0.0, 0.0, 0.0, 0.0, 0.0, 0.0, 0.0, 0.0, 0.0, 0.0, 0.0, 0.0, 0.0], [0.5475071668624878, 0.16666666666666666, 0.23333333333333334, 0.8627450980392156, 0.25, 0.9090909090909091, 1.0, 0.0, 0.5475071826613094, 0.4919241939682559, 0.4919241939682559, 0.0, 0.0, 0.0, 0.0, 0.0, 0.0, 0.0, 0.0, 0.0, 0.0, 0.0, 0.0, 0.0, 0.0, 0.0, 0.0, 0.0, 0.0, 0.0, 0.0, 0.0], [0.4637565314769745, 0.3333333333333333, 0.26666666666666666, 0.8627450980392156, 0.25, 0.9090909090909091, 1.0, 0.0, 0.4637565153190889, 0.44502993664109564, 0.44502993664109564, 0.0, 0.0, 0.0, 0.0, 0.0, 0.0, 0.0, 0.0, 0.0, 0.0, 0.0, 0.0, 0.0, 0.0, 0.0, 0.0, 0.0, 0.0, 0.0, 0.0, 0.0], [0.4504716098308563, 0.5, 0.3, 0.8627450980392156, 0.25, 0.9090909090909091, 1.0, 0.0, 0.45047162527061374, 0.4954380816723927, 0.4954380816723927, 0.0, 0.0, 0.0, 0.0, 0.0, 0.0, 0.0, 0.0, 0.0, 0.0, 0.0, 0.0, 0.0, 0.0, 0.0, 0.0, 0.0, 0.0, 0.0, 0.0, 0.0], [0.43357136845588684, 0.6666666666666666, 0.3333333333333333, 0.8627450980392156, 0.25, 0.9090909090909091, 1.0, 0.0, 0.4335713673786945, 0.5469038630106363, 0.5469038630106363, 0.0, 0.0, 0.0, 0.0, 0.0, 1.0, 0.0, 0.0, 0.0, 0.0, 0.0, 0.0, 0.0, 0.0, 0.0, 0.0, 0.0, 0.0, 0.0, 0.0, 0.0]]",0.5088292360305786,84.46565318107605,4.0,11.0,45.0,2.0,11.0,4.0,0.0,71.97284698486328,90.78604125976562,90.78604125976562,0.0,0.0,0.0,0.0,0.0,1.0,0.0,0.0,0.0,0.0,0.0,0.0,0.0,0.0,0.0,0.0,0.0,0.0,0.0,0.0,0.0,0.6666666666666666,0.3333333333333333,0.8627450980392156,0.25,0.9090909090909091,1.0,0.0,0.4335713673786945,0.5469038630106363,0.5469038630106363,0.0,0.0,0.0,0.0,0.0,1.0,0.0,0.0,0.0,0.0,0.0,0.0,0.0,0.0,0.0,0.0,0.0,0.0,0.0,0.0,0.0
49,"[[0.5012162327766418, 1.0, 0.16666666666666669, 0.8431372549019608, 0.0, 0.9090909090909091, 1.0, 1.0, 0.5012162449848221, 0.7741286496081985, 0.7741286496081985, 0.0, 0.0, 0.0, 0.0, 0.0, 0.0, 0.0, 0.0, 0.0, 0.0, 0.0, 0.0, 0.0, 0.0, 0.0, 0.0, 0.0, 0.0, 0.0, 0.0, 0.0], [0.6321002840995789, 0.0, 0.2, 0.8627450980392156, 0.0, 0.9090909090909091, 1.0, 0.0, 0.6321003006165287, 0.5876733710966915, 0.5876733710966915, 0.0, 0.0, 0.0, 0.0, 1.0, 0.0, 0.0, 0.0, 0.0, 0.0, 0.0, 0.0, 0.0, 0.0, 0.0, 0.0, 0.0, 0.0, 0.0, 0.0, 0.0], [0.5475071668624878, 0.16666666666666666, 0.23333333333333334, 0.8627450980392156, 0.25, 0.9090909090909091, 1.0, 0.0, 0.5475071826613094, 0.4919241939682559, 0.4919241939682559, 0.0, 0.0, 0.0, 0.0, 0.0, 0.0, 0.0, 0.0, 0.0, 0.0, 0.0, 0.0, 0.0, 0.0, 0.0, 0.0, 0.0, 0.0, 0.0, 0.0, 0.0], [0.4637565314769745, 0.3333333333333333, 0.26666666666666666, 0.8627450980392156, 0.25, 0.9090909090909091, 1.0, 0.0, 0.4637565153190889, 0.44502993664109564, 0.44502993664109564, 0.0, 0.0, 0.0, 0.0, 0.0, 0.0, 0.0, 0.0, 0.0, 0.0, 0.0, 0.0, 0.0, 0.0, 0.0, 0.0, 0.0, 0.0, 0.0, 0.0, 0.0], [0.4504716098308563, 0.5, 0.3, 0.8627450980392156, 0.25, 0.9090909090909091, 1.0, 0.0, 0.45047162527061374, 0.4954380816723927, 0.4954380816723927, 0.0, 0.0, 0.0, 0.0, 0.0, 0.0, 0.0, 0.0, 0.0, 0.0, 0.0, 0.0, 0.0, 0.0, 0.0, 0.0, 0.0, 0.0, 0.0, 0.0, 0.0], [0.43357136845588684, 0.6666666666666666, 0.3333333333333333, 0.8627450980392156, 0.25, 0.9090909090909091, 1.0, 0.0, 0.4335713673786945, 0.5469038630106363, 0.5469038630106363, 0.0, 0.0, 0.0, 0.0, 0.0, 1.0, 0.0, 0.0, 0.0, 0.0, 0.0, 0.0, 0.0, 0.0, 0.0, 0.0, 0.0, 0.0, 0.0, 0.0, 0.0], [0.5088292360305786, 0.8333333333333333, 0.3666666666666667, 0.8627450980392156, 0.25, 0.9090909090909091, 1.0, 1.0, 0.5088292317218092, 0.5012162449848221, 0.5012162449848221, 0.0, 0.0, 0.0, 0.0, 0.0, 0.0, 0.0, 0.0, 0.0, 0.0, 0.0, 0.0, 0.0, 0.0, 0.0, 0.0, 0.0, 0.0, 0.0, 0.0, 0.0]]",0.5453966856002808,90.5358498096466,5.0,12.0,45.0,2.0,11.0,4.0,1.0,84.46565246582031,83.20189666748047,83.20189666748047,0.0,0.0,0.0,0.0,0.0,0.0,0.0,0.0,0.0,0.0,0.0,0.0,0.0,0.0,0.0,0.0,0.0,0.0,0.0,0.0,0.0,0.8333333333333333,0.3666666666666667,0.8627450980392156,0.25,0.9090909090909091,1.0,1.0,0.5088292317218092,0.5012162449848221,0.5012162449848221,0.0,0.0,0.0,0.0,0.0,0.0,0.0,0.0,0.0,0.0,0.0,0.0,0.0,0.0,0.0,0.0,0.0,0.0,0.0,0.0,0.0
50,"[[0.6321002840995789, 0.0, 0.2, 0.8627450980392156, 0.0, 0.9090909090909091, 1.0, 0.0, 0.6321003006165287, 0.5876733710966915, 0.5876733710966915, 0.0, 0.0, 0.0, 0.0, 1.0, 0.0, 0.0, 0.0, 0.0, 0.0, 0.0, 0.0, 0.0, 0.0, 0.0, 0.0, 0.0, 0.0, 0.0, 0.0, 0.0], [0.5475071668624878, 0.16666666666666666, 0.23333333333333334, 0.8627450980392156, 0.25, 0.9090909090909091, 1.0, 0.0, 0.5475071826613094, 0.4919241939682559, 0.4919241939682559, 0.0, 0.0, 0.0, 0.0, 0.0, 0.0, 0.0, 0.0, 0.0, 0.0, 0.0, 0.0, 0.0, 0.0, 0.0, 0.0, 0.0, 0.0, 0.0, 0.0, 0.0], [0.4637565314769745, 0.3333333333333333, 0.26666666666666666, 0.8627450980392156, 0.25, 0.9090909090909091, 1.0, 0.0, 0.4637565153190889, 0.44502993664109564, 0.44502993664109564, 0.0, 0.0, 0.0, 0.0, 0.0, 0.0, 0.0, 0.0, 0.0, 0.0, 0.0, 0.0, 0.0, 0.0, 0.0, 0.0, 0.0, 0.0, 0.0, 0.0, 0.0], [0.4504716098308563, 0.5, 0.3, 0.8627450980392156, 0.25, 0.9090909090909091, 1.0, 0.0, 0.45047162527061374, 0.4954380816723927, 0.4954380816723927, 0.0, 0.0, 0.0, 0.0, 0.0, 0.0, 0.0, 0.0, 0.0, 0.0, 0.0, 0.0, 0.0, 0.0, 0.0, 0.0, 0.0, 0.0, 0.0, 0.0, 0.0], [0.43357136845588684, 0.6666666666666666, 0.3333333333333333, 0.8627450980392156, 0.25, 0.9090909090909091, 1.0, 0.0, 0.4335713673786945, 0.5469038630106363, 0.5469038630106363, 0.0, 0.0, 0.0, 0.0, 0.0, 1.0, 0.0, 0.0, 0.0, 0.0, 0.0, 0.0, 0.0, 0.0, 0.0, 0.0, 0.0, 0.0, 0.0, 0.0, 0.0], [0.5088292360305786, 0.8333333333333333, 0.3666666666666667, 0.8627450980392156, 0.25, 0.9090909090909091, 1.0, 1.0, 0.5088292317218092, 0.5012162449848221, 0.5012162449848221, 0.0, 0.0, 0.0, 0.0, 0.0, 0.0, 0.0, 0.0, 0.0, 0.0, 0.0, 0.0, 0.0, 0.0, 0.0, 0.0, 0.0, 0.0, 0.0, 0.0, 0.0], [0.5453966856002808, 1.0, 0.4, 0.8627450980392156, 0.25, 0.9090909090909091, 1.0, 1.0, 0.5453966899090503, 0.6321003006165287, 0.6321003006165287, 0.0, 0.0, 0.0, 0.0, 0.0, 0.0, 0.0, 0.0, 0.0, 0.0, 0.0, 0.0, 0.0, 0.0, 0.0, 0.0, 0.0, 0.0, 0.0, 0.0, 0.0]]",0.6807263493537903,113.00057399272919,6.0,13.0,45.0,2.0,11.0,4.0,1.0,90.53585052490234,104.92864990234375,104.92864990234375,0.0,0.0,0.0,0.0,0.0,0.0,0.0,0.0,0.0,0.0,0.0,0.0,0.0,0.0,0.0,0.0,0.0,0.0,0.0,0.0,0.0,1.0,0.4,0.8627450980392156,0.25,0.9090909090909091,1.0,1.0,0.5453966899090503,0.6321003006165287,0.6321003006165287,0.0,0.0,0.0,0.0,0.0,0.0,0.0,0.0,0.0,0.0,0.0,0.0,0.0,0.0,0.0,0.0,0.0,0.0,0.0,0.0,0.0
51,"[[0.5475071668624878, 0.16666666666666666, 0.23333333333333334, 0.8627450980392156, 0.25, 0.9090909090909091, 1.0, 0.0, 0.5475071826613094, 0.4919241939682559, 0.4919241939682559, 0.0, 0.0, 0.0, 0.0, 0.0, 0.0, 0.0, 0.0, 0.0, 0.0, 0.0, 0.0, 0.0, 0.0, 0.0, 0.0, 0.0, 0.0, 0.0, 0.0, 0.0], [0.4637565314769745, 0.3333333333333333, 0.26666666666666666, 0.8627450980392156, 0.25, 0.9090909090909091, 1.0, 0.0, 0.4637565153190889, 0.44502993664109564, 0.44502993664109564, 0.0, 0.0, 0.0, 0.0, 0.0, 0.0, 0.0, 0.0, 0.0, 0.0, 0.0, 0.0, 0.0, 0.0, 0.0, 0.0, 0.0, 0.0, 0.0, 0.0, 0.0], [0.4504716098308563, 0.5, 0.3, 0.8627450980392156, 0.25, 0.9090909090909091, 1.0, 0.0, 0.45047162527061374, 0.4954380816723927, 0.4954380816723927, 0.0, 0.0, 0.0, 0.0, 0.0, 0.0, 0.0, 0.0, 0.0, 0.0, 0.0, 0.0, 0.0, 0.0, 0.0, 0.0, 0.0, 0.0, 0.0, 0.0, 0.0], [0.43357136845588684, 0.6666666666666666, 0.3333333333333333, 0.8627450980392156, 0.25, 0.9090909090909091, 1.0, 0.0, 0.4335713673786945, 0.5469038630106363, 0.5469038630106363, 0.0, 0.0, 0.0, 0.0, 0.0, 1.0, 0.0, 0.0, 0.0, 0.0, 0.0, 0.0, 0.0, 0.0, 0.0, 0.0, 0.0, 0.0, 0.0, 0.0, 0.0], [0.5088292360305786, 0.8333333333333333, 0.3666666666666667, 0.8627450980392156, 0.25, 0.9090909090909091, 1.0, 1.0, 0.5088292317218092, 0.5012162449848221, 0.5012162449848221, 0.0, 0.0, 0.0, 0.0, 0.0, 0.0, 0.0, 0.0, 0.0, 0.0, 0.0, 0.0, 0.0, 0.0, 0.0, 0.0, 0.0, 0.0, 0.0, 0.0, 0.0], [0.5453966856002808, 1.0, 0.4, 0.8627450980392156, 0.25, 0.9090909090909091, 1.0, 1.0, 0.5453966899090503, 0.6321003006165287, 0.6321003006165287, 0.0, 0.0, 0.0, 0.0, 0.0, 0.0, 0.0, 0.0, 0.0, 0.0, 0.0, 0.0, 0.0, 0.0, 0.0, 0.0, 0.0, 0.0, 0.0, 0.0, 0.0], [0.6807263493537903, 0.0, 0.43333333333333335, 0.8823529411764706, 0.25, 0.9090909090909091, 1.0, 0.0, 0.6807263385818666, 0.5475071826613094, 0.5475071826613094, 0.0, 0.0, 0.0, 0.0, 1.0, 0.0, 0.0, 0.0, 0.0, 0.0, 0.0, 0.0, 0.0, 0.0, 0.0, 0.0, 0.0, 0.0, 0.0, 0.0, 0.0]]",0.5416998267173767,89.92217123508453,0.0,14.0,46.0,2.0,11.0,4.0,0.0,113.00057220458984,90.88619232177736,90.88619232177736,0.0,0.0,0.0,0.0,1.0,0.0,0.0,0.0,0.0,0.0,0.0,0.0,0.0,0.0,0.0,0.0,0.0,0.0,0.0,0.0,0.0,0.0,0.43333333333333335,0.8823529411764706,0.25,0.9090909090909091,1.0,0.0,0.6807263385818666,0.5475071826613094,0.5475071826613094,0.0,0.0,0.0,0.0,1.0,0.0,0.0,0.0,0.0,0.0,0.0,0.0,0.0,0.0,0.0,0.0,0.0,0.0,0.0,0.0,0.0
52,"[[0.4637565314769745, 0.3333333333333333, 0.26666666666666666, 0.8627450980392156, 0.25, 0.9090909090909091, 1.0, 0.0, 0.4637565153190889, 0.44502993664109564, 0.44502993664109564, 0.0, 0.0, 0.0, 0.0, 0.0, 0.0, 0.0, 0.0, 0.0, 0.0, 0.0, 0.0, 0.0, 0.0, 0.0, 0.0, 0.0, 0.0, 0.0, 0.0, 0.0], [0.4504716098308563, 0.5, 0.3, 0.8627450980392156, 0.25, 0.9090909090909091, 1.0, 0.0, 0.45047162527061374, 0.4954380816723927, 0.4954380816723927, 0.0, 0.0, 0.0, 0.0, 0.0, 0.0, 0.0, 0.0, 0.0, 0.0, 0.0, 0.0, 0.0, 0.0, 0.0, 0.0, 0.0, 0.0, 0.0, 0.0, 0.0], [0.43357136845588684, 0.6666666666666666, 0.3333333333333333, 0.8627450980392156, 0.25, 0.9090909090909091, 1.0, 0.0, 0.4335713673786945, 0.5469038630106363, 0.5469038630106363, 0.0, 0.0, 0.0, 0.0, 0.0, 1.0, 0.0, 0.0, 0.0, 0.0, 0.0, 0.0, 0.0, 0.0, 0.0, 0.0, 0.0, 0.0, 0.0, 0.0, 0.0], [0.5088292360305786, 0.8333333333333333, 0.3666666666666667, 0.8627450980392156, 0.25, 0.9090909090909091, 1.0, 1.0, 0.5088292317218092, 0.5012162449848221, 0.5012162449848221, 0.0, 0.0, 0.0, 0.0, 0.0, 0.0, 0.0, 0.0, 0.0, 0.0, 0.0, 0.0, 0.0, 0.0, 0.0, 0.0, 0.0, 0.0, 0.0, 0.0, 0.0], [0.5453966856002808, 1.0, 0.4, 0.8627450980392156, 0.25, 0.9090909090909091, 1.0, 1.0, 0.5453966899090503, 0.6321003006165287, 0.6321003006165287, 0.0, 0.0, 0.0, 0.0, 0.0, 0.0, 0.0, 0.0, 0.0, 0.0, 0.0, 0.0, 0.0, 0.0, 0.0, 0.0, 0.0, 0.0, 0.0, 0.0, 0.0], [0.6807263493537903, 0.0, 0.43333333333333335, 0.8823529411764706, 0.25, 0.9090909090909091, 1.0, 0.0, 0.6807263385818666, 0.5475071826613094, 0.5475071826613094, 0.0, 0.0, 0.0, 0.0, 1.0, 0.0, 0.0, 0.0, 0.0, 0.0, 0.0, 0.0, 0.0, 0.0, 0.0, 0.0, 0.0, 0.0, 0.0, 0.0, 0.0], [0.5416998267173767, 0.16666666666666666, 0.4666666666666667, 0.8823529411764706, 0.5, 0.9090909090909091, 1.0, 0.0, 0.5416998346167875, 0.4637565153190889, 0.4637565153190889, 0.0, 0.0, 0.0, 0.0, 0.0, 0.0, 0.0, 0.0, 0.0, 0.0, 0.0, 0.0, 0.0, 0.0, 0.0, 0.0, 0.0, 0.0, 0.0, 0.0, 0.0]]",0.4727897346019745,78.48309594392776,1.0,15.0,46.0,3.0,11.0,4.0,0.0,89.92217254638672,76.98358154296875,76.98358154296875,0.0,0.0,0.0,0.0,0.0,0.0,0.0,0.0,0.0,0.0,0.0,0.0,0.0,0.0,0.0,0.0,0.0,0.0,0.0,0.0,0.0,0.16666666666666666,0.4666666666666667,0.8823529411764706,0.5,0.9090909090909091,1.0,0.0,0.5416998346167875,0.4637565153190889,0.4637565153190889,0.0,0.0,0.0,0.0,0.0,0.0,0.0,0.0,0.0,0.0,0.0,0.0,0.0,0.0,0.0,0.0,0.0,0.0,0.0,0.0,0.0
53,"[[0.4504716098308563, 0.5, 0.3, 0.8627450980392156, 0.25, 0.9090909090909091, 1.0, 0.0, 0.45047162527061374, 0.4954380816723927, 0.4954380816723927, 0.0, 0.0, 0.0, 0.0, 0.0, 0.0, 0.0, 0.0, 0.0, 0.0, 0.0, 0.0, 0.0, 0.0, 0.0, 0.0, 0.0, 0.0, 0.0, 0.0, 0.0], [0.43357136845588684, 0.6666666666666666, 0.3333333333333333, 0.8627450980392156, 0.25, 0.9090909090909091, 1.0, 0.0, 0.4335713673786945, 0.5469038630106363, 0.5469038630106363, 0.0, 0.0, 0.0, 0.0, 0.0, 1.0, 0.0, 0.0, 0.0, 0.0, 0.0, 0.0, 0.0, 0.0, 0.0, 0.0, 0.0, 0.0, 0.0, 0.0, 0.0], [0.5088292360305786, 0.8333333333333333, 0.3666666666666667, 0.8627450980392156, 0.25, 0.9090909090909091, 1.0, 1.0, 0.5088292317218092, 0.5012162449848221, 0.5012162449848221, 0.0, 0.0, 0.0, 0.0, 0.0, 0.0, 0.0, 0.0, 0.0, 0.0, 0.0, 0.0, 0.0, 0.0, 0.0, 0.0, 0.0, 0.0, 0.0, 0.0, 0.0], [0.5453966856002808, 1.0, 0.4, 0.8627450980392156, 0.25, 0.9090909090909091, 1.0, 1.0, 0.5453966899090503, 0.6321003006165287, 0.6321003006165287, 0.0, 0.0, 0.0, 0.0, 0.0, 0.0, 0.0, 0.0, 0.0, 0.0, 0.0, 0.0, 0.0, 0.0, 0.0, 0.0, 0.0, 0.0, 0.0, 0.0, 0.0], [0.6807263493537903, 0.0, 0.43333333333333335, 0.8823529411764706, 0.25, 0.9090909090909091, 1.0, 0.0, 0.6807263385818666, 0.5475071826613094, 0.5475071826613094, 0.0, 0.0, 0.0, 0.0, 1.0, 0.0, 0.0, 0.0, 0.0, 0.0, 0.0, 0.0, 0.0, 0.0, 0.0, 0.0, 0.0, 0.0, 0.0, 0.0, 0.0], [0.5416998267173767, 0.16666666666666666, 0.4666666666666667, 0.8823529411764706, 0.5, 0.9090909090909091, 1.0, 0.0, 0.5416998346167875, 0.4637565153190889, 0.4637565153190889, 0.0, 0.0, 0.0, 0.0, 0.0, 0.0, 0.0, 0.0, 0.0, 0.0, 0.0, 0.0, 0.0, 0.0, 0.0, 0.0, 0.0, 0.0, 0.0, 0.0, 0.0], [0.4727897346019745, 0.3333333333333333, 0.5, 0.8823529411764706, 0.5, 0.9090909090909091, 1.0, 0.0, 0.4727897184440889, 0.45047162527061374, 0.45047162527061374, 0.0, 0.0, 0.0, 0.0, 0.0, 0.0, 0.0, 0.0, 0.0, 0.0, 0.0, 0.0, 0.0, 0.0, 0.0, 0.0, 0.0, 0.0, 0.0, 0.0, 0.0]]",0.49273160099983215,81.79344576597214,2.0,16.0,46.0,3.0,11.0,4.0,0.0,78.48309326171875,74.77828979492188,74.77828979492188,0.0,0.0,0.0,0.0,0.0,0.0,0.0,0.0,0.0,0.0,0.0,0.0,0.0,0.0,0.0,0.0,0.0,0.0,0.0,0.0,0.0,0.3333333333333333,0.5,0.8823529411764706,0.5,0.9090909090909091,1.0,0.0,0.4727897184440889,0.45047162527061374,0.45047162527061374,0.0,0.0,0.0,0.0,0.0,0.0,0.0,0.0,0.0,0.0,0.0,0.0,0.0,0.0,0.0,0.0,0.0,0.0,0.0,0.0,0.0
54,"[[0.43357136845588684, 0.6666666666666666, 0.3333333333333333, 0.8627450980392156, 0.25, 0.9090909090909091, 1.0, 0.0, 0.4335713673786945, 0.5469038630106363, 0.5469038630106363, 0.0, 0.0, 0.0, 0.0, 0.0, 1.0, 0.0, 0.0, 0.0, 0.0, 0.0, 0.0, 0.0, 0.0, 0.0, 0.0, 0.0, 0.0, 0.0, 0.0, 0.0], [0.5088292360305786, 0.8333333333333333, 0.3666666666666667, 0.8627450980392156, 0.25, 0.9090909090909091, 1.0, 1.0, 0.5088292317218092, 0.5012162449848221, 0.5012162449848221, 0.0, 0.0, 0.0, 0.0, 0.0, 0.0, 0.0, 0.0, 0.0, 0.0, 0.0, 0.0, 0.0, 0.0, 0.0, 0.0, 0.0, 0.0, 0.0, 0.0, 0.0], [0.5453966856002808, 1.0, 0.4, 0.8627450980392156, 0.25, 0.9090909090909091, 1.0, 1.0, 0.5453966899090503, 0.6321003006165287, 0.6321003006165287, 0.0, 0.0, 0.0, 0.0, 0.0, 0.0, 0.0, 0.0, 0.0, 0.0, 0.0, 0.0, 0.0, 0.0, 0.0, 0.0, 0.0, 0.0, 0.0, 0.0, 0.0], [0.6807263493537903, 0.0, 0.43333333333333335, 0.8823529411764706, 0.25, 0.9090909090909091, 1.0, 0.0, 0.6807263385818666, 0.5475071826613094, 0.5475071826613094, 0.0, 0.0, 0.0, 0.0, 1.0, 0.0, 0.0, 0.0, 0.0, 0.0, 0.0, 0.0, 0.0, 0.0, 0.0, 0.0, 0.0, 0.0, 0.0, 0.0, 0.0], [0.5416998267173767, 0.16666666666666666, 0.4666666666666667, 0.8823529411764706, 0.5, 0.9090909090909091, 1.0, 0.0, 0.5416998346167875, 0.4637565153190889, 0.4637565153190889, 0.0, 0.0, 0.0, 0.0, 0.0, 0.0, 0.0, 0.0, 0.0, 0.0, 0.0, 0.0, 0.0, 0.0, 0.0, 0.0, 0.0, 0.0, 0.0, 0.0, 0.0], [0.4727897346019745, 0.3333333333333333, 0.5, 0.8823529411764706, 0.5, 0.9090909090909091, 1.0, 0.0, 0.4727897184440889, 0.45047162527061374, 0.45047162527061374, 0.0, 0.0, 0.0, 0.0, 0.0, 0.0, 0.0, 0.0, 0.0, 0.0, 0.0, 0.0, 0.0, 0.0, 0.0, 0.0, 0.0, 0.0, 0.0, 0.0, 0.0], [0.49273160099983215, 0.5, 0.5333333333333333, 0.8823529411764706, 0.5, 0.9090909090909091, 1.0, 0.0, 0.4927316229027438, 0.4335713673786945, 0.4335713673786945, 0.0, 0.0, 0.0, 0.0, 0.0, 0.0, 0.0, 0.0, 0.0, 0.0, 0.0, 0.0, 0.0, 0.0, 0.0, 0.0, 0.0, 0.0, 0.0, 0.0, 0.0]]",0.49202242493629456,81.6757225394249,3.0,17.0,46.0,3.0,11.0,4.0,0.0,81.79344940185547,71.97284698486328,71.97284698486328,0.0,0.0,0.0,0.0,0.0,0.0,0.0,0.0,0.0,0.0,0.0,0.0,0.0,0.0,0.0,0.0,0.0,0.0,0.0,0.0,0.0,0.5,0.5333333333333333,0.8823529411764706,0.5,0.9090909090909091,1.0,0.0,0.4927316229027438,0.4335713673786945,0.4335713673786945,0.0,0.0,0.0,0.0,0.0,0.0,0.0,0.0,0.0,0.0,0.0,0.0,0.0,0.0,0.0,0.0,0.0,0.0,0.0,0.0,0.0
55,"[[0.5088292360305786, 0.8333333333333333, 0.3666666666666667, 0.8627450980392156, 0.25, 0.9090909090909091, 1.0, 1.0, 0.5088292317218092, 0.5012162449848221, 0.5012162449848221, 0.0, 0.0, 0.0, 0.0, 0.0, 0.0, 0.0, 0.0, 0.0, 0.0, 0.0, 0.0, 0.0, 0.0, 0.0, 0.0, 0.0, 0.0, 0.0, 0.0, 0.0], [0.5453966856002808, 1.0, 0.4, 0.8627450980392156, 0.25, 0.9090909090909091, 1.0, 1.0, 0.5453966899090503, 0.6321003006165287, 0.6321003006165287, 0.0, 0.0, 0.0, 0.0, 0.0, 0.0, 0.0, 0.0, 0.0, 0.0, 0.0, 0.0, 0.0, 0.0, 0.0, 0.0, 0.0, 0.0, 0.0, 0.0, 0.0], [0.6807263493537903, 0.0, 0.43333333333333335, 0.8823529411764706, 0.25, 0.9090909090909091, 1.0, 0.0, 0.6807263385818666, 0.5475071826613094, 0.5475071826613094, 0.0, 0.0, 0.0, 0.0, 1.0, 0.0, 0.0, 0.0, 0.0, 0.0, 0.0, 0.0, 0.0, 0.0, 0.0, 0.0, 0.0, 0.0, 0.0, 0.0, 0.0], [0.5416998267173767, 0.16666666666666666, 0.4666666666666667, 0.8823529411764706, 0.5, 0.9090909090909091, 1.0, 0.0, 0.5416998346167875, 0.4637565153190889, 0.4637565153190889, 0.0, 0.0, 0.0, 0.0, 0.0, 0.0, 0.0, 0.0, 0.0, 0.0, 0.0, 0.0, 0.0, 0.0, 0.0, 0.0, 0.0, 0.0, 0.0, 0.0, 0.0], [0.4727897346019745, 0.3333333333333333, 0.5, 0.8823529411764706, 0.5, 0.9090909090909091, 1.0, 0.0, 0.4727897184440889, 0.45047162527061374, 0.45047162527061374, 0.0, 0.0, 0.0, 0.0, 0.0, 0.0, 0.0, 0.0, 0.0, 0.0, 0.0, 0.0, 0.0, 0.0, 0.0, 0.0, 0.0, 0.0, 0.0, 0.0, 0.0], [0.49273160099983215, 0.5, 0.5333333333333333, 0.8823529411764706, 0.5, 0.9090909090909091, 1.0, 0.0, 0.4927316229027438, 0.4335713673786945, 0.4335713673786945, 0.0, 0.0, 0.0, 0.0, 0.0, 0.0, 0.0, 0.0, 0.0, 0.0, 0.0, 0.0, 0.0, 0.0, 0.0, 0.0, 0.0, 0.0, 0.0, 0.0, 0.0], [0.49202242493629456, 0.6666666666666666, 0.5666666666666667, 0.8823529411764706, 0.5, 0.9090909090909091, 1.0, 0.0, 0.4920224109327937, 0.5088292317218092, 0.5088292317218092, 0.0, 0.0, 0.0, 0.0, 0.0, 1.0, 0.0, 0.0, 0.0, 0.0, 0.0, 0.0, 0.0, 0.0, 0.0, 0.0, 0.0, 0.0, 0.0, 0.0, 0.0]]",0.5617672204971313,93.2533586025238,4.0,18.0,46.0,3.0,11.0,4.0,0.0,81.67572021484375,84.46565246582031,84.46565246582031,0.0,0.0,0.0,0.0,0.0,1.0,0.0,0.0,0.0,0.0,0.0,0.0,0.0,0.0,0.0,0.0,0.0,0.0,0.0,0.0,0.0,0.6666666666666666,0.5666666666666667,0.8823529411764706,0.5,0.9090909090909091,1.0,0.0,0.4920224109327937,0.5088292317218092,0.5088292317218092,0.0,0.0,0.0,0.0,0.0,1.0,0.0,0.0,0.0,0.0,0.0,0.0,0.0,0.0,0.0,0.0,0.0,0.0,0.0,0.0,0.0
56,"[[0.5453966856002808, 1.0, 0.4, 0.8627450980392156, 0.25, 0.9090909090909091, 1.0, 1.0, 0.5453966899090503, 0.6321003006165287, 0.6321003006165287, 0.0, 0.0, 0.0, 0.0, 0.0, 0.0, 0.0, 0.0, 0.0, 0.0, 0.0, 0.0, 0.0, 0.0, 0.0, 0.0, 0.0, 0.0, 0.0, 0.0, 0.0], [0.6807263493537903, 0.0, 0.43333333333333335, 0.8823529411764706, 0.25, 0.9090909090909091, 1.0, 0.0, 0.6807263385818666, 0.5475071826613094, 0.5475071826613094, 0.0, 0.0, 0.0, 0.0, 1.0, 0.0, 0.0, 0.0, 0.0, 0.0, 0.0, 0.0, 0.0, 0.0, 0.0, 0.0, 0.0, 0.0, 0.0, 0.0, 0.0], [0.5416998267173767, 0.16666666666666666, 0.4666666666666667, 0.8823529411764706, 0.5, 0.9090909090909091, 1.0, 0.0, 0.5416998346167875, 0.4637565153190889, 0.4637565153190889, 0.0, 0.0, 0.0, 0.0, 0.0, 0.0, 0.0, 0.0, 0.0, 0.0, 0.0, 0.0, 0.0, 0.0, 0.0, 0.0, 0.0, 0.0, 0.0, 0.0, 0.0], [0.4727897346019745, 0.3333333333333333, 0.5, 0.8823529411764706, 0.5, 0.9090909090909091, 1.0, 0.0, 0.4727897184440889, 0.45047162527061374, 0.45047162527061374, 0.0, 0.0, 0.0, 0.0, 0.0, 0.0, 0.0, 0.0, 0.0, 0.0, 0.0, 0.0, 0.0, 0.0, 0.0, 0.0, 0.0, 0.0, 0.0, 0.0, 0.0], [0.49273160099983215, 0.5, 0.5333333333333333, 0.8823529411764706, 0.5, 0.9090909090909091, 1.0, 0.0, 0.4927316229027438, 0.4335713673786945, 0.4335713673786945, 0.0, 0.0, 0.0, 0.0, 0.0, 0.0, 0.0, 0.0, 0.0, 0.0, 0.0, 0.0, 0.0, 0.0, 0.0, 0.0, 0.0, 0.0, 0.0, 0.0, 0.0], [0.49202242493629456, 0.6666666666666666, 0.5666666666666667, 0.8823529411764706, 0.5, 0.9090909090909091, 1.0, 0.0, 0.4920224109327937, 0.5088292317218092, 0.5088292317218092, 0.0, 0.0, 0.0, 0.0, 0.0, 1.0, 0.0, 0.0, 0.0, 0.0, 0.0, 0.0, 0.0, 0.0, 0.0, 0.0, 0.0, 0.0, 0.0, 0.0, 0.0], [0.5617672204971313, 0.8333333333333333, 0.6, 0.8823529411764706, 0.5, 0.9090909090909091, 1.0, 1.0, 0.5617672104433359, 0.5453966899090503, 0.5453966899090503, 0.0, 0.0, 0.0, 0.0, 0.0, 0.0, 0.0, 0.0, 0.0, 0.0, 0.0, 0.0, 0.0, 0.0, 0.0, 0.0, 0.0, 0.0, 0.0, 0.0, 0.0]]",0.5928370952606201,98.41095781326294,5.0,19.0,46.0,3.0,11.0,4.0,1.0,93.25335693359375,90.53585052490234,90.53585052490234,0.0,0.0,0.0,0.0,0.0,0.0,0.0,0.0,0.0,0.0,0.0,0.0,0.0,0.0,0.0,0.0,0.0,0.0,0.0,0.0,0.0,0.8333333333333333,0.6,0.8823529411764706,0.5,0.9090909090909091,1.0,1.0,0.5617672104433359,0.5453966899090503,0.5453966899090503,0.0,0.0,0.0,0.0,0.0,0.0,0.0,0.0,0.0,0.0,0.0,0.0,0.0,0.0,0.0,0.0,0.0,0.0,0.0,0.0,0.0
57,"[[0.6807263493537903, 0.0, 0.43333333333333335, 0.8823529411764706, 0.25, 0.9090909090909091, 1.0, 0.0, 0.6807263385818666, 0.5475071826613094, 0.5475071826613094, 0.0, 0.0, 0.0, 0.0, 1.0, 0.0, 0.0, 0.0, 0.0, 0.0, 0.0, 0.0, 0.0, 0.0, 0.0, 0.0, 0.0, 0.0, 0.0, 0.0, 0.0], [0.5416998267173767, 0.16666666666666666, 0.4666666666666667, 0.8823529411764706, 0.5, 0.9090909090909091, 1.0, 0.0, 0.5416998346167875, 0.4637565153190889, 0.4637565153190889, 0.0, 0.0, 0.0, 0.0, 0.0, 0.0, 0.0, 0.0, 0.0, 0.0, 0.0, 0.0, 0.0, 0.0, 0.0, 0.0, 0.0, 0.0, 0.0, 0.0, 0.0], [0.4727897346019745, 0.3333333333333333, 0.5, 0.8823529411764706, 0.5, 0.9090909090909091, 1.0, 0.0, 0.4727897184440889, 0.45047162527061374, 0.45047162527061374, 0.0, 0.0, 0.0, 0.0, 0.0, 0.0, 0.0, 0.0, 0.0, 0.0, 0.0, 0.0, 0.0, 0.0, 0.0, 0.0, 0.0, 0.0, 0.0, 0.0, 0.0], [0.49273160099983215, 0.5, 0.5333333333333333, 0.8823529411764706, 0.5, 0.9090909090909091, 1.0, 0.0, 0.4927316229027438, 0.4335713673786945, 0.4335713673786945, 0.0, 0.0, 0.0, 0.0, 0.0, 0.0, 0.0, 0.0, 0.0, 0.0, 0.0, 0.0, 0.0, 0.0, 0.0, 0.0, 0.0, 0.0, 0.0, 0.0, 0.0], [0.49202242493629456, 0.6666666666666666, 0.5666666666666667, 0.8823529411764706, 0.5, 0.9090909090909091, 1.0, 0.0, 0.4920224109327937, 0.5088292317218092, 0.5088292317218092, 0.0, 0.0, 0.0, 0.0, 0.0, 1.0, 0.0, 0.0, 0.0, 0.0, 0.0, 0.0, 0.0, 0.0, 0.0, 0.0, 0.0, 0.0, 0.0, 0.0, 0.0], [0.5617672204971313, 0.8333333333333333, 0.6, 0.8823529411764706, 0.5, 0.9090909090909091, 1.0, 1.0, 0.5617672104433359, 0.5453966899090503, 0.5453966899090503, 0.0, 0.0, 0.0, 0.0, 0.0, 0.0, 0.0, 0.0, 0.0, 0.0, 0.0, 0.0, 0.0, 0.0, 0.0, 0.0, 0.0, 0.0, 0.0, 0.0, 0.0], [0.5928370952606201, 1.0, 0.6333333333333333, 0.8823529411764706, 0.5, 0.9090909090909091, 1.0, 1.0, 0.5928370923881071, 0.6807263385818666, 0.6807263385818666, 0.0, 0.0, 0.0, 0.0, 0.0, 0.0, 0.0, 0.0, 0.0, 0.0, 0.0, 0.0, 0.0, 0.0, 0.0, 0.0, 0.0, 0.0, 0.0, 0.0, 0.0]]",0.7214213609695435,119.75594592094421,6.0,20.0,46.0,3.0,11.0,4.0,1.0,98.41095733642578,113.00057220458984,113.00057220458984,0.0,0.0,0.0,0.0,0.0,0.0,0.0,0.0,0.0,0.0,0.0,0.0,0.0,0.0,0.0,0.0,0.0,0.0,0.0,0.0,0.0,1.0,0.6333333333333333,0.8823529411764706,0.5,0.9090909090909091,1.0,1.0,0.5928370923881071,0.6807263385818666,0.6807263385818666,0.0,0.0,0.0,0.0,0.0,0.0,0.0,0.0,0.0,0.0,0.0,0.0,0.0,0.0,0.0,0.0,0.0,0.0,0.0,0.0,0.0
58,"[[0.5416998267173767, 0.16666666666666666, 0.4666666666666667, 0.8823529411764706, 0.5, 0.9090909090909091, 1.0, 0.0, 0.5416998346167875, 0.4637565153190889, 0.4637565153190889, 0.0, 0.0, 0.0, 0.0, 0.0, 0.0, 0.0, 0.0, 0.0, 0.0, 0.0, 0.0, 0.0, 0.0, 0.0, 0.0, 0.0, 0.0, 0.0, 0.0, 0.0], [0.4727897346019745, 0.3333333333333333, 0.5, 0.8823529411764706, 0.5, 0.9090909090909091, 1.0, 0.0, 0.4727897184440889, 0.45047162527061374, 0.45047162527061374, 0.0, 0.0, 0.0, 0.0, 0.0, 0.0, 0.0, 0.0, 0.0, 0.0, 0.0, 0.0, 0.0, 0.0, 0.0, 0.0, 0.0, 0.0, 0.0, 0.0, 0.0], [0.49273160099983215, 0.5, 0.5333333333333333, 0.8823529411764706, 0.5, 0.9090909090909091, 1.0, 0.0, 0.4927316229027438, 0.4335713673786945, 0.4335713673786945, 0.0, 0.0, 0.0, 0.0, 0.0, 0.0, 0.0, 0.0, 0.0, 0.0, 0.0, 0.0, 0.0, 0.0, 0.0, 0.0, 0.0, 0.0, 0.0, 0.0, 0.0], [0.49202242493629456, 0.6666666666666666, 0.5666666666666667, 0.8823529411764706, 0.5, 0.9090909090909091, 1.0, 0.0, 0.4920224109327937, 0.5088292317218092, 0.5088292317218092, 0.0, 0.0, 0.0, 0.0, 0.0, 1.0, 0.0, 0.0, 0.0, 0.0, 0.0, 0.0, 0.0, 0.0, 0.0, 0.0, 0.0, 0.0, 0.0, 0.0, 0.0], [0.5617672204971313, 0.8333333333333333, 0.6, 0.8823529411764706, 0.5, 0.9090909090909091, 1.0, 1.0, 0.5617672104433359, 0.5453966899090503, 0.5453966899090503, 0.0, 0.0, 0.0, 0.0, 0.0, 0.0, 0.0, 0.0, 0.0, 0.0, 0.0, 0.0, 0.0, 0.0, 0.0, 0.0, 0.0, 0.0, 0.0, 0.0, 0.0], [0.5928370952606201, 1.0, 0.6333333333333333, 0.8823529411764706, 0.5, 0.9090909090909091, 1.0, 1.0, 0.5928370923881071, 0.6807263385818666, 0.6807263385818666, 0.0, 0.0, 0.0, 0.0, 0.0, 0.0, 0.0, 0.0, 0.0, 0.0, 0.0, 0.0, 0.0, 0.0, 0.0, 0.0, 0.0, 0.0, 0.0, 0.0, 0.0], [0.7214213609695435, 0.0, 0.6666666666666666, 0.9019607843137254, 0.5, 0.9090909090909091, 1.0, 0.0, 0.721421345170722, 0.5416998346167875, 0.5416998346167875, 0.0, 0.0, 0.0, 0.0, 1.0, 0.0, 0.0, 0.0, 0.0, 0.0, 0.0, 0.0, 0.0, 0.0, 0.0, 0.0, 0.0, 0.0, 0.0, 0.0, 0.0]]",0.5915299654006958,98.1939742565155,0.0,21.0,47.0,3.0,11.0,4.0,0.0,119.75594329833984,89.92217254638672,89.92217254638672,0.0,0.0,0.0,0.0,1.0,0.0,0.0,0.0,0.0,0.0,0.0,0.0,0.0,0.0,0.0,0.0,0.0,0.0,0.0,0.0,0.0,0.0,0.6666666666666666,0.9019607843137254,0.5,0.9090909090909091,1.0,0.0,0.721421345170722,0.5416998346167875,0.5416998346167875,0.0,0.0,0.0,0.0,1.0,0.0,0.0,0.0,0.0,0.0,0.0,0.0,0.0,0.0,0.0,0.0,0.0,0.0,0.0,0.0,0.0
59,"[[0.4727897346019745, 0.3333333333333333, 0.5, 0.8823529411764706, 0.5, 0.9090909090909091, 1.0, 0.0, 0.4727897184440889, 0.45047162527061374, 0.45047162527061374, 0.0, 0.0, 0.0, 0.0, 0.0, 0.0, 0.0, 0.0, 0.0, 0.0, 0.0, 0.0, 0.0, 0.0, 0.0, 0.0, 0.0, 0.0, 0.0, 0.0, 0.0], [0.49273160099983215, 0.5, 0.5333333333333333, 0.8823529411764706, 0.5, 0.9090909090909091, 1.0, 0.0, 0.4927316229027438, 0.4335713673786945, 0.4335713673786945, 0.0, 0.0, 0.0, 0.0, 0.0, 0.0, 0.0, 0.0, 0.0, 0.0, 0.0, 0.0, 0.0, 0.0, 0.0, 0.0, 0.0, 0.0, 0.0, 0.0, 0.0], [0.49202242493629456, 0.6666666666666666, 0.5666666666666667, 0.8823529411764706, 0.5, 0.9090909090909091, 1.0, 0.0, 0.4920224109327937, 0.5088292317218092, 0.5088292317218092, 0.0, 0.0, 0.0, 0.0, 0.0, 1.0, 0.0, 0.0, 0.0, 0.0, 0.0, 0.0, 0.0, 0.0, 0.0, 0.0, 0.0, 0.0, 0.0, 0.0, 0.0], [0.5617672204971313, 0.8333333333333333, 0.6, 0.8823529411764706, 0.5, 0.9090909090909091, 1.0, 1.0, 0.5617672104433359, 0.5453966899090503, 0.5453966899090503, 0.0, 0.0, 0.0, 0.0, 0.0, 0.0, 0.0, 0.0, 0.0, 0.0, 0.0, 0.0, 0.0, 0.0, 0.0, 0.0, 0.0, 0.0, 0.0, 0.0, 0.0], [0.5928370952606201, 1.0, 0.6333333333333333, 0.8823529411764706, 0.5, 0.9090909090909091, 1.0, 1.0, 0.5928370923881071, 0.6807263385818666, 0.6807263385818666, 0.0, 0.0, 0.0, 0.0, 0.0, 0.0, 0.0, 0.0, 0.0, 0.0, 0.0, 0.0, 0.0, 0.0, 0.0, 0.0, 0.0, 0.0, 0.0, 0.0, 0.0], [0.7214213609695435, 0.0, 0.6666666666666666, 0.9019607843137254, 0.5, 0.9090909090909091, 1.0, 0.0, 0.721421345170722, 0.5416998346167875, 0.5416998346167875, 0.0, 0.0, 0.0, 0.0, 1.0, 0.0, 0.0, 0.0, 0.0, 0.0, 0.0, 0.0, 0.0, 0.0, 0.0, 0.0, 0.0, 0.0, 0.0, 0.0, 0.0], [0.5915299654006958, 0.16666666666666666, 0.7, 0.9019607843137254, 0.75, 0.9090909090909091, 1.0, 0.0, 0.5915299840720304, 0.4727897184440889, 0.4727897184440889, 0.0, 0.0, 0.0, 0.0, 0.0, 0.0, 0.0, 0.0, 0.0, 0.0, 0.0, 0.0, 0.0, 0.0, 0.0, 0.0, 0.0, 0.0, 0.0, 0.0, 0.0]]",0.5328940749168396,88.46041643619537,1.0,22.0,47.0,4.0,11.0,4.0,0.0,98.19397735595705,78.48309326171875,78.48309326171875,0.0,0.0,0.0,0.0,0.0,0.0,0.0,0.0,0.0,0.0,0.0,0.0,0.0,0.0,0.0,0.0,0.0,0.0,0.0,0.0,0.0,0.16666666666666666,0.7,0.9019607843137254,0.75,0.9090909090909091,1.0,0.0,0.5915299840720304,0.4727897184440889,0.4727897184440889,0.0,0.0,0.0,0.0,0.0,0.0,0.0,0.0,0.0,0.0,0.0,0.0,0.0,0.0,0.0,0.0,0.0,0.0,0.0,0.0,0.0
60,"[[0.49273160099983215, 0.5, 0.5333333333333333, 0.8823529411764706, 0.5, 0.9090909090909091, 1.0, 0.0, 0.4927316229027438, 0.4335713673786945, 0.4335713673786945, 0.0, 0.0, 0.0, 0.0, 0.0, 0.0, 0.0, 0.0, 0.0, 0.0, 0.0, 0.0, 0.0, 0.0, 0.0, 0.0, 0.0, 0.0, 0.0, 0.0, 0.0], [0.49202242493629456, 0.6666666666666666, 0.5666666666666667, 0.8823529411764706, 0.5, 0.9090909090909091, 1.0, 0.0, 0.4920224109327937, 0.5088292317218092, 0.5088292317218092, 0.0, 0.0, 0.0, 0.0, 0.0, 1.0, 0.0, 0.0, 0.0, 0.0, 0.0, 0.0, 0.0, 0.0, 0.0, 0.0, 0.0, 0.0, 0.0, 0.0, 0.0], [0.5617672204971313, 0.8333333333333333, 0.6, 0.8823529411764706, 0.5, 0.9090909090909091, 1.0, 1.0, 0.5617672104433359, 0.5453966899090503, 0.5453966899090503, 0.0, 0.0, 0.0, 0.0, 0.0, 0.0, 0.0, 0.0, 0.0, 0.0, 0.0, 0.0, 0.0, 0.0, 0.0, 0.0, 0.0, 0.0, 0.0, 0.0, 0.0], [0.5928370952606201, 1.0, 0.6333333333333333, 0.8823529411764706, 0.5, 0.9090909090909091, 1.0, 1.0, 0.5928370923881071, 0.6807263385818666, 0.6807263385818666, 0.0, 0.0, 0.0, 0.0, 0.0, 0.0, 0.0, 0.0, 0.0, 0.0, 0.0, 0.0, 0.0, 0.0, 0.0, 0.0, 0.0, 0.0, 0.0, 0.0, 0.0], [0.7214213609695435, 0.0, 0.6666666666666666, 0.9019607843137254, 0.5, 0.9090909090909091, 1.0, 0.0, 0.721421345170722, 0.5416998346167875, 0.5416998346167875, 0.0, 0.0, 0.0, 0.0, 1.0, 0.0, 0.0, 0.0, 0.0, 0.0, 0.0, 0.0, 0.0, 0.0, 0.0, 0.0, 0.0, 0.0, 0.0, 0.0, 0.0], [0.5915299654006958, 0.16666666666666666, 0.7, 0.9019607843137254, 0.75, 0.9090909090909091, 1.0, 0.0, 0.5915299840720304, 0.4727897184440889, 0.4727897184440889, 0.0, 0.0, 0.0, 0.0, 0.0, 0.0, 0.0, 0.0, 0.0, 0.0, 0.0, 0.0, 0.0, 0.0, 0.0, 0.0, 0.0, 0.0, 0.0, 0.0, 0.0], [0.5328940749168396, 0.3333333333333333, 0.7333333333333333, 0.9019607843137254, 0.75, 0.9090909090909091, 1.0, 0.0, 0.5328940885612764, 0.4927316229027438, 0.4927316229027438, 0.0, 0.0, 0.0, 0.0, 0.0, 0.0, 0.0, 0.0, 0.0, 0.0, 0.0, 0.0, 0.0, 0.0, 0.0, 0.0, 0.0, 0.0, 0.0, 0.0, 0.0]]",0.5664202570915222,94.02576267719269,2.0,23.0,47.0,4.0,11.0,4.0,0.0,88.46041870117188,81.79344940185547,81.79344940185547,0.0,0.0,0.0,0.0,0.0,0.0,0.0,0.0,0.0,0.0,0.0,0.0,0.0,0.0,0.0,0.0,0.0,0.0,0.0,0.0,0.0,0.3333333333333333,0.7333333333333333,0.9019607843137254,0.75,0.9090909090909091,1.0,0.0,0.5328940885612764,0.4927316229027438,0.4927316229027438,0.0,0.0,0.0,0.0,0.0,0.0,0.0,0.0,0.0,0.0,0.0,0.0,0.0,0.0,0.0,0.0,0.0,0.0,0.0,0.0,0.0
61,"[[0.49202242493629456, 0.6666666666666666, 0.5666666666666667, 0.8823529411764706, 0.5, 0.9090909090909091, 1.0, 0.0, 0.4920224109327937, 0.5088292317218092, 0.5088292317218092, 0.0, 0.0, 0.0, 0.0, 0.0, 1.0, 0.0, 0.0, 0.0, 0.0, 0.0, 0.0, 0.0, 0.0, 0.0, 0.0, 0.0, 0.0, 0.0, 0.0, 0.0], [0.5617672204971313, 0.8333333333333333, 0.6, 0.8823529411764706, 0.5, 0.9090909090909091, 1.0, 1.0, 0.5617672104433359, 0.5453966899090503, 0.5453966899090503, 0.0, 0.0, 0.0, 0.0, 0.0, 0.0, 0.0, 0.0, 0.0, 0.0, 0.0, 0.0, 0.0, 0.0, 0.0, 0.0, 0.0, 0.0, 0.0, 0.0, 0.0], [0.5928370952606201, 1.0, 0.6333333333333333, 0.8823529411764706, 0.5, 0.9090909090909091, 1.0, 1.0, 0.5928370923881071, 0.6807263385818666, 0.6807263385818666, 0.0, 0.0, 0.0, 0.0, 0.0, 0.0, 0.0, 0.0, 0.0, 0.0, 0.0, 0.0, 0.0, 0.0, 0.0, 0.0, 0.0, 0.0, 0.0, 0.0, 0.0], [0.7214213609695435, 0.0, 0.6666666666666666, 0.9019607843137254, 0.5, 0.9090909090909091, 1.0, 0.0, 0.721421345170722, 0.5416998346167875, 0.5416998346167875, 0.0, 0.0, 0.0, 0.0, 1.0, 0.0, 0.0, 0.0, 0.0, 0.0, 0.0, 0.0, 0.0, 0.0, 0.0, 0.0, 0.0, 0.0, 0.0, 0.0, 0.0], [0.5915299654006958, 0.16666666666666666, 0.7, 0.9019607843137254, 0.75, 0.9090909090909091, 1.0, 0.0, 0.5915299840720304, 0.4727897184440889, 0.4727897184440889, 0.0, 0.0, 0.0, 0.0, 0.0, 0.0, 0.0, 0.0, 0.0, 0.0, 0.0, 0.0, 0.0, 0.0, 0.0, 0.0, 0.0, 0.0, 0.0, 0.0, 0.0], [0.5328940749168396, 0.3333333333333333, 0.7333333333333333, 0.9019607843137254, 0.75, 0.9090909090909091, 1.0, 0.0, 0.5328940885612764, 0.4927316229027438, 0.4927316229027438, 0.0, 0.0, 0.0, 0.0, 0.0, 0.0, 0.0, 0.0, 0.0, 0.0, 0.0, 0.0, 0.0, 0.0, 0.0, 0.0, 0.0, 0.0, 0.0, 0.0, 0.0], [0.5664202570915222, 0.5, 0.7666666666666667, 0.9019607843137254, 0.75, 0.9090909090909091, 1.0, 0.0, 0.566420267863446, 0.4920224109327937, 0.4920224109327937, 0.0, 0.0, 0.0, 0.0, 0.0, 0.0, 0.0, 1.0, 0.0, 0.0, 0.0, 0.0, 0.0, 0.0, 0.0, 0.0, 0.0, 0.0, 0.0, 0.0, 0.0]]",0.3097485303878784,51.41825604438782,3.0,24.0,47.0,4.0,11.0,4.0,0.0,94.02576446533203,81.67572021484375,81.67572021484375,0.0,0.0,0.0,0.0,0.0,0.0,0.0,1.0,0.0,0.0,0.0,0.0,0.0,0.0,0.0,0.0,0.0,0.0,0.0,0.0,0.0,0.5,0.7666666666666667,0.9019607843137254,0.75,0.9090909090909091,1.0,0.0,0.566420267863446,0.4920224109327937,0.4920224109327937,0.0,0.0,0.0,0.0,0.0,0.0,0.0,1.0,0.0,0.0,0.0,0.0,0.0,0.0,0.0,0.0,0.0,0.0,0.0,0.0,0.0
62,"[[0.5617672204971313, 0.8333333333333333, 0.6, 0.8823529411764706, 0.5, 0.9090909090909091, 1.0, 1.0, 0.5617672104433359, 0.5453966899090503, 0.5453966899090503, 0.0, 0.0, 0.0, 0.0, 0.0, 0.0, 0.0, 0.0, 0.0, 0.0, 0.0, 0.0, 0.0, 0.0, 0.0, 0.0, 0.0, 0.0, 0.0, 0.0, 0.0], [0.5928370952606201, 1.0, 0.6333333333333333, 0.8823529411764706, 0.5, 0.9090909090909091, 1.0, 1.0, 0.5928370923881071, 0.6807263385818666, 0.6807263385818666, 0.0, 0.0, 0.0, 0.0, 0.0, 0.0, 0.0, 0.0, 0.0, 0.0, 0.0, 0.0, 0.0, 0.0, 0.0, 0.0, 0.0, 0.0, 0.0, 0.0, 0.0], [0.7214213609695435, 0.0, 0.6666666666666666, 0.9019607843137254, 0.5, 0.9090909090909091, 1.0, 0.0, 0.721421345170722, 0.5416998346167875, 0.5416998346167875, 0.0, 0.0, 0.0, 0.0, 1.0, 0.0, 0.0, 0.0, 0.0, 0.0, 0.0, 0.0, 0.0, 0.0, 0.0, 0.0, 0.0, 0.0, 0.0, 0.0, 0.0], [0.5915299654006958, 0.16666666666666666, 0.7, 0.9019607843137254, 0.75, 0.9090909090909091, 1.0, 0.0, 0.5915299840720304, 0.4727897184440889, 0.4727897184440889, 0.0, 0.0, 0.0, 0.0, 0.0, 0.0, 0.0, 0.0, 0.0, 0.0, 0.0, 0.0, 0.0, 0.0, 0.0, 0.0, 0.0, 0.0, 0.0, 0.0, 0.0], [0.5328940749168396, 0.3333333333333333, 0.7333333333333333, 0.9019607843137254, 0.75, 0.9090909090909091, 1.0, 0.0, 0.5328940885612764, 0.4927316229027438, 0.4927316229027438, 0.0, 0.0, 0.0, 0.0, 0.0, 0.0, 0.0, 0.0, 0.0, 0.0, 0.0, 0.0, 0.0, 0.0, 0.0, 0.0, 0.0, 0.0, 0.0, 0.0, 0.0], [0.5664202570915222, 0.5, 0.7666666666666667, 0.9019607843137254, 0.75, 0.9090909090909091, 1.0, 0.0, 0.566420267863446, 0.4920224109327937, 0.4920224109327937, 0.0, 0.0, 0.0, 0.0, 0.0, 0.0, 0.0, 1.0, 0.0, 0.0, 0.0, 0.0, 0.0, 0.0, 0.0, 0.0, 0.0, 0.0, 0.0, 0.0, 0.0], [0.3097485303878784, 0.6666666666666666, 0.8, 0.9019607843137254, 0.75, 0.9090909090909091, 1.0, 0.0, 0.3097485232065959, 0.5617672104433359, 0.5617672104433359, 0.0, 0.0, 0.0, 0.0, 0.0, 1.0, 0.0, 0.0, 1.0, 0.0, 0.0, 0.0, 0.0, 0.0, 0.0, 0.0, 0.0, 0.0, 0.0, 0.0, 0.0]]",0.11058773845434189,18.357564583420753,4.0,25.0,47.0,4.0,11.0,4.0,0.0,51.418254852294915,93.25335693359375,93.25335693359375,0.0,0.0,0.0,0.0,0.0,1.0,0.0,0.0,1.0,0.0,0.0,0.0,0.0,0.0,0.0,0.0,0.0,0.0,0.0,0.0,0.0,0.6666666666666666,0.8,0.9019607843137254,0.75,0.9090909090909091,1.0,0.0,0.3097485232065959,0.5617672104433359,0.5617672104433359,0.0,0.0,0.0,0.0,0.0,1.0,0.0,0.0,1.0,0.0,0.0,0.0,0.0,0.0,0.0,0.0,0.0,0.0,0.0,0.0,0.0
63,"[[0.5928370952606201, 1.0, 0.6333333333333333, 0.8823529411764706, 0.5, 0.9090909090909091, 1.0, 1.0, 0.5928370923881071, 0.6807263385818666, 0.6807263385818666, 0.0, 0.0, 0.0, 0.0, 0.0, 0.0, 0.0, 0.0, 0.0, 0.0, 0.0, 0.0, 0.0, 0.0, 0.0, 0.0, 0.0, 0.0, 0.0, 0.0, 0.0], [0.7214213609695435, 0.0, 0.6666666666666666, 0.9019607843137254, 0.5, 0.9090909090909091, 1.0, 0.0, 0.721421345170722, 0.5416998346167875, 0.5416998346167875, 0.0, 0.0, 0.0, 0.0, 1.0, 0.0, 0.0, 0.0, 0.0, 0.0, 0.0, 0.0, 0.0, 0.0, 0.0, 0.0, 0.0, 0.0, 0.0, 0.0, 0.0], [0.5915299654006958, 0.16666666666666666, 0.7, 0.9019607843137254, 0.75, 0.9090909090909091, 1.0, 0.0, 0.5915299840720304, 0.4727897184440889, 0.4727897184440889, 0.0, 0.0, 0.0, 0.0, 0.0, 0.0, 0.0, 0.0, 0.0, 0.0, 0.0, 0.0, 0.0, 0.0, 0.0, 0.0, 0.0, 0.0, 0.0, 0.0, 0.0], [0.5328940749168396, 0.3333333333333333, 0.7333333333333333, 0.9019607843137254, 0.75, 0.9090909090909091, 1.0, 0.0, 0.5328940885612764, 0.4927316229027438, 0.4927316229027438, 0.0, 0.0, 0.0, 0.0, 0.0, 0.0, 0.0, 0.0, 0.0, 0.0, 0.0, 0.0, 0.0, 0.0, 0.0, 0.0, 0.0, 0.0, 0.0, 0.0, 0.0], [0.5664202570915222, 0.5, 0.7666666666666667, 0.9019607843137254, 0.75, 0.9090909090909091, 1.0, 0.0, 0.566420267863446, 0.4920224109327937, 0.4920224109327937, 0.0, 0.0, 0.0, 0.0, 0.0, 0.0, 0.0, 1.0, 0.0, 0.0, 0.0, 0.0, 0.0, 0.0, 0.0, 0.0, 0.0, 0.0, 0.0, 0.0, 0.0], [0.3097485303878784, 0.6666666666666666, 0.8, 0.9019607843137254, 0.75, 0.9090909090909091, 1.0, 0.0, 0.3097485232065959, 0.5617672104433359, 0.5617672104433359, 0.0, 0.0, 0.0, 0.0, 0.0, 1.0, 0.0, 0.0, 1.0, 0.0, 0.0, 0.0, 0.0, 0.0, 0.0, 0.0, 0.0, 0.0, 0.0, 0.0, 0.0], [0.11058773845434189, 0.8333333333333333, 0.8333333333333334, 0.9019607843137254, 0.75, 0.9090909090909091, 1.0, 1.0, 0.11058774051896061, 0.5928370923881071, 0.5928370923881071, 0.0, 0.0, 0.0, 0.0, 0.0, 0.0, 0.0, 0.0, 0.0, 0.0, 0.0, 0.0, 0.0, 0.0, 0.0, 0.0, 0.0, 0.0, 0.0, 0.0, 0.0]]",0.3728752136230469,61.89728546142578,5.0,26.0,47.0,4.0,11.0,4.0,1.0,18.35756492614746,98.41095733642578,98.41095733642578,0.0,0.0,0.0,0.0,0.0,0.0,0.0,0.0,0.0,0.0,0.0,0.0,0.0,0.0,0.0,0.0,0.0,0.0,0.0,0.0,0.0,0.8333333333333333,0.8333333333333334,0.9019607843137254,0.75,0.9090909090909091,1.0,1.0,0.11058774051896061,0.5928370923881071,0.5928370923881071,0.0,0.0,0.0,0.0,0.0,0.0,0.0,0.0,0.0,0.0,0.0,0.0,0.0,0.0,0.0,0.0,0.0,0.0,0.0,0.0,0.0
64,"[[0.7214213609695435, 0.0, 0.6666666666666666, 0.9019607843137254, 0.5, 0.9090909090909091, 1.0, 0.0, 0.721421345170722, 0.5416998346167875, 0.5416998346167875, 0.0, 0.0, 0.0, 0.0, 1.0, 0.0, 0.0, 0.0, 0.0, 0.0, 0.0, 0.0, 0.0, 0.0, 0.0, 0.0, 0.0, 0.0, 0.0, 0.0, 0.0], [0.5915299654006958, 0.16666666666666666, 0.7, 0.9019607843137254, 0.75, 0.9090909090909091, 1.0, 0.0, 0.5915299840720304, 0.4727897184440889, 0.4727897184440889, 0.0, 0.0, 0.0, 0.0, 0.0, 0.0, 0.0, 0.0, 0.0, 0.0, 0.0, 0.0, 0.0, 0.0, 0.0, 0.0, 0.0, 0.0, 0.0, 0.0, 0.0], [0.5328940749168396, 0.3333333333333333, 0.7333333333333333, 0.9019607843137254, 0.75, 0.9090909090909091, 1.0, 0.0, 0.5328940885612764, 0.4927316229027438, 0.4927316229027438, 0.0, 0.0, 0.0, 0.0, 0.0, 0.0, 0.0, 0.0, 0.0, 0.0, 0.0, 0.0, 0.0, 0.0, 0.0, 0.0, 0.0, 0.0, 0.0, 0.0, 0.0], [0.5664202570915222, 0.5, 0.7666666666666667, 0.9019607843137254, 0.75, 0.9090909090909091, 1.0, 0.0, 0.566420267863446, 0.4920224109327937, 0.4920224109327937, 0.0, 0.0, 0.0, 0.0, 0.0, 0.0, 0.0, 1.0, 0.0, 0.0, 0.0, 0.0, 0.0, 0.0, 0.0, 0.0, 0.0, 0.0, 0.0, 0.0, 0.0], [0.3097485303878784, 0.6666666666666666, 0.8, 0.9019607843137254, 0.75, 0.9090909090909091, 1.0, 0.0, 0.3097485232065959, 0.5617672104433359, 0.5617672104433359, 0.0, 0.0, 0.0, 0.0, 0.0, 1.0, 0.0, 0.0, 1.0, 0.0, 0.0, 0.0, 0.0, 0.0, 0.0, 0.0, 0.0, 0.0, 0.0, 0.0, 0.0], [0.11058773845434189, 0.8333333333333333, 0.8333333333333334, 0.9019607843137254, 0.75, 0.9090909090909091, 1.0, 1.0, 0.11058774051896061, 0.5928370923881071, 0.5928370923881071, 0.0, 0.0, 0.0, 0.0, 0.0, 0.0, 0.0, 0.0, 0.0, 0.0, 0.0, 0.0, 0.0, 0.0, 0.0, 0.0, 0.0, 0.0, 0.0, 0.0, 0.0], [0.3728752136230469, 1.0, 0.8666666666666667, 0.9019607843137254, 0.75, 0.9090909090909091, 1.0, 1.0, 0.3728752136230469, 0.721421345170722, 0.721421345170722, 0.0, 0.0, 0.0, 0.0, 0.0, 0.0, 0.0, 0.0, 0.0, 0.0, 0.0, 0.0, 0.0, 0.0, 0.0, 0.0, 0.0, 0.0, 0.0, 0.0, 0.0]]",0.6296565532684326,104.52298784255981,6.0,27.0,47.0,4.0,11.0,4.0,1.0,61.89728546142578,119.75594329833984,119.75594329833984,0.0,0.0,0.0,0.0,0.0,0.0,0.0,0.0,0.0,0.0,0.0,0.0,0.0,0.0,0.0,0.0,0.0,0.0,0.0,0.0,0.0,1.0,0.8666666666666667,0.9019607843137254,0.75,0.9090909090909091,1.0,1.0,0.3728752136230469,0.721421345170722,0.721421345170722,0.0,0.0,0.0,0.0,0.0,0.0,0.0,0.0,0.0,0.0,0.0,0.0,0.0,0.0,0.0,0.0,0.0,0.0,0.0,0.0,0.0
65,"[[0.5915299654006958, 0.16666666666666666, 0.7, 0.9019607843137254, 0.75, 0.9090909090909091, 1.0, 0.0, 0.5915299840720304, 0.4727897184440889, 0.4727897184440889, 0.0, 0.0, 0.0, 0.0, 0.0, 0.0, 0.0, 0.0, 0.0, 0.0, 0.0, 0.0, 0.0, 0.0, 0.0, 0.0, 0.0, 0.0, 0.0, 0.0, 0.0], [0.5328940749168396, 0.3333333333333333, 0.7333333333333333, 0.9019607843137254, 0.75, 0.9090909090909091, 1.0, 0.0, 0.5328940885612764, 0.4927316229027438, 0.4927316229027438, 0.0, 0.0, 0.0, 0.0, 0.0, 0.0, 0.0, 0.0, 0.0, 0.0, 0.0, 0.0, 0.0, 0.0, 0.0, 0.0, 0.0, 0.0, 0.0, 0.0, 0.0], [0.5664202570915222, 0.5, 0.7666666666666667, 0.9019607843137254, 0.75, 0.9090909090909091, 1.0, 0.0, 0.566420267863446, 0.4920224109327937, 0.4920224109327937, 0.0, 0.0, 0.0, 0.0, 0.0, 0.0, 0.0, 1.0, 0.0, 0.0, 0.0, 0.0, 0.0, 0.0, 0.0, 0.0, 0.0, 0.0, 0.0, 0.0, 0.0], [0.3097485303878784, 0.6666666666666666, 0.8, 0.9019607843137254, 0.75, 0.9090909090909091, 1.0, 0.0, 0.3097485232065959, 0.5617672104433359, 0.5617672104433359, 0.0, 0.0, 0.0, 0.0, 0.0, 1.0, 0.0, 0.0, 1.0, 0.0, 0.0, 0.0, 0.0, 0.0, 0.0, 0.0, 0.0, 0.0, 0.0, 0.0, 0.0], [0.11058773845434189, 0.8333333333333333, 0.8333333333333334, 0.9019607843137254, 0.75, 0.9090909090909091, 1.0, 1.0, 0.11058774051896061, 0.5928370923881071, 0.5928370923881071, 0.0, 0.0, 0.0, 0.0, 0.0, 0.0, 0.0, 0.0, 0.0, 0.0, 0.0, 0.0, 0.0, 0.0, 0.0, 0.0, 0.0, 0.0, 0.0, 0.0, 0.0], [0.3728752136230469, 1.0, 0.8666666666666667, 0.9019607843137254, 0.75, 0.9090909090909091, 1.0, 1.0, 0.3728752136230469, 0.721421345170722, 0.721421345170722, 0.0, 0.0, 0.0, 0.0, 0.0, 0.0, 0.0, 0.0, 0.0, 0.0, 0.0, 0.0, 0.0, 0.0, 0.0, 0.0, 0.0, 0.0, 0.0, 0.0, 0.0], [0.6296565532684326, 0.0, 0.9, 0.9215686274509803, 0.75, 0.9090909090909091, 1.0, 0.0, 0.6296565503959196, 0.5915299840720304, 0.5915299840720304, 0.0, 0.0, 0.0, 0.0, 1.0, 0.0, 0.0, 0.0, 0.0, 0.0, 0.0, 0.0, 0.0, 0.0, 0.0, 0.0, 0.0, 0.0, 0.0, 0.0, 0.0]]",0.5708105564117432,94.75455236434937,0.0,28.0,48.0,4.0,11.0,4.0,0.0,104.52298736572266,98.19397735595705,98.19397735595705,0.0,0.0,0.0,0.0,1.0,0.0,0.0,0.0,0.0,0.0,0.0,0.0,0.0,0.0,0.0,0.0,0.0,0.0,0.0,0.0,0.0,0.0,0.9,0.9215686274509803,0.75,0.9090909090909091,1.0,0.0,0.6296565503959196,0.5915299840720304,0.5915299840720304,0.0,0.0,0.0,0.0,1.0,0.0,0.0,0.0,0.0,0.0,0.0,0.0,0.0,0.0,0.0,0.0,0.0,0.0,0.0,0.0,0.0
66,"[[0.5328940749168396, 0.3333333333333333, 0.7333333333333333, 0.9019607843137254, 0.75, 0.9090909090909091, 1.0, 0.0, 0.5328940885612764, 0.4927316229027438, 0.4927316229027438, 0.0, 0.0, 0.0, 0.0, 0.0, 0.0, 0.0, 0.0, 0.0, 0.0, 0.0, 0.0, 0.0, 0.0, 0.0, 0.0, 0.0, 0.0, 0.0, 0.0, 0.0], [0.5664202570915222, 0.5, 0.7666666666666667, 0.9019607843137254, 0.75, 0.9090909090909091, 1.0, 0.0, 0.566420267863446, 0.4920224109327937, 0.4920224109327937, 0.0, 0.0, 0.0, 0.0, 0.0, 0.0, 0.0, 1.0, 0.0, 0.0, 0.0, 0.0, 0.0, 0.0, 0.0, 0.0, 0.0, 0.0, 0.0, 0.0, 0.0], [0.3097485303878784, 0.6666666666666666, 0.8, 0.9019607843137254, 0.75, 0.9090909090909091, 1.0, 0.0, 0.3097485232065959, 0.5617672104433359, 0.5617672104433359, 0.0, 0.0, 0.0, 0.0, 0.0, 1.0, 0.0, 0.0, 1.0, 0.0, 0.0, 0.0, 0.0, 0.0, 0.0, 0.0, 0.0, 0.0, 0.0, 0.0, 0.0], [0.11058773845434189, 0.8333333333333333, 0.8333333333333334, 0.9019607843137254, 0.75, 0.9090909090909091, 1.0, 1.0, 0.11058774051896061, 0.5928370923881071, 0.5928370923881071, 0.0, 0.0, 0.0, 0.0, 0.0, 0.0, 0.0, 0.0, 0.0, 0.0, 0.0, 0.0, 0.0, 0.0, 0.0, 0.0, 0.0, 0.0, 0.0, 0.0, 0.0], [0.3728752136230469, 1.0, 0.8666666666666667, 0.9019607843137254, 0.75, 0.9090909090909091, 1.0, 1.0, 0.3728752136230469, 0.721421345170722, 0.721421345170722, 0.0, 0.0, 0.0, 0.0, 0.0, 0.0, 0.0, 0.0, 0.0, 0.0, 0.0, 0.0, 0.0, 0.0, 0.0, 0.0, 0.0, 0.0, 0.0, 0.0, 0.0], [0.6296565532684326, 0.0, 0.9, 0.9215686274509803, 0.75, 0.9090909090909091, 1.0, 0.0, 0.6296565503959196, 0.5915299840720304, 0.5915299840720304, 0.0, 0.0, 0.0, 0.0, 1.0, 0.0, 0.0, 0.0, 0.0, 0.0, 0.0, 0.0, 0.0, 0.0, 0.0, 0.0, 0.0, 0.0, 0.0, 0.0, 0.0], [0.5708105564117432, 0.16666666666666666, 0.9333333333333333, 0.9215686274509803, 1.0, 0.9090909090909091, 1.0, 0.0, 0.5708105707743082, 0.5328940885612764, 0.5328940885612764, 0.0, 0.0, 0.0, 0.0, 0.0, 0.0, 0.0, 0.0, 0.0, 0.0, 0.0, 0.0, 0.0, 0.0, 0.0, 0.0, 0.0, 0.0, 0.0, 0.0, 0.0]]",0.48188450932502747,79.99282854795456,1.0,29.0,48.0,5.0,11.0,4.0,0.0,94.75455474853516,88.46041870117188,88.46041870117188,0.0,0.0,0.0,0.0,0.0,0.0,0.0,0.0,0.0,0.0,0.0,0.0,0.0,0.0,0.0,0.0,0.0,0.0,0.0,0.0,0.0,0.16666666666666666,0.9333333333333333,0.9215686274509803,1.0,0.9090909090909091,1.0,0.0,0.5708105707743082,0.5328940885612764,0.5328940885612764,0.0,0.0,0.0,0.0,0.0,0.0,0.0,0.0,0.0,0.0,0.0,0.0,0.0,0.0,0.0,0.0,0.0,0.0,0.0,0.0,0.0
67,"[[0.5664202570915222, 0.5, 0.7666666666666667, 0.9019607843137254, 0.75, 0.9090909090909091, 1.0, 0.0, 0.566420267863446, 0.4920224109327937, 0.4920224109327937, 0.0, 0.0, 0.0, 0.0, 0.0, 0.0, 0.0, 1.0, 0.0, 0.0, 0.0, 0.0, 0.0, 0.0, 0.0, 0.0, 0.0, 0.0, 0.0, 0.0, 0.0], [0.3097485303878784, 0.6666666666666666, 0.8, 0.9019607843137254, 0.75, 0.9090909090909091, 1.0, 0.0, 0.3097485232065959, 0.5617672104433359, 0.5617672104433359, 0.0, 0.0, 0.0, 0.0, 0.0, 1.0, 0.0, 0.0, 1.0, 0.0, 0.0, 0.0, 0.0, 0.0, 0.0, 0.0, 0.0, 0.0, 0.0, 0.0, 0.0], [0.11058773845434189, 0.8333333333333333, 0.8333333333333334, 0.9019607843137254, 0.75, 0.9090909090909091, 1.0, 1.0, 0.11058774051896061, 0.5928370923881071, 0.5928370923881071, 0.0, 0.0, 0.0, 0.0, 0.0, 0.0, 0.0, 0.0, 0.0, 0.0, 0.0, 0.0, 0.0, 0.0, 0.0, 0.0, 0.0, 0.0, 0.0, 0.0, 0.0], [0.3728752136230469, 1.0, 0.8666666666666667, 0.9019607843137254, 0.75, 0.9090909090909091, 1.0, 1.0, 0.3728752136230469, 0.721421345170722, 0.721421345170722, 0.0, 0.0, 0.0, 0.0, 0.0, 0.0, 0.0, 0.0, 0.0, 0.0, 0.0, 0.0, 0.0, 0.0, 0.0, 0.0, 0.0, 0.0, 0.0, 0.0, 0.0], [0.6296565532684326, 0.0, 0.9, 0.9215686274509803, 0.75, 0.9090909090909091, 1.0, 0.0, 0.6296565503959196, 0.5915299840720304, 0.5915299840720304, 0.0, 0.0, 0.0, 0.0, 1.0, 0.0, 0.0, 0.0, 0.0, 0.0, 0.0, 0.0, 0.0, 0.0, 0.0, 0.0, 0.0, 0.0, 0.0, 0.0, 0.0], [0.5708105564117432, 0.16666666666666666, 0.9333333333333333, 0.9215686274509803, 1.0, 0.9090909090909091, 1.0, 0.0, 0.5708105707743082, 0.5328940885612764, 0.5328940885612764, 0.0, 0.0, 0.0, 0.0, 0.0, 0.0, 0.0, 0.0, 0.0, 0.0, 0.0, 0.0, 0.0, 0.0, 0.0, 0.0, 0.0, 0.0, 0.0, 0.0, 0.0], [0.48188450932502747, 0.3333333333333333, 0.9666666666666667, 0.9215686274509803, 1.0, 0.9090909090909091, 1.0, 0.0, 0.48188450824783513, 0.566420267863446, 0.566420267863446, 0.0, 1.0, 0.0, 0.0, 0.0, 0.0, 0.0, 0.0, 0.0, 0.0, 0.0, 0.0, 0.0, 0.0, 0.0, 0.0, 0.0, 0.0, 0.0, 0.0, 0.0]]",0.4824196696281433,80.08166515827179,2.0,30.0,48.0,5.0,11.0,4.0,0.0,79.99282836914062,94.02576446533203,94.02576446533203,0.0,1.0,0.0,0.0,0.0,0.0,0.0,0.0,0.0,0.0,0.0,0.0,0.0,0.0,0.0,0.0,0.0,0.0,0.0,0.0,0.0,0.3333333333333333,0.9666666666666667,0.9215686274509803,1.0,0.9090909090909091,1.0,0.0,0.48188450824783513,0.566420267863446,0.566420267863446,0.0,1.0,0.0,0.0,0.0,0.0,0.0,0.0,0.0,0.0,0.0,0.0,0.0,0.0,0.0,0.0,0.0,0.0,0.0,0.0,0.0
68,"[[0.3097485303878784, 0.6666666666666666, 0.8, 0.9019607843137254, 0.75, 0.9090909090909091, 1.0, 0.0, 0.3097485232065959, 0.5617672104433359, 0.5617672104433359, 0.0, 0.0, 0.0, 0.0, 0.0, 1.0, 0.0, 0.0, 1.0, 0.0, 0.0, 0.0, 0.0, 0.0, 0.0, 0.0, 0.0, 0.0, 0.0, 0.0, 0.0], [0.11058773845434189, 0.8333333333333333, 0.8333333333333334, 0.9019607843137254, 0.75, 0.9090909090909091, 1.0, 1.0, 0.11058774051896061, 0.5928370923881071, 0.5928370923881071, 0.0, 0.0, 0.0, 0.0, 0.0, 0.0, 0.0, 0.0, 0.0, 0.0, 0.0, 0.0, 0.0, 0.0, 0.0, 0.0, 0.0, 0.0, 0.0, 0.0, 0.0], [0.3728752136230469, 1.0, 0.8666666666666667, 0.9019607843137254, 0.75, 0.9090909090909091, 1.0, 1.0, 0.3728752136230469, 0.721421345170722, 0.721421345170722, 0.0, 0.0, 0.0, 0.0, 0.0, 0.0, 0.0, 0.0, 0.0, 0.0, 0.0, 0.0, 0.0, 0.0, 0.0, 0.0, 0.0, 0.0, 0.0, 0.0, 0.0], [0.6296565532684326, 0.0, 0.9, 0.9215686274509803, 0.75, 0.9090909090909091, 1.0, 0.0, 0.6296565503959196, 0.5915299840720304, 0.5915299840720304, 0.0, 0.0, 0.0, 0.0, 1.0, 0.0, 0.0, 0.0, 0.0, 0.0, 0.0, 0.0, 0.0, 0.0, 0.0, 0.0, 0.0, 0.0, 0.0, 0.0, 0.0], [0.5708105564117432, 0.16666666666666666, 0.9333333333333333, 0.9215686274509803, 1.0, 0.9090909090909091, 1.0, 0.0, 0.5708105707743082, 0.5328940885612764, 0.5328940885612764, 0.0, 0.0, 0.0, 0.0, 0.0, 0.0, 0.0, 0.0, 0.0, 0.0, 0.0, 0.0, 0.0, 0.0, 0.0, 0.0, 0.0, 0.0, 0.0, 0.0, 0.0], [0.48188450932502747, 0.3333333333333333, 0.9666666666666667, 0.9215686274509803, 1.0, 0.9090909090909091, 1.0, 0.0, 0.48188450824783513, 0.566420267863446, 0.566420267863446, 0.0, 1.0, 0.0, 0.0, 0.0, 0.0, 0.0, 0.0, 0.0, 0.0, 0.0, 0.0, 0.0, 0.0, 0.0, 0.0, 0.0, 0.0, 0.0, 0.0, 0.0], [0.4824196696281433, 0.5, 0.0, 0.9215686274509803, 0.0, 0.9999999999999999, 1.0, 0.0, 0.4824196689100151, 0.3097485232065959, 0.3097485232065959, 1.0, 0.0, 0.0, 0.0, 0.0, 0.0, 0.0, 0.0, 0.0, 0.0, 0.0, 0.0, 0.0, 0.0, 0.0, 0.0, 0.0, 0.0, 0.0, 0.0, 0.0]]",0.5181184411048889,86.00766122341156,3.0,1.0,48.0,1.0,11.999999999999998,4.0,0.0,80.0816650390625,51.418254852294915,51.418254852294915,1.0,0.0,0.0,0.0,0.0,0.0,0.0,0.0,0.0,0.0,0.0,0.0,0.0,0.0,0.0,0.0,0.0,0.0,0.0,0.0,0.0,0.5,0.0,0.9215686274509803,0.0,0.9999999999999999,1.0,0.0,0.4824196689100151,0.3097485232065959,0.3097485232065959,1.0,0.0,0.0,0.0,0.0,0.0,0.0,0.0,0.0,0.0,0.0,0.0,0.0,0.0,0.0,0.0,0.0,0.0,0.0,0.0,0.0
69,"[[0.11058773845434189, 0.8333333333333333, 0.8333333333333334, 0.9019607843137254, 0.75, 0.9090909090909091, 1.0, 1.0, 0.11058774051896061, 0.5928370923881071, 0.5928370923881071, 0.0, 0.0, 0.0, 0.0, 0.0, 0.0, 0.0, 0.0, 0.0, 0.0, 0.0, 0.0, 0.0, 0.0, 0.0, 0.0, 0.0, 0.0, 0.0, 0.0, 0.0], [0.3728752136230469, 1.0, 0.8666666666666667, 0.9019607843137254, 0.75, 0.9090909090909091, 1.0, 1.0, 0.3728752136230469, 0.721421345170722, 0.721421345170722, 0.0, 0.0, 0.0, 0.0, 0.0, 0.0, 0.0, 0.0, 0.0, 0.0, 0.0, 0.0, 0.0, 0.0, 0.0, 0.0, 0.0, 0.0, 0.0, 0.0, 0.0], [0.6296565532684326, 0.0, 0.9, 0.9215686274509803, 0.75, 0.9090909090909091, 1.0, 0.0, 0.6296565503959196, 0.5915299840720304, 0.5915299840720304, 0.0, 0.0, 0.0, 0.0, 1.0, 0.0, 0.0, 0.0, 0.0, 0.0, 0.0, 0.0, 0.0, 0.0, 0.0, 0.0, 0.0, 0.0, 0.0, 0.0, 0.0], [0.5708105564117432, 0.16666666666666666, 0.9333333333333333, 0.9215686274509803, 1.0, 0.9090909090909091, 1.0, 0.0, 0.5708105707743082, 0.5328940885612764, 0.5328940885612764, 0.0, 0.0, 0.0, 0.0, 0.0, 0.0, 0.0, 0.0, 0.0, 0.0, 0.0, 0.0, 0.0, 0.0, 0.0, 0.0, 0.0, 0.0, 0.0, 0.0, 0.0], [0.48188450932502747, 0.3333333333333333, 0.9666666666666667, 0.9215686274509803, 1.0, 0.9090909090909091, 1.0, 0.0, 0.48188450824783513, 0.566420267863446, 0.566420267863446, 0.0, 1.0, 0.0, 0.0, 0.0, 0.0, 0.0, 0.0, 0.0, 0.0, 0.0, 0.0, 0.0, 0.0, 0.0, 0.0, 0.0, 0.0, 0.0, 0.0, 0.0], [0.4824196696281433, 0.5, 0.0, 0.9215686274509803, 0.0, 0.9999999999999999, 1.0, 0.0, 0.4824196689100151, 0.3097485232065959, 0.3097485232065959, 1.0, 0.0, 0.0, 0.0, 0.0, 0.0, 0.0, 0.0, 0.0, 0.0, 0.0, 0.0, 0.0, 0.0, 0.0, 0.0, 0.0, 0.0, 0.0, 0.0, 0.0], [0.5181184411048889, 0.6666666666666666, 0.03333333333333333, 0.9215686274509803, 0.0, 0.9999999999999999, 1.0, 0.0, 0.5181184332054782, 0.11058774051896061, 0.11058774051896061, 0.0, 0.0, 0.0, 0.0, 0.0, 1.0, 0.0, 0.0, 0.0, 0.0, 0.0, 0.0, 0.0, 0.0, 0.0, 0.0, 0.0, 0.0, 0.0, 0.0, 0.0]]",0.6195512413978577,102.84550607204437,4.0,2.0,48.0,1.0,11.999999999999998,4.0,0.0,86.00765991210939,18.35756492614746,18.35756492614746,0.0,0.0,0.0,0.0,0.0,1.0,0.0,0.0,0.0,0.0,0.0,0.0,0.0,0.0,0.0,0.0,0.0,0.0,0.0,0.0,0.0,0.6666666666666666,0.03333333333333333,0.9215686274509803,0.0,0.9999999999999999,1.0,0.0,0.5181184332054782,0.11058774051896061,0.11058774051896061,0.0,0.0,0.0,0.0,0.0,1.0,0.0,0.0,0.0,0.0,0.0,0.0,0.0,0.0,0.0,0.0,0.0,0.0,0.0,0.0,0.0
70,"[[0.3728752136230469, 1.0, 0.8666666666666667, 0.9019607843137254, 0.75, 0.9090909090909091, 1.0, 1.0, 0.3728752136230469, 0.721421345170722, 0.721421345170722, 0.0, 0.0, 0.0, 0.0, 0.0, 0.0, 0.0, 0.0, 0.0, 0.0, 0.0, 0.0, 0.0, 0.0, 0.0, 0.0, 0.0, 0.0, 0.0, 0.0, 0.0], [0.6296565532684326, 0.0, 0.9, 0.9215686274509803, 0.75, 0.9090909090909091, 1.0, 0.0, 0.6296565503959196, 0.5915299840720304, 0.5915299840720304, 0.0, 0.0, 0.0, 0.0, 1.0, 0.0, 0.0, 0.0, 0.0, 0.0, 0.0, 0.0, 0.0, 0.0, 0.0, 0.0, 0.0, 0.0, 0.0, 0.0, 0.0], [0.5708105564117432, 0.16666666666666666, 0.9333333333333333, 0.9215686274509803, 1.0, 0.9090909090909091, 1.0, 0.0, 0.5708105707743082, 0.5328940885612764, 0.5328940885612764, 0.0, 0.0, 0.0, 0.0, 0.0, 0.0, 0.0, 0.0, 0.0, 0.0, 0.0, 0.0, 0.0, 0.0, 0.0, 0.0, 0.0, 0.0, 0.0, 0.0, 0.0], [0.48188450932502747, 0.3333333333333333, 0.9666666666666667, 0.9215686274509803, 1.0, 0.9090909090909091, 1.0, 0.0, 0.48188450824783513, 0.566420267863446, 0.566420267863446, 0.0, 1.0, 0.0, 0.0, 0.0, 0.0, 0.0, 0.0, 0.0, 0.0, 0.0, 0.0, 0.0, 0.0, 0.0, 0.0, 0.0, 0.0, 0.0, 0.0, 0.0], [0.4824196696281433, 0.5, 0.0, 0.9215686274509803, 0.0, 0.9999999999999999, 1.0, 0.0, 0.4824196689100151, 0.3097485232065959, 0.3097485232065959, 1.0, 0.0, 0.0, 0.0, 0.0, 0.0, 0.0, 0.0, 0.0, 0.0, 0.0, 0.0, 0.0, 0.0, 0.0, 0.0, 0.0, 0.0, 0.0, 0.0, 0.0], [0.5181184411048889, 0.6666666666666666, 0.03333333333333333, 0.9215686274509803, 0.0, 0.9999999999999999, 1.0, 0.0, 0.5181184332054782, 0.11058774051896061, 0.11058774051896061, 0.0, 0.0, 0.0, 0.0, 0.0, 1.0, 0.0, 0.0, 0.0, 0.0, 0.0, 0.0, 0.0, 0.0, 0.0, 0.0, 0.0, 0.0, 0.0, 0.0, 0.0], [0.6195512413978577, 0.8333333333333333, 0.06666666666666668, 0.9215686274509803, 0.0, 0.9999999999999999, 1.0, 1.0, 0.619551233498447, 0.3728752136230469, 0.3728752136230469, 0.0, 0.0, 0.0, 0.0, 0.0, 0.0, 0.0, 0.0, 0.0, 0.0, 0.0, 0.0, 0.0, 0.0, 0.0, 0.0, 0.0, 0.0, 0.0, 0.0, 0.0]]",0.5763753056526184,95.67830073833466,5.0,3.0,48.0,1.0,11.999999999999998,4.0,1.0,102.84550476074219,61.89728546142578,61.89728546142578,0.0,0.0,0.0,0.0,0.0,0.0,0.0,0.0,0.0,0.0,0.0,0.0,0.0,0.0,0.0,0.0,0.0,0.0,0.0,0.0,0.0,0.8333333333333333,0.06666666666666668,0.9215686274509803,0.0,0.9999999999999999,1.0,1.0,0.619551233498447,0.3728752136230469,0.3728752136230469,0.0,0.0,0.0,0.0,0.0,0.0,0.0,0.0,0.0,0.0,0.0,0.0,0.0,0.0,0.0,0.0,0.0,0.0,0.0,0.0,0.0
71,"[[0.6296565532684326, 0.0, 0.9, 0.9215686274509803, 0.75, 0.9090909090909091, 1.0, 0.0, 0.6296565503959196, 0.5915299840720304, 0.5915299840720304, 0.0, 0.0, 0.0, 0.0, 1.0, 0.0, 0.0, 0.0, 0.0, 0.0, 0.0, 0.0, 0.0, 0.0, 0.0, 0.0, 0.0, 0.0, 0.0, 0.0, 0.0], [0.5708105564117432, 0.16666666666666666, 0.9333333333333333, 0.9215686274509803, 1.0, 0.9090909090909091, 1.0, 0.0, 0.5708105707743082, 0.5328940885612764, 0.5328940885612764, 0.0, 0.0, 0.0, 0.0, 0.0, 0.0, 0.0, 0.0, 0.0, 0.0, 0.0, 0.0, 0.0, 0.0, 0.0, 0.0, 0.0, 0.0, 0.0, 0.0, 0.0], [0.48188450932502747, 0.3333333333333333, 0.9666666666666667, 0.9215686274509803, 1.0, 0.9090909090909091, 1.0, 0.0, 0.48188450824783513, 0.566420267863446, 0.566420267863446, 0.0, 1.0, 0.0, 0.0, 0.0, 0.0, 0.0, 0.0, 0.0, 0.0, 0.0, 0.0, 0.0, 0.0, 0.0, 0.0, 0.0, 0.0, 0.0, 0.0, 0.0], [0.4824196696281433, 0.5, 0.0, 0.9215686274509803, 0.0, 0.9999999999999999, 1.0, 0.0, 0.4824196689100151, 0.3097485232065959, 0.3097485232065959, 1.0, 0.0, 0.0, 0.0, 0.0, 0.0, 0.0, 0.0, 0.0, 0.0, 0.0, 0.0, 0.0, 0.0, 0.0, 0.0, 0.0, 0.0, 0.0, 0.0, 0.0], [0.5181184411048889, 0.6666666666666666, 0.03333333333333333, 0.9215686274509803, 0.0, 0.9999999999999999, 1.0, 0.0, 0.5181184332054782, 0.11058774051896061, 0.11058774051896061, 0.0, 0.0, 0.0, 0.0, 0.0, 1.0, 0.0, 0.0, 0.0, 0.0, 0.0, 0.0, 0.0, 0.0, 0.0, 0.0, 0.0, 0.0, 0.0, 0.0, 0.0], [0.6195512413978577, 0.8333333333333333, 0.06666666666666668, 0.9215686274509803, 0.0, 0.9999999999999999, 1.0, 1.0, 0.619551233498447, 0.3728752136230469, 0.3728752136230469, 0.0, 0.0, 0.0, 0.0, 0.0, 0.0, 0.0, 0.0, 0.0, 0.0, 0.0, 0.0, 0.0, 0.0, 0.0, 0.0, 0.0, 0.0, 0.0, 0.0, 0.0], [0.5763753056526184, 1.0, 0.1, 0.9215686274509803, 0.0, 0.9999999999999999, 1.0, 1.0, 0.5763752948806947, 0.6296565503959196, 0.6296565503959196, 0.0, 0.0, 0.0, 0.0, 0.0, 0.0, 0.0, 0.0, 0.0, 0.0, 0.0, 0.0, 0.0, 0.0, 0.0, 0.0, 0.0, 0.0, 0.0, 0.0, 0.0]]",0.5935143828392029,98.52338755130768,6.0,4.0,48.0,1.0,11.999999999999998,4.0,1.0,95.67829895019531,104.52298736572266,104.52298736572266,0.0,0.0,0.0,0.0,0.0,0.0,0.0,0.0,0.0,0.0,0.0,0.0,0.0,0.0,0.0,0.0,0.0,0.0,0.0,0.0,0.0,1.0,0.1,0.9215686274509803,0.0,0.9999999999999999,1.0,1.0,0.5763752948806947,0.6296565503959196,0.6296565503959196,0.0,0.0,0.0,0.0,0.0,0.0,0.0,0.0,0.0,0.0,0.0,0.0,0.0,0.0,0.0,0.0,0.0,0.0,0.0,0.0,0.0
72,"[[0.5708105564117432, 0.16666666666666666, 0.9333333333333333, 0.9215686274509803, 1.0, 0.9090909090909091, 1.0, 0.0, 0.5708105707743082, 0.5328940885612764, 0.5328940885612764, 0.0, 0.0, 0.0, 0.0, 0.0, 0.0, 0.0, 0.0, 0.0, 0.0, 0.0, 0.0, 0.0, 0.0, 0.0, 0.0, 0.0, 0.0, 0.0, 0.0, 0.0], [0.48188450932502747, 0.3333333333333333, 0.9666666666666667, 0.9215686274509803, 1.0, 0.9090909090909091, 1.0, 0.0, 0.48188450824783513, 0.566420267863446, 0.566420267863446, 0.0, 1.0, 0.0, 0.0, 0.0, 0.0, 0.0, 0.0, 0.0, 0.0, 0.0, 0.0, 0.0, 0.0, 0.0, 0.0, 0.0, 0.0, 0.0, 0.0, 0.0], [0.4824196696281433, 0.5, 0.0, 0.9215686274509803, 0.0, 0.9999999999999999, 1.0, 0.0, 0.4824196689100151, 0.3097485232065959, 0.3097485232065959, 1.0, 0.0, 0.0, 0.0, 0.0, 0.0, 0.0, 0.0, 0.0, 0.0, 0.0, 0.0, 0.0, 0.0, 0.0, 0.0, 0.0, 0.0, 0.0, 0.0, 0.0], [0.5181184411048889, 0.6666666666666666, 0.03333333333333333, 0.9215686274509803, 0.0, 0.9999999999999999, 1.0, 0.0, 0.5181184332054782, 0.11058774051896061, 0.11058774051896061, 0.0, 0.0, 0.0, 0.0, 0.0, 1.0, 0.0, 0.0, 0.0, 0.0, 0.0, 0.0, 0.0, 0.0, 0.0, 0.0, 0.0, 0.0, 0.0, 0.0, 0.0], [0.6195512413978577, 0.8333333333333333, 0.06666666666666668, 0.9215686274509803, 0.0, 0.9999999999999999, 1.0, 1.0, 0.619551233498447, 0.3728752136230469, 0.3728752136230469, 0.0, 0.0, 0.0, 0.0, 0.0, 0.0, 0.0, 0.0, 0.0, 0.0, 0.0, 0.0, 0.0, 0.0, 0.0, 0.0, 0.0, 0.0, 0.0, 0.0, 0.0], [0.5763753056526184, 1.0, 0.1, 0.9215686274509803, 0.0, 0.9999999999999999, 1.0, 1.0, 0.5763752948806947, 0.6296565503959196, 0.6296565503959196, 0.0, 0.0, 0.0, 0.0, 0.0, 0.0, 0.0, 0.0, 0.0, 0.0, 0.0, 0.0, 0.0, 0.0, 0.0, 0.0, 0.0, 0.0, 0.0, 0.0, 0.0], [0.5935143828392029, 0.0, 0.13333333333333333, 0.9411764705882353, 0.0, 0.9999999999999999, 1.0, 0.0, 0.5935143620134836, 0.5708105707743082, 0.5708105707743082, 0.0, 0.0, 0.0, 0.0, 1.0, 0.0, 0.0, 0.0, 0.0, 0.0, 0.0, 0.0, 0.0, 0.0, 0.0, 0.0, 0.0, 0.0, 0.0, 0.0, 0.0]]",0.4838605523109436,80.32085168361664,0.0,5.0,49.0,1.0,11.999999999999998,4.0,0.0,98.52338409423828,94.75455474853516,94.75455474853516,0.0,0.0,0.0,0.0,1.0,0.0,0.0,0.0,0.0,0.0,0.0,0.0,0.0,0.0,0.0,0.0,0.0,0.0,0.0,0.0,0.0,0.0,0.13333333333333333,0.9411764705882353,0.0,0.9999999999999999,1.0,0.0,0.5935143620134836,0.5708105707743082,0.5708105707743082,0.0,0.0,0.0,0.0,1.0,0.0,0.0,0.0,0.0,0.0,0.0,0.0,0.0,0.0,0.0,0.0,0.0,0.0,0.0,0.0,0.0
73,"[[0.48188450932502747, 0.3333333333333333, 0.9666666666666667, 0.9215686274509803, 1.0, 0.9090909090909091, 1.0, 0.0, 0.48188450824783513, 0.566420267863446, 0.566420267863446, 0.0, 1.0, 0.0, 0.0, 0.0, 0.0, 0.0, 0.0, 0.0, 0.0, 0.0, 0.0, 0.0, 0.0, 0.0, 0.0, 0.0, 0.0, 0.0, 0.0, 0.0], [0.4824196696281433, 0.5, 0.0, 0.9215686274509803, 0.0, 0.9999999999999999, 1.0, 0.0, 0.4824196689100151, 0.3097485232065959, 0.3097485232065959, 1.0, 0.0, 0.0, 0.0, 0.0, 0.0, 0.0, 0.0, 0.0, 0.0, 0.0, 0.0, 0.0, 0.0, 0.0, 0.0, 0.0, 0.0, 0.0, 0.0, 0.0], [0.5181184411048889, 0.6666666666666666, 0.03333333333333333, 0.9215686274509803, 0.0, 0.9999999999999999, 1.0, 0.0, 0.5181184332054782, 0.11058774051896061, 0.11058774051896061, 0.0, 0.0, 0.0, 0.0, 0.0, 1.0, 0.0, 0.0, 0.0, 0.0, 0.0, 0.0, 0.0, 0.0, 0.0, 0.0, 0.0, 0.0, 0.0, 0.0, 0.0], [0.6195512413978577, 0.8333333333333333, 0.06666666666666668, 0.9215686274509803, 0.0, 0.9999999999999999, 1.0, 1.0, 0.619551233498447, 0.3728752136230469, 0.3728752136230469, 0.0, 0.0, 0.0, 0.0, 0.0, 0.0, 0.0, 0.0, 0.0, 0.0, 0.0, 0.0, 0.0, 0.0, 0.0, 0.0, 0.0, 0.0, 0.0, 0.0, 0.0], [0.5763753056526184, 1.0, 0.1, 0.9215686274509803, 0.0, 0.9999999999999999, 1.0, 1.0, 0.5763752948806947, 0.6296565503959196, 0.6296565503959196, 0.0, 0.0, 0.0, 0.0, 0.0, 0.0, 0.0, 0.0, 0.0, 0.0, 0.0, 0.0, 0.0, 0.0, 0.0, 0.0, 0.0, 0.0, 0.0, 0.0, 0.0], [0.5935143828392029, 0.0, 0.13333333333333333, 0.9411764705882353, 0.0, 0.9999999999999999, 1.0, 0.0, 0.5935143620134836, 0.5708105707743082, 0.5708105707743082, 0.0, 0.0, 0.0, 0.0, 1.0, 0.0, 0.0, 0.0, 0.0, 0.0, 0.0, 0.0, 0.0, 0.0, 0.0, 0.0, 0.0, 0.0, 0.0, 0.0, 0.0], [0.4838605523109436, 0.16666666666666666, 0.16666666666666669, 0.9411764705882353, 0.0, 0.9999999999999999, 1.0, 0.0, 0.4838605673916369, 0.48188450824783513, 0.48188450824783513, 0.0, 0.0, 0.0, 0.0, 0.0, 0.0, 0.0, 0.0, 0.0, 0.0, 0.0, 0.0, 0.0, 0.0, 0.0, 0.0, 0.0, 0.0, 0.0, 0.0, 0.0]]",0.46013158559799194,76.38184320926666,1.0,6.0,49.0,1.0,11.999999999999998,4.0,0.0,80.32085418701172,79.99282836914062,79.99282836914062,0.0,0.0,0.0,0.0,0.0,0.0,0.0,0.0,0.0,0.0,0.0,0.0,0.0,0.0,0.0,0.0,0.0,0.0,0.0,0.0,0.0,0.16666666666666666,0.16666666666666669,0.9411764705882353,0.0,0.9999999999999999,1.0,0.0,0.4838605673916369,0.48188450824783513,0.48188450824783513,0.0,0.0,0.0,0.0,0.0,0.0,0.0,0.0,0.0,0.0,0.0,0.0,0.0,0.0,0.0,0.0,0.0,0.0,0.0,0.0,0.0
74,"[[0.4824196696281433, 0.5, 0.0, 0.9215686274509803, 0.0, 0.9999999999999999, 1.0, 0.0, 0.4824196689100151, 0.3097485232065959, 0.3097485232065959, 1.0, 0.0, 0.0, 0.0, 0.0, 0.0, 0.0, 0.0, 0.0, 0.0, 0.0, 0.0, 0.0, 0.0, 0.0, 0.0, 0.0, 0.0, 0.0, 0.0, 0.0], [0.5181184411048889, 0.6666666666666666, 0.03333333333333333, 0.9215686274509803, 0.0, 0.9999999999999999, 1.0, 0.0, 0.5181184332054782, 0.11058774051896061, 0.11058774051896061, 0.0, 0.0, 0.0, 0.0, 0.0, 1.0, 0.0, 0.0, 0.0, 0.0, 0.0, 0.0, 0.0, 0.0, 0.0, 0.0, 0.0, 0.0, 0.0, 0.0, 0.0], [0.6195512413978577, 0.8333333333333333, 0.06666666666666668, 0.9215686274509803, 0.0, 0.9999999999999999, 1.0, 1.0, 0.619551233498447, 0.3728752136230469, 0.3728752136230469, 0.0, 0.0, 0.0, 0.0, 0.0, 0.0, 0.0, 0.0, 0.0, 0.0, 0.0, 0.0, 0.0, 0.0, 0.0, 0.0, 0.0, 0.0, 0.0, 0.0, 0.0], [0.5763753056526184, 1.0, 0.1, 0.9215686274509803, 0.0, 0.9999999999999999, 1.0, 1.0, 0.5763752948806947, 0.6296565503959196, 0.6296565503959196, 0.0, 0.0, 0.0, 0.0, 0.0, 0.0, 0.0, 0.0, 0.0, 0.0, 0.0, 0.0, 0.0, 0.0, 0.0, 0.0, 0.0, 0.0, 0.0, 0.0, 0.0], [0.5935143828392029, 0.0, 0.13333333333333333, 0.9411764705882353, 0.0, 0.9999999999999999, 1.0, 0.0, 0.5935143620134836, 0.5708105707743082, 0.5708105707743082, 0.0, 0.0, 0.0, 0.0, 1.0, 0.0, 0.0, 0.0, 0.0, 0.0, 0.0, 0.0, 0.0, 0.0, 0.0, 0.0, 0.0, 0.0, 0.0, 0.0, 0.0], [0.4838605523109436, 0.16666666666666666, 0.16666666666666669, 0.9411764705882353, 0.0, 0.9999999999999999, 1.0, 0.0, 0.4838605673916369, 0.48188450824783513, 0.48188450824783513, 0.0, 0.0, 0.0, 0.0, 0.0, 0.0, 0.0, 0.0, 0.0, 0.0, 0.0, 0.0, 0.0, 0.0, 0.0, 0.0, 0.0, 0.0, 0.0, 0.0, 0.0], [0.46013158559799194, 0.3333333333333333, 0.2, 0.9411764705882353, 0.0, 0.9999999999999999, 1.0, 0.0, 0.4601315877523767, 0.4824196689100151, 0.4824196689100151, 0.0, 0.0, 0.0, 0.0, 0.0, 0.0, 0.0, 0.0, 0.0, 0.0, 0.0, 0.0, 0.0, 0.0, 0.0, 0.0, 0.0, 0.0, 0.0, 0.0, 0.0]]",0.46644869446754456,77.4304832816124,2.0,7.0,49.0,1.0,11.999999999999998,4.0,0.0,76.38184356689453,80.0816650390625,80.0816650390625,0.0,0.0,0.0,0.0,0.0,0.0,0.0,0.0,0.0,0.0,0.0,0.0,0.0,0.0,0.0,0.0,0.0,0.0,0.0,0.0,0.0,0.3333333333333333,0.2,0.9411764705882353,0.0,0.9999999999999999,1.0,0.0,0.4601315877523767,0.4824196689100151,0.4824196689100151,0.0,0.0,0.0,0.0,0.0,0.0,0.0,0.0,0.0,0.0,0.0,0.0,0.0,0.0,0.0,0.0,0.0,0.0,0.0,0.0,0.0
75,"[[0.5181184411048889, 0.6666666666666666, 0.03333333333333333, 0.9215686274509803, 0.0, 0.9999999999999999, 1.0, 0.0, 0.5181184332054782, 0.11058774051896061, 0.11058774051896061, 0.0, 0.0, 0.0, 0.0, 0.0, 1.0, 0.0, 0.0, 0.0, 0.0, 0.0, 0.0, 0.0, 0.0, 0.0, 0.0, 0.0, 0.0, 0.0, 0.0, 0.0], [0.6195512413978577, 0.8333333333333333, 0.06666666666666668, 0.9215686274509803, 0.0, 0.9999999999999999, 1.0, 1.0, 0.619551233498447, 0.3728752136230469, 0.3728752136230469, 0.0, 0.0, 0.0, 0.0, 0.0, 0.0, 0.0, 0.0, 0.0, 0.0, 0.0, 0.0, 0.0, 0.0, 0.0, 0.0, 0.0, 0.0, 0.0, 0.0, 0.0], [0.5763753056526184, 1.0, 0.1, 0.9215686274509803, 0.0, 0.9999999999999999, 1.0, 1.0, 0.5763752948806947, 0.6296565503959196, 0.6296565503959196, 0.0, 0.0, 0.0, 0.0, 0.0, 0.0, 0.0, 0.0, 0.0, 0.0, 0.0, 0.0, 0.0, 0.0, 0.0, 0.0, 0.0, 0.0, 0.0, 0.0, 0.0], [0.5935143828392029, 0.0, 0.13333333333333333, 0.9411764705882353, 0.0, 0.9999999999999999, 1.0, 0.0, 0.5935143620134836, 0.5708105707743082, 0.5708105707743082, 0.0, 0.0, 0.0, 0.0, 1.0, 0.0, 0.0, 0.0, 0.0, 0.0, 0.0, 0.0, 0.0, 0.0, 0.0, 0.0, 0.0, 0.0, 0.0, 0.0, 0.0], [0.4838605523109436, 0.16666666666666666, 0.16666666666666669, 0.9411764705882353, 0.0, 0.9999999999999999, 1.0, 0.0, 0.4838605673916369, 0.48188450824783513, 0.48188450824783513, 0.0, 0.0, 0.0, 0.0, 0.0, 0.0, 0.0, 0.0, 0.0, 0.0, 0.0, 0.0, 0.0, 0.0, 0.0, 0.0, 0.0, 0.0, 0.0, 0.0, 0.0], [0.46013158559799194, 0.3333333333333333, 0.2, 0.9411764705882353, 0.0, 0.9999999999999999, 1.0, 0.0, 0.4601315877523767, 0.4824196689100151, 0.4824196689100151, 0.0, 0.0, 0.0, 0.0, 0.0, 0.0, 0.0, 0.0, 0.0, 0.0, 0.0, 0.0, 0.0, 0.0, 0.0, 0.0, 0.0, 0.0, 0.0, 0.0, 0.0], [0.46644869446754456, 0.5, 0.23333333333333334, 0.9411764705882353, 0.25, 0.9999999999999999, 1.0, 0.0, 0.4664486804640437, 0.5181184332054782, 0.5181184332054782, 0.0, 0.0, 0.0, 0.0, 0.0, 0.0, 0.0, 0.0, 0.0, 0.0, 0.0, 0.0, 0.0, 0.0, 0.0, 0.0, 0.0, 0.0, 0.0, 0.0, 0.0]]",0.4605979025363922,76.45925182104111,3.0,8.0,49.0,2.0,11.999999999999998,4.0,0.0,77.43048095703125,86.00765991210939,86.00765991210939,0.0,0.0,0.0,0.0,0.0,0.0,0.0,0.0,0.0,0.0,0.0,0.0,0.0,0.0,0.0,0.0,0.0,0.0,0.0,0.0,0.0,0.5,0.23333333333333334,0.9411764705882353,0.25,0.9999999999999999,1.0,0.0,0.4664486804640437,0.5181184332054782,0.5181184332054782,0.0,0.0,0.0,0.0,0.0,0.0,0.0,0.0,0.0,0.0,0.0,0.0,0.0,0.0,0.0,0.0,0.0,0.0,0.0,0.0,0.0
76,"[[0.6195512413978577, 0.8333333333333333, 0.06666666666666668, 0.9215686274509803, 0.0, 0.9999999999999999, 1.0, 1.0, 0.619551233498447, 0.3728752136230469, 0.3728752136230469, 0.0, 0.0, 0.0, 0.0, 0.0, 0.0, 0.0, 0.0, 0.0, 0.0, 0.0, 0.0, 0.0, 0.0, 0.0, 0.0, 0.0, 0.0, 0.0, 0.0, 0.0], [0.5763753056526184, 1.0, 0.1, 0.9215686274509803, 0.0, 0.9999999999999999, 1.0, 1.0, 0.5763752948806947, 0.6296565503959196, 0.6296565503959196, 0.0, 0.0, 0.0, 0.0, 0.0, 0.0, 0.0, 0.0, 0.0, 0.0, 0.0, 0.0, 0.0, 0.0, 0.0, 0.0, 0.0, 0.0, 0.0, 0.0, 0.0], [0.5935143828392029, 0.0, 0.13333333333333333, 0.9411764705882353, 0.0, 0.9999999999999999, 1.0, 0.0, 0.5935143620134836, 0.5708105707743082, 0.5708105707743082, 0.0, 0.0, 0.0, 0.0, 1.0, 0.0, 0.0, 0.0, 0.0, 0.0, 0.0, 0.0, 0.0, 0.0, 0.0, 0.0, 0.0, 0.0, 0.0, 0.0, 0.0], [0.4838605523109436, 0.16666666666666666, 0.16666666666666669, 0.9411764705882353, 0.0, 0.9999999999999999, 1.0, 0.0, 0.4838605673916369, 0.48188450824783513, 0.48188450824783513, 0.0, 0.0, 0.0, 0.0, 0.0, 0.0, 0.0, 0.0, 0.0, 0.0, 0.0, 0.0, 0.0, 0.0, 0.0, 0.0, 0.0, 0.0, 0.0, 0.0, 0.0], [0.46013158559799194, 0.3333333333333333, 0.2, 0.9411764705882353, 0.0, 0.9999999999999999, 1.0, 0.0, 0.4601315877523767, 0.4824196689100151, 0.4824196689100151, 0.0, 0.0, 0.0, 0.0, 0.0, 0.0, 0.0, 0.0, 0.0, 0.0, 0.0, 0.0, 0.0, 0.0, 0.0, 0.0, 0.0, 0.0, 0.0, 0.0, 0.0], [0.46644869446754456, 0.5, 0.23333333333333334, 0.9411764705882353, 0.25, 0.9999999999999999, 1.0, 0.0, 0.4664486804640437, 0.5181184332054782, 0.5181184332054782, 0.0, 0.0, 0.0, 0.0, 0.0, 0.0, 0.0, 0.0, 0.0, 0.0, 0.0, 0.0, 0.0, 0.0, 0.0, 0.0, 0.0, 0.0, 0.0, 0.0, 0.0], [0.4605979025363922, 0.6666666666666666, 0.26666666666666666, 0.9411764705882353, 0.25, 0.9999999999999999, 1.0, 0.0, 0.4605979000229434, 0.619551233498447, 0.619551233498447, 0.0, 0.0, 0.0, 0.0, 0.0, 1.0, 0.0, 0.0, 0.0, 0.0, 0.0, 0.0, 0.0, 0.0, 0.0, 0.0, 0.0, 0.0, 0.0, 0.0, 0.0]]",0.5365331172943115,89.06449747085571,4.0,9.0,49.0,2.0,11.999999999999998,4.0,0.0,76.4592514038086,102.84550476074219,102.84550476074219,0.0,0.0,0.0,0.0,0.0,1.0,0.0,0.0,0.0,0.0,0.0,0.0,0.0,0.0,0.0,0.0,0.0,0.0,0.0,0.0,0.0,0.6666666666666666,0.26666666666666666,0.9411764705882353,0.25,0.9999999999999999,1.0,0.0,0.4605979000229434,0.619551233498447,0.619551233498447,0.0,0.0,0.0,0.0,0.0,1.0,0.0,0.0,0.0,0.0,0.0,0.0,0.0,0.0,0.0,0.0,0.0,0.0,0.0,0.0,0.0
77,"[[0.5763753056526184, 1.0, 0.1, 0.9215686274509803, 0.0, 0.9999999999999999, 1.0, 1.0, 0.5763752948806947, 0.6296565503959196, 0.6296565503959196, 0.0, 0.0, 0.0, 0.0, 0.0, 0.0, 0.0, 0.0, 0.0, 0.0, 0.0, 0.0, 0.0, 0.0, 0.0, 0.0, 0.0, 0.0, 0.0, 0.0, 0.0], [0.5935143828392029, 0.0, 0.13333333333333333, 0.9411764705882353, 0.0, 0.9999999999999999, 1.0, 0.0, 0.5935143620134836, 0.5708105707743082, 0.5708105707743082, 0.0, 0.0, 0.0, 0.0, 1.0, 0.0, 0.0, 0.0, 0.0, 0.0, 0.0, 0.0, 0.0, 0.0, 0.0, 0.0, 0.0, 0.0, 0.0, 0.0, 0.0], [0.4838605523109436, 0.16666666666666666, 0.16666666666666669, 0.9411764705882353, 0.0, 0.9999999999999999, 1.0, 0.0, 0.4838605673916369, 0.48188450824783513, 0.48188450824783513, 0.0, 0.0, 0.0, 0.0, 0.0, 0.0, 0.0, 0.0, 0.0, 0.0, 0.0, 0.0, 0.0, 0.0, 0.0, 0.0, 0.0, 0.0, 0.0, 0.0, 0.0], [0.46013158559799194, 0.3333333333333333, 0.2, 0.9411764705882353, 0.0, 0.9999999999999999, 1.0, 0.0, 0.4601315877523767, 0.4824196689100151, 0.4824196689100151, 0.0, 0.0, 0.0, 0.0, 0.0, 0.0, 0.0, 0.0, 0.0, 0.0, 0.0, 0.0, 0.0, 0.0, 0.0, 0.0, 0.0, 0.0, 0.0, 0.0, 0.0], [0.46644869446754456, 0.5, 0.23333333333333334, 0.9411764705882353, 0.25, 0.9999999999999999, 1.0, 0.0, 0.4664486804640437, 0.5181184332054782, 0.5181184332054782, 0.0, 0.0, 0.0, 0.0, 0.0, 0.0, 0.0, 0.0, 0.0, 0.0, 0.0, 0.0, 0.0, 0.0, 0.0, 0.0, 0.0, 0.0, 0.0, 0.0, 0.0], [0.4605979025363922, 0.6666666666666666, 0.26666666666666666, 0.9411764705882353, 0.25, 0.9999999999999999, 1.0, 0.0, 0.4605979000229434, 0.619551233498447, 0.619551233498447, 0.0, 0.0, 0.0, 0.0, 0.0, 1.0, 0.0, 0.0, 0.0, 0.0, 0.0, 0.0, 0.0, 0.0, 0.0, 0.0, 0.0, 0.0, 0.0, 0.0, 0.0], [0.5365331172943115, 0.8333333333333333, 0.3, 0.9411764705882353, 0.25, 0.9999999999999999, 1.0, 1.0, 0.5365331259118505, 0.5763752948806947, 0.5763752948806947, 0.0, 0.0, 0.0, 0.0, 0.0, 0.0, 0.0, 0.0, 0.0, 0.0, 0.0, 0.0, 0.0, 0.0, 0.0, 0.0, 0.0, 0.0, 0.0, 0.0, 0.0]]",0.5758892297744751,95.59761214256287,5.0,10.0,49.0,2.0,11.999999999999998,4.0,1.0,89.06449890136719,95.67829895019531,95.67829895019531,0.0,0.0,0.0,0.0,0.0,0.0,0.0,0.0,0.0,0.0,0.0,0.0,0.0,0.0,0.0,0.0,0.0,0.0,0.0,0.0,0.0,0.8333333333333333,0.3,0.9411764705882353,0.25,0.9999999999999999,1.0,1.0,0.5365331259118505,0.5763752948806947,0.5763752948806947,0.0,0.0,0.0,0.0,0.0,0.0,0.0,0.0,0.0,0.0,0.0,0.0,0.0,0.0,0.0,0.0,0.0,0.0,0.0,0.0,0.0
78,"[[0.5935143828392029, 0.0, 0.13333333333333333, 0.9411764705882353, 0.0, 0.9999999999999999, 1.0, 0.0, 0.5935143620134836, 0.5708105707743082, 0.5708105707743082, 0.0, 0.0, 0.0, 0.0, 1.0, 0.0, 0.0, 0.0, 0.0, 0.0, 0.0, 0.0, 0.0, 0.0, 0.0, 0.0, 0.0, 0.0, 0.0, 0.0, 0.0], [0.4838605523109436, 0.16666666666666666, 0.16666666666666669, 0.9411764705882353, 0.0, 0.9999999999999999, 1.0, 0.0, 0.4838605673916369, 0.48188450824783513, 0.48188450824783513, 0.0, 0.0, 0.0, 0.0, 0.0, 0.0, 0.0, 0.0, 0.0, 0.0, 0.0, 0.0, 0.0, 0.0, 0.0, 0.0, 0.0, 0.0, 0.0, 0.0, 0.0], [0.46013158559799194, 0.3333333333333333, 0.2, 0.9411764705882353, 0.0, 0.9999999999999999, 1.0, 0.0, 0.4601315877523767, 0.4824196689100151, 0.4824196689100151, 0.0, 0.0, 0.0, 0.0, 0.0, 0.0, 0.0, 0.0, 0.0, 0.0, 0.0, 0.0, 0.0, 0.0, 0.0, 0.0, 0.0, 0.0, 0.0, 0.0, 0.0], [0.46644869446754456, 0.5, 0.23333333333333334, 0.9411764705882353, 0.25, 0.9999999999999999, 1.0, 0.0, 0.4664486804640437, 0.5181184332054782, 0.5181184332054782, 0.0, 0.0, 0.0, 0.0, 0.0, 0.0, 0.0, 0.0, 0.0, 0.0, 0.0, 0.0, 0.0, 0.0, 0.0, 0.0, 0.0, 0.0, 0.0, 0.0, 0.0], [0.4605979025363922, 0.6666666666666666, 0.26666666666666666, 0.9411764705882353, 0.25, 0.9999999999999999, 1.0, 0.0, 0.4605979000229434, 0.619551233498447, 0.619551233498447, 0.0, 0.0, 0.0, 0.0, 0.0, 1.0, 0.0, 0.0, 0.0, 0.0, 0.0, 0.0, 0.0, 0.0, 0.0, 0.0, 0.0, 0.0, 0.0, 0.0, 0.0], [0.5365331172943115, 0.8333333333333333, 0.3, 0.9411764705882353, 0.25, 0.9999999999999999, 1.0, 1.0, 0.5365331259118505, 0.5763752948806947, 0.5763752948806947, 0.0, 0.0, 0.0, 0.0, 0.0, 0.0, 0.0, 0.0, 0.0, 0.0, 0.0, 0.0, 0.0, 0.0, 0.0, 0.0, 0.0, 0.0, 0.0, 0.0, 0.0], [0.5758892297744751, 1.0, 0.3333333333333333, 0.9411764705882353, 0.25, 0.9999999999999999, 1.0, 1.0, 0.5758892197206796, 0.5935143620134836, 0.5935143620134836, 0.0, 0.0, 0.0, 0.0, 0.0, 0.0, 0.0, 0.0, 0.0, 0.0, 0.0, 0.0, 0.0, 0.0, 0.0, 0.0, 0.0, 0.0, 0.0, 0.0, 0.0]]",0.7186870574951172,119.30205154418945,6.0,11.0,49.0,2.0,11.999999999999998,4.0,1.0,95.59761047363281,98.52338409423828,98.52338409423828,0.0,0.0,0.0,0.0,0.0,0.0,0.0,0.0,0.0,0.0,0.0,0.0,0.0,0.0,0.0,0.0,0.0,0.0,0.0,0.0,0.0,1.0,0.3333333333333333,0.9411764705882353,0.25,0.9999999999999999,1.0,1.0,0.5758892197206796,0.5935143620134836,0.5935143620134836,0.0,0.0,0.0,0.0,0.0,0.0,0.0,0.0,0.0,0.0,0.0,0.0,0.0,0.0,0.0,0.0,0.0,0.0,0.0,0.0,0.0
79,"[[0.4838605523109436, 0.16666666666666666, 0.16666666666666669, 0.9411764705882353, 0.0, 0.9999999999999999, 1.0, 0.0, 0.4838605673916369, 0.48188450824783513, 0.48188450824783513, 0.0, 0.0, 0.0, 0.0, 0.0, 0.0, 0.0, 0.0, 0.0, 0.0, 0.0, 0.0, 0.0, 0.0, 0.0, 0.0, 0.0, 0.0, 0.0, 0.0, 0.0], [0.46013158559799194, 0.3333333333333333, 0.2, 0.9411764705882353, 0.0, 0.9999999999999999, 1.0, 0.0, 0.4601315877523767, 0.4824196689100151, 0.4824196689100151, 0.0, 0.0, 0.0, 0.0, 0.0, 0.0, 0.0, 0.0, 0.0, 0.0, 0.0, 0.0, 0.0, 0.0, 0.0, 0.0, 0.0, 0.0, 0.0, 0.0, 0.0], [0.46644869446754456, 0.5, 0.23333333333333334, 0.9411764705882353, 0.25, 0.9999999999999999, 1.0, 0.0, 0.4664486804640437, 0.5181184332054782, 0.5181184332054782, 0.0, 0.0, 0.0, 0.0, 0.0, 0.0, 0.0, 0.0, 0.0, 0.0, 0.0, 0.0, 0.0, 0.0, 0.0, 0.0, 0.0, 0.0, 0.0, 0.0, 0.0], [0.4605979025363922, 0.6666666666666666, 0.26666666666666666, 0.9411764705882353, 0.25, 0.9999999999999999, 1.0, 0.0, 0.4605979000229434, 0.619551233498447, 0.619551233498447, 0.0, 0.0, 0.0, 0.0, 0.0, 1.0, 0.0, 0.0, 0.0, 0.0, 0.0, 0.0, 0.0, 0.0, 0.0, 0.0, 0.0, 0.0, 0.0, 0.0, 0.0], [0.5365331172943115, 0.8333333333333333, 0.3, 0.9411764705882353, 0.25, 0.9999999999999999, 1.0, 1.0, 0.5365331259118505, 0.5763752948806947, 0.5763752948806947, 0.0, 0.0, 0.0, 0.0, 0.0, 0.0, 0.0, 0.0, 0.0, 0.0, 0.0, 0.0, 0.0, 0.0, 0.0, 0.0, 0.0, 0.0, 0.0, 0.0, 0.0], [0.5758892297744751, 1.0, 0.3333333333333333, 0.9411764705882353, 0.25, 0.9999999999999999, 1.0, 1.0, 0.5758892197206796, 0.5935143620134836, 0.5935143620134836, 0.0, 0.0, 0.0, 0.0, 0.0, 0.0, 0.0, 0.0, 0.0, 0.0, 0.0, 0.0, 0.0, 0.0, 0.0, 0.0, 0.0, 0.0, 0.0, 0.0, 0.0], [0.7186870574951172, 0.0, 0.3666666666666667, 0.9607843137254901, 0.25, 0.9999999999999999, 1.0, 0.0, 0.7186870345150133, 0.4838605673916369, 0.4838605673916369, 0.0, 0.0, 0.0, 0.0, 1.0, 0.0, 0.0, 0.0, 0.0, 0.0, 0.0, 0.0, 0.0, 0.0, 0.0, 0.0, 0.0, 0.0, 0.0, 0.0, 0.0]]",0.574722409248352,95.40391993522644,0.0,12.0,50.0,2.0,11.999999999999998,4.0,0.0,119.30204772949219,80.32085418701172,80.32085418701172,0.0,0.0,0.0,0.0,1.0,0.0,0.0,0.0,0.0,0.0,0.0,0.0,0.0,0.0,0.0,0.0,0.0,0.0,0.0,0.0,0.0,0.0,0.3666666666666667,0.9607843137254901,0.25,0.9999999999999999,1.0,0.0,0.7186870345150133,0.4838605673916369,0.4838605673916369,0.0,0.0,0.0,0.0,1.0,0.0,0.0,0.0,0.0,0.0,0.0,0.0,0.0,0.0,0.0,0.0,0.0,0.0,0.0,0.0,0.0
80,"[[0.46013158559799194, 0.3333333333333333, 0.2, 0.9411764705882353, 0.0, 0.9999999999999999, 1.0, 0.0, 0.4601315877523767, 0.4824196689100151, 0.4824196689100151, 0.0, 0.0, 0.0, 0.0, 0.0, 0.0, 0.0, 0.0, 0.0, 0.0, 0.0, 0.0, 0.0, 0.0, 0.0, 0.0, 0.0, 0.0, 0.0, 0.0, 0.0], [0.46644869446754456, 0.5, 0.23333333333333334, 0.9411764705882353, 0.25, 0.9999999999999999, 1.0, 0.0, 0.4664486804640437, 0.5181184332054782, 0.5181184332054782, 0.0, 0.0, 0.0, 0.0, 0.0, 0.0, 0.0, 0.0, 0.0, 0.0, 0.0, 0.0, 0.0, 0.0, 0.0, 0.0, 0.0, 0.0, 0.0, 0.0, 0.0], [0.4605979025363922, 0.6666666666666666, 0.26666666666666666, 0.9411764705882353, 0.25, 0.9999999999999999, 1.0, 0.0, 0.4605979000229434, 0.619551233498447, 0.619551233498447, 0.0, 0.0, 0.0, 0.0, 0.0, 1.0, 0.0, 0.0, 0.0, 0.0, 0.0, 0.0, 0.0, 0.0, 0.0, 0.0, 0.0, 0.0, 0.0, 0.0, 0.0], [0.5365331172943115, 0.8333333333333333, 0.3, 0.9411764705882353, 0.25, 0.9999999999999999, 1.0, 1.0, 0.5365331259118505, 0.5763752948806947, 0.5763752948806947, 0.0, 0.0, 0.0, 0.0, 0.0, 0.0, 0.0, 0.0, 0.0, 0.0, 0.0, 0.0, 0.0, 0.0, 0.0, 0.0, 0.0, 0.0, 0.0, 0.0, 0.0], [0.5758892297744751, 1.0, 0.3333333333333333, 0.9411764705882353, 0.25, 0.9999999999999999, 1.0, 1.0, 0.5758892197206796, 0.5935143620134836, 0.5935143620134836, 0.0, 0.0, 0.0, 0.0, 0.0, 0.0, 0.0, 0.0, 0.0, 0.0, 0.0, 0.0, 0.0, 0.0, 0.0, 0.0, 0.0, 0.0, 0.0, 0.0, 0.0], [0.7186870574951172, 0.0, 0.3666666666666667, 0.9607843137254901, 0.25, 0.9999999999999999, 1.0, 0.0, 0.7186870345150133, 0.4838605673916369, 0.4838605673916369, 0.0, 0.0, 0.0, 0.0, 1.0, 0.0, 0.0, 0.0, 0.0, 0.0, 0.0, 0.0, 0.0, 0.0, 0.0, 0.0, 0.0, 0.0, 0.0, 0.0, 0.0], [0.574722409248352, 0.16666666666666666, 0.4, 0.9607843137254901, 0.25, 0.9999999999999999, 1.0, 0.0, 0.5747224279196866, 0.4601315877523767, 0.4601315877523767, 0.0, 0.0, 0.0, 0.0, 0.0, 0.0, 0.0, 0.0, 0.0, 0.0, 0.0, 0.0, 0.0, 0.0, 0.0, 0.0, 0.0, 0.0, 0.0, 0.0, 0.0]]",0.4822620153427124,80.05549454689026,1.0,13.0,50.0,2.0,11.999999999999998,4.0,0.0,95.40392303466798,76.38184356689453,76.38184356689453,0.0,0.0,0.0,0.0,0.0,0.0,0.0,0.0,0.0,0.0,0.0,0.0,0.0,0.0,0.0,0.0,0.0,0.0,0.0,0.0,0.0,0.16666666666666666,0.4,0.9607843137254901,0.25,0.9999999999999999,1.0,0.0,0.5747224279196866,0.4601315877523767,0.4601315877523767,0.0,0.0,0.0,0.0,0.0,0.0,0.0,0.0,0.0,0.0,0.0,0.0,0.0,0.0,0.0,0.0,0.0,0.0,0.0,0.0,0.0
81,"[[0.46644869446754456, 0.5, 0.23333333333333334, 0.9411764705882353, 0.25, 0.9999999999999999, 1.0, 0.0, 0.4664486804640437, 0.5181184332054782, 0.5181184332054782, 0.0, 0.0, 0.0, 0.0, 0.0, 0.0, 0.0, 0.0, 0.0, 0.0, 0.0, 0.0, 0.0, 0.0, 0.0, 0.0, 0.0, 0.0, 0.0, 0.0, 0.0], [0.4605979025363922, 0.6666666666666666, 0.26666666666666666, 0.9411764705882353, 0.25, 0.9999999999999999, 1.0, 0.0, 0.4605979000229434, 0.619551233498447, 0.619551233498447, 0.0, 0.0, 0.0, 0.0, 0.0, 1.0, 0.0, 0.0, 0.0, 0.0, 0.0, 0.0, 0.0, 0.0, 0.0, 0.0, 0.0, 0.0, 0.0, 0.0, 0.0], [0.5365331172943115, 0.8333333333333333, 0.3, 0.9411764705882353, 0.25, 0.9999999999999999, 1.0, 1.0, 0.5365331259118505, 0.5763752948806947, 0.5763752948806947, 0.0, 0.0, 0.0, 0.0, 0.0, 0.0, 0.0, 0.0, 0.0, 0.0, 0.0, 0.0, 0.0, 0.0, 0.0, 0.0, 0.0, 0.0, 0.0, 0.0, 0.0], [0.5758892297744751, 1.0, 0.3333333333333333, 0.9411764705882353, 0.25, 0.9999999999999999, 1.0, 1.0, 0.5758892197206796, 0.5935143620134836, 0.5935143620134836, 0.0, 0.0, 0.0, 0.0, 0.0, 0.0, 0.0, 0.0, 0.0, 0.0, 0.0, 0.0, 0.0, 0.0, 0.0, 0.0, 0.0, 0.0, 0.0, 0.0, 0.0], [0.7186870574951172, 0.0, 0.3666666666666667, 0.9607843137254901, 0.25, 0.9999999999999999, 1.0, 0.0, 0.7186870345150133, 0.4838605673916369, 0.4838605673916369, 0.0, 0.0, 0.0, 0.0, 1.0, 0.0, 0.0, 0.0, 0.0, 0.0, 0.0, 0.0, 0.0, 0.0, 0.0, 0.0, 0.0, 0.0, 0.0, 0.0, 0.0], [0.574722409248352, 0.16666666666666666, 0.4, 0.9607843137254901, 0.25, 0.9999999999999999, 1.0, 0.0, 0.5747224279196866, 0.4601315877523767, 0.4601315877523767, 0.0, 0.0, 0.0, 0.0, 0.0, 0.0, 0.0, 0.0, 0.0, 0.0, 0.0, 0.0, 0.0, 0.0, 0.0, 0.0, 0.0, 0.0, 0.0, 0.0, 0.0], [0.4822620153427124, 0.3333333333333333, 0.43333333333333335, 0.9607843137254901, 0.25, 0.9999999999999999, 1.0, 0.0, 0.4822620253965079, 0.4664486804640437, 0.4664486804640437, 0.0, 0.0, 0.0, 0.0, 0.0, 0.0, 0.0, 0.0, 0.0, 0.0, 0.0, 0.0, 0.0, 0.0, 0.0, 0.0, 0.0, 0.0, 0.0, 0.0, 0.0]]",0.5019882917404175,83.3300564289093,2.0,14.0,50.0,2.0,11.999999999999998,4.0,0.0,80.05549621582031,77.43048095703125,77.43048095703125,0.0,0.0,0.0,0.0,0.0,0.0,0.0,0.0,0.0,0.0,0.0,0.0,0.0,0.0,0.0,0.0,0.0,0.0,0.0,0.0,0.0,0.3333333333333333,0.43333333333333335,0.9607843137254901,0.25,0.9999999999999999,1.0,0.0,0.4822620253965079,0.4664486804640437,0.4664486804640437,0.0,0.0,0.0,0.0,0.0,0.0,0.0,0.0,0.0,0.0,0.0,0.0,0.0,0.0,0.0,0.0,0.0,0.0,0.0,0.0,0.0
82,"[[0.4605979025363922, 0.6666666666666666, 0.26666666666666666, 0.9411764705882353, 0.25, 0.9999999999999999, 1.0, 0.0, 0.4605979000229434, 0.619551233498447, 0.619551233498447, 0.0, 0.0, 0.0, 0.0, 0.0, 1.0, 0.0, 0.0, 0.0, 0.0, 0.0, 0.0, 0.0, 0.0, 0.0, 0.0, 0.0, 0.0, 0.0, 0.0, 0.0], [0.5365331172943115, 0.8333333333333333, 0.3, 0.9411764705882353, 0.25, 0.9999999999999999, 1.0, 1.0, 0.5365331259118505, 0.5763752948806947, 0.5763752948806947, 0.0, 0.0, 0.0, 0.0, 0.0, 0.0, 0.0, 0.0, 0.0, 0.0, 0.0, 0.0, 0.0, 0.0, 0.0, 0.0, 0.0, 0.0, 0.0, 0.0, 0.0], [0.5758892297744751, 1.0, 0.3333333333333333, 0.9411764705882353, 0.25, 0.9999999999999999, 1.0, 1.0, 0.5758892197206796, 0.5935143620134836, 0.5935143620134836, 0.0, 0.0, 0.0, 0.0, 0.0, 0.0, 0.0, 0.0, 0.0, 0.0, 0.0, 0.0, 0.0, 0.0, 0.0, 0.0, 0.0, 0.0, 0.0, 0.0, 0.0], [0.7186870574951172, 0.0, 0.3666666666666667, 0.9607843137254901, 0.25, 0.9999999999999999, 1.0, 0.0, 0.7186870345150133, 0.4838605673916369, 0.4838605673916369, 0.0, 0.0, 0.0, 0.0, 1.0, 0.0, 0.0, 0.0, 0.0, 0.0, 0.0, 0.0, 0.0, 0.0, 0.0, 0.0, 0.0, 0.0, 0.0, 0.0, 0.0], [0.574722409248352, 0.16666666666666666, 0.4, 0.9607843137254901, 0.25, 0.9999999999999999, 1.0, 0.0, 0.5747224279196866, 0.4601315877523767, 0.4601315877523767, 0.0, 0.0, 0.0, 0.0, 0.0, 0.0, 0.0, 0.0, 0.0, 0.0, 0.0, 0.0, 0.0, 0.0, 0.0, 0.0, 0.0, 0.0, 0.0, 0.0, 0.0], [0.4822620153427124, 0.3333333333333333, 0.43333333333333335, 0.9607843137254901, 0.25, 0.9999999999999999, 1.0, 0.0, 0.4822620253965079, 0.4664486804640437, 0.4664486804640437, 0.0, 0.0, 0.0, 0.0, 0.0, 0.0, 0.0, 0.0, 0.0, 0.0, 0.0, 0.0, 0.0, 0.0, 0.0, 0.0, 0.0, 0.0, 0.0, 0.0, 0.0], [0.5019882917404175, 0.5, 0.4666666666666667, 0.9607843137254901, 0.5, 0.9999999999999999, 1.0, 0.0, 0.501988284559135, 0.4605979000229434, 0.4605979000229434, 0.0, 0.0, 0.0, 0.0, 0.0, 0.0, 0.0, 0.0, 0.0, 0.0, 0.0, 0.0, 0.0, 0.0, 0.0, 0.0, 0.0, 0.0, 0.0, 0.0, 0.0]]",0.5287479758262634,87.77216398715973,3.0,15.0,50.0,3.0,11.999999999999998,4.0,0.0,83.3300552368164,76.4592514038086,76.4592514038086,0.0,0.0,0.0,0.0,0.0,0.0,0.0,0.0,0.0,0.0,0.0,0.0,0.0,0.0,0.0,0.0,0.0,0.0,0.0,0.0,0.0,0.5,0.4666666666666667,0.9607843137254901,0.5,0.9999999999999999,1.0,0.0,0.501988284559135,0.4605979000229434,0.4605979000229434,0.0,0.0,0.0,0.0,0.0,0.0,0.0,0.0,0.0,0.0,0.0,0.0,0.0,0.0,0.0,0.0,0.0,0.0,0.0,0.0,0.0
83,"[[0.5365331172943115, 0.8333333333333333, 0.3, 0.9411764705882353, 0.25, 0.9999999999999999, 1.0, 1.0, 0.5365331259118505, 0.5763752948806947, 0.5763752948806947, 0.0, 0.0, 0.0, 0.0, 0.0, 0.0, 0.0, 0.0, 0.0, 0.0, 0.0, 0.0, 0.0, 0.0, 0.0, 0.0, 0.0, 0.0, 0.0, 0.0, 0.0], [0.5758892297744751, 1.0, 0.3333333333333333, 0.9411764705882353, 0.25, 0.9999999999999999, 1.0, 1.0, 0.5758892197206796, 0.5935143620134836, 0.5935143620134836, 0.0, 0.0, 0.0, 0.0, 0.0, 0.0, 0.0, 0.0, 0.0, 0.0, 0.0, 0.0, 0.0, 0.0, 0.0, 0.0, 0.0, 0.0, 0.0, 0.0, 0.0], [0.7186870574951172, 0.0, 0.3666666666666667, 0.9607843137254901, 0.25, 0.9999999999999999, 1.0, 0.0, 0.7186870345150133, 0.4838605673916369, 0.4838605673916369, 0.0, 0.0, 0.0, 0.0, 1.0, 0.0, 0.0, 0.0, 0.0, 0.0, 0.0, 0.0, 0.0, 0.0, 0.0, 0.0, 0.0, 0.0, 0.0, 0.0, 0.0], [0.574722409248352, 0.16666666666666666, 0.4, 0.9607843137254901, 0.25, 0.9999999999999999, 1.0, 0.0, 0.5747224279196866, 0.4601315877523767, 0.4601315877523767, 0.0, 0.0, 0.0, 0.0, 0.0, 0.0, 0.0, 0.0, 0.0, 0.0, 0.0, 0.0, 0.0, 0.0, 0.0, 0.0, 0.0, 0.0, 0.0, 0.0, 0.0], [0.4822620153427124, 0.3333333333333333, 0.43333333333333335, 0.9607843137254901, 0.25, 0.9999999999999999, 1.0, 0.0, 0.4822620253965079, 0.4664486804640437, 0.4664486804640437, 0.0, 0.0, 0.0, 0.0, 0.0, 0.0, 0.0, 0.0, 0.0, 0.0, 0.0, 0.0, 0.0, 0.0, 0.0, 0.0, 0.0, 0.0, 0.0, 0.0, 0.0], [0.5019882917404175, 0.5, 0.4666666666666667, 0.9607843137254901, 0.5, 0.9999999999999999, 1.0, 0.0, 0.501988284559135, 0.4605979000229434, 0.4605979000229434, 0.0, 0.0, 0.0, 0.0, 0.0, 0.0, 0.0, 0.0, 0.0, 0.0, 0.0, 0.0, 0.0, 0.0, 0.0, 0.0, 0.0, 0.0, 0.0, 0.0, 0.0], [0.5287479758262634, 0.6666666666666666, 0.5, 0.9607843137254901, 0.5, 0.9999999999999999, 1.0, 0.0, 0.5287479722356222, 0.5365331259118505, 0.5365331259118505, 0.0, 0.0, 0.0, 0.0, 0.0, 1.0, 0.0, 0.0, 0.0, 0.0, 0.0, 0.0, 0.0, 0.0, 0.0, 0.0, 0.0, 0.0, 0.0, 0.0, 0.0]]",0.6053885221481323,100.49449467658997,4.0,16.0,50.0,3.0,11.999999999999998,4.0,0.0,87.77216339111328,89.06449890136719,89.06449890136719,0.0,0.0,0.0,0.0,0.0,1.0,0.0,0.0,0.0,0.0,0.0,0.0,0.0,0.0,0.0,0.0,0.0,0.0,0.0,0.0,0.0,0.6666666666666666,0.5,0.9607843137254901,0.5,0.9999999999999999,1.0,0.0,0.5287479722356222,0.5365331259118505,0.5365331259118505,0.0,0.0,0.0,0.0,0.0,1.0,0.0,0.0,0.0,0.0,0.0,0.0,0.0,0.0,0.0,0.0,0.0,0.0,0.0,0.0,0.0
84,"[[0.5758892297744751, 1.0, 0.3333333333333333, 0.9411764705882353, 0.25, 0.9999999999999999, 1.0, 1.0, 0.5758892197206796, 0.5935143620134836, 0.5935143620134836, 0.0, 0.0, 0.0, 0.0, 0.0, 0.0, 0.0, 0.0, 0.0, 0.0, 0.0, 0.0, 0.0, 0.0, 0.0, 0.0, 0.0, 0.0, 0.0, 0.0, 0.0], [0.7186870574951172, 0.0, 0.3666666666666667, 0.9607843137254901, 0.25, 0.9999999999999999, 1.0, 0.0, 0.7186870345150133, 0.4838605673916369, 0.4838605673916369, 0.0, 0.0, 0.0, 0.0, 1.0, 0.0, 0.0, 0.0, 0.0, 0.0, 0.0, 0.0, 0.0, 0.0, 0.0, 0.0, 0.0, 0.0, 0.0, 0.0, 0.0], [0.574722409248352, 0.16666666666666666, 0.4, 0.9607843137254901, 0.25, 0.9999999999999999, 1.0, 0.0, 0.5747224279196866, 0.4601315877523767, 0.4601315877523767, 0.0, 0.0, 0.0, 0.0, 0.0, 0.0, 0.0, 0.0, 0.0, 0.0, 0.0, 0.0, 0.0, 0.0, 0.0, 0.0, 0.0, 0.0, 0.0, 0.0, 0.0], [0.4822620153427124, 0.3333333333333333, 0.43333333333333335, 0.9607843137254901, 0.25, 0.9999999999999999, 1.0, 0.0, 0.4822620253965079, 0.4664486804640437, 0.4664486804640437, 0.0, 0.0, 0.0, 0.0, 0.0, 0.0, 0.0, 0.0, 0.0, 0.0, 0.0, 0.0, 0.0, 0.0, 0.0, 0.0, 0.0, 0.0, 0.0, 0.0, 0.0], [0.5019882917404175, 0.5, 0.4666666666666667, 0.9607843137254901, 0.5, 0.9999999999999999, 1.0, 0.0, 0.501988284559135, 0.4605979000229434, 0.4605979000229434, 0.0, 0.0, 0.0, 0.0, 0.0, 0.0, 0.0, 0.0, 0.0, 0.0, 0.0, 0.0, 0.0, 0.0, 0.0, 0.0, 0.0, 0.0, 0.0, 0.0, 0.0], [0.5287479758262634, 0.6666666666666666, 0.5, 0.9607843137254901, 0.5, 0.9999999999999999, 1.0, 0.0, 0.5287479722356222, 0.5365331259118505, 0.5365331259118505, 0.0, 0.0, 0.0, 0.0, 0.0, 1.0, 0.0, 0.0, 0.0, 0.0, 0.0, 0.0, 0.0, 0.0, 0.0, 0.0, 0.0, 0.0, 0.0, 0.0, 0.0], [0.6053885221481323, 0.8333333333333333, 0.5333333333333333, 0.9607843137254901, 0.5, 0.9999999999999999, 1.0, 1.0, 0.6053885034767978, 0.5758892197206796, 0.5758892197206796, 0.0, 0.0, 0.0, 0.0, 0.0, 0.0, 0.0, 0.0, 0.0, 0.0, 0.0, 0.0, 0.0, 0.0, 0.0, 0.0, 0.0, 0.0, 0.0, 0.0, 0.0]]",0.6378717422485352,105.88670921325684,5.0,17.0,50.0,3.0,11.999999999999998,4.0,1.0,100.49449157714844,95.59761047363281,95.59761047363281,0.0,0.0,0.0,0.0,0.0,0.0,0.0,0.0,0.0,0.0,0.0,0.0,0.0,0.0,0.0,0.0,0.0,0.0,0.0,0.0,0.0,0.8333333333333333,0.5333333333333333,0.9607843137254901,0.5,0.9999999999999999,1.0,1.0,0.6053885034767978,0.5758892197206796,0.5758892197206796,0.0,0.0,0.0,0.0,0.0,0.0,0.0,0.0,0.0,0.0,0.0,0.0,0.0,0.0,0.0,0.0,0.0,0.0,0.0,0.0,0.0
85,"[[0.7186870574951172, 0.0, 0.3666666666666667, 0.9607843137254901, 0.25, 0.9999999999999999, 1.0, 0.0, 0.7186870345150133, 0.4838605673916369, 0.4838605673916369, 0.0, 0.0, 0.0, 0.0, 1.0, 0.0, 0.0, 0.0, 0.0, 0.0, 0.0, 0.0, 0.0, 0.0, 0.0, 0.0, 0.0, 0.0, 0.0, 0.0, 0.0], [0.574722409248352, 0.16666666666666666, 0.4, 0.9607843137254901, 0.25, 0.9999999999999999, 1.0, 0.0, 0.5747224279196866, 0.4601315877523767, 0.4601315877523767, 0.0, 0.0, 0.0, 0.0, 0.0, 0.0, 0.0, 0.0, 0.0, 0.0, 0.0, 0.0, 0.0, 0.0, 0.0, 0.0, 0.0, 0.0, 0.0, 0.0, 0.0], [0.4822620153427124, 0.3333333333333333, 0.43333333333333335, 0.9607843137254901, 0.25, 0.9999999999999999, 1.0, 0.0, 0.4822620253965079, 0.4664486804640437, 0.4664486804640437, 0.0, 0.0, 0.0, 0.0, 0.0, 0.0, 0.0, 0.0, 0.0, 0.0, 0.0, 0.0, 0.0, 0.0, 0.0, 0.0, 0.0, 0.0, 0.0, 0.0, 0.0], [0.5019882917404175, 0.5, 0.4666666666666667, 0.9607843137254901, 0.5, 0.9999999999999999, 1.0, 0.0, 0.501988284559135, 0.4605979000229434, 0.4605979000229434, 0.0, 0.0, 0.0, 0.0, 0.0, 0.0, 0.0, 0.0, 0.0, 0.0, 0.0, 0.0, 0.0, 0.0, 0.0, 0.0, 0.0, 0.0, 0.0, 0.0, 0.0], [0.5287479758262634, 0.6666666666666666, 0.5, 0.9607843137254901, 0.5, 0.9999999999999999, 1.0, 0.0, 0.5287479722356222, 0.5365331259118505, 0.5365331259118505, 0.0, 0.0, 0.0, 0.0, 0.0, 1.0, 0.0, 0.0, 0.0, 0.0, 0.0, 0.0, 0.0, 0.0, 0.0, 0.0, 0.0, 0.0, 0.0, 0.0, 0.0], [0.6053885221481323, 0.8333333333333333, 0.5333333333333333, 0.9607843137254901, 0.5, 0.9999999999999999, 1.0, 1.0, 0.6053885034767978, 0.5758892197206796, 0.5758892197206796, 0.0, 0.0, 0.0, 0.0, 0.0, 0.0, 0.0, 0.0, 0.0, 0.0, 0.0, 0.0, 0.0, 0.0, 0.0, 0.0, 0.0, 0.0, 0.0, 0.0, 0.0], [0.6378717422485352, 1.0, 0.5666666666666667, 0.9607843137254901, 0.5, 0.9999999999999999, 1.0, 1.0, 0.6378717537385872, 0.7186870345150133, 0.7186870345150133, 0.0, 0.0, 0.0, 0.0, 0.0, 0.0, 0.0, 0.0, 0.0, 0.0, 0.0, 0.0, 0.0, 0.0, 0.0, 0.0, 0.0, 0.0, 0.0, 0.0, 0.0]]",0.7608036994934082,126.29341411590576,6.0,18.0,50.0,3.0,11.999999999999998,4.0,1.0,105.88671112060547,119.30204772949219,119.30204772949219,0.0,0.0,0.0,0.0,0.0,0.0,0.0,0.0,0.0,0.0,0.0,0.0,0.0,0.0,0.0,0.0,0.0,0.0,0.0,0.0,0.0,1.0,0.5666666666666667,0.9607843137254901,0.5,0.9999999999999999,1.0,1.0,0.6378717537385872,0.7186870345150133,0.7186870345150133,0.0,0.0,0.0,0.0,0.0,0.0,0.0,0.0,0.0,0.0,0.0,0.0,0.0,0.0,0.0,0.0,0.0,0.0,0.0,0.0,0.0
86,"[[0.574722409248352, 0.16666666666666666, 0.4, 0.9607843137254901, 0.25, 0.9999999999999999, 1.0, 0.0, 0.5747224279196866, 0.4601315877523767, 0.4601315877523767, 0.0, 0.0, 0.0, 0.0, 0.0, 0.0, 0.0, 0.0, 0.0, 0.0, 0.0, 0.0, 0.0, 0.0, 0.0, 0.0, 0.0, 0.0, 0.0, 0.0, 0.0], [0.4822620153427124, 0.3333333333333333, 0.43333333333333335, 0.9607843137254901, 0.25, 0.9999999999999999, 1.0, 0.0, 0.4822620253965079, 0.4664486804640437, 0.4664486804640437, 0.0, 0.0, 0.0, 0.0, 0.0, 0.0, 0.0, 0.0, 0.0, 0.0, 0.0, 0.0, 0.0, 0.0, 0.0, 0.0, 0.0, 0.0, 0.0, 0.0, 0.0], [0.5019882917404175, 0.5, 0.4666666666666667, 0.9607843137254901, 0.5, 0.9999999999999999, 1.0, 0.0, 0.501988284559135, 0.4605979000229434, 0.4605979000229434, 0.0, 0.0, 0.0, 0.0, 0.0, 0.0, 0.0, 0.0, 0.0, 0.0, 0.0, 0.0, 0.0, 0.0, 0.0, 0.0, 0.0, 0.0, 0.0, 0.0, 0.0], [0.5287479758262634, 0.6666666666666666, 0.5, 0.9607843137254901, 0.5, 0.9999999999999999, 1.0, 0.0, 0.5287479722356222, 0.5365331259118505, 0.5365331259118505, 0.0, 0.0, 0.0, 0.0, 0.0, 1.0, 0.0, 0.0, 0.0, 0.0, 0.0, 0.0, 0.0, 0.0, 0.0, 0.0, 0.0, 0.0, 0.0, 0.0, 0.0], [0.6053885221481323, 0.8333333333333333, 0.5333333333333333, 0.9607843137254901, 0.5, 0.9999999999999999, 1.0, 1.0, 0.6053885034767978, 0.5758892197206796, 0.5758892197206796, 0.0, 0.0, 0.0, 0.0, 0.0, 0.0, 0.0, 0.0, 0.0, 0.0, 0.0, 0.0, 0.0, 0.0, 0.0, 0.0, 0.0, 0.0, 0.0, 0.0, 0.0], [0.6378717422485352, 1.0, 0.5666666666666667, 0.9607843137254901, 0.5, 0.9999999999999999, 1.0, 1.0, 0.6378717537385872, 0.7186870345150133, 0.7186870345150133, 0.0, 0.0, 0.0, 0.0, 0.0, 0.0, 0.0, 0.0, 0.0, 0.0, 0.0, 0.0, 0.0, 0.0, 0.0, 0.0, 0.0, 0.0, 0.0, 0.0, 0.0], [0.7608036994934082, 0.0, 0.6, 0.9803921568627451, 0.5, 0.9999999999999999, 1.0, 0.0, 0.7608036822583303, 0.5747224279196866, 0.5747224279196866, 0.0, 0.0, 0.0, 0.0, 1.0, 0.0, 0.0, 0.0, 0.0, 0.0, 0.0, 0.0, 0.0, 0.0, 0.0, 0.0, 0.0, 0.0, 0.0, 0.0, 0.0]]",0.6283157467842102,104.3004139661789,0.0,19.0,51.0,3.0,11.999999999999998,4.0,0.0,126.29341125488283,95.40392303466798,95.40392303466798,0.0,0.0,0.0,0.0,1.0,0.0,0.0,0.0,0.0,0.0,0.0,0.0,0.0,0.0,0.0,0.0,0.0,0.0,0.0,0.0,0.0,0.0,0.6,0.9803921568627451,0.5,0.9999999999999999,1.0,0.0,0.7608036822583303,0.5747224279196866,0.5747224279196866,0.0,0.0,0.0,0.0,1.0,0.0,0.0,0.0,0.0,0.0,0.0,0.0,0.0,0.0,0.0,0.0,0.0,0.0,0.0,0.0,0.0
87,"[[0.4822620153427124, 0.3333333333333333, 0.43333333333333335, 0.9607843137254901, 0.25, 0.9999999999999999, 1.0, 0.0, 0.4822620253965079, 0.4664486804640437, 0.4664486804640437, 0.0, 0.0, 0.0, 0.0, 0.0, 0.0, 0.0, 0.0, 0.0, 0.0, 0.0, 0.0, 0.0, 0.0, 0.0, 0.0, 0.0, 0.0, 0.0, 0.0, 0.0], [0.5019882917404175, 0.5, 0.4666666666666667, 0.9607843137254901, 0.5, 0.9999999999999999, 1.0, 0.0, 0.501988284559135, 0.4605979000229434, 0.4605979000229434, 0.0, 0.0, 0.0, 0.0, 0.0, 0.0, 0.0, 0.0, 0.0, 0.0, 0.0, 0.0, 0.0, 0.0, 0.0, 0.0, 0.0, 0.0, 0.0, 0.0, 0.0], [0.5287479758262634, 0.6666666666666666, 0.5, 0.9607843137254901, 0.5, 0.9999999999999999, 1.0, 0.0, 0.5287479722356222, 0.5365331259118505, 0.5365331259118505, 0.0, 0.0, 0.0, 0.0, 0.0, 1.0, 0.0, 0.0, 0.0, 0.0, 0.0, 0.0, 0.0, 0.0, 0.0, 0.0, 0.0, 0.0, 0.0, 0.0, 0.0], [0.6053885221481323, 0.8333333333333333, 0.5333333333333333, 0.9607843137254901, 0.5, 0.9999999999999999, 1.0, 1.0, 0.6053885034767978, 0.5758892197206796, 0.5758892197206796, 0.0, 0.0, 0.0, 0.0, 0.0, 0.0, 0.0, 0.0, 0.0, 0.0, 0.0, 0.0, 0.0, 0.0, 0.0, 0.0, 0.0, 0.0, 0.0, 0.0, 0.0], [0.6378717422485352, 1.0, 0.5666666666666667, 0.9607843137254901, 0.5, 0.9999999999999999, 1.0, 1.0, 0.6378717537385872, 0.7186870345150133, 0.7186870345150133, 0.0, 0.0, 0.0, 0.0, 0.0, 0.0, 0.0, 0.0, 0.0, 0.0, 0.0, 0.0, 0.0, 0.0, 0.0, 0.0, 0.0, 0.0, 0.0, 0.0, 0.0], [0.7608036994934082, 0.0, 0.6, 0.9803921568627451, 0.5, 0.9999999999999999, 1.0, 0.0, 0.7608036822583303, 0.5747224279196866, 0.5747224279196866, 0.0, 0.0, 0.0, 0.0, 1.0, 0.0, 0.0, 0.0, 0.0, 0.0, 0.0, 0.0, 0.0, 0.0, 0.0, 0.0, 0.0, 0.0, 0.0, 0.0, 0.0], [0.6283157467842102, 0.16666666666666666, 0.6333333333333333, 0.9803921568627451, 0.5, 0.9999999999999999, 1.0, 0.0, 0.6283157532473644, 0.4822620253965079, 0.4822620253965079, 0.0, 0.0, 0.0, 0.0, 0.0, 0.0, 0.0, 0.0, 0.0, 0.0, 0.0, 0.0, 0.0, 0.0, 0.0, 0.0, 0.0, 0.0, 0.0, 0.0, 0.0]]",0.5614913105964661,93.20755755901337,1.0,20.0,51.0,3.0,11.999999999999998,4.0,0.0,104.30041503906249,80.05549621582031,80.05549621582031,0.0,0.0,0.0,0.0,0.0,0.0,0.0,0.0,0.0,0.0,0.0,0.0,0.0,0.0,0.0,0.0,0.0,0.0,0.0,0.0,0.0,0.16666666666666666,0.6333333333333333,0.9803921568627451,0.5,0.9999999999999999,1.0,0.0,0.6283157532473644,0.4822620253965079,0.4822620253965079,0.0,0.0,0.0,0.0,0.0,0.0,0.0,0.0,0.0,0.0,0.0,0.0,0.0,0.0,0.0,0.0,0.0,0.0,0.0,0.0,0.0
88,"[[0.5019882917404175, 0.5, 0.4666666666666667, 0.9607843137254901, 0.5, 0.9999999999999999, 1.0, 0.0, 0.501988284559135, 0.4605979000229434, 0.4605979000229434, 0.0, 0.0, 0.0, 0.0, 0.0, 0.0, 0.0, 0.0, 0.0, 0.0, 0.0, 0.0, 0.0, 0.0, 0.0, 0.0, 0.0, 0.0, 0.0, 0.0, 0.0], [0.5287479758262634, 0.6666666666666666, 0.5, 0.9607843137254901, 0.5, 0.9999999999999999, 1.0, 0.0, 0.5287479722356222, 0.5365331259118505, 0.5365331259118505, 0.0, 0.0, 0.0, 0.0, 0.0, 1.0, 0.0, 0.0, 0.0, 0.0, 0.0, 0.0, 0.0, 0.0, 0.0, 0.0, 0.0, 0.0, 0.0, 0.0, 0.0], [0.6053885221481323, 0.8333333333333333, 0.5333333333333333, 0.9607843137254901, 0.5, 0.9999999999999999, 1.0, 1.0, 0.6053885034767978, 0.5758892197206796, 0.5758892197206796, 0.0, 0.0, 0.0, 0.0, 0.0, 0.0, 0.0, 0.0, 0.0, 0.0, 0.0, 0.0, 0.0, 0.0, 0.0, 0.0, 0.0, 0.0, 0.0, 0.0, 0.0], [0.6378717422485352, 1.0, 0.5666666666666667, 0.9607843137254901, 0.5, 0.9999999999999999, 1.0, 1.0, 0.6378717537385872, 0.7186870345150133, 0.7186870345150133, 0.0, 0.0, 0.0, 0.0, 0.0, 0.0, 0.0, 0.0, 0.0, 0.0, 0.0, 0.0, 0.0, 0.0, 0.0, 0.0, 0.0, 0.0, 0.0, 0.0, 0.0], [0.7608036994934082, 0.0, 0.6, 0.9803921568627451, 0.5, 0.9999999999999999, 1.0, 0.0, 0.7608036822583303, 0.5747224279196866, 0.5747224279196866, 0.0, 0.0, 0.0, 0.0, 1.0, 0.0, 0.0, 0.0, 0.0, 0.0, 0.0, 0.0, 0.0, 0.0, 0.0, 0.0, 0.0, 0.0, 0.0, 0.0, 0.0], [0.6283157467842102, 0.16666666666666666, 0.6333333333333333, 0.9803921568627451, 0.5, 0.9999999999999999, 1.0, 0.0, 0.6283157532473644, 0.4822620253965079, 0.4822620253965079, 0.0, 0.0, 0.0, 0.0, 0.0, 0.0, 0.0, 0.0, 0.0, 0.0, 0.0, 0.0, 0.0, 0.0, 0.0, 0.0, 0.0, 0.0, 0.0, 0.0, 0.0], [0.5614913105964661, 0.3333333333333333, 0.6666666666666666, 0.9803921568627451, 0.5, 0.9999999999999999, 1.0, 0.0, 0.5614913113145944, 0.501988284559135, 0.501988284559135, 0.0, 0.0, 0.0, 0.0, 0.0, 0.0, 0.0, 0.0, 0.0, 0.0, 0.0, 0.0, 0.0, 0.0, 0.0, 0.0, 0.0, 0.0, 0.0, 0.0, 0.0]]",0.5985963940620422,99.36700141429901,2.0,21.0,51.0,3.0,11.999999999999998,4.0,0.0,93.20755767822267,83.3300552368164,83.3300552368164,0.0,0.0,0.0,0.0,0.0,0.0,0.0,0.0,0.0,0.0,0.0,0.0,0.0,0.0,0.0,0.0,0.0,0.0,0.0,0.0,0.0,0.3333333333333333,0.6666666666666666,0.9803921568627451,0.5,0.9999999999999999,1.0,0.0,0.5614913113145944,0.501988284559135,0.501988284559135,0.0,0.0,0.0,0.0,0.0,0.0,0.0,0.0,0.0,0.0,0.0,0.0,0.0,0.0,0.0,0.0,0.0,0.0,0.0,0.0,0.0
89,"[[0.5287479758262634, 0.6666666666666666, 0.5, 0.9607843137254901, 0.5, 0.9999999999999999, 1.0, 0.0, 0.5287479722356222, 0.5365331259118505, 0.5365331259118505, 0.0, 0.0, 0.0, 0.0, 0.0, 1.0, 0.0, 0.0, 0.0, 0.0, 0.0, 0.0, 0.0, 0.0, 0.0, 0.0, 0.0, 0.0, 0.0, 0.0, 0.0], [0.6053885221481323, 0.8333333333333333, 0.5333333333333333, 0.9607843137254901, 0.5, 0.9999999999999999, 1.0, 1.0, 0.6053885034767978, 0.5758892197206796, 0.5758892197206796, 0.0, 0.0, 0.0, 0.0, 0.0, 0.0, 0.0, 0.0, 0.0, 0.0, 0.0, 0.0, 0.0, 0.0, 0.0, 0.0, 0.0, 0.0, 0.0, 0.0, 0.0], [0.6378717422485352, 1.0, 0.5666666666666667, 0.9607843137254901, 0.5, 0.9999999999999999, 1.0, 1.0, 0.6378717537385872, 0.7186870345150133, 0.7186870345150133, 0.0, 0.0, 0.0, 0.0, 0.0, 0.0, 0.0, 0.0, 0.0, 0.0, 0.0, 0.0, 0.0, 0.0, 0.0, 0.0, 0.0, 0.0, 0.0, 0.0, 0.0], [0.7608036994934082, 0.0, 0.6, 0.9803921568627451, 0.5, 0.9999999999999999, 1.0, 0.0, 0.7608036822583303, 0.5747224279196866, 0.5747224279196866, 0.0, 0.0, 0.0, 0.0, 1.0, 0.0, 0.0, 0.0, 0.0, 0.0, 0.0, 0.0, 0.0, 0.0, 0.0, 0.0, 0.0, 0.0, 0.0, 0.0, 0.0], [0.6283157467842102, 0.16666666666666666, 0.6333333333333333, 0.9803921568627451, 0.5, 0.9999999999999999, 1.0, 0.0, 0.6283157532473644, 0.4822620253965079, 0.4822620253965079, 0.0, 0.0, 0.0, 0.0, 0.0, 0.0, 0.0, 0.0, 0.0, 0.0, 0.0, 0.0, 0.0, 0.0, 0.0, 0.0, 0.0, 0.0, 0.0, 0.0, 0.0], [0.5614913105964661, 0.3333333333333333, 0.6666666666666666, 0.9803921568627451, 0.5, 0.9999999999999999, 1.0, 0.0, 0.5614913113145944, 0.501988284559135, 0.501988284559135, 0.0, 0.0, 0.0, 0.0, 0.0, 0.0, 0.0, 0.0, 0.0, 0.0, 0.0, 0.0, 0.0, 0.0, 0.0, 0.0, 0.0, 0.0, 0.0, 0.0, 0.0], [0.5985963940620422, 0.5, 0.7, 0.9803921568627451, 0.75, 0.9999999999999999, 1.0, 0.0, 0.5985964120152485, 0.5287479722356222, 0.5287479722356222, 0.0, 0.0, 0.0, 0.0, 0.0, 0.0, 0.0, 0.0, 0.0, 0.0, 0.0, 0.0, 0.0, 0.0, 0.0, 0.0, 0.0, 0.0, 0.0, 0.0, 0.0]]",0.6232941746711731,103.46683299541473,3.0,22.0,51.0,4.0,11.999999999999998,4.0,0.0,99.36700439453125,87.77216339111328,87.77216339111328,0.0,0.0,0.0,0.0,0.0,0.0,0.0,0.0,0.0,0.0,0.0,0.0,0.0,0.0,0.0,0.0,0.0,0.0,0.0,0.0,0.0,0.5,0.7,0.9803921568627451,0.75,0.9999999999999999,1.0,0.0,0.5985964120152485,0.5287479722356222,0.5287479722356222,0.0,0.0,0.0,0.0,0.0,0.0,0.0,0.0,0.0,0.0,0.0,0.0,0.0,0.0,0.0,0.0,0.0,0.0,0.0,0.0,0.0
90,"[[0.6053885221481323, 0.8333333333333333, 0.5333333333333333, 0.9607843137254901, 0.5, 0.9999999999999999, 1.0, 1.0, 0.6053885034767978, 0.5758892197206796, 0.5758892197206796, 0.0, 0.0, 0.0, 0.0, 0.0, 0.0, 0.0, 0.0, 0.0, 0.0, 0.0, 0.0, 0.0, 0.0, 0.0, 0.0, 0.0, 0.0, 0.0, 0.0, 0.0], [0.6378717422485352, 1.0, 0.5666666666666667, 0.9607843137254901, 0.5, 0.9999999999999999, 1.0, 1.0, 0.6378717537385872, 0.7186870345150133, 0.7186870345150133, 0.0, 0.0, 0.0, 0.0, 0.0, 0.0, 0.0, 0.0, 0.0, 0.0, 0.0, 0.0, 0.0, 0.0, 0.0, 0.0, 0.0, 0.0, 0.0, 0.0, 0.0], [0.7608036994934082, 0.0, 0.6, 0.9803921568627451, 0.5, 0.9999999999999999, 1.0, 0.0, 0.7608036822583303, 0.5747224279196866, 0.5747224279196866, 0.0, 0.0, 0.0, 0.0, 1.0, 0.0, 0.0, 0.0, 0.0, 0.0, 0.0, 0.0, 0.0, 0.0, 0.0, 0.0, 0.0, 0.0, 0.0, 0.0, 0.0], [0.6283157467842102, 0.16666666666666666, 0.6333333333333333, 0.9803921568627451, 0.5, 0.9999999999999999, 1.0, 0.0, 0.6283157532473644, 0.4822620253965079, 0.4822620253965079, 0.0, 0.0, 0.0, 0.0, 0.0, 0.0, 0.0, 0.0, 0.0, 0.0, 0.0, 0.0, 0.0, 0.0, 0.0, 0.0, 0.0, 0.0, 0.0, 0.0, 0.0], [0.5614913105964661, 0.3333333333333333, 0.6666666666666666, 0.9803921568627451, 0.5, 0.9999999999999999, 1.0, 0.0, 0.5614913113145944, 0.501988284559135, 0.501988284559135, 0.0, 0.0, 0.0, 0.0, 0.0, 0.0, 0.0, 0.0, 0.0, 0.0, 0.0, 0.0, 0.0, 0.0, 0.0, 0.0, 0.0, 0.0, 0.0, 0.0, 0.0], [0.5985963940620422, 0.5, 0.7, 0.9803921568627451, 0.75, 0.9999999999999999, 1.0, 0.0, 0.5985964120152485, 0.5287479722356222, 0.5287479722356222, 0.0, 0.0, 0.0, 0.0, 0.0, 0.0, 0.0, 0.0, 0.0, 0.0, 0.0, 0.0, 0.0, 0.0, 0.0, 0.0, 0.0, 0.0, 0.0, 0.0, 0.0], [0.6232941746711731, 0.6666666666666666, 0.7333333333333333, 0.9803921568627451, 0.75, 0.9999999999999999, 1.0, 0.0, 0.6232941868793533, 0.6053885034767978, 0.6053885034767978, 0.0, 0.0, 0.0, 0.0, 0.0, 1.0, 0.0, 0.0, 0.0, 0.0, 0.0, 0.0, 0.0, 0.0, 0.0, 0.0, 0.0, 0.0, 0.0, 0.0, 0.0]]",0.6897009611129761,114.49035954475403,4.0,23.0,51.0,4.0,11.999999999999998,4.0,0.0,103.46683502197264,100.49449157714844,100.49449157714844,0.0,0.0,0.0,0.0,0.0,1.0,0.0,0.0,0.0,0.0,0.0,0.0,0.0,0.0,0.0,0.0,0.0,0.0,0.0,0.0,0.0,0.6666666666666666,0.7333333333333333,0.9803921568627451,0.75,0.9999999999999999,1.0,0.0,0.6232941868793533,0.6053885034767978,0.6053885034767978,0.0,0.0,0.0,0.0,0.0,1.0,0.0,0.0,0.0,0.0,0.0,0.0,0.0,0.0,0.0,0.0,0.0,0.0,0.0,0.0,0.0
91,"[[0.6378717422485352, 1.0, 0.5666666666666667, 0.9607843137254901, 0.5, 0.9999999999999999, 1.0, 1.0, 0.6378717537385872, 0.7186870345150133, 0.7186870345150133, 0.0, 0.0, 0.0, 0.0, 0.0, 0.0, 0.0, 0.0, 0.0, 0.0, 0.0, 0.0, 0.0, 0.0, 0.0, 0.0, 0.0, 0.0, 0.0, 0.0, 0.0], [0.7608036994934082, 0.0, 0.6, 0.9803921568627451, 0.5, 0.9999999999999999, 1.0, 0.0, 0.7608036822583303, 0.5747224279196866, 0.5747224279196866, 0.0, 0.0, 0.0, 0.0, 1.0, 0.0, 0.0, 0.0, 0.0, 0.0, 0.0, 0.0, 0.0, 0.0, 0.0, 0.0, 0.0, 0.0, 0.0, 0.0, 0.0], [0.6283157467842102, 0.16666666666666666, 0.6333333333333333, 0.9803921568627451, 0.5, 0.9999999999999999, 1.0, 0.0, 0.6283157532473644, 0.4822620253965079, 0.4822620253965079, 0.0, 0.0, 0.0, 0.0, 0.0, 0.0, 0.0, 0.0, 0.0, 0.0, 0.0, 0.0, 0.0, 0.0, 0.0, 0.0, 0.0, 0.0, 0.0, 0.0, 0.0], [0.5614913105964661, 0.3333333333333333, 0.6666666666666666, 0.9803921568627451, 0.5, 0.9999999999999999, 1.0, 0.0, 0.5614913113145944, 0.501988284559135, 0.501988284559135, 0.0, 0.0, 0.0, 0.0, 0.0, 0.0, 0.0, 0.0, 0.0, 0.0, 0.0, 0.0, 0.0, 0.0, 0.0, 0.0, 0.0, 0.0, 0.0, 0.0, 0.0], [0.5985963940620422, 0.5, 0.7, 0.9803921568627451, 0.75, 0.9999999999999999, 1.0, 0.0, 0.5985964120152485, 0.5287479722356222, 0.5287479722356222, 0.0, 0.0, 0.0, 0.0, 0.0, 0.0, 0.0, 0.0, 0.0, 0.0, 0.0, 0.0, 0.0, 0.0, 0.0, 0.0, 0.0, 0.0, 0.0, 0.0, 0.0], [0.6232941746711731, 0.6666666666666666, 0.7333333333333333, 0.9803921568627451, 0.75, 0.9999999999999999, 1.0, 0.0, 0.6232941868793533, 0.6053885034767978, 0.6053885034767978, 0.0, 0.0, 0.0, 0.0, 0.0, 1.0, 0.0, 0.0, 0.0, 0.0, 0.0, 0.0, 0.0, 0.0, 0.0, 0.0, 0.0, 0.0, 0.0, 0.0, 0.0], [0.6897009611129761, 0.8333333333333333, 0.7666666666666667, 0.9803921568627451, 0.75, 0.9999999999999999, 1.0, 1.0, 0.6897009424416416, 0.6378717537385872, 0.6378717537385872, 0.0, 0.0, 0.0, 0.0, 0.0, 0.0, 0.0, 0.0, 0.0, 0.0, 1.0, 0.0, 0.0, 0.0, 0.0, 0.0, 0.0, 0.0, 0.0, 0.0, 0.0]]",0.9106577038764954,151.16917884349823,5.0,24.0,51.0,4.0,11.999999999999998,4.0,1.0,114.4903564453125,105.88671112060547,105.88671112060547,0.0,0.0,0.0,0.0,0.0,0.0,0.0,0.0,0.0,0.0,1.0,0.0,0.0,0.0,0.0,0.0,0.0,0.0,0.0,0.0,0.0,0.8333333333333333,0.7666666666666667,0.9803921568627451,0.75,0.9999999999999999,1.0,1.0,0.6897009424416416,0.6378717537385872,0.6378717537385872,0.0,0.0,0.0,0.0,0.0,0.0,0.0,0.0,0.0,0.0,1.0,0.0,0.0,0.0,0.0,0.0,0.0,0.0,0.0,0.0,0.0
92,"[[0.7608036994934082, 0.0, 0.6, 0.9803921568627451, 0.5, 0.9999999999999999, 1.0, 0.0, 0.7608036822583303, 0.5747224279196866, 0.5747224279196866, 0.0, 0.0, 0.0, 0.0, 1.0, 0.0, 0.0, 0.0, 0.0, 0.0, 0.0, 0.0, 0.0, 0.0, 0.0, 0.0, 0.0, 0.0, 0.0, 0.0, 0.0], [0.6283157467842102, 0.16666666666666666, 0.6333333333333333, 0.9803921568627451, 0.5, 0.9999999999999999, 1.0, 0.0, 0.6283157532473644, 0.4822620253965079, 0.4822620253965079, 0.0, 0.0, 0.0, 0.0, 0.0, 0.0, 0.0, 0.0, 0.0, 0.0, 0.0, 0.0, 0.0, 0.0, 0.0, 0.0, 0.0, 0.0, 0.0, 0.0, 0.0], [0.5614913105964661, 0.3333333333333333, 0.6666666666666666, 0.9803921568627451, 0.5, 0.9999999999999999, 1.0, 0.0, 0.5614913113145944, 0.501988284559135, 0.501988284559135, 0.0, 0.0, 0.0, 0.0, 0.0, 0.0, 0.0, 0.0, 0.0, 0.0, 0.0, 0.0, 0.0, 0.0, 0.0, 0.0, 0.0, 0.0, 0.0, 0.0, 0.0], [0.5985963940620422, 0.5, 0.7, 0.9803921568627451, 0.75, 0.9999999999999999, 1.0, 0.0, 0.5985964120152485, 0.5287479722356222, 0.5287479722356222, 0.0, 0.0, 0.0, 0.0, 0.0, 0.0, 0.0, 0.0, 0.0, 0.0, 0.0, 0.0, 0.0, 0.0, 0.0, 0.0, 0.0, 0.0, 0.0, 0.0, 0.0], [0.6232941746711731, 0.6666666666666666, 0.7333333333333333, 0.9803921568627451, 0.75, 0.9999999999999999, 1.0, 0.0, 0.6232941868793533, 0.6053885034767978, 0.6053885034767978, 0.0, 0.0, 0.0, 0.0, 0.0, 1.0, 0.0, 0.0, 0.0, 0.0, 0.0, 0.0, 0.0, 0.0, 0.0, 0.0, 0.0, 0.0, 0.0, 0.0, 0.0], [0.6897009611129761, 0.8333333333333333, 0.7666666666666667, 0.9803921568627451, 0.75, 0.9999999999999999, 1.0, 1.0, 0.6897009424416416, 0.6378717537385872, 0.6378717537385872, 0.0, 0.0, 0.0, 0.0, 0.0, 0.0, 0.0, 0.0, 0.0, 0.0, 1.0, 0.0, 0.0, 0.0, 0.0, 0.0, 0.0, 0.0, 0.0, 0.0, 0.0], [0.9106577038764954, 1.0, 0.8, 0.9803921568627451, 0.75, 0.9999999999999999, 1.0, 1.0, 0.9106576758694936, 0.7608036822583303, 0.7608036822583303, 0.0, 0.0, 0.0, 0.0, 0.0, 0.0, 0.0, 0.0, 0.0, 1.0, 0.0, 0.0, 0.0, 0.0, 0.0, 0.0, 0.0, 0.0, 0.0, 0.0, 0.0]]",0.08075033128261566,13.4045549929142,6.0,25.0,51.0,4.0,11.999999999999998,4.0,1.0,151.16917419433594,126.29341125488283,126.29341125488283,0.0,0.0,0.0,0.0,0.0,0.0,0.0,0.0,0.0,1.0,0.0,0.0,0.0,0.0,0.0,0.0,0.0,0.0,0.0,0.0,0.0,1.0,0.8,0.9803921568627451,0.75,0.9999999999999999,1.0,1.0,0.9106576758694936,0.7608036822583303,0.7608036822583303,0.0,0.0,0.0,0.0,0.0,0.0,0.0,0.0,0.0,1.0,0.0,0.0,0.0,0.0,0.0,0.0,0.0,0.0,0.0,0.0,0.0
93,"[[0.6283157467842102, 0.16666666666666666, 0.6333333333333333, 0.9803921568627451, 0.5, 0.9999999999999999, 1.0, 0.0, 0.6283157532473644, 0.4822620253965079, 0.4822620253965079, 0.0, 0.0, 0.0, 0.0, 0.0, 0.0, 0.0, 0.0, 0.0, 0.0, 0.0, 0.0, 0.0, 0.0, 0.0, 0.0, 0.0, 0.0, 0.0, 0.0, 0.0], [0.5614913105964661, 0.3333333333333333, 0.6666666666666666, 0.9803921568627451, 0.5, 0.9999999999999999, 1.0, 0.0, 0.5614913113145944, 0.501988284559135, 0.501988284559135, 0.0, 0.0, 0.0, 0.0, 0.0, 0.0, 0.0, 0.0, 0.0, 0.0, 0.0, 0.0, 0.0, 0.0, 0.0, 0.0, 0.0, 0.0, 0.0, 0.0, 0.0], [0.5985963940620422, 0.5, 0.7, 0.9803921568627451, 0.75, 0.9999999999999999, 1.0, 0.0, 0.5985964120152485, 0.5287479722356222, 0.5287479722356222, 0.0, 0.0, 0.0, 0.0, 0.0, 0.0, 0.0, 0.0, 0.0, 0.0, 0.0, 0.0, 0.0, 0.0, 0.0, 0.0, 0.0, 0.0, 0.0, 0.0, 0.0], [0.6232941746711731, 0.6666666666666666, 0.7333333333333333, 0.9803921568627451, 0.75, 0.9999999999999999, 1.0, 0.0, 0.6232941868793533, 0.6053885034767978, 0.6053885034767978, 0.0, 0.0, 0.0, 0.0, 0.0, 1.0, 0.0, 0.0, 0.0, 0.0, 0.0, 0.0, 0.0, 0.0, 0.0, 0.0, 0.0, 0.0, 0.0, 0.0, 0.0], [0.6897009611129761, 0.8333333333333333, 0.7666666666666667, 0.9803921568627451, 0.75, 0.9999999999999999, 1.0, 1.0, 0.6897009424416416, 0.6378717537385872, 0.6378717537385872, 0.0, 0.0, 0.0, 0.0, 0.0, 0.0, 0.0, 0.0, 0.0, 0.0, 1.0, 0.0, 0.0, 0.0, 0.0, 0.0, 0.0, 0.0, 0.0, 0.0, 0.0], [0.9106577038764954, 1.0, 0.8, 0.9803921568627451, 0.75, 0.9999999999999999, 1.0, 1.0, 0.9106576758694936, 0.7608036822583303, 0.7608036822583303, 0.0, 0.0, 0.0, 0.0, 0.0, 0.0, 0.0, 0.0, 0.0, 1.0, 0.0, 0.0, 0.0, 0.0, 0.0, 0.0, 0.0, 0.0, 0.0, 0.0, 0.0], [0.08075033128261566, 0.0, 0.8333333333333334, 0.9999999999999999, 0.75, 0.9999999999999999, 1.0, 0.0, 0.08075033325746836, 0.6283157532473644, 0.6283157532473644, 0.0, 0.0, 0.0, 0.0, 1.0, 0.0, 0.0, 0.0, 0.0, 0.0, 0.0, 0.0, 0.0, 0.0, 0.0, 0.0, 0.0, 0.0, 0.0, 0.0, 0.0]]",0.2987397015094757,49.59079045057297,0.0,26.0,52.0,4.0,11.999999999999998,4.0,0.0,13.404555320739748,104.30041503906249,104.30041503906249,0.0,0.0,0.0,0.0,1.0,0.0,0.0,0.0,0.0,0.0,0.0,0.0,0.0,0.0,0.0,0.0,0.0,0.0,0.0,0.0,0.0,0.0,0.8333333333333334,0.9999999999999999,0.75,0.9999999999999999,1.0,0.0,0.08075033325746836,0.6283157532473644,0.6283157532473644,0.0,0.0,0.0,0.0,1.0,0.0,0.0,0.0,0.0,0.0,0.0,0.0,0.0,0.0,0.0,0.0,0.0,0.0,0.0,0.0,0.0
94,"[[0.5614913105964661, 0.3333333333333333, 0.6666666666666666, 0.9803921568627451, 0.5, 0.9999999999999999, 1.0, 0.0, 0.5614913113145944, 0.501988284559135, 0.501988284559135, 0.0, 0.0, 0.0, 0.0, 0.0, 0.0, 0.0, 0.0, 0.0, 0.0, 0.0, 0.0, 0.0, 0.0, 0.0, 0.0, 0.0, 0.0, 0.0, 0.0, 0.0], [0.5985963940620422, 0.5, 0.7, 0.9803921568627451, 0.75, 0.9999999999999999, 1.0, 0.0, 0.5985964120152485, 0.5287479722356222, 0.5287479722356222, 0.0, 0.0, 0.0, 0.0, 0.0, 0.0, 0.0, 0.0, 0.0, 0.0, 0.0, 0.0, 0.0, 0.0, 0.0, 0.0, 0.0, 0.0, 0.0, 0.0, 0.0], [0.6232941746711731, 0.6666666666666666, 0.7333333333333333, 0.9803921568627451, 0.75, 0.9999999999999999, 1.0, 0.0, 0.6232941868793533, 0.6053885034767978, 0.6053885034767978, 0.0, 0.0, 0.0, 0.0, 0.0, 1.0, 0.0, 0.0, 0.0, 0.0, 0.0, 0.0, 0.0, 0.0, 0.0, 0.0, 0.0, 0.0, 0.0, 0.0, 0.0], [0.6897009611129761, 0.8333333333333333, 0.7666666666666667, 0.9803921568627451, 0.75, 0.9999999999999999, 1.0, 1.0, 0.6897009424416416, 0.6378717537385872, 0.6378717537385872, 0.0, 0.0, 0.0, 0.0, 0.0, 0.0, 0.0, 0.0, 0.0, 0.0, 1.0, 0.0, 0.0, 0.0, 0.0, 0.0, 0.0, 0.0, 0.0, 0.0, 0.0], [0.9106577038764954, 1.0, 0.8, 0.9803921568627451, 0.75, 0.9999999999999999, 1.0, 1.0, 0.9106576758694936, 0.7608036822583303, 0.7608036822583303, 0.0, 0.0, 0.0, 0.0, 0.0, 0.0, 0.0, 0.0, 0.0, 1.0, 0.0, 0.0, 0.0, 0.0, 0.0, 0.0, 0.0, 0.0, 0.0, 0.0, 0.0], [0.08075033128261566, 0.0, 0.8333333333333334, 0.9999999999999999, 0.75, 0.9999999999999999, 1.0, 0.0, 0.08075033325746836, 0.6283157532473644, 0.6283157532473644, 0.0, 0.0, 0.0, 0.0, 1.0, 0.0, 0.0, 0.0, 0.0, 0.0, 0.0, 0.0, 0.0, 0.0, 0.0, 0.0, 0.0, 0.0, 0.0, 0.0, 0.0], [0.2987397015094757, 0.16666666666666666, 0.8666666666666667, 0.9999999999999999, 0.75, 0.9999999999999999, 1.0, 0.0, 0.29873969755977037, 0.5614913113145944, 0.5614913113145944, 0.0, 0.0, 0.0, 0.0, 0.0, 0.0, 0.0, 0.0, 0.0, 0.0, 0.0, 0.0, 0.0, 0.0, 0.0, 0.0, 0.0, 0.0, 0.0, 0.0, 0.0]]",0.4705258309841156,78.10728794336319,1.0,27.0,52.0,4.0,11.999999999999998,4.0,0.0,49.590789794921875,93.20755767822267,93.20755767822267,0.0,0.0,0.0,0.0,0.0,0.0,0.0,0.0,0.0,0.0,0.0,0.0,0.0,0.0,0.0,0.0,0.0,0.0,0.0,0.0,0.0,0.16666666666666666,0.8666666666666667,0.9999999999999999,0.75,0.9999999999999999,1.0,0.0,0.29873969755977037,0.5614913113145944,0.5614913113145944,0.0,0.0,0.0,0.0,0.0,0.0,0.0,0.0,0.0,0.0,0.0,0.0,0.0,0.0,0.0,0.0,0.0,0.0,0.0,0.0,0.0
95,"[[0.5985963940620422, 0.5, 0.7, 0.9803921568627451, 0.75, 0.9999999999999999, 1.0, 0.0, 0.5985964120152485, 0.5287479722356222, 0.5287479722356222, 0.0, 0.0, 0.0, 0.0, 0.0, 0.0, 0.0, 0.0, 0.0, 0.0, 0.0, 0.0, 0.0, 0.0, 0.0, 0.0, 0.0, 0.0, 0.0, 0.0, 0.0], [0.6232941746711731, 0.6666666666666666, 0.7333333333333333, 0.9803921568627451, 0.75, 0.9999999999999999, 1.0, 0.0, 0.6232941868793533, 0.6053885034767978, 0.6053885034767978, 0.0, 0.0, 0.0, 0.0, 0.0, 1.0, 0.0, 0.0, 0.0, 0.0, 0.0, 0.0, 0.0, 0.0, 0.0, 0.0, 0.0, 0.0, 0.0, 0.0, 0.0], [0.6897009611129761, 0.8333333333333333, 0.7666666666666667, 0.9803921568627451, 0.75, 0.9999999999999999, 1.0, 1.0, 0.6897009424416416, 0.6378717537385872, 0.6378717537385872, 0.0, 0.0, 0.0, 0.0, 0.0, 0.0, 0.0, 0.0, 0.0, 0.0, 1.0, 0.0, 0.0, 0.0, 0.0, 0.0, 0.0, 0.0, 0.0, 0.0, 0.0], [0.9106577038764954, 1.0, 0.8, 0.9803921568627451, 0.75, 0.9999999999999999, 1.0, 1.0, 0.9106576758694936, 0.7608036822583303, 0.7608036822583303, 0.0, 0.0, 0.0, 0.0, 0.0, 0.0, 0.0, 0.0, 0.0, 1.0, 0.0, 0.0, 0.0, 0.0, 0.0, 0.0, 0.0, 0.0, 0.0, 0.0, 0.0], [0.08075033128261566, 0.0, 0.8333333333333334, 0.9999999999999999, 0.75, 0.9999999999999999, 1.0, 0.0, 0.08075033325746836, 0.6283157532473644, 0.6283157532473644, 0.0, 0.0, 0.0, 0.0, 1.0, 0.0, 0.0, 0.0, 0.0, 0.0, 0.0, 0.0, 0.0, 0.0, 0.0, 0.0, 0.0, 0.0, 0.0, 0.0, 0.0], [0.2987397015094757, 0.16666666666666666, 0.8666666666666667, 0.9999999999999999, 0.75, 0.9999999999999999, 1.0, 0.0, 0.29873969755977037, 0.5614913113145944, 0.5614913113145944, 0.0, 0.0, 0.0, 0.0, 0.0, 0.0, 0.0, 0.0, 0.0, 0.0, 0.0, 0.0, 0.0, 0.0, 0.0, 0.0, 0.0, 0.0, 0.0, 0.0, 0.0], [0.4705258309841156, 0.3333333333333333, 0.9, 0.9999999999999999, 0.75, 0.9999999999999999, 1.0, 0.0, 0.4705258105174605, 0.5985964120152485, 0.5985964120152485, 0.0, 0.0, 0.0, 0.0, 0.0, 0.0, 0.0, 0.0, 0.0, 0.0, 0.0, 0.0, 0.0, 0.0, 0.0, 0.0, 0.0, 0.0, 0.0, 0.0, 0.0]]",0.5117893815040588,84.95703732967377,2.0,28.0,52.0,4.0,11.999999999999998,4.0,0.0,78.10728454589844,99.36700439453125,99.36700439453125,0.0,0.0,0.0,0.0,0.0,0.0,0.0,0.0,0.0,0.0,0.0,0.0,0.0,0.0,0.0,0.0,0.0,0.0,0.0,0.0,0.0,0.3333333333333333,0.9,0.9999999999999999,0.75,0.9999999999999999,1.0,0.0,0.4705258105174605,0.5985964120152485,0.5985964120152485,0.0,0.0,0.0,0.0,0.0,0.0,0.0,0.0,0.0,0.0,0.0,0.0,0.0,0.0,0.0,0.0,0.0,0.0,0.0,0.0,0.0
96,"[[0.6232941746711731, 0.6666666666666666, 0.7333333333333333, 0.9803921568627451, 0.75, 0.9999999999999999, 1.0, 0.0, 0.6232941868793533, 0.6053885034767978, 0.6053885034767978, 0.0, 0.0, 0.0, 0.0, 0.0, 1.0, 0.0, 0.0, 0.0, 0.0, 0.0, 0.0, 0.0, 0.0, 0.0, 0.0, 0.0, 0.0, 0.0, 0.0, 0.0], [0.6897009611129761, 0.8333333333333333, 0.7666666666666667, 0.9803921568627451, 0.75, 0.9999999999999999, 1.0, 1.0, 0.6897009424416416, 0.6378717537385872, 0.6378717537385872, 0.0, 0.0, 0.0, 0.0, 0.0, 0.0, 0.0, 0.0, 0.0, 0.0, 1.0, 0.0, 0.0, 0.0, 0.0, 0.0, 0.0, 0.0, 0.0, 0.0, 0.0], [0.9106577038764954, 1.0, 0.8, 0.9803921568627451, 0.75, 0.9999999999999999, 1.0, 1.0, 0.9106576758694936, 0.7608036822583303, 0.7608036822583303, 0.0, 0.0, 0.0, 0.0, 0.0, 0.0, 0.0, 0.0, 0.0, 1.0, 0.0, 0.0, 0.0, 0.0, 0.0, 0.0, 0.0, 0.0, 0.0, 0.0, 0.0], [0.08075033128261566, 0.0, 0.8333333333333334, 0.9999999999999999, 0.75, 0.9999999999999999, 1.0, 0.0, 0.08075033325746836, 0.6283157532473644, 0.6283157532473644, 0.0, 0.0, 0.0, 0.0, 1.0, 0.0, 0.0, 0.0, 0.0, 0.0, 0.0, 0.0, 0.0, 0.0, 0.0, 0.0, 0.0, 0.0, 0.0, 0.0, 0.0], [0.2987397015094757, 0.16666666666666666, 0.8666666666666667, 0.9999999999999999, 0.75, 0.9999999999999999, 1.0, 0.0, 0.29873969755977037, 0.5614913113145944, 0.5614913113145944, 0.0, 0.0, 0.0, 0.0, 0.0, 0.0, 0.0, 0.0, 0.0, 0.0, 0.0, 0.0, 0.0, 0.0, 0.0, 0.0, 0.0, 0.0, 0.0, 0.0, 0.0], [0.4705258309841156, 0.3333333333333333, 0.9, 0.9999999999999999, 0.75, 0.9999999999999999, 1.0, 0.0, 0.4705258105174605, 0.5985964120152485, 0.5985964120152485, 0.0, 0.0, 0.0, 0.0, 0.0, 0.0, 0.0, 0.0, 0.0, 0.0, 0.0, 0.0, 0.0, 0.0, 0.0, 0.0, 0.0, 0.0, 0.0, 0.0, 0.0], [0.5117893815040588, 0.5, 0.9333333333333333, 0.9999999999999999, 1.0, 0.9999999999999999, 1.0, 0.0, 0.5117893908397261, 0.6232941868793533, 0.6232941868793533, 0.0, 0.0, 0.0, 0.0, 0.0, 0.0, 0.0, 0.0, 0.0, 0.0, 0.0, 0.0, 0.0, 0.0, 0.0, 0.0, 0.0, 0.0, 0.0, 0.0, 0.0]]",0.5045259594917297,83.75130927562714,3.0,29.0,52.0,5.0,11.999999999999998,4.0,0.0,84.95703887939453,103.46683502197264,103.46683502197264,0.0,0.0,0.0,0.0,0.0,0.0,0.0,0.0,0.0,0.0,0.0,0.0,0.0,0.0,0.0,0.0,0.0,0.0,0.0,0.0,0.0,0.5,0.9333333333333333,0.9999999999999999,1.0,0.9999999999999999,1.0,0.0,0.5117893908397261,0.6232941868793533,0.6232941868793533,0.0,0.0,0.0,0.0,0.0,0.0,0.0,0.0,0.0,0.0,0.0,0.0,0.0,0.0,0.0,0.0,0.0,0.0,0.0,0.0,0.0
97,"[[0.6897009611129761, 0.8333333333333333, 0.7666666666666667, 0.9803921568627451, 0.75, 0.9999999999999999, 1.0, 1.0, 0.6897009424416416, 0.6378717537385872, 0.6378717537385872, 0.0, 0.0, 0.0, 0.0, 0.0, 0.0, 0.0, 0.0, 0.0, 0.0, 1.0, 0.0, 0.0, 0.0, 0.0, 0.0, 0.0, 0.0, 0.0, 0.0, 0.0], [0.9106577038764954, 1.0, 0.8, 0.9803921568627451, 0.75, 0.9999999999999999, 1.0, 1.0, 0.9106576758694936, 0.7608036822583303, 0.7608036822583303, 0.0, 0.0, 0.0, 0.0, 0.0, 0.0, 0.0, 0.0, 0.0, 1.0, 0.0, 0.0, 0.0, 0.0, 0.0, 0.0, 0.0, 0.0, 0.0, 0.0, 0.0], [0.08075033128261566, 0.0, 0.8333333333333334, 0.9999999999999999, 0.75, 0.9999999999999999, 1.0, 0.0, 0.08075033325746836, 0.6283157532473644, 0.6283157532473644, 0.0, 0.0, 0.0, 0.0, 1.0, 0.0, 0.0, 0.0, 0.0, 0.0, 0.0, 0.0, 0.0, 0.0, 0.0, 0.0, 0.0, 0.0, 0.0, 0.0, 0.0], [0.2987397015094757, 0.16666666666666666, 0.8666666666666667, 0.9999999999999999, 0.75, 0.9999999999999999, 1.0, 0.0, 0.29873969755977037, 0.5614913113145944, 0.5614913113145944, 0.0, 0.0, 0.0, 0.0, 0.0, 0.0, 0.0, 0.0, 0.0, 0.0, 0.0, 0.0, 0.0, 0.0, 0.0, 0.0, 0.0, 0.0, 0.0, 0.0, 0.0], [0.4705258309841156, 0.3333333333333333, 0.9, 0.9999999999999999, 0.75, 0.9999999999999999, 1.0, 0.0, 0.4705258105174605, 0.5985964120152485, 0.5985964120152485, 0.0, 0.0, 0.0, 0.0, 0.0, 0.0, 0.0, 0.0, 0.0, 0.0, 0.0, 0.0, 0.0, 0.0, 0.0, 0.0, 0.0, 0.0, 0.0, 0.0, 0.0], [0.5117893815040588, 0.5, 0.9333333333333333, 0.9999999999999999, 1.0, 0.9999999999999999, 1.0, 0.0, 0.5117893908397261, 0.6232941868793533, 0.6232941868793533, 0.0, 0.0, 0.0, 0.0, 0.0, 0.0, 0.0, 0.0, 0.0, 0.0, 0.0, 0.0, 0.0, 0.0, 0.0, 0.0, 0.0, 0.0, 0.0, 0.0, 0.0], [0.5045259594917297, 0.6666666666666666, 0.9666666666666667, 0.9999999999999999, 1.0, 0.9999999999999999, 1.0, 0.0, 0.504525977444936, 0.6897009424416416, 0.6897009424416416, 0.0, 0.0, 0.0, 0.0, 0.0, 1.0, 0.0, 0.0, 0.0, 0.0, 0.0, 0.0, 0.0, 0.0, 0.0, 0.0, 0.0, 0.0, 0.0, 0.0, 0.0]]",0.6032786965370178,100.14426362514496,4.0,30.0,52.0,5.0,11.999999999999998,4.0,0.0,83.75131225585938,114.4903564453125,114.4903564453125,0.0,0.0,0.0,0.0,0.0,1.0,0.0,0.0,0.0,0.0,0.0,0.0,0.0,0.0,0.0,0.0,0.0,0.0,0.0,0.0,0.0,0.6666666666666666,0.9666666666666667,0.9999999999999999,1.0,0.9999999999999999,1.0,0.0,0.504525977444936,0.6897009424416416,0.6897009424416416,0.0,0.0,0.0,0.0,0.0,1.0,0.0,0.0,0.0,0.0,0.0,0.0,0.0,0.0,0.0,0.0,0.0,0.0,0.0,0.0,0.0
98,"[[0.9106577038764954, 1.0, 0.8, 0.9803921568627451, 0.75, 0.9999999999999999, 1.0, 1.0, 0.9106576758694936, 0.7608036822583303, 0.7608036822583303, 0.0, 0.0, 0.0, 0.0, 0.0, 0.0, 0.0, 0.0, 0.0, 1.0, 0.0, 0.0, 0.0, 0.0, 0.0, 0.0, 0.0, 0.0, 0.0, 0.0, 0.0], [0.08075033128261566, 0.0, 0.8333333333333334, 0.9999999999999999, 0.75, 0.9999999999999999, 1.0, 0.0, 0.08075033325746836, 0.6283157532473644, 0.6283157532473644, 0.0, 0.0, 0.0, 0.0, 1.0, 0.0, 0.0, 0.0, 0.0, 0.0, 0.0, 0.0, 0.0, 0.0, 0.0, 0.0, 0.0, 0.0, 0.0, 0.0, 0.0], [0.2987397015094757, 0.16666666666666666, 0.8666666666666667, 0.9999999999999999, 0.75, 0.9999999999999999, 1.0, 0.0, 0.29873969755977037, 0.5614913113145944, 0.5614913113145944, 0.0, 0.0, 0.0, 0.0, 0.0, 0.0, 0.0, 0.0, 0.0, 0.0, 0.0, 0.0, 0.0, 0.0, 0.0, 0.0, 0.0, 0.0, 0.0, 0.0, 0.0], [0.4705258309841156, 0.3333333333333333, 0.9, 0.9999999999999999, 0.75, 0.9999999999999999, 1.0, 0.0, 0.4705258105174605, 0.5985964120152485, 0.5985964120152485, 0.0, 0.0, 0.0, 0.0, 0.0, 0.0, 0.0, 0.0, 0.0, 0.0, 0.0, 0.0, 0.0, 0.0, 0.0, 0.0, 0.0, 0.0, 0.0, 0.0, 0.0], [0.5117893815040588, 0.5, 0.9333333333333333, 0.9999999999999999, 1.0, 0.9999999999999999, 1.0, 0.0, 0.5117893908397261, 0.6232941868793533, 0.6232941868793533, 0.0, 0.0, 0.0, 0.0, 0.0, 0.0, 0.0, 0.0, 0.0, 0.0, 0.0, 0.0, 0.0, 0.0, 0.0, 0.0, 0.0, 0.0, 0.0, 0.0, 0.0], [0.5045259594917297, 0.6666666666666666, 0.9666666666666667, 0.9999999999999999, 1.0, 0.9999999999999999, 1.0, 0.0, 0.504525977444936, 0.6897009424416416, 0.6897009424416416, 0.0, 0.0, 0.0, 0.0, 0.0, 1.0, 0.0, 0.0, 0.0, 0.0, 0.0, 0.0, 0.0, 0.0, 0.0, 0.0, 0.0, 0.0, 0.0, 0.0, 0.0], [0.6032786965370178, 0.8333333333333333, 0.9999999999999999, 0.9999999999999999, 1.0, 0.9999999999999999, 1.0, 1.0, 0.603278700127659, 0.9106576758694936, 0.9106576758694936, 0.0, 1.0, 0.0, 1.0, 0.0, 0.0, 0.0, 0.0, 0.0, 0.0, 0.0, 1.0, 0.0, 0.0, 0.0, 0.0, 0.0, 0.0, 0.0, 0.0, 0.0]]",0.786479115486145,130.55553317070007,5.0,30.999999999999996,52.0,5.0,11.999999999999998,4.0,1.0,100.14426422119139,151.16917419433594,151.16917419433594,0.0,1.0,0.0,1.0,0.0,0.0,0.0,0.0,0.0,0.0,0.0,1.0,0.0,0.0,0.0,0.0,0.0,0.0,0.0,0.0,0.0,0.8333333333333333,0.9999999999999999,0.9999999999999999,1.0,0.9999999999999999,1.0,1.0,0.603278700127659,0.9106576758694936,0.9106576758694936,0.0,1.0,0.0,1.0,0.0,0.0,0.0,0.0,0.0,0.0,0.0,1.0,0.0,0.0,0.0,0.0,0.0,0.0,0.0,0.0,0.0
99,"[[0.08075033128261566, 0.0, 0.8333333333333334, 0.9999999999999999, 0.75, 0.9999999999999999, 1.0, 0.0, 0.08075033325746836, 0.6283157532473644, 0.6283157532473644, 0.0, 0.0, 0.0, 0.0, 1.0, 0.0, 0.0, 0.0, 0.0, 0.0, 0.0, 0.0, 0.0, 0.0, 0.0, 0.0, 0.0, 0.0, 0.0, 0.0, 0.0], [0.2987397015094757, 0.16666666666666666, 0.8666666666666667, 0.9999999999999999, 0.75, 0.9999999999999999, 1.0, 0.0, 0.29873969755977037, 0.5614913113145944, 0.5614913113145944, 0.0, 0.0, 0.0, 0.0, 0.0, 0.0, 0.0, 0.0, 0.0, 0.0, 0.0, 0.0, 0.0, 0.0, 0.0, 0.0, 0.0, 0.0, 0.0, 0.0, 0.0], [0.4705258309841156, 0.3333333333333333, 0.9, 0.9999999999999999, 0.75, 0.9999999999999999, 1.0, 0.0, 0.4705258105174605, 0.5985964120152485, 0.5985964120152485, 0.0, 0.0, 0.0, 0.0, 0.0, 0.0, 0.0, 0.0, 0.0, 0.0, 0.0, 0.0, 0.0, 0.0, 0.0, 0.0, 0.0, 0.0, 0.0, 0.0, 0.0], [0.5117893815040588, 0.5, 0.9333333333333333, 0.9999999999999999, 1.0, 0.9999999999999999, 1.0, 0.0, 0.5117893908397261, 0.6232941868793533, 0.6232941868793533, 0.0, 0.0, 0.0, 0.0, 0.0, 0.0, 0.0, 0.0, 0.0, 0.0, 0.0, 0.0, 0.0, 0.0, 0.0, 0.0, 0.0, 0.0, 0.0, 0.0, 0.0], [0.5045259594917297, 0.6666666666666666, 0.9666666666666667, 0.9999999999999999, 1.0, 0.9999999999999999, 1.0, 0.0, 0.504525977444936, 0.6897009424416416, 0.6897009424416416, 0.0, 0.0, 0.0, 0.0, 0.0, 1.0, 0.0, 0.0, 0.0, 0.0, 0.0, 0.0, 0.0, 0.0, 0.0, 0.0, 0.0, 0.0, 0.0, 0.0, 0.0], [0.6032786965370178, 0.8333333333333333, 0.9999999999999999, 0.9999999999999999, 1.0, 0.9999999999999999, 1.0, 1.0, 0.603278700127659, 0.9106576758694936, 0.9106576758694936, 0.0, 1.0, 0.0, 1.0, 0.0, 0.0, 0.0, 0.0, 0.0, 0.0, 0.0, 1.0, 0.0, 0.0, 0.0, 0.0, 0.0, 0.0, 0.0, 0.0, 0.0], [0.786479115486145, 1.0, 0.0, 0.9999999999999999, 0.0, 0.0, 0.0, 1.0, 0.7864790767072195, 0.08075033325746836, 0.08075033325746836, 1.0, 0.0, 1.0, 0.0, 0.0, 0.0, 0.0, 0.0, 0.0, 0.0, 0.0, 0.0, 0.0, 0.0, 0.0, 0.0, 0.0, 0.0, 0.0, 0.0, 0.0]]",0.3918440043926239,65.04610472917557,6.0,1.0,52.0,1.0,1.0,1.0,1.0,130.55552673339844,13.404555320739748,13.404555320739748,1.0,0.0,1.0,0.0,0.0,0.0,0.0,0.0,0.0,0.0,0.0,0.0,0.0,0.0,0.0,0.0,0.0,0.0,0.0,0.0,0.0,1.0,0.0,0.9999999999999999,0.0,0.0,0.0,1.0,0.7864790767072195,0.08075033325746836,0.08075033325746836,1.0,0.0,1.0,0.0,0.0,0.0,0.0,0.0,0.0,0.0,0.0,0.0,0.0,0.0,0.0,0.0,0.0,0.0,0.0,0.0,0.0
100,"[[0.2987397015094757, 0.16666666666666666, 0.8666666666666667, 0.9999999999999999, 0.75, 0.9999999999999999, 1.0, 0.0, 0.29873969755977037, 0.5614913113145944, 0.5614913113145944, 0.0, 0.0, 0.0, 0.0, 0.0, 0.0, 0.0, 0.0, 0.0, 0.0, 0.0, 0.0, 0.0, 0.0, 0.0, 0.0, 0.0, 0.0, 0.0, 0.0, 0.0], [0.4705258309841156, 0.3333333333333333, 0.9, 0.9999999999999999, 0.75, 0.9999999999999999, 1.0, 0.0, 0.4705258105174605, 0.5985964120152485, 0.5985964120152485, 0.0, 0.0, 0.0, 0.0, 0.0, 0.0, 0.0, 0.0, 0.0, 0.0, 0.0, 0.0, 0.0, 0.0, 0.0, 0.0, 0.0, 0.0, 0.0, 0.0, 0.0], [0.5117893815040588, 0.5, 0.9333333333333333, 0.9999999999999999, 1.0, 0.9999999999999999, 1.0, 0.0, 0.5117893908397261, 0.6232941868793533, 0.6232941868793533, 0.0, 0.0, 0.0, 0.0, 0.0, 0.0, 0.0, 0.0, 0.0, 0.0, 0.0, 0.0, 0.0, 0.0, 0.0, 0.0, 0.0, 0.0, 0.0, 0.0, 0.0], [0.5045259594917297, 0.6666666666666666, 0.9666666666666667, 0.9999999999999999, 1.0, 0.9999999999999999, 1.0, 0.0, 0.504525977444936, 0.6897009424416416, 0.6897009424416416, 0.0, 0.0, 0.0, 0.0, 0.0, 1.0, 0.0, 0.0, 0.0, 0.0, 0.0, 0.0, 0.0, 0.0, 0.0, 0.0, 0.0, 0.0, 0.0, 0.0, 0.0], [0.6032786965370178, 0.8333333333333333, 0.9999999999999999, 0.9999999999999999, 1.0, 0.9999999999999999, 1.0, 1.0, 0.603278700127659, 0.9106576758694936, 0.9106576758694936, 0.0, 1.0, 0.0, 1.0, 0.0, 0.0, 0.0, 0.0, 0.0, 0.0, 0.0, 1.0, 0.0, 0.0, 0.0, 0.0, 0.0, 0.0, 0.0, 0.0, 0.0], [0.786479115486145, 1.0, 0.0, 0.9999999999999999, 0.0, 0.0, 0.0, 1.0, 0.7864790767072195, 0.08075033325746836, 0.08075033325746836, 1.0, 0.0, 1.0, 0.0, 0.0, 0.0, 0.0, 0.0, 0.0, 0.0, 0.0, 0.0, 0.0, 0.0, 0.0, 0.0, 0.0, 0.0, 0.0, 0.0, 0.0], [0.3918440043926239, 0.0, 0.03333333333333333, 0.0, 0.0, 0.0, 0.0, 0.0, 0.3918440025973033, 0.29873969755977037, 0.29873969755977037, 0.0, 0.0, 0.0, 0.0, 1.0, 0.0, 0.0, 0.0, 0.0, 0.0, 0.0, 0.0, 0.0, 0.0, 0.0, 0.0, 0.0, 0.0, 0.0, 0.0, 0.0]]",0.10258685797452927,17.029418423771858,0.0,2.0,1.0,1.0,1.0,1.0,0.0,65.04610443115234,49.590789794921875,49.590789794921875,0.0,0.0,0.0,0.0,1.0,0.0,0.0,0.0,0.0,0.0,0.0,0.0,0.0,0.0,0.0,0.0,0.0,0.0,0.0,0.0,0.0,0.0,0.03333333333333333,0.0,0.0,0.0,0.0,0.0,0.3918440025973033,0.29873969755977037,0.29873969755977037,0.0,0.0,0.0,0.0,1.0,0.0,0.0,0.0,0.0,0.0,0.0,0.0,0.0,0.0,0.0,0.0,0.0,0.0,0.0,0.0,0.0
101,"[[0.4705258309841156, 0.3333333333333333, 0.9, 0.9999999999999999, 0.75, 0.9999999999999999, 1.0, 0.0, 0.4705258105174605, 0.5985964120152485, 0.5985964120152485, 0.0, 0.0, 0.0, 0.0, 0.0, 0.0, 0.0, 0.0, 0.0, 0.0, 0.0, 0.0, 0.0, 0.0, 0.0, 0.0, 0.0, 0.0, 0.0, 0.0, 0.0], [0.5117893815040588, 0.5, 0.9333333333333333, 0.9999999999999999, 1.0, 0.9999999999999999, 1.0, 0.0, 0.5117893908397261, 0.6232941868793533, 0.6232941868793533, 0.0, 0.0, 0.0, 0.0, 0.0, 0.0, 0.0, 0.0, 0.0, 0.0, 0.0, 0.0, 0.0, 0.0, 0.0, 0.0, 0.0, 0.0, 0.0, 0.0, 0.0], [0.5045259594917297, 0.6666666666666666, 0.9666666666666667, 0.9999999999999999, 1.0, 0.9999999999999999, 1.0, 0.0, 0.504525977444936, 0.6897009424416416, 0.6897009424416416, 0.0, 0.0, 0.0, 0.0, 0.0, 1.0, 0.0, 0.0, 0.0, 0.0, 0.0, 0.0, 0.0, 0.0, 0.0, 0.0, 0.0, 0.0, 0.0, 0.0, 0.0], [0.6032786965370178, 0.8333333333333333, 0.9999999999999999, 0.9999999999999999, 1.0, 0.9999999999999999, 1.0, 1.0, 0.603278700127659, 0.9106576758694936, 0.9106576758694936, 0.0, 1.0, 0.0, 1.0, 0.0, 0.0, 0.0, 0.0, 0.0, 0.0, 0.0, 1.0, 0.0, 0.0, 0.0, 0.0, 0.0, 0.0, 0.0, 0.0, 0.0], [0.786479115486145, 1.0, 0.0, 0.9999999999999999, 0.0, 0.0, 0.0, 1.0, 0.7864790767072195, 0.08075033325746836, 0.08075033325746836, 1.0, 0.0, 1.0, 0.0, 0.0, 0.0, 0.0, 0.0, 0.0, 0.0, 0.0, 0.0, 0.0, 0.0, 0.0, 0.0, 0.0, 0.0, 0.0, 0.0, 0.0], [0.3918440043926239, 0.0, 0.03333333333333333, 0.0, 0.0, 0.0, 0.0, 0.0, 0.3918440025973033, 0.29873969755977037, 0.29873969755977037, 0.0, 0.0, 0.0, 0.0, 1.0, 0.0, 0.0, 0.0, 0.0, 0.0, 0.0, 0.0, 0.0, 0.0, 0.0, 0.0, 0.0, 0.0, 0.0, 0.0, 0.0], [0.10258685797452927, 0.16666666666666666, 0.06666666666666668, 0.0, 0.0, 0.0, 0.0, 0.0, 0.10258686111634037, 0.4705258105174605, 0.4705258105174605, 0.0, 0.0, 0.0, 0.0, 0.0, 0.0, 0.0, 0.0, 0.0, 0.0, 0.0, 0.0, 0.0, 0.0, 0.0, 0.0, 0.0, 0.0, 0.0, 0.0, 0.0]]",0.3468743860721588,57.58114808797836,1.0,3.0,1.0,1.0,1.0,1.0,0.0,17.0294189453125,78.10728454589844,78.10728454589844,0.0,0.0,0.0,0.0,0.0,0.0,0.0,0.0,0.0,0.0,0.0,0.0,0.0,0.0,0.0,0.0,0.0,0.0,0.0,0.0,0.0,0.16666666666666666,0.06666666666666668,0.0,0.0,0.0,0.0,0.0,0.10258686111634037,0.4705258105174605,0.4705258105174605,0.0,0.0,0.0,0.0,0.0,0.0,0.0,0.0,0.0,0.0,0.0,0.0,0.0,0.0,0.0,0.0,0.0,0.0,0.0,0.0,0.0
102,"[[0.5117893815040588, 0.5, 0.9333333333333333, 0.9999999999999999, 1.0, 0.9999999999999999, 1.0, 0.0, 0.5117893908397261, 0.6232941868793533, 0.6232941868793533, 0.0, 0.0, 0.0, 0.0, 0.0, 0.0, 0.0, 0.0, 0.0, 0.0, 0.0, 0.0, 0.0, 0.0, 0.0, 0.0, 0.0, 0.0, 0.0, 0.0, 0.0], [0.5045259594917297, 0.6666666666666666, 0.9666666666666667, 0.9999999999999999, 1.0, 0.9999999999999999, 1.0, 0.0, 0.504525977444936, 0.6897009424416416, 0.6897009424416416, 0.0, 0.0, 0.0, 0.0, 0.0, 1.0, 0.0, 0.0, 0.0, 0.0, 0.0, 0.0, 0.0, 0.0, 0.0, 0.0, 0.0, 0.0, 0.0, 0.0, 0.0], [0.6032786965370178, 0.8333333333333333, 0.9999999999999999, 0.9999999999999999, 1.0, 0.9999999999999999, 1.0, 1.0, 0.603278700127659, 0.9106576758694936, 0.9106576758694936, 0.0, 1.0, 0.0, 1.0, 0.0, 0.0, 0.0, 0.0, 0.0, 0.0, 0.0, 1.0, 0.0, 0.0, 0.0, 0.0, 0.0, 0.0, 0.0, 0.0, 0.0], [0.786479115486145, 1.0, 0.0, 0.9999999999999999, 0.0, 0.0, 0.0, 1.0, 0.7864790767072195, 0.08075033325746836, 0.08075033325746836, 1.0, 0.0, 1.0, 0.0, 0.0, 0.0, 0.0, 0.0, 0.0, 0.0, 0.0, 0.0, 0.0, 0.0, 0.0, 0.0, 0.0, 0.0, 0.0, 0.0, 0.0], [0.3918440043926239, 0.0, 0.03333333333333333, 0.0, 0.0, 0.0, 0.0, 0.0, 0.3918440025973033, 0.29873969755977037, 0.29873969755977037, 0.0, 0.0, 0.0, 0.0, 1.0, 0.0, 0.0, 0.0, 0.0, 0.0, 0.0, 0.0, 0.0, 0.0, 0.0, 0.0, 0.0, 0.0, 0.0, 0.0, 0.0], [0.10258685797452927, 0.16666666666666666, 0.06666666666666668, 0.0, 0.0, 0.0, 0.0, 0.0, 0.10258686111634037, 0.4705258105174605, 0.4705258105174605, 0.0, 0.0, 0.0, 0.0, 0.0, 0.0, 0.0, 0.0, 0.0, 0.0, 0.0, 0.0, 0.0, 0.0, 0.0, 0.0, 0.0, 0.0, 0.0, 0.0, 0.0], [0.3468743860721588, 0.3333333333333333, 0.1, 0.0, 0.0, 0.0, 0.0, 0.0, 0.34687437494117096, 0.5117893908397261, 0.5117893908397261, 0.0, 0.0, 0.0, 0.0, 0.0, 0.0, 0.0, 0.0, 0.0, 0.0, 0.0, 0.0, 0.0, 0.0, 0.0, 0.0, 0.0, 0.0, 0.0, 0.0, 0.0]]",0.46535855531692505,77.24952018260956,2.0,4.0,1.0,1.0,1.0,1.0,0.0,57.581146240234375,84.95703887939453,84.95703887939453,0.0,0.0,0.0,0.0,0.0,0.0,0.0,0.0,0.0,0.0,0.0,0.0,0.0,0.0,0.0,0.0,0.0,0.0,0.0,0.0,0.0,0.3333333333333333,0.1,0.0,0.0,0.0,0.0,0.0,0.34687437494117096,0.5117893908397261,0.5117893908397261,0.0,0.0,0.0,0.0,0.0,0.0,0.0,0.0,0.0,0.0,0.0,0.0,0.0,0.0,0.0,0.0,0.0,0.0,0.0,0.0,0.0
103,"[[0.5045259594917297, 0.6666666666666666, 0.9666666666666667, 0.9999999999999999, 1.0, 0.9999999999999999, 1.0, 0.0, 0.504525977444936, 0.6897009424416416, 0.6897009424416416, 0.0, 0.0, 0.0, 0.0, 0.0, 1.0, 0.0, 0.0, 0.0, 0.0, 0.0, 0.0, 0.0, 0.0, 0.0, 0.0, 0.0, 0.0, 0.0, 0.0, 0.0], [0.6032786965370178, 0.8333333333333333, 0.9999999999999999, 0.9999999999999999, 1.0, 0.9999999999999999, 1.0, 1.0, 0.603278700127659, 0.9106576758694936, 0.9106576758694936, 0.0, 1.0, 0.0, 1.0, 0.0, 0.0, 0.0, 0.0, 0.0, 0.0, 0.0, 1.0, 0.0, 0.0, 0.0, 0.0, 0.0, 0.0, 0.0, 0.0, 0.0], [0.786479115486145, 1.0, 0.0, 0.9999999999999999, 0.0, 0.0, 0.0, 1.0, 0.7864790767072195, 0.08075033325746836, 0.08075033325746836, 1.0, 0.0, 1.0, 0.0, 0.0, 0.0, 0.0, 0.0, 0.0, 0.0, 0.0, 0.0, 0.0, 0.0, 0.0, 0.0, 0.0, 0.0, 0.0, 0.0, 0.0], [0.3918440043926239, 0.0, 0.03333333333333333, 0.0, 0.0, 0.0, 0.0, 0.0, 0.3918440025973033, 0.29873969755977037, 0.29873969755977037, 0.0, 0.0, 0.0, 0.0, 1.0, 0.0, 0.0, 0.0, 0.0, 0.0, 0.0, 0.0, 0.0, 0.0, 0.0, 0.0, 0.0, 0.0, 0.0, 0.0, 0.0], [0.10258685797452927, 0.16666666666666666, 0.06666666666666668, 0.0, 0.0, 0.0, 0.0, 0.0, 0.10258686111634037, 0.4705258105174605, 0.4705258105174605, 0.0, 0.0, 0.0, 0.0, 0.0, 0.0, 0.0, 0.0, 0.0, 0.0, 0.0, 0.0, 0.0, 0.0, 0.0, 0.0, 0.0, 0.0, 0.0, 0.0, 0.0], [0.3468743860721588, 0.3333333333333333, 0.1, 0.0, 0.0, 0.0, 0.0, 0.0, 0.34687437494117096, 0.5117893908397261, 0.5117893908397261, 0.0, 0.0, 0.0, 0.0, 0.0, 0.0, 0.0, 0.0, 0.0, 0.0, 0.0, 0.0, 0.0, 0.0, 0.0, 0.0, 0.0, 0.0, 0.0, 0.0, 0.0], [0.46535855531692505, 0.5, 0.13333333333333333, 0.0, 0.0, 0.0, 0.0, 0.0, 0.4653585502900273, 0.504525977444936, 0.504525977444936, 0.0, 0.0, 0.0, 0.0, 0.0, 0.0, 0.0, 0.0, 0.0, 0.0, 0.0, 0.0, 0.0, 0.0, 0.0, 0.0, 0.0, 0.0, 0.0, 0.0, 0.0]]",0.49342620372772217,81.90874981880188,3.0,5.0,1.0,1.0,1.0,1.0,0.0,77.24951934814453,83.75131225585938,83.75131225585938,0.0,0.0,0.0,0.0,0.0,0.0,0.0,0.0,0.0,0.0,0.0,0.0,0.0,0.0,0.0,0.0,0.0,0.0,0.0,0.0,0.0,0.5,0.13333333333333333,0.0,0.0,0.0,0.0,0.0,0.4653585502900273,0.504525977444936,0.504525977444936,0.0,0.0,0.0,0.0,0.0,0.0,0.0,0.0,0.0,0.0,0.0,0.0,0.0,0.0,0.0,0.0,0.0,0.0,0.0,0.0,0.0
104,"[[0.6032786965370178, 0.8333333333333333, 0.9999999999999999, 0.9999999999999999, 1.0, 0.9999999999999999, 1.0, 1.0, 0.603278700127659, 0.9106576758694936, 0.9106576758694936, 0.0, 1.0, 0.0, 1.0, 0.0, 0.0, 0.0, 0.0, 0.0, 0.0, 0.0, 1.0, 0.0, 0.0, 0.0, 0.0, 0.0, 0.0, 0.0, 0.0, 0.0], [0.786479115486145, 1.0, 0.0, 0.9999999999999999, 0.0, 0.0, 0.0, 1.0, 0.7864790767072195, 0.08075033325746836, 0.08075033325746836, 1.0, 0.0, 1.0, 0.0, 0.0, 0.0, 0.0, 0.0, 0.0, 0.0, 0.0, 0.0, 0.0, 0.0, 0.0, 0.0, 0.0, 0.0, 0.0, 0.0, 0.0], [0.3918440043926239, 0.0, 0.03333333333333333, 0.0, 0.0, 0.0, 0.0, 0.0, 0.3918440025973033, 0.29873969755977037, 0.29873969755977037, 0.0, 0.0, 0.0, 0.0, 1.0, 0.0, 0.0, 0.0, 0.0, 0.0, 0.0, 0.0, 0.0, 0.0, 0.0, 0.0, 0.0, 0.0, 0.0, 0.0, 0.0], [0.10258685797452927, 0.16666666666666666, 0.06666666666666668, 0.0, 0.0, 0.0, 0.0, 0.0, 0.10258686111634037, 0.4705258105174605, 0.4705258105174605, 0.0, 0.0, 0.0, 0.0, 0.0, 0.0, 0.0, 0.0, 0.0, 0.0, 0.0, 0.0, 0.0, 0.0, 0.0, 0.0, 0.0, 0.0, 0.0, 0.0, 0.0], [0.3468743860721588, 0.3333333333333333, 0.1, 0.0, 0.0, 0.0, 0.0, 0.0, 0.34687437494117096, 0.5117893908397261, 0.5117893908397261, 0.0, 0.0, 0.0, 0.0, 0.0, 0.0, 0.0, 0.0, 0.0, 0.0, 0.0, 0.0, 0.0, 0.0, 0.0, 0.0, 0.0, 0.0, 0.0, 0.0, 0.0], [0.46535855531692505, 0.5, 0.13333333333333333, 0.0, 0.0, 0.0, 0.0, 0.0, 0.4653585502900273, 0.504525977444936, 0.504525977444936, 0.0, 0.0, 0.0, 0.0, 0.0, 0.0, 0.0, 0.0, 0.0, 0.0, 0.0, 0.0, 0.0, 0.0, 0.0, 0.0, 0.0, 0.0, 0.0, 0.0, 0.0], [0.49342620372772217, 0.6666666666666666, 0.16666666666666669, 0.0, 0.0, 0.0, 0.0, 0.0, 0.4934262195265437, 0.603278700127659, 0.603278700127659, 0.0, 0.0, 0.0, 0.0, 0.0, 1.0, 0.0, 0.0, 0.0, 0.0, 0.0, 0.0, 0.0, 0.0, 0.0, 0.0, 0.0, 0.0, 0.0, 0.0, 0.0]]",0.5521840453147888,91.66255152225494,4.0,6.0,1.0,1.0,1.0,1.0,0.0,81.90875244140625,100.14426422119139,100.14426422119139,0.0,0.0,0.0,0.0,0.0,1.0,0.0,0.0,0.0,0.0,0.0,0.0,0.0,0.0,0.0,0.0,0.0,0.0,0.0,0.0,0.0,0.6666666666666666,0.16666666666666669,0.0,0.0,0.0,0.0,0.0,0.4934262195265437,0.603278700127659,0.603278700127659,0.0,0.0,0.0,0.0,0.0,1.0,0.0,0.0,0.0,0.0,0.0,0.0,0.0,0.0,0.0,0.0,0.0,0.0,0.0,0.0,0.0
105,"[[0.786479115486145, 1.0, 0.0, 0.9999999999999999, 0.0, 0.0, 0.0, 1.0, 0.7864790767072195, 0.08075033325746836, 0.08075033325746836, 1.0, 0.0, 1.0, 0.0, 0.0, 0.0, 0.0, 0.0, 0.0, 0.0, 0.0, 0.0, 0.0, 0.0, 0.0, 0.0, 0.0, 0.0, 0.0, 0.0, 0.0], [0.3918440043926239, 0.0, 0.03333333333333333, 0.0, 0.0, 0.0, 0.0, 0.0, 0.3918440025973033, 0.29873969755977037, 0.29873969755977037, 0.0, 0.0, 0.0, 0.0, 1.0, 0.0, 0.0, 0.0, 0.0, 0.0, 0.0, 0.0, 0.0, 0.0, 0.0, 0.0, 0.0, 0.0, 0.0, 0.0, 0.0], [0.10258685797452927, 0.16666666666666666, 0.06666666666666668, 0.0, 0.0, 0.0, 0.0, 0.0, 0.10258686111634037, 0.4705258105174605, 0.4705258105174605, 0.0, 0.0, 0.0, 0.0, 0.0, 0.0, 0.0, 0.0, 0.0, 0.0, 0.0, 0.0, 0.0, 0.0, 0.0, 0.0, 0.0, 0.0, 0.0, 0.0, 0.0], [0.3468743860721588, 0.3333333333333333, 0.1, 0.0, 0.0, 0.0, 0.0, 0.0, 0.34687437494117096, 0.5117893908397261, 0.5117893908397261, 0.0, 0.0, 0.0, 0.0, 0.0, 0.0, 0.0, 0.0, 0.0, 0.0, 0.0, 0.0, 0.0, 0.0, 0.0, 0.0, 0.0, 0.0, 0.0, 0.0, 0.0], [0.46535855531692505, 0.5, 0.13333333333333333, 0.0, 0.0, 0.0, 0.0, 0.0, 0.4653585502900273, 0.504525977444936, 0.504525977444936, 0.0, 0.0, 0.0, 0.0, 0.0, 0.0, 0.0, 0.0, 0.0, 0.0, 0.0, 0.0, 0.0, 0.0, 0.0, 0.0, 0.0, 0.0, 0.0, 0.0, 0.0], [0.49342620372772217, 0.6666666666666666, 0.16666666666666669, 0.0, 0.0, 0.0, 0.0, 0.0, 0.4934262195265437, 0.603278700127659, 0.603278700127659, 0.0, 0.0, 0.0, 0.0, 0.0, 1.0, 0.0, 0.0, 0.0, 0.0, 0.0, 0.0, 0.0, 0.0, 0.0, 0.0, 0.0, 0.0, 0.0, 0.0, 0.0], [0.5521840453147888, 0.8333333333333333, 0.2, 0.0, 0.0, 0.0, 0.0, 1.0, 0.5521840474691736, 0.7864790767072195, 0.7864790767072195, 0.0, 0.0, 0.0, 0.0, 0.0, 0.0, 0.0, 0.0, 0.0, 0.0, 0.0, 0.0, 0.0, 0.0, 0.0, 0.0, 0.0, 0.0, 0.0, 0.0, 0.0]]",0.6421126127243042,106.5906937122345,5.0,7.0,1.0,1.0,1.0,1.0,1.0,91.66255187988281,130.55552673339844,130.55552673339844,0.0,0.0,0.0,0.0,0.0,0.0,0.0,0.0,0.0,0.0,0.0,0.0,0.0,0.0,0.0,0.0,0.0,0.0,0.0,0.0,0.0,0.8333333333333333,0.2,0.0,0.0,0.0,0.0,1.0,0.5521840474691736,0.7864790767072195,0.7864790767072195,0.0,0.0,0.0,0.0,0.0,0.0,0.0,0.0,0.0,0.0,0.0,0.0,0.0,0.0,0.0,0.0,0.0,0.0,0.0,0.0,0.0
106,"[[0.3918440043926239, 0.0, 0.03333333333333333, 0.0, 0.0, 0.0, 0.0, 0.0, 0.3918440025973033, 0.29873969755977037, 0.29873969755977037, 0.0, 0.0, 0.0, 0.0, 1.0, 0.0, 0.0, 0.0, 0.0, 0.0, 0.0, 0.0, 0.0, 0.0, 0.0, 0.0, 0.0, 0.0, 0.0, 0.0, 0.0], [0.10258685797452927, 0.16666666666666666, 0.06666666666666668, 0.0, 0.0, 0.0, 0.0, 0.0, 0.10258686111634037, 0.4705258105174605, 0.4705258105174605, 0.0, 0.0, 0.0, 0.0, 0.0, 0.0, 0.0, 0.0, 0.0, 0.0, 0.0, 0.0, 0.0, 0.0, 0.0, 0.0, 0.0, 0.0, 0.0, 0.0, 0.0], [0.3468743860721588, 0.3333333333333333, 0.1, 0.0, 0.0, 0.0, 0.0, 0.0, 0.34687437494117096, 0.5117893908397261, 0.5117893908397261, 0.0, 0.0, 0.0, 0.0, 0.0, 0.0, 0.0, 0.0, 0.0, 0.0, 0.0, 0.0, 0.0, 0.0, 0.0, 0.0, 0.0, 0.0, 0.0, 0.0, 0.0], [0.46535855531692505, 0.5, 0.13333333333333333, 0.0, 0.0, 0.0, 0.0, 0.0, 0.4653585502900273, 0.504525977444936, 0.504525977444936, 0.0, 0.0, 0.0, 0.0, 0.0, 0.0, 0.0, 0.0, 0.0, 0.0, 0.0, 0.0, 0.0, 0.0, 0.0, 0.0, 0.0, 0.0, 0.0, 0.0, 0.0], [0.49342620372772217, 0.6666666666666666, 0.16666666666666669, 0.0, 0.0, 0.0, 0.0, 0.0, 0.4934262195265437, 0.603278700127659, 0.603278700127659, 0.0, 0.0, 0.0, 0.0, 0.0, 1.0, 0.0, 0.0, 0.0, 0.0, 0.0, 0.0, 0.0, 0.0, 0.0, 0.0, 0.0, 0.0, 0.0, 0.0, 0.0], [0.5521840453147888, 0.8333333333333333, 0.2, 0.0, 0.0, 0.0, 0.0, 1.0, 0.5521840474691736, 0.7864790767072195, 0.7864790767072195, 0.0, 0.0, 0.0, 0.0, 0.0, 0.0, 0.0, 0.0, 0.0, 0.0, 0.0, 0.0, 0.0, 0.0, 0.0, 0.0, 0.0, 0.0, 0.0, 0.0, 0.0], [0.6421126127243042, 1.0, 0.23333333333333334, 0.0, 0.25, 0.0, 0.0, 1.0, 0.6421125940529697, 0.3918440025973033, 0.3918440025973033, 0.0, 0.0, 0.0, 0.0, 0.0, 0.0, 0.0, 0.0, 0.0, 0.0, 0.0, 0.0, 0.0, 0.0, 0.0, 0.0, 0.0, 0.0, 0.0, 0.0, 0.0]]",0.6534445285797119,108.47179174423218,6.0,8.0,1.0,2.0,1.0,1.0,1.0,106.59069061279297,65.04610443115234,65.04610443115234,0.0,0.0,0.0,0.0,0.0,0.0,0.0,0.0,0.0,0.0,0.0,0.0,0.0,0.0,0.0,0.0,0.0,0.0,0.0,0.0,0.0,1.0,0.23333333333333334,0.0,0.25,0.0,0.0,1.0,0.6421125940529697,0.3918440025973033,0.3918440025973033,0.0,0.0,0.0,0.0,0.0,0.0,0.0,0.0,0.0,0.0,0.0,0.0,0.0,0.0,0.0,0.0,0.0,0.0,0.0,0.0,0.0
107,"[[0.10258685797452927, 0.16666666666666666, 0.06666666666666668, 0.0, 0.0, 0.0, 0.0, 0.0, 0.10258686111634037, 0.4705258105174605, 0.4705258105174605, 0.0, 0.0, 0.0, 0.0, 0.0, 0.0, 0.0, 0.0, 0.0, 0.0, 0.0, 0.0, 0.0, 0.0, 0.0, 0.0, 0.0, 0.0, 0.0, 0.0, 0.0], [0.3468743860721588, 0.3333333333333333, 0.1, 0.0, 0.0, 0.0, 0.0, 0.0, 0.34687437494117096, 0.5117893908397261, 0.5117893908397261, 0.0, 0.0, 0.0, 0.0, 0.0, 0.0, 0.0, 0.0, 0.0, 0.0, 0.0, 0.0, 0.0, 0.0, 0.0, 0.0, 0.0, 0.0, 0.0, 0.0, 0.0], [0.46535855531692505, 0.5, 0.13333333333333333, 0.0, 0.0, 0.0, 0.0, 0.0, 0.4653585502900273, 0.504525977444936, 0.504525977444936, 0.0, 0.0, 0.0, 0.0, 0.0, 0.0, 0.0, 0.0, 0.0, 0.0, 0.0, 0.0, 0.0, 0.0, 0.0, 0.0, 0.0, 0.0, 0.0, 0.0, 0.0], [0.49342620372772217, 0.6666666666666666, 0.16666666666666669, 0.0, 0.0, 0.0, 0.0, 0.0, 0.4934262195265437, 0.603278700127659, 0.603278700127659, 0.0, 0.0, 0.0, 0.0, 0.0, 1.0, 0.0, 0.0, 0.0, 0.0, 0.0, 0.0, 0.0, 0.0, 0.0, 0.0, 0.0, 0.0, 0.0, 0.0, 0.0], [0.5521840453147888, 0.8333333333333333, 0.2, 0.0, 0.0, 0.0, 0.0, 1.0, 0.5521840474691736, 0.7864790767072195, 0.7864790767072195, 0.0, 0.0, 0.0, 0.0, 0.0, 0.0, 0.0, 0.0, 0.0, 0.0, 0.0, 0.0, 0.0, 0.0, 0.0, 0.0, 0.0, 0.0, 0.0, 0.0, 0.0], [0.6421126127243042, 1.0, 0.23333333333333334, 0.0, 0.25, 0.0, 0.0, 1.0, 0.6421125940529697, 0.3918440025973033, 0.3918440025973033, 0.0, 0.0, 0.0, 0.0, 0.0, 0.0, 0.0, 0.0, 0.0, 0.0, 0.0, 0.0, 0.0, 0.0, 0.0, 0.0, 0.0, 0.0, 0.0, 0.0, 0.0], [0.6534445285797119, 0.0, 0.26666666666666666, 0.0196078431372549, 0.25, 0.0, 0.0, 0.0, 0.6534445429422769, 0.10258686111634037, 0.10258686111634037, 0.0, 0.0, 0.0, 0.0, 1.0, 0.0, 0.0, 0.0, 0.0, 0.0, 0.0, 0.0, 0.0, 0.0, 0.0, 0.0, 0.0, 0.0, 0.0, 0.0, 0.0]]",0.4585639536380768,76.12161630392075,0.0,9.0,2.0,2.0,1.0,1.0,0.0,108.47179412841797,17.0294189453125,17.0294189453125,0.0,0.0,0.0,0.0,1.0,0.0,0.0,0.0,0.0,0.0,0.0,0.0,0.0,0.0,0.0,0.0,0.0,0.0,0.0,0.0,0.0,0.0,0.26666666666666666,0.0196078431372549,0.25,0.0,0.0,0.0,0.6534445429422769,0.10258686111634037,0.10258686111634037,0.0,0.0,0.0,0.0,1.0,0.0,0.0,0.0,0.0,0.0,0.0,0.0,0.0,0.0,0.0,0.0,0.0,0.0,0.0,0.0,0.0
108,"[[0.3468743860721588, 0.3333333333333333, 0.1, 0.0, 0.0, 0.0, 0.0, 0.0, 0.34687437494117096, 0.5117893908397261, 0.5117893908397261, 0.0, 0.0, 0.0, 0.0, 0.0, 0.0, 0.0, 0.0, 0.0, 0.0, 0.0, 0.0, 0.0, 0.0, 0.0, 0.0, 0.0, 0.0, 0.0, 0.0, 0.0], [0.46535855531692505, 0.5, 0.13333333333333333, 0.0, 0.0, 0.0, 0.0, 0.0, 0.4653585502900273, 0.504525977444936, 0.504525977444936, 0.0, 0.0, 0.0, 0.0, 0.0, 0.0, 0.0, 0.0, 0.0, 0.0, 0.0, 0.0, 0.0, 0.0, 0.0, 0.0, 0.0, 0.0, 0.0, 0.0, 0.0], [0.49342620372772217, 0.6666666666666666, 0.16666666666666669, 0.0, 0.0, 0.0, 0.0, 0.0, 0.4934262195265437, 0.603278700127659, 0.603278700127659, 0.0, 0.0, 0.0, 0.0, 0.0, 1.0, 0.0, 0.0, 0.0, 0.0, 0.0, 0.0, 0.0, 0.0, 0.0, 0.0, 0.0, 0.0, 0.0, 0.0, 0.0], [0.5521840453147888, 0.8333333333333333, 0.2, 0.0, 0.0, 0.0, 0.0, 1.0, 0.5521840474691736, 0.7864790767072195, 0.7864790767072195, 0.0, 0.0, 0.0, 0.0, 0.0, 0.0, 0.0, 0.0, 0.0, 0.0, 0.0, 0.0, 0.0, 0.0, 0.0, 0.0, 0.0, 0.0, 0.0, 0.0, 0.0], [0.6421126127243042, 1.0, 0.23333333333333334, 0.0, 0.25, 0.0, 0.0, 1.0, 0.6421125940529697, 0.3918440025973033, 0.3918440025973033, 0.0, 0.0, 0.0, 0.0, 0.0, 0.0, 0.0, 0.0, 0.0, 0.0, 0.0, 0.0, 0.0, 0.0, 0.0, 0.0, 0.0, 0.0, 0.0, 0.0, 0.0], [0.6534445285797119, 0.0, 0.26666666666666666, 0.0196078431372549, 0.25, 0.0, 0.0, 0.0, 0.6534445429422769, 0.10258686111634037, 0.10258686111634037, 0.0, 0.0, 0.0, 0.0, 1.0, 0.0, 0.0, 0.0, 0.0, 0.0, 0.0, 0.0, 0.0, 0.0, 0.0, 0.0, 0.0, 0.0, 0.0, 0.0, 0.0], [0.4585639536380768, 0.16666666666666666, 0.3, 0.0196078431372549, 0.25, 0.0, 0.0, 0.0, 0.4585639310170369, 0.34687437494117096, 0.34687437494117096, 0.0, 0.0, 0.0, 0.0, 0.0, 0.0, 0.0, 0.0, 0.0, 0.0, 0.0, 0.0, 0.0, 0.0, 0.0, 0.0, 0.0, 0.0, 0.0, 0.0, 0.0]]",0.440110981464386,73.05842292308807,1.0,10.0,2.0,2.0,1.0,1.0,0.0,76.12161254882812,57.581146240234375,57.581146240234375,0.0,0.0,0.0,0.0,0.0,0.0,0.0,0.0,0.0,0.0,0.0,0.0,0.0,0.0,0.0,0.0,0.0,0.0,0.0,0.0,0.0,0.16666666666666666,0.3,0.0196078431372549,0.25,0.0,0.0,0.0,0.4585639310170369,0.34687437494117096,0.34687437494117096,0.0,0.0,0.0,0.0,0.0,0.0,0.0,0.0,0.0,0.0,0.0,0.0,0.0,0.0,0.0,0.0,0.0,0.0,0.0,0.0,0.0
109,"[[0.46535855531692505, 0.5, 0.13333333333333333, 0.0, 0.0, 0.0, 0.0, 0.0, 0.4653585502900273, 0.504525977444936, 0.504525977444936, 0.0, 0.0, 0.0, 0.0, 0.0, 0.0, 0.0, 0.0, 0.0, 0.0, 0.0, 0.0, 0.0, 0.0, 0.0, 0.0, 0.0, 0.0, 0.0, 0.0, 0.0], [0.49342620372772217, 0.6666666666666666, 0.16666666666666669, 0.0, 0.0, 0.0, 0.0, 0.0, 0.4934262195265437, 0.603278700127659, 0.603278700127659, 0.0, 0.0, 0.0, 0.0, 0.0, 1.0, 0.0, 0.0, 0.0, 0.0, 0.0, 0.0, 0.0, 0.0, 0.0, 0.0, 0.0, 0.0, 0.0, 0.0, 0.0], [0.5521840453147888, 0.8333333333333333, 0.2, 0.0, 0.0, 0.0, 0.0, 1.0, 0.5521840474691736, 0.7864790767072195, 0.7864790767072195, 0.0, 0.0, 0.0, 0.0, 0.0, 0.0, 0.0, 0.0, 0.0, 0.0, 0.0, 0.0, 0.0, 0.0, 0.0, 0.0, 0.0, 0.0, 0.0, 0.0, 0.0], [0.6421126127243042, 1.0, 0.23333333333333334, 0.0, 0.25, 0.0, 0.0, 1.0, 0.6421125940529697, 0.3918440025973033, 0.3918440025973033, 0.0, 0.0, 0.0, 0.0, 0.0, 0.0, 0.0, 0.0, 0.0, 0.0, 0.0, 0.0, 0.0, 0.0, 0.0, 0.0, 0.0, 0.0, 0.0, 0.0, 0.0], [0.6534445285797119, 0.0, 0.26666666666666666, 0.0196078431372549, 0.25, 0.0, 0.0, 0.0, 0.6534445429422769, 0.10258686111634037, 0.10258686111634037, 0.0, 0.0, 0.0, 0.0, 1.0, 0.0, 0.0, 0.0, 0.0, 0.0, 0.0, 0.0, 0.0, 0.0, 0.0, 0.0, 0.0, 0.0, 0.0, 0.0, 0.0], [0.4585639536380768, 0.16666666666666666, 0.3, 0.0196078431372549, 0.25, 0.0, 0.0, 0.0, 0.4585639310170369, 0.34687437494117096, 0.34687437494117096, 0.0, 0.0, 0.0, 0.0, 0.0, 0.0, 0.0, 0.0, 0.0, 0.0, 0.0, 0.0, 0.0, 0.0, 0.0, 0.0, 0.0, 0.0, 0.0, 0.0, 0.0], [0.440110981464386, 0.3333333333333333, 0.3333333333333333, 0.0196078431372549, 0.25, 0.0, 0.0, 0.0, 0.44011099941759224, 0.4653585502900273, 0.4653585502900273, 0.0, 0.0, 0.0, 0.0, 0.0, 0.0, 0.0, 0.0, 0.0, 0.0, 0.0, 0.0, 0.0, 0.0, 0.0, 0.0, 0.0, 0.0, 0.0, 0.0, 0.0]]",0.4236263036727905,70.32196640968323,2.0,11.0,2.0,2.0,1.0,1.0,0.0,73.05842590332031,77.24951934814453,77.24951934814453,0.0,0.0,0.0,0.0,0.0,0.0,0.0,0.0,0.0,0.0,0.0,0.0,0.0,0.0,0.0,0.0,0.0,0.0,0.0,0.0,0.0,0.3333333333333333,0.3333333333333333,0.0196078431372549,0.25,0.0,0.0,0.0,0.44011099941759224,0.4653585502900273,0.4653585502900273,0.0,0.0,0.0,0.0,0.0,0.0,0.0,0.0,0.0,0.0,0.0,0.0,0.0,0.0,0.0,0.0,0.0,0.0,0.0,0.0,0.0
110,"[[0.49342620372772217, 0.6666666666666666, 0.16666666666666669, 0.0, 0.0, 0.0, 0.0, 0.0, 0.4934262195265437, 0.603278700127659, 0.603278700127659, 0.0, 0.0, 0.0, 0.0, 0.0, 1.0, 0.0, 0.0, 0.0, 0.0, 0.0, 0.0, 0.0, 0.0, 0.0, 0.0, 0.0, 0.0, 0.0, 0.0, 0.0], [0.5521840453147888, 0.8333333333333333, 0.2, 0.0, 0.0, 0.0, 0.0, 1.0, 0.5521840474691736, 0.7864790767072195, 0.7864790767072195, 0.0, 0.0, 0.0, 0.0, 0.0, 0.0, 0.0, 0.0, 0.0, 0.0, 0.0, 0.0, 0.0, 0.0, 0.0, 0.0, 0.0, 0.0, 0.0, 0.0, 0.0], [0.6421126127243042, 1.0, 0.23333333333333334, 0.0, 0.25, 0.0, 0.0, 1.0, 0.6421125940529697, 0.3918440025973033, 0.3918440025973033, 0.0, 0.0, 0.0, 0.0, 0.0, 0.0, 0.0, 0.0, 0.0, 0.0, 0.0, 0.0, 0.0, 0.0, 0.0, 0.0, 0.0, 0.0, 0.0, 0.0, 0.0], [0.6534445285797119, 0.0, 0.26666666666666666, 0.0196078431372549, 0.25, 0.0, 0.0, 0.0, 0.6534445429422769, 0.10258686111634037, 0.10258686111634037, 0.0, 0.0, 0.0, 0.0, 1.0, 0.0, 0.0, 0.0, 0.0, 0.0, 0.0, 0.0, 0.0, 0.0, 0.0, 0.0, 0.0, 0.0, 0.0, 0.0, 0.0], [0.4585639536380768, 0.16666666666666666, 0.3, 0.0196078431372549, 0.25, 0.0, 0.0, 0.0, 0.4585639310170369, 0.34687437494117096, 0.34687437494117096, 0.0, 0.0, 0.0, 0.0, 0.0, 0.0, 0.0, 0.0, 0.0, 0.0, 0.0, 0.0, 0.0, 0.0, 0.0, 0.0, 0.0, 0.0, 0.0, 0.0, 0.0], [0.440110981464386, 0.3333333333333333, 0.3333333333333333, 0.0196078431372549, 0.25, 0.0, 0.0, 0.0, 0.44011099941759224, 0.4653585502900273, 0.4653585502900273, 0.0, 0.0, 0.0, 0.0, 0.0, 0.0, 0.0, 0.0, 0.0, 0.0, 0.0, 0.0, 0.0, 0.0, 0.0, 0.0, 0.0, 0.0, 0.0, 0.0, 0.0], [0.4236263036727905, 0.5, 0.3666666666666667, 0.0196078431372549, 0.25, 0.0, 0.0, 0.0, 0.42362631372658605, 0.4934262195265437, 0.4934262195265437, 0.0, 0.0, 0.0, 0.0, 0.0, 0.0, 0.0, 0.0, 0.0, 0.0, 0.0, 0.0, 0.0, 0.0, 0.0, 0.0, 0.0, 0.0, 0.0, 0.0, 0.0]]",0.4212251305580139,69.92337167263031,3.0,12.0,2.0,2.0,1.0,1.0,0.0,70.32196807861328,81.90875244140625,81.90875244140625,0.0,0.0,0.0,0.0,0.0,0.0,0.0,0.0,0.0,0.0,0.0,0.0,0.0,0.0,0.0,0.0,0.0,0.0,0.0,0.0,0.0,0.5,0.3666666666666667,0.0196078431372549,0.25,0.0,0.0,0.0,0.42362631372658605,0.4934262195265437,0.4934262195265437,0.0,0.0,0.0,0.0,0.0,0.0,0.0,0.0,0.0,0.0,0.0,0.0,0.0,0.0,0.0,0.0,0.0,0.0,0.0,0.0,0.0
111,"[[0.5521840453147888, 0.8333333333333333, 0.2, 0.0, 0.0, 0.0, 0.0, 1.0, 0.5521840474691736, 0.7864790767072195, 0.7864790767072195, 0.0, 0.0, 0.0, 0.0, 0.0, 0.0, 0.0, 0.0, 0.0, 0.0, 0.0, 0.0, 0.0, 0.0, 0.0, 0.0, 0.0, 0.0, 0.0, 0.0, 0.0], [0.6421126127243042, 1.0, 0.23333333333333334, 0.0, 0.25, 0.0, 0.0, 1.0, 0.6421125940529697, 0.3918440025973033, 0.3918440025973033, 0.0, 0.0, 0.0, 0.0, 0.0, 0.0, 0.0, 0.0, 0.0, 0.0, 0.0, 0.0, 0.0, 0.0, 0.0, 0.0, 0.0, 0.0, 0.0, 0.0, 0.0], [0.6534445285797119, 0.0, 0.26666666666666666, 0.0196078431372549, 0.25, 0.0, 0.0, 0.0, 0.6534445429422769, 0.10258686111634037, 0.10258686111634037, 0.0, 0.0, 0.0, 0.0, 1.0, 0.0, 0.0, 0.0, 0.0, 0.0, 0.0, 0.0, 0.0, 0.0, 0.0, 0.0, 0.0, 0.0, 0.0, 0.0, 0.0], [0.4585639536380768, 0.16666666666666666, 0.3, 0.0196078431372549, 0.25, 0.0, 0.0, 0.0, 0.4585639310170369, 0.34687437494117096, 0.34687437494117096, 0.0, 0.0, 0.0, 0.0, 0.0, 0.0, 0.0, 0.0, 0.0, 0.0, 0.0, 0.0, 0.0, 0.0, 0.0, 0.0, 0.0, 0.0, 0.0, 0.0, 0.0], [0.440110981464386, 0.3333333333333333, 0.3333333333333333, 0.0196078431372549, 0.25, 0.0, 0.0, 0.0, 0.44011099941759224, 0.4653585502900273, 0.4653585502900273, 0.0, 0.0, 0.0, 0.0, 0.0, 0.0, 0.0, 0.0, 0.0, 0.0, 0.0, 0.0, 0.0, 0.0, 0.0, 0.0, 0.0, 0.0, 0.0, 0.0, 0.0], [0.4236263036727905, 0.5, 0.3666666666666667, 0.0196078431372549, 0.25, 0.0, 0.0, 0.0, 0.42362631372658605, 0.4934262195265437, 0.4934262195265437, 0.0, 0.0, 0.0, 0.0, 0.0, 0.0, 0.0, 0.0, 0.0, 0.0, 0.0, 0.0, 0.0, 0.0, 0.0, 0.0, 0.0, 0.0, 0.0, 0.0, 0.0], [0.4212251305580139, 0.6666666666666666, 0.4, 0.0196078431372549, 0.25, 0.0, 0.0, 0.0, 0.4212251226586032, 0.5521840474691736, 0.5521840474691736, 0.0, 0.0, 0.0, 0.0, 0.0, 1.0, 0.0, 0.0, 0.0, 0.0, 0.0, 0.0, 0.0, 0.0, 0.0, 0.0, 0.0, 0.0, 0.0, 0.0, 0.0]]",0.4753023684024811,78.90019315481186,4.0,13.0,2.0,2.0,1.0,1.0,0.0,69.92337036132812,91.66255187988281,91.66255187988281,0.0,0.0,0.0,0.0,0.0,1.0,0.0,0.0,0.0,0.0,0.0,0.0,0.0,0.0,0.0,0.0,0.0,0.0,0.0,0.0,0.0,0.6666666666666666,0.4,0.0196078431372549,0.25,0.0,0.0,0.0,0.4212251226586032,0.5521840474691736,0.5521840474691736,0.0,0.0,0.0,0.0,0.0,1.0,0.0,0.0,0.0,0.0,0.0,0.0,0.0,0.0,0.0,0.0,0.0,0.0,0.0,0.0,0.0
112,"[[0.6421126127243042, 1.0, 0.23333333333333334, 0.0, 0.25, 0.0, 0.0, 1.0, 0.6421125940529697, 0.3918440025973033, 0.3918440025973033, 0.0, 0.0, 0.0, 0.0, 0.0, 0.0, 0.0, 0.0, 0.0, 0.0, 0.0, 0.0, 0.0, 0.0, 0.0, 0.0, 0.0, 0.0, 0.0, 0.0, 0.0], [0.6534445285797119, 0.0, 0.26666666666666666, 0.0196078431372549, 0.25, 0.0, 0.0, 0.0, 0.6534445429422769, 0.10258686111634037, 0.10258686111634037, 0.0, 0.0, 0.0, 0.0, 1.0, 0.0, 0.0, 0.0, 0.0, 0.0, 0.0, 0.0, 0.0, 0.0, 0.0, 0.0, 0.0, 0.0, 0.0, 0.0, 0.0], [0.4585639536380768, 0.16666666666666666, 0.3, 0.0196078431372549, 0.25, 0.0, 0.0, 0.0, 0.4585639310170369, 0.34687437494117096, 0.34687437494117096, 0.0, 0.0, 0.0, 0.0, 0.0, 0.0, 0.0, 0.0, 0.0, 0.0, 0.0, 0.0, 0.0, 0.0, 0.0, 0.0, 0.0, 0.0, 0.0, 0.0, 0.0], [0.440110981464386, 0.3333333333333333, 0.3333333333333333, 0.0196078431372549, 0.25, 0.0, 0.0, 0.0, 0.44011099941759224, 0.4653585502900273, 0.4653585502900273, 0.0, 0.0, 0.0, 0.0, 0.0, 0.0, 0.0, 0.0, 0.0, 0.0, 0.0, 0.0, 0.0, 0.0, 0.0, 0.0, 0.0, 0.0, 0.0, 0.0, 0.0], [0.4236263036727905, 0.5, 0.3666666666666667, 0.0196078431372549, 0.25, 0.0, 0.0, 0.0, 0.42362631372658605, 0.4934262195265437, 0.4934262195265437, 0.0, 0.0, 0.0, 0.0, 0.0, 0.0, 0.0, 0.0, 0.0, 0.0, 0.0, 0.0, 0.0, 0.0, 0.0, 0.0, 0.0, 0.0, 0.0, 0.0, 0.0], [0.4212251305580139, 0.6666666666666666, 0.4, 0.0196078431372549, 0.25, 0.0, 0.0, 0.0, 0.4212251226586032, 0.5521840474691736, 0.5521840474691736, 0.0, 0.0, 0.0, 0.0, 0.0, 1.0, 0.0, 0.0, 0.0, 0.0, 0.0, 0.0, 0.0, 0.0, 0.0, 0.0, 0.0, 0.0, 0.0, 0.0, 0.0], [0.4753023684024811, 0.8333333333333333, 0.43333333333333335, 0.0196078431372549, 0.25, 0.0, 0.0, 1.0, 0.47530236301651924, 0.6421125940529697, 0.6421125940529697, 0.0, 0.0, 0.0, 0.0, 0.0, 0.0, 0.0, 0.0, 0.0, 0.0, 0.0, 0.0, 0.0, 0.0, 0.0, 0.0, 0.0, 0.0, 0.0, 0.0, 0.0]]",0.6614309549331665,109.79753851890564,5.0,14.0,2.0,2.0,1.0,1.0,1.0,78.90019226074219,106.59069061279297,106.59069061279297,0.0,0.0,0.0,0.0,0.0,0.0,0.0,0.0,0.0,0.0,0.0,0.0,0.0,0.0,0.0,0.0,0.0,0.0,0.0,0.0,0.0,0.8333333333333333,0.43333333333333335,0.0196078431372549,0.25,0.0,0.0,1.0,0.47530236301651924,0.6421125940529697,0.6421125940529697,0.0,0.0,0.0,0.0,0.0,0.0,0.0,0.0,0.0,0.0,0.0,0.0,0.0,0.0,0.0,0.0,0.0,0.0,0.0,0.0,0.0
113,"[[0.6534445285797119, 0.0, 0.26666666666666666, 0.0196078431372549, 0.25, 0.0, 0.0, 0.0, 0.6534445429422769, 0.10258686111634037, 0.10258686111634037, 0.0, 0.0, 0.0, 0.0, 1.0, 0.0, 0.0, 0.0, 0.0, 0.0, 0.0, 0.0, 0.0, 0.0, 0.0, 0.0, 0.0, 0.0, 0.0, 0.0, 0.0], [0.4585639536380768, 0.16666666666666666, 0.3, 0.0196078431372549, 0.25, 0.0, 0.0, 0.0, 0.4585639310170369, 0.34687437494117096, 0.34687437494117096, 0.0, 0.0, 0.0, 0.0, 0.0, 0.0, 0.0, 0.0, 0.0, 0.0, 0.0, 0.0, 0.0, 0.0, 0.0, 0.0, 0.0, 0.0, 0.0, 0.0, 0.0], [0.440110981464386, 0.3333333333333333, 0.3333333333333333, 0.0196078431372549, 0.25, 0.0, 0.0, 0.0, 0.44011099941759224, 0.4653585502900273, 0.4653585502900273, 0.0, 0.0, 0.0, 0.0, 0.0, 0.0, 0.0, 0.0, 0.0, 0.0, 0.0, 0.0, 0.0, 0.0, 0.0, 0.0, 0.0, 0.0, 0.0, 0.0, 0.0], [0.4236263036727905, 0.5, 0.3666666666666667, 0.0196078431372549, 0.25, 0.0, 0.0, 0.0, 0.42362631372658605, 0.4934262195265437, 0.4934262195265437, 0.0, 0.0, 0.0, 0.0, 0.0, 0.0, 0.0, 0.0, 0.0, 0.0, 0.0, 0.0, 0.0, 0.0, 0.0, 0.0, 0.0, 0.0, 0.0, 0.0, 0.0], [0.4212251305580139, 0.6666666666666666, 0.4, 0.0196078431372549, 0.25, 0.0, 0.0, 0.0, 0.4212251226586032, 0.5521840474691736, 0.5521840474691736, 0.0, 0.0, 0.0, 0.0, 0.0, 1.0, 0.0, 0.0, 0.0, 0.0, 0.0, 0.0, 0.0, 0.0, 0.0, 0.0, 0.0, 0.0, 0.0, 0.0, 0.0], [0.4753023684024811, 0.8333333333333333, 0.43333333333333335, 0.0196078431372549, 0.25, 0.0, 0.0, 1.0, 0.47530236301651924, 0.6421125940529697, 0.6421125940529697, 0.0, 0.0, 0.0, 0.0, 0.0, 0.0, 0.0, 0.0, 0.0, 0.0, 0.0, 0.0, 0.0, 0.0, 0.0, 0.0, 0.0, 0.0, 0.0, 0.0, 0.0], [0.6614309549331665, 1.0, 0.4666666666666667, 0.0196078431372549, 0.5, 0.0, 0.0, 1.0, 0.6614309563694231, 0.6534445429422769, 0.6534445429422769, 0.0, 0.0, 0.0, 0.0, 0.0, 0.0, 0.0, 0.0, 0.0, 0.0, 0.0, 0.0, 0.0, 0.0, 0.0, 0.0, 0.0, 0.0, 0.0, 0.0, 0.0]]",0.65729820728302,109.11150240898132,6.0,15.0,2.0,3.0,1.0,1.0,1.0,109.79753875732422,108.47179412841797,108.47179412841797,0.0,0.0,0.0,0.0,0.0,0.0,0.0,0.0,0.0,0.0,0.0,0.0,0.0,0.0,0.0,0.0,0.0,0.0,0.0,0.0,0.0,1.0,0.4666666666666667,0.0196078431372549,0.5,0.0,0.0,1.0,0.6614309563694231,0.6534445429422769,0.6534445429422769,0.0,0.0,0.0,0.0,0.0,0.0,0.0,0.0,0.0,0.0,0.0,0.0,0.0,0.0,0.0,0.0,0.0,0.0,0.0,0.0,0.0
114,"[[0.4585639536380768, 0.16666666666666666, 0.3, 0.0196078431372549, 0.25, 0.0, 0.0, 0.0, 0.4585639310170369, 0.34687437494117096, 0.34687437494117096, 0.0, 0.0, 0.0, 0.0, 0.0, 0.0, 0.0, 0.0, 0.0, 0.0, 0.0, 0.0, 0.0, 0.0, 0.0, 0.0, 0.0, 0.0, 0.0, 0.0, 0.0], [0.440110981464386, 0.3333333333333333, 0.3333333333333333, 0.0196078431372549, 0.25, 0.0, 0.0, 0.0, 0.44011099941759224, 0.4653585502900273, 0.4653585502900273, 0.0, 0.0, 0.0, 0.0, 0.0, 0.0, 0.0, 0.0, 0.0, 0.0, 0.0, 0.0, 0.0, 0.0, 0.0, 0.0, 0.0, 0.0, 0.0, 0.0, 0.0], [0.4236263036727905, 0.5, 0.3666666666666667, 0.0196078431372549, 0.25, 0.0, 0.0, 0.0, 0.42362631372658605, 0.4934262195265437, 0.4934262195265437, 0.0, 0.0, 0.0, 0.0, 0.0, 0.0, 0.0, 0.0, 0.0, 0.0, 0.0, 0.0, 0.0, 0.0, 0.0, 0.0, 0.0, 0.0, 0.0, 0.0, 0.0], [0.4212251305580139, 0.6666666666666666, 0.4, 0.0196078431372549, 0.25, 0.0, 0.0, 0.0, 0.4212251226586032, 0.5521840474691736, 0.5521840474691736, 0.0, 0.0, 0.0, 0.0, 0.0, 1.0, 0.0, 0.0, 0.0, 0.0, 0.0, 0.0, 0.0, 0.0, 0.0, 0.0, 0.0, 0.0, 0.0, 0.0, 0.0], [0.4753023684024811, 0.8333333333333333, 0.43333333333333335, 0.0196078431372549, 0.25, 0.0, 0.0, 1.0, 0.47530236301651924, 0.6421125940529697, 0.6421125940529697, 0.0, 0.0, 0.0, 0.0, 0.0, 0.0, 0.0, 0.0, 0.0, 0.0, 0.0, 0.0, 0.0, 0.0, 0.0, 0.0, 0.0, 0.0, 0.0, 0.0, 0.0], [0.6614309549331665, 1.0, 0.4666666666666667, 0.0196078431372549, 0.5, 0.0, 0.0, 1.0, 0.6614309563694231, 0.6534445429422769, 0.6534445429422769, 0.0, 0.0, 0.0, 0.0, 0.0, 0.0, 0.0, 0.0, 0.0, 0.0, 0.0, 0.0, 0.0, 0.0, 0.0, 0.0, 0.0, 0.0, 0.0, 0.0, 0.0], [0.65729820728302, 0.0, 0.5, 0.0392156862745098, 0.5, 0.0, 0.0, 0.0, 0.6572982144643026, 0.4585639310170369, 0.4585639310170369, 0.0, 0.0, 0.0, 0.0, 1.0, 0.0, 0.0, 0.0, 0.0, 0.0, 0.0, 0.0, 0.0, 0.0, 0.0, 0.0, 0.0, 0.0, 0.0, 0.0, 0.0]]",0.45379874110221863,75.33059102296829,0.0,16.0,3.0,3.0,1.0,1.0,0.0,109.11150360107422,76.12161254882812,76.12161254882812,0.0,0.0,0.0,0.0,1.0,0.0,0.0,0.0,0.0,0.0,0.0,0.0,0.0,0.0,0.0,0.0,0.0,0.0,0.0,0.0,0.0,0.0,0.5,0.0392156862745098,0.5,0.0,0.0,0.0,0.6572982144643026,0.4585639310170369,0.4585639310170369,0.0,0.0,0.0,0.0,1.0,0.0,0.0,0.0,0.0,0.0,0.0,0.0,0.0,0.0,0.0,0.0,0.0,0.0,0.0,0.0,0.0
115,"[[0.440110981464386, 0.3333333333333333, 0.3333333333333333, 0.0196078431372549, 0.25, 0.0, 0.0, 0.0, 0.44011099941759224, 0.4653585502900273, 0.4653585502900273, 0.0, 0.0, 0.0, 0.0, 0.0, 0.0, 0.0, 0.0, 0.0, 0.0, 0.0, 0.0, 0.0, 0.0, 0.0, 0.0, 0.0, 0.0, 0.0, 0.0, 0.0], [0.4236263036727905, 0.5, 0.3666666666666667, 0.0196078431372549, 0.25, 0.0, 0.0, 0.0, 0.42362631372658605, 0.4934262195265437, 0.4934262195265437, 0.0, 0.0, 0.0, 0.0, 0.0, 0.0, 0.0, 0.0, 0.0, 0.0, 0.0, 0.0, 0.0, 0.0, 0.0, 0.0, 0.0, 0.0, 0.0, 0.0, 0.0], [0.4212251305580139, 0.6666666666666666, 0.4, 0.0196078431372549, 0.25, 0.0, 0.0, 0.0, 0.4212251226586032, 0.5521840474691736, 0.5521840474691736, 0.0, 0.0, 0.0, 0.0, 0.0, 1.0, 0.0, 0.0, 0.0, 0.0, 0.0, 0.0, 0.0, 0.0, 0.0, 0.0, 0.0, 0.0, 0.0, 0.0, 0.0], [0.4753023684024811, 0.8333333333333333, 0.43333333333333335, 0.0196078431372549, 0.25, 0.0, 0.0, 1.0, 0.47530236301651924, 0.6421125940529697, 0.6421125940529697, 0.0, 0.0, 0.0, 0.0, 0.0, 0.0, 0.0, 0.0, 0.0, 0.0, 0.0, 0.0, 0.0, 0.0, 0.0, 0.0, 0.0, 0.0, 0.0, 0.0, 0.0], [0.6614309549331665, 1.0, 0.4666666666666667, 0.0196078431372549, 0.5, 0.0, 0.0, 1.0, 0.6614309563694231, 0.6534445429422769, 0.6534445429422769, 0.0, 0.0, 0.0, 0.0, 0.0, 0.0, 0.0, 0.0, 0.0, 0.0, 0.0, 0.0, 0.0, 0.0, 0.0, 0.0, 0.0, 0.0, 0.0, 0.0, 0.0], [0.65729820728302, 0.0, 0.5, 0.0392156862745098, 0.5, 0.0, 0.0, 0.0, 0.6572982144643026, 0.4585639310170369, 0.4585639310170369, 0.0, 0.0, 0.0, 0.0, 1.0, 0.0, 0.0, 0.0, 0.0, 0.0, 0.0, 0.0, 0.0, 0.0, 0.0, 0.0, 0.0, 0.0, 0.0, 0.0, 0.0], [0.45379874110221863, 0.16666666666666666, 0.5333333333333333, 0.0392156862745098, 0.5, 0.0, 0.0, 0.0, 0.453798730689359, 0.44011099941759224, 0.44011099941759224, 0.0, 0.0, 0.0, 0.0, 0.0, 0.0, 0.0, 0.0, 0.0, 0.0, 0.0, 0.0, 0.0, 0.0, 0.0, 0.0, 0.0, 0.0, 0.0, 0.0, 0.0]]",0.43619099259376526,72.40770477056503,1.0,17.0,3.0,3.0,1.0,1.0,0.0,75.3305892944336,73.05842590332031,73.05842590332031,0.0,0.0,0.0,0.0,0.0,0.0,0.0,0.0,0.0,0.0,0.0,0.0,0.0,0.0,0.0,0.0,0.0,0.0,0.0,0.0,0.0,0.16666666666666666,0.5333333333333333,0.0392156862745098,0.5,0.0,0.0,0.0,0.453798730689359,0.44011099941759224,0.44011099941759224,0.0,0.0,0.0,0.0,0.0,0.0,0.0,0.0,0.0,0.0,0.0,0.0,0.0,0.0,0.0,0.0,0.0,0.0,0.0,0.0,0.0
116,"[[0.4236263036727905, 0.5, 0.3666666666666667, 0.0196078431372549, 0.25, 0.0, 0.0, 0.0, 0.42362631372658605, 0.4934262195265437, 0.4934262195265437, 0.0, 0.0, 0.0, 0.0, 0.0, 0.0, 0.0, 0.0, 0.0, 0.0, 0.0, 0.0, 0.0, 0.0, 0.0, 0.0, 0.0, 0.0, 0.0, 0.0, 0.0], [0.4212251305580139, 0.6666666666666666, 0.4, 0.0196078431372549, 0.25, 0.0, 0.0, 0.0, 0.4212251226586032, 0.5521840474691736, 0.5521840474691736, 0.0, 0.0, 0.0, 0.0, 0.0, 1.0, 0.0, 0.0, 0.0, 0.0, 0.0, 0.0, 0.0, 0.0, 0.0, 0.0, 0.0, 0.0, 0.0, 0.0, 0.0], [0.4753023684024811, 0.8333333333333333, 0.43333333333333335, 0.0196078431372549, 0.25, 0.0, 0.0, 1.0, 0.47530236301651924, 0.6421125940529697, 0.6421125940529697, 0.0, 0.0, 0.0, 0.0, 0.0, 0.0, 0.0, 0.0, 0.0, 0.0, 0.0, 0.0, 0.0, 0.0, 0.0, 0.0, 0.0, 0.0, 0.0, 0.0, 0.0], [0.6614309549331665, 1.0, 0.4666666666666667, 0.0196078431372549, 0.5, 0.0, 0.0, 1.0, 0.6614309563694231, 0.6534445429422769, 0.6534445429422769, 0.0, 0.0, 0.0, 0.0, 0.0, 0.0, 0.0, 0.0, 0.0, 0.0, 0.0, 0.0, 0.0, 0.0, 0.0, 0.0, 0.0, 0.0, 0.0, 0.0, 0.0], [0.65729820728302, 0.0, 0.5, 0.0392156862745098, 0.5, 0.0, 0.0, 0.0, 0.6572982144643026, 0.4585639310170369, 0.4585639310170369, 0.0, 0.0, 0.0, 0.0, 1.0, 0.0, 0.0, 0.0, 0.0, 0.0, 0.0, 0.0, 0.0, 0.0, 0.0, 0.0, 0.0, 0.0, 0.0, 0.0, 0.0], [0.45379874110221863, 0.16666666666666666, 0.5333333333333333, 0.0392156862745098, 0.5, 0.0, 0.0, 0.0, 0.453798730689359, 0.44011099941759224, 0.44011099941759224, 0.0, 0.0, 0.0, 0.0, 0.0, 0.0, 0.0, 0.0, 0.0, 0.0, 0.0, 0.0, 0.0, 0.0, 0.0, 0.0, 0.0, 0.0, 0.0, 0.0, 0.0], [0.43619099259376526, 0.3333333333333333, 0.5666666666666667, 0.0392156862745098, 0.5, 0.0, 0.0, 0.0, 0.4361910073153944, 0.42362631372658605, 0.42362631372658605, 0.0, 0.0, 0.0, 0.0, 0.0, 0.0, 0.0, 0.0, 0.0, 0.0, 0.0, 0.0, 0.0, 0.0, 0.0, 0.0, 0.0, 0.0, 0.0, 0.0, 0.0]]",0.4172405004501343,69.26192307472229,2.0,18.0,3.0,3.0,1.0,1.0,0.0,72.40770721435547,70.32196807861328,70.32196807861328,0.0,0.0,0.0,0.0,0.0,0.0,0.0,0.0,0.0,0.0,0.0,0.0,0.0,0.0,0.0,0.0,0.0,0.0,0.0,0.0,0.0,0.3333333333333333,0.5666666666666667,0.0392156862745098,0.5,0.0,0.0,0.0,0.4361910073153944,0.42362631372658605,0.42362631372658605,0.0,0.0,0.0,0.0,0.0,0.0,0.0,0.0,0.0,0.0,0.0,0.0,0.0,0.0,0.0,0.0,0.0,0.0,0.0,0.0,0.0
117,"[[0.4212251305580139, 0.6666666666666666, 0.4, 0.0196078431372549, 0.25, 0.0, 0.0, 0.0, 0.4212251226586032, 0.5521840474691736, 0.5521840474691736, 0.0, 0.0, 0.0, 0.0, 0.0, 1.0, 0.0, 0.0, 0.0, 0.0, 0.0, 0.0, 0.0, 0.0, 0.0, 0.0, 0.0, 0.0, 0.0, 0.0, 0.0], [0.4753023684024811, 0.8333333333333333, 0.43333333333333335, 0.0196078431372549, 0.25, 0.0, 0.0, 1.0, 0.47530236301651924, 0.6421125940529697, 0.6421125940529697, 0.0, 0.0, 0.0, 0.0, 0.0, 0.0, 0.0, 0.0, 0.0, 0.0, 0.0, 0.0, 0.0, 0.0, 0.0, 0.0, 0.0, 0.0, 0.0, 0.0, 0.0], [0.6614309549331665, 1.0, 0.4666666666666667, 0.0196078431372549, 0.5, 0.0, 0.0, 1.0, 0.6614309563694231, 0.6534445429422769, 0.6534445429422769, 0.0, 0.0, 0.0, 0.0, 0.0, 0.0, 0.0, 0.0, 0.0, 0.0, 0.0, 0.0, 0.0, 0.0, 0.0, 0.0, 0.0, 0.0, 0.0, 0.0, 0.0], [0.65729820728302, 0.0, 0.5, 0.0392156862745098, 0.5, 0.0, 0.0, 0.0, 0.6572982144643026, 0.4585639310170369, 0.4585639310170369, 0.0, 0.0, 0.0, 0.0, 1.0, 0.0, 0.0, 0.0, 0.0, 0.0, 0.0, 0.0, 0.0, 0.0, 0.0, 0.0, 0.0, 0.0, 0.0, 0.0, 0.0], [0.45379874110221863, 0.16666666666666666, 0.5333333333333333, 0.0392156862745098, 0.5, 0.0, 0.0, 0.0, 0.453798730689359, 0.44011099941759224, 0.44011099941759224, 0.0, 0.0, 0.0, 0.0, 0.0, 0.0, 0.0, 0.0, 0.0, 0.0, 0.0, 0.0, 0.0, 0.0, 0.0, 0.0, 0.0, 0.0, 0.0, 0.0, 0.0], [0.43619099259376526, 0.3333333333333333, 0.5666666666666667, 0.0392156862745098, 0.5, 0.0, 0.0, 0.0, 0.4361910073153944, 0.42362631372658605, 0.42362631372658605, 0.0, 0.0, 0.0, 0.0, 0.0, 0.0, 0.0, 0.0, 0.0, 0.0, 0.0, 0.0, 0.0, 0.0, 0.0, 0.0, 0.0, 0.0, 0.0, 0.0, 0.0], [0.4172405004501343, 0.5, 0.6, 0.0392156862745098, 0.5, 0.0, 0.0, 0.0, 0.4172405105039298, 0.4212251226586032, 0.4212251226586032, 0.0, 0.0, 0.0, 0.0, 0.0, 0.0, 0.0, 0.0, 0.0, 0.0, 0.0, 0.0, 0.0, 0.0, 0.0, 0.0, 0.0, 0.0, 0.0, 0.0, 0.0]]",0.4051229655742645,67.25041228532791,3.0,19.0,3.0,3.0,1.0,1.0,0.0,69.26192474365234,69.92337036132812,69.92337036132812,0.0,0.0,0.0,0.0,0.0,0.0,0.0,0.0,0.0,0.0,0.0,0.0,0.0,0.0,0.0,0.0,0.0,0.0,0.0,0.0,0.0,0.5,0.6,0.0392156862745098,0.5,0.0,0.0,0.0,0.4172405105039298,0.4212251226586032,0.4212251226586032,0.0,0.0,0.0,0.0,0.0,0.0,0.0,0.0,0.0,0.0,0.0,0.0,0.0,0.0,0.0,0.0,0.0,0.0,0.0,0.0,0.0
118,"[[0.4753023684024811, 0.8333333333333333, 0.43333333333333335, 0.0196078431372549, 0.25, 0.0, 0.0, 1.0, 0.47530236301651924, 0.6421125940529697, 0.6421125940529697, 0.0, 0.0, 0.0, 0.0, 0.0, 0.0, 0.0, 0.0, 0.0, 0.0, 0.0, 0.0, 0.0, 0.0, 0.0, 0.0, 0.0, 0.0, 0.0, 0.0, 0.0], [0.6614309549331665, 1.0, 0.4666666666666667, 0.0196078431372549, 0.5, 0.0, 0.0, 1.0, 0.6614309563694231, 0.6534445429422769, 0.6534445429422769, 0.0, 0.0, 0.0, 0.0, 0.0, 0.0, 0.0, 0.0, 0.0, 0.0, 0.0, 0.0, 0.0, 0.0, 0.0, 0.0, 0.0, 0.0, 0.0, 0.0, 0.0], [0.65729820728302, 0.0, 0.5, 0.0392156862745098, 0.5, 0.0, 0.0, 0.0, 0.6572982144643026, 0.4585639310170369, 0.4585639310170369, 0.0, 0.0, 0.0, 0.0, 1.0, 0.0, 0.0, 0.0, 0.0, 0.0, 0.0, 0.0, 0.0, 0.0, 0.0, 0.0, 0.0, 0.0, 0.0, 0.0, 0.0], [0.45379874110221863, 0.16666666666666666, 0.5333333333333333, 0.0392156862745098, 0.5, 0.0, 0.0, 0.0, 0.453798730689359, 0.44011099941759224, 0.44011099941759224, 0.0, 0.0, 0.0, 0.0, 0.0, 0.0, 0.0, 0.0, 0.0, 0.0, 0.0, 0.0, 0.0, 0.0, 0.0, 0.0, 0.0, 0.0, 0.0, 0.0, 0.0], [0.43619099259376526, 0.3333333333333333, 0.5666666666666667, 0.0392156862745098, 0.5, 0.0, 0.0, 0.0, 0.4361910073153944, 0.42362631372658605, 0.42362631372658605, 0.0, 0.0, 0.0, 0.0, 0.0, 0.0, 0.0, 0.0, 0.0, 0.0, 0.0, 0.0, 0.0, 0.0, 0.0, 0.0, 0.0, 0.0, 0.0, 0.0, 0.0], [0.4172405004501343, 0.5, 0.6, 0.0392156862745098, 0.5, 0.0, 0.0, 0.0, 0.4172405105039298, 0.4212251226586032, 0.4212251226586032, 0.0, 0.0, 0.0, 0.0, 0.0, 0.0, 0.0, 0.0, 0.0, 0.0, 0.0, 0.0, 0.0, 0.0, 0.0, 0.0, 0.0, 0.0, 0.0, 0.0, 0.0], [0.4051229655742645, 0.6666666666666666, 0.6333333333333333, 0.0392156862745098, 0.5, 0.0, 0.0, 0.0, 0.4051229637789439, 0.47530236301651924, 0.47530236301651924, 0.0, 0.0, 0.0, 0.0, 0.0, 1.0, 0.0, 0.0, 0.0, 0.0, 0.0, 0.0, 0.0, 0.0, 0.0, 0.0, 0.0, 0.0, 0.0, 0.0, 0.0]]",0.44993114471435547,74.68857002258301,4.0,20.0,3.0,3.0,1.0,1.0,0.0,67.25041198730469,78.90019226074219,78.90019226074219,0.0,0.0,0.0,0.0,0.0,1.0,0.0,0.0,0.0,0.0,0.0,0.0,0.0,0.0,0.0,0.0,0.0,0.0,0.0,0.0,0.0,0.6666666666666666,0.6333333333333333,0.0392156862745098,0.5,0.0,0.0,0.0,0.4051229637789439,0.47530236301651924,0.47530236301651924,0.0,0.0,0.0,0.0,0.0,1.0,0.0,0.0,0.0,0.0,0.0,0.0,0.0,0.0,0.0,0.0,0.0,0.0,0.0,0.0,0.0
119,"[[0.6614309549331665, 1.0, 0.4666666666666667, 0.0196078431372549, 0.5, 0.0, 0.0, 1.0, 0.6614309563694231, 0.6534445429422769, 0.6534445429422769, 0.0, 0.0, 0.0, 0.0, 0.0, 0.0, 0.0, 0.0, 0.0, 0.0, 0.0, 0.0, 0.0, 0.0, 0.0, 0.0, 0.0, 0.0, 0.0, 0.0, 0.0], [0.65729820728302, 0.0, 0.5, 0.0392156862745098, 0.5, 0.0, 0.0, 0.0, 0.6572982144643026, 0.4585639310170369, 0.4585639310170369, 0.0, 0.0, 0.0, 0.0, 1.0, 0.0, 0.0, 0.0, 0.0, 0.0, 0.0, 0.0, 0.0, 0.0, 0.0, 0.0, 0.0, 0.0, 0.0, 0.0, 0.0], [0.45379874110221863, 0.16666666666666666, 0.5333333333333333, 0.0392156862745098, 0.5, 0.0, 0.0, 0.0, 0.453798730689359, 0.44011099941759224, 0.44011099941759224, 0.0, 0.0, 0.0, 0.0, 0.0, 0.0, 0.0, 0.0, 0.0, 0.0, 0.0, 0.0, 0.0, 0.0, 0.0, 0.0, 0.0, 0.0, 0.0, 0.0, 0.0], [0.43619099259376526, 0.3333333333333333, 0.5666666666666667, 0.0392156862745098, 0.5, 0.0, 0.0, 0.0, 0.4361910073153944, 0.42362631372658605, 0.42362631372658605, 0.0, 0.0, 0.0, 0.0, 0.0, 0.0, 0.0, 0.0, 0.0, 0.0, 0.0, 0.0, 0.0, 0.0, 0.0, 0.0, 0.0, 0.0, 0.0, 0.0, 0.0], [0.4172405004501343, 0.5, 0.6, 0.0392156862745098, 0.5, 0.0, 0.0, 0.0, 0.4172405105039298, 0.4212251226586032, 0.4212251226586032, 0.0, 0.0, 0.0, 0.0, 0.0, 0.0, 0.0, 0.0, 0.0, 0.0, 0.0, 0.0, 0.0, 0.0, 0.0, 0.0, 0.0, 0.0, 0.0, 0.0, 0.0], [0.4051229655742645, 0.6666666666666666, 0.6333333333333333, 0.0392156862745098, 0.5, 0.0, 0.0, 0.0, 0.4051229637789439, 0.47530236301651924, 0.47530236301651924, 0.0, 0.0, 0.0, 0.0, 0.0, 1.0, 0.0, 0.0, 0.0, 0.0, 0.0, 0.0, 0.0, 0.0, 0.0, 0.0, 0.0, 0.0, 0.0, 0.0, 0.0], [0.44993114471435547, 0.8333333333333333, 0.6666666666666666, 0.0392156862745098, 0.5, 0.0, 0.0, 1.0, 0.4499311332243035, 0.6614309563694231, 0.6614309563694231, 0.0, 0.0, 0.0, 0.0, 0.0, 0.0, 0.0, 0.0, 0.0, 0.0, 0.0, 0.0, 0.0, 0.0, 0.0, 0.0, 0.0, 0.0, 0.0, 0.0, 0.0]]",0.6142323613166809,101.96257197856903,5.0,21.0,3.0,3.0,1.0,1.0,1.0,74.68856811523438,109.79753875732422,109.79753875732422,0.0,0.0,0.0,0.0,0.0,0.0,0.0,0.0,0.0,0.0,0.0,0.0,0.0,0.0,0.0,0.0,0.0,0.0,0.0,0.0,0.0,0.8333333333333333,0.6666666666666666,0.0392156862745098,0.5,0.0,0.0,1.0,0.4499311332243035,0.6614309563694231,0.6614309563694231,0.0,0.0,0.0,0.0,0.0,0.0,0.0,0.0,0.0,0.0,0.0,0.0,0.0,0.0,0.0,0.0,0.0,0.0,0.0,0.0,0.0
120,"[[0.65729820728302, 0.0, 0.5, 0.0392156862745098, 0.5, 0.0, 0.0, 0.0, 0.6572982144643026, 0.4585639310170369, 0.4585639310170369, 0.0, 0.0, 0.0, 0.0, 1.0, 0.0, 0.0, 0.0, 0.0, 0.0, 0.0, 0.0, 0.0, 0.0, 0.0, 0.0, 0.0, 0.0, 0.0, 0.0, 0.0], [0.45379874110221863, 0.16666666666666666, 0.5333333333333333, 0.0392156862745098, 0.5, 0.0, 0.0, 0.0, 0.453798730689359, 0.44011099941759224, 0.44011099941759224, 0.0, 0.0, 0.0, 0.0, 0.0, 0.0, 0.0, 0.0, 0.0, 0.0, 0.0, 0.0, 0.0, 0.0, 0.0, 0.0, 0.0, 0.0, 0.0, 0.0, 0.0], [0.43619099259376526, 0.3333333333333333, 0.5666666666666667, 0.0392156862745098, 0.5, 0.0, 0.0, 0.0, 0.4361910073153944, 0.42362631372658605, 0.42362631372658605, 0.0, 0.0, 0.0, 0.0, 0.0, 0.0, 0.0, 0.0, 0.0, 0.0, 0.0, 0.0, 0.0, 0.0, 0.0, 0.0, 0.0, 0.0, 0.0, 0.0, 0.0], [0.4172405004501343, 0.5, 0.6, 0.0392156862745098, 0.5, 0.0, 0.0, 0.0, 0.4172405105039298, 0.4212251226586032, 0.4212251226586032, 0.0, 0.0, 0.0, 0.0, 0.0, 0.0, 0.0, 0.0, 0.0, 0.0, 0.0, 0.0, 0.0, 0.0, 0.0, 0.0, 0.0, 0.0, 0.0, 0.0, 0.0], [0.4051229655742645, 0.6666666666666666, 0.6333333333333333, 0.0392156862745098, 0.5, 0.0, 0.0, 0.0, 0.4051229637789439, 0.47530236301651924, 0.47530236301651924, 0.0, 0.0, 0.0, 0.0, 0.0, 1.0, 0.0, 0.0, 0.0, 0.0, 0.0, 0.0, 0.0, 0.0, 0.0, 0.0, 0.0, 0.0, 0.0, 0.0, 0.0], [0.44993114471435547, 0.8333333333333333, 0.6666666666666666, 0.0392156862745098, 0.5, 0.0, 0.0, 1.0, 0.4499311332243035, 0.6614309563694231, 0.6614309563694231, 0.0, 0.0, 0.0, 0.0, 0.0, 0.0, 0.0, 0.0, 0.0, 0.0, 0.0, 0.0, 0.0, 0.0, 0.0, 0.0, 0.0, 0.0, 0.0, 0.0, 0.0], [0.6142323613166809, 1.0, 0.7, 0.0392156862745098, 0.75, 0.0, 0.0, 1.0, 0.6142323505447572, 0.6572982144643026, 0.6572982144643026, 0.0, 0.0, 0.0, 0.0, 0.0, 0.0, 0.0, 0.0, 0.0, 0.0, 0.0, 0.0, 0.0, 0.0, 0.0, 0.0, 0.0, 0.0, 0.0, 0.0, 0.0]]",0.625306248664856,103.80083727836609,6.0,22.0,3.0,4.0,1.0,1.0,1.0,101.96257019042969,109.11150360107422,109.11150360107422,0.0,0.0,0.0,0.0,0.0,0.0,0.0,0.0,0.0,0.0,0.0,0.0,0.0,0.0,0.0,0.0,0.0,0.0,0.0,0.0,0.0,1.0,0.7,0.0392156862745098,0.75,0.0,0.0,1.0,0.6142323505447572,0.6572982144643026,0.6572982144643026,0.0,0.0,0.0,0.0,0.0,0.0,0.0,0.0,0.0,0.0,0.0,0.0,0.0,0.0,0.0,0.0,0.0,0.0,0.0,0.0,0.0
121,"[[0.45379874110221863, 0.16666666666666666, 0.5333333333333333, 0.0392156862745098, 0.5, 0.0, 0.0, 0.0, 0.453798730689359, 0.44011099941759224, 0.44011099941759224, 0.0, 0.0, 0.0, 0.0, 0.0, 0.0, 0.0, 0.0, 0.0, 0.0, 0.0, 0.0, 0.0, 0.0, 0.0, 0.0, 0.0, 0.0, 0.0, 0.0, 0.0], [0.43619099259376526, 0.3333333333333333, 0.5666666666666667, 0.0392156862745098, 0.5, 0.0, 0.0, 0.0, 0.4361910073153944, 0.42362631372658605, 0.42362631372658605, 0.0, 0.0, 0.0, 0.0, 0.0, 0.0, 0.0, 0.0, 0.0, 0.0, 0.0, 0.0, 0.0, 0.0, 0.0, 0.0, 0.0, 0.0, 0.0, 0.0, 0.0], [0.4172405004501343, 0.5, 0.6, 0.0392156862745098, 0.5, 0.0, 0.0, 0.0, 0.4172405105039298, 0.4212251226586032, 0.4212251226586032, 0.0, 0.0, 0.0, 0.0, 0.0, 0.0, 0.0, 0.0, 0.0, 0.0, 0.0, 0.0, 0.0, 0.0, 0.0, 0.0, 0.0, 0.0, 0.0, 0.0, 0.0], [0.4051229655742645, 0.6666666666666666, 0.6333333333333333, 0.0392156862745098, 0.5, 0.0, 0.0, 0.0, 0.4051229637789439, 0.47530236301651924, 0.47530236301651924, 0.0, 0.0, 0.0, 0.0, 0.0, 1.0, 0.0, 0.0, 0.0, 0.0, 0.0, 0.0, 0.0, 0.0, 0.0, 0.0, 0.0, 0.0, 0.0, 0.0, 0.0], [0.44993114471435547, 0.8333333333333333, 0.6666666666666666, 0.0392156862745098, 0.5, 0.0, 0.0, 1.0, 0.4499311332243035, 0.6614309563694231, 0.6614309563694231, 0.0, 0.0, 0.0, 0.0, 0.0, 0.0, 0.0, 0.0, 0.0, 0.0, 0.0, 0.0, 0.0, 0.0, 0.0, 0.0, 0.0, 0.0, 0.0, 0.0, 0.0], [0.6142323613166809, 1.0, 0.7, 0.0392156862745098, 0.75, 0.0, 0.0, 1.0, 0.6142323505447572, 0.6572982144643026, 0.6572982144643026, 0.0, 0.0, 0.0, 0.0, 0.0, 0.0, 0.0, 0.0, 0.0, 0.0, 0.0, 0.0, 0.0, 0.0, 0.0, 0.0, 0.0, 0.0, 0.0, 0.0, 0.0], [0.625306248664856, 0.0, 0.7333333333333333, 0.058823529411764705, 0.75, 0.0, 0.0, 0.0, 0.6253062328660345, 0.453798730689359, 0.453798730689359, 0.0, 0.0, 0.0, 0.0, 1.0, 0.0, 0.0, 0.0, 0.0, 0.0, 0.0, 0.0, 0.0, 0.0, 0.0, 0.0, 0.0, 0.0, 0.0, 0.0, 0.0]]",0.4372396171092987,72.58177644014359,0.0,23.0,4.0,4.0,1.0,1.0,0.0,103.80083465576172,75.3305892944336,75.3305892944336,0.0,0.0,0.0,0.0,1.0,0.0,0.0,0.0,0.0,0.0,0.0,0.0,0.0,0.0,0.0,0.0,0.0,0.0,0.0,0.0,0.0,0.0,0.7333333333333333,0.058823529411764705,0.75,0.0,0.0,0.0,0.6253062328660345,0.453798730689359,0.453798730689359,0.0,0.0,0.0,0.0,1.0,0.0,0.0,0.0,0.0,0.0,0.0,0.0,0.0,0.0,0.0,0.0,0.0,0.0,0.0,0.0,0.0
122,"[[0.43619099259376526, 0.3333333333333333, 0.5666666666666667, 0.0392156862745098, 0.5, 0.0, 0.0, 0.0, 0.4361910073153944, 0.42362631372658605, 0.42362631372658605, 0.0, 0.0, 0.0, 0.0, 0.0, 0.0, 0.0, 0.0, 0.0, 0.0, 0.0, 0.0, 0.0, 0.0, 0.0, 0.0, 0.0, 0.0, 0.0, 0.0, 0.0], [0.4172405004501343, 0.5, 0.6, 0.0392156862745098, 0.5, 0.0, 0.0, 0.0, 0.4172405105039298, 0.4212251226586032, 0.4212251226586032, 0.0, 0.0, 0.0, 0.0, 0.0, 0.0, 0.0, 0.0, 0.0, 0.0, 0.0, 0.0, 0.0, 0.0, 0.0, 0.0, 0.0, 0.0, 0.0, 0.0, 0.0], [0.4051229655742645, 0.6666666666666666, 0.6333333333333333, 0.0392156862745098, 0.5, 0.0, 0.0, 0.0, 0.4051229637789439, 0.47530236301651924, 0.47530236301651924, 0.0, 0.0, 0.0, 0.0, 0.0, 1.0, 0.0, 0.0, 0.0, 0.0, 0.0, 0.0, 0.0, 0.0, 0.0, 0.0, 0.0, 0.0, 0.0, 0.0, 0.0], [0.44993114471435547, 0.8333333333333333, 0.6666666666666666, 0.0392156862745098, 0.5, 0.0, 0.0, 1.0, 0.4499311332243035, 0.6614309563694231, 0.6614309563694231, 0.0, 0.0, 0.0, 0.0, 0.0, 0.0, 0.0, 0.0, 0.0, 0.0, 0.0, 0.0, 0.0, 0.0, 0.0, 0.0, 0.0, 0.0, 0.0, 0.0, 0.0], [0.6142323613166809, 1.0, 0.7, 0.0392156862745098, 0.75, 0.0, 0.0, 1.0, 0.6142323505447572, 0.6572982144643026, 0.6572982144643026, 0.0, 0.0, 0.0, 0.0, 0.0, 0.0, 0.0, 0.0, 0.0, 0.0, 0.0, 0.0, 0.0, 0.0, 0.0, 0.0, 0.0, 0.0, 0.0, 0.0, 0.0], [0.625306248664856, 0.0, 0.7333333333333333, 0.058823529411764705, 0.75, 0.0, 0.0, 0.0, 0.6253062328660345, 0.453798730689359, 0.453798730689359, 0.0, 0.0, 0.0, 0.0, 1.0, 0.0, 0.0, 0.0, 0.0, 0.0, 0.0, 0.0, 0.0, 0.0, 0.0, 0.0, 0.0, 0.0, 0.0, 0.0, 0.0], [0.4372396171092987, 0.16666666666666666, 0.7666666666666667, 0.058823529411764705, 0.75, 0.0, 0.0, 0.0, 0.43723963542156913, 0.4361910073153944, 0.4361910073153944, 0.0, 0.0, 0.0, 0.0, 0.0, 0.0, 0.0, 0.0, 0.0, 0.0, 0.0, 0.0, 0.0, 0.0, 0.0, 0.0, 0.0, 0.0, 0.0, 0.0, 0.0]]",0.42085444927215576,69.86183857917786,1.0,24.0,4.0,4.0,1.0,1.0,0.0,72.58177947998047,72.40770721435547,72.40770721435547,0.0,0.0,0.0,0.0,0.0,0.0,0.0,0.0,0.0,0.0,0.0,0.0,0.0,0.0,0.0,0.0,0.0,0.0,0.0,0.0,0.0,0.16666666666666666,0.7666666666666667,0.058823529411764705,0.75,0.0,0.0,0.0,0.43723963542156913,0.4361910073153944,0.4361910073153944,0.0,0.0,0.0,0.0,0.0,0.0,0.0,0.0,0.0,0.0,0.0,0.0,0.0,0.0,0.0,0.0,0.0,0.0,0.0,0.0,0.0
123,"[[0.4172405004501343, 0.5, 0.6, 0.0392156862745098, 0.5, 0.0, 0.0, 0.0, 0.4172405105039298, 0.4212251226586032, 0.4212251226586032, 0.0, 0.0, 0.0, 0.0, 0.0, 0.0, 0.0, 0.0, 0.0, 0.0, 0.0, 0.0, 0.0, 0.0, 0.0, 0.0, 0.0, 0.0, 0.0, 0.0, 0.0], [0.4051229655742645, 0.6666666666666666, 0.6333333333333333, 0.0392156862745098, 0.5, 0.0, 0.0, 0.0, 0.4051229637789439, 0.47530236301651924, 0.47530236301651924, 0.0, 0.0, 0.0, 0.0, 0.0, 1.0, 0.0, 0.0, 0.0, 0.0, 0.0, 0.0, 0.0, 0.0, 0.0, 0.0, 0.0, 0.0, 0.0, 0.0, 0.0], [0.44993114471435547, 0.8333333333333333, 0.6666666666666666, 0.0392156862745098, 0.5, 0.0, 0.0, 1.0, 0.4499311332243035, 0.6614309563694231, 0.6614309563694231, 0.0, 0.0, 0.0, 0.0, 0.0, 0.0, 0.0, 0.0, 0.0, 0.0, 0.0, 0.0, 0.0, 0.0, 0.0, 0.0, 0.0, 0.0, 0.0, 0.0, 0.0], [0.6142323613166809, 1.0, 0.7, 0.0392156862745098, 0.75, 0.0, 0.0, 1.0, 0.6142323505447572, 0.6572982144643026, 0.6572982144643026, 0.0, 0.0, 0.0, 0.0, 0.0, 0.0, 0.0, 0.0, 0.0, 0.0, 0.0, 0.0, 0.0, 0.0, 0.0, 0.0, 0.0, 0.0, 0.0, 0.0, 0.0], [0.625306248664856, 0.0, 0.7333333333333333, 0.058823529411764705, 0.75, 0.0, 0.0, 0.0, 0.6253062328660345, 0.453798730689359, 0.453798730689359, 0.0, 0.0, 0.0, 0.0, 1.0, 0.0, 0.0, 0.0, 0.0, 0.0, 0.0, 0.0, 0.0, 0.0, 0.0, 0.0, 0.0, 0.0, 0.0, 0.0, 0.0], [0.4372396171092987, 0.16666666666666666, 0.7666666666666667, 0.058823529411764705, 0.75, 0.0, 0.0, 0.0, 0.43723963542156913, 0.4361910073153944, 0.4361910073153944, 0.0, 0.0, 0.0, 0.0, 0.0, 0.0, 0.0, 0.0, 0.0, 0.0, 0.0, 0.0, 0.0, 0.0, 0.0, 0.0, 0.0, 0.0, 0.0, 0.0, 0.0], [0.42085444927215576, 0.3333333333333333, 0.8, 0.058823529411764705, 0.75, 0.0, 0.0, 0.0, 0.42085445358092527, 0.4172405105039298, 0.4172405105039298, 0.0, 0.0, 0.0, 0.0, 0.0, 0.0, 0.0, 0.0, 0.0, 0.0, 0.0, 0.0, 0.0, 0.0, 0.0, 0.0, 0.0, 0.0, 0.0, 0.0, 0.0]]",0.4092300832271576,67.93219381570816,2.0,25.0,4.0,4.0,1.0,1.0,0.0,69.8618392944336,69.26192474365234,69.26192474365234,0.0,0.0,0.0,0.0,0.0,0.0,0.0,0.0,0.0,0.0,0.0,0.0,0.0,0.0,0.0,0.0,0.0,0.0,0.0,0.0,0.0,0.3333333333333333,0.8,0.058823529411764705,0.75,0.0,0.0,0.0,0.42085445358092527,0.4172405105039298,0.4172405105039298,0.0,0.0,0.0,0.0,0.0,0.0,0.0,0.0,0.0,0.0,0.0,0.0,0.0,0.0,0.0,0.0,0.0,0.0,0.0,0.0,0.0
124,"[[0.4051229655742645, 0.6666666666666666, 0.6333333333333333, 0.0392156862745098, 0.5, 0.0, 0.0, 0.0, 0.4051229637789439, 0.47530236301651924, 0.47530236301651924, 0.0, 0.0, 0.0, 0.0, 0.0, 1.0, 0.0, 0.0, 0.0, 0.0, 0.0, 0.0, 0.0, 0.0, 0.0, 0.0, 0.0, 0.0, 0.0, 0.0, 0.0], [0.44993114471435547, 0.8333333333333333, 0.6666666666666666, 0.0392156862745098, 0.5, 0.0, 0.0, 1.0, 0.4499311332243035, 0.6614309563694231, 0.6614309563694231, 0.0, 0.0, 0.0, 0.0, 0.0, 0.0, 0.0, 0.0, 0.0, 0.0, 0.0, 0.0, 0.0, 0.0, 0.0, 0.0, 0.0, 0.0, 0.0, 0.0, 0.0], [0.6142323613166809, 1.0, 0.7, 0.0392156862745098, 0.75, 0.0, 0.0, 1.0, 0.6142323505447572, 0.6572982144643026, 0.6572982144643026, 0.0, 0.0, 0.0, 0.0, 0.0, 0.0, 0.0, 0.0, 0.0, 0.0, 0.0, 0.0, 0.0, 0.0, 0.0, 0.0, 0.0, 0.0, 0.0, 0.0, 0.0], [0.625306248664856, 0.0, 0.7333333333333333, 0.058823529411764705, 0.75, 0.0, 0.0, 0.0, 0.6253062328660345, 0.453798730689359, 0.453798730689359, 0.0, 0.0, 0.0, 0.0, 1.0, 0.0, 0.0, 0.0, 0.0, 0.0, 0.0, 0.0, 0.0, 0.0, 0.0, 0.0, 0.0, 0.0, 0.0, 0.0, 0.0], [0.4372396171092987, 0.16666666666666666, 0.7666666666666667, 0.058823529411764705, 0.75, 0.0, 0.0, 0.0, 0.43723963542156913, 0.4361910073153944, 0.4361910073153944, 0.0, 0.0, 0.0, 0.0, 0.0, 0.0, 0.0, 0.0, 0.0, 0.0, 0.0, 0.0, 0.0, 0.0, 0.0, 0.0, 0.0, 0.0, 0.0, 0.0, 0.0], [0.42085444927215576, 0.3333333333333333, 0.8, 0.058823529411764705, 0.75, 0.0, 0.0, 0.0, 0.42085445358092527, 0.4172405105039298, 0.4172405105039298, 0.0, 0.0, 0.0, 0.0, 0.0, 0.0, 0.0, 0.0, 0.0, 0.0, 0.0, 0.0, 0.0, 0.0, 0.0, 0.0, 0.0, 0.0, 0.0, 0.0, 0.0], [0.4092300832271576, 0.5, 0.8333333333333334, 0.058823529411764705, 0.75, 0.0, 0.0, 0.0, 0.4092301058481975, 0.4051229637789439, 0.4051229637789439, 0.0, 0.0, 0.0, 0.0, 0.0, 0.0, 0.0, 0.0, 0.0, 0.0, 0.0, 0.0, 0.0, 0.0, 0.0, 0.0, 0.0, 0.0, 0.0, 0.0, 0.0]]",0.3972858488559723,65.9494509100914,3.0,26.0,4.0,4.0,1.0,1.0,0.0,67.93219757080078,67.25041198730469,67.25041198730469,0.0,0.0,0.0,0.0,0.0,0.0,0.0,0.0,0.0,0.0,0.0,0.0,0.0,0.0,0.0,0.0,0.0,0.0,0.0,0.0,0.0,0.5,0.8333333333333334,0.058823529411764705,0.75,0.0,0.0,0.0,0.4092301058481975,0.4051229637789439,0.4051229637789439,0.0,0.0,0.0,0.0,0.0,0.0,0.0,0.0,0.0,0.0,0.0,0.0,0.0,0.0,0.0,0.0,0.0,0.0,0.0,0.0,0.0
125,"[[0.44993114471435547, 0.8333333333333333, 0.6666666666666666, 0.0392156862745098, 0.5, 0.0, 0.0, 1.0, 0.4499311332243035, 0.6614309563694231, 0.6614309563694231, 0.0, 0.0, 0.0, 0.0, 0.0, 0.0, 0.0, 0.0, 0.0, 0.0, 0.0, 0.0, 0.0, 0.0, 0.0, 0.0, 0.0, 0.0, 0.0, 0.0, 0.0], [0.6142323613166809, 1.0, 0.7, 0.0392156862745098, 0.75, 0.0, 0.0, 1.0, 0.6142323505447572, 0.6572982144643026, 0.6572982144643026, 0.0, 0.0, 0.0, 0.0, 0.0, 0.0, 0.0, 0.0, 0.0, 0.0, 0.0, 0.0, 0.0, 0.0, 0.0, 0.0, 0.0, 0.0, 0.0, 0.0, 0.0], [0.625306248664856, 0.0, 0.7333333333333333, 0.058823529411764705, 0.75, 0.0, 0.0, 0.0, 0.6253062328660345, 0.453798730689359, 0.453798730689359, 0.0, 0.0, 0.0, 0.0, 1.0, 0.0, 0.0, 0.0, 0.0, 0.0, 0.0, 0.0, 0.0, 0.0, 0.0, 0.0, 0.0, 0.0, 0.0, 0.0, 0.0], [0.4372396171092987, 0.16666666666666666, 0.7666666666666667, 0.058823529411764705, 0.75, 0.0, 0.0, 0.0, 0.43723963542156913, 0.4361910073153944, 0.4361910073153944, 0.0, 0.0, 0.0, 0.0, 0.0, 0.0, 0.0, 0.0, 0.0, 0.0, 0.0, 0.0, 0.0, 0.0, 0.0, 0.0, 0.0, 0.0, 0.0, 0.0, 0.0], [0.42085444927215576, 0.3333333333333333, 0.8, 0.058823529411764705, 0.75, 0.0, 0.0, 0.0, 0.42085445358092527, 0.4172405105039298, 0.4172405105039298, 0.0, 0.0, 0.0, 0.0, 0.0, 0.0, 0.0, 0.0, 0.0, 0.0, 0.0, 0.0, 0.0, 0.0, 0.0, 0.0, 0.0, 0.0, 0.0, 0.0, 0.0], [0.4092300832271576, 0.5, 0.8333333333333334, 0.058823529411764705, 0.75, 0.0, 0.0, 0.0, 0.4092301058481975, 0.4051229637789439, 0.4051229637789439, 0.0, 0.0, 0.0, 0.0, 0.0, 0.0, 0.0, 0.0, 0.0, 0.0, 0.0, 0.0, 0.0, 0.0, 0.0, 0.0, 0.0, 0.0, 0.0, 0.0, 0.0], [0.3972858488559723, 0.6666666666666666, 0.8666666666666667, 0.058823529411764705, 0.75, 0.0, 0.0, 0.0, 0.3972858291074454, 0.4499311332243035, 0.4499311332243035, 0.0, 0.0, 0.0, 0.0, 0.0, 1.0, 0.0, 0.0, 0.0, 0.0, 0.0, 0.0, 0.0, 0.0, 0.0, 0.0, 0.0, 0.0, 0.0, 0.0, 0.0]]",0.4396389126777649,72.98005950450897,4.0,27.0,4.0,4.0,1.0,1.0,0.0,65.94944763183594,74.68856811523438,74.68856811523438,0.0,0.0,0.0,0.0,0.0,1.0,0.0,0.0,0.0,0.0,0.0,0.0,0.0,0.0,0.0,0.0,0.0,0.0,0.0,0.0,0.0,0.6666666666666666,0.8666666666666667,0.058823529411764705,0.75,0.0,0.0,0.0,0.3972858291074454,0.4499311332243035,0.4499311332243035,0.0,0.0,0.0,0.0,0.0,1.0,0.0,0.0,0.0,0.0,0.0,0.0,0.0,0.0,0.0,0.0,0.0,0.0,0.0,0.0,0.0
126,"[[0.6142323613166809, 1.0, 0.7, 0.0392156862745098, 0.75, 0.0, 0.0, 1.0, 0.6142323505447572, 0.6572982144643026, 0.6572982144643026, 0.0, 0.0, 0.0, 0.0, 0.0, 0.0, 0.0, 0.0, 0.0, 0.0, 0.0, 0.0, 0.0, 0.0, 0.0, 0.0, 0.0, 0.0, 0.0, 0.0, 0.0], [0.625306248664856, 0.0, 0.7333333333333333, 0.058823529411764705, 0.75, 0.0, 0.0, 0.0, 0.6253062328660345, 0.453798730689359, 0.453798730689359, 0.0, 0.0, 0.0, 0.0, 1.0, 0.0, 0.0, 0.0, 0.0, 0.0, 0.0, 0.0, 0.0, 0.0, 0.0, 0.0, 0.0, 0.0, 0.0, 0.0, 0.0], [0.4372396171092987, 0.16666666666666666, 0.7666666666666667, 0.058823529411764705, 0.75, 0.0, 0.0, 0.0, 0.43723963542156913, 0.4361910073153944, 0.4361910073153944, 0.0, 0.0, 0.0, 0.0, 0.0, 0.0, 0.0, 0.0, 0.0, 0.0, 0.0, 0.0, 0.0, 0.0, 0.0, 0.0, 0.0, 0.0, 0.0, 0.0, 0.0], [0.42085444927215576, 0.3333333333333333, 0.8, 0.058823529411764705, 0.75, 0.0, 0.0, 0.0, 0.42085445358092527, 0.4172405105039298, 0.4172405105039298, 0.0, 0.0, 0.0, 0.0, 0.0, 0.0, 0.0, 0.0, 0.0, 0.0, 0.0, 0.0, 0.0, 0.0, 0.0, 0.0, 0.0, 0.0, 0.0, 0.0, 0.0], [0.4092300832271576, 0.5, 0.8333333333333334, 0.058823529411764705, 0.75, 0.0, 0.0, 0.0, 0.4092301058481975, 0.4051229637789439, 0.4051229637789439, 0.0, 0.0, 0.0, 0.0, 0.0, 0.0, 0.0, 0.0, 0.0, 0.0, 0.0, 0.0, 0.0, 0.0, 0.0, 0.0, 0.0, 0.0, 0.0, 0.0, 0.0], [0.3972858488559723, 0.6666666666666666, 0.8666666666666667, 0.058823529411764705, 0.75, 0.0, 0.0, 0.0, 0.3972858291074454, 0.4499311332243035, 0.4499311332243035, 0.0, 0.0, 0.0, 0.0, 0.0, 1.0, 0.0, 0.0, 0.0, 0.0, 0.0, 0.0, 0.0, 0.0, 0.0, 0.0, 0.0, 0.0, 0.0, 0.0, 0.0], [0.4396389126777649, 0.8333333333333333, 0.9, 0.058823529411764705, 0.75, 0.0, 0.0, 1.0, 0.43963889616081514, 0.6142323505447572, 0.6142323505447572, 0.0, 0.0, 0.0, 0.0, 0.0, 0.0, 0.0, 0.0, 0.0, 0.0, 0.0, 0.0, 0.0, 0.0, 0.0, 0.0, 0.0, 0.0, 0.0, 0.0, 0.0]]",0.587348222732544,97.4998049736023,5.0,28.0,4.0,4.0,1.0,1.0,1.0,72.98005676269531,101.96257019042969,101.96257019042969,0.0,0.0,0.0,0.0,0.0,0.0,0.0,0.0,0.0,0.0,0.0,0.0,0.0,0.0,0.0,0.0,0.0,0.0,0.0,0.0,0.0,0.8333333333333333,0.9,0.058823529411764705,0.75,0.0,0.0,1.0,0.43963889616081514,0.6142323505447572,0.6142323505447572,0.0,0.0,0.0,0.0,0.0,0.0,0.0,0.0,0.0,0.0,0.0,0.0,0.0,0.0,0.0,0.0,0.0,0.0,0.0,0.0,0.0
127,"[[0.625306248664856, 0.0, 0.7333333333333333, 0.058823529411764705, 0.75, 0.0, 0.0, 0.0, 0.6253062328660345, 0.453798730689359, 0.453798730689359, 0.0, 0.0, 0.0, 0.0, 1.0, 0.0, 0.0, 0.0, 0.0, 0.0, 0.0, 0.0, 0.0, 0.0, 0.0, 0.0, 0.0, 0.0, 0.0, 0.0, 0.0], [0.4372396171092987, 0.16666666666666666, 0.7666666666666667, 0.058823529411764705, 0.75, 0.0, 0.0, 0.0, 0.43723963542156913, 0.4361910073153944, 0.4361910073153944, 0.0, 0.0, 0.0, 0.0, 0.0, 0.0, 0.0, 0.0, 0.0, 0.0, 0.0, 0.0, 0.0, 0.0, 0.0, 0.0, 0.0, 0.0, 0.0, 0.0, 0.0], [0.42085444927215576, 0.3333333333333333, 0.8, 0.058823529411764705, 0.75, 0.0, 0.0, 0.0, 0.42085445358092527, 0.4172405105039298, 0.4172405105039298, 0.0, 0.0, 0.0, 0.0, 0.0, 0.0, 0.0, 0.0, 0.0, 0.0, 0.0, 0.0, 0.0, 0.0, 0.0, 0.0, 0.0, 0.0, 0.0, 0.0, 0.0], [0.4092300832271576, 0.5, 0.8333333333333334, 0.058823529411764705, 0.75, 0.0, 0.0, 0.0, 0.4092301058481975, 0.4051229637789439, 0.4051229637789439, 0.0, 0.0, 0.0, 0.0, 0.0, 0.0, 0.0, 0.0, 0.0, 0.0, 0.0, 0.0, 0.0, 0.0, 0.0, 0.0, 0.0, 0.0, 0.0, 0.0, 0.0], [0.3972858488559723, 0.6666666666666666, 0.8666666666666667, 0.058823529411764705, 0.75, 0.0, 0.0, 0.0, 0.3972858291074454, 0.4499311332243035, 0.4499311332243035, 0.0, 0.0, 0.0, 0.0, 0.0, 1.0, 0.0, 0.0, 0.0, 0.0, 0.0, 0.0, 0.0, 0.0, 0.0, 0.0, 0.0, 0.0, 0.0, 0.0, 0.0], [0.4396389126777649, 0.8333333333333333, 0.9, 0.058823529411764705, 0.75, 0.0, 0.0, 1.0, 0.43963889616081514, 0.6142323505447572, 0.6142323505447572, 0.0, 0.0, 0.0, 0.0, 0.0, 0.0, 0.0, 0.0, 0.0, 0.0, 0.0, 0.0, 0.0, 0.0, 0.0, 0.0, 0.0, 0.0, 0.0, 0.0, 0.0], [0.587348222732544, 1.0, 0.9333333333333333, 0.058823529411764705, 1.0, 0.0, 0.0, 1.0, 0.587348202624953, 0.6253062328660345, 0.6253062328660345, 0.0, 0.0, 0.0, 0.0, 0.0, 0.0, 0.0, 0.0, 0.0, 0.0, 0.0, 0.0, 0.0, 0.0, 0.0, 0.0, 0.0, 0.0, 0.0, 0.0, 0.0]]",0.5866358876228333,97.38155734539032,6.0,29.0,4.0,5.0,1.0,1.0,1.0,97.4998016357422,103.80083465576172,103.80083465576172,0.0,0.0,0.0,0.0,0.0,0.0,0.0,0.0,0.0,0.0,0.0,0.0,0.0,0.0,0.0,0.0,0.0,0.0,0.0,0.0,0.0,1.0,0.9333333333333333,0.058823529411764705,1.0,0.0,0.0,1.0,0.587348202624953,0.6253062328660345,0.6253062328660345,0.0,0.0,0.0,0.0,0.0,0.0,0.0,0.0,0.0,0.0,0.0,0.0,0.0,0.0,0.0,0.0,0.0,0.0,0.0,0.0,0.0
128,"[[0.4372396171092987, 0.16666666666666666, 0.7666666666666667, 0.058823529411764705, 0.75, 0.0, 0.0, 0.0, 0.43723963542156913, 0.4361910073153944, 0.4361910073153944, 0.0, 0.0, 0.0, 0.0, 0.0, 0.0, 0.0, 0.0, 0.0, 0.0, 0.0, 0.0, 0.0, 0.0, 0.0, 0.0, 0.0, 0.0, 0.0, 0.0, 0.0], [0.42085444927215576, 0.3333333333333333, 0.8, 0.058823529411764705, 0.75, 0.0, 0.0, 0.0, 0.42085445358092527, 0.4172405105039298, 0.4172405105039298, 0.0, 0.0, 0.0, 0.0, 0.0, 0.0, 0.0, 0.0, 0.0, 0.0, 0.0, 0.0, 0.0, 0.0, 0.0, 0.0, 0.0, 0.0, 0.0, 0.0, 0.0], [0.4092300832271576, 0.5, 0.8333333333333334, 0.058823529411764705, 0.75, 0.0, 0.0, 0.0, 0.4092301058481975, 0.4051229637789439, 0.4051229637789439, 0.0, 0.0, 0.0, 0.0, 0.0, 0.0, 0.0, 0.0, 0.0, 0.0, 0.0, 0.0, 0.0, 0.0, 0.0, 0.0, 0.0, 0.0, 0.0, 0.0, 0.0], [0.3972858488559723, 0.6666666666666666, 0.8666666666666667, 0.058823529411764705, 0.75, 0.0, 0.0, 0.0, 0.3972858291074454, 0.4499311332243035, 0.4499311332243035, 0.0, 0.0, 0.0, 0.0, 0.0, 1.0, 0.0, 0.0, 0.0, 0.0, 0.0, 0.0, 0.0, 0.0, 0.0, 0.0, 0.0, 0.0, 0.0, 0.0, 0.0], [0.4396389126777649, 0.8333333333333333, 0.9, 0.058823529411764705, 0.75, 0.0, 0.0, 1.0, 0.43963889616081514, 0.6142323505447572, 0.6142323505447572, 0.0, 0.0, 0.0, 0.0, 0.0, 0.0, 0.0, 0.0, 0.0, 0.0, 0.0, 0.0, 0.0, 0.0, 0.0, 0.0, 0.0, 0.0, 0.0, 0.0, 0.0], [0.587348222732544, 1.0, 0.9333333333333333, 0.058823529411764705, 1.0, 0.0, 0.0, 1.0, 0.587348202624953, 0.6253062328660345, 0.6253062328660345, 0.0, 0.0, 0.0, 0.0, 0.0, 0.0, 0.0, 0.0, 0.0, 0.0, 0.0, 0.0, 0.0, 0.0, 0.0, 0.0, 0.0, 0.0, 0.0, 0.0, 0.0], [0.5866358876228333, 0.0, 0.9666666666666667, 0.0784313725490196, 1.0, 0.0, 0.0, 0.0, 0.5866358653608575, 0.43723963542156913, 0.43723963542156913, 0.0, 0.0, 0.0, 0.0, 1.0, 0.0, 0.0, 0.0, 0.0, 0.0, 0.0, 0.0, 0.0, 0.0, 0.0, 0.0, 0.0, 0.0, 0.0, 0.0, 0.0]]",0.40859857201576233,67.82736295461655,0.0,30.0,5.0,5.0,1.0,1.0,0.0,97.38155364990234,72.58177947998047,72.58177947998047,0.0,0.0,0.0,0.0,1.0,0.0,0.0,0.0,0.0,0.0,0.0,0.0,0.0,0.0,0.0,0.0,0.0,0.0,0.0,0.0,0.0,0.0,0.9666666666666667,0.0784313725490196,1.0,0.0,0.0,0.0,0.5866358653608575,0.43723963542156913,0.43723963542156913,0.0,0.0,0.0,0.0,1.0,0.0,0.0,0.0,0.0,0.0,0.0,0.0,0.0,0.0,0.0,0.0,0.0,0.0,0.0,0.0,0.0
129,"[[0.42085444927215576, 0.3333333333333333, 0.8, 0.058823529411764705, 0.75, 0.0, 0.0, 0.0, 0.42085445358092527, 0.4172405105039298, 0.4172405105039298, 0.0, 0.0, 0.0, 0.0, 0.0, 0.0, 0.0, 0.0, 0.0, 0.0, 0.0, 0.0, 0.0, 0.0, 0.0, 0.0, 0.0, 0.0, 0.0, 0.0, 0.0], [0.4092300832271576, 0.5, 0.8333333333333334, 0.058823529411764705, 0.75, 0.0, 0.0, 0.0, 0.4092301058481975, 0.4051229637789439, 0.4051229637789439, 0.0, 0.0, 0.0, 0.0, 0.0, 0.0, 0.0, 0.0, 0.0, 0.0, 0.0, 0.0, 0.0, 0.0, 0.0, 0.0, 0.0, 0.0, 0.0, 0.0, 0.0], [0.3972858488559723, 0.6666666666666666, 0.8666666666666667, 0.058823529411764705, 0.75, 0.0, 0.0, 0.0, 0.3972858291074454, 0.4499311332243035, 0.4499311332243035, 0.0, 0.0, 0.0, 0.0, 0.0, 1.0, 0.0, 0.0, 0.0, 0.0, 0.0, 0.0, 0.0, 0.0, 0.0, 0.0, 0.0, 0.0, 0.0, 0.0, 0.0], [0.4396389126777649, 0.8333333333333333, 0.9, 0.058823529411764705, 0.75, 0.0, 0.0, 1.0, 0.43963889616081514, 0.6142323505447572, 0.6142323505447572, 0.0, 0.0, 0.0, 0.0, 0.0, 0.0, 0.0, 0.0, 0.0, 0.0, 0.0, 0.0, 0.0, 0.0, 0.0, 0.0, 0.0, 0.0, 0.0, 0.0, 0.0], [0.587348222732544, 1.0, 0.9333333333333333, 0.058823529411764705, 1.0, 0.0, 0.0, 1.0, 0.587348202624953, 0.6253062328660345, 0.6253062328660345, 0.0, 0.0, 0.0, 0.0, 0.0, 0.0, 0.0, 0.0, 0.0, 0.0, 0.0, 0.0, 0.0, 0.0, 0.0, 0.0, 0.0, 0.0, 0.0, 0.0, 0.0], [0.5866358876228333, 0.0, 0.9666666666666667, 0.0784313725490196, 1.0, 0.0, 0.0, 0.0, 0.5866358653608575, 0.43723963542156913, 0.43723963542156913, 0.0, 0.0, 0.0, 0.0, 1.0, 0.0, 0.0, 0.0, 0.0, 0.0, 0.0, 0.0, 0.0, 0.0, 0.0, 0.0, 0.0, 0.0, 0.0, 0.0, 0.0], [0.40859857201576233, 0.16666666666666666, 0.9999999999999999, 0.0784313725490196, 1.0, 0.0, 0.0, 0.0, 0.4085985666298005, 0.42085445358092527, 0.42085445358092527, 0.0, 1.0, 0.0, 0.0, 0.0, 0.0, 0.0, 0.0, 0.0, 0.0, 0.0, 0.0, 0.0, 0.0, 0.0, 0.0, 0.0, 0.0, 0.0, 0.0, 0.0]]",0.4928114414215088,81.80669927597046,1.0,30.999999999999996,5.0,5.0,1.0,1.0,0.0,67.82736206054688,69.8618392944336,69.8618392944336,0.0,1.0,0.0,0.0,0.0,0.0,0.0,0.0,0.0,0.0,0.0,0.0,0.0,0.0,0.0,0.0,0.0,0.0,0.0,0.0,0.0,0.16666666666666666,0.9999999999999999,0.0784313725490196,1.0,0.0,0.0,0.0,0.4085985666298005,0.42085445358092527,0.42085445358092527,0.0,1.0,0.0,0.0,0.0,0.0,0.0,0.0,0.0,0.0,0.0,0.0,0.0,0.0,0.0,0.0,0.0,0.0,0.0,0.0,0.0
130,"[[0.4092300832271576, 0.5, 0.8333333333333334, 0.058823529411764705, 0.75, 0.0, 0.0, 0.0, 0.4092301058481975, 0.4051229637789439, 0.4051229637789439, 0.0, 0.0, 0.0, 0.0, 0.0, 0.0, 0.0, 0.0, 0.0, 0.0, 0.0, 0.0, 0.0, 0.0, 0.0, 0.0, 0.0, 0.0, 0.0, 0.0, 0.0], [0.3972858488559723, 0.6666666666666666, 0.8666666666666667, 0.058823529411764705, 0.75, 0.0, 0.0, 0.0, 0.3972858291074454, 0.4499311332243035, 0.4499311332243035, 0.0, 0.0, 0.0, 0.0, 0.0, 1.0, 0.0, 0.0, 0.0, 0.0, 0.0, 0.0, 0.0, 0.0, 0.0, 0.0, 0.0, 0.0, 0.0, 0.0, 0.0], [0.4396389126777649, 0.8333333333333333, 0.9, 0.058823529411764705, 0.75, 0.0, 0.0, 1.0, 0.43963889616081514, 0.6142323505447572, 0.6142323505447572, 0.0, 0.0, 0.0, 0.0, 0.0, 0.0, 0.0, 0.0, 0.0, 0.0, 0.0, 0.0, 0.0, 0.0, 0.0, 0.0, 0.0, 0.0, 0.0, 0.0, 0.0], [0.587348222732544, 1.0, 0.9333333333333333, 0.058823529411764705, 1.0, 0.0, 0.0, 1.0, 0.587348202624953, 0.6253062328660345, 0.6253062328660345, 0.0, 0.0, 0.0, 0.0, 0.0, 0.0, 0.0, 0.0, 0.0, 0.0, 0.0, 0.0, 0.0, 0.0, 0.0, 0.0, 0.0, 0.0, 0.0, 0.0, 0.0], [0.5866358876228333, 0.0, 0.9666666666666667, 0.0784313725490196, 1.0, 0.0, 0.0, 0.0, 0.5866358653608575, 0.43723963542156913, 0.43723963542156913, 0.0, 0.0, 0.0, 0.0, 1.0, 0.0, 0.0, 0.0, 0.0, 0.0, 0.0, 0.0, 0.0, 0.0, 0.0, 0.0, 0.0, 0.0, 0.0, 0.0, 0.0], [0.40859857201576233, 0.16666666666666666, 0.9999999999999999, 0.0784313725490196, 1.0, 0.0, 0.0, 0.0, 0.4085985666298005, 0.42085445358092527, 0.42085445358092527, 0.0, 1.0, 0.0, 0.0, 0.0, 0.0, 0.0, 0.0, 0.0, 0.0, 0.0, 0.0, 0.0, 0.0, 0.0, 0.0, 0.0, 0.0, 0.0, 0.0, 0.0], [0.4928114414215088, 0.3333333333333333, 0.0, 0.0784313725490196, 0.0, 0.09090909090909091, 0.0, 0.0, 0.4928114557840738, 0.4092301058481975, 0.4092301058481975, 1.0, 0.0, 0.0, 0.0, 0.0, 0.0, 0.0, 0.0, 0.0, 0.0, 0.0, 0.0, 0.0, 0.0, 0.0, 0.0, 0.0, 0.0, 0.0, 0.0, 0.0]]",0.37260034680366516,61.85165756940842,2.0,1.0,5.0,1.0,2.0,1.0,0.0,81.80670166015625,67.93219757080078,67.93219757080078,1.0,0.0,0.0,0.0,0.0,0.0,0.0,0.0,0.0,0.0,0.0,0.0,0.0,0.0,0.0,0.0,0.0,0.0,0.0,0.0,0.0,0.3333333333333333,0.0,0.0784313725490196,0.0,0.09090909090909091,0.0,0.0,0.4928114557840738,0.4092301058481975,0.4092301058481975,1.0,0.0,0.0,0.0,0.0,0.0,0.0,0.0,0.0,0.0,0.0,0.0,0.0,0.0,0.0,0.0,0.0,0.0,0.0,0.0,0.0
131,"[[0.3972858488559723, 0.6666666666666666, 0.8666666666666667, 0.058823529411764705, 0.75, 0.0, 0.0, 0.0, 0.3972858291074454, 0.4499311332243035, 0.4499311332243035, 0.0, 0.0, 0.0, 0.0, 0.0, 1.0, 0.0, 0.0, 0.0, 0.0, 0.0, 0.0, 0.0, 0.0, 0.0, 0.0, 0.0, 0.0, 0.0, 0.0, 0.0], [0.4396389126777649, 0.8333333333333333, 0.9, 0.058823529411764705, 0.75, 0.0, 0.0, 1.0, 0.43963889616081514, 0.6142323505447572, 0.6142323505447572, 0.0, 0.0, 0.0, 0.0, 0.0, 0.0, 0.0, 0.0, 0.0, 0.0, 0.0, 0.0, 0.0, 0.0, 0.0, 0.0, 0.0, 0.0, 0.0, 0.0, 0.0], [0.587348222732544, 1.0, 0.9333333333333333, 0.058823529411764705, 1.0, 0.0, 0.0, 1.0, 0.587348202624953, 0.6253062328660345, 0.6253062328660345, 0.0, 0.0, 0.0, 0.0, 0.0, 0.0, 0.0, 0.0, 0.0, 0.0, 0.0, 0.0, 0.0, 0.0, 0.0, 0.0, 0.0, 0.0, 0.0, 0.0, 0.0], [0.5866358876228333, 0.0, 0.9666666666666667, 0.0784313725490196, 1.0, 0.0, 0.0, 0.0, 0.5866358653608575, 0.43723963542156913, 0.43723963542156913, 0.0, 0.0, 0.0, 0.0, 1.0, 0.0, 0.0, 0.0, 0.0, 0.0, 0.0, 0.0, 0.0, 0.0, 0.0, 0.0, 0.0, 0.0, 0.0, 0.0, 0.0], [0.40859857201576233, 0.16666666666666666, 0.9999999999999999, 0.0784313725490196, 1.0, 0.0, 0.0, 0.0, 0.4085985666298005, 0.42085445358092527, 0.42085445358092527, 0.0, 1.0, 0.0, 0.0, 0.0, 0.0, 0.0, 0.0, 0.0, 0.0, 0.0, 0.0, 0.0, 0.0, 0.0, 0.0, 0.0, 0.0, 0.0, 0.0, 0.0], [0.4928114414215088, 0.3333333333333333, 0.0, 0.0784313725490196, 0.0, 0.09090909090909091, 0.0, 0.0, 0.4928114557840738, 0.4092301058481975, 0.4092301058481975, 1.0, 0.0, 0.0, 0.0, 0.0, 0.0, 0.0, 0.0, 0.0, 0.0, 0.0, 0.0, 0.0, 0.0, 0.0, 0.0, 0.0, 0.0, 0.0, 0.0, 0.0], [0.37260034680366516, 0.5, 0.03333333333333333, 0.0784313725490196, 0.0, 0.09090909090909091, 0.0, 0.0, 0.37260034859898583, 0.3972858291074454, 0.3972858291074454, 0.0, 0.0, 0.0, 0.0, 0.0, 0.0, 0.0, 0.0, 0.0, 0.0, 0.0, 0.0, 0.0, 0.0, 0.0, 0.0, 0.0, 0.0, 0.0, 0.0, 0.0]]",0.4727889597415924,78.48296731710434,3.0,2.0,5.0,1.0,2.0,1.0,0.0,61.85165786743165,65.94944763183594,65.94944763183594,0.0,0.0,0.0,0.0,0.0,0.0,0.0,0.0,0.0,0.0,0.0,0.0,0.0,0.0,0.0,0.0,0.0,0.0,0.0,0.0,0.0,0.5,0.03333333333333333,0.0784313725490196,0.0,0.09090909090909091,0.0,0.0,0.37260034859898583,0.3972858291074454,0.3972858291074454,0.0,0.0,0.0,0.0,0.0,0.0,0.0,0.0,0.0,0.0,0.0,0.0,0.0,0.0,0.0,0.0,0.0,0.0,0.0,0.0,0.0
132,"[[0.4396389126777649, 0.8333333333333333, 0.9, 0.058823529411764705, 0.75, 0.0, 0.0, 1.0, 0.43963889616081514, 0.6142323505447572, 0.6142323505447572, 0.0, 0.0, 0.0, 0.0, 0.0, 0.0, 0.0, 0.0, 0.0, 0.0, 0.0, 0.0, 0.0, 0.0, 0.0, 0.0, 0.0, 0.0, 0.0, 0.0, 0.0], [0.587348222732544, 1.0, 0.9333333333333333, 0.058823529411764705, 1.0, 0.0, 0.0, 1.0, 0.587348202624953, 0.6253062328660345, 0.6253062328660345, 0.0, 0.0, 0.0, 0.0, 0.0, 0.0, 0.0, 0.0, 0.0, 0.0, 0.0, 0.0, 0.0, 0.0, 0.0, 0.0, 0.0, 0.0, 0.0, 0.0, 0.0], [0.5866358876228333, 0.0, 0.9666666666666667, 0.0784313725490196, 1.0, 0.0, 0.0, 0.0, 0.5866358653608575, 0.43723963542156913, 0.43723963542156913, 0.0, 0.0, 0.0, 0.0, 1.0, 0.0, 0.0, 0.0, 0.0, 0.0, 0.0, 0.0, 0.0, 0.0, 0.0, 0.0, 0.0, 0.0, 0.0, 0.0, 0.0], [0.40859857201576233, 0.16666666666666666, 0.9999999999999999, 0.0784313725490196, 1.0, 0.0, 0.0, 0.0, 0.4085985666298005, 0.42085445358092527, 0.42085445358092527, 0.0, 1.0, 0.0, 0.0, 0.0, 0.0, 0.0, 0.0, 0.0, 0.0, 0.0, 0.0, 0.0, 0.0, 0.0, 0.0, 0.0, 0.0, 0.0, 0.0, 0.0], [0.4928114414215088, 0.3333333333333333, 0.0, 0.0784313725490196, 0.0, 0.09090909090909091, 0.0, 0.0, 0.4928114557840738, 0.4092301058481975, 0.4092301058481975, 1.0, 0.0, 0.0, 0.0, 0.0, 0.0, 0.0, 0.0, 0.0, 0.0, 0.0, 0.0, 0.0, 0.0, 0.0, 0.0, 0.0, 0.0, 0.0, 0.0, 0.0], [0.37260034680366516, 0.5, 0.03333333333333333, 0.0784313725490196, 0.0, 0.09090909090909091, 0.0, 0.0, 0.37260034859898583, 0.3972858291074454, 0.3972858291074454, 0.0, 0.0, 0.0, 0.0, 0.0, 0.0, 0.0, 0.0, 0.0, 0.0, 0.0, 0.0, 0.0, 0.0, 0.0, 0.0, 0.0, 0.0, 0.0, 0.0, 0.0], [0.4727889597415924, 0.6666666666666666, 0.06666666666666668, 0.0784313725490196, 0.0, 0.09090909090909091, 0.0, 0.0, 0.47278893712055253, 0.43963889616081514, 0.43963889616081514, 0.0, 0.0, 0.0, 0.0, 0.0, 1.0, 0.0, 0.0, 0.0, 0.0, 0.0, 0.0, 0.0, 0.0, 0.0, 0.0, 0.0, 0.0, 0.0, 0.0, 0.0]]",0.5084154605865479,84.39696645736694,4.0,3.0,5.0,1.0,2.0,1.0,0.0,78.48296356201172,72.98005676269531,72.98005676269531,0.0,0.0,0.0,0.0,0.0,1.0,0.0,0.0,0.0,0.0,0.0,0.0,0.0,0.0,0.0,0.0,0.0,0.0,0.0,0.0,0.0,0.6666666666666666,0.06666666666666668,0.0784313725490196,0.0,0.09090909090909091,0.0,0.0,0.47278893712055253,0.43963889616081514,0.43963889616081514,0.0,0.0,0.0,0.0,0.0,1.0,0.0,0.0,0.0,0.0,0.0,0.0,0.0,0.0,0.0,0.0,0.0,0.0,0.0,0.0,0.0
133,"[[0.587348222732544, 1.0, 0.9333333333333333, 0.058823529411764705, 1.0, 0.0, 0.0, 1.0, 0.587348202624953, 0.6253062328660345, 0.6253062328660345, 0.0, 0.0, 0.0, 0.0, 0.0, 0.0, 0.0, 0.0, 0.0, 0.0, 0.0, 0.0, 0.0, 0.0, 0.0, 0.0, 0.0, 0.0, 0.0, 0.0, 0.0], [0.5866358876228333, 0.0, 0.9666666666666667, 0.0784313725490196, 1.0, 0.0, 0.0, 0.0, 0.5866358653608575, 0.43723963542156913, 0.43723963542156913, 0.0, 0.0, 0.0, 0.0, 1.0, 0.0, 0.0, 0.0, 0.0, 0.0, 0.0, 0.0, 0.0, 0.0, 0.0, 0.0, 0.0, 0.0, 0.0, 0.0, 0.0], [0.40859857201576233, 0.16666666666666666, 0.9999999999999999, 0.0784313725490196, 1.0, 0.0, 0.0, 0.0, 0.4085985666298005, 0.42085445358092527, 0.42085445358092527, 0.0, 1.0, 0.0, 0.0, 0.0, 0.0, 0.0, 0.0, 0.0, 0.0, 0.0, 0.0, 0.0, 0.0, 0.0, 0.0, 0.0, 0.0, 0.0, 0.0, 0.0], [0.4928114414215088, 0.3333333333333333, 0.0, 0.0784313725490196, 0.0, 0.09090909090909091, 0.0, 0.0, 0.4928114557840738, 0.4092301058481975, 0.4092301058481975, 1.0, 0.0, 0.0, 0.0, 0.0, 0.0, 0.0, 0.0, 0.0, 0.0, 0.0, 0.0, 0.0, 0.0, 0.0, 0.0, 0.0, 0.0, 0.0, 0.0, 0.0], [0.37260034680366516, 0.5, 0.03333333333333333, 0.0784313725490196, 0.0, 0.09090909090909091, 0.0, 0.0, 0.37260034859898583, 0.3972858291074454, 0.3972858291074454, 0.0, 0.0, 0.0, 0.0, 0.0, 0.0, 0.0, 0.0, 0.0, 0.0, 0.0, 0.0, 0.0, 0.0, 0.0, 0.0, 0.0, 0.0, 0.0, 0.0, 0.0], [0.4727889597415924, 0.6666666666666666, 0.06666666666666668, 0.0784313725490196, 0.0, 0.09090909090909091, 0.0, 0.0, 0.47278893712055253, 0.43963889616081514, 0.43963889616081514, 0.0, 0.0, 0.0, 0.0, 0.0, 1.0, 0.0, 0.0, 0.0, 0.0, 0.0, 0.0, 0.0, 0.0, 0.0, 0.0, 0.0, 0.0, 0.0, 0.0, 0.0], [0.5084154605865479, 0.8333333333333333, 0.1, 0.0784313725490196, 0.0, 0.09090909090909091, 0.0, 1.0, 0.5084154519690088, 0.587348202624953, 0.587348202624953, 0.0, 0.0, 0.0, 0.0, 0.0, 0.0, 0.0, 0.0, 0.0, 0.0, 0.0, 0.0, 0.0, 0.0, 0.0, 0.0, 0.0, 0.0, 0.0, 0.0, 0.0]]",0.5996332168579102,99.53911399841309,5.0,4.0,5.0,1.0,2.0,1.0,1.0,84.39696502685547,97.4998016357422,97.4998016357422,0.0,0.0,0.0,0.0,0.0,0.0,0.0,0.0,0.0,0.0,0.0,0.0,0.0,0.0,0.0,0.0,0.0,0.0,0.0,0.0,0.0,0.8333333333333333,0.1,0.0784313725490196,0.0,0.09090909090909091,0.0,1.0,0.5084154519690088,0.587348202624953,0.587348202624953,0.0,0.0,0.0,0.0,0.0,0.0,0.0,0.0,0.0,0.0,0.0,0.0,0.0,0.0,0.0,0.0,0.0,0.0,0.0,0.0,0.0
134,"[[0.5866358876228333, 0.0, 0.9666666666666667, 0.0784313725490196, 1.0, 0.0, 0.0, 0.0, 0.5866358653608575, 0.43723963542156913, 0.43723963542156913, 0.0, 0.0, 0.0, 0.0, 1.0, 0.0, 0.0, 0.0, 0.0, 0.0, 0.0, 0.0, 0.0, 0.0, 0.0, 0.0, 0.0, 0.0, 0.0, 0.0, 0.0], [0.40859857201576233, 0.16666666666666666, 0.9999999999999999, 0.0784313725490196, 1.0, 0.0, 0.0, 0.0, 0.4085985666298005, 0.42085445358092527, 0.42085445358092527, 0.0, 1.0, 0.0, 0.0, 0.0, 0.0, 0.0, 0.0, 0.0, 0.0, 0.0, 0.0, 0.0, 0.0, 0.0, 0.0, 0.0, 0.0, 0.0, 0.0, 0.0], [0.4928114414215088, 0.3333333333333333, 0.0, 0.0784313725490196, 0.0, 0.09090909090909091, 0.0, 0.0, 0.4928114557840738, 0.4092301058481975, 0.4092301058481975, 1.0, 0.0, 0.0, 0.0, 0.0, 0.0, 0.0, 0.0, 0.0, 0.0, 0.0, 0.0, 0.0, 0.0, 0.0, 0.0, 0.0, 0.0, 0.0, 0.0, 0.0], [0.37260034680366516, 0.5, 0.03333333333333333, 0.0784313725490196, 0.0, 0.09090909090909091, 0.0, 0.0, 0.37260034859898583, 0.3972858291074454, 0.3972858291074454, 0.0, 0.0, 0.0, 0.0, 0.0, 0.0, 0.0, 0.0, 0.0, 0.0, 0.0, 0.0, 0.0, 0.0, 0.0, 0.0, 0.0, 0.0, 0.0, 0.0, 0.0], [0.4727889597415924, 0.6666666666666666, 0.06666666666666668, 0.0784313725490196, 0.0, 0.09090909090909091, 0.0, 0.0, 0.47278893712055253, 0.43963889616081514, 0.43963889616081514, 0.0, 0.0, 0.0, 0.0, 0.0, 1.0, 0.0, 0.0, 0.0, 0.0, 0.0, 0.0, 0.0, 0.0, 0.0, 0.0, 0.0, 0.0, 0.0, 0.0, 0.0], [0.5084154605865479, 0.8333333333333333, 0.1, 0.0784313725490196, 0.0, 0.09090909090909091, 0.0, 1.0, 0.5084154519690088, 0.587348202624953, 0.587348202624953, 0.0, 0.0, 0.0, 0.0, 0.0, 0.0, 0.0, 0.0, 0.0, 0.0, 0.0, 0.0, 0.0, 0.0, 0.0, 0.0, 0.0, 0.0, 0.0, 0.0, 0.0], [0.5996332168579102, 1.0, 0.13333333333333333, 0.0784313725490196, 0.0, 0.09090909090909091, 0.0, 1.0, 0.5996332283479622, 0.5866358653608575, 0.5866358653608575, 0.0, 0.0, 0.0, 0.0, 0.0, 0.0, 0.0, 0.0, 0.0, 0.0, 0.0, 0.0, 0.0, 0.0, 0.0, 0.0, 0.0, 0.0, 0.0, 0.0, 0.0]]",0.5599950551986694,92.95917916297913,6.0,5.0,5.0,1.0,2.0,1.0,1.0,99.53911590576172,97.38155364990234,97.38155364990234,0.0,0.0,0.0,0.0,0.0,0.0,0.0,0.0,0.0,0.0,0.0,0.0,0.0,0.0,0.0,0.0,0.0,0.0,0.0,0.0,0.0,1.0,0.13333333333333333,0.0784313725490196,0.0,0.09090909090909091,0.0,1.0,0.5996332283479622,0.5866358653608575,0.5866358653608575,0.0,0.0,0.0,0.0,0.0,0.0,0.0,0.0,0.0,0.0,0.0,0.0,0.0,0.0,0.0,0.0,0.0,0.0,0.0,0.0,0.0
135,"[[0.40859857201576233, 0.16666666666666666, 0.9999999999999999, 0.0784313725490196, 1.0, 0.0, 0.0, 0.0, 0.4085985666298005, 0.42085445358092527, 0.42085445358092527, 0.0, 1.0, 0.0, 0.0, 0.0, 0.0, 0.0, 0.0, 0.0, 0.0, 0.0, 0.0, 0.0, 0.0, 0.0, 0.0, 0.0, 0.0, 0.0, 0.0, 0.0], [0.4928114414215088, 0.3333333333333333, 0.0, 0.0784313725490196, 0.0, 0.09090909090909091, 0.0, 0.0, 0.4928114557840738, 0.4092301058481975, 0.4092301058481975, 1.0, 0.0, 0.0, 0.0, 0.0, 0.0, 0.0, 0.0, 0.0, 0.0, 0.0, 0.0, 0.0, 0.0, 0.0, 0.0, 0.0, 0.0, 0.0, 0.0, 0.0], [0.37260034680366516, 0.5, 0.03333333333333333, 0.0784313725490196, 0.0, 0.09090909090909091, 0.0, 0.0, 0.37260034859898583, 0.3972858291074454, 0.3972858291074454, 0.0, 0.0, 0.0, 0.0, 0.0, 0.0, 0.0, 0.0, 0.0, 0.0, 0.0, 0.0, 0.0, 0.0, 0.0, 0.0, 0.0, 0.0, 0.0, 0.0, 0.0], [0.4727889597415924, 0.6666666666666666, 0.06666666666666668, 0.0784313725490196, 0.0, 0.09090909090909091, 0.0, 0.0, 0.47278893712055253, 0.43963889616081514, 0.43963889616081514, 0.0, 0.0, 0.0, 0.0, 0.0, 1.0, 0.0, 0.0, 0.0, 0.0, 0.0, 0.0, 0.0, 0.0, 0.0, 0.0, 0.0, 0.0, 0.0, 0.0, 0.0], [0.5084154605865479, 0.8333333333333333, 0.1, 0.0784313725490196, 0.0, 0.09090909090909091, 0.0, 1.0, 0.5084154519690088, 0.587348202624953, 0.587348202624953, 0.0, 0.0, 0.0, 0.0, 0.0, 0.0, 0.0, 0.0, 0.0, 0.0, 0.0, 0.0, 0.0, 0.0, 0.0, 0.0, 0.0, 0.0, 0.0, 0.0, 0.0], [0.5996332168579102, 1.0, 0.13333333333333333, 0.0784313725490196, 0.0, 0.09090909090909091, 0.0, 1.0, 0.5996332283479622, 0.5866358653608575, 0.5866358653608575, 0.0, 0.0, 0.0, 0.0, 0.0, 0.0, 0.0, 0.0, 0.0, 0.0, 0.0, 0.0, 0.0, 0.0, 0.0, 0.0, 0.0, 0.0, 0.0, 0.0, 0.0], [0.5599950551986694, 0.0, 0.16666666666666669, 0.09803921568627451, 0.0, 0.09090909090909091, 0.0, 0.0, 0.5599950767425169, 0.4085985666298005, 0.4085985666298005, 0.0, 0.0, 0.0, 0.0, 1.0, 0.0, 0.0, 0.0, 0.0, 0.0, 0.0, 0.0, 0.0, 0.0, 0.0, 0.0, 0.0, 0.0, 0.0, 0.0, 0.0]]",0.45063158869743347,74.80484372377396,0.0,6.0,6.0,1.0,2.0,1.0,0.0,92.9591827392578,67.82736206054688,67.82736206054688,0.0,0.0,0.0,0.0,1.0,0.0,0.0,0.0,0.0,0.0,0.0,0.0,0.0,0.0,0.0,0.0,0.0,0.0,0.0,0.0,0.0,0.0,0.16666666666666669,0.09803921568627451,0.0,0.09090909090909091,0.0,0.0,0.5599950767425169,0.4085985666298005,0.4085985666298005,0.0,0.0,0.0,0.0,1.0,0.0,0.0,0.0,0.0,0.0,0.0,0.0,0.0,0.0,0.0,0.0,0.0,0.0,0.0,0.0,0.0
136,"[[0.4928114414215088, 0.3333333333333333, 0.0, 0.0784313725490196, 0.0, 0.09090909090909091, 0.0, 0.0, 0.4928114557840738, 0.4092301058481975, 0.4092301058481975, 1.0, 0.0, 0.0, 0.0, 0.0, 0.0, 0.0, 0.0, 0.0, 0.0, 0.0, 0.0, 0.0, 0.0, 0.0, 0.0, 0.0, 0.0, 0.0, 0.0, 0.0], [0.37260034680366516, 0.5, 0.03333333333333333, 0.0784313725490196, 0.0, 0.09090909090909091, 0.0, 0.0, 0.37260034859898583, 0.3972858291074454, 0.3972858291074454, 0.0, 0.0, 0.0, 0.0, 0.0, 0.0, 0.0, 0.0, 0.0, 0.0, 0.0, 0.0, 0.0, 0.0, 0.0, 0.0, 0.0, 0.0, 0.0, 0.0, 0.0], [0.4727889597415924, 0.6666666666666666, 0.06666666666666668, 0.0784313725490196, 0.0, 0.09090909090909091, 0.0, 0.0, 0.47278893712055253, 0.43963889616081514, 0.43963889616081514, 0.0, 0.0, 0.0, 0.0, 0.0, 1.0, 0.0, 0.0, 0.0, 0.0, 0.0, 0.0, 0.0, 0.0, 0.0, 0.0, 0.0, 0.0, 0.0, 0.0, 0.0], [0.5084154605865479, 0.8333333333333333, 0.1, 0.0784313725490196, 0.0, 0.09090909090909091, 0.0, 1.0, 0.5084154519690088, 0.587348202624953, 0.587348202624953, 0.0, 0.0, 0.0, 0.0, 0.0, 0.0, 0.0, 0.0, 0.0, 0.0, 0.0, 0.0, 0.0, 0.0, 0.0, 0.0, 0.0, 0.0, 0.0, 0.0, 0.0], [0.5996332168579102, 1.0, 0.13333333333333333, 0.0784313725490196, 0.0, 0.09090909090909091, 0.0, 1.0, 0.5996332283479622, 0.5866358653608575, 0.5866358653608575, 0.0, 0.0, 0.0, 0.0, 0.0, 0.0, 0.0, 0.0, 0.0, 0.0, 0.0, 0.0, 0.0, 0.0, 0.0, 0.0, 0.0, 0.0, 0.0, 0.0, 0.0], [0.5599950551986694, 0.0, 0.16666666666666669, 0.09803921568627451, 0.0, 0.09090909090909091, 0.0, 0.0, 0.5599950767425169, 0.4085985666298005, 0.4085985666298005, 0.0, 0.0, 0.0, 0.0, 1.0, 0.0, 0.0, 0.0, 0.0, 0.0, 0.0, 0.0, 0.0, 0.0, 0.0, 0.0, 0.0, 0.0, 0.0, 0.0, 0.0], [0.45063158869743347, 0.16666666666666666, 0.2, 0.09803921568627451, 0.0, 0.09090909090909091, 0.0, 0.0, 0.4506315667945219, 0.4928114557840738, 0.4928114557840738, 0.0, 0.0, 0.0, 0.0, 0.0, 0.0, 0.0, 0.0, 0.0, 0.0, 0.0, 0.0, 0.0, 0.0, 0.0, 0.0, 0.0, 0.0, 0.0, 0.0, 0.0]]",0.43286487460136414,71.85556918382645,1.0,7.0,6.0,1.0,2.0,1.0,0.0,74.80484008789062,81.80670166015625,81.80670166015625,0.0,0.0,0.0,0.0,0.0,0.0,0.0,0.0,0.0,0.0,0.0,0.0,0.0,0.0,0.0,0.0,0.0,0.0,0.0,0.0,0.0,0.16666666666666666,0.2,0.09803921568627451,0.0,0.09090909090909091,0.0,0.0,0.4506315667945219,0.4928114557840738,0.4928114557840738,0.0,0.0,0.0,0.0,0.0,0.0,0.0,0.0,0.0,0.0,0.0,0.0,0.0,0.0,0.0,0.0,0.0,0.0,0.0,0.0,0.0
137,"[[0.37260034680366516, 0.5, 0.03333333333333333, 0.0784313725490196, 0.0, 0.09090909090909091, 0.0, 0.0, 0.37260034859898583, 0.3972858291074454, 0.3972858291074454, 0.0, 0.0, 0.0, 0.0, 0.0, 0.0, 0.0, 0.0, 0.0, 0.0, 0.0, 0.0, 0.0, 0.0, 0.0, 0.0, 0.0, 0.0, 0.0, 0.0, 0.0], [0.4727889597415924, 0.6666666666666666, 0.06666666666666668, 0.0784313725490196, 0.0, 0.09090909090909091, 0.0, 0.0, 0.47278893712055253, 0.43963889616081514, 0.43963889616081514, 0.0, 0.0, 0.0, 0.0, 0.0, 1.0, 0.0, 0.0, 0.0, 0.0, 0.0, 0.0, 0.0, 0.0, 0.0, 0.0, 0.0, 0.0, 0.0, 0.0, 0.0], [0.5084154605865479, 0.8333333333333333, 0.1, 0.0784313725490196, 0.0, 0.09090909090909091, 0.0, 1.0, 0.5084154519690088, 0.587348202624953, 0.587348202624953, 0.0, 0.0, 0.0, 0.0, 0.0, 0.0, 0.0, 0.0, 0.0, 0.0, 0.0, 0.0, 0.0, 0.0, 0.0, 0.0, 0.0, 0.0, 0.0, 0.0, 0.0], [0.5996332168579102, 1.0, 0.13333333333333333, 0.0784313725490196, 0.0, 0.09090909090909091, 0.0, 1.0, 0.5996332283479622, 0.5866358653608575, 0.5866358653608575, 0.0, 0.0, 0.0, 0.0, 0.0, 0.0, 0.0, 0.0, 0.0, 0.0, 0.0, 0.0, 0.0, 0.0, 0.0, 0.0, 0.0, 0.0, 0.0, 0.0, 0.0], [0.5599950551986694, 0.0, 0.16666666666666669, 0.09803921568627451, 0.0, 0.09090909090909091, 0.0, 0.0, 0.5599950767425169, 0.4085985666298005, 0.4085985666298005, 0.0, 0.0, 0.0, 0.0, 1.0, 0.0, 0.0, 0.0, 0.0, 0.0, 0.0, 0.0, 0.0, 0.0, 0.0, 0.0, 0.0, 0.0, 0.0, 0.0, 0.0], [0.45063158869743347, 0.16666666666666666, 0.2, 0.09803921568627451, 0.0, 0.09090909090909091, 0.0, 0.0, 0.4506315667945219, 0.4928114557840738, 0.4928114557840738, 0.0, 0.0, 0.0, 0.0, 0.0, 0.0, 0.0, 0.0, 0.0, 0.0, 0.0, 0.0, 0.0, 0.0, 0.0, 0.0, 0.0, 0.0, 0.0, 0.0, 0.0], [0.43286487460136414, 0.3333333333333333, 0.23333333333333334, 0.09803921568627451, 0.25, 0.09090909090909091, 0.0, 0.0, 0.4328648670610175, 0.37260034859898583, 0.37260034859898583, 0.0, 0.0, 0.0, 0.0, 0.0, 0.0, 0.0, 0.0, 0.0, 0.0, 0.0, 0.0, 0.0, 0.0, 0.0, 0.0, 0.0, 0.0, 0.0, 0.0, 0.0]]",0.4151724874973297,68.91863292455673,2.0,8.0,6.0,2.0,2.0,1.0,0.0,71.8555679321289,61.85165786743165,61.85165786743165,0.0,0.0,0.0,0.0,0.0,0.0,0.0,0.0,0.0,0.0,0.0,0.0,0.0,0.0,0.0,0.0,0.0,0.0,0.0,0.0,0.0,0.3333333333333333,0.23333333333333334,0.09803921568627451,0.25,0.09090909090909091,0.0,0.0,0.4328648670610175,0.37260034859898583,0.37260034859898583,0.0,0.0,0.0,0.0,0.0,0.0,0.0,0.0,0.0,0.0,0.0,0.0,0.0,0.0,0.0,0.0,0.0,0.0,0.0,0.0,0.0
138,"[[0.4727889597415924, 0.6666666666666666, 0.06666666666666668, 0.0784313725490196, 0.0, 0.09090909090909091, 0.0, 0.0, 0.47278893712055253, 0.43963889616081514, 0.43963889616081514, 0.0, 0.0, 0.0, 0.0, 0.0, 1.0, 0.0, 0.0, 0.0, 0.0, 0.0, 0.0, 0.0, 0.0, 0.0, 0.0, 0.0, 0.0, 0.0, 0.0, 0.0], [0.5084154605865479, 0.8333333333333333, 0.1, 0.0784313725490196, 0.0, 0.09090909090909091, 0.0, 1.0, 0.5084154519690088, 0.587348202624953, 0.587348202624953, 0.0, 0.0, 0.0, 0.0, 0.0, 0.0, 0.0, 0.0, 0.0, 0.0, 0.0, 0.0, 0.0, 0.0, 0.0, 0.0, 0.0, 0.0, 0.0, 0.0, 0.0], [0.5996332168579102, 1.0, 0.13333333333333333, 0.0784313725490196, 0.0, 0.09090909090909091, 0.0, 1.0, 0.5996332283479622, 0.5866358653608575, 0.5866358653608575, 0.0, 0.0, 0.0, 0.0, 0.0, 0.0, 0.0, 0.0, 0.0, 0.0, 0.0, 0.0, 0.0, 0.0, 0.0, 0.0, 0.0, 0.0, 0.0, 0.0, 0.0], [0.5599950551986694, 0.0, 0.16666666666666669, 0.09803921568627451, 0.0, 0.09090909090909091, 0.0, 0.0, 0.5599950767425169, 0.4085985666298005, 0.4085985666298005, 0.0, 0.0, 0.0, 0.0, 1.0, 0.0, 0.0, 0.0, 0.0, 0.0, 0.0, 0.0, 0.0, 0.0, 0.0, 0.0, 0.0, 0.0, 0.0, 0.0, 0.0], [0.45063158869743347, 0.16666666666666666, 0.2, 0.09803921568627451, 0.0, 0.09090909090909091, 0.0, 0.0, 0.4506315667945219, 0.4928114557840738, 0.4928114557840738, 0.0, 0.0, 0.0, 0.0, 0.0, 0.0, 0.0, 0.0, 0.0, 0.0, 0.0, 0.0, 0.0, 0.0, 0.0, 0.0, 0.0, 0.0, 0.0, 0.0, 0.0], [0.43286487460136414, 0.3333333333333333, 0.23333333333333334, 0.09803921568627451, 0.25, 0.09090909090909091, 0.0, 0.0, 0.4328648670610175, 0.37260034859898583, 0.37260034859898583, 0.0, 0.0, 0.0, 0.0, 0.0, 0.0, 0.0, 0.0, 0.0, 0.0, 0.0, 0.0, 0.0, 0.0, 0.0, 0.0, 0.0, 0.0, 0.0, 0.0, 0.0], [0.4151724874973297, 0.5, 0.26666666666666666, 0.09803921568627451, 0.25, 0.09090909090909091, 0.0, 0.0, 0.4151724849838809, 0.47278893712055253, 0.47278893712055253, 0.0, 0.0, 0.0, 0.0, 0.0, 0.0, 0.0, 0.0, 0.0, 0.0, 0.0, 0.0, 0.0, 0.0, 0.0, 0.0, 0.0, 0.0, 0.0, 0.0, 0.0]]",0.399675577878952,66.34614592790604,3.0,9.0,6.0,2.0,2.0,1.0,0.0,68.91863250732422,78.48296356201172,78.48296356201172,0.0,0.0,0.0,0.0,0.0,0.0,0.0,0.0,0.0,0.0,0.0,0.0,0.0,0.0,0.0,0.0,0.0,0.0,0.0,0.0,0.0,0.5,0.26666666666666666,0.09803921568627451,0.25,0.09090909090909091,0.0,0.0,0.4151724849838809,0.47278893712055253,0.47278893712055253,0.0,0.0,0.0,0.0,0.0,0.0,0.0,0.0,0.0,0.0,0.0,0.0,0.0,0.0,0.0,0.0,0.0,0.0,0.0,0.0,0.0
139,"[[0.5084154605865479, 0.8333333333333333, 0.1, 0.0784313725490196, 0.0, 0.09090909090909091, 0.0, 1.0, 0.5084154519690088, 0.587348202624953, 0.587348202624953, 0.0, 0.0, 0.0, 0.0, 0.0, 0.0, 0.0, 0.0, 0.0, 0.0, 0.0, 0.0, 0.0, 0.0, 0.0, 0.0, 0.0, 0.0, 0.0, 0.0, 0.0], [0.5996332168579102, 1.0, 0.13333333333333333, 0.0784313725490196, 0.0, 0.09090909090909091, 0.0, 1.0, 0.5996332283479622, 0.5866358653608575, 0.5866358653608575, 0.0, 0.0, 0.0, 0.0, 0.0, 0.0, 0.0, 0.0, 0.0, 0.0, 0.0, 0.0, 0.0, 0.0, 0.0, 0.0, 0.0, 0.0, 0.0, 0.0, 0.0], [0.5599950551986694, 0.0, 0.16666666666666669, 0.09803921568627451, 0.0, 0.09090909090909091, 0.0, 0.0, 0.5599950767425169, 0.4085985666298005, 0.4085985666298005, 0.0, 0.0, 0.0, 0.0, 1.0, 0.0, 0.0, 0.0, 0.0, 0.0, 0.0, 0.0, 0.0, 0.0, 0.0, 0.0, 0.0, 0.0, 0.0, 0.0, 0.0], [0.45063158869743347, 0.16666666666666666, 0.2, 0.09803921568627451, 0.0, 0.09090909090909091, 0.0, 0.0, 0.4506315667945219, 0.4928114557840738, 0.4928114557840738, 0.0, 0.0, 0.0, 0.0, 0.0, 0.0, 0.0, 0.0, 0.0, 0.0, 0.0, 0.0, 0.0, 0.0, 0.0, 0.0, 0.0, 0.0, 0.0, 0.0, 0.0], [0.43286487460136414, 0.3333333333333333, 0.23333333333333334, 0.09803921568627451, 0.25, 0.09090909090909091, 0.0, 0.0, 0.4328648670610175, 0.37260034859898583, 0.37260034859898583, 0.0, 0.0, 0.0, 0.0, 0.0, 0.0, 0.0, 0.0, 0.0, 0.0, 0.0, 0.0, 0.0, 0.0, 0.0, 0.0, 0.0, 0.0, 0.0, 0.0, 0.0], [0.4151724874973297, 0.5, 0.26666666666666666, 0.09803921568627451, 0.25, 0.09090909090909091, 0.0, 0.0, 0.4151724849838809, 0.47278893712055253, 0.47278893712055253, 0.0, 0.0, 0.0, 0.0, 0.0, 0.0, 0.0, 0.0, 0.0, 0.0, 0.0, 0.0, 0.0, 0.0, 0.0, 0.0, 0.0, 0.0, 0.0, 0.0, 0.0], [0.399675577878952, 0.6666666666666666, 0.3, 0.09803921568627451, 0.25, 0.09090909090909091, 0.0, 0.0, 0.3996755760836314, 0.5084154519690088, 0.5084154519690088, 0.0, 0.0, 0.0, 0.0, 0.0, 1.0, 0.0, 0.0, 0.0, 0.0, 0.0, 0.0, 0.0, 0.0, 0.0, 0.0, 0.0, 0.0, 0.0, 0.0, 0.0]]",0.43912065029144287,72.89402794837952,4.0,10.0,6.0,2.0,2.0,1.0,0.0,66.34614562988281,84.39696502685547,84.39696502685547,0.0,0.0,0.0,0.0,0.0,1.0,0.0,0.0,0.0,0.0,0.0,0.0,0.0,0.0,0.0,0.0,0.0,0.0,0.0,0.0,0.0,0.6666666666666666,0.3,0.09803921568627451,0.25,0.09090909090909091,0.0,0.0,0.3996755760836314,0.5084154519690088,0.5084154519690088,0.0,0.0,0.0,0.0,0.0,1.0,0.0,0.0,0.0,0.0,0.0,0.0,0.0,0.0,0.0,0.0,0.0,0.0,0.0,0.0,0.0
140,"[[0.5996332168579102, 1.0, 0.13333333333333333, 0.0784313725490196, 0.0, 0.09090909090909091, 0.0, 1.0, 0.5996332283479622, 0.5866358653608575, 0.5866358653608575, 0.0, 0.0, 0.0, 0.0, 0.0, 0.0, 0.0, 0.0, 0.0, 0.0, 0.0, 0.0, 0.0, 0.0, 0.0, 0.0, 0.0, 0.0, 0.0, 0.0, 0.0], [0.5599950551986694, 0.0, 0.16666666666666669, 0.09803921568627451, 0.0, 0.09090909090909091, 0.0, 0.0, 0.5599950767425169, 0.4085985666298005, 0.4085985666298005, 0.0, 0.0, 0.0, 0.0, 1.0, 0.0, 0.0, 0.0, 0.0, 0.0, 0.0, 0.0, 0.0, 0.0, 0.0, 0.0, 0.0, 0.0, 0.0, 0.0, 0.0], [0.45063158869743347, 0.16666666666666666, 0.2, 0.09803921568627451, 0.0, 0.09090909090909091, 0.0, 0.0, 0.4506315667945219, 0.4928114557840738, 0.4928114557840738, 0.0, 0.0, 0.0, 0.0, 0.0, 0.0, 0.0, 0.0, 0.0, 0.0, 0.0, 0.0, 0.0, 0.0, 0.0, 0.0, 0.0, 0.0, 0.0, 0.0, 0.0], [0.43286487460136414, 0.3333333333333333, 0.23333333333333334, 0.09803921568627451, 0.25, 0.09090909090909091, 0.0, 0.0, 0.4328648670610175, 0.37260034859898583, 0.37260034859898583, 0.0, 0.0, 0.0, 0.0, 0.0, 0.0, 0.0, 0.0, 0.0, 0.0, 0.0, 0.0, 0.0, 0.0, 0.0, 0.0, 0.0, 0.0, 0.0, 0.0, 0.0], [0.4151724874973297, 0.5, 0.26666666666666666, 0.09803921568627451, 0.25, 0.09090909090909091, 0.0, 0.0, 0.4151724849838809, 0.47278893712055253, 0.47278893712055253, 0.0, 0.0, 0.0, 0.0, 0.0, 0.0, 0.0, 0.0, 0.0, 0.0, 0.0, 0.0, 0.0, 0.0, 0.0, 0.0, 0.0, 0.0, 0.0, 0.0, 0.0], [0.399675577878952, 0.6666666666666666, 0.3, 0.09803921568627451, 0.25, 0.09090909090909091, 0.0, 0.0, 0.3996755760836314, 0.5084154519690088, 0.5084154519690088, 0.0, 0.0, 0.0, 0.0, 0.0, 1.0, 0.0, 0.0, 0.0, 0.0, 0.0, 0.0, 0.0, 0.0, 0.0, 0.0, 0.0, 0.0, 0.0, 0.0, 0.0], [0.43912065029144287, 0.8333333333333333, 0.3333333333333333, 0.09803921568627451, 0.25, 0.09090909090909091, 0.0, 1.0, 0.43912064885518637, 0.5996332283479622, 0.5996332283479622, 0.0, 0.0, 0.0, 0.0, 0.0, 0.0, 0.0, 0.0, 0.0, 0.0, 0.0, 0.0, 0.0, 0.0, 0.0, 0.0, 0.0, 0.0, 0.0, 0.0, 0.0]]",0.589766800403595,97.90128886699677,5.0,11.0,6.0,2.0,2.0,1.0,1.0,72.89402770996094,99.53911590576172,99.53911590576172,0.0,0.0,0.0,0.0,0.0,0.0,0.0,0.0,0.0,0.0,0.0,0.0,0.0,0.0,0.0,0.0,0.0,0.0,0.0,0.0,0.0,0.8333333333333333,0.3333333333333333,0.09803921568627451,0.25,0.09090909090909091,0.0,1.0,0.43912064885518637,0.5996332283479622,0.5996332283479622,0.0,0.0,0.0,0.0,0.0,0.0,0.0,0.0,0.0,0.0,0.0,0.0,0.0,0.0,0.0,0.0,0.0,0.0,0.0,0.0,0.0
141,"[[0.5599950551986694, 0.0, 0.16666666666666669, 0.09803921568627451, 0.0, 0.09090909090909091, 0.0, 0.0, 0.5599950767425169, 0.4085985666298005, 0.4085985666298005, 0.0, 0.0, 0.0, 0.0, 1.0, 0.0, 0.0, 0.0, 0.0, 0.0, 0.0, 0.0, 0.0, 0.0, 0.0, 0.0, 0.0, 0.0, 0.0, 0.0, 0.0], [0.45063158869743347, 0.16666666666666666, 0.2, 0.09803921568627451, 0.0, 0.09090909090909091, 0.0, 0.0, 0.4506315667945219, 0.4928114557840738, 0.4928114557840738, 0.0, 0.0, 0.0, 0.0, 0.0, 0.0, 0.0, 0.0, 0.0, 0.0, 0.0, 0.0, 0.0, 0.0, 0.0, 0.0, 0.0, 0.0, 0.0, 0.0, 0.0], [0.43286487460136414, 0.3333333333333333, 0.23333333333333334, 0.09803921568627451, 0.25, 0.09090909090909091, 0.0, 0.0, 0.4328648670610175, 0.37260034859898583, 0.37260034859898583, 0.0, 0.0, 0.0, 0.0, 0.0, 0.0, 0.0, 0.0, 0.0, 0.0, 0.0, 0.0, 0.0, 0.0, 0.0, 0.0, 0.0, 0.0, 0.0, 0.0, 0.0], [0.4151724874973297, 0.5, 0.26666666666666666, 0.09803921568627451, 0.25, 0.09090909090909091, 0.0, 0.0, 0.4151724849838809, 0.47278893712055253, 0.47278893712055253, 0.0, 0.0, 0.0, 0.0, 0.0, 0.0, 0.0, 0.0, 0.0, 0.0, 0.0, 0.0, 0.0, 0.0, 0.0, 0.0, 0.0, 0.0, 0.0, 0.0, 0.0], [0.399675577878952, 0.6666666666666666, 0.3, 0.09803921568627451, 0.25, 0.09090909090909091, 0.0, 0.0, 0.3996755760836314, 0.5084154519690088, 0.5084154519690088, 0.0, 0.0, 0.0, 0.0, 0.0, 1.0, 0.0, 0.0, 0.0, 0.0, 0.0, 0.0, 0.0, 0.0, 0.0, 0.0, 0.0, 0.0, 0.0, 0.0, 0.0], [0.43912065029144287, 0.8333333333333333, 0.3333333333333333, 0.09803921568627451, 0.25, 0.09090909090909091, 0.0, 1.0, 0.43912064885518637, 0.5996332283479622, 0.5996332283479622, 0.0, 0.0, 0.0, 0.0, 0.0, 0.0, 0.0, 0.0, 0.0, 0.0, 0.0, 0.0, 0.0, 0.0, 0.0, 0.0, 0.0, 0.0, 0.0, 0.0, 0.0], [0.589766800403595, 1.0, 0.3666666666666667, 0.09803921568627451, 0.25, 0.09090909090909091, 0.0, 1.0, 0.5897668126117752, 0.5599950767425169, 0.5599950767425169, 0.0, 0.0, 0.0, 0.0, 0.0, 0.0, 0.0, 0.0, 0.0, 0.0, 0.0, 0.0, 0.0, 0.0, 0.0, 0.0, 0.0, 0.0, 0.0, 0.0, 0.0]]",0.5984812378883362,99.3478854894638,6.0,12.0,6.0,2.0,2.0,1.0,1.0,97.90129089355469,92.9591827392578,92.9591827392578,0.0,0.0,0.0,0.0,0.0,0.0,0.0,0.0,0.0,0.0,0.0,0.0,0.0,0.0,0.0,0.0,0.0,0.0,0.0,0.0,0.0,1.0,0.3666666666666667,0.09803921568627451,0.25,0.09090909090909091,0.0,1.0,0.5897668126117752,0.5599950767425169,0.5599950767425169,0.0,0.0,0.0,0.0,0.0,0.0,0.0,0.0,0.0,0.0,0.0,0.0,0.0,0.0,0.0,0.0,0.0,0.0,0.0,0.0,0.0
142,"[[0.45063158869743347, 0.16666666666666666, 0.2, 0.09803921568627451, 0.0, 0.09090909090909091, 0.0, 0.0, 0.4506315667945219, 0.4928114557840738, 0.4928114557840738, 0.0, 0.0, 0.0, 0.0, 0.0, 0.0, 0.0, 0.0, 0.0, 0.0, 0.0, 0.0, 0.0, 0.0, 0.0, 0.0, 0.0, 0.0, 0.0, 0.0, 0.0], [0.43286487460136414, 0.3333333333333333, 0.23333333333333334, 0.09803921568627451, 0.25, 0.09090909090909091, 0.0, 0.0, 0.4328648670610175, 0.37260034859898583, 0.37260034859898583, 0.0, 0.0, 0.0, 0.0, 0.0, 0.0, 0.0, 0.0, 0.0, 0.0, 0.0, 0.0, 0.0, 0.0, 0.0, 0.0, 0.0, 0.0, 0.0, 0.0, 0.0], [0.4151724874973297, 0.5, 0.26666666666666666, 0.09803921568627451, 0.25, 0.09090909090909091, 0.0, 0.0, 0.4151724849838809, 0.47278893712055253, 0.47278893712055253, 0.0, 0.0, 0.0, 0.0, 0.0, 0.0, 0.0, 0.0, 0.0, 0.0, 0.0, 0.0, 0.0, 0.0, 0.0, 0.0, 0.0, 0.0, 0.0, 0.0, 0.0], [0.399675577878952, 0.6666666666666666, 0.3, 0.09803921568627451, 0.25, 0.09090909090909091, 0.0, 0.0, 0.3996755760836314, 0.5084154519690088, 0.5084154519690088, 0.0, 0.0, 0.0, 0.0, 0.0, 1.0, 0.0, 0.0, 0.0, 0.0, 0.0, 0.0, 0.0, 0.0, 0.0, 0.0, 0.0, 0.0, 0.0, 0.0, 0.0], [0.43912065029144287, 0.8333333333333333, 0.3333333333333333, 0.09803921568627451, 0.25, 0.09090909090909091, 0.0, 1.0, 0.43912064885518637, 0.5996332283479622, 0.5996332283479622, 0.0, 0.0, 0.0, 0.0, 0.0, 0.0, 0.0, 0.0, 0.0, 0.0, 0.0, 0.0, 0.0, 0.0, 0.0, 0.0, 0.0, 0.0, 0.0, 0.0, 0.0], [0.589766800403595, 1.0, 0.3666666666666667, 0.09803921568627451, 0.25, 0.09090909090909091, 0.0, 1.0, 0.5897668126117752, 0.5599950767425169, 0.5599950767425169, 0.0, 0.0, 0.0, 0.0, 0.0, 0.0, 0.0, 0.0, 0.0, 0.0, 0.0, 0.0, 0.0, 0.0, 0.0, 0.0, 0.0, 0.0, 0.0, 0.0, 0.0], [0.5984812378883362, 0.0, 0.4, 0.11764705882352942, 0.25, 0.09090909090909091, 0.0, 0.0, 0.5984812357339515, 0.4506315667945219, 0.4506315667945219, 0.0, 0.0, 0.0, 0.0, 1.0, 0.0, 0.0, 0.0, 0.0, 0.0, 0.0, 0.0, 0.0, 0.0, 0.0, 0.0, 0.0, 0.0, 0.0, 0.0, 0.0]]",0.4397384226322174,72.99657815694809,0.0,13.0,7.000000000000001,2.0,2.0,1.0,0.0,99.34788513183595,74.80484008789062,74.80484008789062,0.0,0.0,0.0,0.0,1.0,0.0,0.0,0.0,0.0,0.0,0.0,0.0,0.0,0.0,0.0,0.0,0.0,0.0,0.0,0.0,0.0,0.0,0.4,0.11764705882352942,0.25,0.09090909090909091,0.0,0.0,0.5984812357339515,0.4506315667945219,0.4506315667945219,0.0,0.0,0.0,0.0,1.0,0.0,0.0,0.0,0.0,0.0,0.0,0.0,0.0,0.0,0.0,0.0,0.0,0.0,0.0,0.0,0.0
143,"[[0.43286487460136414, 0.3333333333333333, 0.23333333333333334, 0.09803921568627451, 0.25, 0.09090909090909091, 0.0, 0.0, 0.4328648670610175, 0.37260034859898583, 0.37260034859898583, 0.0, 0.0, 0.0, 0.0, 0.0, 0.0, 0.0, 0.0, 0.0, 0.0, 0.0, 0.0, 0.0, 0.0, 0.0, 0.0, 0.0, 0.0, 0.0, 0.0, 0.0], [0.4151724874973297, 0.5, 0.26666666666666666, 0.09803921568627451, 0.25, 0.09090909090909091, 0.0, 0.0, 0.4151724849838809, 0.47278893712055253, 0.47278893712055253, 0.0, 0.0, 0.0, 0.0, 0.0, 0.0, 0.0, 0.0, 0.0, 0.0, 0.0, 0.0, 0.0, 0.0, 0.0, 0.0, 0.0, 0.0, 0.0, 0.0, 0.0], [0.399675577878952, 0.6666666666666666, 0.3, 0.09803921568627451, 0.25, 0.09090909090909091, 0.0, 0.0, 0.3996755760836314, 0.5084154519690088, 0.5084154519690088, 0.0, 0.0, 0.0, 0.0, 0.0, 1.0, 0.0, 0.0, 0.0, 0.0, 0.0, 0.0, 0.0, 0.0, 0.0, 0.0, 0.0, 0.0, 0.0, 0.0, 0.0], [0.43912065029144287, 0.8333333333333333, 0.3333333333333333, 0.09803921568627451, 0.25, 0.09090909090909091, 0.0, 1.0, 0.43912064885518637, 0.5996332283479622, 0.5996332283479622, 0.0, 0.0, 0.0, 0.0, 0.0, 0.0, 0.0, 0.0, 0.0, 0.0, 0.0, 0.0, 0.0, 0.0, 0.0, 0.0, 0.0, 0.0, 0.0, 0.0, 0.0], [0.589766800403595, 1.0, 0.3666666666666667, 0.09803921568627451, 0.25, 0.09090909090909091, 0.0, 1.0, 0.5897668126117752, 0.5599950767425169, 0.5599950767425169, 0.0, 0.0, 0.0, 0.0, 0.0, 0.0, 0.0, 0.0, 0.0, 0.0, 0.0, 0.0, 0.0, 0.0, 0.0, 0.0, 0.0, 0.0, 0.0, 0.0, 0.0], [0.5984812378883362, 0.0, 0.4, 0.11764705882352942, 0.25, 0.09090909090909091, 0.0, 0.0, 0.5984812357339515, 0.4506315667945219, 0.4506315667945219, 0.0, 0.0, 0.0, 0.0, 1.0, 0.0, 0.0, 0.0, 0.0, 0.0, 0.0, 0.0, 0.0, 0.0, 0.0, 0.0, 0.0, 0.0, 0.0, 0.0, 0.0], [0.4397384226322174, 0.16666666666666666, 0.43333333333333335, 0.11764705882352942, 0.25, 0.09090909090909091, 0.0, 0.0, 0.43973840001117753, 0.4328648670610175, 0.4328648670610175, 0.0, 0.0, 0.0, 0.0, 0.0, 0.0, 0.0, 0.0, 0.0, 0.0, 0.0, 0.0, 0.0, 0.0, 0.0, 0.0, 0.0, 0.0, 0.0, 0.0, 0.0]]",0.4203258156776428,69.77408540248871,1.0,14.0,7.000000000000001,2.0,2.0,1.0,0.0,72.99657440185547,71.8555679321289,71.8555679321289,0.0,0.0,0.0,0.0,0.0,0.0,0.0,0.0,0.0,0.0,0.0,0.0,0.0,0.0,0.0,0.0,0.0,0.0,0.0,0.0,0.0,0.16666666666666666,0.43333333333333335,0.11764705882352942,0.25,0.09090909090909091,0.0,0.0,0.43973840001117753,0.4328648670610175,0.4328648670610175,0.0,0.0,0.0,0.0,0.0,0.0,0.0,0.0,0.0,0.0,0.0,0.0,0.0,0.0,0.0,0.0,0.0,0.0,0.0,0.0,0.0
144,"[[0.4151724874973297, 0.5, 0.26666666666666666, 0.09803921568627451, 0.25, 0.09090909090909091, 0.0, 0.0, 0.4151724849838809, 0.47278893712055253, 0.47278893712055253, 0.0, 0.0, 0.0, 0.0, 0.0, 0.0, 0.0, 0.0, 0.0, 0.0, 0.0, 0.0, 0.0, 0.0, 0.0, 0.0, 0.0, 0.0, 0.0, 0.0, 0.0], [0.399675577878952, 0.6666666666666666, 0.3, 0.09803921568627451, 0.25, 0.09090909090909091, 0.0, 0.0, 0.3996755760836314, 0.5084154519690088, 0.5084154519690088, 0.0, 0.0, 0.0, 0.0, 0.0, 1.0, 0.0, 0.0, 0.0, 0.0, 0.0, 0.0, 0.0, 0.0, 0.0, 0.0, 0.0, 0.0, 0.0, 0.0, 0.0], [0.43912065029144287, 0.8333333333333333, 0.3333333333333333, 0.09803921568627451, 0.25, 0.09090909090909091, 0.0, 1.0, 0.43912064885518637, 0.5996332283479622, 0.5996332283479622, 0.0, 0.0, 0.0, 0.0, 0.0, 0.0, 0.0, 0.0, 0.0, 0.0, 0.0, 0.0, 0.0, 0.0, 0.0, 0.0, 0.0, 0.0, 0.0, 0.0, 0.0], [0.589766800403595, 1.0, 0.3666666666666667, 0.09803921568627451, 0.25, 0.09090909090909091, 0.0, 1.0, 0.5897668126117752, 0.5599950767425169, 0.5599950767425169, 0.0, 0.0, 0.0, 0.0, 0.0, 0.0, 0.0, 0.0, 0.0, 0.0, 0.0, 0.0, 0.0, 0.0, 0.0, 0.0, 0.0, 0.0, 0.0, 0.0, 0.0], [0.5984812378883362, 0.0, 0.4, 0.11764705882352942, 0.25, 0.09090909090909091, 0.0, 0.0, 0.5984812357339515, 0.4506315667945219, 0.4506315667945219, 0.0, 0.0, 0.0, 0.0, 1.0, 0.0, 0.0, 0.0, 0.0, 0.0, 0.0, 0.0, 0.0, 0.0, 0.0, 0.0, 0.0, 0.0, 0.0, 0.0, 0.0], [0.4397384226322174, 0.16666666666666666, 0.43333333333333335, 0.11764705882352942, 0.25, 0.09090909090909091, 0.0, 0.0, 0.43973840001117753, 0.4328648670610175, 0.4328648670610175, 0.0, 0.0, 0.0, 0.0, 0.0, 0.0, 0.0, 0.0, 0.0, 0.0, 0.0, 0.0, 0.0, 0.0, 0.0, 0.0, 0.0, 0.0, 0.0, 0.0, 0.0], [0.4203258156776428, 0.3333333333333333, 0.4666666666666667, 0.11764705882352942, 0.5, 0.09090909090909091, 0.0, 0.0, 0.4203258192682841, 0.4151724849838809, 0.4151724849838809, 0.0, 0.0, 0.0, 0.0, 0.0, 0.0, 0.0, 0.0, 0.0, 0.0, 0.0, 0.0, 0.0, 0.0, 0.0, 0.0, 0.0, 0.0, 0.0, 0.0, 0.0]]",0.41265249252319336,68.5003137588501,2.0,15.0,7.000000000000001,3.0,2.0,1.0,0.0,69.77408599853516,68.91863250732422,68.91863250732422,0.0,0.0,0.0,0.0,0.0,0.0,0.0,0.0,0.0,0.0,0.0,0.0,0.0,0.0,0.0,0.0,0.0,0.0,0.0,0.0,0.0,0.3333333333333333,0.4666666666666667,0.11764705882352942,0.5,0.09090909090909091,0.0,0.0,0.4203258192682841,0.4151724849838809,0.4151724849838809,0.0,0.0,0.0,0.0,0.0,0.0,0.0,0.0,0.0,0.0,0.0,0.0,0.0,0.0,0.0,0.0,0.0,0.0,0.0,0.0,0.0
145,"[[0.399675577878952, 0.6666666666666666, 0.3, 0.09803921568627451, 0.25, 0.09090909090909091, 0.0, 0.0, 0.3996755760836314, 0.5084154519690088, 0.5084154519690088, 0.0, 0.0, 0.0, 0.0, 0.0, 1.0, 0.0, 0.0, 0.0, 0.0, 0.0, 0.0, 0.0, 0.0, 0.0, 0.0, 0.0, 0.0, 0.0, 0.0, 0.0], [0.43912065029144287, 0.8333333333333333, 0.3333333333333333, 0.09803921568627451, 0.25, 0.09090909090909091, 0.0, 1.0, 0.43912064885518637, 0.5996332283479622, 0.5996332283479622, 0.0, 0.0, 0.0, 0.0, 0.0, 0.0, 0.0, 0.0, 0.0, 0.0, 0.0, 0.0, 0.0, 0.0, 0.0, 0.0, 0.0, 0.0, 0.0, 0.0, 0.0], [0.589766800403595, 1.0, 0.3666666666666667, 0.09803921568627451, 0.25, 0.09090909090909091, 0.0, 1.0, 0.5897668126117752, 0.5599950767425169, 0.5599950767425169, 0.0, 0.0, 0.0, 0.0, 0.0, 0.0, 0.0, 0.0, 0.0, 0.0, 0.0, 0.0, 0.0, 0.0, 0.0, 0.0, 0.0, 0.0, 0.0, 0.0, 0.0], [0.5984812378883362, 0.0, 0.4, 0.11764705882352942, 0.25, 0.09090909090909091, 0.0, 0.0, 0.5984812357339515, 0.4506315667945219, 0.4506315667945219, 0.0, 0.0, 0.0, 0.0, 1.0, 0.0, 0.0, 0.0, 0.0, 0.0, 0.0, 0.0, 0.0, 0.0, 0.0, 0.0, 0.0, 0.0, 0.0, 0.0, 0.0], [0.4397384226322174, 0.16666666666666666, 0.43333333333333335, 0.11764705882352942, 0.25, 0.09090909090909091, 0.0, 0.0, 0.43973840001117753, 0.4328648670610175, 0.4328648670610175, 0.0, 0.0, 0.0, 0.0, 0.0, 0.0, 0.0, 0.0, 0.0, 0.0, 0.0, 0.0, 0.0, 0.0, 0.0, 0.0, 0.0, 0.0, 0.0, 0.0, 0.0], [0.4203258156776428, 0.3333333333333333, 0.4666666666666667, 0.11764705882352942, 0.5, 0.09090909090909091, 0.0, 0.0, 0.4203258192682841, 0.4151724849838809, 0.4151724849838809, 0.0, 0.0, 0.0, 0.0, 0.0, 0.0, 0.0, 0.0, 0.0, 0.0, 0.0, 0.0, 0.0, 0.0, 0.0, 0.0, 0.0, 0.0, 0.0, 0.0, 0.0], [0.41265249252319336, 0.5, 0.5, 0.11764705882352942, 0.5, 0.09090909090909091, 0.0, 0.0, 0.4126524867781674, 0.3996755760836314, 0.3996755760836314, 0.0, 0.0, 0.0, 0.0, 0.0, 0.0, 0.0, 0.0, 0.0, 0.0, 0.0, 0.0, 0.0, 0.0, 0.0, 0.0, 0.0, 0.0, 0.0, 0.0, 0.0]]",0.4023784399032593,66.79482102394104,3.0,16.0,7.000000000000001,3.0,2.0,1.0,0.0,68.50031280517578,66.34614562988281,66.34614562988281,0.0,0.0,0.0,0.0,0.0,0.0,0.0,0.0,0.0,0.0,0.0,0.0,0.0,0.0,0.0,0.0,0.0,0.0,0.0,0.0,0.0,0.5,0.5,0.11764705882352942,0.5,0.09090909090909091,0.0,0.0,0.4126524867781674,0.3996755760836314,0.3996755760836314,0.0,0.0,0.0,0.0,0.0,0.0,0.0,0.0,0.0,0.0,0.0,0.0,0.0,0.0,0.0,0.0,0.0,0.0,0.0,0.0,0.0
146,"[[0.43912065029144287, 0.8333333333333333, 0.3333333333333333, 0.09803921568627451, 0.25, 0.09090909090909091, 0.0, 1.0, 0.43912064885518637, 0.5996332283479622, 0.5996332283479622, 0.0, 0.0, 0.0, 0.0, 0.0, 0.0, 0.0, 0.0, 0.0, 0.0, 0.0, 0.0, 0.0, 0.0, 0.0, 0.0, 0.0, 0.0, 0.0, 0.0, 0.0], [0.589766800403595, 1.0, 0.3666666666666667, 0.09803921568627451, 0.25, 0.09090909090909091, 0.0, 1.0, 0.5897668126117752, 0.5599950767425169, 0.5599950767425169, 0.0, 0.0, 0.0, 0.0, 0.0, 0.0, 0.0, 0.0, 0.0, 0.0, 0.0, 0.0, 0.0, 0.0, 0.0, 0.0, 0.0, 0.0, 0.0, 0.0, 0.0], [0.5984812378883362, 0.0, 0.4, 0.11764705882352942, 0.25, 0.09090909090909091, 0.0, 0.0, 0.5984812357339515, 0.4506315667945219, 0.4506315667945219, 0.0, 0.0, 0.0, 0.0, 1.0, 0.0, 0.0, 0.0, 0.0, 0.0, 0.0, 0.0, 0.0, 0.0, 0.0, 0.0, 0.0, 0.0, 0.0, 0.0, 0.0], [0.4397384226322174, 0.16666666666666666, 0.43333333333333335, 0.11764705882352942, 0.25, 0.09090909090909091, 0.0, 0.0, 0.43973840001117753, 0.4328648670610175, 0.4328648670610175, 0.0, 0.0, 0.0, 0.0, 0.0, 0.0, 0.0, 0.0, 0.0, 0.0, 0.0, 0.0, 0.0, 0.0, 0.0, 0.0, 0.0, 0.0, 0.0, 0.0, 0.0], [0.4203258156776428, 0.3333333333333333, 0.4666666666666667, 0.11764705882352942, 0.5, 0.09090909090909091, 0.0, 0.0, 0.4203258192682841, 0.4151724849838809, 0.4151724849838809, 0.0, 0.0, 0.0, 0.0, 0.0, 0.0, 0.0, 0.0, 0.0, 0.0, 0.0, 0.0, 0.0, 0.0, 0.0, 0.0, 0.0, 0.0, 0.0, 0.0, 0.0], [0.41265249252319336, 0.5, 0.5, 0.11764705882352942, 0.5, 0.09090909090909091, 0.0, 0.0, 0.4126524867781674, 0.3996755760836314, 0.3996755760836314, 0.0, 0.0, 0.0, 0.0, 0.0, 0.0, 0.0, 0.0, 0.0, 0.0, 0.0, 0.0, 0.0, 0.0, 0.0, 0.0, 0.0, 0.0, 0.0, 0.0, 0.0], [0.4023784399032593, 0.6666666666666666, 0.5333333333333333, 0.11764705882352942, 0.5, 0.09090909090909091, 0.0, 0.0, 0.4023784499570548, 0.43912064885518637, 0.43912064885518637, 0.0, 0.0, 0.0, 0.0, 0.0, 1.0, 0.0, 0.0, 0.0, 0.0, 0.0, 0.0, 0.0, 0.0, 0.0, 0.0, 0.0, 0.0, 0.0, 0.0, 0.0]]",0.43910303711891174,72.89110416173935,4.0,17.0,7.000000000000001,3.0,2.0,1.0,0.0,66.7948226928711,72.89402770996094,72.89402770996094,0.0,0.0,0.0,0.0,0.0,1.0,0.0,0.0,0.0,0.0,0.0,0.0,0.0,0.0,0.0,0.0,0.0,0.0,0.0,0.0,0.0,0.6666666666666666,0.5333333333333333,0.11764705882352942,0.5,0.09090909090909091,0.0,0.0,0.4023784499570548,0.43912064885518637,0.43912064885518637,0.0,0.0,0.0,0.0,0.0,1.0,0.0,0.0,0.0,0.0,0.0,0.0,0.0,0.0,0.0,0.0,0.0,0.0,0.0,0.0,0.0
147,"[[0.589766800403595, 1.0, 0.3666666666666667, 0.09803921568627451, 0.25, 0.09090909090909091, 0.0, 1.0, 0.5897668126117752, 0.5599950767425169, 0.5599950767425169, 0.0, 0.0, 0.0, 0.0, 0.0, 0.0, 0.0, 0.0, 0.0, 0.0, 0.0, 0.0, 0.0, 0.0, 0.0, 0.0, 0.0, 0.0, 0.0, 0.0, 0.0], [0.5984812378883362, 0.0, 0.4, 0.11764705882352942, 0.25, 0.09090909090909091, 0.0, 0.0, 0.5984812357339515, 0.4506315667945219, 0.4506315667945219, 0.0, 0.0, 0.0, 0.0, 1.0, 0.0, 0.0, 0.0, 0.0, 0.0, 0.0, 0.0, 0.0, 0.0, 0.0, 0.0, 0.0, 0.0, 0.0, 0.0, 0.0], [0.4397384226322174, 0.16666666666666666, 0.43333333333333335, 0.11764705882352942, 0.25, 0.09090909090909091, 0.0, 0.0, 0.43973840001117753, 0.4328648670610175, 0.4328648670610175, 0.0, 0.0, 0.0, 0.0, 0.0, 0.0, 0.0, 0.0, 0.0, 0.0, 0.0, 0.0, 0.0, 0.0, 0.0, 0.0, 0.0, 0.0, 0.0, 0.0, 0.0], [0.4203258156776428, 0.3333333333333333, 0.4666666666666667, 0.11764705882352942, 0.5, 0.09090909090909091, 0.0, 0.0, 0.4203258192682841, 0.4151724849838809, 0.4151724849838809, 0.0, 0.0, 0.0, 0.0, 0.0, 0.0, 0.0, 0.0, 0.0, 0.0, 0.0, 0.0, 0.0, 0.0, 0.0, 0.0, 0.0, 0.0, 0.0, 0.0, 0.0], [0.41265249252319336, 0.5, 0.5, 0.11764705882352942, 0.5, 0.09090909090909091, 0.0, 0.0, 0.4126524867781674, 0.3996755760836314, 0.3996755760836314, 0.0, 0.0, 0.0, 0.0, 0.0, 0.0, 0.0, 0.0, 0.0, 0.0, 0.0, 0.0, 0.0, 0.0, 0.0, 0.0, 0.0, 0.0, 0.0, 0.0, 0.0], [0.4023784399032593, 0.6666666666666666, 0.5333333333333333, 0.11764705882352942, 0.5, 0.09090909090909091, 0.0, 0.0, 0.4023784499570548, 0.43912064885518637, 0.43912064885518637, 0.0, 0.0, 0.0, 0.0, 0.0, 1.0, 0.0, 0.0, 0.0, 0.0, 0.0, 0.0, 0.0, 0.0, 0.0, 0.0, 0.0, 0.0, 0.0, 0.0, 0.0], [0.43910303711891174, 0.8333333333333333, 0.5666666666666667, 0.11764705882352942, 0.5, 0.09090909090909091, 0.0, 1.0, 0.43910304609551487, 0.5897668126117752, 0.5897668126117752, 0.0, 0.0, 0.0, 0.0, 0.0, 0.0, 0.0, 0.0, 0.0, 0.0, 0.0, 0.0, 0.0, 0.0, 0.0, 0.0, 0.0, 0.0, 0.0, 0.0, 0.0]]",0.5773652195930481,95.84262645244598,5.0,18.0,7.000000000000001,3.0,2.0,1.0,1.0,72.89110565185547,97.90129089355469,97.90129089355469,0.0,0.0,0.0,0.0,0.0,0.0,0.0,0.0,0.0,0.0,0.0,0.0,0.0,0.0,0.0,0.0,0.0,0.0,0.0,0.0,0.0,0.8333333333333333,0.5666666666666667,0.11764705882352942,0.5,0.09090909090909091,0.0,1.0,0.43910304609551487,0.5897668126117752,0.5897668126117752,0.0,0.0,0.0,0.0,0.0,0.0,0.0,0.0,0.0,0.0,0.0,0.0,0.0,0.0,0.0,0.0,0.0,0.0,0.0,0.0,0.0
148,"[[0.5984812378883362, 0.0, 0.4, 0.11764705882352942, 0.25, 0.09090909090909091, 0.0, 0.0, 0.5984812357339515, 0.4506315667945219, 0.4506315667945219, 0.0, 0.0, 0.0, 0.0, 1.0, 0.0, 0.0, 0.0, 0.0, 0.0, 0.0, 0.0, 0.0, 0.0, 0.0, 0.0, 0.0, 0.0, 0.0, 0.0, 0.0], [0.4397384226322174, 0.16666666666666666, 0.43333333333333335, 0.11764705882352942, 0.25, 0.09090909090909091, 0.0, 0.0, 0.43973840001117753, 0.4328648670610175, 0.4328648670610175, 0.0, 0.0, 0.0, 0.0, 0.0, 0.0, 0.0, 0.0, 0.0, 0.0, 0.0, 0.0, 0.0, 0.0, 0.0, 0.0, 0.0, 0.0, 0.0, 0.0, 0.0], [0.4203258156776428, 0.3333333333333333, 0.4666666666666667, 0.11764705882352942, 0.5, 0.09090909090909091, 0.0, 0.0, 0.4203258192682841, 0.4151724849838809, 0.4151724849838809, 0.0, 0.0, 0.0, 0.0, 0.0, 0.0, 0.0, 0.0, 0.0, 0.0, 0.0, 0.0, 0.0, 0.0, 0.0, 0.0, 0.0, 0.0, 0.0, 0.0, 0.0], [0.41265249252319336, 0.5, 0.5, 0.11764705882352942, 0.5, 0.09090909090909091, 0.0, 0.0, 0.4126524867781674, 0.3996755760836314, 0.3996755760836314, 0.0, 0.0, 0.0, 0.0, 0.0, 0.0, 0.0, 0.0, 0.0, 0.0, 0.0, 0.0, 0.0, 0.0, 0.0, 0.0, 0.0, 0.0, 0.0, 0.0, 0.0], [0.4023784399032593, 0.6666666666666666, 0.5333333333333333, 0.11764705882352942, 0.5, 0.09090909090909091, 0.0, 0.0, 0.4023784499570548, 0.43912064885518637, 0.43912064885518637, 0.0, 0.0, 0.0, 0.0, 0.0, 1.0, 0.0, 0.0, 0.0, 0.0, 0.0, 0.0, 0.0, 0.0, 0.0, 0.0, 0.0, 0.0, 0.0, 0.0, 0.0], [0.43910303711891174, 0.8333333333333333, 0.5666666666666667, 0.11764705882352942, 0.5, 0.09090909090909091, 0.0, 1.0, 0.43910304609551487, 0.5897668126117752, 0.5897668126117752, 0.0, 0.0, 0.0, 0.0, 0.0, 0.0, 0.0, 0.0, 0.0, 0.0, 0.0, 0.0, 0.0, 0.0, 0.0, 0.0, 0.0, 0.0, 0.0, 0.0, 0.0], [0.5773652195930481, 1.0, 0.6, 0.11764705882352942, 0.5, 0.09090909090909091, 0.0, 1.0, 0.5773652318012283, 0.5984812357339515, 0.5984812357339515, 0.0, 0.0, 0.0, 0.0, 0.0, 0.0, 0.0, 0.0, 0.0, 0.0, 0.0, 0.0, 0.0, 0.0, 0.0, 0.0, 0.0, 0.0, 0.0, 0.0, 0.0]]",0.5740005373954773,95.28408920764923,6.0,19.0,7.000000000000001,3.0,2.0,1.0,1.0,95.8426284790039,99.34788513183595,99.34788513183595,0.0,0.0,0.0,0.0,0.0,0.0,0.0,0.0,0.0,0.0,0.0,0.0,0.0,0.0,0.0,0.0,0.0,0.0,0.0,0.0,0.0,1.0,0.6,0.11764705882352942,0.5,0.09090909090909091,0.0,1.0,0.5773652318012283,0.5984812357339515,0.5984812357339515,0.0,0.0,0.0,0.0,0.0,0.0,0.0,0.0,0.0,0.0,0.0,0.0,0.0,0.0,0.0,0.0,0.0,0.0,0.0,0.0,0.0
149,"[[0.4397384226322174, 0.16666666666666666, 0.43333333333333335, 0.11764705882352942, 0.25, 0.09090909090909091, 0.0, 0.0, 0.43973840001117753, 0.4328648670610175, 0.4328648670610175, 0.0, 0.0, 0.0, 0.0, 0.0, 0.0, 0.0, 0.0, 0.0, 0.0, 0.0, 0.0, 0.0, 0.0, 0.0, 0.0, 0.0, 0.0, 0.0, 0.0, 0.0], [0.4203258156776428, 0.3333333333333333, 0.4666666666666667, 0.11764705882352942, 0.5, 0.09090909090909091, 0.0, 0.0, 0.4203258192682841, 0.4151724849838809, 0.4151724849838809, 0.0, 0.0, 0.0, 0.0, 0.0, 0.0, 0.0, 0.0, 0.0, 0.0, 0.0, 0.0, 0.0, 0.0, 0.0, 0.0, 0.0, 0.0, 0.0, 0.0, 0.0], [0.41265249252319336, 0.5, 0.5, 0.11764705882352942, 0.5, 0.09090909090909091, 0.0, 0.0, 0.4126524867781674, 0.3996755760836314, 0.3996755760836314, 0.0, 0.0, 0.0, 0.0, 0.0, 0.0, 0.0, 0.0, 0.0, 0.0, 0.0, 0.0, 0.0, 0.0, 0.0, 0.0, 0.0, 0.0, 0.0, 0.0, 0.0], [0.4023784399032593, 0.6666666666666666, 0.5333333333333333, 0.11764705882352942, 0.5, 0.09090909090909091, 0.0, 0.0, 0.4023784499570548, 0.43912064885518637, 0.43912064885518637, 0.0, 0.0, 0.0, 0.0, 0.0, 1.0, 0.0, 0.0, 0.0, 0.0, 0.0, 0.0, 0.0, 0.0, 0.0, 0.0, 0.0, 0.0, 0.0, 0.0, 0.0], [0.43910303711891174, 0.8333333333333333, 0.5666666666666667, 0.11764705882352942, 0.5, 0.09090909090909091, 0.0, 1.0, 0.43910304609551487, 0.5897668126117752, 0.5897668126117752, 0.0, 0.0, 0.0, 0.0, 0.0, 0.0, 0.0, 0.0, 0.0, 0.0, 0.0, 0.0, 0.0, 0.0, 0.0, 0.0, 0.0, 0.0, 0.0, 0.0, 0.0], [0.5773652195930481, 1.0, 0.6, 0.11764705882352942, 0.5, 0.09090909090909091, 0.0, 1.0, 0.5773652318012283, 0.5984812357339515, 0.5984812357339515, 0.0, 0.0, 0.0, 0.0, 0.0, 0.0, 0.0, 0.0, 0.0, 0.0, 0.0, 0.0, 0.0, 0.0, 0.0, 0.0, 0.0, 0.0, 0.0, 0.0, 0.0], [0.5740005373954773, 0.0, 0.6333333333333333, 0.13725490196078433, 0.5, 0.09090909090909091, 0.0, 0.0, 0.5740005309323231, 0.43973840001117753, 0.43973840001117753, 0.0, 0.0, 0.0, 0.0, 1.0, 0.0, 0.0, 0.0, 0.0, 0.0, 0.0, 0.0, 0.0, 0.0, 0.0, 0.0, 0.0, 0.0, 0.0, 0.0, 0.0]]",0.4245299696922302,70.47197496891022,0.0,20.0,8.0,3.0,2.0,1.0,0.0,95.28408813476562,72.99657440185547,72.99657440185547,0.0,0.0,0.0,0.0,1.0,0.0,0.0,0.0,0.0,0.0,0.0,0.0,0.0,0.0,0.0,0.0,0.0,0.0,0.0,0.0,0.0,0.0,0.6333333333333333,0.13725490196078433,0.5,0.09090909090909091,0.0,0.0,0.5740005309323231,0.43973840001117753,0.43973840001117753,0.0,0.0,0.0,0.0,1.0,0.0,0.0,0.0,0.0,0.0,0.0,0.0,0.0,0.0,0.0,0.0,0.0,0.0,0.0,0.0,0.0
150,"[[0.4203258156776428, 0.3333333333333333, 0.4666666666666667, 0.11764705882352942, 0.5, 0.09090909090909091, 0.0, 0.0, 0.4203258192682841, 0.4151724849838809, 0.4151724849838809, 0.0, 0.0, 0.0, 0.0, 0.0, 0.0, 0.0, 0.0, 0.0, 0.0, 0.0, 0.0, 0.0, 0.0, 0.0, 0.0, 0.0, 0.0, 0.0, 0.0, 0.0], [0.41265249252319336, 0.5, 0.5, 0.11764705882352942, 0.5, 0.09090909090909091, 0.0, 0.0, 0.4126524867781674, 0.3996755760836314, 0.3996755760836314, 0.0, 0.0, 0.0, 0.0, 0.0, 0.0, 0.0, 0.0, 0.0, 0.0, 0.0, 0.0, 0.0, 0.0, 0.0, 0.0, 0.0, 0.0, 0.0, 0.0, 0.0], [0.4023784399032593, 0.6666666666666666, 0.5333333333333333, 0.11764705882352942, 0.5, 0.09090909090909091, 0.0, 0.0, 0.4023784499570548, 0.43912064885518637, 0.43912064885518637, 0.0, 0.0, 0.0, 0.0, 0.0, 1.0, 0.0, 0.0, 0.0, 0.0, 0.0, 0.0, 0.0, 0.0, 0.0, 0.0, 0.0, 0.0, 0.0, 0.0, 0.0], [0.43910303711891174, 0.8333333333333333, 0.5666666666666667, 0.11764705882352942, 0.5, 0.09090909090909091, 0.0, 1.0, 0.43910304609551487, 0.5897668126117752, 0.5897668126117752, 0.0, 0.0, 0.0, 0.0, 0.0, 0.0, 0.0, 0.0, 0.0, 0.0, 0.0, 0.0, 0.0, 0.0, 0.0, 0.0, 0.0, 0.0, 0.0, 0.0, 0.0], [0.5773652195930481, 1.0, 0.6, 0.11764705882352942, 0.5, 0.09090909090909091, 0.0, 1.0, 0.5773652318012283, 0.5984812357339515, 0.5984812357339515, 0.0, 0.0, 0.0, 0.0, 0.0, 0.0, 0.0, 0.0, 0.0, 0.0, 0.0, 0.0, 0.0, 0.0, 0.0, 0.0, 0.0, 0.0, 0.0, 0.0, 0.0], [0.5740005373954773, 0.0, 0.6333333333333333, 0.13725490196078433, 0.5, 0.09090909090909091, 0.0, 0.0, 0.5740005309323231, 0.43973840001117753, 0.43973840001117753, 0.0, 0.0, 0.0, 0.0, 1.0, 0.0, 0.0, 0.0, 0.0, 0.0, 0.0, 0.0, 0.0, 0.0, 0.0, 0.0, 0.0, 0.0, 0.0, 0.0, 0.0], [0.4245299696922302, 0.16666666666666666, 0.6666666666666666, 0.13725490196078433, 0.5, 0.09090909090909091, 0.0, 0.0, 0.424529983336667, 0.4203258192682841, 0.4203258192682841, 0.0, 0.0, 0.0, 0.0, 0.0, 0.0, 0.0, 0.0, 0.0, 0.0, 0.0, 0.0, 0.0, 0.0, 0.0, 0.0, 0.0, 0.0, 0.0, 0.0, 0.0]]",0.40979093313217163,68.02529489994049,1.0,21.0,8.0,3.0,2.0,1.0,0.0,70.47197723388672,69.77408599853516,69.77408599853516,0.0,0.0,0.0,0.0,0.0,0.0,0.0,0.0,0.0,0.0,0.0,0.0,0.0,0.0,0.0,0.0,0.0,0.0,0.0,0.0,0.0,0.16666666666666666,0.6666666666666666,0.13725490196078433,0.5,0.09090909090909091,0.0,0.0,0.424529983336667,0.4203258192682841,0.4203258192682841,0.0,0.0,0.0,0.0,0.0,0.0,0.0,0.0,0.0,0.0,0.0,0.0,0.0,0.0,0.0,0.0,0.0,0.0,0.0,0.0,0.0
151,"[[0.41265249252319336, 0.5, 0.5, 0.11764705882352942, 0.5, 0.09090909090909091, 0.0, 0.0, 0.4126524867781674, 0.3996755760836314, 0.3996755760836314, 0.0, 0.0, 0.0, 0.0, 0.0, 0.0, 0.0, 0.0, 0.0, 0.0, 0.0, 0.0, 0.0, 0.0, 0.0, 0.0, 0.0, 0.0, 0.0, 0.0, 0.0], [0.4023784399032593, 0.6666666666666666, 0.5333333333333333, 0.11764705882352942, 0.5, 0.09090909090909091, 0.0, 0.0, 0.4023784499570548, 0.43912064885518637, 0.43912064885518637, 0.0, 0.0, 0.0, 0.0, 0.0, 1.0, 0.0, 0.0, 0.0, 0.0, 0.0, 0.0, 0.0, 0.0, 0.0, 0.0, 0.0, 0.0, 0.0, 0.0, 0.0], [0.43910303711891174, 0.8333333333333333, 0.5666666666666667, 0.11764705882352942, 0.5, 0.09090909090909091, 0.0, 1.0, 0.43910304609551487, 0.5897668126117752, 0.5897668126117752, 0.0, 0.0, 0.0, 0.0, 0.0, 0.0, 0.0, 0.0, 0.0, 0.0, 0.0, 0.0, 0.0, 0.0, 0.0, 0.0, 0.0, 0.0, 0.0, 0.0, 0.0], [0.5773652195930481, 1.0, 0.6, 0.11764705882352942, 0.5, 0.09090909090909091, 0.0, 1.0, 0.5773652318012283, 0.5984812357339515, 0.5984812357339515, 0.0, 0.0, 0.0, 0.0, 0.0, 0.0, 0.0, 0.0, 0.0, 0.0, 0.0, 0.0, 0.0, 0.0, 0.0, 0.0, 0.0, 0.0, 0.0, 0.0, 0.0], [0.5740005373954773, 0.0, 0.6333333333333333, 0.13725490196078433, 0.5, 0.09090909090909091, 0.0, 0.0, 0.5740005309323231, 0.43973840001117753, 0.43973840001117753, 0.0, 0.0, 0.0, 0.0, 1.0, 0.0, 0.0, 0.0, 0.0, 0.0, 0.0, 0.0, 0.0, 0.0, 0.0, 0.0, 0.0, 0.0, 0.0, 0.0, 0.0], [0.4245299696922302, 0.16666666666666666, 0.6666666666666666, 0.13725490196078433, 0.5, 0.09090909090909091, 0.0, 0.0, 0.424529983336667, 0.4203258192682841, 0.4203258192682841, 0.0, 0.0, 0.0, 0.0, 0.0, 0.0, 0.0, 0.0, 0.0, 0.0, 0.0, 0.0, 0.0, 0.0, 0.0, 0.0, 0.0, 0.0, 0.0, 0.0, 0.0], [0.40979093313217163, 0.3333333333333333, 0.7, 0.13725490196078433, 0.75, 0.09090909090909091, 0.0, 0.0, 0.40979091230645237, 0.4126524867781674, 0.4126524867781674, 0.0, 0.0, 0.0, 0.0, 0.0, 0.0, 0.0, 0.0, 0.0, 0.0, 0.0, 0.0, 0.0, 0.0, 0.0, 0.0, 0.0, 0.0, 0.0, 0.0, 0.0]]",0.4102947413921356,68.10892707109451,2.0,22.0,8.0,4.0,2.0,1.0,0.0,68.0252914428711,68.50031280517578,68.50031280517578,0.0,0.0,0.0,0.0,0.0,0.0,0.0,0.0,0.0,0.0,0.0,0.0,0.0,0.0,0.0,0.0,0.0,0.0,0.0,0.0,0.0,0.3333333333333333,0.7,0.13725490196078433,0.75,0.09090909090909091,0.0,0.0,0.40979091230645237,0.4126524867781674,0.4126524867781674,0.0,0.0,0.0,0.0,0.0,0.0,0.0,0.0,0.0,0.0,0.0,0.0,0.0,0.0,0.0,0.0,0.0,0.0,0.0,0.0,0.0
