0,1,2,3,4,5,6,7,8,9,10,11,12,13,14,15,16,17,18,19
0.03616110235452652,0.07391238957643509,0.022537870332598686,0.06054304167628288,-0.02803361415863037,0.020625915378332138,0.04924224689602852,0.022550659254193306,0.01853197067975998,-0.09528432786464691,-0.014271972700953484,0.09632309526205063,0.06771248579025269,0.026461675763130188,0.040997542440891266,0.07475176453590393,-3.588039908208884e-05,0.06525338441133499,-0.025789346545934677,-0.019268551841378212
0.03616110235452652,0.07391238957643509,0.022537870332598686,0.06054304167628288,-0.02803361415863037,0.020625915378332138,0.04924224689602852,0.022550659254193306,0.01853197067975998,-0.09528432786464691,-0.014271972700953484,0.09632309526205063,0.06771248579025269,0.026461675763130188,0.040997542440891266,0.07475176453590393,-3.588039908208884e-05,0.06525338441133499,-0.025789346545934677,-0.019268551841378212
0.03616110235452652,0.07391238957643509,0.022537870332598686,0.06054304167628288,-0.02803361415863037,0.020625915378332138,0.04924224689602852,0.022550659254193306,0.01853197067975998,-0.09528432786464691,-0.014271972700953484,0.09632309526205063,0.06771248579025269,0.026461675763130188,0.040997542440891266,0.07475176453590393,-3.588039908208884e-05,0.06525338441133499,-0.025789346545934677,-0.019268551841378212
0.03616110235452652,0.07391238957643509,0.022537870332598686,0.06054304167628288,-0.02803361415863037,0.020625915378332138,0.04924224689602852,0.022550659254193306,0.01853197067975998,-0.09528432786464691,-0.014271972700953484,0.09632309526205063,0.06771248579025269,0.026461675763130188,0.040997542440891266,0.07475176453590393,-3.588039908208884e-05,0.06525338441133499,-0.025789346545934677,-0.019268551841378212
0.0630011111497879,-0.020182596519589424,-0.02979658730328083,0.05163029581308365,0.048533108085393906,0.0015955747803673148,-0.004286542534828186,0.01926175132393837,-0.025631330907344818,0.012987511232495308,0.04687541350722313,0.04640749841928482,-0.03220947086811066,0.05797133594751358,-0.04373147711157799,0.0020327353850007057,0.0376339890062809,0.031152760609984398,0.05198989808559418,-0.04850294813513756
0.0009473412646912038,-0.019683944061398506,0.004954384174197912,0.06498334556818008,-0.004385433159768581,0.03501209244132042,-0.04816503822803497,0.020070353522896767,-0.02152242325246334,-0.04222029075026512,0.038281701505184174,0.04227720573544502,-0.051971886307001114,-0.0238463394343853,-0.019318358972668648,-0.036957673728466034,-0.010209588333964348,-0.05195343866944313,-0.06523043662309647,-0.01028906088322401
0.029194502159953117,-0.024083010852336884,0.011816068552434444,-0.02089705877006054,0.07478010654449463,0.04061296954751015,-0.023504197597503662,0.03279658779501915,0.03030513785779476,-0.006616903468966484,-0.03382926061749458,0.08933577686548233,0.06250689923763275,0.023294853046536446,0.09202974289655685,0.04195823892951012,0.01308367494493723,-0.05231280252337456,-0.06002363935112953,-0.04219628870487213
-0.06913565844297409,-0.03269026428461075,0.0468636117875576,-0.02479216828942299,0.11075666546821594,0.045485954731702805,0.03906441479921341,0.06251903623342514,0.019851448014378548,0.03622324392199516,-0.020072149112820625,-0.012544505298137665,-0.07382390648126602,0.015334496274590492,0.04805069789290428,0.05720813199877739,0.05982811003923416,0.058084044605493546,0.05285775288939476,-0.011971700005233288
-0.03876042366027832,0.06834691762924194,0.042216502130031586,0.016189297661185265,0.023247763514518738,-0.07273710519075394,0.05376201122999191,0.029984502121806145,-0.0246305949985981,-0.05740100145339966,-0.054397545754909515,-0.00017325741646345705,0.04513918235898018,0.07950209826231003,0.09031406044960022,-0.03239713981747627,0.06890850514173508,0.01005775760859251,-0.0012914241524413228,-0.07634709775447845
-0.013793772086501122,0.010971669107675552,0.018861785531044006,-0.015441632829606533,0.031076982617378235,-0.010745066218078136,-0.013516036793589592,0.05722971633076668,-0.06616882234811783,-0.006237700115889311,0.03704909607768059,0.048691343516111374,0.006341857835650444,0.06080174818634987,0.04802817851305008,0.010576283559203148,0.003087819553911686,0.019756345078349113,-0.02904689870774746,-0.02507922239601612
-0.013793772086501122,0.010971669107675552,0.018861785531044006,-0.015441632829606533,0.031076982617378235,-0.010745066218078136,-0.013516036793589592,0.05722971633076668,-0.06616882234811783,-0.006237700115889311,0.03704909607768059,0.048691343516111374,0.006341857835650444,0.06080174818634987,0.04802817851305008,0.010576283559203148,0.003087819553911686,0.019756345078349113,-0.02904689870774746,-0.02507922239601612
-0.045352403074502945,-0.015272755175828934,0.02625155821442604,0.08040640503168106,0.10708782821893692,0.06660065799951553,-0.008319685235619545,0.051016587764024734,-0.05612242966890335,0.028015637770295143,0.047655921429395676,0.06799530982971191,0.06054006144404411,0.05804621800780296,0.07752398401498795,0.04800782352685928,0.013889070600271225,0.01088455505669117,-0.012495133094489574,-0.011026936583220959
0.002068315166980028,0.006042869761586189,-0.005853628274053335,-0.04402150958776474,0.07633930444717407,-0.03907322511076927,0.05068833380937576,0.03855936601758003,-0.05904184654355049,-0.034703005105257034,-0.07243304699659348,-0.0011780501808971167,-0.0020149771589785814,0.0634794607758522,0.06045468896627426,0.05697503685951233,-0.02961147390305996,-0.057240135967731476,0.0033873815555125475,0.05366837605834007
-0.010833624750375748,-0.011014032177627087,0.04527797922492027,0.05511618033051491,0.046114545315504074,-0.029367268085479736,-0.07110682129859924,-0.023539187386631966,0.03580022230744362,-0.01996454782783985,0.021388288587331772,0.030533956363797188,-0.011030142195522785,0.04730267450213432,0.05666661635041237,-0.04652852937579155,0.060147807002067566,0.06664326786994934,0.03129247575998306,-0.00037908481317572296
0.01764712668955326,-0.04080713540315628,0.02634866163134575,0.013257687911391258,0.09186403453350067,0.03482719510793686,0.021572887897491455,0.015057838521897793,0.05243660882115364,0.018975384533405304,0.013960990123450756,0.09501107782125473,-0.07479000836610794,-0.00962091889232397,0.034715451300144196,-0.03277720510959625,0.019333548843860626,0.03944762423634529,-0.05385948717594147,-0.041658174246549606
-0.013925992883741856,-0.04296106845140457,-0.036428302526474,0.0845969095826149,0.0747850090265274,-0.03964689373970032,-0.02120991423726082,-0.03746012970805168,-0.09089799970388412,-0.029783954843878746,0.04855412244796753,0.0951414629817009,-0.0038958655204623938,0.02083427459001541,0.02268366515636444,-0.015482909046113491,-0.01967569626867771,-0.032695937901735306,-0.03132397681474686,0.0033368777949362993
-0.01108753215521574,0.0101527851074934,0.056393079459667206,0.040687479078769684,0.06018341705203056,0.03678802773356438,-0.028006209060549736,0.0013735047541558743,-0.07532891631126404,0.0018728420836851,-0.0010212064953520894,0.0746486559510231,0.009166792966425419,-0.029610976576805115,-0.019446978345513344,0.06944363564252853,0.053075067698955536,-0.00869377888739109,-0.01881248503923416,0.022864731028676033
-0.06936951726675034,-0.033847637474536896,-0.00583648169413209,0.04016305133700371,-0.013578437268733978,-0.06887350231409073,0.00014931759505998343,-0.05903059244155884,-0.029950838536024094,0.03848852217197418,0.06022143363952637,-0.03332754224538803,-0.026793675497174263,0.08858565986156464,-0.0014323279028758407,-0.03822045400738716,0.009088958613574505,0.015430175699293613,0.04083556309342384,0.04616140201687813
0.04502793401479721,-0.0265402402728796,0.030987810343503952,-0.0392233207821846,0.10454227030277252,0.025362364947795868,-0.039465758949518204,0.027457505464553833,-0.01082699652761221,-0.065682053565979,0.06591541320085526,0.0884450376033783,-0.04999156296253204,-0.0316726490855217,0.03600532189011574,0.04335002601146698,0.045628294348716736,-0.035276997834444046,-0.042298223823308945,-0.08151702582836151
0.029125165194272995,0.06792975217103958,-0.016278699040412903,0.038397353142499924,-0.005859593395143747,-0.01509549468755722,-0.02856268733739853,-0.04230106621980667,-0.07473581284284592,-0.010605515912175179,0.07368410378694534,0.07611176371574402,0.026774033904075623,0.00300212181173265,0.10023841261863708,-0.05752786993980408,0.0028117524925619364,-0.06099804863333702,0.012685727328062057,-0.015110952779650688
-0.04507279023528099,-0.04739704728126526,0.03731217980384827,0.022135455161333084,0.02869030088186264,-0.039046525955200195,-0.04996125400066376,-0.03322272747755051,-0.04857141524553299,-0.03163907304406166,0.04035688936710358,-0.018935175612568855,0.04694041609764099,0.003526911372318864,-0.002969092456623912,0.0029438522178679705,-0.06298095732927322,0.015536502003669739,-0.05366599187254906,-0.06421765685081482
-0.04507279023528099,-0.04739704728126526,0.03731217980384827,0.022135455161333084,0.02869030088186264,-0.039046525955200195,-0.04996125400066376,-0.03322272747755051,-0.04857141524553299,-0.03163907304406166,0.04035688936710358,-0.018935175612568855,0.04694041609764099,0.003526911372318864,-0.002969092456623912,0.0029438522178679705,-0.06298095732927322,0.015536502003669739,-0.05366599187254906,-0.06421765685081482
0.034077174961566925,-0.056688275188207626,-0.022375263273715973,-0.02347244694828987,-0.010613901540637016,0.06512324512004852,-0.020351357758045197,-0.05560467764735222,0.02996012568473816,-0.057241927832365036,-0.008366649970412254,-0.01874178647994995,0.04146101325750351,0.062037691473960876,0.01328783668577671,0.057304441928863525,-0.04569806158542633,0.032530270516872406,0.013841954991221428,0.010039064101874828
0.034077174961566925,-0.056688275188207626,-0.022375263273715973,-0.02347244694828987,-0.010613901540637016,0.06512324512004852,-0.020351357758045197,-0.05560467764735222,0.02996012568473816,-0.057241927832365036,-0.008366649970412254,-0.01874178647994995,0.04146101325750351,0.062037691473960876,0.01328783668577671,0.057304441928863525,-0.04569806158542633,0.032530270516872406,0.013841954991221428,0.010039064101874828
0.034077174961566925,-0.056688275188207626,-0.022375263273715973,-0.02347244694828987,-0.010613901540637016,0.06512324512004852,-0.020351357758045197,-0.05560467764735222,0.02996012568473816,-0.057241927832365036,-0.008366649970412254,-0.01874178647994995,0.04146101325750351,0.062037691473960876,0.01328783668577671,0.057304441928863525,-0.04569806158542633,0.032530270516872406,0.013841954991221428,0.010039064101874828
0.008389228954911232,-0.012795689515769482,0.0682341456413269,0.085640087723732,0.040223002433776855,-0.023731395602226257,0.03688282519578934,0.07684017717838287,-0.007070198655128479,-0.01137438416481018,-0.056401416659355164,0.043564047664403915,0.05345745384693146,0.018977327272295952,0.017618192359805107,0.07285863161087036,0.02818753942847252,0.06534256041049957,0.04952278733253479,0.0007694080704823136
-0.03706348314881325,-0.04384621977806091,-0.02077004872262478,0.0713382214307785,0.06612598896026611,0.02233223058283329,0.05882500857114792,0.06859862059354782,-0.06876718997955322,-0.08794736117124557,-0.012033282779157162,0.07870494574308395,0.015156958252191544,0.08884652704000473,0.09490125626325607,-0.0037496669683605433,0.0438925176858902,-0.019805487245321274,-0.05290987715125084,0.026167383417487144
-0.003541090991348028,-0.029508434236049652,-0.04360819607973099,-0.040364086627960205,0.022222114726901054,0.018018225207924843,-0.04741755500435829,0.009455537423491478,0.041777048259973526,-0.01716291345655918,-0.045228131115436554,0.07484087347984314,-0.04001409560441971,-0.0005035267095081508,0.09616784006357193,-0.012478172779083252,0.021852130070328712,0.02576778270304203,-0.03961613029241562,-0.04051203653216362
0.059210602194070816,-0.04735357686877251,0.06590039283037186,0.07583818584680557,0.07443953305482864,0.03045709803700447,-0.0674736499786377,0.025124577805399895,-0.04200442507863045,-0.08055116981267929,-0.01878288760781288,0.04893631488084793,0.011724035255610943,0.013629463501274586,0.0108815748244524,-0.027488796040415764,0.003570685861632228,-0.04735749959945679,0.01859528385102749,-0.06888234615325928
-0.03293769434094429,0.06694455444812775,0.045772332698106766,0.029027681797742844,0.008284755051136017,-0.06545720249414444,0.0473957434296608,0.046532146632671356,-0.06475207954645157,0.007139276247471571,-0.02939811535179615,-0.03010907582938671,0.04589075222611427,-0.03988347947597504,0.012215424329042435,-0.024833476170897484,-0.021115614101290703,-0.00602700375020504,-0.05752286687493324,-0.07608478516340256
0.022252745926380157,-0.03912896290421486,0.03237633779644966,-0.04668467119336128,0.1069338321685791,-0.04805232211947441,-0.07708746939897537,-0.012583861127495766,-0.05519052594900131,0.004368819296360016,-0.036046236753463745,0.05281049758195877,0.008650635369122028,0.030677679926156998,0.0519128181040287,0.01031108945608139,0.007636629045009613,0.05246563255786896,-0.048024456948041916,-0.009669411927461624
0.03627439960837364,-0.05685143172740936,-0.06418362259864807,-0.05612364038825035,0.03651176393032074,5.152619269210845e-05,0.04700981825590134,0.04983488842844963,-0.0651627704501152,-0.0038688608910888433,-0.014156362973153591,0.05420757457613945,-0.06643557548522949,-0.031064463779330254,0.004373840522021055,0.021543951705098152,-0.03619912266731262,-0.01866154931485653,0.045953668653964996,-0.07867339998483658
0.04957238957285881,0.06664174795150757,0.07077202945947647,0.017024828121066093,0.019145075231790543,0.002686553169041872,0.04838775098323822,-0.03785347938537598,-0.0737067386507988,-0.0027377342339605093,-0.023096969351172447,0.05750005692243576,-0.027082081884145737,0.007534744683653116,-0.015728695318102837,0.020077504217624664,0.00797917041927576,0.03215021640062332,0.07845181971788406,0.021823635324835777
0.0359453447163105,0.03103378415107727,0.05356837436556816,0.04942853003740311,0.01663782075047493,-0.013184681534767151,0.03692176938056946,0.02975454367697239,-0.04077162966132164,-0.010071591474115849,0.020081432536244392,-0.016734948381781578,0.04693028703331947,0.08630770444869995,-0.025638891384005547,0.02836620807647705,0.027266282588243484,0.032168496400117874,0.012124632485210896,-0.02660389244556427
0.012192396447062492,0.012866739183664322,-0.049355510622262955,0.07410980761051178,0.017841046676039696,-0.05331242084503174,0.04809124767780304,0.0013046370586380363,-0.006114498246461153,-0.06838903576135635,0.009995118714869022,0.009406386874616146,0.03495675325393677,0.03883295878767967,-0.0015091635286808014,0.06886506825685501,0.006260358262807131,0.007549215108156204,0.028674082830548286,0.058708809316158295
0.016715925186872482,0.013616835698485374,0.04584892839193344,0.00997284334152937,-0.018640421330928802,-0.0503583587706089,-0.015931997448205948,0.006402748171240091,-0.06708823889493942,-0.0030668682884424925,0.0534161701798439,-0.03928881883621216,0.022786114364862442,0.04603248089551926,-0.016378037631511688,-0.036780036985874176,-0.04399812966585159,-0.060217130929231644,-0.013590022921562195,0.0044362181797623634
-0.03247302770614624,0.042660731822252274,-0.027696115896105766,-0.026146698743104935,0.10605306923389435,0.05843929573893547,-0.05096310377120972,0.005897861439734697,0.022438615560531616,-0.008322061970829964,0.0014975828817114234,0.06344024091959,-0.0037541366182267666,0.01888994127511978,-0.0013949319254606962,0.078878253698349,0.0031685899011790752,-0.00779696786776185,0.03290250524878502,-0.04716295748949051
0.038037195801734924,0.06485720723867416,0.030469797551631927,-0.010705140419304371,-0.015514357946813107,0.015715042129158974,0.05630052462220192,0.03621606156229973,-0.023805154487490654,0.016061382368206978,-0.029143493622541428,0.031166698783636093,0.006226209923624992,0.07569577544927597,0.10043319314718246,0.046269748359918594,-0.0033062815200537443,-0.008472786284983158,-0.014056799933314323,0.014000753872096539
-0.03128431737422943,0.021367147564888,0.055262643843889236,0.0414726659655571,0.0011904039420187473,0.019738970324397087,-0.010308551602065563,0.06446771323680878,-0.08820528537034988,-0.017870590090751648,0.03409391641616821,-0.03888224437832832,-0.03859518840909004,0.009405843913555145,0.019073233008384705,-0.020968932658433914,0.0536559633910656,0.010930688120424747,-0.008004414848983288,0.01989435777068138
-0.04504513368010521,0.025204457342624664,-0.042526040226221085,0.07027346640825272,0.09057357162237167,-0.006278907880187035,-0.013791765086352825,0.00833903532475233,-0.07594083994626999,0.004068529233336449,0.06332032382488251,0.08093760162591934,-0.07712170481681824,-0.008948558941483498,0.03168541193008423,-0.006622764281928539,-0.006062190514057875,0.02849690243601799,0.06639889627695084,0.012870950624346733
-0.06244824454188347,0.05072808638215065,0.051222026348114014,0.05140392482280731,-0.013592247851192951,0.045078836381435394,-0.03568263724446297,-0.05927169695496559,-0.06459630280733109,0.004110712092369795,0.06199265271425247,0.008071436546742916,0.06123494356870651,0.03784378245472908,0.04913369566202164,0.035439323633909225,-0.009211714379489422,-0.010941642336547375,-0.040726810693740845,-0.028489986434578896
-0.015770548954606056,-0.0037529144901782274,0.024764135479927063,0.02360363118350506,0.07728435099124908,-0.06948202103376389,0.04426538944244385,0.04357777535915375,-0.026107963174581528,-0.054889656603336334,0.0408305786550045,0.02741299942135811,-0.020964166149497032,-0.011538254097104073,0.09628184139728546,0.007582479622215033,-0.02560509368777275,-0.030399754643440247,-0.035424329340457916,-0.05959361791610718
-0.05867153778672218,0.03789958730340004,0.007582102902233601,-0.042954690754413605,0.041045647114515305,-0.020487774163484573,-0.07333739101886749,0.06349106132984161,-0.01443326286971569,0.011909876018762589,-0.04210313409566879,0.052109234035015106,0.05130147561430931,0.08110099285840988,0.0800912007689476,-0.038014911115169525,-0.065742127597332,-0.044706422835588455,0.03478163853287697,-0.041913386434316635
0.012367524206638336,-0.05454427748918533,-0.03931136801838875,-0.058560073375701904,0.1074545755982399,-0.02979115955531597,0.042282406240701675,-0.014611251652240753,0.008902419358491898,-0.10093636065721512,-0.04927311837673187,-0.029175661504268646,0.042271971702575684,0.07810291647911072,-0.004186686594039202,0.039724357426166534,-0.04896678403019905,0.05517178773880005,-0.06298398971557617,-0.07930073142051697
-0.008238439448177814,0.03491288796067238,-0.007737654726952314,0.05830283463001251,0.09752165526151657,-0.0263980645686388,-0.027312729507684708,0.07578051835298538,0.020398814231157303,-0.035857971757650375,-0.00678238132968545,0.06436363607645035,0.021106326952576637,0.06869859248399734,0.07214914262294769,-0.049909807741642,0.06920688599348068,0.020940938964486122,-0.044694386422634125,0.007585013750940561
-0.008238439448177814,0.03491288796067238,-0.007737654726952314,0.05830283463001251,0.09752165526151657,-0.0263980645686388,-0.027312729507684708,0.07578051835298538,0.020398814231157303,-0.035857971757650375,-0.00678238132968545,0.06436363607645035,0.021106326952576637,0.06869859248399734,0.07214914262294769,-0.049909807741642,0.06920688599348068,0.020940938964486122,-0.044694386422634125,0.007585013750940561
-0.035916510969400406,0.030597833916544914,0.06916947662830353,-0.01078389585018158,0.10970864444971085,0.004441266413778067,0.025263380259275436,-0.035266149789094925,-0.07338958233594894,-0.027312809601426125,0.01649457961320877,0.03015713579952717,0.007039569318294525,-0.02759760245680809,0.05400953069329262,0.03957124054431915,-0.013247774913907051,-0.0660102441906929,0.011387931182980537,0.006310084369033575
0.006538205314427614,0.0025883798953145742,-0.047615308314561844,-0.02445334568619728,0.09259171038866043,0.03986585885286331,-0.05151572823524475,0.04224420711398125,-0.01707899011671543,0.0264927688986063,0.021008051931858063,0.06350194662809372,0.024776365607976913,-0.012600313872098923,-0.03678479045629501,-0.05841189622879028,0.055847421288490295,0.05087051913142204,-0.010011301375925541,-0.04105294495820999
0.010984496213495731,-0.04173476994037628,0.04702639579772949,0.04075593873858452,0.06070144847035408,0.053099893033504486,0.02300064079463482,0.006824879441410303,0.06004718318581581,-0.021464060992002487,0.009268914349377155,0.008519892580807209,-0.007066524587571621,0.04185962304472923,0.0784536600112915,0.047838032245635986,0.05076643452048302,-0.006701480131596327,-0.018283331766724586,0.015984542667865753
0.06018664315342903,0.06310595571994781,0.03557434678077698,0.007717979606240988,0.03273036330938339,-0.040232397615909576,-0.020127281546592712,0.07240397483110428,-0.05336860939860344,-0.0015652227448299527,-0.0672449916601181,0.021210702136158943,0.0711204931139946,-0.029678545892238617,0.001704882481135428,0.0630500540137291,-0.0687636286020279,0.016653310507535934,-0.039719730615615845,-0.03500746563076973
0.006538205314427614,0.0025883798953145742,-0.047615308314561844,-0.02445334568619728,0.09259171038866043,0.03986585885286331,-0.05151572823524475,0.04224420711398125,-0.01707899011671543,0.0264927688986063,0.021008051931858063,0.06350194662809372,0.024776365607976913,-0.012600313872098923,-0.03678479045629501,-0.05841189622879028,0.055847421288490295,0.05087051913142204,-0.010011301375925541,-0.04105294495820999
0.006538205314427614,0.0025883798953145742,-0.047615308314561844,-0.02445334568619728,0.09259171038866043,0.03986585885286331,-0.05151572823524475,0.04224420711398125,-0.01707899011671543,0.0264927688986063,0.021008051931858063,0.06350194662809372,0.024776365607976913,-0.012600313872098923,-0.03678479045629501,-0.05841189622879028,0.055847421288490295,0.05087051913142204,-0.010011301375925541,-0.04105294495820999
-0.006390444003045559,-0.015655944123864174,0.07421799004077911,0.005639256443828344,0.09921903163194656,-0.03933364897966385,-0.07303847372531891,0.01740507036447525,-0.013591408729553223,-0.07896202802658081,-0.0501667745411396,-0.039195433259010315,-0.0064761159010231495,0.0007944534299895167,-0.03312985599040985,0.052605040371418,-0.06516262143850327,0.05214051902294159,0.013602090999484062,-0.06597582250833511
0.006538205314427614,0.0025883798953145742,-0.047615308314561844,-0.02445334568619728,0.09259171038866043,0.03986585885286331,-0.05151572823524475,0.04224420711398125,-0.01707899011671543,0.0264927688986063,0.021008051931858063,0.06350194662809372,0.024776365607976913,-0.012600313872098923,-0.03678479045629501,-0.05841189622879028,0.055847421288490295,0.05087051913142204,-0.010011301375925541,-0.04105294495820999
0.006538205314427614,0.0025883798953145742,-0.047615308314561844,-0.02445334568619728,0.09259171038866043,0.03986585885286331,-0.05151572823524475,0.04224420711398125,-0.01707899011671543,0.0264927688986063,0.021008051931858063,0.06350194662809372,0.024776365607976913,-0.012600313872098923,-0.03678479045629501,-0.05841189622879028,0.055847421288490295,0.05087051913142204,-0.010011301375925541,-0.04105294495820999
0.008064372465014458,-0.06571116298437119,-0.00038236487307585776,0.0327630490064621,0.09405789524316788,-0.07389231771230698,0.03163279965519905,0.03668975830078125,-0.05393405258655548,-0.016888370737433434,0.0756814032793045,0.06189848855137825,-0.0224904827773571,0.010933931916952133,-0.019026493653655052,-0.0008007100550457835,-0.009644828736782074,0.022130807861685753,-0.020099278539419174,0.010362420231103897
0.005216339137405157,0.026907367631793022,0.003729122458025813,-0.004540781024843454,0.03532123565673828,-0.07390320301055908,0.008516168221831322,-0.05412585660815239,-0.007912223227322102,-0.03621472045779228,0.05102778971195221,0.0732041746377945,0.06488928198814392,0.05733248218894005,-0.026756132021546364,0.03162793442606926,0.035859186202287674,0.0469040684401989,-0.03069979138672352,-0.04748716205358505
-0.05093614012002945,0.0554431714117527,-0.04465913772583008,-0.03574296832084656,0.06589679419994354,-0.06845726817846298,0.045489780604839325,-0.0008258816669695079,-0.001019683782942593,0.027576128020882607,-0.05549772083759308,0.06015973538160324,-0.04795903339982033,0.09016712009906769,0.08659075945615768,-0.00034219748340547085,-0.06445533037185669,0.044420477002859116,-0.045250304043293,0.042571086436510086
-0.025563213974237442,-0.037171147763729095,0.04248948395252228,0.06785629689693451,0.0779932290315628,0.0436864048242569,0.014550449326634407,0.06033691018819809,0.01100323535501957,-0.049441274255514145,-0.06892777234315872,0.03661066293716431,-0.032799236476421356,0.07732025533914566,0.07748749852180481,-0.024043522775173187,-0.03287919983267784,-0.0664030984044075,-0.06499882787466049,-0.06353544443845749
0.04911307618021965,0.05720636621117592,0.003721153363585472,0.011147462762892246,0.06240799278020859,-0.06207684800028801,0.044379573315382004,0.007990631274878979,-0.07558887451887131,-0.10031892359256744,-0.03142006695270538,0.06892730295658112,0.007099169306457043,0.050752557814121246,-0.02947496622800827,-0.050861284136772156,-0.039846912026405334,-0.056936848908662796,0.016635579988360405,0.049240633845329285
-0.05044278874993324,-0.05270010232925415,-0.006642481777817011,-0.05217614397406578,0.0568588487803936,-0.0012442873558029532,-0.031390950083732605,0.010374500416219234,-0.06793159991502762,0.019972244277596474,-0.03393971920013428,-0.0017750929109752178,0.043951891362667084,-0.029191933572292328,0.06918929517269135,0.07255752384662628,-0.04622760787606239,-0.006700829137116671,0.047693293541669846,0.00744612654671073
0.040849898010492325,0.06275556236505508,-0.03643515706062317,-0.0007575758500024676,0.014238972216844559,0.05623139441013336,-0.0406455360352993,-0.004613421857357025,-0.053595926612615585,-0.0005209242808632553,0.04875475913286209,0.0803062692284584,-0.06241949275135994,-0.010404170490801334,0.08224008232355118,-0.012930752709507942,0.06747658550739288,-0.015743808820843697,0.05660368874669075,-0.057930149137973785
-0.06726130843162537,-0.06091788411140442,-0.029245298355817795,-0.030888818204402924,0.08602269738912582,-0.04768955335021019,-0.0452151782810688,-0.031490229070186615,-0.02730024792253971,-0.05017619952559471,-0.03170504420995712,0.06694279611110687,0.05452119559049606,0.07490211725234985,0.0261909831315279,0.06761088222265244,0.06813505291938782,-0.011775804683566093,-0.044603873044252396,0.016911234706640244
0.03947044536471367,-0.06499005109071732,-0.01182496640831232,0.05977242439985275,0.044329434633255005,0.045277830213308334,-0.003191613359376788,0.05133015662431717,-0.03428778797388077,0.0032475031912326813,0.03064434789121151,-0.03719856217503548,-0.0600261315703392,0.06714433431625366,0.07485134899616241,0.020498251542448997,0.06988329440355301,-0.038399070501327515,-0.04222819581627846,-0.05783000960946083
0.004016316030174494,-0.05363719165325165,0.05312862619757652,0.0366024412214756,0.03010566718876362,-0.03318950533866882,0.018280774354934692,-0.046541355550289154,-0.03902478143572807,-0.027062010020017624,-0.04386870935559273,0.06934680789709091,-0.02446323074400425,0.050457846373319626,0.09271074086427689,0.06094762682914734,0.028378380462527275,-0.029821841046214104,0.018821289762854576,-0.011921076104044914
-0.03781440109014511,0.04099069535732269,0.0019372000824660063,0.03612958639860153,0.09098489582538605,0.059458762407302856,-0.08179879933595657,0.0034312542993575335,-0.001011996646411717,-0.03407597541809082,-0.011648990213871002,0.09868530929088593,-0.056496571749448776,0.02347472868859768,0.0021448698826134205,0.030857861042022705,-0.04723787307739258,0.038945652544498444,-0.03251376375555992,-0.08412350714206696
-0.07584942877292633,0.05187791958451271,-0.02089550718665123,-0.037813134491443634,0.0991164892911911,0.06278390437364578,0.0610959492623806,-0.02903711423277855,0.0057190703228116035,0.03571086376905441,0.007800482213497162,0.0763624757528305,0.051818232983350754,0.061593275517225266,-0.042376093566417694,0.040008410811424255,0.03133160248398781,-0.0646401196718216,-0.041626498103141785,-0.034191638231277466
0.012812883593142033,0.07043874263763428,0.054120101034641266,-0.04069671034812927,0.045963969081640244,0.005451289005577564,-0.0076873162761330605,-0.009163017384707928,-0.06421933323144913,0.030086996033787727,-0.002397847594693303,0.09627419710159302,0.05617242306470871,0.005662600509822369,0.045833520591259,0.006152998190373182,-0.036424171179533005,-0.02003648690879345,0.02258697710931301,-0.073513925075531
-0.0769943967461586,-0.0385160893201828,0.027263270691037178,-0.004368206486105919,0.07661149650812149,0.00811280682682991,-0.018312573432922363,0.0755581334233284,-0.06551983207464218,-0.07065337151288986,-0.026133425533771515,0.07813428342342377,0.019893905147910118,0.06312034279108047,0.09851644933223724,-0.016648929566144943,0.002190099097788334,0.03238406404852867,0.01981356553733349,-0.003293399466201663
-0.06231964752078056,0.003613927634432912,-0.028250908479094505,0.04865466430783272,0.005757887382060289,-0.0628027617931366,-0.006467290688306093,-0.04936046898365021,-0.06242812052369118,-0.03177019953727722,0.05295523628592491,0.07207875698804855,-0.06914941966533661,-0.04493920877575874,0.016412636265158653,-0.00493071973323822,-0.06543835997581482,-0.036141712218523026,-0.03828908130526543,-0.028273914009332657
0.027135271579027176,0.048484787344932556,-0.0393608920276165,0.07380212098360062,0.046295374631881714,-0.020837606862187386,-0.030602432787418365,0.047583531588315964,-0.05210382118821144,-0.04554222151637077,-0.051535364240407944,-0.009351542219519615,0.02086959034204483,-0.023661863058805466,0.09750977158546448,-0.016905244439840317,0.0039040588308125734,0.062080658972263336,-0.06161937862634659,0.006202830001711845
-0.0017092569032683969,-0.056639354676008224,0.005045171827077866,-0.03702520579099655,0.0031814812682569027,-0.0531473383307457,-0.07943419367074966,-0.018484128639101982,0.01990278996527195,0.02488948404788971,0.03468357026576996,0.058795519173145294,-0.016071708872914314,0.08967649191617966,0.08361132442951202,-0.013859203085303307,-0.04572911188006401,0.02537299506366253,-0.026686271652579308,-0.060246825218200684
-0.06753084063529968,0.049025170505046844,0.07210592180490494,0.013662748038768768,0.02986827678978443,0.038338251411914825,0.05842497944831848,0.03743144869804382,-0.04833247512578964,-0.020586125552654266,0.03705255314707756,-0.003836593823507428,-0.02693391777575016,0.06742946058511734,-0.03338347375392914,0.07134458422660828,-0.056450095027685165,0.01405059639364481,-0.06748633086681366,0.023858817294239998
-0.06335525959730148,0.048014502972364426,0.05347908288240433,0.001860415912233293,-0.022210054099559784,-0.04773777723312378,-0.04941419139504433,0.06181658059358597,0.027428489178419113,-0.05420650541782379,0.03258225694298744,0.0184355229139328,-0.06897582113742828,0.015933630988001823,0.02302543632686138,0.022852854803204536,-0.007294932380318642,0.003701902227476239,-0.03510238230228424,-0.051838234066963196
-0.050001684576272964,-0.001025855541229248,-0.04312293231487274,-0.01620376855134964,0.0536268875002861,0.004087291192263365,-0.0016043275827541947,0.035878486931324005,-0.07812702655792236,-0.09402664005756378,-0.058402515947818756,0.06403200328350067,-0.05546414479613304,0.02012449875473976,-0.009225302375853062,-0.00642029894515872,-0.018724609166383743,0.00731086079031229,-0.026912810280919075,0.05141623690724373
-0.01610351912677288,-0.012110748328268528,0.03420529514551163,0.08334733545780182,-0.008502062410116196,0.023964345455169678,-0.07485901564359665,0.014625394716858864,0.01834552176296711,-0.03265628591179848,-0.06725257635116577,0.07486830651760101,0.061622362583875656,0.03758913651108742,0.08648179471492767,-0.005397013388574123,0.047435879707336426,-0.000168142476468347,-0.03850191831588745,-0.05815233662724495
0.023938948288559914,0.026171240955591202,0.07715429365634918,-0.01048569567501545,0.09256205707788467,0.01753048598766327,0.03921273723244667,0.023165246471762657,-0.07678888738155365,-0.07610776275396347,0.06745322793722153,-0.021377049386501312,0.03600296378135681,-0.0375702865421772,0.020041612908244133,0.013419555500149727,-0.03629520907998085,0.0044853887520730495,-0.01697094738483429,0.003092849161475897
-0.01990903541445732,0.06700833141803741,0.07408297061920166,0.048173513263463974,0.027137186378240585,-0.06127701327204704,0.06804928928613663,0.05947909131646156,0.014764547348022461,-0.02485259622335434,0.05267638340592384,0.08306077122688293,-0.0043181427754461765,0.049567095935344696,0.05274909734725952,-0.0442427359521389,0.07318892329931259,-0.07042916119098663,0.018368685618042946,0.0064521776512265205
-0.05435226857662201,-0.010365642607212067,-0.021409684792160988,0.055078331381082535,0.05924626812338829,-0.033648211508989334,-0.0300305113196373,0.05088433995842934,0.03062475100159645,-0.040163252502679825,0.07688111066818237,0.013198292814195156,-0.0033232129644602537,0.03486482426524162,-0.014656903222203255,-0.027953175827860832,-0.003995553124696016,-0.07350540161132812,0.0369061678647995,-0.013145284727215767
-0.05239664763212204,-0.02584484964609146,0.06143205240368843,-0.04260963574051857,0.10485109686851501,0.015123807825148106,0.04560820013284683,0.06190501153469086,0.04701744765043259,0.024656973779201508,0.025296291336417198,0.09570043534040451,-0.0439610555768013,0.047879595309495926,-0.020663857460021973,-0.013746476732194424,0.04490746930241585,-0.06168903410434723,-0.03506474196910858,0.04150170832872391
-0.02833794802427292,-0.021669888868927956,0.027601266279816628,-0.008234411478042603,0.05314169451594353,-0.036675162613391876,0.05183910205960274,0.04463200271129608,0.036715567111968994,-0.08851637691259384,0.021564124152064323,-0.011341881938278675,-0.00856220256537199,-0.03791242837905884,0.02989656664431095,0.04754140228033066,0.05691232159733772,-0.0030774343758821487,-0.022347917780280113,-0.05507950484752655
-0.018929162994027138,-0.022078540176153183,0.06407992541790009,-0.04792775213718414,0.04803954064846039,0.04465379938483238,0.03590210899710655,0.06918448209762573,0.03445858880877495,-0.012920082546770573,0.05408046394586563,0.09687747806310654,0.06269348412752151,0.008911279030144215,-0.0029890320729464293,0.009822214022278786,0.008367815986275673,0.015570832416415215,0.011999445036053658,-0.019173815846443176
0.019473208114504814,-6.044454130460508e-05,0.012172052636742592,-0.010441184975206852,0.11733663827180862,0.026576418429613113,-0.005793108604848385,0.056600138545036316,-0.04414457455277443,-0.06277652829885483,0.04426394775509834,0.05278237164020538,-0.05572561174631119,0.03432139754295349,-0.010528933256864548,0.03409289941191673,-0.025585025548934937,-0.009994377382099628,0.02222842536866665,-0.00863447692245245
0.05259332433342934,-0.008065763860940933,0.02132095955312252,0.021480686962604523,0.07073705643415451,-0.03373534604907036,0.03797077387571335,-0.021549787372350693,-0.06034650653600693,0.018648281693458557,-0.030909234657883644,-0.008536958135664463,-0.0535847507417202,0.04451217129826546,0.0764525905251503,-0.046963438391685486,-0.033350393176078796,0.04235731437802315,0.0753059834241867,-0.03128005564212799
-0.0020017148926854134,0.07332737743854523,0.021391043439507484,0.026510925963521004,0.09887530654668808,-0.03173552080988884,0.040018003433942795,0.04119723290205002,-0.03931920602917671,-0.08341686427593231,-0.06085049733519554,0.09316737204790115,0.03143155947327614,0.06841704249382019,0.08538132160902023,0.04909854754805565,-0.029628025367856026,0.03287218511104584,-0.01569654420018196,-0.052508559077978134
0.04302229359745979,-0.027881352230906487,0.046143945306539536,0.07261461764574051,-0.011265559121966362,-0.013111435808241367,-0.05877888575196266,-0.01087205857038498,-0.058895062655210495,-0.03332994878292084,-0.0431123748421669,0.023313743993639946,-0.03375278413295746,0.04244503006339073,0.06859584897756577,0.03857580944895744,-0.028112705796957016,-0.07509375363588333,0.039219003170728683,-0.024626046419143677
-0.04479159414768219,0.009418196976184845,0.07639383524656296,-0.017021985724568367,0.020771652460098267,-0.05584099516272545,0.01973496563732624,0.04185118153691292,-0.01486335601657629,-0.051831308752298355,-0.003390470752492547,0.026216259226202965,-0.012514722533524036,-0.028721533715724945,0.07622238993644714,0.022657670080661774,-0.05315558612346649,0.06661024689674377,0.0496487021446228,0.05868416652083397
0.04941558092832565,0.07504668831825256,-0.06828099489212036,0.04103779047727585,0.10945684462785721,-0.04626968130469322,-0.05080622807145119,0.01498398557305336,0.008274850435554981,-0.04032900184392929,0.0539347268640995,0.03508218005299568,-0.04637632146477699,-0.0189046747982502,0.006939661223441362,-0.003312639892101288,-0.015199546702206135,-0.052116669714450836,0.007730111479759216,-0.02948383241891861
0.05634918063879013,0.010712997987866402,0.06685144454240799,-0.017847619950771332,0.012617049738764763,0.0573747344315052,0.043113116174936295,-0.06427275389432907,0.042683836072683334,-0.004669422283768654,-0.0440518856048584,0.036699652671813965,0.0150747150182724,-0.009083959273993969,0.017348965629935265,0.07632702589035034,0.007829549722373486,-0.0023191228974610567,0.009436261840164661,-0.028204401955008507
-0.052794989198446274,0.06886297464370728,-0.04068687930703163,0.027680519968271255,0.02944212593138218,-0.0246269553899765,0.01720227114856243,0.056576140224933624,-0.0494263581931591,0.0006275508785620332,0.060006946325302124,-0.007715955842286348,0.046820249408483505,-0.03005804494023323,0.09582968801259995,-0.0011326902313157916,0.05037415772676468,-0.06288861483335495,-0.038866378366947174,-0.05028178170323372
-0.05037917569279671,0.060882434248924255,0.05529795587062836,0.005345820914953947,0.055455852299928665,-0.035916827619075775,0.04952690005302429,0.043063972145318985,-0.07243210822343826,-0.02273324504494667,0.0025860844179987907,-0.046261243522167206,-0.001244129496626556,0.005962597206234932,-0.004804257303476334,-0.029743198305368423,0.012739591300487518,-0.047276295721530914,-0.00482767540961504,-0.007663847878575325
-0.022564277052879333,-0.0486610122025013,-0.0367325097322464,0.005684840492904186,0.09850497543811798,0.0499228797852993,0.00217438000254333,0.0481322705745697,-0.04152187705039978,0.0028676234651356936,0.0029719264712184668,0.07725118845701218,-0.047477953135967255,0.07822474092245102,0.09757176786661148,-0.03959917277097702,0.027378138154745102,0.021600846201181412,0.03252730891108513,0.007771904114633799
0.018536018207669258,-0.02549123764038086,-0.017145298421382904,-0.054988112300634384,-0.008532995358109474,0.04978427290916443,-0.06121254339814186,0.0004173829220235348,-0.0749601200222969,-0.1025998592376709,-0.021540943533182144,-0.04364807903766632,0.05861305445432663,0.035720095038414,0.010143107734620571,0.045126885175704956,0.0444338284432888,0.033650804311037064,0.05800529196858406,-0.034703612327575684
0.04581332951784134,0.004414621274918318,-0.03850008547306061,0.005881449207663536,0.04927533492445946,-0.06649667769670486,-0.06809858977794647,-0.0007940615760162473,-0.030406860634684563,-0.014753947034478188,0.0744384229183197,0.0036133311223238707,-0.022701596841216087,0.02280564419925213,-0.004535865969955921,-0.03978376463055611,0.03796146437525749,0.06514332443475723,-0.038005437701940536,0.04568449407815933
-0.0075887651182711124,-0.02868487872183323,-0.03328302502632141,-0.040703047066926956,-0.0011945769656449556,0.02595430798828602,0.0605686753988266,0.021964823827147484,-0.0350380502641201,-0.08410775661468506,-0.056080352514982224,0.014083723537623882,0.061351459473371506,0.0462464913725853,-0.021294914186000824,0.0656641498208046,-0.02580929361283779,-0.06343479454517365,0.06804099678993225,-0.07198747247457504
0.0027056459803134203,-0.0418391078710556,0.0048266127705574036,0.06391233950853348,0.10556232184171677,-0.023695295676589012,-0.04395056888461113,0.05269968882203102,-0.06783401221036911,-0.034004922956228256,0.04376295208930969,-0.013388494029641151,-0.0038944107946008444,-0.04376762732863426,0.09556013345718384,0.06825576722621918,0.030314020812511444,-0.04941985011100769,-0.04338041692972183,0.03315947204828262
0.061161063611507416,-0.008119011297821999,0.03775922581553459,-0.04015970975160599,0.030970580875873566,0.03345075994729996,-0.029751677066087723,-0.00895962119102478,-0.038787562400102615,0.0257657989859581,-0.04900260642170906,0.04596596956253052,0.008631248958408833,-0.030411474406719208,0.0036135446280241013,-0.054430507123470306,0.02220146544277668,-0.027554156258702278,0.07522888481616974,-0.055822983384132385
-0.03455382212996483,-0.05997336283326149,0.05525384843349457,0.033909279853105545,0.02040484920144081,-0.04579126462340355,-0.01441323570907116,-0.0411614328622818,-0.015191100537776947,-0.08061773329973221,-0.04493587091565132,0.02508687600493431,-0.028795624151825905,-0.0032982216216623783,0.0935623049736023,0.03684023395180702,-0.028597364202141762,0.05158064141869545,0.03522750735282898,-0.003063839627429843
0.044534943997859955,0.012583434581756592,0.07677695900201797,0.03709489479660988,0.0899215117096901,0.04275129362940788,-0.02866663783788681,-0.016714930534362793,0.0033786948770284653,-0.08270737528800964,-0.0022334237582981586,0.049287550151348114,-0.062376443296670914,0.023108288645744324,0.0787821039557457,0.07640092074871063,-0.007249027956277132,0.02316255122423172,-0.015921195968985558,-0.03163884952664375
0.039933543652296066,0.05291536822915077,0.07018612325191498,0.05027257651090622,0.10877344757318497,0.05531856045126915,-0.0254044346511364,0.0783783346414566,0.01645008660852909,-0.10024185478687286,-0.02470339834690094,0.004103255923837423,-0.01557118445634842,0.06288162618875504,-0.027081238105893135,0.05625860020518303,-0.008495473302900791,0.03759193792939186,0.06130034849047661,0.015489449724555016
0.015873044729232788,0.02331535518169403,0.0010006496449932456,-0.023173648864030838,0.07047487795352936,0.04520697146654129,-0.046817317605018616,0.010642183013260365,0.006208496168255806,-0.031145630404353142,-0.06181841343641281,0.058516085147857666,-0.0628698468208313,0.01524732168763876,0.08751685917377472,-0.031236479058861732,-0.059820547699928284,-0.01389255840331316,0.023030875250697136,0.031056663021445274
0.015873044729232788,0.02331535518169403,0.0010006496449932456,-0.023173648864030838,0.07047487795352936,0.04520697146654129,-0.046817317605018616,0.010642183013260365,0.006208496168255806,-0.031145630404353142,-0.06181841343641281,0.058516085147857666,-0.0628698468208313,0.01524732168763876,0.08751685917377472,-0.031236479058861732,-0.059820547699928284,-0.01389255840331316,0.023030875250697136,0.031056663021445274
-0.08170498162508011,-0.019173819571733475,0.024180162698030472,-0.03303173929452896,-0.01181285921484232,0.025514638051390648,0.029576264321804047,0.07828798145055771,-0.01755361258983612,-0.0415533073246479,0.058941733092069626,-0.009075125679373741,-0.03527320548892021,0.010156483389437199,0.07391558587551117,0.0002606288471724838,-0.042385686188936234,0.06519803404808044,0.0644150823354721,-0.035573724657297134
0.07113059610128403,0.023917537182569504,-0.03934083878993988,0.028951110318303108,0.01642557792365551,-0.04063703492283821,-0.02726163901388645,0.02362748794257641,-0.08683828264474869,-0.042532071471214294,-0.05058778077363968,0.015194959007203579,0.020821673795580864,0.002945533487945795,0.07661415636539459,0.053755465894937515,-0.026798389852046967,-0.029881278052926064,-0.04874986410140991,0.027172207832336426
-0.022385064512491226,-0.02908504381775856,-0.03303028643131256,-0.03470022231340408,0.10564622282981873,-0.03747441619634628,0.04327075183391571,-0.022361675277352333,0.03146101161837578,-0.075954370200634,0.025813890621066093,0.0898120105266571,0.07205745577812195,-0.054797593504190445,0.08734887093305588,0.07512426376342773,-0.013992597348988056,-0.050551462918519974,0.07852998375892639,0.004583954811096191
0.02363101951777935,0.040622759610414505,-0.018910041078925133,0.026076655834913254,0.04699157923460007,0.06703121960163116,0.028843116015195847,0.058679189532995224,-0.04059392958879471,-0.05189419910311699,-0.0023430550936609507,0.023213207721710205,0.05337906256318092,0.027414344251155853,0.07448986172676086,0.04333396255970001,-0.03847937658429146,-0.06340096890926361,0.06308093667030334,0.03467665985226631
-0.0719389021396637,-0.009543800726532936,0.03648322820663452,0.05009184405207634,0.024646440520882607,0.04325377568602562,-0.02327907644212246,-0.016503043472766876,-0.08412784337997437,0.04223806411027908,-0.011043182574212551,-0.0040175169706344604,-0.05322240665555,-0.03508249670267105,0.07169531285762787,0.0398055724799633,-0.04326464608311653,-0.02207525633275509,-0.03099469095468521,-0.07754579186439514
-0.02524912916123867,0.010642096400260925,-0.055017925798892975,0.029583420604467392,-0.00587873999029398,0.052963148802518845,-0.07150248438119888,-0.02809491567313671,-0.02839651331305504,-0.04519199579954147,0.056875742971897125,0.10191421955823898,-0.019731024280190468,-0.0022797738201916218,0.032334741204977036,-0.04488885775208473,0.04490601271390915,-0.04420184716582298,0.03233354911208153,-0.023826858028769493
-0.030785588547587395,0.008518766611814499,-0.017234666272997856,-0.02918992005288601,0.026635510846972466,-0.02812778577208519,-0.008711819536983967,0.020908331498503685,0.05238477513194084,0.023991215974092484,0.07006680220365524,-0.03693579509854317,-0.05863845720887184,-0.0015618603210896254,0.06178135424852371,0.08301499485969543,0.03823225200176239,0.05661096051335335,-0.05290031060576439,0.05147966742515564
-0.053756728768348694,0.018260709941387177,-0.027075352147221565,-0.05424562096595764,0.0846937894821167,-0.07324609160423279,-0.006613015662878752,0.013203496113419533,0.03364533558487892,-0.04971835017204285,0.06860753893852234,0.08353832364082336,-0.028082678094506264,0.060886871069669724,0.032918643206357956,0.037518855184316635,-0.020063625648617744,-0.02386125549674034,0.05589151382446289,-0.0487777441740036
0.00534079922363162,0.05928944796323776,0.06356970965862274,-0.05085116997361183,-0.00043526061926968396,0.02374842017889023,0.0432775616645813,-0.06398199498653412,-0.06982266902923584,0.0037666414864361286,-0.01744469814002514,0.08194167912006378,0.07117409259080887,0.01991545408964157,0.06786241382360458,0.05073494091629982,0.07224098592996597,0.011924685910344124,0.04731455445289612,0.04952749237418175
0.014967642724514008,-0.016140464693307877,0.05104455351829529,-0.035975027829408646,0.09530840069055557,0.059525445103645325,-0.02428160235285759,0.020658673718571663,0.03332650288939476,-0.017637882381677628,-0.07076212018728256,0.0002600496809463948,0.03890122473239899,0.0788811668753624,0.02905198186635971,0.03894536942243576,0.04916892945766449,-0.003764428198337555,-0.05858427658677101,0.005855579394847155
0.05079442635178566,-0.019774865359067917,-0.01716945320367813,-0.023709923028945923,0.06778471171855927,0.0640779361128807,0.002174129942432046,-0.024152537807822227,0.051331352442502975,-0.01698373258113861,-0.038248009979724884,0.0253496952354908,-0.035318925976753235,0.04407551884651184,0.015373975038528442,-0.01943112164735794,0.015829619020223618,-0.05325985699892044,0.04602419212460518,0.023825902491807938
-0.06771694868803024,-0.06584317237138748,0.0019295663805678487,-0.05113982409238815,0.10761340707540512,0.05293562635779381,-0.04540404677391052,0.04889058321714401,-0.03320002555847168,0.01090494729578495,0.018056495115160942,0.05218200758099556,-0.0025013990234583616,0.04796807840466499,0.09552430361509323,-0.014514993876218796,0.04647340252995491,-0.05241396650671959,0.006125883664935827,0.008064129389822483
0.02347894199192524,-0.0197068490087986,0.0400625541806221,-0.05590279400348663,0.08438413590192795,0.016549285501241684,0.048407699912786484,0.04901584982872009,0.0020396006293594837,0.02818484976887703,0.0543818473815918,-0.03208059072494507,0.018847305327653885,0.046242643147706985,0.06314902752637863,-0.024356909096240997,0.054196733981370926,0.06324274837970734,0.0696120485663414,-0.0027722474187612534
0.027863632887601852,-0.029874315485358238,0.06546345353126526,-0.030810028314590454,0.09884508699178696,-0.051995258778333664,-0.05160794034600258,-0.016044480726122856,-0.051873594522476196,0.02773907408118248,0.005787971429526806,0.021390516310930252,0.04369062930345535,0.060990773141384125,0.023145783692598343,-0.01626650243997574,0.05169105529785156,-0.039421264082193375,0.05109544098377228,0.034806955605745316
-0.05855478346347809,-0.010887060314416885,0.05031904578208923,0.032238710671663284,0.061182498931884766,-0.02151302807033062,-0.03602342680096626,-0.00646797101944685,0.04824603721499443,-0.07208124548196793,0.002704659476876259,0.0015036675613373518,-0.023577554151415825,0.014090101234614849,0.06482911854982376,-0.04185611382126808,-0.006665785331279039,0.07148651033639908,0.013679726049304008,0.009817023761570454
-0.05754391849040985,0.00033697133767418563,0.019496340304613113,-0.04276062548160553,0.121026910841465,-0.03132704272866249,0.04042515158653259,0.0285972710698843,0.009538033977150917,-0.02382570132613182,-0.018500572070479393,-0.03200849890708923,-0.028215862810611725,-0.02421165443956852,0.0408683679997921,-0.039251815527677536,-0.023429088294506073,0.019424758851528168,-0.019512586295604706,-0.06261938810348511
-0.0023703218903392553,-0.04460524022579193,-0.0035951698664575815,0.004584758076816797,0.028892407193779945,-0.04486911743879318,0.035622067749500275,0.03258807212114334,-0.018386198207736015,-0.03492257744073868,-0.06279010325670242,0.0929088220000267,0.007516441401094198,0.053617607802152634,0.0995880663394928,-0.027043679729104042,-0.04759497568011284,0.024243121966719627,0.032675713300704956,-0.00557162519544363
-0.018533796072006226,-0.005024826619774103,0.057595353573560715,0.03734925761818886,0.1094081699848175,0.03179432451725006,-0.011884376406669617,0.08293656259775162,0.01389879547059536,-0.07037555426359177,0.010214047506451607,-0.022868813946843147,-0.0015453066444024444,0.07628950476646423,0.06345472484827042,-0.015563694760203362,0.08285468816757202,0.030667798593640327,-0.039343368262052536,0.005815916229039431
0.05516836792230606,-0.01945442706346512,-0.05213702470064163,0.03681925684213638,-0.00693031819537282,0.032390546053647995,-0.06328489631414413,0.011706112883985043,-0.06768950819969177,-0.06544303894042969,0.010087077505886555,-0.010862991213798523,0.06619559973478317,0.02684498205780983,0.05270449444651604,0.0565066821873188,0.03936075046658516,0.06461157649755478,0.05679156258702278,0.035748206079006195
0.06025611609220505,0.0683295801281929,-0.0479649193584919,-0.04655657336115837,0.08323457092046738,0.020989015698432922,-0.04346008226275444,-0.012295376509428024,0.04159931465983391,-0.07072001695632935,0.027475422248244286,0.06545720249414444,-0.054993655532598495,-0.014464916661381721,0.08722346276044846,-0.043413080275058746,0.048739735037088394,0.03352554142475128,0.06541591882705688,0.05528726056218147
-0.0589040070772171,0.025450870394706726,-0.007430949714034796,-0.014226670376956463,0.04078954830765724,-0.03398870676755905,0.03063347190618515,-0.029551176354289055,-0.037460047751665115,-0.07544469088315964,0.07453791797161102,0.0056559983640909195,-0.056683581322431564,0.06118520349264145,0.003695589257404208,0.033957865089178085,0.04428303614258766,0.06687168776988983,-0.019246019423007965,-0.024637915194034576
0.04962809756398201,-0.0216701440513134,-0.0066220881417393684,0.05587807670235634,0.012177998200058937,0.05839166045188904,-0.009265538305044174,0.017514031380414963,0.03830765187740326,-0.09605102241039276,0.0654461458325386,0.024589097127318382,-0.06711958348751068,-0.039356935769319534,0.028120707720518112,0.013361779041588306,0.061500184237957,-0.004562235902994871,0.05122252553701401,-0.05440155416727066
0.014387945644557476,0.0032501418609172106,-0.05674658343195915,-0.017708780243992805,0.07266631722450256,-0.06448893994092941,-0.01899111084640026,-0.03907349333167076,-0.05997475981712341,-0.06619081646203995,-0.010290496051311493,0.051138561218976974,-0.06918492913246155,-0.024774378165602684,0.06343315541744232,0.06321893632411957,-0.02789275534451008,-0.04848304018378258,0.07471778243780136,-0.0006361169507727027
-0.04781578481197357,0.07019782811403275,0.0012489452492445707,0.06335487216711044,0.042753495275974274,0.07080207765102386,-0.007147082593291998,-0.044022560119628906,-0.058012451976537704,-0.026580289006233215,-0.010436777956783772,0.03616776317358017,-0.05850577354431152,0.004514139145612717,-0.02983976900577545,0.02362930029630661,0.01107942033559084,-0.06516078114509583,-0.053191911429166794,-0.03919840231537819
-0.055946510285139084,-0.012802126817405224,0.038704514503479004,0.04772011935710907,0.06605196744203568,-0.06698069721460342,-0.0629262775182724,0.030836263671517372,0.010257972404360771,-0.00540796248242259,0.05547846108675003,0.07341139763593674,-0.015687141567468643,0.06012328714132309,0.027597079053521156,-0.0052853659726679325,-0.009298179298639297,-0.06055823713541031,0.0044018058106303215,-0.05867430195212364
-0.0294905174523592,0.03278588876128197,-0.04582870006561279,0.08274595439434052,-0.025033509358763695,0.03915209323167801,-0.07229866087436676,0.018139518797397614,-0.013508784584701061,-0.05249476805329323,-0.047927334904670715,-0.011897657997906208,0.052590783685445786,-0.025100896134972572,0.010842072777450085,-0.05779104307293892,0.023755358532071114,-0.005679669324308634,0.027464313432574272,-0.0666569247841835
0.01429770328104496,-0.06842326372861862,-0.010899779386818409,0.02715623378753662,-0.016742506995797157,-0.020558683201670647,0.011028751730918884,0.05741336941719055,0.05203748121857643,-0.03446439653635025,0.05163721367716789,-0.007088261190801859,-0.0008031820761971176,-0.028744390234351158,0.03058340586721897,0.07849553972482681,-0.0023934615310281515,0.04543745890259743,0.009313646703958511,-0.059778157621622086
0.017794117331504822,-0.025639843195676804,-0.030719995498657227,-0.030494172126054764,0.04591631889343262,0.02905210107564926,0.014355320483446121,-0.05737687274813652,0.03291631489992142,0.04884011670947075,0.044971782714128494,0.010938451625406742,-0.01271610613912344,0.07274158298969269,0.028161335736513138,-0.049767717719078064,0.0591350719332695,0.04165687784552574,0.04344917833805084,-0.07521098852157593
-0.047109607607126236,0.012388710863888264,-0.010669585317373276,0.028081387281417847,0.09106972068548203,-0.00634965393692255,-0.07136893272399902,-0.02243376523256302,0.012266314588487148,-0.06423318386077881,0.024850212037563324,-0.03030424565076828,0.03519429266452789,0.06530206650495529,0.09278657287359238,0.030801720917224884,-0.056097183376550674,-0.009581577964127064,0.0680757462978363,-0.006085946690291166
0.03298388049006462,-0.014810297638177872,0.06647144258022308,-0.05067422613501549,0.0792718380689621,0.0496702715754509,0.020196840167045593,-0.0035459569189697504,0.06017138063907623,-0.04406306892633438,0.053288497030735016,0.09289819002151489,0.009557981044054031,0.0589078813791275,0.041968487203121185,-0.04052456095814705,0.011297549121081829,-0.05425005778670311,-0.03728446736931801,0.04524059593677521
-0.07243261486291885,0.03586830198764801,-0.05574527755379677,-0.039637401700019836,0.013759655877947807,-0.027591997757554054,-0.018034761771559715,0.028509529307484627,0.03238020837306976,0.04010774940252304,0.01693291775882244,0.09445206075906754,-0.03138717636466026,0.04698625206947327,0.03239315748214722,-0.02739739418029785,0.07305317372083664,-0.005699892528355122,0.04877057299017906,-0.027008656412363052
-0.02832246571779251,0.010480852797627449,0.04231392219662666,0.03449851647019386,0.05026823654770851,0.011424240656197071,0.04282396286725998,-0.02696448378264904,0.01424022950232029,-0.030166519805788994,0.01645093783736229,0.07532582432031631,0.03086293302476406,-0.04758989438414574,0.04233182221651077,-0.012550484389066696,0.0184628926217556,0.018002096563577652,0.007273965049535036,-0.004230255726724863
0.033344369381666183,0.01426889281719923,0.037516117095947266,-0.030156459659337997,0.10520073026418686,0.06011434644460678,-0.04472678154706955,0.0036663836799561977,0.015721062198281288,-0.0716380849480629,0.034366775304079056,0.09531203657388687,0.036692064255476,0.0763859748840332,0.049312785267829895,0.04330863431096077,0.010165030136704445,0.025707419961690903,-0.04593406990170479,-0.0612853467464447
-0.07656687498092651,0.012860534712672234,0.011549720540642738,0.012505129911005497,0.11152639985084534,-0.04968419298529625,-0.05259651690721512,-0.05667923018336296,0.02276601269841194,-0.0035072616301476955,0.003482609521597624,0.07514496892690659,-0.034902799874544144,0.04595940187573433,-0.03616181015968323,0.05332868546247482,0.029479265213012695,-0.03826039656996727,0.008612377569079399,-0.05777905136346817
0.04189359396696091,0.004836272913962603,0.07741037011146545,0.049447011202573776,0.07013719528913498,-0.007201868575066328,-0.05215949937701225,-0.002051278715953231,-0.04990759491920471,0.008573160506784916,0.010012997314333916,0.06998669356107712,-0.03242501616477966,0.04831206798553467,0.08242717385292053,0.04960620775818825,-0.025156071409583092,0.03373241797089577,-0.005904472898691893,0.0383915938436985
-0.016713107004761696,-0.014017033390700817,0.047147560864686966,-0.05256959795951843,0.09900768101215363,-0.03568519279360771,-0.0579967200756073,-0.03738926723599434,0.028247088193893433,-0.06518234312534332,0.0006385148735716939,0.07109428942203522,-0.07030807435512543,0.0029372244607657194,-0.0006546691874973476,-0.057632915675640106,-0.02974068932235241,-0.02223251946270466,-0.010445755906403065,-0.020683009177446365
0.016729943454265594,0.03366002440452576,-0.05500105395913124,0.04388764128088951,0.061772849410772324,0.014852550812065601,-0.014630531892180443,-0.046950001269578934,0.039547745138406754,-0.027786096557974815,-0.0009579049656167626,-0.04536708444356918,-0.024299396201968193,0.02984473668038845,-0.0379796102643013,0.0700477659702301,0.06524349749088287,0.008813864551484585,0.0663747787475586,-0.01719971001148224
-0.04173425957560539,-0.055355485528707504,0.0066682384349405766,0.06396596133708954,-0.010187136940658092,-0.054954659193754196,0.051115408539772034,0.03919467329978943,-0.028073813766241074,-0.015608851797878742,-0.016671357676386833,0.02188965491950512,0.05582231655716896,-0.005746580194681883,0.035516515374183655,0.022319652140140533,-0.038511790335178375,0.025982001796364784,0.024690931662917137,0.05019102990627289
0.04830648750066757,-0.022572703659534454,0.006776069290935993,0.017543604597449303,0.10590533167123795,0.015656357631087303,0.051744792610406876,-0.01046676654368639,0.008619510568678379,-0.04322272911667824,0.036459680646657944,0.08638517558574677,-0.01693873666226864,-0.04134656488895416,0.06607819348573685,0.018175536766648293,0.06414687633514404,-0.038582559674978256,-0.006475313100963831,-0.03410874679684639
-0.02831624448299408,0.010669892653822899,-0.033334217965602875,0.026518654078245163,0.06024669110774994,0.014635348692536354,-0.033356230705976486,0.041623566299676895,0.05515950173139572,-0.0034756697714328766,0.034304529428482056,-0.036570627242326736,0.04307713732123375,0.06970185041427612,0.014650575816631317,0.0030567238572984934,-0.061761628836393356,0.05204596742987633,-0.042295102030038834,-0.026442332193255424
-0.05338677391409874,-0.04499850794672966,-0.023655015975236893,0.007924331352114677,0.04631274938583374,-0.015114032663404942,0.026369119063019753,-0.01761484332382679,0.056741345673799515,-0.09086355566978455,-0.010665715672075748,0.01782490499317646,-0.02905353344976902,-0.002134315436705947,0.0010249681072309613,0.03539225831627846,-0.046477846801280975,0.048206329345703125,0.015108240768313408,0.04421183839440346
-0.008115761913359165,-0.06123197078704834,-0.051651567220687866,0.07098796218633652,0.056668706238269806,0.05318181961774826,0.01862504705786705,-0.00020373625739011914,0.03273053094744682,-0.045735958963632584,-0.06257686018943787,0.06544334441423416,0.025951094925403595,0.0682840570807457,-0.006760144140571356,-0.03001048043370247,-0.02345121093094349,0.06261558085680008,0.03077777288854122,-0.05451127886772156
-0.0259527787566185,0.011782178655266762,-0.015961427241563797,-0.03303566947579384,0.09171558916568756,-0.046288542449474335,0.025333398953080177,0.014201981015503407,-0.059829723089933395,-0.012137471698224545,0.06337966024875641,0.030781187117099762,-0.045916471630334854,0.029607480391860008,0.010877152904868126,0.04247446358203888,0.046777915209531784,0.05397595465183258,-0.007433336693793535,0.01922384649515152
-0.08225749433040619,-0.04694462940096855,-0.0034789929632097483,-0.010312623344361782,0.018352024257183075,0.02476445771753788,-0.04264143109321594,-0.03827174752950668,-0.023132821545004845,-0.000993038876913488,0.010165281593799591,0.030860597267746925,0.04258944094181061,-0.04197656735777855,0.10106635838747025,-0.02261020429432392,0.05490226298570633,-0.0631161481142044,0.01963479444384575,0.035011954605579376
0.05644766613841057,0.027785900980234146,-0.0026768455281853676,0.008791203610599041,0.08470626175403595,-0.006547796539962292,-0.01864662393927574,-0.021883822977542877,0.052744992077350616,-0.021931305527687073,-0.0007113356259651482,0.04811816290020943,-0.03631891310214996,0.0309922955930233,0.011590532958507538,0.012910454533994198,-0.04625571891665459,0.05591268837451935,0.030229534953832626,-0.007090304046869278
-0.0454513244330883,0.04234689474105835,0.07892737537622452,0.0292370468378067,0.10098201036453247,-0.03576481342315674,-0.06520440429449081,-0.01550285518169403,-0.05521582067012787,0.024693960323929787,-0.028513874858617783,0.08833176642656326,0.010327929630875587,-0.0047282930463552475,0.04320346936583519,-0.04625906050205231,0.05547028407454491,-0.047632135450839996,0.03216498717665672,0.021969802677631378
-0.04234754666686058,-0.022344427183270454,-0.006952080875635147,-0.05065598711371422,0.015433619730174541,0.03476536273956299,-0.06821208447217941,-0.04975312203168869,-0.07183607667684555,-0.022902440279722214,0.0389011912047863,-0.04303589090704918,-0.03602303937077522,0.009214451536536217,0.06199121102690697,-0.008596707135438919,0.055887527763843536,0.007487815339118242,0.03791806101799011,-0.057025082409381866
-0.06401753425598145,0.022982824593782425,0.0809832215309143,-0.00677149835973978,0.04842642322182655,0.05583972483873367,-0.01751822978258133,-0.010460741817951202,0.04661322757601738,0.00157805229537189,-0.007782800123095512,0.08828848600387573,0.06510162353515625,0.0640307366847992,0.06672687828540802,0.0348835214972496,0.03240365907549858,0.02279900573194027,-0.048356711864471436,-0.06151391938328743
-0.05028501898050308,0.024905776605010033,0.012294863350689411,0.0430852472782135,0.02367173321545124,-0.030973471701145172,0.014953345991671085,0.010501932352781296,-0.06736797094345093,-0.08162370324134827,0.06936028599739075,0.07517790794372559,0.03165819123387337,0.015798324719071388,0.01769326440989971,0.07336543500423431,0.023708997294306755,0.05506491661071777,-0.02833537571132183,-0.07377223670482635
0.007829061709344387,0.07364907115697861,0.02506883256137371,0.07123249024152756,-0.007627552840858698,-0.0201154425740242,-0.038376372307538986,0.08931074291467667,-0.029888346791267395,-0.03691987320780754,-0.02929685078561306,-0.04061201587319374,-0.013638276606798172,-0.00795383844524622,0.0314825065433979,0.07775787264108658,0.03467858210206032,0.033793795853853226,-0.05042799934744835,-0.018818071112036705
-0.07311093062162399,-0.04233139380812645,0.022021906450390816,0.022325310856103897,0.028625790029764175,0.05490956827998161,-0.007163082715123892,-0.007479204796254635,-0.0396590493619442,-0.08632829040288925,-0.0705064982175827,0.009887204505503178,-0.03419502079486847,0.054009538143873215,-0.0001818824530346319,0.06580214202404022,0.06989093124866486,0.009153344668447971,-0.05800194293260574,-0.0008961205603554845
0.03066837601363659,-0.037773169577121735,-0.0398988202214241,-0.04913699999451637,0.061906617134809494,-0.05877910554409027,-0.05019436776638031,0.048349298536777496,0.004684533458203077,-0.06468668580055237,-0.01136686559766531,0.07870449125766754,-0.02713749371469021,-0.01127798855304718,0.03358977288007736,0.05163450911641121,0.05865110829472542,0.062435150146484375,-0.023198822513222694,-0.06059778109192848
-0.04449707269668579,-0.029495079070329666,0.015688521787524223,0.019007105380296707,0.06053255498409271,0.009857391938567162,0.06031391769647598,0.07797933369874954,0.04092520847916603,-0.020214105024933815,0.0477239266037941,-0.022027637809515,-0.010771126486361027,0.03642702102661133,0.055628690868616104,0.061157409101724625,0.0005711137782782316,-0.050654731690883636,-0.047499340027570724,-0.07048258185386658
0.028727566823363304,0.06741246581077576,0.04353712126612663,0.015930546447634697,0.02495747059583664,0.04019085690379143,-0.028729189187288284,-0.061408381909132004,-0.07112433761358261,0.0195605605840683,-0.05073770880699158,-0.0021525865886360407,-0.056258510798215866,0.015298188664019108,0.03677970916032791,0.03385399654507637,-0.026146266609430313,-0.044380173087120056,0.06394306570291519,0.012724339962005615
-0.041882291436195374,-0.028600968420505524,-0.004068337380886078,0.027760494500398636,0.07349884510040283,-0.05157916992902756,0.03413424268364906,0.00024174965801648796,-0.04585899040102959,-0.013440790586173534,-0.0642213523387909,0.09851840883493423,-0.025408241897821426,0.04103980213403702,0.08939866721630096,0.07184027135372162,-0.033510513603687286,0.04074939712882042,-0.021390002220869064,-0.05900014191865921
0.057563576847314835,-0.007764238864183426,-0.005670606158673763,-0.007570585235953331,-0.01025183405727148,-0.05396362766623497,0.06243077293038368,0.012846180237829685,0.03256731852889061,-0.08864441514015198,0.06020065024495125,0.0673603042960167,0.012301388196647167,0.06015704572200775,0.04853488877415657,-0.013234345242381096,-0.014527064748108387,-0.07451000809669495,0.06327883154153824,0.03013073466718197
-0.04996881261467934,-0.013225368224084377,0.033778902143239975,0.03587469831109047,0.07487606257200241,-0.018721723929047585,-0.028557049110531807,-0.03551351651549339,0.01913512498140335,0.03940172493457794,-0.020374242216348648,0.03822882100939751,-0.04575221985578537,0.08476835489273071,0.056908704340457916,-0.002295894781127572,-0.023737555369734764,-0.050593625754117966,-0.016211628913879395,0.01507573202252388
0.00011166778858751059,-0.0031939984764903784,-0.042497940361499786,0.012005888856947422,0.054016027599573135,0.03267467021942139,-0.002632081275805831,-0.003760833526030183,-0.044472575187683105,-0.05478990823030472,0.03332880139350891,0.08760727196931839,-0.05091417208313942,-0.018361730501055717,0.040953658521175385,-0.012188214808702469,0.007983576506376266,-0.04215001314878464,0.07247841358184814,0.053102120757102966
0.005572816357016563,0.06070898845791817,0.056253582239151,-0.03166266903281212,0.10492933541536331,0.019784897565841675,-0.03040211647748947,-0.06063343212008476,0.0323818065226078,0.03431593254208565,-0.038231708109378815,0.04838582128286362,0.04385768249630928,-0.0012528152437880635,0.06191684305667877,0.0865151435136795,0.0412682443857193,-0.034693047404289246,-0.048361942172050476,-0.053982511162757874
0.005572816357016563,0.06070898845791817,0.056253582239151,-0.03166266903281212,0.10492933541536331,0.019784897565841675,-0.03040211647748947,-0.06063343212008476,0.0323818065226078,0.03431593254208565,-0.038231708109378815,0.04838582128286362,0.04385768249630928,-0.0012528152437880635,0.06191684305667877,0.0865151435136795,0.0412682443857193,-0.034693047404289246,-0.048361942172050476,-0.053982511162757874
-0.016523143276572227,-0.04149085655808449,0.024680353701114655,-0.012268581427633762,0.006649808492511511,0.018356377258896828,-0.005149974953383207,0.02829049341380596,0.044238634407520294,-0.0981830582022667,0.05461224913597107,0.040786050260066986,-0.03464209660887718,-0.04833522066473961,0.03162739798426628,0.03804108500480652,-0.05015619471669197,0.03155893459916115,0.059924110770225525,-0.03239232674241066
0.009091091342270374,-0.02984820492565632,0.07355255633592606,-0.03526562452316284,0.03155149146914482,-0.009848693385720253,-0.036164961755275726,-0.016743406653404236,0.020691601559519768,-0.03425028175115585,0.006866005714982748,0.027369383722543716,-0.04366810992360115,0.07094424217939377,0.042890336364507675,0.009517702274024487,0.05312608927488327,0.005012757144868374,-0.03228719159960747,0.04223772510886192
0.0375346802175045,-0.0057607912458479404,0.017977287992835045,-0.028394851833581924,0.07848449796438217,0.057694483548402786,0.056528687477111816,0.0001852814166340977,-0.09011492133140564,-0.0391479916870594,0.03768565505743027,-0.02988714538514614,-0.056054167449474335,0.0191128458827734,0.03279446065425873,-0.045464713126420975,-0.007745157461613417,-0.039576515555381775,0.02391168847680092,0.017109781503677368
0.057252269238233566,0.07138670235872269,0.044583410024642944,0.04219396784901619,0.07403546571731567,-0.06062310189008713,0.06287507712841034,-0.058579977601766586,0.04286622628569603,-0.0310104601085186,-0.05594393238425255,0.039495524019002914,-0.0021511593367904425,-0.01608186401426792,0.05943824723362923,0.06989144533872604,-0.05389796197414398,-0.01978776603937149,0.03590661287307739,-0.014428330585360527
-0.024825552478432655,-0.026410501450300217,0.055884797126054764,-0.026792550459504128,0.09338905662298203,-0.07054899632930756,-0.04785209149122238,0.001449889037758112,0.023623410612344742,-0.04848421365022659,-0.036892253905534744,0.023510009050369263,-0.0008436321513727307,0.08845143765211105,-0.003237143624573946,-0.01603049412369728,0.054263923317193985,-0.046331971883773804,-0.02428959310054779,-0.02126643806695938
-0.07046905905008316,-0.025888262316584587,-0.026372872292995453,0.06893037259578705,0.03182382509112358,0.05292942002415657,0.03956048935651779,-0.057079561054706573,0.028796005994081497,-0.07289779931306839,-0.05078236758708954,0.05430282652378082,0.04574251547455788,-0.018979839980602264,0.09487692266702652,-0.02539355866611004,0.00021063274471089244,-0.052890706807374954,-0.041601769626140594,-0.014604861848056316
0.004238750319927931,-0.029488783329725266,-0.03738218918442726,0.00037339318078011274,-0.014791608788073063,0.03475799784064293,0.016973741352558136,0.05544034019112587,0.034422680735588074,-0.005086963064968586,0.06827013194561005,-0.032992586493492126,-2.48017913691001e-05,0.033373333513736725,0.05544836446642876,0.011949523352086544,0.051780108362436295,-0.01636030711233616,-0.04764796420931816,-0.022311655804514885
0.025965048000216484,-0.022110799327492714,-0.05551743879914284,0.04843323677778244,0.10155407339334488,-0.0003174571320414543,0.031010057777166367,0.02316550351679325,-0.01913999579846859,0.01459429506212473,0.05414927750825882,0.06438583880662918,0.040687426924705505,-0.0317000076174736,0.052488941699266434,0.010036510415375233,0.05417957529425621,0.01531910989433527,0.049033742398023605,-0.034963324666023254
0.022965477779507637,0.052213072776794434,-0.028414230793714523,0.06269637495279312,0.11299329251050949,-0.06678079068660736,0.021678859367966652,0.011587977409362793,-0.038141120225191116,0.01772705651819706,0.04398278146982193,0.027842843905091286,-0.049850355833768845,0.04745883494615555,-0.013246318325400352,-0.051979146897792816,-0.0564618818461895,-0.050681304186582565,-0.061964135617017746,0.03154967725276947
-0.030992338433861732,-0.03519447147846222,0.004307181108742952,0.05895689129829407,0.03081599250435829,-0.02982010506093502,-0.05260305479168892,0.06649007648229599,-0.03533017262816429,-0.02945025824010372,0.0058692279271781445,-0.013332718051970005,-0.07104244828224182,0.039748866111040115,-0.03631186857819557,0.010643581859767437,0.016215192154049873,0.06475813686847687,-0.04166998714208603,-0.015762172639369965
-0.04427478089928627,-0.013493239879608154,0.013792173936963081,0.0769328698515892,0.0248725526034832,0.011306330561637878,-0.06972973793745041,0.07063376158475876,0.05344286561012268,-0.09412983804941177,0.018130570650100708,0.05740176513791084,0.011658485047519207,-0.03893250599503517,0.05871089920401573,0.06576500087976456,-0.00851123034954071,-0.05838131532073021,0.009322121739387512,-0.00859034899622202
-0.030992338433861732,-0.03519447147846222,0.004307181108742952,0.05895689129829407,0.03081599250435829,-0.02982010506093502,-0.05260305479168892,0.06649007648229599,-0.03533017262816429,-0.02945025824010372,0.0058692279271781445,-0.013332718051970005,-0.07104244828224182,0.039748866111040115,-0.03631186857819557,0.010643581859767437,0.016215192154049873,0.06475813686847687,-0.04166998714208603,-0.015762172639369965
0.02759646810591221,0.0011226318310946226,0.042837243527173996,0.02261998876929283,0.09238387644290924,-0.004477026406675577,-0.06724010407924652,0.03363163769245148,0.05329214781522751,0.015869364142417908,0.04131931811571121,-0.030527662485837936,-0.06390678137540817,-0.011697852052748203,0.07859697192907333,0.07732192426919937,-0.022287260740995407,0.04092687368392944,0.037449028342962265,-0.08182196319103241
0.00907484907656908,-0.04413497820496559,-0.04168098792433739,-0.025507591664791107,0.08545059710741043,-0.020837411284446716,-0.01573926955461502,-0.015761196613311768,-0.03915422037243843,0.02481842041015625,0.07896311581134796,0.06980649381875992,0.02417476661503315,0.06527059525251389,0.07549592107534409,0.014402088709175587,0.027167227119207382,-0.00790619757026434,0.07225792109966278,0.05462397634983063
-0.03798376023769379,0.039883144199848175,0.08428782224655151,0.06739869713783264,0.05856376141309738,-0.031052308157086372,-0.014978320337831974,-0.017791517078876495,-0.010570822283625603,-0.046553030610084534,-0.021073877811431885,0.07839938253164291,-0.047133948653936386,0.0640263631939888,0.028787855058908463,-0.04842548817396164,-0.03762461617588997,0.057757627218961716,0.01676793210208416,-0.08052114397287369
0.059147920459508896,0.00020118217798881233,0.0011318494798615575,0.008008481934666634,0.040390994399785995,0.023296473547816277,-0.0025146452244371176,-0.020836522802710533,-0.011761590838432312,-0.049780577421188354,-0.028811946511268616,-0.01833057403564453,0.01219164952635765,0.0821772888302803,-0.0014903818955644965,0.05601128563284874,0.0025905559305101633,-0.056858617812395096,-0.026109984144568443,0.05843914672732353
0.010308572091162205,0.0825919508934021,0.03851235285401344,0.08432929217815399,0.07098859548568726,0.05055125802755356,0.03360392898321152,-0.014065911062061787,-0.07902415096759796,0.029433755204081535,0.07066107541322708,0.033276673406362534,-0.02348918467760086,0.01027054712176323,0.07168436050415039,0.03324371576309204,0.0056577711366117,-0.001617539906874299,-0.04994199052453041,-0.05043284595012665
0.000788508914411068,-0.02148214913904667,-0.04925595968961716,0.03810175135731697,0.007075154688209295,0.03355024755001068,0.053994592279195786,0.06908141076564789,0.011104216799139977,-0.06885778158903122,0.04193250462412834,0.00734908040612936,0.03568867966532707,0.043981194496154785,0.03214368224143982,0.08203770965337753,0.05409010872244835,-0.025346335023641586,0.055416710674762726,0.028533585369586945
-0.027876969426870346,-0.004167729988694191,-0.0411691777408123,0.0067983875051140785,0.01628776080906391,0.06014180928468704,-0.026662325486540794,0.009424042887985706,0.047592584043741226,0.007862383499741554,0.02295132912695408,0.06757818907499313,0.02327900007367134,0.05758177861571312,0.010343468748033047,-0.011661469005048275,0.06945861876010895,-0.06231342628598213,-0.055464331060647964,-0.015281141735613346
0.019846079871058464,-0.04597678408026695,-0.025081705302000046,0.020167160779237747,-0.009026874788105488,-0.00044094660552218556,0.0334695503115654,-0.010710015892982483,0.03779416158795357,0.008324980735778809,-0.041281189769506454,-0.028769182041287422,-0.04162665084004402,0.05122990161180496,-0.019647495821118355,-0.030816152691841125,0.009231063537299633,-0.03696678206324577,0.04232821241021156,-0.038762226700782776
-0.05944424867630005,0.0037461863830685616,-0.015514379367232323,-0.03143234923481941,0.11128891259431839,0.057643990963697433,-0.016086174175143242,0.007246700115501881,-0.0006786314188502729,0.007023344747722149,0.01603550836443901,0.08440713584423065,0.029147541150450706,0.06592042744159698,0.01672527752816677,0.041464004665613174,0.038591694086790085,0.06390564143657684,0.06462720781564713,0.01960691064596176
-0.004896432626992464,0.019223254173994064,-0.06140400841832161,0.030431117862462997,0.01862226240336895,-0.03159840777516365,0.02239299565553665,0.07489486783742905,0.02605609782040119,0.014102690853178501,-0.051482945680618286,0.027143314480781555,0.009718443267047405,0.005966144148260355,-0.010077809914946556,-8.585324394516647e-05,0.031114771962165833,-0.05612601339817047,-0.003970858175307512,-0.0742168053984642
-0.01455433014780283,-0.023261291906237602,-0.011583855375647545,0.07651469111442566,0.05833026394248009,0.04083514213562012,0.05237570032477379,0.05801500007510185,-0.06032658368349075,-0.053103968501091,0.030222062021493912,-0.019454656168818474,-0.0022636842913925648,0.045326199382543564,0.0383635051548481,-0.025216752663254738,0.03075956553220749,-0.013281494379043579,0.03130408376455307,0.00717385858297348
0.05832717567682266,-0.008988858200609684,0.06469601392745972,-0.028265682980418205,0.11513273417949677,-0.0002871242177207023,0.06228373199701309,0.05925571918487549,0.05285026878118515,-0.05236595869064331,0.001988753443583846,0.08894750475883484,0.05797530710697174,-0.01498488336801529,0.08054450899362564,0.07793348282575607,-0.060688260942697525,-0.06172339990735054,-0.041278257966041565,0.048149678856134415
-0.00641946354880929,0.015946002677083015,-0.052434731274843216,0.03191854804754257,0.05343828722834587,0.013161269947886467,0.040315091609954834,0.014393127523362637,-0.06282302737236023,-0.01780259981751442,-0.05745349079370499,0.04291437566280365,0.04704203084111214,0.02922552451491356,0.07900487631559372,0.055013492703437805,-0.021764613687992096,0.02242840826511383,0.05389780178666115,0.0067951008677482605
-0.07840919494628906,0.07237967848777771,0.060391951352357864,0.06925967335700989,0.08858589828014374,-0.0015940344892442226,-0.028398828580975533,0.03731020167469978,0.05911128968000412,0.028208980336785316,0.010395502671599388,-0.03003399446606636,0.05318561568856239,0.0654793307185173,0.052571866661310196,-0.019459156319499016,-0.03189758583903313,-0.0677131786942482,-0.017496762797236443,-0.05833906680345535
-0.01964462548494339,-0.03372559696435928,-0.03890359774231911,-0.014133665710687637,0.08690183609724045,-0.05178232118487358,-0.010026257485151291,0.0720859169960022,-0.013822371140122414,0.013148615136742592,-0.0429229773581028,0.029212597757577896,-0.04584311693906784,0.03050372004508972,0.04681537672877312,0.012987086549401283,-0.029189161956310272,0.06000690907239914,0.04960399866104126,0.004526505712419748
-0.05150815099477768,0.017152803018689156,0.029045162722468376,0.07688659429550171,0.06387403607368469,0.004347922280430794,-0.06361304968595505,-0.06050493195652962,0.049455709755420685,-0.062092918902635574,-0.020268987864255905,0.09363918006420135,-0.06927841156721115,0.019170163199305534,0.010863320901989937,0.0812343955039978,-0.0602831095457077,0.026564184576272964,-0.0016305198660120368,0.03841104730963707
0.013787524774670601,-0.041049983352422714,0.055684782564640045,0.02876640297472477,0.025393804535269737,-0.05659377574920654,-0.001029611681587994,-0.03753925487399101,-0.050662729889154434,-0.046321623027324677,-0.048963215202093124,-0.02892869897186756,-0.07794459909200668,-0.005761931650340557,0.05943049490451813,-0.007114112842828035,-0.0660732090473175,0.05896052345633507,-0.049701474606990814,0.06149161979556084
-0.001086077536456287,-0.05764324590563774,-0.011970524676144123,-0.053034860640764236,0.08199132978916168,-0.0657111182808876,-0.028984859585762024,-0.04746416211128235,-0.0775289386510849,-0.07052142918109894,0.030835745856165886,0.0449029915034771,0.018818749114871025,-0.03848357871174812,0.029806504026055336,0.014812968671321869,-0.007834362797439098,-0.00490143708884716,-0.012539638206362724,-0.06226677447557449
-0.016407905146479607,-0.019081156700849533,0.052113328129053116,0.02187846228480339,0.02379562519490719,0.06264811009168625,0.05827860161662102,0.0015623298240825534,-0.04807606339454651,-0.08367867767810822,0.05416884273290634,0.08049476891756058,0.06124115362763405,0.09817961603403091,-0.02381466142833233,0.019832083955407143,0.021809816360473633,-0.05406831577420235,0.0768011212348938,-0.020409230142831802
-0.0399327427148819,-0.02826058678328991,0.0155603913590312,-0.012048661708831787,0.11055965721607208,-0.06368310749530792,-0.014502068981528282,0.06394096463918686,0.0435347817838192,-0.03720741346478462,0.04095805808901787,0.04370184987783432,-0.009206296876072884,0.038664765655994415,0.0388481579720974,0.06726415455341339,-0.06139456108212471,-0.03163021057844162,-0.03383248299360275,0.011076542548835278
-0.02684004418551922,-0.04406299814581871,-0.03220205008983612,-0.006864978466182947,0.006163962185382843,0.002741894219070673,-0.004556703846901655,0.02407839335501194,0.03859296441078186,-0.010239110328257084,0.05559001863002777,0.04238830879330635,0.06572658568620682,0.014174853451550007,0.08521487563848495,-0.0036851020995527506,0.011750469915568829,0.01137200091034174,-0.04116387665271759,-0.005414340645074844
0.01943160966038704,0.04562527686357498,0.0647754818201065,0.0739935040473938,0.02652807906270027,0.0564204603433609,-0.06277196109294891,-0.04077492654323578,0.032290421426296234,-0.06125254184007645,-0.007886020466685295,0.07127886265516281,-0.045348383486270905,0.07355387508869171,-0.03158924728631973,0.0726730227470398,-0.034463830292224884,0.016425184905529022,0.06676993519067764,-0.005325877107679844
-0.045911453664302826,-0.01658107340335846,-0.040303610265254974,0.021669840440154076,0.08592616766691208,0.0530833825469017,0.054608602076768875,0.02575339376926422,0.03934933617711067,0.030115380883216858,-0.04261857643723488,0.07851895689964294,0.04012494906783104,0.06087242066860199,0.09322310239076614,-0.0007135352352634072,-0.049598198384046555,0.0003225450054742396,-0.001564259990118444,-0.016772594302892685
-0.05796654522418976,-0.04561319574713707,-0.03170207515358925,-0.03895139694213867,0.029431214556097984,0.03362995386123657,-0.06854572892189026,-0.05693748965859413,-0.013971729204058647,-0.06068367138504982,-0.04279779642820358,-0.009430144913494587,0.01659802533686161,0.034717608243227005,-0.0025137998163700104,-0.050441924482584,0.04206174612045288,-0.005297484807670116,0.0027348001021891832,-0.03216775134205818
0.022264985367655754,-0.02322833240032196,-0.005332966335117817,0.06418649852275848,0.01276334561407566,-0.049065787345170975,-0.0022665392607450485,0.01551845483481884,0.04384921118617058,0.015324588865041733,-0.056254129856824875,0.04064221680164337,0.057282187044620514,-0.036202672868967056,0.09119774401187897,0.04389043152332306,0.02661357820034027,0.0283250380307436,0.05292217805981636,-0.06495088338851929
-0.03779112175107002,0.02233034558594227,0.058489613234996796,-0.052025578916072845,-0.0006963643245398998,-0.06698611378669739,0.003624117001891136,0.015257918275892735,0.0336674302816391,-0.030950816348195076,-0.02083052136003971,0.0005329879932105541,-0.058327656239271164,0.04849430173635483,0.04970415309071541,-0.01890026405453682,-0.036362942308187485,0.05836699530482292,0.025864262133836746,0.05277521535754204
0.039039094001054764,0.028594786301255226,0.05470820516347885,-0.020360484719276428,-0.02145545184612274,0.05568541958928108,-0.03840332478284836,-0.051349204033613205,0.0019168304279446602,0.012361183762550354,0.001566095743328333,0.015322832390666008,-0.052988793700933456,-0.04173241928219795,0.0185256227850914,0.08690761774778366,-0.03509904444217682,0.07489969581365585,0.0038225024472922087,0.008336765691637993
-0.037895817309617996,0.019722003489732742,-0.05706819146871567,0.015153073705732822,0.039222534745931625,-0.04283539578318596,0.05816240236163139,-0.027917003259062767,-0.05196899548172951,0.007823594845831394,0.01225345116108656,-0.01481271255761385,-0.05383458733558655,0.06564480066299438,0.0333472415804863,0.0897093415260315,0.0604555681347847,-0.02723628841340542,-0.042703114449977875,0.008622691035270691
-0.0695980116724968,-0.07153185456991196,-0.058975085616111755,-0.04397973045706749,0.07979495078325272,0.03274089843034744,0.02865098975598812,0.00899917259812355,0.019543537870049477,-0.01585814543068409,-0.00627089524641633,0.027036238461732864,-0.008478719741106033,-0.045074690133333206,0.05209522694349289,0.0347108319401741,0.02079080045223236,-0.030278729274868965,-0.004477049224078655,0.04448579251766205
-0.045673154294490814,0.07747600227594376,0.06872139126062393,0.0006583714857697487,0.10621749609708786,-0.03630790114402771,0.05753736570477486,-0.00617294991388917,-0.0034307821188122034,-0.07517199963331223,0.047647129744291306,-0.006068788468837738,0.011736552231013775,0.05070041865110397,0.061491142958402634,0.04789106547832489,-0.006017566192895174,-0.03140547499060631,-0.05298640578985214,0.05787917599081993
0.017516110092401505,0.053542498499155045,-0.012111146934330463,0.08118698745965958,-0.007291397545486689,-0.031778331845998764,-0.07417060434818268,0.057428475469350815,-0.061816830188035965,-0.04861283302307129,0.009892445988953114,-0.032043129205703735,-0.010813524015247822,-0.04854097217321396,0.02094678394496441,0.013789993710815907,-0.04496780410408974,0.06418564170598984,-0.01839146763086319,-0.013345185667276382
-0.0097782202064991,0.05284564569592476,-0.03140384331345558,-0.05174551159143448,0.074197918176651,-0.07237880676984787,-0.028308240696787834,0.02186116948723793,-0.05091705173254013,0.002355974866077304,0.03705347329378128,0.03304341807961464,0.005594552960246801,0.027829663828015327,0.053783487528562546,-0.014155414886772633,0.0038243518210947514,0.004792386200278997,-0.0037749826442450285,-0.08103757351636887
-0.004058833699673414,-0.00912427343428135,0.049099601805210114,0.07137808203697205,0.09647911787033081,-0.06656480580568314,-0.033165208995342255,-0.02244778908789158,0.008879350498318672,-0.023019930347800255,-0.020440056920051575,0.08193714171648026,-0.018848467618227005,0.013667631894350052,0.012571528553962708,0.013842419721186161,-0.006025637034326792,-0.011240172199904919,-0.03987782821059227,0.0005880293902009726
-0.06254415959119797,-0.011043691076338291,-0.04103797301650047,-0.027494093403220177,0.02771889790892601,-0.0027656550519168377,-0.005911245942115784,0.076906718313694,-0.020606428384780884,-0.09374154359102249,0.06781172007322311,0.06453446298837662,0.006945105269551277,-0.0404985249042511,0.09339001029729843,-0.038706034421920776,-0.03211819753050804,-0.012498551048338413,-0.041158098727464676,-0.059780046343803406
-0.05547254532575607,-0.039432674646377563,0.050724368542432785,0.06815608590841293,0.0513312928378582,0.062191225588321686,0.045862071216106415,-0.02399296686053276,-0.08700284361839294,-0.049699097871780396,-0.06988413631916046,0.09461027383804321,-0.054265450686216354,0.055800050497055054,0.01181699801236391,0.0034740744158625603,0.05045755207538605,-0.04243093729019165,0.0675983875989914,-0.0808793231844902
-0.06461656838655472,-0.0013608146691694856,0.045873939990997314,0.07783892005681992,0.05874568223953247,-0.023411976173520088,0.02438531443476677,-0.021391412243247032,-0.07311825454235077,-0.03709445893764496,0.0019734445959329605,0.07183103263378143,-0.0010262319119647145,0.056894898414611816,0.09801384806632996,0.07592824101448059,0.04963662475347519,0.02194608561694622,0.024920325726270676,0.03064301796257496
0.008429465815424919,0.057026807218790054,0.07701675593852997,0.07426555454730988,0.005070673767477274,-0.07362295687198639,-0.07453066855669022,0.007739951368421316,-0.028636284172534943,0.010273868218064308,0.041918303817510605,0.06247856095433235,0.022138595581054688,-0.04102066531777382,0.07626008987426758,0.03098144754767418,-0.010179100558161736,-0.010976581834256649,0.06040271744132042,-0.005892335437238216
0.008429465815424919,0.057026807218790054,0.07701675593852997,0.07426555454730988,0.005070673767477274,-0.07362295687198639,-0.07453066855669022,0.007739951368421316,-0.028636284172534943,0.010273868218064308,0.041918303817510605,0.06247856095433235,0.022138595581054688,-0.04102066531777382,0.07626008987426758,0.03098144754767418,-0.010179100558161736,-0.010976581834256649,0.06040271744132042,-0.005892335437238216
-0.08002199232578278,-0.04262905567884445,-0.05414007604122162,0.025561906397342682,0.09080418199300766,-0.05369478091597557,-0.061589594930410385,-0.042909882962703705,0.047411154955625534,-0.07127868384122849,0.03308681398630142,0.015612163580954075,-0.023415029048919678,-0.04430047795176506,0.020744767040014267,-0.04084126651287079,-0.02541690319776535,0.008668353781104088,-0.012440494261682034,-0.009842135943472385
-0.051271479576826096,0.059162721037864685,0.07891632616519928,0.04895079508423805,-0.013359821401536465,-0.03221288323402405,0.028476128354668617,0.041601162403821945,0.009301030077040195,-0.10248780250549316,-0.06102706864476204,0.0513826422393322,0.05871821939945221,0.04468128830194473,-0.021965356543660164,0.011937810108065605,-0.05925653129816055,-0.06748126447200775,0.026581935584545135,0.05291858687996864
-0.06967438757419586,-0.06326942890882492,-0.0018734317272901535,0.0023195177782326937,0.010284005664288998,-0.03384746238589287,-0.05473276227712631,0.006569303572177887,-0.01484333723783493,-0.0625196322798729,-0.05381372198462486,0.010460833087563515,-0.04323364794254303,0.01324987318366766,-0.04339657723903656,0.08541971445083618,0.013235552236437798,-0.031396422535181046,0.06620333343744278,-0.06628258526325226
0.022640828043222427,-0.03914075717329979,0.05453737825155258,0.06233338639140129,-0.002402059268206358,0.005072905216366053,-0.0608251728117466,0.03878811001777649,-0.038492295891046524,-0.05183679237961769,0.029961565509438515,0.09418369829654694,-0.0011988882906734943,0.06972288340330124,0.08318711072206497,-0.01492386031895876,0.07394646853208542,-0.03938782960176468,-0.04463466629385948,0.05206717923283577
-0.006745436228811741,-0.05933809280395508,-0.03816620260477066,-0.006721683777868748,0.057129111140966415,0.024170396849513054,-0.019245201721787453,-0.04728715121746063,0.04195437952876091,0.015924857929348946,0.06761638075113297,-0.0013691044878214598,0.050879962742328644,0.06517761200666428,0.03041747398674488,0.04743048921227455,0.018162550404667854,0.04944499582052231,0.039216917008161545,-0.07335148751735687
-0.013968135230243206,-0.06521611660718918,-0.05719529092311859,0.07370369881391525,0.10959784686565399,0.05530843138694763,-0.07557684183120728,0.0120087293908,0.007198025938123465,-0.09330239146947861,-0.0047773513942956924,0.07101944088935852,-0.05248654633760452,0.06820518523454666,0.06174951791763306,0.05149969458580017,0.054724857211112976,0.05467832460999489,0.011235042475163937,-0.022712867707014084
-0.014720185659825802,0.06926539540290833,0.015957383438944817,-0.014618661254644394,0.080938421189785,-0.029659314081072807,-0.06686612218618393,0.05444037541747093,-0.07926365733146667,0.022112758830189705,-0.02757318876683712,0.0006529723177663982,-0.035902492702007294,0.0788959190249443,-0.004619762301445007,0.031003674492239952,0.023870790377259254,0.07318153977394104,-0.024296222254633904,-0.02095986343920231
0.04347478225827217,-0.06773916631937027,-0.028504865244030952,-0.011395048350095749,0.06155569106340408,-0.03905774652957916,-0.07106875628232956,-0.01207923423498869,0.012121894396841526,0.020240891724824905,-0.02506285160779953,-0.014556566253304482,0.01276632770895958,0.08712826669216156,0.08946821838617325,0.0707707479596138,-0.062389932572841644,-0.07346431910991669,0.040281131863594055,-0.08051331341266632
-0.039235640317201614,0.034683652222156525,0.05169551074504852,0.030223652720451355,0.10721536725759506,-0.026103921234607697,-0.06746574491262436,-0.03812703117728233,-0.03983980417251587,-0.016706980764865875,-0.06519205868244171,-0.008698320016264915,-0.05808623507618904,0.08402053266763687,0.06538528949022293,0.036702148616313934,0.061544571071863174,0.008431898429989815,0.07846378535032272,-0.06742284446954727
0.06260718405246735,0.06411086767911911,0.024048112332820892,0.08064033091068268,0.07804418355226517,-0.016510408371686935,0.052227217704057693,0.0604802668094635,-0.014531819149851799,0.04270358011126518,0.010739247314631939,0.03200738877058029,0.029893908649683,0.08414466679096222,0.0848696157336235,0.03745732828974724,0.004168493673205376,0.0480252169072628,-0.0368705689907074,-0.06097996607422829
-0.010192173533141613,0.01291366945952177,0.0612495094537735,0.01350438967347145,0.11865884065628052,0.06570220738649368,0.012766415253281593,-0.046296749264001846,0.05062681809067726,-0.10016713291406631,-0.034663762897253036,0.061311352998018265,-0.0430990606546402,-0.014484472572803497,-0.002413998357951641,-0.009772205725312233,-0.06369515508413315,0.018750330433249474,0.07656879723072052,0.014750384725630283
0.04570119455456734,0.02866542898118496,-0.011569809168577194,0.03373021259903908,0.02114112861454487,-0.006817431189119816,-0.026221763342618942,0.018381448462605476,-0.0007782825850881636,-0.010800505056977272,-0.006096457131206989,0.0687352865934372,-0.018659153953194618,0.008305505849421024,-0.0017915036296471953,0.0403842069208622,0.01054205372929573,-0.028066404163837433,0.05013279244303703,-0.03941785544157028
0.062467172741889954,-0.053570736199617386,0.05452795326709747,0.05851620435714722,0.01720980554819107,-0.026521842926740646,-0.04482997953891754,-0.03744399920105934,0.002265095477923751,-0.004636087920516729,0.03793283924460411,0.0279723908752203,-0.02974087744951248,0.09101034700870514,-0.03035644069314003,0.04381360113620758,-0.05092738941311836,0.04381360113620758,-0.02762351743876934,0.01880033127963543
0.028560752049088478,-0.02160968817770481,0.05691377818584442,-0.005721489433199167,0.0653916746377945,-0.03390835225582123,-0.03754725679755211,0.05521923676133156,-0.07592404633760452,0.003352764528244734,0.024502050131559372,0.01989850588142872,-0.012319141998887062,0.01563212089240551,-0.03198278322815895,-0.04975113272666931,-0.008239314891397953,-0.013466511853039265,-0.020136214792728424,-0.013573657721281052
0.009850394912064075,-0.04200492054224014,-0.014035830274224281,0.04227486625313759,0.032388318330049515,-0.02470533549785614,-0.07691869884729385,0.06500870734453201,-0.036764923483133316,-0.05629349127411842,-0.010433994233608246,0.002883848501369357,-0.0036961683072149754,0.04977801442146301,0.06357311457395554,0.009541125036776066,-0.02734335884451866,-0.033700551837682724,0.04610501974821091,0.005419530905783176
-0.03950267285108566,0.04269349202513695,0.013575751334428787,0.023170607164502144,0.0870140865445137,-0.019978979602456093,-0.027915485203266144,-0.0029243852477520704,0.02953198552131653,-0.04990001395344734,-0.006071959622204304,-0.03017912246286869,0.016347242519259453,0.04615441709756851,0.06763653457164764,-0.0046181268990039825,0.047108083963394165,-0.04032689332962036,-0.05855143070220947,-0.0773615911602974
-0.008219507522881031,0.04798025265336037,-0.0165056511759758,0.05610545724630356,0.10234402120113373,0.015454195439815521,-0.06051306053996086,-0.046230677515268326,-0.07537779957056046,0.03608672320842743,0.043502844870090485,-0.004504338372498751,0.006003448739647865,0.01280125044286251,0.10058023035526276,0.07183653861284256,-0.06356720626354218,0.0574086531996727,0.0328340120613575,-0.06378432363271713
0.06017540395259857,0.04062303528189659,-0.014180445112287998,0.0016159707447513938,0.11106368154287338,-0.06772839277982712,0.03502850607037544,0.04051622003316879,0.014934496954083443,0.03287007659673691,0.06806626915931702,-0.002997610718011856,-0.05026622489094734,-0.009426362812519073,0.10040458291769028,-0.018233956769108772,-0.02955753542482853,-0.05356287211179733,0.006982853170484304,-0.061217159032821655
0.04435538128018379,0.06940319389104843,0.039632249623537064,-0.014054707251489162,0.0521588996052742,-0.0008461929392069578,0.007395466323941946,-0.04597605764865875,0.0058870380744338036,0.003253444330766797,0.01485525257885456,0.09225522726774216,-0.030088018625974655,0.06880733370780945,0.03620067611336708,0.07471989095211029,-0.0068594710901379585,0.037772420793771744,0.05288385972380638,0.02679588831961155
0.012321065180003643,-0.0026617897674441338,-0.06535965204238892,-0.05047622323036194,0.007874981500208378,0.008816330693662167,-0.0075496044009923935,-0.012560293078422546,-0.08293770998716354,-0.03799779340624809,0.02235039509832859,0.010987409390509129,0.038806334137916565,-0.019339747726917267,0.05452025681734085,-0.010882901959121227,-0.028944717720150948,-0.05040774494409561,0.011199261993169785,0.020846068859100342
-0.06452351063489914,0.07122649997472763,0.02282400242984295,-0.048191677778959274,0.08636831492185593,0.05620671436190605,-0.056406889110803604,-0.020887380465865135,-0.06746302545070648,-0.055213723331689835,0.045754872262477875,0.01635461300611496,0.01803535595536232,-0.024365480989217758,-0.015210769139230251,0.08126169443130493,0.05936671420931816,0.0577942319214344,-0.031466931104660034,-0.06855221837759018
0.05927608162164688,0.01845821551978588,0.022518163546919823,0.0037853908725082874,0.029087897390127182,0.039344530552625656,0.011264084838330746,0.024529173970222473,0.03255549445748329,-0.009657478891313076,-0.045204468071460724,0.09420593827962875,-0.001177512458525598,-0.007577348500490189,-0.02549404837191105,0.04294656217098236,0.02668936178088188,-0.043554890900850296,0.06977035105228424,-0.06178124621510506
0.040614742785692215,0.011769195087254047,0.0638803169131279,0.03697335720062256,0.036723941564559937,0.06023825705051422,-0.04707172140479088,-0.050645653158426285,0.03325572609901428,-0.0024050429929047823,0.030588584020733833,0.013647153042256832,0.041457436978816986,0.007286633364856243,0.09480755031108856,0.034635335206985474,0.010405540466308594,-0.0682106614112854,0.04675253853201866,0.04691995307803154
-0.06422103941440582,0.05812162533402443,0.043569013476371765,-0.0010136030614376068,0.01095943059772253,-0.05695873126387596,-0.051021624356508255,-0.004547141958028078,-0.06976515799760818,-0.06805866211652756,0.04706993326544762,0.06896137446165085,0.030068624764680862,-0.002441168762743473,0.062070220708847046,0.0723685473203659,-0.045647699385881424,-0.04624353349208832,0.0700877383351326,0.02222396805882454
-0.024236900731921196,0.030803482979536057,0.048002827912569046,0.026871487498283386,0.11195984482765198,0.005437795538455248,-0.020646624267101288,-0.031618811190128326,0.03675712272524834,0.02416003681719303,-0.04330097883939743,0.052580151706933975,-0.03189441189169884,0.029472386464476585,-0.00917508639395237,0.03099503368139267,-0.03708843141794205,-0.015433071181178093,-0.03536953777074814,-0.0799851045012474
-0.06550344824790955,0.030190784484148026,-0.0010083457455039024,0.0544944629073143,0.015486051328480244,0.024730920791625977,0.061633285135030746,-0.005960559938102961,-0.012288341298699379,0.01242239773273468,-0.004837797489017248,-0.018631108105182648,0.04697137698531151,0.02947954460978508,0.06927260756492615,0.004930458497256041,0.0383496917784214,-0.04100143536925316,-0.056656014174222946,-0.04197608307003975
-0.03050111047923565,0.057760607451200485,-0.05737246572971344,-0.027108266949653625,0.014626746997237206,0.0546482689678669,-0.03340929374098778,-0.040139440447092056,0.032500505447387695,0.022980820387601852,0.03592051565647125,0.04609304666519165,0.03232960402965546,0.002316867234185338,0.017980702221393585,0.0025149972643703222,0.024731075391173363,0.04191926494240761,-0.0062873284332454205,-0.059579286724328995
-0.02512996457517147,0.0766669437289238,0.0035294299013912678,0.029423795640468597,-0.009913060814142227,0.01896643452346325,0.02953593246638775,0.06984264403581619,-0.08419828116893768,-0.06116773560643196,0.05668661743402481,-0.02934960648417473,0.053135696798563004,0.055519506335258484,0.09592454880475998,-0.011424247175455093,0.010021558962762356,-0.02524438314139843,-0.040966205298900604,0.055588848888874054
-0.009039649739861488,0.03337562456727028,-0.04560180380940437,0.06407824903726578,0.0872088149189949,0.008925486356019974,-0.035666175186634064,0.011693956330418587,-0.02545488066971302,-0.08435779064893723,0.07460589706897736,0.030881423503160477,0.039944376796483994,-0.05348212271928787,0.10410524159669876,-0.04503385350108147,-0.06840402632951736,-0.05225422978401184,-0.05296241119503975,-0.07435187697410583
-0.009039649739861488,0.03337562456727028,-0.04560180380940437,0.06407824903726578,0.0872088149189949,0.008925486356019974,-0.035666175186634064,0.011693956330418587,-0.02545488066971302,-0.08435779064893723,0.07460589706897736,0.030881423503160477,0.039944376796483994,-0.05348212271928787,0.10410524159669876,-0.04503385350108147,-0.06840402632951736,-0.05225422978401184,-0.05296241119503975,-0.07435187697410583
-0.05535115301609039,0.04013979062438011,-0.04864812642335892,-0.013901288621127605,-0.014755252748727798,-0.05362348258495331,-0.034483734518289566,0.0029450110159814358,0.04158519208431244,-0.05865773931145668,0.024756383150815964,-0.02629728987812996,0.053209707140922546,0.0768006220459938,0.07722771167755127,-0.032295290380716324,0.03707249090075493,-0.056457944214344025,0.06597008556127548,0.0599832609295845
0.01676293835043907,0.046485062688589096,-0.03538275137543678,0.028798909857869148,0.058986175805330276,0.05315539985895157,-0.01655271276831627,-0.02475612424314022,0.03841620683670044,-0.022027848288416862,0.00011550971976248547,0.0059281825087964535,-0.04088866338133812,0.03952906280755997,0.006588310934603214,0.06833809614181519,-0.027391495183110237,-0.01534608006477356,0.04830137640237808,-0.08156752586364746
0.0025296853855252266,0.061161067336797714,0.07922637462615967,-0.01659454219043255,-0.017259152606129646,-0.0008327031973749399,-0.0027241078205406666,0.012297548353672028,0.027850814163684845,-0.034141864627599716,0.00929119624197483,0.009372434578835964,0.05258181691169739,0.011891568079590797,0.09319198131561279,0.07792039215564728,0.02840554155409336,0.03644046187400818,-0.05681425333023071,-0.030172379687428474
0.04285399615764618,-0.02297149784862995,0.04209090396761894,0.027678197249770164,0.053311582654714584,0.0676838755607605,-0.06113491207361221,0.034691642969846725,-0.008852190338075161,-0.05806181579828262,-0.006400168873369694,0.0173148512840271,-0.030508344992995262,0.058154698461294174,-0.024092890322208405,0.03789090737700462,0.02954464964568615,-0.06066496670246124,0.060454998165369034,-0.07740452885627747
0.03664020448923111,0.0634700283408165,0.024854764342308044,0.08421634137630463,0.05362048000097275,0.056664079427719116,-0.029212599620223045,0.038810182362794876,0.003651742124930024,-0.014241514727473259,-0.0303239356726408,0.06436391919851303,-0.03685035556554794,-0.04183092340826988,0.031956762075424194,-0.04139147326350212,-0.04915306717157364,0.015482763759791851,-0.015432674437761307,-0.014309120364487171
-0.007392141968011856,0.061664558947086334,-0.03663206472992897,0.05292538180947304,0.05391501635313034,-0.015068777836859226,0.04705752059817314,0.022135242819786072,0.006768961902707815,-0.06155064329504967,-0.051849231123924255,0.06965713948011398,-0.01623200997710228,-0.030983608216047287,0.0946483314037323,0.06966099143028259,-0.011796554550528526,0.07122790813446045,-0.02524123340845108,0.009759108535945415
-0.035128913819789886,0.058623652905225754,-0.04654894396662712,0.011758051812648773,0.09139946103096008,-0.06313689053058624,-0.08168851584196091,-0.040910255163908005,0.008250681683421135,-0.0877746045589447,0.017085688188672066,0.07364023476839066,-0.0011860319646075368,0.048903338611125946,0.05656693875789642,-0.05036502331495285,0.036086637526750565,-0.023508742451667786,0.05714140459895134,0.049044761806726456
-0.07862991839647293,0.020167266950011253,0.003306665690615773,0.07310260832309723,0.11234759539365768,-0.020176490768790245,-0.04088277369737625,-0.05571572482585907,-0.014440115541219711,0.013292605057358742,-0.037521932274103165,-0.04382520541548729,0.020963024348020554,0.03432561829686165,0.03937831148505211,0.07927308976650238,-0.032538339495658875,0.01265460904687643,-0.04954228922724724,0.04224066808819771
-0.020403524860739708,0.05572956055402756,0.02809055708348751,0.03978918492794037,0.06452761590480804,-0.035909637808799744,0.04805131256580353,0.0728396326303482,0.024384567514061928,-0.03399967774748802,0.0557563416659832,0.003244764870032668,-0.004256692249327898,0.06108870729804039,0.004321170970797539,0.06930804997682571,0.044808391481637955,-0.04994150623679161,0.025649968534708023,0.02096932753920555
-0.036231257021427155,-0.06002561002969742,-0.02838372439146042,0.004728442057967186,0.10116477310657501,0.0020838279742747545,-0.011390995234251022,-0.03200560063123703,-0.014932935126125813,-0.003479850245639682,0.05258525535464287,0.024889379739761353,-0.003920604009181261,0.09702784568071365,0.10008888691663742,0.0016695903614163399,-0.06842873245477676,-0.05605308711528778,0.05641442909836769,-0.023328470066189766
-0.013421437703073025,-0.032388076186180115,0.07014551013708115,-0.0199658814817667,0.048578716814517975,0.0656522586941719,0.048299163579940796,0.056267980486154556,-0.029247649013996124,0.012242905795574188,-0.02517544850707054,0.005761285312473774,0.005214995238929987,0.02684740349650383,0.03691661357879639,0.06455457210540771,-0.020877672359347343,0.0017513753846287727,-0.01701532118022442,-0.0469881035387516
0.060813140124082565,-0.05503157526254654,0.04968474432826042,0.06675082445144653,-0.021527772769331932,-0.02086086943745613,0.05330832675099373,-0.0013102339580655098,-0.03509019687771797,-0.03232106193900108,0.012798730283975601,0.08652839809656143,-0.04201243072748184,0.0586584135890007,-0.045706551522016525,0.06994026899337769,-0.018412578850984573,-0.059669848531484604,0.04826393350958824,-0.013570696115493774
-0.07736014574766159,-0.04598013311624527,-0.050226785242557526,0.030554065480828285,0.09889770299196243,-0.06643296033143997,-0.0756269097328186,0.05534115433692932,0.011898176744580269,0.020493388175964355,0.022305361926555634,-0.04361046478152275,-0.04070284217596054,0.0050475941970944405,6.72771202516742e-05,0.03350285813212395,0.004110581241548061,0.023020271211862564,0.07669657468795776,-0.008407970890402794
-0.05433448776602745,0.021611588075757027,0.017417727038264275,0.08004768192768097,0.03491702675819397,0.05349261686205864,-0.07358848303556442,-0.043359048664569855,0.035673342645168304,-0.05513092502951622,-0.01505217980593443,0.05507515370845795,0.0652855783700943,-0.003596871392801404,0.09037546813488007,0.02770373597741127,0.052226725965738297,-0.05597049742937088,-0.033761534839868546,-0.05516441538929939
-0.07096613198518753,0.0657501220703125,-0.02492140419781208,-0.026288114488124847,0.09266042709350586,0.01698090136051178,-0.036981526762247086,0.001229425659403205,-0.06027136743068695,-0.044623423367738724,-0.019627444446086884,-0.03281031548976898,-0.06422822922468185,0.05124358832836151,0.015187022276222706,-0.010522793978452682,0.0631851851940155,0.04734198376536369,0.04669757932424545,0.0012008839985355735
-0.07385393232107162,0.0670376867055893,0.004554410465061665,-0.013596193864941597,0.04239073023200035,0.03852612152695656,0.05933675542473793,-0.06611794978380203,-0.053193483501672745,-0.004044141620397568,-0.03790703043341637,0.012600366026163101,0.03600865229964256,-0.031417448073625565,0.04896021634340286,-0.0063919564709067345,-0.0005021251272410154,-0.03444962576031685,-0.06174519285559654,-0.016584863886237144
-0.005238268058747053,-0.05481002479791641,0.03371759504079819,0.05119497328996658,0.07872363179922104,0.03191399201750755,-0.07546596229076385,0.05422555282711983,0.001931814942508936,0.038624487817287445,0.006169950123876333,0.022380411624908447,0.06072244048118591,0.08005093783140182,0.024419844150543213,-0.03896551579236984,-0.0111014936119318,0.05823124200105667,-0.004080791026353836,0.0081684160977602
0.011991918087005615,-0.03773519769310951,0.005671617109328508,-0.018887434154748917,-0.005905997473746538,0.04147111624479294,0.027001922950148582,-0.05029035359621048,-0.07435799390077591,-0.05413827672600746,0.0750129371881485,0.077363982796669,-0.024606723338365555,-0.0029398922342807055,0.0172423068434,0.06881341338157654,-0.002851460361853242,0.0031642094254493713,-0.04837958514690399,0.024971909821033478
0.0381447859108448,-0.0019320705905556679,-0.005186556838452816,-0.0012259699869900942,0.08140718936920166,-0.06411748379468918,-0.002275714883580804,-0.02483506128191948,-0.02878592535853386,-0.06600891053676605,0.06745532155036926,0.07558608055114746,-0.026184001937508583,-0.034184157848358154,0.0187369491904974,0.010520553216338158,-0.05010468140244484,-0.03768474981188774,0.0035173578653484583,-0.018953701481223106
-0.007002531550824642,0.04426845535635948,0.07550125569105148,0.05936494842171669,0.09498104453086853,-0.03513098135590553,-0.024699129164218903,0.04426111280918121,-0.07913174480199814,-0.0019768355414271355,0.06940176337957382,0.030372075736522675,-0.017520084977149963,-0.04824582487344742,0.010688003152608871,-0.016134565696120262,0.041240062564611435,0.06893092393875122,0.039938267320394516,-0.0467410646378994
0.05622338503599167,-0.026874568313360214,0.01422224473208189,0.04902451112866402,0.08232858031988144,-0.05495419353246689,0.024356437847018242,-0.005930008366703987,-0.02668246254324913,-0.08985486626625061,-0.017681222409009933,0.0883648619055748,-0.03991774469614029,0.06461592763662338,0.004669647663831711,0.037765879184007645,-0.04724137857556343,0.010306705720722675,-0.04878486320376396,0.017197260633111
-0.05777159333229065,-0.00843094289302826,-0.04824589937925339,0.08957601338624954,0.09899979084730148,0.0672970861196518,0.03266284242272377,-0.029854727908968925,0.0004589300660882145,-0.035716474056243896,-0.05258804187178612,0.04366108402609825,0.05876041203737259,0.07958057522773743,0.001487379427999258,0.05049091577529907,0.04628942906856537,0.07419487088918686,0.057555168867111206,0.014140607789158821
0.03445061668753624,0.06993596255779266,-0.035412609577178955,0.03262748569250107,0.0033730582799762487,-0.06266496330499649,0.0017029468435794115,0.055797405540943146,-0.04666364938020706,-0.04253712296485901,-0.06732101738452911,0.04330945014953613,0.00020012544700875878,-0.03354959934949875,-0.037397872656583786,0.046242084354162216,0.061246566474437714,-0.027138283476233482,0.010175054892897606,0.017057418823242188
0.06136712059378624,0.051867660135030746,-0.005119542591273785,-0.0006523714400827885,0.02396984212100506,-0.04598693549633026,0.0550098642706871,-0.01988803967833519,0.038719408214092255,-0.03575882315635681,0.05655626207590103,0.057416751980781555,-0.02918284200131893,0.05037691071629524,0.08011756837368011,-0.021647799760103226,-0.01506589911878109,0.0477304682135582,0.07102318853139877,-0.008068909868597984
-0.038323283195495605,-0.00686992472037673,0.06360957771539688,-0.02507968433201313,0.12202326208353043,-0.04579424858093262,-0.02001667022705078,-0.02728467434644699,0.037174154072999954,-0.08624402433633804,-0.006604344584047794,-0.03746746480464935,-0.03555181995034218,-0.01989363320171833,0.1001226007938385,0.07690591365098953,-0.015946801751852036,0.034884821623563766,-0.058980878442525864,-0.03576777130365372
0.053371116518974304,0.058456189930438995,0.007626818958669901,-0.01598571613430977,-0.0009394462103955448,0.017708024010062218,-0.07968176901340485,0.010028735734522343,-1.5644632185285445e-06,-0.07931103557348251,-0.04374944791197777,-0.03694263473153114,0.06003441661596298,0.09232933819293976,-0.03497828170657158,-0.00749130779877305,0.05463312938809395,0.014996449463069439,-0.04250367730855942,0.028180677443742752
-0.02295510657131672,-0.0348360538482666,-0.046762533485889435,0.022321850061416626,0.01582922786474228,-0.05246458947658539,0.014038614928722382,0.0011607634369283915,0.0497821643948555,-0.06748268008232117,-0.004349155817180872,0.06517110019922256,0.006440518423914909,-0.051406677812337875,0.03423603996634483,0.05630509555339813,-0.04574650153517723,0.03585210070014,0.038087595254182816,-0.056925512850284576
-0.02295510657131672,-0.0348360538482666,-0.046762533485889435,0.022321850061416626,0.01582922786474228,-0.05246458947658539,0.014038614928722382,0.0011607634369283915,0.0497821643948555,-0.06748268008232117,-0.004349155817180872,0.06517110019922256,0.006440518423914909,-0.051406677812337875,0.03423603996634483,0.05630509555339813,-0.04574650153517723,0.03585210070014,0.038087595254182816,-0.056925512850284576
-0.05488280579447746,0.0207379013299942,-0.06495275348424911,-0.0538170151412487,0.11243527382612228,0.007887886837124825,0.03746592625975609,0.019757017493247986,0.03213009610772133,-0.08189690858125687,-0.010725356638431549,-0.03147999569773674,-0.016980640590190887,0.05077291652560234,-0.015362687408924103,-0.028954075649380684,0.0580485574901104,-0.040283843874931335,0.04358310624957085,-0.015241491608321667
-0.02295510657131672,-0.0348360538482666,-0.046762533485889435,0.022321850061416626,0.01582922786474228,-0.05246458947658539,0.014038614928722382,0.0011607634369283915,0.0497821643948555,-0.06748268008232117,-0.004349155817180872,0.06517110019922256,0.006440518423914909,-0.051406677812337875,0.03423603996634483,0.05630509555339813,-0.04574650153517723,0.03585210070014,0.038087595254182816,-0.056925512850284576
-0.025362970307469368,0.05815980210900307,0.018314829096198082,0.04124864563345909,0.10450868308544159,-0.06415686011314392,0.05270049721002579,0.0629853680729866,0.05128750950098038,0.02840241976082325,0.015210418030619621,0.0104176364839077,0.04973939061164856,0.0006764829740859568,0.08833299577236176,-0.0042076800018548965,-0.06194412335753441,-0.03051748499274254,-0.03882121294736862,0.024605683982372284
-0.05273320525884628,0.04724378138780594,0.023576639592647552,0.07102832943201065,0.07304954528808594,0.06811906397342682,0.03514724224805832,-0.02537524700164795,-0.040471382439136505,-0.10316425561904907,0.031645167618989944,-0.03659098967909813,-0.0010057978797703981,0.0671401172876358,-0.0071550696156919,-0.044451754540205,0.002214757725596428,-0.032299015671014786,0.039597563445568085,-0.025722207501530647
0.06239655613899231,-0.02134109102189541,-0.06620132178068161,-0.056083794683218,0.0009256470366381109,0.06012377887964249,0.028519850224256516,0.05059147998690605,0.0398123599588871,0.015186844393610954,-0.025505904108285904,0.060576777905225754,0.0353899821639061,0.061574988067150116,0.06869684159755707,0.03898627683520317,0.027986135333776474,-0.03632460907101631,-0.0025491085834801197,-0.08500528335571289
0.022449424490332603,0.008334229700267315,-0.04159735515713692,-0.04335116967558861,0.009474324993789196,-0.03770236298441887,-0.026731383055448532,0.014894595369696617,0.04171010106801987,-0.10574840754270554,-0.06172775477170944,-0.0019997863564640284,0.0005627188947983086,0.0031148067209869623,-0.028890931978821754,0.05141940340399742,-0.015860741958022118,0.008700232952833176,-0.0536993183195591,0.03070659562945366
-0.04132822901010513,-0.037819754332304,-0.03914817050099373,-0.01957123912870884,0.08682336658239365,-0.07321959733963013,0.027400504797697067,-0.022997114807367325,-0.0744149461388588,0.026497405022382736,0.008769616484642029,-0.04298245534300804,-0.03637027367949486,0.00701363617554307,0.051550544798374176,-0.006439425051212311,-0.02421640232205391,0.017895447090268135,0.0662148967385292,-0.08291683346033096
-0.002340099075809121,-0.033100418746471405,0.01576905883848667,0.03311840072274208,0.031044598668813705,-0.06812479346990585,-0.018278807401657104,-0.03632526099681854,0.008394215255975723,-0.07313696295022964,-0.06454216688871384,0.08391603827476501,-0.0729115903377533,-0.004409899469465017,0.10538901388645172,0.06863681972026825,0.025006111711263657,-0.0360138975083828,0.016525451093912125,-0.07041489332914352
0.017338687554001808,0.03424844145774841,-0.026074077934026718,0.08217233419418335,0.06849135458469391,0.03333759680390358,0.032508376985788345,0.07340478897094727,0.005072983913123608,0.0172329843044281,-0.007333158515393734,0.026735760271549225,-0.004231549333781004,-0.03875700756907463,0.10383344441652298,-0.031355708837509155,-0.05621660500764847,0.05565275251865387,0.025903429836034775,-0.07525331526994705
-0.023848388344049454,0.004514466971158981,0.004248210694640875,0.0775827169418335,-0.01204218715429306,-0.02124086022377014,-0.045225586742162704,0.05515032261610031,-0.02842506393790245,-0.08988936990499496,0.07786427438259125,0.09454597532749176,-0.06655561923980713,0.025262419134378433,-0.03332895413041115,0.06518343091011047,-0.058381516486406326,-0.01305002998560667,0.011271103285253048,-0.011469404213130474
0.05704424902796745,0.04912590980529785,0.055352360010147095,-0.004518188536167145,0.049789488315582275,0.06392674148082733,-0.03854280337691307,-0.01146762166172266,-0.07024198025465012,0.03786669299006462,-0.044335030019283295,0.04775116965174675,-0.050343550741672516,0.0386408306658268,0.07242690026760101,0.062144067138433456,0.016322309151291847,-0.011810064315795898,-0.01303886342793703,0.02675899676978588
-0.029570911079645157,0.052748218178749084,0.00648083258420229,-0.012655309401452541,-0.009881672449409962,0.027943946421146393,-0.03813100606203079,-0.011311701498925686,0.0013087554834783077,0.022076770663261414,0.027858668938279152,0.026921739801764488,0.06148390844464302,0.04663275182247162,0.013404086232185364,0.07244250178337097,0.04228685796260834,-0.06112104281783104,0.05572611466050148,-0.030492810532450676
0.040224846452474594,0.014005512930452824,-0.032328251749277115,0.0025463784113526344,0.09159663319587708,0.003159833839163184,0.02353074587881565,0.07138823717832565,0.056452855467796326,0.03695039078593254,-0.051992017775774,-0.01701394096016884,-0.005849046166986227,0.06454852968454361,0.04803823307156563,-0.047074396163225174,0.014643647707998753,-0.019929124042391777,0.07553625106811523,-0.0463537722826004
0.04521866515278816,0.02315533719956875,0.012106901034712791,0.046271294355392456,0.10234586894512177,0.04563621059060097,0.041538055986166,-0.05593876913189888,0.0100779440253973,-0.06628269702196121,0.06264425069093704,0.013844297267496586,-0.07662421464920044,-0.013788989745080471,0.06826262921094894,0.06046370416879654,0.014583196491003036,0.06434541940689087,-0.02346148155629635,0.05537572503089905
0.0012208549305796623,0.01609288528561592,0.07325614243745804,0.04136393219232559,0.05545003339648247,0.059075042605400085,-0.06525297462940216,0.06596487015485764,-0.08727281540632248,-0.04067602753639221,0.030630283057689667,0.04178396239876747,-0.026913292706012726,-0.001196551718749106,0.015509488992393017,0.029372019693255424,0.055927861481904984,0.04560109227895737,-0.007717458065599203,0.020804863423109055
0.03292973339557648,-0.016973324120044708,0.03358771279454231,0.06850557774305344,0.027993081137537956,0.0683153048157692,-0.07082706689834595,-0.021926548331975937,-0.051211241632699966,-0.010569710284471512,0.05232646316289902,0.08064920455217361,-0.02565055899322033,0.06250954419374466,0.08366742730140686,-0.011972062289714813,0.0562826432287693,0.027736002579331398,-0.024378350004553795,-0.053697291761636734
0.019601723179221153,0.07217911630868912,0.01231479737907648,-0.046001847833395004,0.038388535380363464,-0.009677622467279434,0.049547117203474045,0.007932787761092186,-0.02953065000474453,-0.06649946421384811,-0.003848274936899543,0.030610263347625732,-0.012334185652434826,-0.018032969906926155,0.049990296363830566,0.06548426300287247,-0.0333971343934536,0.03219813480973244,-0.06417004019021988,-0.03936098888516426
-0.05687200650572777,-0.007312455214560032,0.049621257930994034,-0.04116125777363777,-0.023581335321068764,-0.06993710994720459,0.014239799231290817,-0.056537892669439316,-0.06536485999822617,-0.02065393701195717,-0.002733832923695445,-0.029773905873298645,0.019663406535983086,0.011545746587216854,0.033165134489536285,-0.03344770520925522,0.04391154646873474,0.016975516453385353,-0.009678303264081478,-0.06832410395145416
0.015883639454841614,0.05012361705303192,0.0007292567752301693,0.08851160109043121,0.01116869691759348,0.02526017837226391,-0.0271464716643095,-0.020611144602298737,-0.05230582877993584,0.03625135123729706,-0.014875034801661968,0.03970939666032791,-0.045327119529247284,-0.03289284184575081,0.08707929402589798,-0.02516426518559456,-0.028329186141490936,-0.002941352780908346,0.023304937407374382,-0.04758796468377113
0.01747344620525837,0.023439448326826096,0.04302924871444702,-0.002217237837612629,0.0404500775039196,-0.06807179749011993,-0.01843462884426117,0.07331743836402893,-0.02793046459555626,-0.05069367587566376,-0.0072089023888111115,0.07968983054161072,-0.004533817991614342,-0.01816726103425026,0.05059799179434776,0.0614422969520092,-0.0010049082338809967,-0.05103481933474541,-0.007946943864226341,0.0190945602953434
-0.06068922579288483,-0.0029850141145288944,0.008640575222671032,0.09014543890953064,0.10455157607793808,-0.0509381927549839,0.012048188596963882,-0.025711536407470703,-0.057814665138721466,-0.013805331662297249,0.0479733981192112,0.08321815729141235,-0.047509562224149704,-0.006456555798649788,0.047678157687187195,0.0003132713318336755,-0.041642531752586365,0.04093337804079056,-0.010697106830775738,0.0069015417248010635
0.04510112851858139,0.014264432713389397,0.037984248250722885,-0.029268847778439522,0.09757772833108902,0.07009560614824295,-0.005697205197066069,0.033242784440517426,-0.06833135336637497,-0.09445947408676147,0.05961053445935249,0.009786238893866539,-0.014951754361391068,0.017308825626969337,0.03209884092211723,-0.017040003091096878,0.011619248427450657,0.04104141891002655,-0.030542759224772453,0.05213265120983124
0.004405722953379154,-0.021306173875927925,0.069091796875,-0.00021830839978065342,-0.019252175465226173,0.04150673747062683,-0.07112962007522583,-0.01108294352889061,0.016114022582769394,0.006897002458572388,-0.007942825555801392,0.001030450570397079,0.06625686585903168,0.08736517280340195,0.08915970474481583,-0.028948012739419937,0.058014463633298874,-0.052094049751758575,0.07304328680038452,-0.05545036494731903
0.009251915849745274,0.010884059593081474,-0.050158701837062836,0.043348103761672974,0.028738006949424744,0.015820566564798355,-0.05980701744556427,0.0648985430598259,-0.004658931866288185,-0.055371589958667755,-0.029553059488534927,-0.004154297057539225,-0.003904850222170353,-0.021213481202721596,-0.025972459465265274,-0.048606932163238525,0.03208103030920029,-0.024931587278842926,0.0735463872551918,-0.03973345831036568
-0.015977725386619568,0.0256748516112566,0.07334191352128983,-0.02522854506969452,0.04131550341844559,0.02654135413467884,-0.04730169102549553,0.01759171485900879,-0.012294732965528965,-0.09494009613990784,-0.05228995159268379,0.03807494416832924,-0.005549171008169651,0.05708897486329079,0.02703757770359516,0.041145797818899155,0.03595532476902008,0.061796847730875015,0.07655787467956543,0.047866519540548325
-0.015977725386619568,0.0256748516112566,0.07334191352128983,-0.02522854506969452,0.04131550341844559,0.02654135413467884,-0.04730169102549553,0.01759171485900879,-0.012294732965528965,-0.09494009613990784,-0.05228995159268379,0.03807494416832924,-0.005549171008169651,0.05708897486329079,0.02703757770359516,0.041145797818899155,0.03595532476902008,0.061796847730875015,0.07655787467956543,0.047866519540548325
-0.007117757573723793,-0.015392707660794258,0.041645992547273636,-0.054127756506204605,0.08459379523992538,-0.06912913918495178,-0.05497828498482704,0.08026938885450363,-0.004454184323549271,-0.07608289271593094,0.04699574038386345,0.06003502011299133,-0.05802980437874794,-0.012129678390920162,0.03429211676120758,-0.04504844918847084,-0.014894659630954266,0.055130988359451294,0.020792052149772644,-0.0655134841799736
-0.007117757573723793,-0.015392707660794258,0.041645992547273636,-0.054127756506204605,0.08459379523992538,-0.06912913918495178,-0.05497828498482704,0.08026938885450363,-0.004454184323549271,-0.07608289271593094,0.04699574038386345,0.06003502011299133,-0.05802980437874794,-0.012129678390920162,0.03429211676120758,-0.04504844918847084,-0.014894659630954266,0.055130988359451294,0.020792052149772644,-0.0655134841799736
0.06712576001882553,-0.052744053304195404,0.013310650363564491,-0.05490193888545036,-0.005921705160290003,-0.04511989653110504,0.03391660749912262,-0.004549015779048204,0.02433672919869423,-0.021273063495755196,-0.06410485506057739,0.09029916673898697,-0.0435326062142849,-0.030814990401268005,0.07370995730161667,0.060536716133356094,0.022885218262672424,0.06655129790306091,-0.02887965366244316,-0.03425373509526253
0.06712576001882553,-0.052744053304195404,0.013310650363564491,-0.05490193888545036,-0.005921705160290003,-0.04511989653110504,0.03391660749912262,-0.004549015779048204,0.02433672919869423,-0.021273063495755196,-0.06410485506057739,0.09029916673898697,-0.0435326062142849,-0.030814990401268005,0.07370995730161667,0.060536716133356094,0.022885218262672424,0.06655129790306091,-0.02887965366244316,-0.03425373509526253
0.06712576001882553,-0.052744053304195404,0.013310650363564491,-0.05490193888545036,-0.005921705160290003,-0.04511989653110504,0.03391660749912262,-0.004549015779048204,0.02433672919869423,-0.021273063495755196,-0.06410485506057739,0.09029916673898697,-0.0435326062142849,-0.030814990401268005,0.07370995730161667,0.060536716133356094,0.022885218262672424,0.06655129790306091,-0.02887965366244316,-0.03425373509526253
-0.04371429607272148,0.06147581338882446,-0.03748972713947296,-0.0011073030764237046,0.014139389619231224,-0.03372631594538689,-0.04855716973543167,-0.04517665132880211,0.0020451764576137066,-0.07653984427452087,0.0034958915784955025,-0.03284221887588501,-0.06026436388492584,0.052638016641139984,0.08044213801622391,0.030378499999642372,0.026513125747442245,-0.03707718104124069,0.0025375173427164555,-0.07094499468803406
-0.03531710430979729,-0.058755479753017426,-0.011791652999818325,0.032232169061899185,0.09626194089651108,0.01583533175289631,-0.04915328696370125,-0.01687752828001976,-0.03542700782418251,-0.0014617448905482888,0.03520083799958229,0.047171611338853836,0.014092239551246166,0.08220918476581573,-0.009009480476379395,0.04988274723291397,0.023968584835529327,-0.05216182395815849,-0.053588900715112686,0.011927097104489803
0.05701933056116104,-0.06093272194266319,-0.0546906478703022,-0.002733508823439479,0.09894432127475739,-0.030965102836489677,-0.03320120647549629,-0.02077997289597988,-0.07269132137298584,-0.03001393936574459,0.026310957968235016,0.039368629455566406,0.03082256019115448,0.015124518424272537,-0.01990973949432373,0.046204131096601486,-0.05049417167901993,0.06387663632631302,0.04386305436491966,-0.043682221323251724
0.04594111442565918,-0.04955028370022774,-0.009442498907446861,0.06873030960559845,0.08653485029935837,0.038746822625398636,-0.03297274559736252,0.007112759165465832,-0.06899476796388626,-0.013731037266552448,0.054440174251794815,-0.037199512124061584,0.00567238824442029,-0.03325098380446434,0.0833161398768425,0.06776243448257446,-0.01573319360613823,0.06459726393222809,0.04842228442430496,-0.06953340023756027
0.052269767969846725,-0.04467541351914406,-0.028515024110674858,0.07276390492916107,0.07381802052259445,-0.04623083397746086,0.018339484930038452,-0.01037286315113306,0.0021204242948442698,-0.0774959921836853,-0.055464666336774826,0.07777424901723862,0.05172691494226456,0.08774535357952118,0.008361365646123886,0.03924275189638138,-0.060885172337293625,-0.07372939586639404,0.009385711513459682,0.013395152054727077
-0.062095966190099716,-0.0009803971042856574,0.04688844084739685,-0.047295477241277695,0.010622826404869556,-0.0042726220563054085,-0.06699458509683609,0.04678763821721077,-0.017152246087789536,-0.015678098425269127,0.058876167982816696,0.07136677950620651,0.06308304518461227,0.07367546856403351,-0.013285485096275806,0.06251323223114014,0.0077247899025678635,0.055537234991788864,-0.03552628681063652,-0.07142554968595505
-0.005554240196943283,0.06891705095767975,0.00410260958597064,0.0713312029838562,0.04666652902960777,0.06487034261226654,-0.034319423139095306,-0.04215914011001587,-0.07669777423143387,-0.08551999926567078,0.05148661509156227,0.003397818421944976,-0.0030261727515608072,0.008416557684540749,0.0883452519774437,0.042879391461610794,-0.029546625912189484,0.02609001286327839,-0.014461585320532322,-0.04682661220431328
-0.05524687096476555,-0.06157820671796799,0.005006602965295315,0.017933553084731102,0.053251784294843674,-0.012374638579785824,-0.0023209077771753073,-0.018684610724449158,0.03159315884113312,-0.06679538637399673,0.05174688249826431,0.0068813166581094265,0.02447739616036415,0.052824195474386215,0.09761767834424973,0.04508424177765846,-0.03201470151543617,-0.008284155279397964,0.021775491535663605,-0.053946949541568756
-0.004171011503785849,0.06571407616138458,0.06419000774621964,0.0066798049956560135,0.02218020334839821,0.0036645098589360714,-0.08156304806470871,-0.046708110719919205,-0.07383226603269577,-0.1055881604552269,0.02469458431005478,0.06465152651071548,-0.060124434530735016,-0.007738737855106592,-0.011571357026696205,-0.02301754429936409,0.044871069490909576,-0.06126296520233154,-0.0651620551943779,-0.0021391441114246845
-0.038876552134752274,-0.04499009624123573,-0.0498155876994133,0.03485222905874252,0.08217035979032516,0.04829230532050133,-0.044348739087581635,-0.05064728111028671,-0.059333644807338715,-0.08522309362888336,-0.03814929723739624,0.07645982503890991,-0.05989166721701622,0.05131564289331436,0.059877827763557434,0.04305952042341232,-0.02487550489604473,0.05060339346528053,0.06023842468857765,0.0016655820654705167
-0.050237637013196945,-0.05058882012963295,-0.011363418772816658,0.07717517018318176,0.02610498107969761,-0.0033124489709734917,0.008133613504469395,-0.029542867094278336,-0.06689979135990143,-0.09640052914619446,0.028340116143226624,0.06283612549304962,-0.007001055404543877,0.0021224617958068848,0.0904245600104332,-0.04941355437040329,0.049091801047325134,0.018990160897374153,-0.007784984540194273,0.016880158334970474
0.013613597489893436,0.008978619240224361,0.02549457550048828,0.03863399103283882,0.07121598720550537,0.05458106845617294,0.029628554359078407,-0.03165048733353615,-0.004620057065039873,-0.03550151363015175,-0.037569522857666016,0.004254121333360672,0.0383329838514328,-0.03496004641056061,0.06128944829106331,-0.02492012456059456,0.056002236902713776,0.01809847354888916,0.012189703062176704,-0.08297712355852127
-0.0031674790661782026,-0.05846749246120453,-0.034586720168590546,0.07404171675443649,-0.02349148504436016,0.04679816588759422,-0.038336239755153656,0.0771481990814209,-0.042462170124053955,-0.02985680289566517,-0.037070754915475845,-0.026013987138867378,-0.0394190289080143,0.028833573684096336,0.0518597774207592,0.013203536160290241,0.010108020156621933,0.03885837644338608,0.009600749239325523,0.015064612962305546
-0.0347975417971611,-0.05951758846640587,0.04826166480779648,0.019255684688687325,0.10878963023424149,0.037457458674907684,-0.04158471152186394,0.030754800885915756,0.028955942019820213,-0.07654555886983871,-0.006599233020097017,0.03645631670951843,0.06595093756914139,0.0162950586527586,0.0410672165453434,0.03722405061125755,0.05734911188483238,-0.02012687176465988,0.017320286482572556,-0.00454702926799655
-0.050444308668375015,-0.002387306420132518,0.03872458264231682,-0.005205548368394375,0.050222281366586685,-0.024173444136977196,-0.06913900375366211,-0.04775642976164818,-0.05832100659608841,-0.06652107834815979,0.009455555118620396,-0.01081638503819704,0.0696183368563652,0.07069069147109985,0.044057924300432205,0.03279202803969383,-0.019495010375976562,0.01566874235868454,0.06015312299132347,0.0015430307248607278
0.01052255742251873,-0.012303661555051804,0.07446059584617615,0.02437753975391388,0.04763273522257805,-0.007252102252095938,0.009495978243649006,0.016247691586613655,0.002250707009807229,-0.06908556073904037,-0.004179966636002064,0.09543126076459885,-0.014865275472402573,0.06698092818260193,0.0788484513759613,-0.025460826233029366,-0.05234667286276817,0.05788271501660347,-0.06761500984430313,-0.04789377376437187
0.0034090594854205847,-0.05637924373149872,0.01977064274251461,0.07687591016292572,0.02799411490559578,0.04354335740208626,-0.054306212812662125,0.007336276117712259,-0.01828281208872795,-0.0876871794462204,0.03916950523853302,-0.0025626758579164743,0.058518778532743454,0.015879541635513306,0.05832983925938606,0.035915493965148926,-0.009569916874170303,-0.020150339230895042,0.029638681560754776,-0.06322116404771805
-0.03946451470255852,0.001152246491983533,0.02931741438806057,0.028409279882907867,0.09894006699323654,-0.06452906131744385,-0.06260765343904495,0.008504162542521954,0.00020972614584024996,0.02436571568250656,0.014157348312437534,-0.036323271691799164,-0.05078231543302536,-0.012065228074789047,0.05539281666278839,0.08718132972717285,-0.01979300007224083,-0.06076039373874664,-0.0574127733707428,0.00727266538888216
0.04762577265501022,-0.04118741676211357,-0.03994292765855789,0.04689410328865051,0.03750213608145714,-0.017133740708231926,-0.05748296529054642,0.07577329128980637,-0.029021229594945908,0.005492859054356813,0.005222279578447342,0.012446941807866096,-0.039404164999723434,-0.011768903583288193,0.08630827069282532,0.015899144113063812,0.06657882779836655,0.03164706379175186,0.023410269990563393,0.0366373136639595
-0.05064963176846504,0.018654953688383102,-0.02010277472436428,-0.05385328829288483,0.03310217335820198,-0.06463959813117981,0.04863116890192032,0.026604538783431053,0.006154766771942377,0.014129098504781723,0.04679775610566139,0.06259138137102127,0.06831373274326324,-0.010744174011051655,0.05715206637978554,0.0238615944981575,0.05825318023562431,-0.045428331941366196,-0.03655463829636574,0.0044545261189341545
-0.06824835389852524,0.0719955638051033,-0.044740378856658936,0.04514627903699875,0.006481701508164406,-0.0318731814622879,-0.026569653302431107,0.0029922809917479753,0.030995022505521774,-0.005486087407916784,0.036779504269361496,0.07075092196464539,-0.05115298554301262,0.024277344346046448,0.06072905659675598,0.07220689207315445,0.07388962805271149,0.03010331094264984,0.025763968005776405,-0.0365428663790226
-0.08527861535549164,-0.059350233525037766,-0.04950110241770744,-0.05117117986083031,0.09234833717346191,0.028899872675538063,-0.036617882549762726,-0.043130263686180115,0.006476863753050566,0.0026298549491912127,0.06393508613109589,0.045595090836286545,-0.010528942570090294,0.0861264318227768,0.0966983214020729,-0.05675625428557396,0.05664753541350365,0.0611063577234745,0.06553447246551514,0.010727028362452984
-0.06019286811351776,0.040303152054548264,-0.056219782680273056,0.04458365589380264,0.08511820435523987,-0.016661494970321655,-0.07008416950702667,0.031502801924943924,-0.06865326315164566,-0.05774860084056854,-0.065964475274086,0.04035598039627075,0.051624346524477005,-0.024862011894583702,0.02870762161910534,0.025895578786730766,0.032085251063108444,-0.019835393875837326,-0.025450589135289192,-0.04156721755862236
0.03366516903042793,0.06489475071430206,-0.03853211924433708,0.0623922161757946,-0.01490566972643137,0.06172773987054825,-0.058810509741306305,-0.02663612551987171,0.02143910340964794,0.02871905453503132,0.047605592757463455,0.0312640480697155,-0.04319652169942856,0.08135750889778137,0.04564226046204567,0.019955340772867203,0.04497525468468666,0.06416692584753036,0.07503102719783783,-0.01152059156447649
-0.05521032586693764,0.061306409537792206,-0.05560385435819626,-0.012835890986025333,0.11003752797842026,-0.07110615819692612,-0.03504032641649246,-0.051935501396656036,0.025696953758597374,-0.10202652961015701,-0.025363964959979057,0.09281834959983826,-0.05861774832010269,0.09223396331071854,-0.009877804666757584,0.07462996244430542,0.005804982502013445,-0.0527605339884758,-0.05186058580875397,-0.04753812029957771
0.04562107101082802,-0.034682027995586395,-0.023678096011281013,0.04138622060418129,-0.013651520013809204,0.009637598879635334,-0.06814239174127579,0.012429136782884598,-0.0027536286506801844,-0.09446125477552414,-0.013235626742243767,-0.02526235394179821,-0.017733849585056305,-0.022010337561368942,-0.01056519616395235,-0.0029138571117073298,-0.0015270629664883018,-0.05557626113295555,0.04384591430425644,-0.056128982454538345
0.02043761871755123,0.03234825283288956,-0.059245988726615906,-0.03647688031196594,0.0037308463361114264,0.043340276926755905,-0.05033428966999054,-0.021570265293121338,-0.02342924475669861,-0.06867636740207672,0.0655929446220398,0.09744898974895477,-0.06795234978199005,-0.04288783669471741,0.009482643567025661,0.010911918245255947,0.018669599667191505,-0.004418087191879749,0.046018242835998535,0.02808946557343006
-0.03915875405073166,-0.021215355023741722,-0.0248634722083807,0.045485012233257294,0.02195066586136818,-0.06643234193325043,-0.03711742162704468,-0.039980463683605194,0.031295593827962875,0.02237579971551895,0.0016010194085538387,0.05556991323828697,0.06126444786787033,0.0893106684088707,-0.002628062851727009,0.012214075773954391,0.06643233448266983,0.03401629999279976,-0.028298359364271164,0.013269911520183086
-0.02255089208483696,0.028023013845086098,0.039855923503637314,0.07737858593463898,0.08978220820426941,0.029732560738921165,-0.021989675238728523,-0.04577226564288139,-0.04515526071190834,-0.049552347511053085,-0.04222843423485756,-0.024700619280338287,-0.02295386791229248,0.054471127688884735,-0.0006434274837374687,0.0382973775267601,0.06665048748254776,0.005872852168977261,-0.026898762211203575,-0.04218673333525658
-0.032481130212545395,-0.05970863997936249,-0.009048623032867908,-0.038895200937986374,0.06446869671344757,0.03760479390621185,0.036144036799669266,-0.04453285038471222,-0.06497323513031006,-0.02690749801695347,-0.05054479092359543,0.018506521359086037,-0.05245358496904373,0.05762618035078049,0.07630313187837601,0.015506049618124962,0.06678236275911331,-0.032466620206832886,-0.014764802530407906,0.04717310145497322
-0.04198271408677101,0.04531269520521164,-0.03180190548300743,0.08530476689338684,0.12036849558353424,-0.006922616623342037,0.01615876518189907,0.0062274388037621975,-0.06741108000278473,-0.007755780126899481,-0.0040320646949112415,0.005489416886121035,-0.0013845113571733236,0.04897436127066612,-0.004803722724318504,-0.001251634443178773,0.0541992224752903,0.06293944269418716,-0.020353099331259727,0.05852341279387474
0.026361731812357903,-0.008541470393538475,-0.05156867951154709,-0.03414750099182129,0.04707575961947441,0.057636696845293045,-0.0438341423869133,0.026019994169473648,0.030212560668587685,-0.059224218130111694,-0.032801348716020584,0.04547861963510513,0.01842041127383709,-0.04507730156183243,-0.01515303272753954,0.07185148447751999,-0.03910588100552559,0.003177650272846222,0.04012201726436615,-0.002937745302915573
0.06296370178461075,-0.04449077323079109,0.06013282760977745,0.012828069739043713,0.002157295122742653,0.04405641928315163,-0.06762039661407471,-0.046683650463819504,0.0024221015628427267,-0.09822507202625275,-0.023405924439430237,0.053873904049396515,0.0138597022742033,0.08059670776128769,0.08561337739229202,-0.032107722014188766,-0.04207281023263931,0.03748834505677223,0.052964113652706146,-0.017415830865502357
0.028233133256435394,-0.004489871207624674,0.06004362925887108,0.05145380645990372,0.10802077502012253,0.0030097386334091425,-0.024546943604946136,0.04928001016378403,-0.009788049384951591,-0.0957711860537529,0.04840259999036789,0.03877875581383705,-0.07170061767101288,0.03858669102191925,0.0672440454363823,0.03903649374842644,-0.0023150769993662834,-0.0006130016990937293,-0.028522364795207977,0.03284282237291336
0.0439114049077034,0.04748279228806496,0.018407510593533516,0.015484551899135113,-0.00783122330904007,-0.03019685484468937,0.009283163584768772,0.056210000067949295,0.010478884913027287,0.008906322531402111,0.05143588036298752,0.05595565214753151,0.02640627510845661,0.08763273805379868,0.034730952233076096,0.00878001656383276,-0.026997430250048637,-0.05587496981024742,-0.05237096920609474,0.02201615460216999
0.05946207419037819,-0.007578594610095024,0.0007576757343485951,-0.0036829093005508184,0.09946571290493011,-0.04094602167606354,-0.011633632704615593,-0.021470390260219574,-0.05438359081745148,-0.05196644738316536,-0.009305995889008045,0.06014164164662361,0.0075441086664795876,0.035353515297174454,0.01032271794974804,0.058331601321697235,0.06504282355308533,0.023905370384454727,-0.0031879243906587362,-0.07474204897880554
-0.05104433372616768,0.007081064395606518,0.045422106981277466,0.08445204794406891,-0.014224700629711151,0.06321892142295837,0.06110995262861252,0.06587939709424973,-0.04768465831875801,-0.017233965918421745,0.05443974584341049,-0.0045679486356675625,-0.03357507288455963,0.03253350406885147,0.07398707419633865,0.06453464925289154,-0.061395350843667984,0.01974361203610897,0.03945695236325264,0.0016645342111587524
-0.0019209124147891998,-0.028734488412737846,0.03309083729982376,0.05934036150574684,-0.012000522576272488,0.04796357452869415,-0.04641572758555412,-0.011943111196160316,-0.02236003428697586,-0.10271985083818436,0.06501150876283646,0.06097780540585518,0.06020425632596016,0.04016921669244766,-0.022529995068907738,0.06251925230026245,-0.02920222096145153,-0.025257663801312447,-0.04999643564224243,0.037917714565992355
0.06012516841292381,-0.03612586110830307,0.05275490880012512,-0.025512564927339554,0.05159727483987808,0.0163439828902483,0.03878951445221901,0.030330218374729156,-0.03674465790390968,-0.00650319317355752,0.0011704150820150971,0.021506287157535553,-0.044382113963365555,0.10006280988454819,0.046433866024017334,-0.021802159026265144,0.039797428995370865,-0.004639229737222195,0.0696140006184578,0.029431909322738647
0.06012516841292381,-0.03612586110830307,0.05275490880012512,-0.025512564927339554,0.05159727483987808,0.0163439828902483,0.03878951445221901,0.030330218374729156,-0.03674465790390968,-0.00650319317355752,0.0011704150820150971,0.021506287157535553,-0.044382113963365555,0.10006280988454819,0.046433866024017334,-0.021802159026265144,0.039797428995370865,-0.004639229737222195,0.0696140006184578,0.029431909322738647
0.06012516841292381,-0.03612586110830307,0.05275490880012512,-0.025512564927339554,0.05159727483987808,0.0163439828902483,0.03878951445221901,0.030330218374729156,-0.03674465790390968,-0.00650319317355752,0.0011704150820150971,0.021506287157535553,-0.044382113963365555,0.10006280988454819,0.046433866024017334,-0.021802159026265144,0.039797428995370865,-0.004639229737222195,0.0696140006184578,0.029431909322738647
0.03124307468533516,-0.05354880914092064,0.010689899325370789,-0.03920426964759827,0.097483791410923,0.029773563146591187,-0.045323118567466736,-0.055574893951416016,0.017180277034640312,-0.027714040130376816,0.015763087198138237,0.05634789541363716,-0.017278380692005157,0.0840812623500824,0.026286646723747253,0.02820032835006714,0.019185228273272514,0.06632667034864426,0.05785351246595383,-0.004584397654980421
0.02973121777176857,0.03628861531615257,0.021865352988243103,0.018700087442994118,0.016476718708872795,0.04391983151435852,-0.05101567879319191,-0.024519970640540123,0.03995773196220398,-0.04731333255767822,0.01762259006500244,0.06944626569747925,-0.06914171576499939,0.09097831696271896,-0.010863617062568665,0.008485483005642891,-0.05488251522183418,0.05692541226744652,-0.01288900338113308,-0.013783381320536137
-0.0449475459754467,0.06985055655241013,-0.006889896467328072,0.03610578551888466,0.03318927064538002,-0.0037730932235717773,0.0014893990010023117,-0.05785037577152252,-0.01752738654613495,0.009144436568021774,0.03232990577816963,0.0719260573387146,-0.012216883711516857,0.07332687079906464,0.020629310980439186,0.051857560873031616,0.040447674691677094,0.016840673983097076,0.008006837218999863,-0.0815882608294487
-0.06051895022392273,-0.023367270827293396,-0.05307973921298981,0.03519056737422943,0.028485413640737534,0.0165010467171669,0.044221509248018265,-0.030020292848348618,-0.042002975940704346,-0.0768183097243309,0.06962963193655014,0.05651829391717911,0.04297010228037834,-0.0006319901440292597,-0.018719524145126343,0.07787342369556427,0.02038698084652424,0.023001447319984436,0.06255312263965607,-0.05421710014343262
0.04031024128198624,0.02357478253543377,0.0058347312733531,0.037101686000823975,0.09328797459602356,0.008489198051393032,0.00011595985415624455,-0.01251638401299715,-0.07920452207326889,-0.023647043853998184,0.02811018005013466,0.0781615823507309,-0.003508137771859765,-0.013962161727249622,-0.02554088644683361,-0.05029928684234619,-0.06652039289474487,0.02909015864133835,-0.036221858114004135,0.005120065063238144
-0.05743959918618202,0.061352040618658066,-0.049630213528871536,-0.00022161513334140182,0.08437712490558624,0.012364322319626808,-0.06019816920161247,-0.033480454236269,-0.06237562745809555,-0.10257932543754578,-0.03968864306807518,-0.048747047781944275,0.024844547733664513,0.03257104009389877,0.08431961387395859,0.030111372470855713,-0.04707275331020355,0.02498866803944111,0.06596208363771439,-0.03307991102337837
0.05126756802201271,-0.010258966125547886,0.03516621142625809,0.03155729919672012,-0.008266096003353596,0.029041223227977753,0.0603448785841465,-0.007462257519364357,0.04242634400725365,-0.08368612080812454,-0.04651094600558281,0.027602221816778183,-0.040961623191833496,0.07850741595029831,-0.02485850267112255,0.06299692392349243,-0.011415279470384121,-0.04637712985277176,0.07139717787504196,-0.04316982999444008
-0.06556709855794907,0.046279940754175186,0.020671334117650986,-0.015378572978079319,-0.026608185842633247,-0.047586314380168915,0.015343586914241314,0.001973262056708336,0.0036937424447387457,-0.07681689411401749,-0.034600209444761276,0.04295814037322998,0.02344679646193981,0.04342988133430481,0.05587666481733322,0.08236785233020782,-0.03332584351301193,0.07228565961122513,-0.05423230677843094,0.006426597014069557
0.007832907140254974,-0.042978331446647644,0.023910632357001305,-0.01189796905964613,-0.011754938401281834,-5.8645029639592394e-05,0.010292412713170052,-0.05509164556860924,-0.06876786798238754,-0.08100064843893051,-0.01964973658323288,0.07815731316804886,-0.0318395271897316,0.07286658138036728,0.011117637157440186,-0.0417492613196373,-0.045580897480249405,-0.010115332901477814,0.07885105162858963,0.038281504064798355
0.02725311741232872,0.03145114704966545,0.07892829924821854,0.022053439170122147,0.1162380501627922,-0.006722933147102594,0.0568818673491478,-0.03843454271554947,0.02893323078751564,0.014632277190685272,0.011213980615139008,0.05056106299161911,-0.007216999307274818,0.09908166527748108,0.058457840234041214,0.04148634150624275,-0.0295584574341774,-0.010110815986990929,0.031077414751052856,0.041543588042259216
-0.027776069939136505,-0.042606059461832047,-0.060120414942502975,-0.04267611727118492,0.0022678731475025415,0.05331816524267197,0.06281159818172455,0.05265980213880539,-0.0348261259496212,0.030863070860505104,0.03860422596335411,0.023768188431859016,-0.048023492097854614,0.04706210270524025,-0.023028302937746048,0.01242119912058115,0.06470707058906555,-0.07101425528526306,0.01885109394788742,0.05696815252304077
-0.06085024029016495,-0.0016506381798535585,0.033456988632678986,0.0560511089861393,0.10260992497205734,0.055054906755685806,-0.013816475868225098,0.018797248601913452,0.016810128465294838,-0.07604138553142548,-0.009852688759565353,0.02612937241792679,-0.04645879939198494,0.057714175432920456,0.013979417271912098,0.06987890601158142,-0.01713833212852478,0.012773122638463974,0.07956929504871368,-0.013048782013356686
0.009823910892009735,-0.039095498621463776,0.003215170931071043,0.04918789118528366,0.09683577716350555,0.03141522780060768,-0.04241522029042244,-0.01995314657688141,0.0028872587718069553,-0.04800299182534218,0.0043443357571959496,-0.009258168749511242,0.007340145297348499,0.07073809951543808,0.053430404514074326,0.06403759121894836,-0.06563970446586609,-0.0031955926679074764,0.0068718744441866875,0.05211631581187248
0.005633021704852581,-0.013524618931114674,0.07636039704084396,0.048193078488111496,0.05638819560408592,-0.03855960816144943,-0.062425848096609116,-0.00594994006678462,0.0030744303949177265,0.016027046367526054,-0.04166879877448082,-0.03315882757306099,-0.047034937888383865,0.03557225316762924,-0.03162440285086632,-0.04488230496644974,0.021379629150032997,0.016322221606969833,0.024433132261037827,-0.057116102427244186
-0.027847804129123688,0.060454804450273514,0.01994406431913376,-0.05391883850097656,-0.0013189014280214906,0.04050781577825546,0.04160964488983154,0.038430266082286835,0.043375108391046524,-0.0405907928943634,0.019479388371109962,0.00965515524148941,-0.008713877759873867,-0.01189744845032692,0.050881966948509216,-0.05244651809334755,0.025225108489394188,0.04633688926696777,-7.662786811124533e-05,0.05059841275215149
0.05576096102595329,0.025777675211429596,0.0617804192006588,0.02839682810008526,0.035188205540180206,-0.02829584851861,-0.06521063297986984,0.020610429346561432,-0.015326056629419327,-0.07038073241710663,-0.0412856861948967,0.08883778750896454,0.013321323320269585,-0.017140105366706848,-0.022203877568244934,-0.04250200092792511,0.0067978170700371265,-0.00538598420098424,-0.035110585391521454,-0.026094945147633553
-0.05719016492366791,0.05543656274676323,-0.012153935618698597,-0.05089051276445389,0.07300473004579544,-0.054620638489723206,-0.02743341401219368,0.004897493869066238,0.01379269827157259,-0.07014315575361252,0.06824441999197006,-0.011883345432579517,0.06600534170866013,-0.006728088948875666,0.0011587479384616017,0.05710997059941292,0.0547366663813591,0.01874232478439808,-0.02885943464934826,0.020831521600484848
-0.056850362569093704,-0.022221341729164124,-0.06401768326759338,0.0015111509710550308,0.06822563707828522,0.05590163916349411,-0.054059792309999466,0.021336626261472702,-0.07004307955503464,-0.01978830061852932,0.05379224568605423,-0.031135300174355507,0.05858391895890236,0.059164050966501236,0.0962357446551323,-0.03395693749189377,0.03036644123494625,-0.009557291865348816,0.028728874400258064,0.040538325905799866
-0.02605997771024704,0.05558639392256737,-0.008443217724561691,0.0048729246482253075,0.02435191348195076,-0.05731011554598808,0.020788220688700676,0.0729081854224205,-0.06996619701385498,0.0033888542093336582,0.06946302205324173,0.0531502403318882,0.03574579954147339,0.0505475215613842,-0.027982110157608986,0.051612336188554764,0.023396864533424377,0.018549129366874695,-0.024257127195596695,-0.05578154698014259
-0.056850362569093704,-0.022221341729164124,-0.06401768326759338,0.0015111509710550308,0.06822563707828522,0.05590163916349411,-0.054059792309999466,0.021336626261472702,-0.07004307955503464,-0.01978830061852932,0.05379224568605423,-0.031135300174355507,0.05858391895890236,0.059164050966501236,0.0962357446551323,-0.03395693749189377,0.03036644123494625,-0.009557291865348816,0.028728874400258064,0.040538325905799866
-0.02829432301223278,-0.040132440626621246,-0.005041623488068581,0.07770978659391403,-0.01910134218633175,0.03602563962340355,0.026770051568746567,0.0380065031349659,0.01591794565320015,-0.04901221767067909,-0.04365593194961548,-0.04495478421449661,0.031209120526909828,0.0017524459399282932,0.09837305545806885,0.08460620790719986,0.03999096527695656,-0.005891171749681234,-0.05980736017227173,-0.04618138447403908
-0.011345750652253628,0.008559925481677055,-0.02045486494898796,0.049585502594709396,0.10224538296461105,-0.030673781409859657,0.027764692902565002,0.054715514183044434,0.027967531234025955,-0.007524626329541206,0.03992417827248573,0.024515362456440926,-0.013678425922989845,-0.04023168236017227,-0.010379290208220482,0.036671530455350876,-0.04744085296988487,-0.028947407379746437,0.04050392657518387,0.04428036883473396
0.03062809258699417,0.06727331876754761,-0.03684470057487488,-0.04331641271710396,0.09385868906974792,-0.05084545537829399,0.04853121191263199,0.03528054431080818,-0.03694624453783035,-0.03655559569597244,-0.05114196240901947,0.042806174606084824,-0.016007771715521812,0.04787018522620201,0.04089127480983734,0.06337989866733551,0.04907078668475151,-0.05666188523173332,-0.06278608739376068,-0.02419704757630825
-0.04887452721595764,-0.04371887445449829,-0.05981899052858353,0.07840532064437866,0.03220359608530998,0.04054122418165207,0.03617382422089577,0.07603505253791809,0.013116642832756042,-0.036423347890377045,-0.01651313155889511,-0.030351655557751656,-0.04459351673722267,0.06710100173950195,0.07290638983249664,0.003456466132774949,0.05482074245810509,-0.049334704875946045,0.02828228287398815,0.05178232118487358
-0.05836096033453941,-0.030816473066806793,0.050519585609436035,0.026938345283269882,0.07014080882072449,0.0006791800842620432,-0.05311678722500801,0.025234628468751907,0.04854246601462364,-0.01369310263544321,0.0265512652695179,0.06375328451395035,0.026790518313646317,0.009854299947619438,0.018408898264169693,0.06948689371347427,0.05865743011236191,0.02800101228058338,-0.06851169466972351,0.02495330199599266
-0.05386584997177124,0.0631365105509758,-0.05223992466926575,0.05231301113963127,-0.016319964081048965,-0.010786091908812523,0.04768499732017517,-0.03997964411973953,0.03159419819712639,-0.077595055103302,-0.06497885286808014,0.0011639139847829938,-0.02611100859940052,0.09862729161977768,0.08551982790231705,0.011189417913556099,-0.010214234702289104,-0.0129220150411129,0.05589600279927254,0.04667023941874504
0.02322467789053917,-0.006451502908021212,0.001430281437933445,0.07395197451114655,0.01093626581132412,0.06483303755521774,-0.005999248940497637,0.032842006534338,-0.053816571831703186,-0.06554923206567764,-0.009993089362978935,-0.021430039778351784,0.06090635061264038,0.04529014229774475,0.04397569224238396,0.027106082066893578,0.07571268826723099,0.0019304178422316909,0.03983355313539505,0.018573202192783356
0.037263475358486176,0.029270468279719353,-0.015702320262789726,0.020939840003848076,0.065031997859478,-0.07122515887022018,-0.014373310841619968,-0.021202703937888145,0.034920014441013336,0.021631792187690735,-0.009122606366872787,-0.011568939313292503,0.014680478721857071,0.08034121990203857,-0.00708558177575469,0.062087107449769974,-0.02501036785542965,-0.025136034935712814,-0.04589160159230232,0.03288266435265541
0.037263475358486176,0.029270468279719353,-0.015702320262789726,0.020939840003848076,0.065031997859478,-0.07122515887022018,-0.014373310841619968,-0.021202703937888145,0.034920014441013336,0.021631792187690735,-0.009122606366872787,-0.011568939313292503,0.014680478721857071,0.08034121990203857,-0.00708558177575469,0.062087107449769974,-0.02501036785542965,-0.025136034935712814,-0.04589160159230232,0.03288266435265541
0.04531120881438255,-0.03601587563753128,-0.0019813082180917263,0.0368463471531868,0.10855798423290253,-0.04572603479027748,-0.07495517283678055,0.05990740656852722,-0.05990741774439812,-0.09844829142093658,5.502994463313371e-05,0.03595145419239998,-0.058038130402565,0.07492737472057343,0.05906029790639877,0.05539713799953461,0.054025810211896896,-0.04360358417034149,0.012834280729293823,-0.08298751711845398
-0.06542811542749405,0.021011607721447945,-0.02991635538637638,0.06322558969259262,0.05656563118100166,0.028100963681936264,0.009755210019648075,0.06191892921924591,-0.09119120985269547,0.035003118216991425,-0.01599283330142498,0.03167970851063728,-0.061201803386211395,-0.011416091583669186,-0.03537662327289581,-0.017880016937851906,0.07250415533781052,0.03525206074118614,0.0668325424194336,-0.07928544282913208
0.050588201731443405,0.008473705500364304,0.05942360311746597,-0.02391630969941616,0.0475163608789444,-0.045849863439798355,0.008969690650701523,0.032516878098249435,0.028524957597255707,-0.08595414459705353,-0.020118700340390205,-0.01118720043450594,-0.011435889638960361,-0.028357934206724167,-0.03350245952606201,-0.003716270672157407,-0.0016967011615633965,0.03296994790434837,-0.014897032640874386,-0.05022100359201431
-0.03789392486214638,-0.017009440809488297,-0.059152837842702866,-0.04325788468122482,-0.012596018612384796,-0.014724831096827984,-0.06328138709068298,-0.04314427450299263,-0.02581847831606865,-0.06884708255529404,-0.012082832865417004,0.029547829180955887,0.036755289882421494,0.07615973055362701,0.02995411865413189,-0.02819654531776905,0.016645362600684166,0.021207958459854126,-0.0021805493161082268,-0.006101185455918312
-0.038805920630693436,0.0247485414147377,0.06894385814666748,-0.006291208788752556,0.12067558616399765,0.007371251937001944,-0.0024234969168901443,-0.034604575484991074,0.0450739823281765,-0.017935721203684807,-0.031953033059835434,-0.026237938553094864,-0.06864534318447113,-0.029186420142650604,0.00392486434429884,-0.051244013011455536,0.05923640355467796,0.0046159205958247185,0.05559442192316055,-0.027216313406825066
-0.04486881196498871,0.0016332482919096947,-0.05914190784096718,0.06771399080753326,0.1007671058177948,0.002252103528007865,0.025795264169573784,0.04054207727313042,-0.055594321340322495,-0.018418509513139725,0.057311974465847015,-0.0023418297059834003,0.0326230525970459,0.05601697042584419,0.09167896956205368,-0.011418052017688751,-0.0588710717856884,-0.04949852451682091,0.06576405465602875,-0.08619702607393265
-0.06283252686262131,-0.021458497270941734,-0.04214184731245041,0.00155823421664536,0.03844648227095604,-0.05466265603899956,0.045060183852910995,-0.04186614230275154,0.04310489073395729,-0.08247476816177368,-0.013136320747435093,0.06956925243139267,0.02761244773864746,0.08164354413747787,0.03642447292804718,-0.02283950336277485,0.01722956821322441,-0.02543659321963787,-0.0047732568345963955,-0.0659610852599144
0.03283185511827469,0.07671502232551575,-0.028286447748541832,-0.012378735467791557,0.03969791531562805,0.02279655821621418,0.06707451492547989,0.0005316170863807201,-0.028425978496670723,0.029770517721772194,-0.03799232095479965,0.013907145708799362,-0.026790298521518707,0.07712047547101974,0.10251618176698685,0.011088317260146141,0.07792078703641891,-0.009853636845946312,0.0012145701330155134,0.03760439530014992
0.03469138219952583,0.0685775876045227,0.07580147683620453,0.0009601173806004226,0.09948016703128815,-0.07175484299659729,-0.039098385721445084,0.00256171403452754,0.0340479277074337,0.025174925103783607,-0.006491669453680515,0.08309177309274673,0.03409475088119507,-0.011130609549582005,-0.0136727811768651,0.0483366921544075,0.05634785071015358,0.05655113235116005,-0.004834335763007402,-0.029231656342744827
0.017190560698509216,-0.0625392496585846,-0.0031011386308819056,0.02833450585603714,0.10522149503231049,-0.0388261154294014,-0.06491298228502274,-0.039481379091739655,0.013134540058672428,-0.06255001574754715,-0.04743285849690437,0.09514059126377106,0.05952009558677673,0.07118335366249084,0.05935758724808693,0.05289921164512634,-0.029402105137705803,0.011663501150906086,0.017643477767705917,-0.012136844918131828
0.0247413981705904,0.024736769497394562,-0.0058924187906086445,0.008482303470373154,0.11315889656543732,-0.005415167193859816,0.028647340834140778,0.07654611766338348,-0.0051945107989013195,-0.005109574645757675,0.05201280489563942,0.004472263157367706,-0.005931300111114979,0.06333630532026291,0.0026359749026596546,0.026326727122068405,0.04885466769337654,-0.004221045412123203,-0.06091221794486046,-0.00538242980837822
-0.0010518253548070788,0.0355883352458477,0.026654982939362526,0.003560624783858657,0.02804676629602909,-0.032869137823581696,0.04908100143074989,0.04054178670048714,-0.021695993840694427,0.03960977494716644,0.0497991107404232,0.053562868386507034,0.01256867777556181,0.07094715535640717,0.05420548468828201,-0.055586058646440506,-0.03157893940806389,-0.024652885273098946,0.056260354816913605,-0.06769641488790512
-0.0010518253548070788,0.0355883352458477,0.026654982939362526,0.003560624783858657,0.02804676629602909,-0.032869137823581696,0.04908100143074989,0.04054178670048714,-0.021695993840694427,0.03960977494716644,0.0497991107404232,0.053562868386507034,0.01256867777556181,0.07094715535640717,0.05420548468828201,-0.055586058646440506,-0.03157893940806389,-0.024652885273098946,0.056260354816913605,-0.06769641488790512
-0.013462938368320465,0.06161115691065788,0.00023735591094009578,0.006477026268839836,0.0019875389989465475,0.053293514996767044,-0.005277379881590605,0.05574439465999603,-0.07899190485477448,-0.0267805103212595,-0.029568955302238464,0.04663597419857979,0.051338259130716324,0.012997465208172798,0.024099076166749,0.038017503917217255,0.029129870235919952,0.022407544776797295,-0.004307850264012814,-0.020738961175084114
-0.06518484652042389,0.03382012993097305,0.001967635238543153,-0.017315736040472984,0.09155578166246414,-0.006847990211099386,-0.06317750364542007,0.06291066110134125,-0.028231550008058548,-0.09041199833154678,0.014315729029476643,0.0488131083548069,-0.004966617561876774,-0.04555333033204079,0.07609006762504578,0.03646153211593628,-0.05484370142221451,-0.019769540056586266,-0.008826508186757565,-0.0062456876039505005
-0.0006668047863058746,-0.06118731200695038,0.05479949712753296,-0.011387619189918041,0.09123075008392334,0.06074833497405052,-0.05255528911948204,-0.04804119095206261,-0.026593921706080437,-0.01834067888557911,-0.01608579233288765,-0.010205675847828388,0.02857181802392006,0.018407391384243965,0.07140238583087921,0.04550037160515785,0.021392853930592537,-0.002500972943380475,0.05235542356967926,0.0487360805273056
-0.0669054463505745,-0.04126090556383133,-0.01688610017299652,-0.04826300963759422,0.02917446196079254,-0.030712200328707695,-0.048608578741550446,-0.005551101174205542,-0.060304973274469376,-0.09298266470432281,-0.011165118776261806,0.06461315602064133,-0.028347395360469818,0.05400978773832321,0.05034388601779938,-0.04005692899227142,0.01146612036973238,0.005466505419462919,-0.06079782545566559,0.03288716822862625
-0.002108814660459757,0.02664305455982685,-0.040327269583940506,-0.03303954005241394,0.04668224975466728,-0.050055865198373795,-0.02564455196261406,0.06939425319433212,-0.024284271523356438,-0.04797793924808502,0.012486378662288189,-0.014304842799901962,0.01219349354505539,-0.021829921752214432,-0.005862903315573931,0.06588266044855118,0.02137216180562973,-0.008004254661500454,-0.06069064140319824,-0.05886239558458328
-0.04278148338198662,-0.00029023480601608753,-0.04749874770641327,0.04369053617119789,0.00513177365064621,0.021963028237223625,-0.06889834254980087,0.02756805159151554,-0.055592574179172516,-0.05993261560797691,0.04842419549822807,0.05871201679110527,-0.004422514699399471,0.06134288012981415,0.08754712343215942,0.051136285066604614,-0.030955562368035316,0.03690886124968529,-0.03970654308795929,-0.06103525310754776
0.06638588756322861,-0.014320672489702702,0.05714038014411926,-0.02381434105336666,-0.019426744431257248,-0.07017786800861359,-0.06517940759658813,0.029627246782183647,-0.039418481290340424,-0.09951355308294296,0.06883371621370316,0.06443050503730774,0.001600667485035956,0.07124153524637222,-0.014918707311153412,0.025334615260362625,-0.013773559592664242,-0.05399583652615547,0.00123620277736336,-0.00442406116053462
0.024502916261553764,0.07097990810871124,0.06824292242527008,0.005188268143683672,0.02619510143995285,0.021504320204257965,-0.00789051502943039,-0.047774508595466614,-0.0009970812825486064,-0.041729994118213654,-0.024756338447332382,0.04601890966296196,0.01248879637569189,0.05216465890407562,-0.030862126499414444,-0.048186447471380234,0.06800533831119537,0.053336597979068756,-0.0494038462638855,-0.036656368523836136
0.024502916261553764,0.07097990810871124,0.06824292242527008,0.005188268143683672,0.02619510143995285,0.021504320204257965,-0.00789051502943039,-0.047774508595466614,-0.0009970812825486064,-0.041729994118213654,-0.024756338447332382,0.04601890966296196,0.01248879637569189,0.05216465890407562,-0.030862126499414444,-0.048186447471380234,0.06800533831119537,0.053336597979068756,-0.0494038462638855,-0.036656368523836136
-0.020579669624567032,0.0276951901614666,0.01955758035182953,0.05065297335386276,0.09886103123426437,0.029558565467596054,-0.057622261345386505,-0.017692217603325844,-0.027913706377148628,0.017466576769948006,0.04227444529533386,0.053951334208250046,-0.0005486800218932331,0.08141111582517624,-0.016883444041013718,-0.008860448375344276,-0.05278899893164635,0.038360074162483215,-0.001792042050510645,-0.007956567220389843
-0.023871103301644325,0.04258556663990021,0.05559031292796135,0.029416043311357498,-0.007663361262530088,-0.0007427449454553425,-0.04447514936327934,0.0009457225096412003,0.028083886951208115,-0.09799543023109436,-0.04325395077466965,-0.04283319041132927,-0.034956157207489014,0.07373762875795364,0.009806790389120579,0.07855961471796036,-0.0397731252014637,0.05963587015867233,0.06551697850227356,0.028110196813941002
0.056966472417116165,-0.04789147153496742,0.04959658533334732,0.03986877575516701,0.015523267909884453,-0.0478229820728302,-0.013909879140555859,-0.0403490886092186,-0.08805014938116074,0.0017164499731734395,0.021476060152053833,-0.016074012964963913,0.01889324001967907,0.05855734646320343,0.01837073266506195,-0.004019592888653278,0.03676299378275871,-0.03941404074430466,-0.012754742056131363,-0.052246902137994766
0.004546459298580885,-0.05667945742607117,0.07457172870635986,-0.05360203608870506,0.10901574045419693,0.025787826627492905,0.060279786586761475,-0.018795156851410866,0.05969279259443283,-0.008243411779403687,0.006342459470033646,-0.043786030262708664,0.06751050800085068,-0.01910257153213024,0.10882267355918884,0.09030994027853012,-0.043371982872486115,-0.05547497048974037,-0.048347607254981995,0.04404769837856293
-0.061212215572595596,0.05976961925625801,-0.03519466891884804,0.05157985910773277,0.10283474624156952,0.05979274585843086,0.004117895849049091,-0.028281155973672867,0.011225638911128044,-0.040439967066049576,0.002979892771691084,0.05060560256242752,0.05961741507053375,-0.013206877745687962,-0.03670593351125717,0.06955797970294952,-0.03495003283023834,-0.049691930413246155,0.05040682479739189,-0.06778938323259354
0.04974352940917015,0.01036903541535139,-0.0034663111437112093,0.04006514698266983,0.04887711629271507,-0.01635597087442875,-0.045216821134090424,-0.009154900908470154,-0.05498567968606949,-0.06858803331851959,0.002358962781727314,-0.009816559962928295,0.024206984788179398,0.016177084296941757,0.05115688964724541,0.014561566524207592,-0.04797546938061714,-0.017107583582401276,0.04328109323978424,0.02681186981499195
0.04043840989470482,0.0622982457280159,0.07651249319314957,0.024197451770305634,0.02866591513156891,0.05029502883553505,0.0022204327397048473,0.0020692171528935432,0.01527103129774332,-0.0009220953215844929,-0.04313557595014572,0.09469760209321976,0.006299749482423067,0.06152152270078659,0.047242291271686554,-0.0018854966619983315,-0.007348873186856508,0.03009048104286194,0.049076300114393234,-0.02869723178446293
0.025311626493930817,-0.032732006162405014,0.06593886017799377,-0.01742175780236721,0.11333633959293365,0.020716607570648193,-0.005382479168474674,-0.04183622822165489,-0.03409736230969429,-0.023425912484526634,-0.023303590714931488,-0.02296401560306549,-0.04232262074947357,0.017502179369330406,0.0036018784157931805,-0.036171820014715195,0.058178335428237915,-0.009958380833268166,-0.0615522675216198,0.015450418926775455
0.020892612636089325,0.022568354383111,0.020292649045586586,0.07527102530002594,0.02175341174006462,0.004056095145642757,-0.04551459103822708,-0.01560463197529316,0.04382484033703804,-0.030183030292391777,0.030600879341363907,0.06854739785194397,-0.063722625374794,0.06898734718561172,-0.0019095356110483408,-0.059870246797800064,0.06591877341270447,-0.050313618034124374,0.07837426662445068,-0.05578476935625076
-0.04440439119935036,-0.011475609615445137,0.017097894102334976,0.011303175240755081,0.06538330763578415,0.02686222642660141,0.05385434255003929,-0.0043245828710496426,-0.034461576491594315,-0.011827503331005573,0.002428272971883416,-0.018475152552127838,-0.07456159591674805,0.08385720103979111,0.024952910840511322,0.033514294773340225,0.03436468169093132,-0.021115783601999283,-0.018096841871738434,0.04085753485560417
-0.08265520632266998,-0.05813140049576759,-0.003400608664378524,-0.030927840620279312,-0.005507290363311768,0.02452530898153782,0.004211545456200838,0.004250578116625547,0.02766842022538185,-0.08060021698474884,-0.053238704800605774,0.015421009622514248,0.008404145948588848,0.08792596310377121,0.07182888686656952,-0.03691655397415161,0.040597859770059586,0.02929278463125229,0.011393893510103226,-0.05839124321937561
-0.0203755721449852,-0.006264476105570793,0.07199188321828842,0.03231928125023842,0.0612182654440403,-0.04835589602589607,-0.006865951232612133,-0.04653088375926018,0.04123324528336525,-0.10245061665773392,0.03928646445274353,0.08303454518318176,-0.007243068888783455,0.07968993484973907,-0.042293671518564224,-0.034342020750045776,-0.0667218267917633,-0.04321181774139404,0.035755157470703125,-0.06015057861804962
0.02633211389183998,0.02146095223724842,0.015853267163038254,0.035655371844768524,0.005872212816029787,-0.03289036452770233,-0.06720837205648422,0.04376848414540291,-0.04634224623441696,-0.08693661540746689,0.04065752029418945,0.024941733106970787,0.03184521570801735,0.030021844431757927,0.02824375592172146,0.011990495957434177,0.02680712565779686,0.04771339148283005,0.04813481122255325,-0.04410199820995331
0.017430217936635017,-0.03995863348245621,-0.025233380496501923,0.05719544366002083,-0.00212843157351017,-0.05817922204732895,-0.003044998738914728,-0.041590310633182526,-0.07257013767957687,0.01039708498865366,0.011222443543374538,0.018977873027324677,0.04527031257748604,-0.0354466587305069,-0.04073278605937958,0.07291010767221451,0.005181450862437487,0.02517092041671276,0.037848297506570816,0.0314323753118515
-0.03956212103366852,0.024578245356678963,0.024878574535250664,-0.050967201590538025,0.07342803478240967,0.061419300734996796,0.05487754940986633,0.06764134764671326,-0.03168400377035141,0.01473974622786045,0.006403450388461351,0.02860371023416519,0.03282596170902252,0.013546300120651722,0.041162680834531784,0.08055110275745392,-0.006227617152035236,-0.007375206798315048,0.07250857353210449,-0.07482153922319412
-0.04242536425590515,0.021262336522340775,0.017976384609937668,-0.041374195367097855,0.05205071344971657,-0.07199979573488235,-0.03452223911881447,-0.05049668624997139,-0.06636446714401245,-0.04608837515115738,0.06416793167591095,0.020832054316997528,0.016022037714719772,0.05427750200033188,0.09303469210863113,0.004611742217093706,-0.04299916699528694,0.03218598663806915,0.0810065045952797,-0.060829732567071915
0.06047261878848076,0.006616478785872459,0.07469473034143448,0.013044537976384163,0.07172910869121552,-0.019233493134379387,-0.027884067967534065,0.06782832741737366,-0.02319023571908474,0.0008807022240944207,-0.0010591343743726611,0.00577306654304266,-0.021533193066716194,0.026462281122803688,0.04341032728552818,-0.04566827043890953,-0.037938084453344345,-0.01307860016822815,0.049319781363010406,-0.02292078547179699
0.04919474199414253,0.07514522969722748,0.005551687907427549,0.012435592710971832,0.05689593404531479,-0.04242599010467529,-0.02947250008583069,0.015961600467562675,0.059239450842142105,-0.07409731298685074,-0.04746127501130104,0.0028748582117259502,0.01993611454963684,0.09119255095720291,0.026719389483332634,0.04057106375694275,0.013607293367385864,0.021488411352038383,-0.007125538773834705,0.035712651908397675
-0.07546630501747131,-0.008878077380359173,0.0200600977987051,0.0346996933221817,0.048041749745607376,-0.043172962963581085,-0.0011735840234905481,-0.029130861163139343,-0.07888656109571457,0.05156734958291054,0.012764506973326206,0.05452419072389603,0.04785468801856041,-0.034126654267311096,0.016418414190411568,0.03288142383098602,-0.003131366800516844,0.015623252838850021,0.03689640387892723,0.018545212224125862
-0.04516071826219559,0.009864624589681625,0.05275370180606842,-0.05751537159085274,0.040256187319755554,0.003031294560059905,0.050142012536525726,-0.0539911687374115,0.029845230281352997,-0.01950373314321041,-0.03464788198471069,-0.036341726779937744,-0.06143944337964058,-0.03348422795534134,-0.014266649261116982,0.04109438508749008,0.020043689757585526,-0.023660095408558846,-0.0111244460567832,0.019381018355488777
-0.03486163914203644,0.06209155544638634,0.055500999093055725,-0.04393153265118599,0.08806388825178146,0.049544982612133026,-0.07777643948793411,0.04918627440929413,0.018087564036250114,-0.0630093365907669,0.06127539649605751,0.0010037649190053344,-0.017513472586870193,0.002929136622697115,-0.008734907023608685,-0.025875616818666458,0.06489098072052002,0.01506695058196783,0.026232335716485977,0.006189154461026192
-0.05079631507396698,-0.051442455500364304,0.00537478644400835,0.01215670071542263,0.050310615450143814,0.0525004118680954,-0.03532889857888222,-0.03770165890455246,-0.0019237118540331721,-0.08226939290761948,0.020167171955108643,0.020804760977625847,-0.07056742161512375,0.0014403010718524456,0.0066936565563082695,0.061297424137592316,0.006586953531950712,0.026735365390777588,-0.042855650186538696,-0.06852352619171143
0.025683267042040825,0.010412342846393585,-0.007879967801272869,0.05633062496781349,0.007583633530884981,-0.05514513701200485,-0.025459716096520424,0.038629014045000076,0.023649312555789948,-0.008324398659169674,0.01938193291425705,0.021036958321928978,-0.05163736268877983,-0.03857240825891495,-0.031803280115127563,0.0024418814573436975,0.03985435515642166,-0.01953156292438507,0.004437663126736879,-0.041947364807128906
-0.037085529416799545,0.06737099587917328,-0.060022734105587006,0.03429610654711723,0.09175007045269012,0.05137017369270325,0.009325687773525715,0.017938248813152313,-0.005463757552206516,-0.0031501660123467445,0.05926423892378807,0.08199748396873474,0.04415038600564003,0.06024394556879997,0.06311620771884918,0.06268540024757385,0.017831575125455856,0.04334280267357826,0.021264301612973213,-0.06844282895326614
0.009800488129258156,-0.03137617185711861,-0.033866122364997864,-0.03140559792518616,0.0009788530878722668,-0.03330589830875397,0.03335360437631607,0.06151730939745903,-0.01198161207139492,-0.058337826281785965,-0.05900392681360245,-0.007579938508570194,-0.034679166972637177,-0.0016718122642487288,0.07456059753894806,0.0673741027712822,0.039389725774526596,0.06464675068855286,-0.042425189167261124,-0.07694758474826813
0.03205273300409317,-0.005652918480336666,0.054705455899238586,0.07425029575824738,0.09493637084960938,-0.04114836826920509,-0.03208838403224945,-0.011235821060836315,-0.012554189190268517,-0.031792741268873215,-0.05570691451430321,0.03569766879081726,0.04014156013727188,-0.0255082156509161,0.06114739924669266,0.019982539117336273,-0.005258742719888687,-0.0064645130187273026,0.04068926349282265,-0.03054828941822052
-0.014520236290991306,0.03973672166466713,0.033706363290548325,0.07543551921844482,0.10958404839038849,-0.03739556670188904,-0.04118341580033302,0.05785389244556427,0.013364520855247974,-0.036233916878700256,0.008349950425326824,0.03253119811415672,0.003467078786343336,-0.015296527184545994,0.027605531737208366,0.08051276952028275,-0.04547865688800812,-0.010059589520096779,-0.018423788249492645,0.05871611088514328
0.024827051907777786,-0.020515771582722664,0.06657726317644119,0.059609197080135345,0.059316039085388184,-0.038959383964538574,-0.04114193096756935,0.03520059585571289,0.055299047380685806,-0.03244354575872421,0.010720399208366871,0.09112497419118881,-0.017490575090050697,0.03054610826075077,-0.030844002962112427,0.005634062923491001,-0.0134208919480443,0.0548386387526989,-0.04863439500331879,0.015195377171039581
-0.0361177958548069,0.06129235774278641,0.02131413295865059,-0.006377045065164566,0.1204141154885292,0.039023689925670624,0.028079628944396973,0.06140759587287903,0.060168903321027756,0.0015373219503089786,0.04726429283618927,-0.005191179923713207,-0.057954173535108566,0.07588482648134232,0.05405453220009804,-0.054831065237522125,0.010390907526016235,0.06786561012268066,0.05646616593003273,-0.0216591227799654
-0.08504259586334229,0.01780424825847149,-0.05824614688754082,0.06617534905672073,0.004839756526052952,-0.03402506187558174,-0.009855675511062145,0.02436939626932144,-0.05024540796875954,0.01193934865295887,-0.04351118206977844,0.09165776520967484,0.04189623147249222,-0.04242261126637459,0.002520548179745674,-0.007926823571324348,0.05114276707172394,0.028269411996006966,0.03406595438718796,0.027839722111821175
-0.008579783141613007,0.020052241161465645,-0.01727892830967903,-0.021251041442155838,0.07957275956869125,-0.02451718971133232,-0.033856119960546494,0.02223973535001278,-0.07159771770238876,-0.09272534400224686,0.05161643028259277,0.04321392998099327,-0.030648555606603622,0.02654719352722168,0.028487827628850937,0.0507829524576664,-0.06572646647691727,0.06223420798778534,-0.03316393494606018,-0.0020225029438734055
0.05290008708834648,-0.017925629392266273,-0.026265714317560196,0.03770587593317032,0.09189995378255844,0.0009376316447742283,0.05526917427778244,0.027613060548901558,0.009005745872855186,0.012013665400445461,-0.03261487931013107,-0.030694203451275826,-0.034993965178728104,0.04350220039486885,0.0901709496974945,0.04636361077427864,-0.01010824739933014,-0.004955344833433628,0.01735033094882965,0.03596903756260872
-0.04572870582342148,0.006186760496348143,0.06985307484865189,0.025700610131025314,-0.023766592144966125,-0.021903837099671364,0.017989320680499077,-0.02680572122335434,-0.08512509614229202,-0.03256157040596008,0.0023348263930529356,-0.007837152108550072,-0.042295780032873154,0.02093544788658619,0.02600865624845028,0.030431997030973434,0.06750070303678513,-0.020176328718662262,0.021406736224889755,0.012736193835735321
-0.020299168303608894,0.05904906615614891,0.016895441338419914,0.007503313943743706,0.0647648274898529,-0.05308249965310097,0.02043081633746624,-0.018048638477921486,-0.05846196413040161,-0.03839737921953201,0.05656542256474495,0.08396132290363312,-0.010482540354132652,0.0010399401653558016,-0.027870995923876762,0.02044106461107731,-0.03617005795240402,-0.05167635530233383,-0.04120974242687225,-0.07493863254785538
0.03725995868444443,-0.03720058500766754,-0.037763744592666626,-0.0407930463552475,0.034841179847717285,-0.06272879242897034,-0.02992883324623108,0.03221241384744644,0.02786855399608612,0.02199494279921055,0.009581351652741432,-0.031023431569337845,-0.038100287318229675,-0.01291524525731802,0.04195203259587288,0.015032504685223103,-0.04851784557104111,0.0560029037296772,0.04698219522833824,0.0001091736412490718
-0.061024248600006104,0.011148096062242985,-0.04186853766441345,-0.04265908524394035,0.08091666549444199,0.06430449336767197,-0.04242673143744469,-0.05947908014059067,0.04806426167488098,0.02731485292315483,-0.0004324183682911098,0.05991697683930397,0.023166824132204056,0.06502547115087509,-0.017127390950918198,-0.04039846360683441,-0.02651068940758705,-0.0014497480588033795,-0.008788712322711945,0.015526354312896729
-0.07290228456258774,0.0013899573823437095,0.025915715843439102,-0.0016626493306830525,0.1073942631483078,-0.024875687435269356,0.026698578149080276,0.030969424173235893,0.023459622636437416,0.02125966176390648,-0.030126789584755898,0.08830450475215912,0.01310945488512516,0.03973047062754631,0.016944749280810356,4.1453560697846115e-05,0.007504179608076811,0.052735939621925354,0.07565155625343323,-0.07254409044981003
-0.0637938603758812,0.046386655420064926,-0.05806064233183861,-0.04434642940759659,0.013845008797943592,0.046319738030433655,-0.0003833597875200212,0.032374702394008636,0.041089676320552826,0.021519578993320465,0.0503225214779377,-0.021776579320430756,-0.04195854440331459,-0.023562779650092125,0.05881751701235771,-0.026396119967103004,-0.003207939909771085,0.05126414820551872,-0.03850961849093437,0.015259125269949436
-0.06767657399177551,0.01700844243168831,0.05388614535331726,-0.010576969012618065,0.11587594449520111,-0.032876282930374146,0.04991663247346878,-0.046904824674129486,-0.021491821855306625,-0.01734170876443386,0.073826365172863,0.03699592128396034,0.024562986567616463,-0.023446474224328995,0.09150176495313644,-0.04572933912277222,-0.007991461083292961,0.0464089997112751,-0.02131708897650242,0.046537116169929504
0.02156868204474449,0.07044657319784164,-0.024823153391480446,0.011508135125041008,0.11695126444101334,0.03015768527984619,-0.04409722983837128,-0.06550875306129456,0.017595907673239708,-0.010396678932011127,-0.008882871828973293,-0.03246818110346794,-0.01803799718618393,-0.025973979383707047,-0.004272696562111378,-0.019220774993300438,0.02482694573700428,0.020732590928673744,-0.040926817804574966,0.007048050872981548
-0.046547066420316696,-0.025780197232961655,0.05291566997766495,-0.02052483707666397,0.06051858142018318,-0.06070677563548088,-0.0240835752338171,0.01514857541769743,0.037897057831287384,0.008112781681120396,0.02418067678809166,-0.03465083986520767,-0.04988124966621399,0.026562346145510674,0.0016988172428682446,0.08419473469257355,0.049999579787254333,-0.0745696872472763,0.031043119728565216,0.04068651795387268
-0.058639075607061386,0.024716174229979515,-0.006516394205391407,-0.057517945766448975,0.11100925505161285,-0.01821688935160637,-0.03890356421470642,-0.007727557793259621,-0.06188211217522621,-0.017253533005714417,-0.05850228667259216,0.006654587108641863,0.03895774856209755,-0.013660757802426815,0.09523086249828339,0.07007520645856857,0.08110030740499496,0.019539037719368935,0.032632406800985336,-0.015565530396997929
0.050973303616046906,0.03185475245118141,0.020434051752090454,-0.03581451252102852,0.0836494192481041,-0.031480997800827026,0.050274793058633804,-0.03601226583123207,-0.0025119336787611246,0.045392584055662155,-0.03194038197398186,0.07638523727655411,-0.039383161813020706,-0.029019424691796303,0.06216924265027046,-0.033940788358449936,0.04000220447778702,-0.03404303640127182,0.015163090080022812,0.0397188737988472
0.023169226944446564,0.038763679563999176,-0.021845431998372078,-0.014806337654590607,-0.019453346729278564,0.011883980594575405,0.051539838314056396,-0.0572369359433651,0.0032994619105011225,-0.05253127962350845,0.06239135190844536,0.045116525143384933,0.05678460747003555,0.09025302529335022,0.049313709139823914,-0.037677887827157974,-0.05143868550658226,0.016727013513445854,0.015218887478113174,0.03932303935289383
-0.039598047733306885,0.02687247470021248,0.05436841398477554,0.027726633474230766,-0.016111351549625397,-0.06657806783914566,-0.029200175777077675,0.0038418492767959833,-0.02733682096004486,0.010696043260395527,-0.02743293158710003,0.09829016774892807,-0.04503583163022995,0.08980970084667206,0.03665503114461899,0.03960154578089714,-0.046515852212905884,-0.038646288216114044,-0.033874280750751495,-0.05015174672007561
0.05384190380573273,0.06127724051475525,-0.0157659612596035,0.027838844805955887,0.06587609648704529,-0.015772338956594467,-0.011962679214775562,-0.012333395890891552,0.049635306000709534,-0.04502447322010994,0.048525821417570114,0.03375140577554703,-0.03112647496163845,-0.0028963724616914988,0.07263106852769852,0.053278516978025436,-0.047102753072977066,-0.012992819771170616,-0.045338649302721024,0.00821053609251976
-0.0020727303344756365,-0.013675554655492306,-0.035173606127500534,-0.00659121572971344,-0.011118020862340927,-0.07216350734233856,-0.01589970663189888,-0.03423268720507622,-0.029905468225479126,-0.10544832050800323,0.04990630969405174,0.0152809489518404,0.06363919377326965,-0.04625781252980232,0.03813543915748596,0.004267251584678888,-0.06790213286876678,0.06365744769573212,0.0035464491229504347,0.05372020602226257
0.0230964757502079,0.0504794716835022,0.05720146372914314,0.013636867515742779,0.07845655083656311,-0.009716883301734924,0.07231876999139786,-0.027072491124272346,-0.02538626454770565,-0.08310335129499435,0.03794528543949127,0.058562006801366806,0.05748864635825157,0.05591424182057381,-0.03296530246734619,-0.03823135420680046,-0.047904882580041885,0.040141310542821884,0.06549949944019318,-0.05012480169534683
0.024297799915075302,0.047564636915922165,0.054917775094509125,-0.024159317836165428,0.020753219723701477,0.04391728341579437,-0.010352352634072304,-0.06544651091098785,-0.04236305505037308,0.017215635627508163,0.07457741349935532,0.04879087582230568,0.05367991700768471,-0.025065401569008827,0.026410657912492752,-0.031264934688806534,-0.010149653069674969,-0.020421866327524185,-0.04663584381341934,-0.03881844878196716
0.011139505542814732,0.05049553140997887,-0.0057309335097670555,0.0818529725074768,0.048311054706573486,0.014208734966814518,0.024977872148156166,0.05306526646018028,-0.005254777614027262,0.021450862288475037,-0.008502132259309292,-0.008238068781793118,0.043130964040756226,0.03137453645467758,0.08253702521324158,-0.03180620074272156,0.071326844394207,-0.07131122052669525,0.0018285218393430114,-0.041864655911922455
-0.06472625583410263,-0.01499198004603386,0.07215665280818939,0.03259335830807686,-0.026576491072773933,-0.011947370134294033,-0.03948138281702995,0.034737955778837204,0.022974202409386635,0.006834057159721851,-0.0327024981379509,-0.030757902190089226,0.061900269240140915,0.04567738622426987,0.09138884395360947,-0.0020992974750697613,-0.062490370124578476,0.06404165923595428,0.057852525264024734,-0.05266427993774414
0.05942684784531593,0.04600726068019867,-0.008592183701694012,0.010325535200536251,0.10022735595703125,-0.017357422038912773,-0.03226543962955475,0.023496966809034348,-0.027348732575774193,-0.07884404808282852,0.002383819315582514,-0.005801531486213207,-0.03566760569810867,0.08994244784116745,0.03680180758237839,0.059920940548181534,-0.00528716342523694,0.0658741146326065,-0.055734485387802124,-0.08388417214155197
-0.03361121565103531,0.064644455909729,0.00891470443457365,0.0790216401219368,-0.011889336630702019,-0.029720410704612732,0.01634169928729534,0.03654244914650917,-0.014981817454099655,-0.04111075773835182,0.037443965673446655,0.022419370710849762,0.055717434734106064,0.07101774215698242,0.063047856092453,0.001704672584310174,-0.009365742094814777,0.00245479354634881,0.06592302769422531,0.022874288260936737
0.05699961259961128,-0.03530815616250038,-0.0542939119040966,-0.04207805171608925,0.10090336948633194,-0.026055382564663887,0.03383873775601387,-0.010013963095843792,-0.060800909996032715,-0.10531571507453918,-0.05976680666208267,0.06653177738189697,0.06695839017629623,-0.015504117123782635,0.09443704038858414,-0.016088200733065605,-0.022372165694832802,0.03240855783224106,0.019577117636799812,0.0013896432938054204
0.007923846133053303,0.0681433379650116,-0.009416000917553902,-0.008604729548096657,0.10897403210401535,-0.0354788638651371,0.003845133585855365,-0.0018889122875407338,-0.005976985674351454,-0.04765445366501808,0.06734773516654968,0.0275566466152668,0.05032949149608612,0.024119194597005844,-0.03365960344672203,-0.025209346786141396,-0.06390160322189331,-0.056136470288038254,-0.020015066489577293,0.036493703722953796
-0.031875111162662506,-0.04953574761748314,0.05451224371790886,0.02135017327964306,0.10779157280921936,-0.06712301075458527,-0.03499142453074455,0.04710777476429939,-0.015257214196026325,-0.01672123745083809,0.07177533954381943,0.08548832684755325,0.06485339254140854,0.07324769347906113,0.05482451617717743,-0.01750473864376545,0.022146565839648247,0.022807003930211067,0.07429734617471695,0.008051158860325813
-0.06769657135009766,-0.02993035688996315,0.07760721445083618,0.03577170521020889,-0.0007112195016816258,0.018372533842921257,0.03752109035849571,0.05027331784367561,0.045966990292072296,-0.09778353571891785,-0.030678974464535713,0.08742240071296692,-0.00526061374694109,0.06832850724458694,-0.03584382310509682,-0.05628286302089691,-0.033926039934158325,0.05745711177587509,0.06985200941562653,-0.08414831757545471
-0.04914098605513573,0.036726437509059906,0.06927543133497238,0.015047674998641014,0.056359294801950455,0.01001874078065157,-0.006492841988801956,-0.04361135512590408,-0.044996052980422974,-0.01135915145277977,0.054879751056432724,-0.0439431332051754,-0.02143005095422268,-0.02628454566001892,0.06470314413309097,-0.0006372740026563406,0.004160628654062748,0.0337749645113945,0.007259482983499765,0.02096647396683693
-0.007165810558944941,-0.02864575944840908,-0.013413866981863976,-0.015416598878800869,0.10938428342342377,0.022939924150705338,-0.05277281999588013,-0.002217106521129608,-0.0673590749502182,-0.016722459346055984,-0.018543999642133713,0.08834090828895569,-0.015154118649661541,-0.025988657027482986,-0.004784300923347473,-0.024727458134293556,0.020642269402742386,0.02103126049041748,-0.01349339447915554,-0.015496864914894104
0.02877652645111084,0.01947997882962227,-0.04032759368419647,0.05223390832543373,0.0034380978904664516,-0.03036891110241413,-0.06639990955591202,-0.04325854033231735,0.025484520941972733,-0.02361123636364937,-0.02558184415102005,-0.01983831077814102,0.033302631229162216,-0.014912647195160389,0.07205993682146072,0.07993004471063614,-0.01293165236711502,0.02982996217906475,0.04911075532436371,-0.0045288908295333385
-0.031141584739089012,-0.032615821808576584,0.06415428966283798,0.0014877681387588382,-0.012713001109659672,-0.003685529576614499,-0.07972875237464905,0.008890675380825996,-0.0128478417173028,-0.052625514566898346,0.0163553636521101,0.025540923699736595,0.041048549115657806,0.0315706804394722,-0.0341387577354908,-0.03280745446681976,-0.041818466037511826,0.06362050026655197,-0.02583174780011177,-0.039217300713062286
-0.05262091010808945,-0.04553926736116409,0.05514787882566452,0.08412379771471024,0.04492075368762016,0.021890539675951004,0.04152657836675644,0.06517455726861954,-0.039355576038360596,-0.021846653893589973,0.06684896349906921,0.07756393402814865,-0.014271367341279984,0.05840164050459862,-0.020115794613957405,0.00994734838604927,-0.01985286921262741,0.04256400093436241,-0.01216814760118723,0.04261326044797897
0.04880969598889351,0.06131412833929062,-0.06628195196390152,-0.005575904157012701,-0.00946897640824318,-0.046049874275922775,-0.006957728881388903,-0.02242320217192173,-0.08104312419891357,0.02780286781489849,0.01555160153657198,0.06258358061313629,-0.055027369409799576,-0.027354244142770767,0.07726103067398071,0.026472141966223717,0.05905856937170029,-0.07604978233575821,-0.004273617174476385,-0.05661783367395401
-0.01496963296085596,0.07265952974557877,0.04762473329901695,0.01884061098098755,0.011467794887721539,-0.053367745131254196,-0.04880918562412262,0.07516218721866608,-0.07908624410629272,-0.011967899277806282,-0.011762927286326885,0.0652727261185646,-0.04747142642736435,-0.020289840176701546,-0.02175096608698368,0.065238818526268,-0.040454473346471786,-0.0536060705780983,-0.02601625956594944,-0.042972516268491745
-0.013312920928001404,0.025893907994031906,-0.02318686619400978,0.07086381316184998,-0.013193448074162006,0.03868570178747177,-0.01114050392061472,-0.0050413417629897594,0.025723794475197792,0.028648175299167633,-0.01342370081692934,0.09093545377254486,0.032905615866184235,0.015986863523721695,0.030279625207185745,-0.026304369792342186,-0.01641928032040596,-0.03021335043013096,-0.03278781846165657,-0.01618172600865364
-0.05045652016997337,0.027265964075922966,0.04374578222632408,0.08041154593229294,0.1007155179977417,-0.05044526234269142,0.025637565180659294,-0.06800463050603867,0.04101819545030594,-0.04652126505970955,-0.0654720813035965,-0.030092086642980576,-0.051350127905607224,0.06337419897317886,-0.03458184003829956,0.07092829793691635,-0.004874902311712503,-0.01070814486593008,0.049902502447366714,-0.08041242510080338
0.04588758200407028,0.0597078874707222,-0.04976624622941017,-0.05994195118546486,0.11940926313400269,-0.039325762540102005,-0.05907762795686722,0.02614094875752926,-0.06228382885456085,-0.06703514605760574,0.01953575760126114,0.035218603909015656,-0.004344945307821035,0.0031993461307138205,0.0012397204991430044,-0.057116784155368805,-0.027436934411525726,0.04483254626393318,0.051495712250471115,-0.04914502799510956
-0.01655883900821209,0.03071533516049385,0.05269269272685051,-0.03952127695083618,0.004726453684270382,0.01311587169766426,-0.03052496910095215,-0.03774779289960861,-0.0668511837720871,-0.09464957565069199,-0.040401641279459,0.060947567224502563,0.054688017815351486,-0.01589640974998474,0.02399768866598606,0.012207653373479843,-0.029666589573025703,-0.06320112198591232,0.036826010793447495,-0.04948744550347328
-0.06663313508033752,-0.047984302043914795,-0.06095416843891144,0.07940518110990524,0.009573081508278847,-0.06693828105926514,-0.013778180815279484,0.07735738903284073,-0.07182367146015167,-0.07220572233200073,0.047162946313619614,-0.008901691064238548,-0.04554809629917145,0.06817847490310669,0.031065629795193672,-0.027774089947342873,0.047686584293842316,-0.06039218232035637,-0.03385983407497406,0.05789193511009216
-0.06843296438455582,0.04072418436408043,-0.020154323428869247,0.014681125059723854,0.05892305076122284,-0.029092496261000633,0.0326278880238533,0.0637485608458519,-0.07828082144260406,0.001960459165275097,-0.037978559732437134,-0.0302321407943964,0.031471118330955505,0.057444360107183456,0.0018971471581608057,0.06019562855362892,-0.048614587634801865,0.03417690843343735,0.06721968948841095,-0.020414404571056366
0.027086813002824783,0.07564949244260788,0.026764020323753357,0.05311472341418266,0.10855255275964737,0.03202921152114868,0.02201451174914837,0.009084484539926052,-0.054695773869752884,-0.08439943194389343,-0.02689124457538128,0.024262243881821632,-0.004147226456552744,-0.03160366415977478,0.02320110984146595,0.058450907468795776,-0.027542918920516968,0.046049363911151886,-0.000962672580499202,-0.06747960299253464
0.017822401598095894,-0.04895343631505966,0.03947478160262108,0.036994993686676025,0.02463310770690441,-0.003011890687048435,0.0003145760565530509,0.025874067097902298,0.04177198186516762,-0.09527163952589035,0.012453058734536171,0.06179555132985115,-0.03129473328590393,-0.02311873994767666,0.05042770132422447,-0.02771998569369316,0.0028907263185828924,-0.052944544702768326,0.004149983637034893,0.026186667382717133
0.03390428423881531,-0.03434516862034798,-0.04652441665530205,0.07434449344873428,0.11912223696708679,0.024814480915665627,-0.06210535764694214,0.01759309694170952,-0.07440725713968277,-0.048700861632823944,0.06785865128040314,-0.014726974070072174,0.034638576209545135,0.05505950003862381,0.09199551492929459,0.06147090718150139,-0.06811489164829254,-0.059562165290117264,-0.01900305412709713,-0.026168115437030792
-0.017273560166358948,-0.027326010167598724,0.06760017573833466,-0.04266343265771866,0.060413651168346405,-0.034608907997608185,-0.02358323521912098,0.006757766008377075,0.0022269999608397484,-0.08310241252183914,-0.057859670370817184,0.06878524273633957,0.03269364684820175,-0.030117535963654518,-0.01743956282734871,0.07061465829610825,-0.044075749814510345,0.06653372198343277,0.04900812730193138,-0.05410526320338249
-0.025780700147151947,-0.010380984283983707,-0.000756915076635778,0.06278213858604431,0.11428944766521454,-0.030089205130934715,0.050806522369384766,0.03025481291115284,-0.04231162741780281,-0.01917136460542679,-0.024576853960752487,0.07512875646352768,0.008235114626586437,-0.0017275866121053696,0.08010853081941605,0.0751076266169548,0.06431205570697784,0.02534390240907669,0.03207841515541077,-0.004371650982648134
-0.025586489588022232,0.051829658448696136,0.06385671347379684,-0.026254380121827126,0.08902295678853989,0.011685357429087162,0.0005669013480655849,0.0024101827293634415,-0.06029796227812767,-0.07960289716720581,0.05201876908540726,0.08958172053098679,0.04373715817928314,0.09155920892953873,0.05056913569569588,-0.029215993359684944,0.03344545140862465,-0.02459201030433178,0.018900170922279358,-0.06716260313987732
-0.05918401479721069,0.02101920172572136,-0.05586209148168564,-0.05809420347213745,0.07710440456867218,-0.0739283338189125,0.01955004595220089,0.053791701793670654,0.0011095888912677765,-0.007368117105215788,0.05673860386013985,-0.02294623851776123,0.03775516897439957,0.07337650656700134,-0.0005420080269686878,-0.04356915131211281,-0.007525418885052204,-0.00026350448024459183,-0.0029267750214785337,-0.031206002458930016
-0.019307469949126244,0.049140725284814835,-0.037510961294174194,0.020448440685868263,0.07790914922952652,-0.057367101311683655,-0.064063660800457,-0.03603796660900116,-0.03320120647549629,-0.0908094048500061,-0.03939509764313698,0.007951594889163971,-0.006594520527869463,-0.023704970255494118,0.04870282858610153,0.009867760352790356,-0.026601608842611313,-0.01179181132465601,0.06546375155448914,-0.046900078654289246
-0.06664066761732101,-0.056751228868961334,0.038893237709999084,-0.011279323138296604,0.061193227767944336,0.04614647105336189,-0.02529352717101574,0.05968601629137993,-0.06162247434258461,-0.08244673907756805,0.026093266904354095,-0.033006452023983,0.0173330195248127,-0.048240192234516144,0.027386676520109177,0.06342589855194092,0.025171855464577675,-0.05890568345785141,0.0507424995303154,-0.02865339256823063
0.0447353720664978,0.05371018871665001,0.038790710270404816,-0.012270769104361534,0.07867634296417236,-0.04250087961554527,-0.06642096489667892,0.005100340116769075,0.027944931760430336,-0.10086897760629654,-0.025195807218551636,0.03500517085194588,-0.02604835480451584,-0.026790443807840347,0.033410076051950455,-0.03355105593800545,-0.020770477131009102,0.00969240628182888,0.019700083881616592,-0.06166204810142517
0.009479801170527935,-0.06497643142938614,0.035807326436042786,0.055501945316791534,0.09742388874292374,-0.05457048863172531,0.05326706916093826,0.03354297950863838,-0.02704256772994995,0.009900094009935856,-0.06229240074753761,0.0656297504901886,0.05764969810843468,0.034905582666397095,0.005099353846162558,0.02899235300719738,0.056009285151958466,0.0293093491345644,0.0312008298933506,0.038947660475969315
0.009479801170527935,-0.06497643142938614,0.035807326436042786,0.055501945316791534,0.09742388874292374,-0.05457048863172531,0.05326706916093826,0.03354297950863838,-0.02704256772994995,0.009900094009935856,-0.06229240074753761,0.0656297504901886,0.05764969810843468,0.034905582666397095,0.005099353846162558,0.02899235300719738,0.056009285151958466,0.0293093491345644,0.0312008298933506,0.038947660475969315
0.02263813093304634,0.009261555969715118,-0.02546713314950466,0.08097603917121887,0.04865569621324539,0.011355236172676086,0.009692125022411346,0.07336966693401337,-0.061997637152671814,0.0042211152613162994,0.014500962570309639,0.0014526376035064459,-0.010000566951930523,0.027198415249586105,0.026204368099570274,-0.05839039757847786,0.0361030250787735,-0.012399867177009583,0.024326901882886887,0.04993762820959091
-0.07753501832485199,-0.036489374935626984,0.012808364816009998,0.08463848382234573,0.06370873004198074,-0.05622762814164162,-0.008843658491969109,0.014954173006117344,0.026309169828891754,0.0344294048845768,-0.05902335047721863,0.0441080704331398,-0.012009838595986366,0.0711001306772232,-0.0004235423693899065,0.006883930414915085,0.06515700370073318,-0.05650609731674194,-0.061335545033216476,-0.06606718897819519
-0.07753501832485199,-0.036489374935626984,0.012808364816009998,0.08463848382234573,0.06370873004198074,-0.05622762814164162,-0.008843658491969109,0.014954173006117344,0.026309169828891754,0.0344294048845768,-0.05902335047721863,0.0441080704331398,-0.012009838595986366,0.0711001306772232,-0.0004235423693899065,0.006883930414915085,0.06515700370073318,-0.05650609731674194,-0.061335545033216476,-0.06606718897819519
-0.05412214621901512,-0.031908418983221054,0.07803672552108765,-0.04020409658551216,0.08514788001775742,0.032313961535692215,-0.042902279645204544,-0.007753483951091766,-0.03300873935222626,-0.003996642306447029,0.024079274386167526,-0.037633493542671204,-0.02555946260690689,-0.009081252850592136,0.003129339776933193,0.013993367552757263,-0.016289012506604195,-0.02704175002872944,0.029345761984586716,0.029094994068145752
-0.05545956641435623,0.04214538261294365,-0.011063593439757824,-0.04657888412475586,0.1205725446343422,0.03962542489171028,0.06299367547035217,0.06949092447757721,0.04682248830795288,0.012028616853058338,0.05000259354710579,-0.027137916535139084,0.04823433235287666,-0.01750088483095169,0.027781670913100243,-0.009920042008161545,-0.009023536927998066,0.02691999264061451,-0.027171412482857704,0.03298075124621391
-0.03684806451201439,-0.06665687263011932,-0.04806501418352127,-0.010401870124042034,0.1020662933588028,-0.0013606073334813118,-0.021001288667321205,-0.014847740530967712,-0.04031059145927429,-0.07930780202150345,0.023954598233103752,0.07018878310918808,0.044402364641427994,-0.024361081421375275,0.009314080700278282,0.040871474891901016,0.027306051924824715,-0.0015843672445043921,0.025914326310157776,0.04485773667693138
-0.03684806451201439,-0.06665687263011932,-0.04806501418352127,-0.010401870124042034,0.1020662933588028,-0.0013606073334813118,-0.021001288667321205,-0.014847740530967712,-0.04031059145927429,-0.07930780202150345,0.023954598233103752,0.07018878310918808,0.044402364641427994,-0.024361081421375275,0.009314080700278282,0.040871474891901016,0.027306051924824715,-0.0015843672445043921,0.025914326310157776,0.04485773667693138
0.029716569930315018,0.0669826939702034,-0.04826188459992409,0.07921253889799118,0.0021172629203647375,-0.04920041188597679,0.06458865106105804,0.0008056089864112437,-0.004989330656826496,0.029655635356903076,0.02848944626748562,0.05375564470887184,-0.050465378910303116,0.05199437215924263,0.008780673146247864,-0.012188829481601715,-0.04476652294397354,0.05349573493003845,0.02405165135860443,-0.05836700648069382
-0.005962381139397621,0.048847805708646774,-0.04401946812868118,0.06058211997151375,-0.01198080275207758,-0.004949623718857765,-0.00831508543342352,-0.01842387765645981,-0.07441473007202148,-0.04632631689310074,0.05975772440433502,0.04250480607151985,-0.000772748317103833,0.08271913230419159,0.05084832385182381,-0.008846504613757133,-0.0045579345896840096,-0.02782091312110424,0.03391137346625328,0.06078937649726868
-0.05194685235619545,0.07066404074430466,-0.004978230223059654,-0.05445178598165512,0.08987297862768173,0.032681167125701904,0.03861020505428314,0.0031499452888965607,-0.01793835125863552,0.013833984732627869,-0.05181203410029411,0.044468846172094345,-0.004686334636062384,0.05103077366948128,0.05142098665237427,0.03723277151584625,0.003785943379625678,0.06601445376873016,0.00207161414436996,-0.01317615993320942
-0.007024254649877548,0.05781324580311775,-0.022521067410707474,-0.015014175325632095,0.11237162351608276,0.01506325788795948,-0.01074602548032999,0.06115763261914253,0.0492359921336174,-0.07703407108783722,-0.01725754328072071,-0.008667676709592342,0.058768853545188904,0.06667858362197876,0.015292397700250149,0.05524102970957756,0.060755714774131775,0.04948390647768974,0.0026694515254348516,-0.07555761188268661
-0.007024254649877548,0.05781324580311775,-0.022521067410707474,-0.015014175325632095,0.11237162351608276,0.01506325788795948,-0.01074602548032999,0.06115763261914253,0.0492359921336174,-0.07703407108783722,-0.01725754328072071,-0.008667676709592342,0.058768853545188904,0.06667858362197876,0.015292397700250149,0.05524102970957756,0.060755714774131775,0.04948390647768974,0.0026694515254348516,-0.07555761188268661
-0.038825418800115585,-0.06640347838401794,-0.030943265184760094,0.033728182315826416,0.0925879254937172,0.037079811096191406,0.018499799072742462,0.0671682357788086,-0.023783573880791664,-0.09769179672002792,0.07444193214178085,0.021898213773965836,0.04505813494324684,0.03586745262145996,0.08059142529964447,-0.029372626915574074,-0.006630244664847851,-0.019755514338612556,-0.04500315710902214,0.002594103803858161
-0.056793686002492905,0.057260870933532715,-0.03028174303472042,0.02986832894384861,-0.025667088106274605,-0.029487937688827515,0.051470331847667694,-0.04650465399026871,0.03329412266612053,-0.07745207846164703,0.01221081055700779,0.09282071143388748,-0.03369723632931709,0.003164618043228984,-0.023871108889579773,-0.03188241645693779,0.06863722205162048,-0.043884556740522385,0.07333823293447495,-0.07123377919197083
0.019256742671132088,-0.022403322160243988,0.02141871675848961,-0.05037353187799454,0.08605785667896271,-0.02950652316212654,0.02387576550245285,0.048319559544324875,0.04475349932909012,-0.00022792584786657244,0.020125526934862137,-0.0026790210977196693,-0.06974214315414429,0.04652775079011917,-0.013503172434866428,-0.03303707018494606,-0.02617732062935829,-0.031389594078063965,-0.05509783327579498,-0.02424861118197441
-0.04228968918323517,-0.0049252379685640335,0.06603733450174332,0.07906826585531235,0.05343613773584366,0.02645396627485752,0.03301580250263214,0.054205406457185745,-0.013108626939356327,0.03251616284251213,0.049942031502723694,0.025987688452005386,-0.03152552247047424,0.006461962126195431,0.051516253501176834,-0.04990308731794357,-0.05368911102414131,-0.06928306072950363,0.006022619549185038,-0.04689120501279831
-0.03445802256464958,-0.03665689751505852,-0.03554845601320267,-0.05291614681482315,0.057645246386528015,-0.06481426954269409,-0.00011636564886430278,-0.001493003685027361,0.03722197562456131,-0.09293656051158905,-0.054523300379514694,0.016079945489764214,0.06879017502069473,0.02450757659971714,0.023560309782624245,0.054456982761621475,0.009395761415362358,0.03665834665298462,0.054855383932590485,-0.03553053364157677
-0.07957359403371811,-0.008720147423446178,0.03071565367281437,-0.046769388020038605,0.07938379049301147,0.0289546400308609,0.058321937918663025,0.07925885170698166,-0.05975685641169548,-0.04159662500023842,-0.05943579971790314,0.08379381895065308,-0.04952340945601463,-0.01213581208139658,0.03995823115110397,0.04044318199157715,0.018305879086256027,-0.06427666544914246,0.05688328295946121,0.038157228380441666
-0.06027228385210037,-0.014622229151427746,-0.05483105406165123,0.03350098058581352,-0.0018921711016446352,0.03704255074262619,0.060571298003196716,0.012738460674881935,-0.023938240483403206,-0.04616738110780716,0.021146591752767563,0.07970175892114639,0.05522005632519722,0.02684086188673973,-0.005784884560853243,-0.05785854905843735,0.07037703692913055,0.06283167004585266,0.027840955182909966,0.040989067405462265
0.058480072766542435,0.05867374688386917,-0.051289379596710205,0.015693500638008118,0.015532033517956734,-0.03747566044330597,0.01788363605737686,-0.038414061069488525,0.027918711304664612,-0.06623456627130508,-0.03310215845704079,0.02695506624877453,-0.03936716541647911,0.0662502720952034,0.025563953444361687,-0.027260972186923027,0.04421135038137436,-0.01846383512020111,-0.015613884665071964,-0.028515100479125977
-0.04981376975774765,-0.0445442721247673,-0.02455240488052368,0.03511686995625496,0.08080831915140152,-0.0057293628342449665,-0.04534463956952095,-0.04000389203429222,0.010067278519272804,-0.0034327302128076553,0.031306199729442596,0.011137370020151138,-0.04204576462507248,0.008554813452064991,0.02034115046262741,0.07423373311758041,0.0132008520886302,0.05823007971048355,-0.042011622339487076,0.00573731679469347
0.006873846985399723,-0.06915418803691864,0.007339272648096085,-0.00090379937319085,0.038124773651361465,0.050296682864427567,-0.05378289893269539,0.005034198053181171,-0.06408320367336273,-0.07221395522356033,-0.005228295456618071,-0.03544250875711441,-0.002733617788180709,0.04864665865898132,0.03117121011018753,-0.04620413854718208,0.026745352894067764,0.06511306762695312,0.007741136476397514,0.015850333496928215
0.005720734130591154,0.0039028574246913195,-0.06201351061463356,-0.027194887399673462,0.029276879504323006,-0.05135713145136833,-0.04155748337507248,0.03679008036851883,0.044626425951719284,-0.010990742594003677,-0.04852095991373062,0.07790359854698181,-0.048872992396354675,-0.03596885874867439,-0.03309044986963272,-0.011965581215918064,-0.05574643611907959,-0.007798329461365938,-0.001979703549295664,-0.035735342651605606
-0.004911875352263451,-0.04370130971074104,-0.02519623003900051,0.003953249659389257,0.07012816518545151,-0.02703728713095188,0.046972211450338364,-0.02946077287197113,0.03432879224419594,-0.006234993226826191,0.010148934088647366,-0.01935383304953575,0.047268226742744446,0.07549998909235,0.03658491000533104,0.04777270555496216,0.05419432744383812,-0.00402993755415082,-0.03299831971526146,0.03917698189616203
0.03369486331939697,-0.06438601016998291,0.08063554763793945,0.0621814988553524,0.01927570253610611,-0.05389264225959778,0.03703908994793892,0.04828190803527832,0.028714442625641823,-0.09787766635417938,-0.06751420348882675,0.021429840475320816,0.0008675753488205373,-0.006488658022135496,-0.0019145043333992362,0.015146367251873016,0.03486911952495575,-0.03608780726790428,-0.013197428546845913,-0.054176680743694305
-0.07135194540023804,-0.016454648226499557,0.054883528500795364,-0.019744833931326866,0.029318945482373238,0.042185597121715546,-0.02202146127820015,0.02279728651046753,-0.03196924179792404,0.0006227154517546296,0.005138256587088108,-0.020612133666872978,0.061174314469099045,-0.045418091118335724,0.06860271096229553,0.05110550299286842,-0.011169780977070332,0.06179884448647499,0.006223427131772041,0.038421645760536194
-0.05681607127189636,0.04781170189380646,0.034838929772377014,0.017831886187195778,0.035074252635240555,-0.03814331814646721,0.05308268219232559,0.06802992522716522,-0.01260510552674532,-0.07271196693181992,0.05721205472946167,0.04712560400366783,0.01818108558654785,0.08536192029714584,0.061678510159254074,-0.023455124348402023,0.0678277462720871,0.061305735260248184,-0.019103996455669403,0.007266762666404247
-0.02194109745323658,-0.028048748150467873,0.035463783890008926,0.019273940473794937,0.021074600517749786,0.0626988485455513,-0.032674629241228104,-0.00993933342397213,-0.034753911197185516,0.013574349693953991,-0.014365139417350292,-0.012160394340753555,-0.030616121366620064,0.08007486909627914,0.08510003983974457,0.055394839495420456,0.0025564769748598337,-0.027569178491830826,-0.051206428557634354,-0.048937391489744186
0.023626692593097687,-0.020569607615470886,0.07566190510988235,-0.02890389785170555,-0.004522338509559631,0.03935621678829193,-0.0145511943846941,0.04742562770843506,0.006170483771711588,0.030403923243284225,0.0016168341971933842,0.06289800256490707,0.013816590420901775,-0.00850189384073019,0.03169656917452812,-0.04666329547762871,0.02829478308558464,0.05604786425828934,-0.02996828779578209,0.05648873373866081
0.009360957890748978,0.05365533381700516,-0.04067184403538704,0.07049477100372314,-0.0027538547292351723,0.05715086683630943,0.0672469362616539,0.05308728292584419,0.033219609409570694,-0.08425058424472809,-0.016229480504989624,-0.041654203087091446,0.042368222028017044,-0.018406329676508904,-0.018454883247613907,-0.01649368926882744,0.040199507027864456,0.0246135201305151,-0.04586176946759224,0.024402381852269173
-0.021186621859669685,-0.06520333141088486,0.06797564029693604,-0.004022582434117794,0.031024089083075523,-0.029692426323890686,-0.02949373610317707,-0.027984410524368286,0.03636385500431061,-0.037575118243694305,-0.02969971112906933,0.04389738291501999,-0.013424336910247803,-0.017286408692598343,0.001957410480827093,0.07088755071163177,0.05344901978969574,-0.05490866303443909,-0.0642949715256691,0.03196625038981438
0.03824753686785698,0.03658095374703407,0.0666477307677269,-0.028261305764317513,0.06819119304418564,0.021785052493214607,-0.07626103609800339,-0.050506606698036194,-0.03549009934067726,-0.014685339294373989,-0.014170978218317032,0.028055939823389053,-0.03758728876709938,-0.03706992045044899,0.02789693884551525,0.047547727823257446,0.06609936058521271,0.041897963732481,0.0015323706902563572,-0.031455088406801224
-0.015892529860138893,0.01758715696632862,0.015782272443175316,-0.04357457906007767,0.11971380561590195,-0.03666238114237785,-0.0685233548283577,-0.0482291653752327,-0.019273841753602028,0.034478627145290375,-0.022095758467912674,-0.002811082173138857,0.03514357656240463,-0.02118094265460968,0.025430170819163322,0.046431489288806915,-0.012867574580013752,0.02309373766183853,-0.014726236462593079,-0.0801379382610321
-0.07629898935556412,0.05795951187610626,-0.0007624879945069551,0.06838542968034744,0.07878664880990982,0.0567617267370224,0.01833503507077694,-0.004672674462199211,-0.06638162583112717,0.00761807756498456,-0.057398706674575806,0.07177472114562988,0.037139762192964554,0.023220587521791458,0.006046349182724953,0.07962953299283981,-0.03565960004925728,0.010621068067848682,-0.05738044157624245,-0.028153590857982635
-0.032019149512052536,-0.048670269548892975,0.05221095681190491,-0.018813492730259895,0.11349830031394958,0.03922967240214348,-0.03204604610800743,-0.013470546342432499,-0.07621166110038757,-0.09991231560707092,0.03622201457619667,-0.009108220227062702,-0.03937176242470741,0.09125862270593643,0.048505984246730804,0.014482756145298481,-0.008876738138496876,-0.022891586646437645,-0.018627477809786797,0.0038859080523252487
0.05706280097365379,0.023057688027620316,0.02189178764820099,0.016854900866746902,0.003748990362510085,-0.028052227571606636,-0.049098577350378036,0.05437815934419632,-0.048075512051582336,0.00787026435136795,-0.05413533002138138,0.08672493696212769,-0.057687725871801376,0.04884158447384834,-0.0008668377995491028,-0.020658213645219803,-0.004046505317091942,0.0029442731756716967,-0.06692390888929367,0.0606297068297863
0.022771432995796204,0.003152425168082118,0.06005483120679855,-0.024465380236506462,0.010675034485757351,-0.03408699482679367,-0.026291929185390472,-0.022646769881248474,-0.03864702954888344,-0.07750681787729263,-0.026570774614810944,0.0023627823684364557,-0.021824363619089127,0.021794674918055534,0.03242258355021477,-0.03735265135765076,-0.05520391836762428,0.0678287222981453,0.003470497904345393,-0.04686911031603813
0.006542878225445747,0.05003573000431061,0.046293891966342926,-0.052765149623155594,0.03186018019914627,0.027659444138407707,-0.05810646340250969,-0.01920824497938156,-0.044634588062763214,-0.07623211294412613,-0.04902837052941322,0.08090058714151382,-0.039163738489151,0.006205012556165457,-0.02347682975232601,-0.05236707255244255,0.015277004800736904,-0.02871355414390564,-0.04157550632953644,-0.05041930079460144
0.05676478520035744,-0.06952562928199768,-0.019069498404860497,0.009114818647503853,0.015731951221823692,0.0048851072788238525,0.048575952649116516,0.018713831901550293,0.026623619720339775,0.02231675758957863,0.06995180994272232,0.08352796733379364,-0.009804909117519855,0.093781016767025,0.03163347765803337,0.07024583220481873,-0.036429163068532944,-0.0628487691283226,0.06708073616027832,-0.06672936677932739
0.01053956151008606,-0.015537247061729431,0.0810873806476593,0.0517844595015049,0.04424123838543892,-0.028212150558829308,-0.0029824941884726286,-0.0476335771381855,-0.01770108938217163,-0.008055674843490124,-0.07170284539461136,-0.004233988001942635,0.05742350220680237,-0.02660766802728176,-0.03313867747783661,0.06412168592214584,0.026989806443452835,0.02302994765341282,0.03139277175068855,0.046108100563287735
-0.04450692608952522,-0.032523833215236664,-0.034339237958192825,-0.036666952073574066,0.012228770181536674,-0.0026783535722643137,0.026992565020918846,-0.021070046350359917,-0.06344335526227951,-0.050630584359169006,-0.015044126659631729,0.02867155894637108,0.024835456162691116,0.046348027884960175,0.054709549993276596,-0.0003924726042896509,0.036314647644758224,-0.060298774391412735,0.053681258112192154,0.02248569019138813
-0.08081436902284622,-0.003927011042833328,0.023114340379834175,0.08132579177618027,-0.003922014497220516,0.04637588560581207,0.03555747866630554,-0.008327462710440159,-0.06005259230732918,-0.06428308039903641,-0.05182380601763725,0.04013418033719063,-0.05563533678650856,-0.020750204101204872,0.03127405419945717,-0.036508601158857346,0.051504623144865036,0.005189977586269379,0.03899827226996422,-0.0273564625531435
-0.044939495623111725,0.019399719312787056,0.029090965166687965,-0.056651871651411057,0.08146022260189056,-0.044500164687633514,0.04896378144621849,0.02474108897149563,-0.0028459324967116117,-0.08209051936864853,0.041555255651474,0.04570263996720314,-0.0066534169018268585,0.02686356194317341,0.03475914150476456,0.00968141108751297,0.03321938216686249,0.020977580919861794,-0.043085481971502304,-0.059544872492551804
-0.08056238293647766,0.04830821603536606,-0.022933274507522583,0.025098903104662895,0.09167063981294632,-0.0682070255279541,-0.03601086512207985,0.06991717964410782,0.012998619116842747,-0.09529165923595428,0.06306292861700058,0.08647096157073975,-0.003904184326529503,0.015871433541178703,-0.03370882198214531,0.05129747465252876,0.00280032423324883,-0.01973627135157585,0.06929050385951996,-0.036583028733730316
-0.08371299505233765,0.02251163311302662,-0.05034559965133667,0.01648470014333725,0.0953764021396637,-0.021584518253803253,-0.03709584102034569,0.0462188720703125,-0.06177028641104698,-0.0023938182275742292,-0.03992367163300514,-0.02890196442604065,0.02704993635416031,0.048270948231220245,0.10000152140855789,0.007810382638126612,-0.024933557957410812,0.05124054476618767,0.03367714211344719,-0.02741914987564087
0.04328932985663414,-0.04578125849366188,0.0692625343799591,0.008924235589802265,0.0795416459441185,0.06305132806301117,0.04863647744059563,0.05920355021953583,0.05806335434317589,-0.06277456879615784,0.007276826072484255,0.09139885753393173,-0.006650633178651333,0.04619840532541275,0.06161358207464218,0.0627194195985794,-0.06350716948509216,-0.04599599912762642,0.0047874730080366135,-0.002161517972126603
0.04328932985663414,-0.04578125849366188,0.0692625343799591,0.008924235589802265,0.0795416459441185,0.06305132806301117,0.04863647744059563,0.05920355021953583,0.05806335434317589,-0.06277456879615784,0.007276826072484255,0.09139885753393173,-0.006650633178651333,0.04619840532541275,0.06161358207464218,0.0627194195985794,-0.06350716948509216,-0.04599599912762642,0.0047874730080366135,-0.002161517972126603
-0.04395657032728195,-0.05603596195578575,0.04631340131163597,-0.04080551490187645,0.09574009478092194,-0.01822218857705593,0.03015129826962948,-0.05302782729268074,-0.06067757308483124,-0.006549126002937555,0.002089638961479068,0.07031776010990143,0.0043899063020944595,-0.023495567962527275,0.009411829523742199,-0.04975898936390877,-0.012829544022679329,-0.03737299144268036,-0.0038851131685078144,-0.04596337303519249
-0.01639534719288349,-0.027424391359090805,-0.02529936656355858,0.08280391246080399,0.04161263629794121,-0.025805450975894928,0.04120810702443123,0.06547737866640091,-0.06018939986824989,-0.05269981548190117,0.00958465225994587,0.04982679337263107,0.04858466982841492,-0.03061804175376892,0.09586118161678314,0.0140442019328475,-0.004454431589692831,-0.02816312201321125,0.061557695269584656,0.02193775586783886
-0.03591737896203995,0.024085354059934616,-0.0260054562240839,0.014726033434271812,0.09368497878313065,-0.05152496322989464,-0.042004410177469254,-0.025274328887462616,0.012041340582072735,-0.055777911096811295,-0.06658056378364563,-0.045144133269786835,-0.052898719906806946,0.03770752623677254,0.0004635314689949155,0.06085463985800743,-0.03866469860076904,-0.016356872394680977,0.055957455188035965,0.00856690015643835
0.03611902520060539,0.027882253751158714,0.03246770426630974,0.016117900609970093,-0.012282121926546097,0.0074953134171664715,-0.024712517857551575,0.06676120311021805,0.03131761774420738,-0.03553616628050804,-0.0048288158141076565,0.011032418347895145,-0.06732922047376633,0.07997936010360718,0.07753854244947433,0.031109318137168884,0.0035417047329247,0.04661966860294342,0.014883289113640785,-0.06242579594254494
-0.0507550872862339,0.00988887157291174,0.056966282427310944,-0.015309969894587994,-0.015104281716048717,-0.03367246687412262,-0.0465155690908432,-0.050765082240104675,0.013859724625945091,-0.018471598625183105,0.053749240934848785,-0.04205399379134178,-0.053268685936927795,0.05530069023370743,-0.023447871208190918,0.05544643476605415,0.07308214157819748,-0.01999261975288391,-0.054876260459423065,0.004823641385883093
-0.05489069223403931,0.059014953672885895,0.04962605610489845,0.031333569437265396,0.08484108746051788,0.031863320618867874,-0.05047118663787842,-0.01828283630311489,-0.04732181131839752,-0.0704035758972168,-0.024815324693918228,0.027259480208158493,-0.010623102076351643,-0.027358056977391243,0.0017117030220106244,-0.03126370906829834,0.017915600910782814,-0.05854751542210579,0.04029684141278267,-0.047500867396593094
0.003442722838371992,0.05018211156129837,-0.05940995737910271,-0.05946246534585953,0.05029856413602829,-0.06822531670331955,-0.0678853839635849,-0.06397636979818344,-0.05607074499130249,-0.05873453989624977,-0.02769373543560505,0.06989772617816925,-0.056858424097299576,0.07509064674377441,-0.003318977542221546,-0.04458875581622124,-0.006571391597390175,-0.03896883502602577,0.004927716217935085,-0.05595129355788231
-0.002115647541359067,0.07292681932449341,0.015799162909388542,-0.010861826129257679,0.016796614974737167,-0.06039503961801529,0.050106000155210495,0.07888658344745636,-0.04726900905370712,-0.07282773405313492,-0.019154753535985947,0.09390917420387268,0.06310752034187317,-0.007524508982896805,0.07677258551120758,-0.04270210862159729,-0.007094467058777809,-0.0471363291144371,0.08040609955787659,-0.07194340974092484
-0.05585680156946182,0.040566131472587585,0.06583894044160843,-0.019910501316189766,0.06170329079031944,-0.007821869105100632,-0.07862652093172073,0.018635818734765053,0.049038682132959366,-0.01329967100173235,-0.027016930282115936,0.0933842584490776,0.05456037074327469,0.07968475669622421,-0.006457732059061527,0.020367637276649475,0.009768787771463394,-0.014067251235246658,0.07457130402326584,0.0021230331622064114
-0.01798800565302372,-0.02801077999174595,-0.047184333205223083,0.044304028153419495,0.0945296585559845,0.02472703345119953,-0.009851057082414627,-0.06061989441514015,-0.045557666569948196,-0.008277729153633118,0.019269956275820732,0.002423117635771632,-0.06720584630966187,0.05416632816195488,-0.008387299254536629,0.07025565207004547,-0.033580273389816284,0.020102722570300102,0.04170023649930954,0.05442044883966446
-0.057783789932727814,0.0035236692056059837,-0.016994010657072067,0.00511328736320138,0.03092123754322529,-0.04407064616680145,-0.017460735514760017,-0.04192652925848961,0.018395449966192245,-0.032070595771074295,-0.03596685826778412,0.0707596018910408,0.04743484407663345,0.033378347754478455,-0.03727474808692932,-0.02820347435772419,-0.01610272005200386,0.03763115778565407,0.014299103990197182,-0.062464866787195206
-0.05080116540193558,-0.04075035825371742,0.043436527252197266,0.061436478048563004,0.08280233293771744,0.04848739504814148,0.057120565325021744,0.06013796851038933,-0.033213913440704346,0.01666177250444889,-0.05914270877838135,-0.03816937655210495,-0.0014208076754584908,0.038432102650403976,-0.020029019564390182,0.029549887403845787,0.0568951778113842,-0.038241248577833176,0.05161480978131294,-0.017315655946731567
0.026654647663235664,-0.055054061114788055,-0.01347160991281271,0.06650543957948685,0.05603130906820297,-0.019307835027575493,-0.01125654112547636,0.06396371871232986,-0.004168674815446138,0.02630041167140007,0.07053618133068085,-0.008385300636291504,-0.000313816184643656,0.09474510699510574,0.07292042672634125,-0.04291890561580658,0.026785243302583694,0.06666013598442078,0.010014739818871021,-0.029718810692429543
-0.027222124859690666,0.04978446289896965,0.009091157466173172,0.043628524988889694,0.05265617370605469,0.0038253511302173138,0.057151179760694504,0.04759082570672035,-0.024243582040071487,0.02750864252448082,0.017342617735266685,-0.03874637559056282,0.02594209834933281,0.0861678197979927,-0.009491086937487125,0.0726996511220932,-0.04839231073856354,0.015268980525434017,0.01927126757800579,-0.08022497594356537
0.009458757936954498,-0.06383426487445831,0.03118281625211239,-0.012413826771080494,0.0614379346370697,0.012260677292943,0.00598939461633563,0.004155264236032963,-0.04219653457403183,-0.06310539692640305,-0.0246979221701622,0.021599648520350456,-0.050059735774993896,0.0916888564825058,0.055753860622644424,0.07144487649202347,-0.0617876797914505,0.00906289555132389,0.015126203186810017,-0.07769174128770828
0.01857048086822033,0.013259178958833218,-0.0024033784866333008,0.026004357263445854,0.09068524092435837,0.011781291104853153,-0.02113950066268444,-0.012313252314925194,0.02864268235862255,0.015843460336327553,0.01224948838353157,0.010229631327092648,-0.06877297908067703,0.0015426097670570016,-0.0048214769922196865,0.011288546957075596,-0.05862053483724594,0.026913804933428764,-0.06657527387142181,0.040400199592113495
0.01857048086822033,0.013259178958833218,-0.0024033784866333008,0.026004357263445854,0.09068524092435837,0.011781291104853153,-0.02113950066268444,-0.012313252314925194,0.02864268235862255,0.015843460336327553,0.01224948838353157,0.010229631327092648,-0.06877297908067703,0.0015426097670570016,-0.0048214769922196865,0.011288546957075596,-0.05862053483724594,0.026913804933428764,-0.06657527387142181,0.040400199592113495
0.018311135470867157,0.03537319228053093,-0.04695659130811691,-0.009539563208818436,0.08730541169643402,0.026404328644275665,-0.042628202587366104,-0.04958333075046539,-0.07936253398656845,-0.007252795621752739,-0.050276145339012146,0.024540869519114494,-0.0012359850807115436,0.04750698804855347,0.06241092085838318,-0.051424700766801834,0.06396449357271194,0.012350508011877537,-0.00032754248240962625,-0.07692205905914307
-0.023035399615764618,-0.003292790846899152,-0.056495096534490585,0.05841658636927605,0.1222420334815979,-0.04898032918572426,-0.0458792969584465,0.0752696692943573,-0.031510129570961,-0.01106975693255663,-0.021948182955384254,0.019181886687874794,0.05163339152932167,0.03665374591946602,0.03072069026529789,-0.044623784720897675,-0.04603319987654686,-0.0077263908460736275,0.004816859494894743,-0.07575450092554092
0.04701860249042511,-0.020453540608286858,-0.02509392239153385,-0.020081784576177597,0.029955439269542694,0.0421854630112648,-0.002955871634185314,0.023581188172101974,-0.047588035464286804,-0.10147114098072052,-0.02328878454864025,0.00991516001522541,-0.047578416764736176,-0.025154180824756622,0.08883970230817795,0.014868110418319702,0.07456288486719131,-0.04824213311076164,0.0539824441075325,-0.05797640606760979
0.04701860249042511,-0.020453540608286858,-0.02509392239153385,-0.020081784576177597,0.029955439269542694,0.0421854630112648,-0.002955871634185314,0.023581188172101974,-0.047588035464286804,-0.10147114098072052,-0.02328878454864025,0.00991516001522541,-0.047578416764736176,-0.025154180824756622,0.08883970230817795,0.014868110418319702,0.07456288486719131,-0.04824213311076164,0.0539824441075325,-0.05797640606760979
-0.06644731014966965,0.06819500774145126,0.038697630167007446,0.05531267821788788,0.11480802297592163,0.0338762030005455,-0.05430885776877403,0.07319042086601257,0.023804225027561188,-0.07347209751605988,0.04697125777602196,0.04641609266400337,-0.0542675144970417,0.04914278909564018,0.09854308515787125,-0.03920004516839981,0.05452915281057358,0.04571780562400818,-0.015214253216981888,0.055644743144512177
-0.06644731014966965,0.06819500774145126,0.038697630167007446,0.05531267821788788,0.11480802297592163,0.0338762030005455,-0.05430885776877403,0.07319042086601257,0.023804225027561188,-0.07347209751605988,0.04697125777602196,0.04641609266400337,-0.0542675144970417,0.04914278909564018,0.09854308515787125,-0.03920004516839981,0.05452915281057358,0.04571780562400818,-0.015214253216981888,0.055644743144512177
0.024763846769928932,0.07193567603826523,-0.05411679670214653,-0.003597475355491042,0.11623877286911011,-0.05482053384184837,0.029168590903282166,0.061142243444919586,-0.06235067918896675,-0.0870431587100029,0.0063841333612799644,-0.02575429528951645,-0.06653369218111038,-0.03214023634791374,-0.003316533053293824,0.02379339188337326,0.011593841947615147,0.039458829909563065,-0.01915689744055271,-0.01584766060113907
-0.055024586617946625,-0.04026292636990547,0.07664664834737778,0.06633217632770538,0.022925378754734993,-0.005654745735228062,0.03658084198832512,-0.02763315849006176,0.02230934053659439,-0.058387063443660736,-0.06373146176338196,0.09662705659866333,0.028225647285580635,0.07923611998558044,-0.03719053417444229,0.0665760338306427,-0.021683987230062485,-0.06876517087221146,-0.00493962038308382,-0.0158552173525095
-0.03748910501599312,-0.013120272196829319,0.06751204282045364,-0.022621387615799904,-0.015037398785352707,0.04110713303089142,-0.04805787280201912,0.010258642956614494,-0.038974665105342865,-0.06607355177402496,-0.0052101281471550465,0.05117257684469223,-0.06580302864313126,0.03097018599510193,0.037777528166770935,-0.023205382749438286,0.02731368876993656,0.008304016664624214,-0.01837295852601528,0.033331938087940216
0.014849604107439518,-0.06391406804323196,0.059602636843919754,-0.04789077863097191,0.07005385309457779,0.015129946172237396,0.024364041164517403,0.01270042173564434,0.006609693635255098,-0.021808180958032608,0.010590234771370888,0.038879670202732086,-0.04694832116365433,-0.0016056877793744206,0.10523238033056259,0.03586900979280472,-0.06548917293548584,0.012701514177024364,-0.02187805436551571,-0.053283993154764175
-0.0411577969789505,0.031779393553733826,0.03006415255367756,0.011327167972922325,0.10369841009378433,0.004710463806986809,0.051146939396858215,0.04021521285176277,0.015482808463275433,0.03402343764901161,0.06102665886282921,0.04481836408376694,0.028517402708530426,-0.017710767686367035,0.08113458007574081,0.01476101204752922,0.0549943745136261,0.05248088389635086,0.023548979312181473,-0.05823604390025139
0.06740899384021759,0.07027938961982727,0.06986761093139648,0.010317477397620678,0.05077197030186653,-0.05048039183020592,-0.05057034641504288,0.02906223200261593,-0.08209353685379028,-0.09860869497060776,0.04159368947148323,0.04593317210674286,-0.0537339448928833,0.0374564491212368,-0.014781324192881584,0.03290212154388428,0.014020321890711784,-0.02892063558101654,-0.007029304746538401,-0.012187567539513111
-0.004442818928509951,0.06537913531064987,-0.011829596012830734,0.07282880693674088,-0.01715133525431156,0.026271570473909378,0.026896171271800995,0.02866746112704277,-0.02551274374127388,-0.0800069198012352,0.03438422456383705,-0.02940315753221512,-0.0645282119512558,0.05713772028684616,-0.010848203673958778,-0.023406384512782097,0.06980890780687332,-0.07306321710348129,0.07467061281204224,0.005570161156356335
0.05210123956203461,-0.05719318613409996,0.018312156200408936,0.033418115228414536,-0.019101355224847794,0.02819947898387909,-0.03271152451634407,0.043348394334316254,-0.04645204544067383,0.020171644166111946,-0.066951222717762,0.08049732446670532,-0.027151232585310936,0.012934185564517975,0.02043777145445347,-0.035599637776613235,0.041138943284749985,0.016352303326129913,-0.0452822670340538,-0.09122680127620697
-0.06413151323795319,-0.03613365441560745,0.07178185880184174,0.066838838160038,0.09022510796785355,0.050178274512290955,-0.01819121278822422,0.010511476546525955,0.06011306494474411,-0.0765686184167862,-0.017848804593086243,-0.011589613743126392,0.0585162453353405,-0.04616028442978859,0.005360448267310858,0.008806008845567703,-0.06828275322914124,-0.03252321481704712,-0.043925970792770386,-0.018686171621084213
-0.08224520832300186,0.014731052331626415,0.058308910578489304,0.03297070041298866,0.012339026667177677,0.0659923404455185,-0.052046168595552444,-0.054987967014312744,-0.05424555018544197,-0.07793332636356354,0.009709454141557217,0.014728838577866554,-0.0688989982008934,0.03840947896242142,-0.04066597670316696,0.016751142218708992,-0.010544971562922001,-0.00736613292247057,0.07332727313041687,0.04372293874621391
-0.004897855222225189,0.0017940797843039036,-0.04949422925710678,0.05092458426952362,0.12193708121776581,-0.042627010494470596,-0.031668659299612045,0.04680982604622841,-0.051559191197156906,-0.05618348345160484,0.03310666233301163,0.06919008493423462,-0.0666237398982048,0.05805081129074097,0.07877087593078613,-0.04334305226802826,0.05136311799287796,0.049851108342409134,-0.0031976611353456974,-0.044415153563022614
-0.03429246321320534,-0.02328680083155632,-0.038276832550764084,0.0016121453372761607,-0.0007511647418141365,-0.07624347507953644,0.06510300934314728,-0.05867521092295647,-0.06842014193534851,0.0004647372988983989,0.05819693207740784,-0.031333405524492264,0.054870203137397766,0.05167406424880028,0.09730608016252518,0.06585685908794403,-0.015144510194659233,0.05822797492146492,-0.018782591447234154,-0.020983358845114708
-0.03843501955270767,0.06493550539016724,0.03050169162452221,0.007536662742495537,0.03768221661448479,-0.022156305611133575,-0.07776843756437302,0.023066367954015732,-0.010090374387800694,-0.009371770545840263,-0.048158206045627594,0.02528124861419201,-0.030170265585184097,-0.0003256789059378207,0.1019112840294838,0.0010289340279996395,-0.008964523673057556,0.0470578707754612,-0.04005914181470871,0.05318128690123558
-0.0546816885471344,-0.027763813734054565,-0.009097220376133919,0.008072715252637863,0.10025119036436081,0.03420381620526314,-0.017785368487238884,-0.0007669150945730507,0.03596384450793266,-0.0796375423669815,-0.06221938878297806,0.020961947739124298,-0.07406274229288101,0.015789883211255074,0.09365715086460114,-0.0077454885467886925,0.018357370048761368,-0.0759846419095993,0.03206249698996544,-0.0669884979724884
-0.01143003161996603,-0.05123040825128555,0.06849394738674164,0.032275766134262085,0.03590700030326843,0.028318896889686584,0.01779215969145298,0.022110797464847565,-0.06792712956666946,0.039938826113939285,0.061063677072525024,0.062018707394599915,-0.04835117235779762,0.026294933632016182,0.09515500068664551,0.051269643008708954,-0.05126718059182167,0.02466547302901745,0.018345652148127556,0.0642029196023941
-0.043838538229465485,0.06004379689693451,0.0034293700009584427,0.03991062194108963,0.060659490525722504,-0.06041432172060013,0.03192507103085518,0.02943594753742218,-0.06291048228740692,-0.046124543994665146,-0.018134143203496933,-0.010012608021497726,0.03870801255106926,0.05757901445031166,0.04664749652147293,0.03819813206791878,0.04550762474536896,-0.000866343267261982,-0.004682229831814766,0.005388706922531128
-0.034771401435136795,-0.05182652547955513,0.03199804201722145,0.06984064728021622,0.10960457473993301,-0.03237219154834747,0.04385063424706459,-0.04953986033797264,0.03464964032173157,-0.04196178540587425,-0.02156086452305317,0.005712192039936781,-0.06825646013021469,0.057251445949077606,0.017516573891043663,0.011731906794011593,0.07532421499490738,-0.0693560466170311,0.033245109021663666,-0.013662662357091904
-0.0005616903072223067,0.03160270303487778,0.006262396462261677,-0.049762286245822906,0.08510006219148636,0.028707783669233322,0.05119597911834717,0.03907397761940956,0.028280846774578094,0.003166553098708391,-0.05722254142165184,-0.025481892749667168,-0.023779766634106636,0.084526926279068,-0.015451627783477306,-0.027141721919178963,0.017244558781385422,-0.045795634388923645,0.01771044358611107,-0.032263968139886856
-0.06362318247556686,-0.050586771219968796,-0.04095374047756195,-0.04984792321920395,0.09742515534162521,0.05228441208600998,0.011628193780779839,-0.04015933722257614,0.027827559038996696,-0.06483645737171173,0.058904241770505905,-0.03297809883952141,0.03631645813584328,-0.038579609245061874,0.042131323367357254,0.0059967790730297565,0.020341694355010986,0.06357649713754654,-0.01621128059923649,-0.0626281127333641
0.03533240035176277,0.0329192653298378,0.07010502368211746,0.0043477448634803295,0.10292038321495056,0.047878291457891464,-0.04606490954756737,0.030940497294068336,0.04622447490692139,-0.10261204093694687,-0.010739251971244812,0.04995474964380264,-0.0342702679336071,-0.05388788878917694,0.08953142911195755,0.03345327824354172,-0.012125035747885704,-0.005274596158415079,-0.0009768534218892455,-0.017337949946522713
0.016291147097945213,0.01869708113372326,0.016544340178370476,0.04748813807964325,0.07319954037666321,-0.06310314685106277,0.04850368946790695,0.01458061020821333,-0.04114042967557907,-0.02758757211267948,0.06998445093631744,0.03777668625116348,-0.019805319607257843,0.05414731800556183,0.08114740252494812,0.013944066129624844,-0.03421051427721977,-0.05672893673181534,0.004038206301629543,-0.0688004195690155
0.04962243512272835,0.02963981404900551,0.05499006435275078,0.06292005628347397,0.10940337181091309,-0.0734979659318924,0.02113467827439308,-0.05085239186882973,-0.07572676986455917,-0.0333426371216774,-0.051099490374326706,0.055786099284887314,0.043979767709970474,-0.01946158893406391,0.033137161284685135,0.06348498165607452,0.03649122640490532,0.03940718621015549,-0.004634677432477474,0.04913390055298805
-0.021606536582112312,0.001045611104927957,-0.009484835900366306,0.032668907195329666,0.08953127264976501,0.032756026834249496,0.04259618744254112,0.03661681339144707,-0.02225325256586075,-0.06860904395580292,-0.02540494315326214,0.0629480853676796,-0.047125622630119324,-0.021905891597270966,0.07023736089468002,-0.012586629949510098,-0.031655147671699524,0.013142428360879421,0.07620753347873688,-0.049959175288677216
0.0303411316126585,-0.043057866394519806,-0.04813340678811073,-0.03590868040919304,0.0629151314496994,-0.027386412024497986,-0.004095831885933876,0.0024023191072046757,0.03681641072034836,-0.0302272941917181,0.07108203321695328,-0.006542567163705826,0.03418797254562378,0.05498914793133736,0.024178631603717804,0.0420280359685421,0.023861728608608246,-0.048047102987766266,0.016728540882468224,0.04106469452381134
0.033516135066747665,0.010715248063206673,0.04432329535484314,0.06900462508201599,0.036417119204998016,-0.054365478456020355,-0.06917304545640945,-0.022840416058897972,-0.04304247722029686,-0.031525567173957825,-0.009282039478421211,-0.03247341513633728,0.012432476505637169,0.011663408949971199,0.06105323135852814,-0.0048691146075725555,-0.008545464836061,-0.016510963439941406,0.01496598869562149,-0.04771210998296738
0.012679745443165302,0.05919409170746803,0.06697531044483185,0.03912461921572685,0.11508660763502121,-0.06364046782255173,0.03827497363090515,-0.05864323303103447,-0.01578354835510254,-0.10597435384988785,-0.042460884898900986,-0.009698017500340939,-0.043750688433647156,0.00518261780962348,-0.03309185802936554,0.029346158728003502,-0.024109605699777603,-0.06618749350309372,0.06709767878055573,-0.0018672365695238113
0.00983388815075159,0.06288091093301773,0.06378472596406937,0.06778762489557266,0.05996742099523544,-0.04694690555334091,0.0083451634272933,0.07238895446062088,0.022097110748291016,-0.0018022803124040365,0.008061478845775127,0.01572427898645401,-0.006445488426834345,0.033285897225141525,0.016523461788892746,0.05573459342122078,0.03748680278658867,-0.014198530465364456,-0.05408632010221481,-0.021134894341230392
0.05147041380405426,-0.012243964709341526,0.057090479880571365,0.03189992159605026,0.06341458857059479,0.01912091299891472,-0.02647537738084793,0.0027152751572430134,0.025371326133608818,-0.033536456525325775,-0.04287714138627052,0.053224001079797745,0.040173619985580444,0.012686998583376408,0.09749465435743332,0.05237754061818123,-0.04911006614565849,-0.01897459290921688,-0.004612899851053953,0.054591674357652664
0.028907939791679382,0.001981218345463276,-0.026309434324502945,0.016184937208890915,0.09337641298770905,-0.03277845308184624,-0.015529810450971127,0.08404821157455444,-0.06131356582045555,-0.009776722639799118,-0.0305132195353508,-0.01986021175980568,-0.009516450576484203,0.05101792886853218,-0.010981964878737926,0.08845081925392151,0.0119969816878438,-0.06879911571741104,-0.05270543321967125,0.005320881027728319
0.06432296335697174,-0.06471100449562073,-0.060754213482141495,-0.022767962887883186,-0.008813499473035336,0.03141704201698303,-0.04348801448941231,-0.03196055814623833,0.040603335946798325,-0.10118711739778519,-0.04622117429971695,0.07742591202259064,-0.004984614904969931,0.01386153046041727,-0.013004560023546219,0.08094203472137451,0.07460147142410278,-0.07274773716926575,-0.05672839656472206,0.010924206115305424
0.04830370843410492,-0.020510505884885788,-0.0069532631896436214,0.051173653453588486,0.0866284966468811,0.06556199491024017,0.04904565215110779,0.055852506309747696,0.022770164534449577,-0.02476850524544716,0.035336773842573166,-0.04023632034659386,-0.04411400854587555,0.06918726116418839,-0.012733534909784794,-0.043717436492443085,0.04313844442367554,0.059021420776844025,0.010290004312992096,-0.03923434019088745
0.06354115158319473,0.023961709812283516,-0.04828362539410591,0.07665427774190903,0.08288263529539108,-0.028234120458364487,-0.008853645995259285,-0.0033163228072226048,-0.0388772077858448,-0.057637762278318405,-0.06476303189992905,0.010445679537951946,-0.058166541159152985,0.06990969926118851,0.019062785431742668,0.04271730035543442,0.017557792365550995,-0.02645103819668293,0.0715951919555664,-0.054102059453725815
-0.04951232671737671,0.0188588909804821,-0.007667874917387962,0.014664840884506702,0.1149749606847763,0.04331444203853607,-0.03129124641418457,0.0064382427372038364,0.04464413598179817,-0.03935422748327255,-0.0044198352843523026,0.07179402559995651,0.050033558160066605,-0.046050768345594406,0.02357347495853901,-0.003464670153334737,0.04098920151591301,0.018120577558875084,-0.028155064210295677,-0.06546369194984436
-0.028744850307703018,-0.011441901326179504,-0.02274669148027897,-0.01747898757457733,-0.02269449271261692,-0.031563181430101395,-0.0733293741941452,0.014338702894747257,0.027933849021792412,-0.09880499541759491,-0.06538676470518112,0.0489436537027359,-0.07527467608451843,0.019722437486052513,0.09103348851203918,0.053256500512361526,0.05698630213737488,-0.04959588497877121,0.02456188015639782,-0.008152004331350327
0.021773234009742737,0.02201586589217186,0.0501762218773365,-0.019350435584783554,0.05628545209765434,-0.07355901598930359,-0.03683783486485481,0.05933210998773575,0.04019120708107948,-0.10175306349992752,-0.00019204315321985632,0.05013047903776169,-0.06408942490816116,0.03676346689462662,-0.02255483716726303,0.0014578659320250154,0.04535500705242157,0.000878501741681248,0.008374916389584541,0.04246266558766365
0.04027560353279114,0.07066517323255539,-0.04906117543578148,0.07398729026317596,-0.014708931557834148,-0.05209924280643463,0.03675571456551552,-0.02319456823170185,-0.02968103066086769,-0.06983606517314911,0.031624916940927505,0.022078968584537506,-0.061346620321273804,0.09170255810022354,0.009493177756667137,0.06800155341625214,-0.04700683057308197,0.06808099895715714,0.031169692054390907,0.01902475394308567
0.042735181748867035,0.026020878925919533,-0.01252668909728527,0.053850118070840836,0.09608335793018341,-0.026783913373947144,0.04573918879032135,0.0781092420220375,-0.025730162858963013,-0.05604558810591698,0.07350876182317734,0.047317326068878174,0.018271267414093018,0.08565478026866913,-0.006012205500155687,-0.02417074330151081,-0.024261288344860077,-0.04585462436079979,0.06466889381408691,-0.02560052089393139
-0.03228331357240677,-0.02544035017490387,-0.03490230068564415,0.024091774597764015,-0.010018019936978817,0.017558226361870766,0.006740034092217684,-0.02119387313723564,-0.07663776725530624,0.028044283390045166,-0.0529312826693058,0.056302160024642944,-0.013853090815246105,-0.028314324095845222,0.06763984262943268,0.07004494965076447,-0.03009852021932602,-0.040769029408693314,0.04228982329368591,0.008629152551293373
0.04551631212234497,-0.0688660591840744,0.05544252693653107,0.08674371242523193,0.09483122080564499,0.01185365580022335,0.014879309572279453,0.06096222251653671,-0.055470261722803116,-0.08529428392648697,-0.0019243332790210843,-0.006377940531820059,-0.06593752652406693,0.01336589828133583,0.08733069151639938,0.0684564933180809,-0.012158417142927647,-0.03822927549481392,-0.042846404016017914,0.019888555631041527
-0.05303066223859787,-0.01915370114147663,-0.055143993347883224,-0.0036329699214547873,0.026737835258245468,-0.07023260742425919,-0.0608055554330349,0.04156866669654846,-0.07242078334093094,-0.10338426381349564,-0.016327613964676857,-0.011506742797791958,0.056255705654621124,0.04839275777339935,-0.02847096510231495,0.06943036615848541,0.046904925256967545,-0.03743762895464897,-0.03531644865870476,-0.05322277918457985
-0.05303066223859787,-0.01915370114147663,-0.055143993347883224,-0.0036329699214547873,0.026737835258245468,-0.07023260742425919,-0.0608055554330349,0.04156866669654846,-0.07242078334093094,-0.10338426381349564,-0.016327613964676857,-0.011506742797791958,0.056255705654621124,0.04839275777339935,-0.02847096510231495,0.06943036615848541,0.046904925256967545,-0.03743762895464897,-0.03531644865870476,-0.05322277918457985
-0.05303066223859787,-0.01915370114147663,-0.055143993347883224,-0.0036329699214547873,0.026737835258245468,-0.07023260742425919,-0.0608055554330349,0.04156866669654846,-0.07242078334093094,-0.10338426381349564,-0.016327613964676857,-0.011506742797791958,0.056255705654621124,0.04839275777339935,-0.02847096510231495,0.06943036615848541,0.046904925256967545,-0.03743762895464897,-0.03531644865870476,-0.05322277918457985
-0.00031723975553177297,-0.05814852938055992,-0.03382943198084831,-0.02370610460639,0.08599428832530975,-0.004785256460309029,-0.04081067442893982,0.020411739125847816,0.015964528545737267,0.030008582398295403,0.046560145914554596,-0.022683586925268173,0.04401349276304245,-0.004184018354862928,0.0962209701538086,0.072179414331913,0.07089459896087646,0.05793076381087303,-0.01691311039030552,0.047720082104206085
-0.04109308123588562,-0.0220621507614851,-0.03712243586778641,-0.04727739840745926,0.05138557031750679,0.01498609408736229,0.049391213804483414,0.014974360354244709,-0.07145684212446213,-0.07786441594362259,0.062264278531074524,-0.02900439128279686,0.0548139251768589,0.05352949723601341,0.06887871026992798,0.03039165772497654,-0.047246333211660385,0.006288853008300066,-0.060176655650138855,-0.041319895535707474
-0.053211137652397156,0.0210004523396492,-0.022922566160559654,-0.002708295127376914,-0.016141284257173538,-0.024213915690779686,0.04314836114645004,0.020249949768185616,-0.06832306832075119,-0.08765523135662079,-0.028125112876296043,-0.0041051702573895454,-0.03965134918689728,-0.027690501883625984,0.04882132261991501,0.04787192866206169,-0.023176459595561028,0.0385831780731678,0.045999981462955475,0.04608014225959778
-0.04065772145986557,0.07414382696151733,-0.026536136865615845,0.0012776367366313934,-0.016750095412135124,-0.042852796614170074,-0.029607504606246948,-0.009431128390133381,-0.06790366023778915,-0.08425510674715042,0.02269587852060795,-0.025539137423038483,0.005663833115249872,0.009181877598166466,0.018311990424990654,-0.012335599400103092,-0.0698508620262146,0.038394369184970856,0.06904569268226624,-0.02185826189815998
0.028157193213701248,0.023594381287693977,-0.02469727210700512,0.012424799613654613,0.048000309616327286,-0.04379652068018913,-0.07431857287883759,-0.03841092437505722,-0.08510579913854599,-0.013774754479527473,-0.04034382104873657,0.026502756401896477,0.05803674831986427,-0.023572223260998726,0.1046443060040474,-0.04816482588648796,0.022284405305981636,-0.04041898250579834,-0.05131610482931137,0.0016255032969638705
0.019757425412535667,-0.055884797126054764,-0.05045449361205101,0.04431691765785217,0.04320855438709259,0.015542554669082165,0.012548273429274559,0.04171951115131378,0.00484468974173069,0.0319410003721714,-0.04425960034132004,0.10096175968647003,-0.045541517436504364,0.0016226739389821887,0.025438370183110237,0.04329664260149002,0.003989561926573515,-0.002637453144416213,0.03277839720249176,0.05830008164048195
0.050450850278139114,-0.060769420117139816,0.02502024546265602,-0.00434122234582901,0.04227674752473831,-0.06443784385919571,0.05327800288796425,0.07360058277845383,-0.040179964154958725,-0.0889381542801857,-0.03990468382835388,0.09395892918109894,-0.03253650292754173,0.06652968376874924,0.04278707131743431,-0.012069045566022396,0.04550078883767128,0.0005318679031915963,-0.01430700533092022,-0.06960751116275787
0.03353573754429817,0.009586947970092297,0.06743337213993073,0.05168190225958824,-0.02247658744454384,0.03244354575872421,-0.02199779823422432,-0.0015293181641027331,-8.368676935788244e-05,0.031910695135593414,-0.03857504948973656,0.04810726270079613,0.042062338441610336,-0.03561541065573692,0.04622400179505348,0.006742296740412712,-0.06328268349170685,-0.027990849688649178,0.04358437657356262,0.0004323214234318584
