0,1,2,3,4,5,6,7,8,9,10,11,12,13,14,15,16,17,18,19
0.024964014068245888,0.07330102473497391,0.0753602683544159,-0.046384792774915695,-0.0590350516140461,-0.025076769292354584,-0.031230023130774498,0.04813700541853905,-0.016202546656131744,-0.06330709159374237,-0.0671321228146553,0.06892219930887222,-0.024527190253138542,0.01642325334250927,0.061736248433589935,0.052913129329681396,-0.009123962372541428,0.051066260784864426,-0.018863335251808167,0.02335309237241745
0.006844180170446634,-0.030209559947252274,0.007874242961406708,-0.04895427078008652,0.0011481024557724595,-0.00033253536093980074,0.0807560384273529,-0.023399269208312035,-0.015383812598884106,0.012422502040863037,-0.0957980677485466,-0.06139197200536728,-0.03717619925737381,-0.03880663216114044,-0.024167321622371674,0.008969931863248348,-0.012697748839855194,0.033220116049051285,0.08326083421707153,-0.04636051878333092
-0.07451461255550385,0.00481833703815937,-0.01279615517705679,0.013555755838751793,0.05897057428956032,0.044051479548215866,-0.04157678782939911,0.006107416469603777,0.03396479785442352,-0.0540129691362381,0.03666124865412712,0.051834315061569214,0.012244464829564095,0.04987425357103348,0.03562995046377182,0.08316788822412491,0.02038203552365303,-0.06860935688018799,0.007400885224342346,0.013038710691034794
-0.07451461255550385,0.00481833703815937,-0.01279615517705679,0.013555755838751793,0.05897057428956032,0.044051479548215866,-0.04157678782939911,0.006107416469603777,0.03396479785442352,-0.0540129691362381,0.03666124865412712,0.051834315061569214,0.012244464829564095,0.04987425357103348,0.03562995046377182,0.08316788822412491,0.02038203552365303,-0.06860935688018799,0.007400885224342346,0.013038710691034794
-0.03223493695259094,0.03688899055123329,0.03834538161754608,0.05164702236652374,0.045572806149721146,0.053172606974840164,-0.03488395735621452,0.038881249725818634,0.1037619560956955,0.010070069693028927,-0.08857777714729309,-0.06872976571321487,0.03227215260267258,0.03473621606826782,-0.04308115690946579,0.01933027245104313,-0.039710018783807755,-0.04928382858633995,-0.012782592326402664,-0.0450090654194355
-0.03223493695259094,0.03688899055123329,0.03834538161754608,0.05164702236652374,0.045572806149721146,0.053172606974840164,-0.03488395735621452,0.038881249725818634,0.1037619560956955,0.010070069693028927,-0.08857777714729309,-0.06872976571321487,0.03227215260267258,0.03473621606826782,-0.04308115690946579,0.01933027245104313,-0.039710018783807755,-0.04928382858633995,-0.012782592326402664,-0.0450090654194355
-0.09638026356697083,-0.029110819101333618,-0.008119682781398296,-0.00398379797115922,-0.027622582390904427,0.06067143753170967,0.03213866055011749,-0.026057930663228035,0.03875419870018959,-0.011282630264759064,2.3005402908893302e-05,-0.022627240046858788,0.018354931846261024,0.0743531584739685,0.00871384609490633,0.0805993527173996,-0.03685221076011658,-0.008467287756502628,0.013753232546150684,-0.03802258148789406
-0.03605415299534798,-0.04517829045653343,0.05299538001418114,0.07300197333097458,0.06908880174160004,0.07108153402805328,0.05936215817928314,-0.04145905748009682,-0.020070618018507957,-0.04243917018175125,-0.05299300327897072,-0.0440526120364666,-0.0009067680221050978,-0.029599495232105255,0.04289216920733452,0.06434404850006104,-0.02269027568399906,0.04847753793001175,0.056868743151426315,-0.0539650097489357
-0.002837782260030508,0.024495018646121025,0.028021110221743584,0.0802362933754921,-0.0017062341794371605,0.05706442520022392,0.026313450187444687,0.060317229479551315,0.05452548339962959,0.07015138864517212,-0.061650730669498444,-0.01431477814912796,0.05317914858460426,-0.014676324091851711,-0.003124199341982603,0.014881134033203125,-0.0678812712430954,-0.0029227719642221928,0.056619077920913696,-0.022784944623708725
-0.028033694252371788,-0.06467530876398087,0.02007361128926277,-0.0043420251458883286,-0.005201949737966061,-0.012569570913910866,-0.0065500629134476185,0.05021677911281586,-0.017770124599337578,0.022300221025943756,-0.00016134665929712355,-0.04537912458181381,-0.04559387266635895,-0.03413356468081474,-0.06344587355852127,-0.028812887147068977,0.026781946420669556,-0.04651667922735214,0.01465204544365406,-0.08282763510942459
0.0236223042011261,0.009540843777358532,-0.008275850676000118,-0.035017743706703186,-0.02795502543449402,0.02659192495048046,0.07284681499004364,0.05186093971133232,0.019757822155952454,0.05778372660279274,0.035321518778800964,-0.038888394832611084,0.050909530371427536,0.06656524538993835,0.0005068151513114572,0.010879835113883018,-0.007600408513098955,-0.05640228092670441,0.0081626633182168,-0.010256439447402954
0.04121527448296547,-0.04429367184638977,0.08769328892230988,0.0033017245586961508,-0.02119346894323826,-0.0007447578827850521,0.006760193966329098,0.08270159363746643,0.05256021022796631,0.005416329484432936,-0.021499941125512123,-0.00517148245126009,0.06653033196926117,-0.01941549964249134,-0.04574764519929886,0.062279827892780304,0.02373938448727131,-0.0738895907998085,0.009932566434144974,0.0596628375351429
0.023365233093500137,-0.004149858374148607,0.05537459999322891,-0.043188754469156265,0.0288026574999094,-0.011855997145175934,-0.05145509913563728,0.06421469897031784,0.08956045657396317,0.022256094962358475,0.037697941064834595,-0.04023788124322891,-0.005478506907820702,-0.028059914708137512,0.02212418243288994,-0.007160951383411884,0.033896371722221375,-0.05526641011238098,0.004168773535639048,0.05585724115371704
0.023365233093500137,-0.004149858374148607,0.05537459999322891,-0.043188754469156265,0.0288026574999094,-0.011855997145175934,-0.05145509913563728,0.06421469897031784,0.08956045657396317,0.022256094962358475,0.037697941064834595,-0.04023788124322891,-0.005478506907820702,-0.028059914708137512,0.02212418243288994,-0.007160951383411884,0.033896371722221375,-0.05526641011238098,0.004168773535639048,0.05585724115371704
0.023365233093500137,-0.004149858374148607,0.05537459999322891,-0.043188754469156265,0.0288026574999094,-0.011855997145175934,-0.05145509913563728,0.06421469897031784,0.08956045657396317,0.022256094962358475,0.037697941064834595,-0.04023788124322891,-0.005478506907820702,-0.028059914708137512,0.02212418243288994,-0.007160951383411884,0.033896371722221375,-0.05526641011238098,0.004168773535639048,0.05585724115371704
-0.0016051792772486806,-0.04842999204993248,0.06357196718454361,0.027300087735056877,0.07130718976259232,0.058625515550374985,0.06639095395803452,-0.054077476263046265,0.09465232491493225,0.004785727709531784,-0.0379793606698513,-0.0656200423836708,0.08568628877401352,-0.051335658878088,0.05665036663413048,0.07759102433919907,0.0689840242266655,0.033319056034088135,-0.00952321756631136,-0.03990551829338074
-0.024458495900034904,-0.02169707417488098,-0.021466342732310295,-0.038408007472753525,0.033250972628593445,0.0848851203918457,-0.019399844110012054,0.03491441160440445,0.05212957784533501,0.06775955855846405,-0.01254645362496376,0.027137640863656998,-0.04279330372810364,-0.028502995148301125,0.03897517919540405,0.01634613238275051,0.05329015851020813,-0.020393554121255875,-0.03413945063948631,0.056450165808200836
-0.024458495900034904,-0.02169707417488098,-0.021466342732310295,-0.038408007472753525,0.033250972628593445,0.0848851203918457,-0.019399844110012054,0.03491441160440445,0.05212957784533501,0.06775955855846405,-0.01254645362496376,0.027137640863656998,-0.04279330372810364,-0.028502995148301125,0.03897517919540405,0.01634613238275051,0.05329015851020813,-0.020393554121255875,-0.03413945063948631,0.056450165808200836
0.03511279448866844,-0.04752673953771591,0.039642948657274246,-0.03899075463414192,-0.0503290556371212,0.027793649584054947,-0.043223846703767776,-0.031106723472476006,0.054803669452667236,0.0011906212894245982,0.019784916192293167,-0.0247963834553957,0.08317463845014572,0.005738475825637579,-0.006792082916945219,-0.032339055091142654,-0.028010770678520203,-0.02770649828016758,0.07051952183246613,-0.07729920744895935
-0.03264033421874046,0.014005178585648537,0.0566154345870018,-0.026943327859044075,0.009003421291708946,0.02079561911523342,0.009967036545276642,0.050711311399936676,0.06649341434240341,-0.025911416858434677,-0.042632460594177246,0.05662969499826431,0.026185201480984688,0.011552469804883003,0.008148632943630219,-0.02850428968667984,-0.012696930207312107,0.023383386433124542,0.07884140312671661,-0.01364049781113863
-0.006385668180882931,-0.006934086326509714,0.06563103199005127,0.044361986219882965,-0.06369249522686005,0.0701800137758255,0.06775498390197754,-0.002278689993545413,-0.018894992768764496,-0.015414375811815262,-0.04538321495056152,0.05538982152938843,-0.01989932917058468,0.0639011412858963,-0.04833419620990753,-0.010673793964087963,-0.031887851655483246,-0.05430873855948448,0.022834153845906258,0.025167115032672882
-0.004255902953445911,-0.05074383690953255,-0.024148311465978622,-0.048110589385032654,0.06987669318914413,-0.0030144164338707924,-0.0694085955619812,0.02041630446910858,-0.03437039628624916,0.047164447605609894,-0.04408804699778557,-0.07593794167041779,0.030612803995609283,0.036747902631759644,0.06659264862537384,0.030404791235923767,-0.04720940440893173,-0.07338486611843109,-0.030539363622665405,-0.02515249140560627
-0.019822141155600548,0.0708848312497139,0.07977839559316635,-0.034967437386512756,-0.019778139889240265,-0.05262036994099617,-0.04881323501467705,0.0009209191775880754,0.09387315809726715,-0.03301394358277321,-0.09501189738512039,0.053828440606594086,0.0727708488702774,-0.041382744908332825,-0.0037798467092216015,-0.0495445542037487,-0.02465786784887314,-0.05380016192793846,-0.004044455010443926,-0.0507160909473896
-0.09182412922382355,-0.019875621423125267,0.047157108783721924,-0.026257891207933426,0.024013005197048187,-0.032637596130371094,-0.0037394873797893524,0.033953920006752014,0.04617537185549736,0.014094017446041107,0.029906081035733223,0.0014725853689014912,-0.055912237614393234,-0.07213695347309113,0.0336330384016037,0.051848191767930984,-0.07717996090650558,-0.05553930252790451,-0.017779618501663208,-0.04182395711541176
-0.09182412922382355,-0.019875621423125267,0.047157108783721924,-0.026257891207933426,0.024013005197048187,-0.032637596130371094,-0.0037394873797893524,0.033953920006752014,0.04617537185549736,0.014094017446041107,0.029906081035733223,0.0014725853689014912,-0.055912237614393234,-0.07213695347309113,0.0336330384016037,0.051848191767930984,-0.07717996090650558,-0.05553930252790451,-0.017779618501663208,-0.04182395711541176
-0.019822141155600548,0.0708848312497139,0.07977839559316635,-0.034967437386512756,-0.019778139889240265,-0.05262036994099617,-0.04881323501467705,0.0009209191775880754,0.09387315809726715,-0.03301394358277321,-0.09501189738512039,0.053828440606594086,0.0727708488702774,-0.041382744908332825,-0.0037798467092216015,-0.0495445542037487,-0.02465786784887314,-0.05380016192793846,-0.004044455010443926,-0.0507160909473896
0.0268859900534153,-0.04217678681015968,-0.046199019998311996,0.07368934899568558,0.0559268519282341,-0.03774931654334068,-0.027786826714873314,-0.03313840925693512,-0.012446150183677673,0.0007730631623417139,-0.013981807976961136,-0.0755850225687027,-0.05745449662208557,0.008772002533078194,0.05960759520530701,0.07340370118618011,-0.009577813558280468,0.03445405885577202,0.002989979228004813,-0.04692108556628227
-0.04190917685627937,0.028143903240561485,0.007133465260267258,0.0782516822218895,-0.046736106276512146,-0.044137176126241684,0.008819409646093845,0.07937964797019958,0.022353602573275566,-0.025331374257802963,0.03715415298938751,-0.008352618664503098,-0.040997229516506195,0.028004834428429604,0.07584138214588165,0.0883227065205574,-0.03495673090219498,0.022029494866728783,0.05396311730146408,-0.06510669738054276
0.0268859900534153,-0.04217678681015968,-0.046199019998311996,0.07368934899568558,0.0559268519282341,-0.03774931654334068,-0.027786826714873314,-0.03313840925693512,-0.012446150183677673,0.0007730631623417139,-0.013981807976961136,-0.0755850225687027,-0.05745449662208557,0.008772002533078194,0.05960759520530701,0.07340370118618011,-0.009577813558280468,0.03445405885577202,0.002989979228004813,-0.04692108556628227
0.010526503436267376,0.02349366433918476,0.05766376107931137,0.015986446291208267,0.03206682205200195,-0.04395322501659393,-0.05383231118321419,0.08886142820119858,0.05427439883351326,-0.05494064465165138,-0.01805950701236725,0.042300689965486526,0.05888580530881882,-0.054992128163576126,0.05118760094046593,-0.044899921864271164,-0.042309921234846115,0.01823619194328785,0.03700650483369827,0.03657197579741478
-0.06440834701061249,0.06633752584457397,0.012002440169453621,0.03765356168150902,0.06458166241645813,-0.02934512123465538,0.029422450810670853,-0.038966111838817596,0.015283574350178242,0.06807231903076172,-0.06917520612478256,-0.06546380370855331,0.05895417928695679,-0.00014259410090744495,0.06802405416965485,0.01907394826412201,0.04033752903342247,-0.06891608238220215,-0.040583036839962006,-0.07608655840158463
0.01633857935667038,-0.0636914074420929,0.04334406554698944,-0.02455824986100197,0.06765272468328476,0.009763257578015327,-0.00914777722209692,0.08156909048557281,0.044508278369903564,-0.031904660165309906,0.01778029091656208,0.048266563564538956,0.05688204988837242,0.024063153192400932,0.0627545639872551,0.02826819010078907,-0.049855735152959824,0.03526077792048454,0.03626290336251259,0.008218146860599518
0.008776244707405567,-0.002959991106763482,0.04795590043067932,0.041370004415512085,-0.035320945084095,-0.025504479184746742,-0.04402304068207741,-0.05815504863858223,0.08887883275747299,-0.053746599704027176,-0.10170042514801025,0.03545968234539032,0.06597626954317093,0.010279170237481594,0.06815837323665619,-0.01584862917661667,0.06038656085729599,0.05008343979716301,0.07218585163354874,-0.01545092836022377
-0.08565627783536911,-0.051527366042137146,0.053569916635751724,-0.02242756262421608,-0.008922798559069633,0.020396791398525238,-0.06733492761850357,-0.04318179562687874,0.034365952014923096,0.029509160667657852,-0.045099008828401566,-0.014883296564221382,0.06208006292581558,-0.05275912955403328,-0.059436433017253876,0.02196388691663742,0.02036971226334572,-0.014962018467485905,0.0469786636531353,-0.07354795932769775
0.010339748114347458,-0.05198492854833603,0.09688201546669006,-0.021744951605796814,0.06278836727142334,0.07830584049224854,0.012211611494421959,0.01985372230410576,0.0677659884095192,0.002848714357241988,-0.09542683511972427,-0.05939290300011635,0.007710237521678209,-0.005915679503232241,0.03795991837978363,-0.03035224974155426,0.06081811338663101,-0.06171010062098503,0.08301576972007751,0.01792982779443264
0.003442187327891588,0.003281846409663558,0.005262584891170263,-0.033293768763542175,-0.007901203818619251,0.02310015633702278,0.006340623367577791,0.03582242503762245,0.007225623354315758,-0.021435029804706573,0.018722156062722206,0.0583362840116024,-0.04368589073419571,0.008196583017706871,0.023823115974664688,0.08145162463188171,-0.038953766226768494,-0.05955779179930687,0.04887615144252777,-0.0682666078209877
-0.04488568380475044,0.008033670485019684,-0.009145683608949184,0.02082410454750061,0.05095815286040306,0.07379262149333954,0.01359950378537178,-0.00684947706758976,-0.03589337691664696,-0.04044162482023239,-0.1038295105099678,0.0021932811941951513,-0.005480753257870674,0.012747278437018394,0.07419747114181519,0.04831434041261673,0.001285482314415276,-0.0677490159869194,-0.035201296210289,-0.07606077194213867
-0.004907642956823111,0.03282126411795616,-0.014267010614275932,-0.002308434573933482,0.012370295822620392,0.043724920600652695,-0.05193917080760002,0.005637223366647959,0.018427249044179916,0.017822198569774628,-0.08245380222797394,0.020066434517502785,0.07153747230768204,-0.06343699246644974,-0.045730382204055786,-0.039298295974731445,-0.0022219885140657425,-0.002286874456331134,-0.02761906199157238,0.03914504498243332
-0.04359881952404976,-0.06200283765792847,0.0027194740250706673,0.04835228994488716,0.0047251335345208645,0.031664617359638214,0.0006480205338448286,-0.02987731620669365,0.03035585954785347,0.049446314573287964,0.02846418134868145,-0.0020594338420778513,0.0762508288025856,0.027199365198612213,-0.06286748498678207,-0.004887782037258148,-0.027568340301513672,-0.03725242242217064,-0.0026052664034068584,-0.03768717870116234
-0.07342648506164551,-0.003339354181662202,0.013061054982244968,0.013446117751300335,0.042378850281238556,0.01902233250439167,-0.00041153887286782265,0.08233503997325897,0.08611386269330978,0.04593779146671295,0.021912388503551483,-0.027202440425753593,-0.035698629915714264,-0.031500425189733505,-0.031214816495776176,0.08468049764633179,0.055506058037281036,-0.018514662981033325,-0.01903059147298336,-0.06464920938014984
0.03598600625991821,-0.005927708465605974,-0.017303744331002235,0.018647393211722374,-0.05098934844136238,0.045625701546669006,-0.004230986814945936,-0.04589449241757393,0.09407169371843338,0.04049353301525116,-0.06907042115926743,0.04078289121389389,-0.01847032643854618,0.040582604706287384,-0.025335386395454407,0.017511948943138123,0.033318400382995605,-0.07423067837953568,-0.0008571062353439629,0.056144773960113525
-0.0061887288466095924,-0.05783427506685257,0.009223703294992447,0.008599016815423965,0.006324775982648134,0.016831226646900177,-0.0038803161587566137,0.05327202379703522,0.0669826865196228,-0.059989914298057556,-0.09058379381895065,0.06606607884168625,0.0356898307800293,0.008733252063393593,-0.03475544974207878,0.03794603794813156,0.02146480232477188,0.014796840026974678,0.05108316242694855,0.007573832757771015
-0.0342525914311409,0.0022166497074067593,0.013883565552532673,0.08175262063741684,-0.050246190279722214,-0.06355763971805573,0.06495743989944458,-0.013922696933150291,0.06293947994709015,0.0332743301987648,-0.10202483832836151,0.041385963559150696,0.02568024955689907,0.02668812684714794,0.01634957641363144,-0.030003424733877182,0.020496845245361328,-0.03596309572458267,-0.03881014883518219,0.003883778117597103
-0.05648612231016159,-0.021927140653133392,0.0648932233452797,-0.009346367791295052,0.0739215686917305,-0.05478758364915848,0.03085145726799965,0.042214665561914444,-0.012306596152484417,-0.054348528385162354,0.02162066474556923,-0.02069321647286415,0.03664454445242882,0.04713444784283638,-0.017173580825328827,-0.028372185304760933,-0.07444380223751068,-0.000636350188869983,0.008318317122757435,-0.03282037749886513
-0.035729702562093735,0.010060318745672703,0.05907309055328369,0.054601624608039856,0.029600700363516808,-0.03334452956914902,0.05598672106862068,0.08967645466327667,0.052419766783714294,-0.05191275477409363,-0.04497542604804039,0.003188326023519039,0.004056544974446297,-0.019114086404442787,-0.010949879884719849,-0.0005198915605433285,0.02316921576857567,-0.047351203858852386,0.04692857712507248,-0.05677301064133644
-0.035729702562093735,0.010060318745672703,0.05907309055328369,0.054601624608039856,0.029600700363516808,-0.03334452956914902,0.05598672106862068,0.08967645466327667,0.052419766783714294,-0.05191275477409363,-0.04497542604804039,0.003188326023519039,0.004056544974446297,-0.019114086404442787,-0.010949879884719849,-0.0005198915605433285,0.02316921576857567,-0.047351203858852386,0.04692857712507248,-0.05677301064133644
-0.05175092816352844,-0.010801184922456741,0.0016161085804924369,0.07175742089748383,-0.014941036701202393,-0.019309747964143753,0.0700884461402893,0.05697638541460037,-0.0001311276719206944,-0.04224858805537224,0.028288276866078377,-0.022675957530736923,0.03311523050069809,-0.008428296074271202,0.05162869393825531,0.026872990652918816,-0.05935249105095863,-0.05304985120892525,0.06145981699228287,0.013953113928437233
-0.05175092816352844,-0.010801184922456741,0.0016161085804924369,0.07175742089748383,-0.014941036701202393,-0.019309747964143753,0.0700884461402893,0.05697638541460037,-0.0001311276719206944,-0.04224858805537224,0.028288276866078377,-0.022675957530736923,0.03311523050069809,-0.008428296074271202,0.05162869393825531,0.026872990652918816,-0.05935249105095863,-0.05304985120892525,0.06145981699228287,0.013953113928437233
-0.0039927116595208645,-0.06522446870803833,0.04555615782737732,-0.037997275590896606,-0.011403747834265232,-0.05568685010075569,0.040793921798467636,-0.023001529276371002,-0.03173364698886871,-0.05321584269404411,-0.10728631913661957,-0.011452569626271725,-0.04476720467209816,0.06284062564373016,0.0304518211632967,0.046257469803094864,0.0265104491263628,-0.049109771847724915,0.04999896511435509,0.014098270796239376
-0.0039927116595208645,-0.06522446870803833,0.04555615782737732,-0.037997275590896606,-0.011403747834265232,-0.05568685010075569,0.040793921798467636,-0.023001529276371002,-0.03173364698886871,-0.05321584269404411,-0.10728631913661957,-0.011452569626271725,-0.04476720467209816,0.06284062564373016,0.0304518211632967,0.046257469803094864,0.0265104491263628,-0.049109771847724915,0.04999896511435509,0.014098270796239376
-0.0039927116595208645,-0.06522446870803833,0.04555615782737732,-0.037997275590896606,-0.011403747834265232,-0.05568685010075569,0.040793921798467636,-0.023001529276371002,-0.03173364698886871,-0.05321584269404411,-0.10728631913661957,-0.011452569626271725,-0.04476720467209816,0.06284062564373016,0.0304518211632967,0.046257469803094864,0.0265104491263628,-0.049109771847724915,0.04999896511435509,0.014098270796239376
-0.06800960004329681,0.03339513763785362,0.06460293382406235,0.030467873439192772,-0.014503002166748047,0.040558356791734695,-0.03202970698475838,-0.03148452192544937,0.03379179909825325,0.022675542160868645,-0.0989038273692131,0.05675136670470238,0.011743927374482155,0.05066276714205742,-0.012822846882045269,-0.02665160782635212,-0.04389694705605507,0.05639045685529709,0.021967744454741478,0.026825301349163055
0.006046458147466183,0.04719514772295952,-0.007092944346368313,-0.04805653542280197,0.046077974140644073,-0.03281150385737419,-0.06421953439712524,0.04980010166764259,0.07143004238605499,-0.05172383040189743,-0.07687897235155106,-0.017672935500741005,-0.01857241988182068,-0.039704833179712296,-0.06409711390733719,0.09135705977678299,-0.05558176338672638,0.0016412732657045126,0.07955960929393768,-0.024002747610211372
0.006046458147466183,0.04719514772295952,-0.007092944346368313,-0.04805653542280197,0.046077974140644073,-0.03281150385737419,-0.06421953439712524,0.04980010166764259,0.07143004238605499,-0.05172383040189743,-0.07687897235155106,-0.017672935500741005,-0.01857241988182068,-0.039704833179712296,-0.06409711390733719,0.09135705977678299,-0.05558176338672638,0.0016412732657045126,0.07955960929393768,-0.024002747610211372
0.022286437451839447,0.013806001283228397,-0.035326167941093445,0.077172189950943,0.03989555314183235,0.08448320627212524,-0.05807392671704292,0.0714983195066452,0.020846325904130936,0.038518425077199936,-0.1020081639289856,-0.002284204587340355,-0.007329530082643032,-0.03320065140724182,0.04038392752408981,0.059151552617549896,0.016232797876000404,0.04917517304420471,-0.010710427537560463,-0.006079311482608318
-0.046459536999464035,0.05372770130634308,0.07098669558763504,0.07983668893575668,0.05267862603068352,0.0016581537202000618,0.024481546133756638,-0.02401128225028515,0.04813864827156067,-0.05954602733254433,-0.07026294618844986,-0.0019120826618745923,0.06519878655672073,-0.051391202956438065,-0.0056688543409109116,0.0638657808303833,0.05581691488623619,-0.01007408183068037,0.06923177093267441,0.05349917337298393
-0.026785874739289284,-0.036150746047496796,-0.01165289618074894,0.05495747923851013,-0.024384453892707825,0.006488380022346973,0.06380002200603485,-0.027916885912418365,0.033622194081544876,-0.012313713319599628,-0.009105829522013664,-0.05716848373413086,0.05620267987251282,0.037778984755277634,0.030900774523615837,0.0022524758242070675,-0.038467440754175186,0.023676687851548195,0.08783256262540817,0.003304949961602688
-0.04346861317753792,0.047027766704559326,0.04094405844807625,0.007885240018367767,-0.06017771363258362,0.04199400544166565,-0.06571311503648758,0.03690604865550995,0.024239739403128624,-0.05770397558808327,-0.031150592491030693,0.002661236561834812,0.04780853912234306,0.03988007828593254,0.04844890907406807,0.06630627065896988,0.04151508957147598,-0.04285591468214989,0.06955782324075699,-0.006108974106609821
-0.04346861317753792,0.047027766704559326,0.04094405844807625,0.007885240018367767,-0.06017771363258362,0.04199400544166565,-0.06571311503648758,0.03690604865550995,0.024239739403128624,-0.05770397558808327,-0.031150592491030693,0.002661236561834812,0.04780853912234306,0.03988007828593254,0.04844890907406807,0.06630627065896988,0.04151508957147598,-0.04285591468214989,0.06955782324075699,-0.006108974106609821
-0.07521236687898636,-0.0176145788282156,0.05272054299712181,0.052128031849861145,0.04566473513841629,0.0652138963341713,0.005252867937088013,-0.04365428537130356,0.02066894993185997,0.0666007474064827,-0.03386225923895836,-0.014961397275328636,0.046108994632959366,-0.04622422158718109,0.0407424233853817,-0.04268098250031471,-0.012409071438014507,0.005249291192740202,0.022198772057890892,0.04892859607934952
-0.08230803161859512,-0.012196231633424759,0.06220603734254837,-0.013304414227604866,-0.029282590374350548,-0.026014549657702446,-0.013223215006291866,-0.0033527621999382973,0.0694718211889267,0.056478049606084824,-0.06775172054767609,0.03652387857437134,0.027565976604819298,0.07292908430099487,0.07192085683345795,0.022424839437007904,-0.028983909636735916,0.022074086591601372,-0.02223055250942707,0.024616235867142677
-0.04346861317753792,0.047027766704559326,0.04094405844807625,0.007885240018367767,-0.06017771363258362,0.04199400544166565,-0.06571311503648758,0.03690604865550995,0.024239739403128624,-0.05770397558808327,-0.031150592491030693,0.002661236561834812,0.04780853912234306,0.03988007828593254,0.04844890907406807,0.06630627065896988,0.04151508957147598,-0.04285591468214989,0.06955782324075699,-0.006108974106609821
0.03969729691743851,0.035840023308992386,0.07127585262060165,0.025943579152226448,0.010704980231821537,0.03586916625499725,0.03567660227417946,0.011820257641375065,0.04041314870119095,-0.015252296812832355,0.02493843249976635,-0.04194255173206329,0.0689973384141922,0.019589893519878387,0.0031420933082699776,0.07047083973884583,-0.00020071033213753253,0.034313857555389404,0.07577691972255707,-0.016408508643507957
-0.07120385766029358,0.040901798754930496,0.04342595860362053,0.0033385579008609056,-0.05902837961912155,0.03675272688269615,-0.07074055820703506,-0.015293802134692669,0.07170721888542175,0.040829893201589584,0.003710266202688217,-0.0683482363820076,0.0062238909304142,0.060541342943906784,-0.027838723734021187,0.018784716725349426,0.060926154255867004,-0.0572112500667572,-0.033457912504673004,0.007565835490822792
-0.021346693858504295,0.021199706941843033,-0.015006136149168015,-0.03439190611243248,-0.07279880344867706,-0.01671399548649788,-0.04871838539838791,0.07074476033449173,0.08898475766181946,0.045691899955272675,-0.07132841646671295,0.01040811650454998,-0.00794877577573061,0.06732389330863953,0.028058717027306557,0.03277681767940521,0.008911860175430775,-0.04409189149737358,0.0691860169172287,0.00624719588086009
-0.021346693858504295,0.021199706941843033,-0.015006136149168015,-0.03439190611243248,-0.07279880344867706,-0.01671399548649788,-0.04871838539838791,0.07074476033449173,0.08898475766181946,0.045691899955272675,-0.07132841646671295,0.01040811650454998,-0.00794877577573061,0.06732389330863953,0.028058717027306557,0.03277681767940521,0.008911860175430775,-0.04409189149737358,0.0691860169172287,0.00624719588086009
0.047178979963064194,-0.002935719210654497,0.015007022768259048,0.009885871782898903,0.061704978346824646,0.016375401988625526,-0.02683863416314125,0.06684128195047379,-0.01420861016958952,0.06318846344947815,-0.008672964759171009,0.005711837206035852,-0.021936796605587006,-0.024714933708310127,0.02035832591354847,-0.009413282386958599,0.012717731297016144,-0.0058236150071024895,0.0855146050453186,-0.03528738021850586
-0.07158147543668747,0.05737317353487015,-0.049449242651462555,-0.00018958390865009278,0.06912484019994736,0.017126740887761116,-0.03820172697305679,-0.02347131446003914,-0.03631807118654251,0.009311401285231113,0.015996316447854042,0.026550445705652237,0.028143465518951416,0.019921839237213135,0.031698077917099,0.04580778256058693,-0.059017833322286606,-0.005455316510051489,0.033832669258117676,0.05028454586863518
-0.03506436198949814,-0.006824851967394352,0.024739624932408333,0.0563681535422802,-0.020007789134979248,0.06897415220737457,0.06736088544130325,0.06757334619760513,-0.01554450299590826,-0.0040101404301822186,-0.04690003767609596,-0.026298776268959045,0.0322030633687973,-0.0557856447994709,-0.03067152202129364,0.046421781182289124,0.009095539338886738,0.032752133905887604,-0.007937691174447536,-0.008968706242740154
0.01636057160794735,-0.06225477531552315,0.044775981456041336,0.011311018839478493,-0.0005383819807320833,0.05144432187080383,-0.054807405918836594,0.06107422709465027,-0.01119565311819315,0.028662195429205894,-0.09639614075422287,-0.012239189818501472,-0.06465571373701096,0.023474600166082382,0.031576771289110184,0.05991624295711517,0.0062319692224264145,-0.013555215671658516,0.08666294813156128,0.017877738922834396
-0.017003735527396202,-0.06743224710226059,-0.03294277563691139,0.03575451299548149,-0.020373396575450897,0.0028312380891293287,0.01682145707309246,-0.050238821655511856,0.0979246199131012,-0.03353697806596756,-0.03953448683023453,-0.027917005121707916,0.043037544935941696,0.04105180874466896,-0.04364969953894615,0.049079421907663345,0.013159370049834251,0.008381598629057407,0.0748782679438591,0.012823186814785004
0.024399803951382637,0.041898004710674286,0.056584976613521576,0.06591381877660751,0.058020833879709244,-0.040511634200811386,-0.018514400348067284,0.08158299326896667,0.05734868347644806,0.06783460825681686,-0.09772936999797821,0.06383505463600159,0.02998623065650463,0.030778463929891586,-0.004524509888142347,-0.039082299917936325,-0.07391634583473206,-0.0008307202951982617,-0.022457348182797432,-0.0712033361196518
0.024399803951382637,0.041898004710674286,0.056584976613521576,0.06591381877660751,0.058020833879709244,-0.040511634200811386,-0.018514400348067284,0.08158299326896667,0.05734868347644806,0.06783460825681686,-0.09772936999797821,0.06383505463600159,0.02998623065650463,0.030778463929891586,-0.004524509888142347,-0.039082299917936325,-0.07391634583473206,-0.0008307202951982617,-0.022457348182797432,-0.0712033361196518
0.002649355214089155,-0.04588289558887482,0.04143449664115906,0.011462345719337463,-0.051068034023046494,0.0836307555437088,-0.06570372730493546,0.00671769492328167,0.022986972704529762,0.05028441548347473,-0.06554532796144485,-0.01888810098171234,-0.03417675569653511,0.07127349823713303,-0.035473380237817764,0.06960532069206238,0.0030275050085037947,0.026291420683264732,0.005108697339892387,-0.0742173120379448
-0.0002999833377543837,-0.004339455161243677,0.013215514831244946,-0.04517862945795059,-0.055768631398677826,-0.027438027784228325,-0.0614723302423954,-0.000478164671221748,0.014608141966164112,0.06668421626091003,-0.10345852375030518,-0.04910093918442726,0.057154908776283264,0.027962764725089073,-0.04213780164718628,-0.027556030079722404,0.06371191143989563,0.00848308950662613,0.07157975435256958,-0.03458293899893761
0.04346407949924469,-0.05103359743952751,0.05003560334444046,-0.010782148689031601,-0.03396196290850639,0.06603559106588364,-0.05500389635562897,0.06171097606420517,-0.03974810242652893,0.0020701433531939983,0.03297959268093109,0.028806105256080627,-0.03830171376466751,-0.046635862439870834,-0.045914098620414734,0.035415664315223694,0.03377532586455345,0.0374077744781971,0.060918424278497696,0.015097764320671558
-0.03451448306441307,0.011440378613770008,-0.03616821765899658,-0.036447733640670776,-0.061694152653217316,-0.05757910758256912,-0.04341966658830643,0.05722826346755028,0.019884366542100906,-0.004574075806885958,-0.0795212984085083,-0.023670481517910957,-0.01915508694946766,-0.051994796842336655,0.028561566025018692,0.027496375143527985,0.02589445374906063,-0.05704866349697113,-0.03517836704850197,0.0014403446111828089
-0.03451448306441307,0.011440378613770008,-0.03616821765899658,-0.036447733640670776,-0.061694152653217316,-0.05757910758256912,-0.04341966658830643,0.05722826346755028,0.019884366542100906,-0.004574075806885958,-0.0795212984085083,-0.023670481517910957,-0.01915508694946766,-0.051994796842336655,0.028561566025018692,0.027496375143527985,0.02589445374906063,-0.05704866349697113,-0.03517836704850197,0.0014403446111828089
-0.05256187170743942,-0.03484600782394409,0.021757928654551506,-0.016317538917064667,0.009815867990255356,-0.007502160035073757,-0.016577942296862602,-0.02070792019367218,0.05019007995724678,-0.05779236927628517,-0.08675972372293472,0.06378548592329025,-0.04176311939954758,0.07093179225921631,0.04826018214225769,0.04748695343732834,-0.06316773593425751,0.01427445188164711,0.035701166838407516,-0.024760525673627853
-0.028784114867448807,-0.026148824021220207,0.08314122259616852,0.009600061923265457,0.0486164391040802,0.07486632466316223,-0.058633897453546524,-0.049932416528463364,-0.005888925865292549,0.005534879397600889,-0.029178105294704437,0.05066007003188133,0.0021262806840240955,-0.06297149509191513,0.03061594069004059,-0.0076748160645365715,-0.030140213668346405,0.035861123353242874,-0.029992837458848953,0.004078991245478392
-0.013919215649366379,0.02194247767329216,-0.0003274529881309718,0.019816923886537552,0.0697007030248642,0.08686258643865585,0.06094079092144966,0.05166850611567497,0.03009941801428795,0.050499994307756424,-0.03900907188653946,-0.058009807020425797,0.007531489245593548,-0.0021483907476067543,-0.0010060364147648215,0.0033040607813745737,-0.015434558503329754,-0.04733550548553467,0.020783288404345512,-0.015552480705082417
-0.007053343579173088,-0.06015869602560997,-0.027278078719973564,0.00344323692843318,0.0443330816924572,0.0722319558262825,-0.056502483785152435,0.004427080973982811,0.06980698555707932,-0.016737602651119232,0.027381112799048424,-0.02934379130601883,0.08865028619766235,0.015006951056420803,-0.04876696318387985,-0.010685292072594166,-0.06851780414581299,-0.06265559047460556,0.05552538111805916,0.001761317835189402
-0.0004006843373645097,0.040387626737356186,-0.006186190061271191,0.055437393486499786,-0.04330529645085335,-0.02425520494580269,-0.04034097120165825,0.054571155458688736,-0.022137310355901718,0.05305991694331169,-0.08626171946525574,-0.014214327558875084,-0.012265006080269814,0.0733143538236618,0.002432342153042555,0.07122828811407089,0.0021161758340895176,0.027639705687761307,0.03526270017027855,-0.011888770386576653
-0.06900126487016678,-0.0646495446562767,0.010318581014871597,0.050854943692684174,0.01765504665672779,0.00872472021728754,0.022343097254633904,-0.02952980250120163,0.013214768841862679,-0.020450828596949577,-0.09572630375623703,-0.04948551580309868,0.08895811438560486,0.017641296610236168,-0.029767263680696487,0.028770653530955315,-0.06209222599864006,-0.019833343103528023,0.028703980147838593,0.019430870190262794
0.00036186890793032944,-0.01045993622392416,-0.03501733019948006,0.07673897594213486,0.036748286336660385,0.07792598754167557,0.0030035357922315598,-0.02009383589029312,0.07019545137882233,-0.013019049540162086,-0.060641612857580185,-0.03939708322286606,0.051734983921051025,-0.05201515555381775,0.05696628615260124,0.027842769399285316,0.04925796389579773,0.04800494387745857,0.019854703918099403,-0.03926211595535278
0.0278725977987051,0.003910333849489689,0.07707412540912628,0.053822580724954605,0.039871975779533386,-0.0452396497130394,0.0068212272599339485,0.028313757851719856,0.07584933936595917,0.055807288736104965,-0.055715788155794144,-0.06866291165351868,-0.009595874696969986,0.06970390677452087,0.0034139107447117567,0.021342789754271507,-0.07628510892391205,-0.0511762835085392,0.005640546791255474,0.05086570978164673
-0.05709172785282135,-0.0656413808465004,0.034312549978494644,-0.017458098009228706,-0.008247973397374153,-0.03504687920212746,-0.04157225787639618,0.033348094671964645,0.09940925985574722,0.03344671055674553,0.029252728447318077,-0.0338117852807045,-0.04477210342884064,0.06588730961084366,0.03663361445069313,0.0819951593875885,-0.013651036657392979,0.025851808488368988,-0.019113650545477867,-0.005404536612331867
-0.09614802151918411,-0.0676303505897522,0.06435000151395798,0.044137753546237946,0.007813436910510063,-0.03832479193806648,0.05447573587298393,0.04808572679758072,0.0999649241566658,0.06572027504444122,-0.0369984470307827,0.03560352697968483,-0.06479042768478394,-0.05258940905332565,0.032764509320259094,0.07674660533666611,-0.06640668213367462,0.04477836191654205,0.044394902884960175,-0.011896185576915741
-0.09614802151918411,-0.0676303505897522,0.06435000151395798,0.044137753546237946,0.007813436910510063,-0.03832479193806648,0.05447573587298393,0.04808572679758072,0.0999649241566658,0.06572027504444122,-0.0369984470307827,0.03560352697968483,-0.06479042768478394,-0.05258940905332565,0.032764509320259094,0.07674660533666611,-0.06640668213367462,0.04477836191654205,0.044394902884960175,-0.011896185576915741
0.03877272084355354,-0.015376878902316093,-0.04314199090003967,0.03516310453414917,0.05376596748828888,-0.010796424001455307,0.03822838515043259,0.047625795006752014,0.03622912988066673,0.05351228639483452,0.032686520367860794,-0.009950250387191772,-0.027826866135001183,-0.050531815737485886,-0.03404618799686432,0.0571417361497879,0.051950737833976746,0.01913091354072094,0.007607637904584408,0.04144380986690521
-0.05482449755072594,-0.0731724426150322,0.07246054708957672,-0.034063633531332016,0.05090932548046112,-0.027492960914969444,-0.03973675146698952,-0.04106108099222183,-0.013673963956534863,-0.034186530858278275,-0.0803469568490982,0.024978118017315865,0.01388515718281269,0.029453041031956673,0.06374389678239822,0.011320983059704304,0.0249978955835104,-0.032833028584718704,0.08438105881214142,0.024336572736501694
-0.04453146085143089,0.030040297657251358,-0.011079017072916031,0.03869151696562767,0.01924738474190235,0.0846313089132309,-0.0298320185393095,-0.05238093063235283,0.011209908872842789,-0.022530410438776016,-0.055957991629838943,0.05230146646499634,-0.05906769260764122,-0.007525578606873751,0.05189353600144386,0.013399354182183743,0.05635591968894005,0.014214622788131237,0.06583438068628311,-0.06130274385213852
0.03142562881112099,0.009106174111366272,-0.016265185549855232,-0.038880109786987305,0.028213471174240112,0.07407379895448685,-0.04632141813635826,0.036936692893505096,0.00651721702888608,0.02391592413187027,-0.0020084665156900883,0.049842026084661484,0.07504091411828995,-0.025465143844485283,-0.03035830892622471,0.07222329825162888,-0.029082387685775757,-0.052669424563646317,0.002237895270809531,-0.06656807661056519
0.04606417939066887,-0.0066156634129583836,0.0395832397043705,-0.04579632356762886,-0.06020166352391243,-0.057960305362939835,0.03690361976623535,0.04546540975570679,0.06472542136907578,-0.0440494641661644,0.027696333825588226,-0.008967646397650242,0.08119997382164001,0.06799007207155228,-0.025716418400406837,0.013422682881355286,-0.04199850559234619,-0.003963382914662361,0.06778790801763535,-0.06098312884569168
-0.05343438684940338,0.06162847578525543,-0.05233185365796089,-0.021282808855175972,0.004645541310310364,0.042365703731775284,0.03311428055167198,-0.008982551284134388,0.07086963951587677,-0.05350451543927193,0.03742063045501709,-0.005456537939608097,0.008771720342338085,0.03668023645877838,-0.0278497114777565,0.07947555929422379,0.035000111907720566,-0.05076698958873749,-0.017877640202641487,0.010718722827732563
-0.0669313296675682,0.04431924223899841,0.005532046314328909,-0.0005991876823827624,0.010325786657631397,-0.017411882057785988,0.05506763234734535,-0.04125906899571419,0.019041171297430992,0.03236106410622597,-0.1046011820435524,0.028284285217523575,-0.023127267137169838,0.06609805673360825,-0.023575015366077423,0.0797959491610527,0.020404260605573654,-0.0031442742329090834,0.002665737411007285,0.04688301682472229
-0.0513400062918663,-0.02123231254518032,0.06595004349946976,0.057473305612802505,-0.033234089612960815,0.04970488324761391,-0.004095111042261124,0.020712878555059433,0.02490338496863842,-0.054144762456417084,-0.004073916468769312,0.02857964299619198,-0.0605241097509861,-0.01982124336063862,0.07261296361684799,-0.03165576979517937,0.03899918869137764,0.022178148850798607,0.09283148497343063,-0.03855340927839279
-0.06127665564417839,-0.047806091606616974,0.024576177820563316,0.01868623122572899,0.04960176348686218,-0.02080174721777439,-0.059229593724012375,-0.025592327117919922,0.053536899387836456,-0.04072399064898491,-0.02826871909201145,0.06894805282354355,-0.005174076650291681,0.04409581422805786,-0.061060961335897446,0.027018485590815544,-0.0005958552937954664,0.04588097333908081,0.02878960780799389,0.059695761650800705
-0.06253597885370255,0.04650316759943962,-0.027000879868865013,-0.057159289717674255,-0.011814931407570839,0.013444983400404453,0.056944526731967926,0.08550428599119186,0.025867488235235214,-0.025587577372789383,-0.007059969007968903,-0.06330744177103043,0.0348198227584362,-0.026905424892902374,-0.06342022120952606,-0.022271642461419106,0.026499014347791672,-0.03599481284618378,0.06463830918073654,-0.044895295053720474
-0.07279256731271744,-0.005490949843078852,0.02972104586660862,0.059518877416849136,0.01493762619793415,-0.0021635103039443493,-0.01865437440574169,0.0606904961168766,-0.015320928767323494,0.00303650158457458,-0.002153142588213086,-0.051938604563474655,0.06292928755283356,0.049602530896663666,0.027246983721852303,0.05041718855500221,0.012504572980105877,0.03523916378617287,0.00019954099843744189,-0.05701214447617531
-0.011526987887918949,-0.038411855697631836,-0.011481079272925854,0.054999545216560364,0.019728783518075943,0.04133613780140877,0.046020835638046265,0.03762468695640564,0.06491293758153915,0.019032036885619164,0.017137911170721054,0.056485824286937714,-0.02107791230082512,-0.03796734660863876,0.06545927375555038,-0.02764887548983097,-0.03647376969456673,-0.0728180781006813,-0.02868935465812683,-0.03690207749605179
-0.0737580806016922,-0.026450837031006813,0.043125808238983154,-0.0383121594786644,0.06714578717947006,-0.007698696106672287,0.019377896562218666,0.02686231955885887,0.03867220878601074,0.024043312296271324,-0.022065212950110435,0.021553097292780876,-0.04620194435119629,0.008123055100440979,-0.0103358905762434,0.0018724144902080297,0.03134152293205261,0.0012747767614200711,0.03592872619628906,0.05636351555585861
0.0008783777593635023,0.014088165014982224,-0.0419207438826561,-0.017016928642988205,0.007499577943235636,0.05936755612492561,0.06290573626756668,0.06215250492095947,-0.04252851754426956,-0.04076111316680908,-0.022001735866069794,-0.044663816690444946,0.02099708653986454,-0.011748344637453556,0.04365374520421028,0.007701501715928316,-0.025243395939469337,0.01805402897298336,0.082992322742939,0.019491909071803093
-0.054998379200696945,0.054763324558734894,0.05599858984351158,0.03133562207221985,0.002015403239056468,-0.04973456263542175,0.00011004113912349567,0.025738926604390144,0.029507139697670937,-0.01097598485648632,0.005105823744088411,-0.0814838781952858,-0.02807844616472721,0.06365370750427246,-0.0077903191559016705,0.059726644307374954,0.03967360034584999,0.030224541202187538,0.021561991423368454,0.023343676701188087
0.006632559932768345,-0.022632982581853867,-0.004265245515853167,-0.060233525931835175,0.06232893839478493,0.02199278399348259,-0.014219358563423157,0.05643336474895477,0.09392926841974258,0.03369743376970291,-0.01750505529344082,-0.047063957899808884,0.036103300750255585,-0.03391218185424805,-0.03906480222940445,0.05583693087100983,0.006407058797776699,-0.07063458859920502,-0.03226352110505104,-0.027790125459432602
-0.08420465141534805,-0.012189754284918308,0.02806597575545311,0.02260027639567852,-0.0064383018761873245,-0.04021986946463585,-0.035454533994197845,-0.0045381151139736176,0.05911535024642944,0.06515195965766907,0.032731812447309494,0.01880287006497383,-0.021858181804418564,-0.0687878280878067,0.037377241998910904,0.0679251030087471,-0.05311160162091255,-0.02547573670744896,0.06815438717603683,0.008918031118810177
-0.08420465141534805,-0.012189754284918308,0.02806597575545311,0.02260027639567852,-0.0064383018761873245,-0.04021986946463585,-0.035454533994197845,-0.0045381151139736176,0.05911535024642944,0.06515195965766907,0.032731812447309494,0.01880287006497383,-0.021858181804418564,-0.0687878280878067,0.037377241998910904,0.0679251030087471,-0.05311160162091255,-0.02547573670744896,0.06815438717603683,0.008918031118810177
-0.017020627856254578,-0.010098107159137726,0.07536491751670837,0.0043245707638561726,-0.009877660311758518,0.044660214334726334,0.030944161117076874,0.03222772479057312,0.047218870371580124,0.04550231248140335,-0.08421473205089569,-0.03778795897960663,0.010533085092902184,0.020377129316329956,0.057498086243867874,0.03364488109946251,-0.010428247973322868,-0.002550411270931363,-0.00338718737475574,-0.05960974097251892
-0.09264996647834778,-0.0070083290338516235,0.01507384330034256,0.041254375129938126,0.03529765084385872,-0.0013957484625279903,0.07165087759494781,-0.04400309547781944,-0.026698710396885872,-0.03333454951643944,-0.024971507489681244,-0.03980443626642227,-0.041514959186315536,0.01721521094441414,-0.0544855110347271,0.04756365343928337,-0.049634531140327454,-0.05838555842638016,-0.008906626142561436,0.000907562265638262
-0.030416058376431465,-0.023586291819810867,-0.01918131299316883,0.05029478296637535,-0.026343470439314842,-0.013730657286942005,0.020907269790768623,0.030668336898088455,0.06721162050962448,0.06359799206256866,-0.10306680202484131,0.06406642496585846,-0.0041061448864638805,0.038993727415800095,0.036799535155296326,0.0352814644575119,-0.00725554907694459,-0.04447111487388611,-0.01342158205807209,-0.0020583325531333685
-0.036536458879709244,-0.00040503565105609596,-0.03448473662137985,0.07083425670862198,0.014422154054045677,0.07051106542348862,-0.06394632160663605,0.07081125676631927,0.09342490881681442,-0.039013877511024475,-0.0014778344193473458,0.014888604171574116,-0.03524058312177658,0.003923265263438225,-0.017754537984728813,-0.032321736216545105,0.026923280209302902,-0.05146658793091774,-0.04173198714852333,0.04651348292827606
0.01843021623790264,-0.028623156249523163,0.021229425445199013,0.07911404222249985,0.048151325434446335,0.03277096897363663,-0.06434004753828049,0.08370428532361984,0.08881848305463791,-0.06905142962932587,-0.06806483864784241,-0.03587402403354645,0.009295042604207993,-0.011271829716861248,-0.04633804038167,-0.0043836175464093685,-0.0676683858036995,-0.042584262788295746,0.06940160691738129,-0.03674924373626709
-0.011977716349065304,-0.009804029017686844,-0.003754033474251628,0.05518277361989021,0.038533374667167664,-0.0032146601006388664,0.050214145332574844,-0.02759666182100773,0.07668712735176086,-0.009710917249321938,0.01041070930659771,0.00199575605802238,0.02063141204416752,-0.018414422869682312,-0.04652620479464531,-0.038708027452230453,0.016947973519563675,-0.053255122154951096,0.09108752012252808,0.01478775218129158
-0.011977716349065304,-0.009804029017686844,-0.003754033474251628,0.05518277361989021,0.038533374667167664,-0.0032146601006388664,0.050214145332574844,-0.02759666182100773,0.07668712735176086,-0.009710917249321938,0.01041070930659771,0.00199575605802238,0.02063141204416752,-0.018414422869682312,-0.04652620479464531,-0.038708027452230453,0.016947973519563675,-0.053255122154951096,0.09108752012252808,0.01478775218129158
-0.06561923772096634,0.033550262451171875,0.07499206811189651,0.003924683667719364,0.011446128599345684,-0.04043515771627426,0.057800598442554474,0.041848622262477875,0.021990003064274788,0.04856669157743454,0.02576383575797081,0.06302490085363388,-0.029726853594183922,-0.0179036483168602,-0.047262128442525864,-0.04715590551495552,-0.055945053696632385,-0.0006344044231809676,0.04204821586608887,0.053827159106731415
-0.06561923772096634,0.033550262451171875,0.07499206811189651,0.003924683667719364,0.011446128599345684,-0.04043515771627426,0.057800598442554474,0.041848622262477875,0.021990003064274788,0.04856669157743454,0.02576383575797081,0.06302490085363388,-0.029726853594183922,-0.0179036483168602,-0.047262128442525864,-0.04715590551495552,-0.055945053696632385,-0.0006344044231809676,0.04204821586608887,0.053827159106731415
-0.02462857961654663,-0.05497952923178673,0.021791093051433563,-0.03813358396291733,-0.05384090170264244,0.021675480529665947,0.018627742305397987,-0.029872266575694084,0.021676132455468178,0.0030825980938971043,-0.017314260825514793,-0.06337271630764008,-0.010616625659167767,0.01891046017408371,-0.029637327417731285,-0.002450657309964299,0.014391612261533737,-0.04800073802471161,0.014941507950425148,-0.08192968368530273
-0.07948605716228485,0.032169029116630554,0.05744515731930733,0.07585938274860382,0.037438612431287766,-0.04848148301243782,-0.07113824784755707,0.06405117362737656,-0.0011215971317142248,0.03284936770796776,-0.07087838649749756,-0.071515753865242,-0.013712745159864426,-0.05086814984679222,0.04127659648656845,0.076393723487854,0.01670517399907112,0.04970527067780495,0.08040306717157364,-0.048084843903779984
-0.09431660175323486,0.04155679792165756,0.016528721898794174,-0.029391838237643242,0.036779168993234634,-0.018985565751791,0.0020788589026778936,0.01685372367501259,0.0392734594643116,0.04167785122990608,-0.06255487352609634,0.022040415555238724,-0.002934170886874199,-0.011479934677481651,-0.022617680951952934,-0.026491491124033928,0.043995942920446396,-0.0668918564915657,0.012954683974385262,0.04886310175061226
0.03136168420314789,0.038060955703258514,-0.04019235819578171,0.05692285671830177,0.030342573300004005,0.02449021115899086,-0.033980853855609894,0.08271505683660507,0.0019764264579862356,0.035550281405448914,-0.06092221289873123,0.014369631186127663,-0.007587055675685406,-0.005760942120105028,-0.01291253138333559,0.07331764698028564,-0.0609128512442112,0.03201662376523018,0.01566520519554615,0.018192961812019348
-0.08731439709663391,0.012088662013411522,0.025067279115319252,-0.04996447265148163,0.0153790432959795,-0.05076438933610916,-0.06351589411497116,0.06483203172683716,0.05031188949942589,-0.015213048085570335,0.01906549371778965,-0.06960126757621765,0.06744649261236191,0.02611800841987133,-0.05314498767256737,-0.04357265681028366,0.05308938026428223,0.05486932024359703,-0.010149196721613407,0.030121855437755585
0.0206727534532547,-0.014354185201227665,0.07176699489355087,0.0423128604888916,-0.04729291424155235,-0.007640816271305084,-0.004289685748517513,-0.02763877436518669,0.025287827476859093,-0.03631114214658737,-0.07795679569244385,-0.006758821662515402,0.038391370326280594,-0.03062521480023861,0.013419908471405506,-0.022971980273723602,0.06594473868608475,-0.02167445793747902,0.07181895524263382,0.03405178338289261
-0.08002209663391113,0.02168206125497818,-0.04567877575755119,-0.03379035368561745,-0.047509562224149704,-0.008368556387722492,-0.040147412568330765,0.03792518377304077,0.01496761105954647,-0.009028855711221695,-0.04566687345504761,-0.04738833010196686,-0.04231337085366249,-0.0071140010841190815,0.06509219855070114,-0.0294360164552927,0.042585644870996475,-0.00893772579729557,0.06962592154741287,-0.024284666404128075
-0.08002209663391113,0.02168206125497818,-0.04567877575755119,-0.03379035368561745,-0.047509562224149704,-0.008368556387722492,-0.040147412568330765,0.03792518377304077,0.01496761105954647,-0.009028855711221695,-0.04566687345504761,-0.04738833010196686,-0.04231337085366249,-0.0071140010841190815,0.06509219855070114,-0.0294360164552927,0.042585644870996475,-0.00893772579729557,0.06962592154741287,-0.024284666404128075
-0.07203621417284012,0.07336574792861938,0.0034050322137773037,0.006997504271566868,-0.007398596033453941,0.03864432871341705,0.026681821793317795,0.028050923720002174,0.06065317243337631,0.04974707216024399,-0.1007685512304306,-0.003823963226750493,-0.025509973987936974,-0.003011832246556878,0.016521837562322617,0.006149414926767349,0.04494393989443779,-0.0782766342163086,0.04039985314011574,-0.0044761053286492825
0.0206727534532547,-0.014354185201227665,0.07176699489355087,0.0423128604888916,-0.04729291424155235,-0.007640816271305084,-0.004289685748517513,-0.02763877436518669,0.025287827476859093,-0.03631114214658737,-0.07795679569244385,-0.006758821662515402,0.038391370326280594,-0.03062521480023861,0.013419908471405506,-0.022971980273723602,0.06594473868608475,-0.02167445793747902,0.07181895524263382,0.03405178338289261
-0.08731439709663391,0.012088662013411522,0.025067279115319252,-0.04996447265148163,0.0153790432959795,-0.05076438933610916,-0.06351589411497116,0.06483203172683716,0.05031188949942589,-0.015213048085570335,0.01906549371778965,-0.06960126757621765,0.06744649261236191,0.02611800841987133,-0.05314498767256737,-0.04357265681028366,0.05308938026428223,0.05486932024359703,-0.010149196721613407,0.030121855437755585
-0.07438080757856369,0.06883121281862259,0.04735894501209259,-0.04698875918984413,0.03262863680720329,0.04847288876771927,0.04850359261035919,0.05750240013003349,0.01254083402454853,-0.07469972968101501,-0.021790992468595505,-0.06786137819290161,-0.058057770133018494,-0.03318837285041809,-0.031468652188777924,0.009410978294909,-0.003297102404758334,-0.03591271489858627,-0.03143325075507164,0.018008681014180183
-0.053259123116731644,-0.040172919631004333,0.04410896822810173,0.07964792847633362,0.03483748808503151,0.03625662252306938,-0.049282897263765335,-0.019596215337514877,-0.024019088596105576,0.003469521412625909,-0.10333317518234253,0.004712357185781002,0.05833129957318306,0.01632312871515751,-0.0038245515897870064,0.08080779016017914,-0.04687322676181793,-0.08217847347259521,-0.015188317745923996,0.01093493215739727
-0.06337039172649384,0.04082940146327019,-0.04017076641321182,0.028258994221687317,-0.04682827368378639,0.05702528730034828,-0.034975361078977585,-0.015462370589375496,-0.010022614151239395,0.030652040615677834,-0.08451822400093079,0.02799653820693493,0.07589659839868546,-0.0620199479162693,0.07381571829319,0.07957016676664352,-0.0038446029648184776,-0.0745224803686142,0.06323196738958359,0.056272346526384354
0.018639791756868362,-0.03631792217493057,0.007333081681281328,0.03653997927904129,-0.0021895405370742083,-0.01866059936583042,0.042777661234140396,0.036819878965616226,0.03199918940663338,0.015720032155513763,0.03651837632060051,-0.012562368996441364,-0.04491778463125229,0.01039140485227108,-0.03380410000681877,0.09390448033809662,-0.06305287778377533,0.026677969843149185,-0.02939043752849102,-0.050960179418325424
0.018639791756868362,-0.03631792217493057,0.007333081681281328,0.03653997927904129,-0.0021895405370742083,-0.01866059936583042,0.042777661234140396,0.036819878965616226,0.03199918940663338,0.015720032155513763,0.03651837632060051,-0.012562368996441364,-0.04491778463125229,0.01039140485227108,-0.03380410000681877,0.09390448033809662,-0.06305287778377533,0.026677969843149185,-0.02939043752849102,-0.050960179418325424
0.020488876849412918,0.04713369160890579,0.0065610455349087715,0.029548663645982742,-0.04550720006227493,-0.002330634044483304,-0.03468969836831093,-0.04272138327360153,0.0670463889837265,0.028116928413510323,-0.1017071008682251,-0.0727071464061737,-0.04122462496161461,-0.011634076945483685,0.02953593246638775,0.05441419035196304,0.021063195541501045,-0.044240646064281464,0.0663280114531517,-0.01239889394491911
-0.052887924015522,-0.036376528441905975,-0.03497803211212158,0.06892349570989609,0.03158634528517723,0.0008147924090735614,0.06109881401062012,0.04528594762086868,-0.0298317763954401,0.02972872368991375,0.03681280091404915,0.007895720191299915,0.035597093403339386,-0.029121188446879387,0.02516479790210724,0.051877785474061966,-0.04254661127924919,-0.007446677424013615,0.002437199465930462,-0.011591230519115925
0.024884222075343132,-0.010732477530837059,0.0073579344898462296,0.03331271931529045,0.005968913435935974,0.05516231060028076,0.039383068680763245,-0.02175215259194374,0.011685292236506939,-0.03891734778881073,-0.10271500796079636,0.010189629159867764,0.015423319302499294,0.03227662295103073,-0.026797709986567497,0.034674666821956635,0.02411666512489319,-0.07848616689443588,-0.03701573610305786,-0.08043266832828522
-0.003531794995069504,0.01595154032111168,0.053842488676309586,-0.028464587405323982,0.027367644011974335,0.06454233825206757,-0.04214723780751228,0.04953474923968315,0.014117015525698662,0.06185159832239151,-0.10813581198453903,0.024032069370150566,0.020083719864487648,0.0212284866720438,-0.0011189496144652367,-0.051107343286275864,-0.03008081763982773,0.012647219933569431,-0.046553075313568115,0.0063626873306930065
-0.019019244238734245,-0.06195180118083954,0.017064280807971954,0.07441125810146332,0.02365547977387905,-0.025197478011250496,0.058040015399456024,-0.04807085916399956,0.06262996792793274,-0.04369838535785675,-0.04005865007638931,0.032721761614084244,-0.017918886616826057,-0.006922158412635326,-0.039952486753463745,-0.016328750178217888,0.028157157823443413,-0.06520731002092361,-0.03245139494538307,-0.0360531248152256
0.04181218147277832,0.057401061058044434,0.012638346292078495,0.04180324450135231,0.047190677374601364,0.01778867281973362,-0.0035056236665695906,0.01273286808282137,0.06775595992803574,0.05665048956871033,-0.10402018576860428,0.01903037168085575,0.006083036307245493,0.04725266993045807,-0.056173183023929596,0.015025846660137177,0.012520680204033852,0.030740587040781975,-0.01867174357175827,0.007450652774423361
-0.008652785792946815,-0.03698158264160156,-0.05797623470425606,0.0024114770349115133,0.03539077937602997,0.0033910302445292473,-0.055695030838251114,-0.03437677025794983,0.04642819985747337,0.01278979517519474,0.03614814579486847,0.02168777585029602,0.0002616658457554877,0.01956985704600811,0.031001659110188484,-2.4569071683799848e-05,-0.04017486795783043,-0.060799699276685715,-0.01635301299393177,0.016898076981306076
-0.02739628218114376,0.05449911206960678,0.05637605860829353,0.02769777551293373,-0.032401666045188904,-0.039196327328681946,0.003130465280264616,0.06002827733755112,0.0829080119729042,-0.011902050115168095,0.032970428466796875,-0.07741184532642365,0.02426113188266754,-0.019257595762610435,-0.003945935983210802,-0.043241340667009354,0.04127808287739754,-0.05735423415899277,0.030270198360085487,0.029178328812122345
-0.08726924657821655,-0.029958711937069893,0.002933155046775937,-0.05494855344295502,-0.003972487989813089,-0.03180353343486786,-0.01156830694526434,0.016202881932258606,0.07332826405763626,0.009259729646146297,-0.05163918435573578,0.020134715363383293,0.006044053006917238,-0.015383275225758553,-0.013180484995245934,0.053856607526540756,-0.03395083546638489,-0.001875057932920754,0.03155924379825592,-0.03465861827135086
-0.02739628218114376,0.05449911206960678,0.05637605860829353,0.02769777551293373,-0.032401666045188904,-0.039196327328681946,0.003130465280264616,0.06002827733755112,0.0829080119729042,-0.011902050115168095,0.032970428466796875,-0.07741184532642365,0.02426113188266754,-0.019257595762610435,-0.003945935983210802,-0.043241340667009354,0.04127808287739754,-0.05735423415899277,0.030270198360085487,0.029178328812122345
-0.08176632225513458,0.021334417164325714,-0.030651774257421494,-0.045156992971897125,0.03677888214588165,0.02787751890718937,0.06531798839569092,-0.033566609025001526,0.023646460846066475,0.03720531612634659,0.016283782199025154,0.046936459839344025,0.06646165251731873,-0.05792272463440895,0.011224505491554737,-0.011029016226530075,-0.016278857365250587,-0.03934984281659126,-0.050535332411527634,-0.049203235656023026
0.043100494891405106,0.003257281379774213,0.025891613215208054,0.06337590515613556,-0.04933933541178703,0.05488996207714081,-0.00013156967179384083,0.05227629095315933,-0.04462367668747902,0.07265923917293549,-0.07529804110527039,0.017887799069285393,-0.016715683043003082,-0.04692431166768074,0.06565532833337784,0.04582915082573891,0.0033611124381422997,-0.07545876502990723,0.043924152851104736,-0.061049170792102814
0.028478585183620453,-0.05736728012561798,-0.03288203850388527,0.027078548446297646,-0.05696452781558037,0.03697529807686806,0.03246837109327316,-0.02656295895576477,0.0027139123994857073,0.042310938239097595,-0.03644351661205292,-0.06372392177581787,0.04237005487084389,0.004826797638088465,0.029693137854337692,0.012957434169948101,0.035602547228336334,-0.05461321771144867,0.07972889393568039,-0.03538437560200691
-0.014611884951591492,-0.05253047123551369,0.036391742527484894,0.013427695259451866,-0.007828810252249241,-0.009324672631919384,0.039422258734703064,-0.04356297105550766,0.0022403972689062357,0.026223106309771538,-0.047496598213911057,0.021614208817481995,-0.01267368532717228,0.006084260065108538,-0.05030176043510437,0.04381943494081497,-0.0632069930434227,0.04864617437124252,-0.0017638375284150243,-0.07512611150741577
-0.0011207478819414973,0.005079008638858795,0.053315170109272,-0.02788356877863407,-0.02688146010041237,0.005839066579937935,-0.04886721074581146,0.06099356710910797,0.06703180074691772,-0.06213226169347763,-0.018925340846180916,-0.008094058372080326,0.07030404359102249,0.04504582658410072,-0.011059547774493694,-0.04720441251993179,-0.01591615565121174,0.004376097582280636,0.0679730549454689,-0.03860795497894287
-0.0416053831577301,-0.011941748671233654,-0.04844344034790993,0.018493296578526497,-0.05215432122349739,0.08006751537322998,-0.032045166939496994,0.019128352403640747,0.017060769721865654,-0.053568627685308456,-0.06069590151309967,-0.025997307151556015,0.05085143819451332,0.030294379219412804,-0.05900605767965317,0.005941932555288076,-0.017095142975449562,-0.04288506507873535,-0.015427260659635067,-0.06233604624867439
-0.08502831310033798,0.013509120792150497,0.06203921139240265,0.057231999933719635,0.06214677914977074,-0.04675506055355072,0.06601613759994507,0.054470062255859375,0.03270658478140831,-0.028701473027467728,-0.04723536595702171,-0.05084894225001335,0.06354448944330215,0.02166331186890602,-0.07034241408109665,0.057987697422504425,-0.025527510792016983,0.03790224716067314,0.02664928138256073,0.03243066370487213
-0.08317375183105469,-0.02241251990199089,0.07070590555667877,0.07326207309961319,-0.017812324687838554,0.01110718585550785,0.03992052748799324,0.0497993603348732,0.04260646924376488,-0.049267277121543884,-0.06831198185682297,-0.03001592494547367,-0.026137758046388626,0.005952870938926935,0.03048648126423359,0.02500346302986145,-0.024971667677164078,-0.07865571975708008,0.021581260487437248,0.03489644452929497
-0.07733137905597687,-0.024132030084729195,0.05805603042244911,0.01606900244951248,0.006352274678647518,-0.04702823609113693,0.032549988478422165,-0.05393403768539429,0.019076207652688026,-0.06094977632164955,-0.01581563614308834,-0.04511478170752525,0.02981046587228775,0.044113241136074066,-0.0008229999803006649,0.06433851271867752,0.06516247242689133,-0.04000713676214218,0.08653556555509567,-0.020145457237958908
-0.09178178757429123,0.037082694470882416,0.020822424441576004,0.08504395186901093,0.03591448441147804,0.016616936773061752,-0.004859371110796928,0.08203636109828949,0.04332537204027176,0.0760287493467331,0.0013808530056849122,-0.035253457725048065,-0.022177623584866524,-0.06886352598667145,-0.010391265153884888,0.08938261866569519,0.03935137018561363,0.018607247620821,0.07846948504447937,0.0020263371989130974
-0.07562661170959473,-0.04374140873551369,-0.01127692125737667,-0.04546073451638222,-0.05025541037321091,-0.020321877673268318,-0.03428204357624054,-0.03085837885737419,-0.008050992153584957,0.05331243947148323,-0.0354788713157177,0.047582004219293594,-0.046931203454732895,0.057962171733379364,-0.056868843734264374,0.07623569667339325,0.018312549218535423,0.03632013127207756,-0.008870018646121025,0.03345712646842003
0.010029531084001064,-0.0348467119038105,0.0058309040032327175,-0.04623543843626976,0.04379015788435936,0.05247766152024269,0.03472862020134926,0.015221689827740192,0.005067833233624697,-0.07126360386610031,0.03202714025974274,0.0502920038998127,0.036056578159332275,0.026875196024775505,0.019980018958449364,0.0015728948637843132,-0.06405322998762131,-0.028537603095173836,-0.00028354162350296974,-0.08145512640476227
-0.01911732368171215,-0.024805458262562752,0.07911769300699234,0.06285415589809418,0.01864396594464779,-0.024847187101840973,-0.05295449495315552,0.020970625802874565,-0.0360853336751461,0.04586409777402878,-0.0058480193838477135,0.033177174627780914,0.008676182478666306,0.05100071057677269,0.03579036891460419,0.004120324272662401,-0.032345205545425415,-0.017808960750699043,0.020076042041182518,-0.027698051184415817
-0.07733137905597687,-0.024132030084729195,0.05805603042244911,0.01606900244951248,0.006352274678647518,-0.04702823609113693,0.032549988478422165,-0.05393403768539429,0.019076207652688026,-0.06094977632164955,-0.01581563614308834,-0.04511478170752525,0.02981046587228775,0.044113241136074066,-0.0008229999803006649,0.06433851271867752,0.06516247242689133,-0.04000713676214218,0.08653556555509567,-0.020145457237958908
-0.029255203902721405,0.0475933663547039,0.024960175156593323,0.07168694585561752,0.01497257687151432,0.05419528856873512,0.03854447603225708,0.06857031583786011,0.08631131052970886,-0.043190933763980865,0.04097173362970352,0.010287097655236721,-0.05488372594118118,0.06346478313207626,-0.039091404527425766,0.057996369898319244,-0.037367239594459534,-0.02207351289689541,0.08966752886772156,0.020981358364224434
-0.029255203902721405,0.0475933663547039,0.024960175156593323,0.07168694585561752,0.01497257687151432,0.05419528856873512,0.03854447603225708,0.06857031583786011,0.08631131052970886,-0.043190933763980865,0.04097173362970352,0.010287097655236721,-0.05488372594118118,0.06346478313207626,-0.039091404527425766,0.057996369898319244,-0.037367239594459534,-0.02207351289689541,0.08966752886772156,0.020981358364224434
0.006965731270611286,0.004442173056304455,0.04875089228153229,0.027111656963825226,0.027229759842157364,-0.021873515099287033,0.06925554573535919,0.001560349715873599,-0.0400695726275444,-0.058143459260463715,-0.01653800718486309,0.04086525738239288,0.051622889935970306,-0.042044371366500854,0.025637218728661537,0.06457716226577759,-0.0028883980121463537,-0.055894333869218826,0.0807851031422615,0.029553499072790146
-0.07339348644018173,-0.013390776701271534,0.012608195655047894,-0.022436760365962982,-0.02016502618789673,0.010423190891742706,-0.053340256214141846,-0.03821694478392601,0.09139411151409149,-0.023561246693134308,0.030145807191729546,0.024768374860286713,-0.02197849005460739,0.06781834363937378,-0.04704534262418747,0.013569063507020473,0.002094735624268651,-0.01711547188460827,0.05352460592985153,0.03142385929822922
-0.017077289521694183,0.036183230578899384,0.07291184365749359,0.08439494669437408,-0.010896014980971813,0.027449941262602806,-0.007749827113002539,0.06619288772344589,-0.023311762139201164,-0.019147995859384537,-0.01598150096833706,0.020539086312055588,0.06342718750238419,-0.06496044248342514,0.053181298077106476,0.007307747378945351,-0.04761853069067001,0.05935611203312874,0.08377709984779358,-0.043285589665174484
-0.0440615750849247,-0.031729139387607574,-0.016215702518820763,-0.05603349953889847,-0.04519485682249069,0.07387366890907288,0.04201039299368858,0.024023568257689476,0.0030794567428529263,-0.0460641011595726,0.03222516551613808,-0.07937657833099365,0.023597415536642075,0.015683941543102264,0.0650046095252037,0.021112246438860893,-0.0404481403529644,-0.08247048407793045,0.07354850322008133,0.019883763045072556
0.01562437042593956,-0.020529577508568764,-0.02322942577302456,0.03670339658856392,0.03177240490913391,0.012299931608140469,-0.01379017997533083,-0.045452315360307693,-0.032173335552215576,-0.023821569979190826,0.012641407549381256,-0.019394079223275185,0.027849093079566956,0.019624412059783936,-0.008788399398326874,0.08758363872766495,-0.07240018248558044,0.059627484530210495,-0.004474967252463102,-0.05457167327404022
-0.08064465969800949,0.023331359028816223,0.0667857751250267,0.0018567427759990096,-0.034004297107458115,-0.012171894311904907,-0.0509866401553154,0.059239476919174194,-0.012555258348584175,-0.07165095955133438,-0.05985013023018837,0.06324776262044907,0.05436626449227333,0.026830269023776054,0.011535692028701305,-0.03451358899474144,-0.055731724947690964,-0.06831075996160507,0.05564795434474945,0.001273834379389882
-0.06338096410036087,0.040840402245521545,0.02008451521396637,0.057790160179138184,0.03577221557497978,0.03870297223329544,0.028674239292740822,0.04423247650265694,0.04191410541534424,0.007374912966042757,-0.014195753261446953,-0.048078589141368866,0.02138463221490383,0.06502405554056168,-0.004373615607619286,0.011117853224277496,0.008786886930465698,-0.024068010970950127,-0.015002916567027569,-0.055876415222883224
0.020939050242304802,-0.05634240433573723,0.028006557375192642,0.031646452844142914,0.04819480702280998,0.0675094872713089,-0.01800563745200634,0.02441411465406418,0.007980991154909134,-0.03855041414499283,-0.017084043473005295,-0.03412284702062607,0.0023728092201054096,-0.0166547279804945,0.058059290051460266,-0.005972567945718765,-0.0004287848714739084,-0.057130638509988785,-0.011688286438584328,0.050888676196336746
-0.0938713550567627,0.06668020039796829,-0.04254499450325966,-0.04773674160242081,0.030425425618886948,-0.025869471952319145,0.042944688349962234,0.06787948310375214,0.007639787159860134,0.05214821547269821,-0.03750746324658394,0.03456464409828186,0.07787478715181351,0.07511766999959946,0.02867104299366474,0.09277934581041336,0.04421352595090866,-0.05540146678686142,-0.012086254544556141,-0.009391579777002335
-0.061487045139074326,0.04632045701146126,-0.029302695766091347,0.005566684994846582,0.041223179548978806,0.07714742422103882,0.03226228803396225,-0.028441548347473145,0.051933854818344116,0.010401326231658459,-0.09204511344432831,0.03326931223273277,-0.0018025895114988089,-0.023024477064609528,0.003729297313839197,-0.010997116565704346,-0.04166441038250923,0.025594674050807953,-0.041893623769283295,-0.05603770539164543
-0.034256212413311005,-0.05677569657564163,-0.02716192789375782,0.04764899984002113,0.05490056052803993,-0.03554718196392059,-0.005753486882895231,0.055283524096012115,0.06693864613771439,-0.0464773029088974,-0.07367128133773804,-0.01897525228559971,0.058998703956604004,0.038977231830358505,0.03108735755085945,0.024367010220885277,0.013015295378863811,-0.06530827283859253,0.08667335659265518,-0.08195154368877411
-0.0889301672577858,-0.03143574297428131,-0.01013098657131195,-0.0356532447040081,-0.03944908082485199,0.0744757205247879,0.06023682653903961,-0.034284304827451706,-0.00660328334197402,-0.02100728265941143,0.02292056940495968,-0.046569306403398514,0.07760707288980484,0.045703377574682236,-0.016000067815184593,0.07212341576814651,-0.013350194320082664,0.04443199187517166,0.035078153014183044,0.017856014892458916
0.04233003780245781,0.028533218428492546,-0.02823731303215027,-0.011468663811683655,0.018822507932782173,0.062424324452877045,-0.00893137976527214,0.000624784966930747,0.044761668890714645,-0.06790429353713989,0.012736521661281586,0.050551120191812515,0.06921013444662094,-0.05040255934000015,-0.03588160127401352,0.010162768885493279,-0.023540139198303223,-0.03427482768893242,0.03990644961595535,-0.04075184091925621
-0.039663758128881454,-0.04552115127444267,0.012523741461336613,0.00687389774248004,0.03523186966776848,-0.05037326738238335,0.03583872318267822,-0.04441733658313751,0.06064863130450249,0.010051941499114037,-0.09356320649385452,0.04164602607488632,0.05794573202729225,0.011341564357280731,0.050514571368694305,0.03742162138223648,-0.02901630289852619,-0.059070028364658356,0.03288457542657852,-0.05161641538143158
-0.039663758128881454,-0.04552115127444267,0.012523741461336613,0.00687389774248004,0.03523186966776848,-0.05037326738238335,0.03583872318267822,-0.04441733658313751,0.06064863130450249,0.010051941499114037,-0.09356320649385452,0.04164602607488632,0.05794573202729225,0.011341564357280731,0.050514571368694305,0.03742162138223648,-0.02901630289852619,-0.059070028364658356,0.03288457542657852,-0.05161641538143158
0.04233003780245781,0.028533218428492546,-0.02823731303215027,-0.011468663811683655,0.018822507932782173,0.062424324452877045,-0.00893137976527214,0.000624784966930747,0.044761668890714645,-0.06790429353713989,0.012736521661281586,0.050551120191812515,0.06921013444662094,-0.05040255934000015,-0.03588160127401352,0.010162768885493279,-0.023540139198303223,-0.03427482768893242,0.03990644961595535,-0.04075184091925621
-0.051643554121255875,-0.010009745135903358,0.018598882481455803,-0.053544484078884125,-0.021486010402441025,0.02207658253610134,-0.05218186974525452,0.0235457643866539,0.08586902916431427,0.030121173709630966,-0.07540949434041977,-0.001679238281212747,0.06173237785696983,0.03041854500770569,-0.06464335322380066,0.024288853630423546,0.011880758218467236,-0.0640299916267395,-0.011416219174861908,-0.0452103354036808
-0.051643554121255875,-0.010009745135903358,0.018598882481455803,-0.053544484078884125,-0.021486010402441025,0.02207658253610134,-0.05218186974525452,0.0235457643866539,0.08586902916431427,0.030121173709630966,-0.07540949434041977,-0.001679238281212747,0.06173237785696983,0.03041854500770569,-0.06464335322380066,0.024288853630423546,0.011880758218467236,-0.0640299916267395,-0.011416219174861908,-0.0452103354036808
-0.08169511705636978,0.062399186193943024,0.06179443746805191,-0.012590347789227962,0.009220095351338387,0.04664846882224083,-0.05291323736310005,0.04903479665517807,0.08185802400112152,-0.032157983630895615,0.025118744000792503,-0.06286676228046417,-0.05428517237305641,-0.05937382951378822,-0.027646299451589584,0.07955563068389893,0.00027862057322636247,-0.06706231832504272,0.09160162508487701,-0.0151765001937747
-0.05936981365084648,-0.02850370854139328,0.04953177645802498,-0.022867461666464806,-0.06404677778482437,-0.004026814829558134,0.05770017206668854,-0.0328524112701416,0.08678489178419113,0.029819464311003685,0.018504519015550613,0.04590628668665886,-0.04232657328248024,0.03697182610630989,0.03461441770195961,0.08964458107948303,-0.037353020161390305,0.03845527768135071,-0.04282596334815025,0.012857010588049889
-0.05936981365084648,-0.02850370854139328,0.04953177645802498,-0.022867461666464806,-0.06404677778482437,-0.004026814829558134,0.05770017206668854,-0.0328524112701416,0.08678489178419113,0.029819464311003685,0.018504519015550613,0.04590628668665886,-0.04232657328248024,0.03697182610630989,0.03461441770195961,0.08964458107948303,-0.037353020161390305,0.03845527768135071,-0.04282596334815025,0.012857010588049889
-0.05936981365084648,-0.02850370854139328,0.04953177645802498,-0.022867461666464806,-0.06404677778482437,-0.004026814829558134,0.05770017206668854,-0.0328524112701416,0.08678489178419113,0.029819464311003685,0.018504519015550613,0.04590628668665886,-0.04232657328248024,0.03697182610630989,0.03461441770195961,0.08964458107948303,-0.037353020161390305,0.03845527768135071,-0.04282596334815025,0.012857010588049889
-0.05936981365084648,-0.02850370854139328,0.04953177645802498,-0.022867461666464806,-0.06404677778482437,-0.004026814829558134,0.05770017206668854,-0.0328524112701416,0.08678489178419113,0.029819464311003685,0.018504519015550613,0.04590628668665886,-0.04232657328248024,0.03697182610630989,0.03461441770195961,0.08964458107948303,-0.037353020161390305,0.03845527768135071,-0.04282596334815025,0.012857010588049889
0.009941233322024345,0.061477180570364,0.05489611253142357,0.05616430193185806,-0.05265064910054207,0.0737905353307724,-0.00025959036429412663,-0.01766159199178219,0.03601628169417381,-0.017436834052205086,-0.06942237913608551,-0.05393289029598236,-0.014863175339996815,-0.057424020022153854,-0.024080734699964523,-0.03530081734061241,-0.05422647297382355,-0.011521792970597744,0.08341509103775024,-0.06599791347980499
-0.06228027120232582,0.013549632392823696,0.019269181415438652,0.013611722737550735,0.013357140123844147,-0.02106652967631817,0.039996188133955,0.04170135408639908,0.028618888929486275,-0.035659197717905045,-0.049643758684396744,0.028727227821946144,0.01952698640525341,-0.043110303580760956,-0.0020661090966314077,0.07923669368028641,-0.05942528694868088,-0.06264340877532959,0.04644794389605522,-0.0679856389760971
-0.06609542667865753,-0.015315733850002289,-0.05388626456260681,0.04896467551589012,-0.010618562810122967,0.05848720297217369,-0.010459979064762592,0.05906684324145317,-0.00702628493309021,0.02100996859371662,-0.05219009518623352,0.00901470985263586,0.008331354707479477,-0.07088648527860641,-0.007025490514934063,0.03819810599088669,-0.030091622844338417,0.013664976693689823,0.07972946763038635,-0.04093804582953453
-0.0963992103934288,-0.06962300091981888,0.05754680559039116,-0.046575456857681274,0.025881636887788773,-0.05008408799767494,0.01599251851439476,0.07266616076231003,0.07306632399559021,0.06910033524036407,-0.09824839234352112,0.04944964125752449,0.04676666855812073,-0.05834714695811272,0.06957070529460907,0.06414081156253815,0.05102389678359032,-0.027723189443349838,0.07710637152194977,-0.07993794977664948
0.019169002771377563,0.004647377412766218,0.041452255100011826,0.06726033240556717,0.06535695493221283,0.014646781608462334,0.006691516377031803,0.01666969060897827,0.005948264617472887,0.03126486763358116,-0.04255877435207367,-0.048398129642009735,0.07174950838088989,0.05837928503751755,0.05417702719569206,0.010348801501095295,0.056170567870140076,-0.023771561682224274,-0.020056838169693947,-0.004299062769860029
-0.09339851140975952,0.014153183437883854,0.014436837285757065,0.05294644460082054,0.05813362076878548,-0.020672595128417015,-0.03916728124022484,0.0732659325003624,0.09914997220039368,0.01624733954668045,0.004372412338852882,0.015459634363651276,0.02798364870250225,0.009562013670802116,-0.0705128014087677,-0.0418969988822937,0.002758357673883438,0.048902012407779694,0.0753038078546524,-0.010037555359303951
-0.09339851140975952,0.014153183437883854,0.014436837285757065,0.05294644460082054,0.05813362076878548,-0.020672595128417015,-0.03916728124022484,0.0732659325003624,0.09914997220039368,0.01624733954668045,0.004372412338852882,0.015459634363651276,0.02798364870250225,0.009562013670802116,-0.0705128014087677,-0.0418969988822937,0.002758357673883438,0.048902012407779694,0.0753038078546524,-0.010037555359303951
0.01979685015976429,0.022741209715604782,0.08577679842710495,-0.009750936180353165,-0.05316207557916641,0.00460834102705121,-0.076241135597229,-0.018948210403323174,0.048531174659729004,-0.04998576268553734,-0.03036803938448429,0.02722308412194252,-0.004193590953946114,-0.017670605331659317,-0.008189029060304165,-0.04959695786237717,-0.007673455867916346,-0.07250659167766571,-0.0058481115847826,0.01979678124189377
-0.04841218516230583,0.018390800803899765,0.00754610076546669,0.08710309118032455,-0.005614957306534052,-0.04252378270030022,-0.01059524342417717,0.06738333404064178,0.0809294804930687,-0.06535494327545166,0.028370320796966553,-0.045972082763910294,-0.028898529708385468,0.017719468101859093,-0.004656389821320772,-0.014526663348078728,0.05795891955494881,0.027651507407426834,0.06948842853307724,0.04478984698653221
-0.09168421477079391,0.0387665219604969,-0.03149322792887688,0.027150962501764297,-0.03534149378538132,-0.048637755215168,-0.053153395652770996,0.01331527903676033,0.05648879334330559,-0.0557016059756279,-0.0034833045210689306,-0.029936326667666435,-0.03766106069087982,-0.05616840347647667,-0.05980175361037254,-0.009048658423125744,-0.03150302544236183,-0.02686331607401371,0.07352122664451599,0.031178705394268036
-0.06205733120441437,0.051626697182655334,-0.03783218935132027,0.03817987069487572,0.006277700886130333,0.005466907285153866,0.014602282084524632,0.05570279434323311,-0.03243755176663399,-0.05431755632162094,-0.06865683943033218,-0.05450505018234253,0.044606197625398636,-0.06679537892341614,0.003846052335575223,0.06158578023314476,0.05785639211535454,-0.03872803971171379,-0.009354139678180218,-0.028867702931165695
-0.08410564064979553,-0.0012837117537856102,-0.0020975572988390923,0.011450250633060932,-0.003627900965511799,0.002202769508585334,-0.04808427393436432,0.04293015971779823,0.08363842964172363,-0.06400191783905029,0.018836235627532005,0.062200453132390976,0.06519784778356552,0.0558059923350811,-0.044433727860450745,-0.011338461190462112,-0.06748957931995392,-0.03368515893816948,0.06018552929162979,0.01957562379539013
-0.040507711470127106,0.051073938608169556,-0.048315517604351044,-0.0416090302169323,-0.045130934566259384,0.051289405673742294,0.0461839884519577,0.06849367171525955,-0.027752570807933807,0.039136435836553574,-0.10681405663490295,0.05769411846995354,0.0738612562417984,0.05186392366886139,-0.02088058926165104,0.015919804573059082,-0.009886672720313072,0.019531456753611565,-0.03331020846962929,-0.023042231798171997
0.003007236635312438,-0.021550660952925682,-0.03948061540722847,-0.055118903517723083,0.0668429359793663,0.0658426359295845,-0.03584720566868782,0.030182579532265663,-0.006356844212859869,-0.04387127608060837,-0.0018061031587421894,-0.05506664142012596,0.013868180103600025,-0.029680021107196808,0.06341516226530075,0.03975337743759155,0.022546451538801193,-0.06131339073181152,0.014633391983807087,-0.07767705619335175
-0.07755063474178314,-0.04481027275323868,0.019587354734539986,0.0372590608894825,0.03458645939826965,0.06043434143066406,-0.055223532021045685,0.008576332591474056,0.08358174562454224,0.06201246753334999,-0.011920368298888206,0.06321370601654053,0.018105436116456985,-0.0074933175928890705,-0.026139793917536736,0.09371813386678696,-0.03356458619236946,-0.05161746218800545,0.06189379468560219,-0.08240585774183273
-0.08028916269540787,0.006892910227179527,0.010321264155209064,0.04211989790201187,0.02850724570453167,0.05471182242035866,-0.01853981614112854,-0.0511079840362072,-0.01662297360599041,-0.06917121261358261,0.014854326844215393,-0.06233782321214676,0.043949294835329056,0.04308268427848816,0.03673650324344635,0.0113644078373909,0.06918292492628098,-0.0804976373910904,-0.03829080983996391,-0.02450842224061489
-0.08028186112642288,0.05367761105298996,-0.035022467374801636,-0.05171353742480278,0.030079519376158714,0.04760727658867836,-0.010310296900570393,-0.009366195648908615,0.041041646152734756,0.019278448075056076,-0.07931457459926605,-0.012938684783875942,-0.0168781541287899,0.029312919825315475,-0.015071438625454903,-0.011641229502856731,-0.03581616282463074,-0.06669524312019348,-0.0007894153823144734,-0.055361829698085785
-0.06832855939865112,0.007001007441431284,-0.0025883496273308992,0.06395416706800461,-0.014934275299310684,0.06633533537387848,-0.002742950338870287,-0.015005976893007755,0.04259785637259483,0.062232911586761475,-0.0932127982378006,-0.029294028878211975,0.03460446372628212,-0.015270977281033993,-0.026444319635629654,0.08731818199157715,0.05412639304995537,0.04111857712268829,0.00425606919452548,-0.05394610017538071
-0.051027558743953705,-0.047997698187828064,0.010679720900952816,0.024599727243185043,0.07847723364830017,0.026336919516324997,-0.002085164189338684,0.007720812223851681,-0.008688190951943398,0.04087840020656586,-0.08962000906467438,-0.03890082985162735,-0.04307590797543526,-0.05366336181759834,0.06451328098773956,0.0502169243991375,-0.048611268401145935,-0.05928686261177063,0.07218880951404572,-0.0010350155644118786
-0.0024773397017270327,0.0300673246383667,0.05907932296395302,0.04182641580700874,-0.061556946486234665,0.07850462198257446,-0.0035906783305108547,-0.026192910969257355,0.09047817438840866,0.02789762243628502,0.015914063900709152,-0.06514383852481842,-0.04894210770726204,0.019767673686146736,-0.04066945239901543,-0.02602960355579853,-0.03383582830429077,-0.036606233566999435,0.07941713184118271,0.006249990779906511
0.013441083952784538,0.06154409423470497,0.07967577129602432,-0.024962209165096283,-0.04605582728981972,-0.038203466683626175,-0.05327526852488518,0.04413032904267311,-0.03847474604845047,-0.0037715223152190447,-0.026368800550699234,-0.005015417467802763,0.07358795404434204,0.0593574121594429,-0.04358088597655296,0.08329274505376816,0.01669210009276867,-0.05395594984292984,0.03664904087781906,-0.04906538501381874
0.02362079732120037,-0.03976189345121384,0.07494781911373138,0.03412017971277237,-0.05981720983982086,0.0068482025526463985,-0.04545380920171738,-0.005886832717806101,0.04268398508429527,-0.058364685624837875,-0.09036189317703247,0.028224844485521317,0.024746229872107506,0.012241044081747532,-0.045410703867673874,0.03481791540980339,-0.06683891266584396,-0.02442646399140358,0.025777926668524742,0.018416814506053925
0.05274003744125366,-0.01348115224391222,-0.005016347859054804,-0.007446871604770422,0.007101904135197401,0.013706731610000134,0.04483446478843689,0.03675414249300957,0.07855340093374252,0.06139254942536354,-0.001462541869841516,-0.035330332815647125,-0.02475908026099205,0.041247230023145676,-0.023097554221749306,0.059340741485357285,0.06385661661624908,0.011979487724602222,0.0072975726798176765,-0.04564148560166359
-0.08499525487422943,0.056092873215675354,-0.04191799461841583,0.06907932460308075,-0.04463258385658264,0.038207046687603,0.02716858498752117,0.06362925469875336,-0.023357314988970757,-0.01924832910299301,0.030708253383636475,0.030850768089294434,0.0810948833823204,-0.01333819329738617,-0.04894367232918739,0.04918746277689934,0.030543426051735878,-0.02096676640212536,-0.03747941926121712,-0.08267218619585037
-0.04571637511253357,-0.05609922856092453,-0.0141847413033247,0.05258966237306595,0.07413693517446518,0.005042816046625376,0.059250302612781525,-0.012068797834217548,0.016821876168251038,0.0555306002497673,-0.01722131483256817,0.054711997509002686,0.06202442944049835,0.030643315985798836,-0.025919456034898758,-0.015719007700681686,0.06691429018974304,-0.08520584553480148,0.06787052005529404,-0.003740890184417367
0.044235389679670334,0.01146929431706667,-0.002615982433781028,-0.04918908327817917,-0.06245196983218193,-0.03732934594154358,-0.06600922346115112,-0.047011613845825195,0.05669820308685303,0.006606067530810833,-0.0959673672914505,-0.06577397882938385,0.05889636278152466,-0.028127482160925865,0.05789700150489807,-0.008112738840281963,0.07187947630882263,-0.014274204149842262,0.020318249240517616,-0.061499375849962234
-0.04571637511253357,-0.05609922856092453,-0.0141847413033247,0.05258966237306595,0.07413693517446518,0.005042816046625376,0.059250302612781525,-0.012068797834217548,0.016821876168251038,0.0555306002497673,-0.01722131483256817,0.054711997509002686,0.06202442944049835,0.030643315985798836,-0.025919456034898758,-0.015719007700681686,0.06691429018974304,-0.08520584553480148,0.06787052005529404,-0.003740890184417367
-0.04571637511253357,-0.05609922856092453,-0.0141847413033247,0.05258966237306595,0.07413693517446518,0.005042816046625376,0.059250302612781525,-0.012068797834217548,0.016821876168251038,0.0555306002497673,-0.01722131483256817,0.054711997509002686,0.06202442944049835,0.030643315985798836,-0.025919456034898758,-0.015719007700681686,0.06691429018974304,-0.08520584553480148,0.06787052005529404,-0.003740890184417367
0.03649040684103966,-0.05194497108459473,-0.01046887505799532,0.03220691531896591,0.02365313097834587,0.019637757912278175,0.040840934962034225,-0.04799918085336685,0.0371074341237545,0.033574823290109634,-0.03749276325106621,-0.07551664859056473,0.0387432798743248,0.07856430113315582,-0.010815205052495003,0.07095202803611755,0.028044937178492546,-0.05133442580699921,0.007733376231044531,0.013601036742329597
0.03649040684103966,-0.05194497108459473,-0.01046887505799532,0.03220691531896591,0.02365313097834587,0.019637757912278175,0.040840934962034225,-0.04799918085336685,0.0371074341237545,0.033574823290109634,-0.03749276325106621,-0.07551664859056473,0.0387432798743248,0.07856430113315582,-0.010815205052495003,0.07095202803611755,0.028044937178492546,-0.05133442580699921,0.007733376231044531,0.013601036742329597
0.03866277262568474,0.05075544863939285,-0.029928749427199364,0.053958844393491745,0.04057624563574791,-0.047044217586517334,-0.073678158223629,-0.021758703514933586,0.08053195476531982,-0.0723300576210022,-0.016852300614118576,-0.027136044576764107,-0.01934191770851612,-0.03914588317275047,0.05345803126692772,0.08804875612258911,0.019014008343219757,0.04842469468712807,0.07173996418714523,0.0572720542550087
-0.05334718897938728,-0.0099169397726655,0.04300461336970329,0.08003776520490646,0.044874392449855804,0.029618067666888237,0.041101958602666855,-0.029847873374819756,0.06982989609241486,-0.037550631910562515,-0.025796672329306602,-0.05961869657039642,-0.04434927552938461,-0.050979964435100555,0.0037109144032001495,-0.03459174558520317,0.0011310421396046877,0.052702099084854126,-0.006371884141117334,-0.07739754021167755
-0.06699293851852417,0.06549068540334702,-0.029379742220044136,0.06262509524822235,-0.03799089416861534,0.04973038658499718,-0.01081534381955862,-0.007590161170810461,0.07262500375509262,-0.0558081679046154,-0.07854563742876053,0.045616041868925095,-0.001643872237764299,-0.039493776857852936,-0.023619577288627625,-0.00023201535805128515,-0.01798497885465622,-0.017198976129293442,-0.02920704334974289,-0.007795877289026976
-0.01544183399528265,0.03303593024611473,-0.032733362168073654,0.0540580190718174,-0.012625264003872871,0.035042162984609604,0.05451607331633568,0.05260740593075752,-0.011748161166906357,0.019092312082648277,-0.07489245384931564,0.055997174233198166,-0.001716163824312389,-0.00785599835216999,-0.04584762826561928,0.07979289442300797,-0.03927289694547653,0.053217411041259766,-0.028830567374825478,0.04172683507204056
-0.01544183399528265,0.03303593024611473,-0.032733362168073654,0.0540580190718174,-0.012625264003872871,0.035042162984609604,0.05451607331633568,0.05260740593075752,-0.011748161166906357,0.019092312082648277,-0.07489245384931564,0.055997174233198166,-0.001716163824312389,-0.00785599835216999,-0.04584762826561928,0.07979289442300797,-0.03927289694547653,0.053217411041259766,-0.028830567374825478,0.04172683507204056
0.024829532951116562,0.0498238280415535,-0.02395942620933056,-0.04953010007739067,0.00022466815426014364,0.051649726927280426,0.03438229486346245,-0.0036750047001987696,0.06210999935865402,-0.06679040938615799,0.008899168111383915,0.06012720987200737,0.06413356214761734,0.03830287978053093,-0.06302909553050995,0.08552547544240952,-0.009525490924715996,0.04716731980443001,-0.04174031689763069,-0.009740041568875313
-0.00024437467800453305,0.07008244842290878,-0.02978762798011303,-0.000932409951929003,-0.00010837149602593854,-0.010580108501017094,-0.042228203266859055,-0.023047979921102524,-0.014491810463368893,-0.041660524904727936,-0.06369888037443161,0.06061627343297005,0.07971306890249252,0.042743731290102005,-0.0051262336783111095,-0.009966113604605198,0.04574647545814514,0.05540399253368378,-0.044340550899505615,0.04283510893583298
-0.017025478184223175,-0.014875770546495914,-0.05660182237625122,-0.021534722298383713,0.023121463134884834,0.07136738300323486,-0.007527772802859545,-0.011883319355547428,0.014647500589489937,0.046287715435028076,0.022385163232684135,-0.05920538306236267,-0.04275374114513397,-0.045656487345695496,-0.013116339221596718,0.07957319170236588,0.04377949982881546,-0.02520260214805603,0.07097593694925308,-0.009108168072998524
-0.020351534709334373,0.022033995017409325,0.0073822373524308205,-0.035267896950244904,-0.03789970651268959,0.07642800360918045,-0.07001803815364838,-0.017528124153614044,0.05958971381187439,0.07021152228116989,-0.039345305413007736,0.06685549765825272,-0.018887929618358612,-0.046774156391620636,0.040353067219257355,0.07327629625797272,-0.07200895994901657,-0.040634818375110626,-0.04338856413960457,0.011044148355722427
-0.06123929098248482,0.06656866520643234,-0.015670912340283394,0.07680423557758331,-0.0401853583753109,0.06515351682901382,-0.05493961274623871,-0.04480667784810066,0.029800832271575928,0.04035492613911629,-0.087717704474926,-0.0148700512945652,-0.02623397298157215,0.034016672521829605,-0.024489760398864746,0.09220743179321289,-0.041595131158828735,-0.04831701144576073,-0.038799650967121124,0.027890831232070923
0.023219116032123566,-0.056455064564943314,0.0749395489692688,0.03958069905638695,-0.057298991829156876,0.012372283264994621,-0.07003208994865417,0.018483489751815796,0.03441757336258888,0.01995944231748581,-0.054581474512815475,-0.02938656322658062,-0.05125432461500168,-0.01982348971068859,-0.03330640122294426,0.00018918268324341625,-0.02266855351626873,0.012370684184134007,0.044410016387701035,0.026659950613975525
-0.10025718808174133,0.018613778054714203,0.061520371586084366,0.04551026597619057,-0.006435450166463852,-0.05232975631952286,-0.019733941182494164,0.04593728855252266,0.06155288964509964,-0.015373782254755497,-0.07590096443891525,-0.06541025638580322,0.05321458727121353,-0.016920311376452446,0.06888113915920258,0.04825492203235626,0.03580106794834137,0.012387320399284363,0.08272599428892136,0.03350098803639412
-0.05202847719192505,-0.07232578843832016,-0.03585357218980789,-0.048693664371967316,-0.02340865321457386,0.026316946372389793,-0.03689573332667351,0.03975160792469978,0.08546330034732819,0.0709957405924797,-0.09847506880760193,-0.04235534742474556,-0.03227362409234047,0.03985762596130371,-0.05023273825645447,-0.0027908419724553823,0.049853477627038956,-0.05637107789516449,0.0827978327870369,0.013921093195676804
-0.0026440343353897333,0.04253438860177994,-0.01030594203621149,-0.025589339435100555,0.00822900328785181,0.05601336061954498,-0.046921245753765106,0.015302189625799656,0.050467830151319504,0.026756329461932182,-0.03715604171156883,-0.026031147688627243,0.02900383621454239,0.05421503633260727,0.03105197101831436,0.045884016901254654,-0.010672819800674915,-0.004956485703587532,0.08190460503101349,-0.000992935267277062
-0.0660293698310852,0.011817623861134052,0.061977315694093704,0.04687315225601196,0.07299678772687912,0.01328741479665041,0.0030376140493899584,-0.031988147646188736,0.03451322764158249,-0.005146278999745846,0.012975331395864487,-0.00702823419123888,-0.024109849706292152,0.014714661985635757,0.0018839468248188496,-0.02718883380293846,-0.010006774216890335,-0.008163359016180038,0.09083262085914612,-0.02459806017577648
0.010324650444090366,-0.06464016437530518,0.025448128581047058,0.03249484673142433,0.01638760417699814,0.08637554198503494,0.060747500509023666,0.04002358391880989,0.06875156611204147,-0.02047482691705227,-0.0887485146522522,-0.029525522142648697,0.07627562433481216,-0.008945563808083534,-0.031888216733932495,0.038592629134655,-0.016606440767645836,0.021738475188612938,0.06522279232740402,-0.06437709927558899
-0.05208909884095192,0.0010624032001942396,-0.03777521476149559,-0.026921695098280907,0.05968058481812477,-0.02589847333729267,0.06105909124016762,-0.038998719304800034,0.03311716765165329,-0.03613445535302162,-0.08735010772943497,-0.03146541863679886,-0.042690251022577286,-0.052069373428821564,0.06118321791291237,-0.007172699552029371,0.03368543088436127,-0.02185850776731968,-0.04364199563860893,0.0025435900315642357
-0.010724999010562897,-0.04854230210185051,-0.00014984514564275742,0.06745990365743637,-0.03181163966655731,-0.020237566903233528,0.05360196903347969,0.007219129707664251,0.05499359592795372,-0.0034763184376060963,-0.09252448379993439,0.04838605970144272,0.02009814791381359,-0.043168142437934875,-0.009555746801197529,-0.019133185967803,-0.02675059251487255,-0.006995366886258125,0.0024205592926591635,0.004274999722838402
-0.058016665279865265,0.06441935896873474,0.08193962275981903,0.035882238298654556,-0.03454319387674332,0.015366965904831886,-0.006791410036385059,-0.030791843309998512,0.006659142207354307,-0.07088030874729156,-0.09615209698677063,0.04409698396921158,0.04226692393422127,0.030988512560725212,-0.007282543461769819,-0.03742269054055214,-0.0667576789855957,-0.07452207803726196,-0.021217798814177513,-0.08975905925035477
-0.09290535002946854,0.020295219495892525,0.058988407254219055,0.07265789806842804,0.047683749347925186,0.06577559560537338,0.003244347870349884,0.08037649095058441,0.0819932073354721,0.047390732914209366,-0.015226845629513264,-0.04743366315960884,-0.04009481519460678,0.01048651710152626,-0.010891685262322426,0.010701721534132957,0.007147707510739565,-0.04082100838422775,0.01677800714969635,0.008921680971980095
-0.0838318020105362,-0.00045991636579856277,0.09462875872850418,0.022248655557632446,0.005639565642923117,-0.014427808113396168,-0.00322978594340384,0.06455524265766144,0.09062639623880386,0.007754667662084103,-0.092791348695755,0.016341565176844597,0.07024873793125153,-0.0602843351662159,0.07366791367530823,-0.030881164595484734,0.04562755674123764,-0.03207312896847725,0.028145939111709595,0.03630760684609413
-0.09067416936159134,-0.034871991723775864,-0.043198131024837494,0.08246248960494995,-0.06447914242744446,-0.06157655268907547,-0.016735564917325974,-0.021225322037935257,0.004619326442480087,-0.03195080906152725,-0.09603320062160492,0.06715963035821915,0.02660481072962284,-0.027564749121665955,-0.026552828028798103,0.021821055561304092,0.028767485171556473,-0.07063927501440048,0.07504603266716003,-0.03639715909957886
-0.09633931517601013,0.04501664638519287,0.020597204566001892,0.023421278223395348,-0.0078029269352555275,-0.055124495178461075,0.05380960553884506,-0.011518292129039764,0.06491667032241821,-0.03587977960705757,-0.02188119851052761,-0.004041031934320927,0.04389404505491257,-0.049870193004608154,-0.0004920618375763297,-0.01116091851145029,0.022514348849654198,-0.0670604258775711,-0.044852208346128464,0.03632059320807457
0.028881393373012543,-0.05478700250387192,-0.02477164752781391,0.017795773223042488,0.01747371442615986,-0.00975731573998928,-0.06188216805458069,0.07931656390428543,0.040423307567834854,-0.050399161875247955,-0.056971900165081024,-0.04315111041069031,-0.02915176749229431,-0.013660388998687267,-0.019465606659650803,-0.002306985668838024,-0.006585575174540281,0.04079881310462952,-0.02942115254700184,-0.055200934410095215
-0.025771502405405045,0.06502260267734528,0.040774714201688766,0.04942755028605461,-0.009541308507323265,0.05862657353281975,-0.00788651593029499,0.022356687113642693,0.08051975816488266,0.009648144245147705,0.016797656193375587,-0.0010898601030930877,-0.007546170614659786,-0.0021132684778422117,-0.019615380093455315,-0.03398832678794861,-0.0413200743496418,-0.0359121598303318,-0.03214855492115021,-0.05947493389248848
-0.07493223249912262,0.03888927027583122,0.021874455735087395,0.043005697429180145,-0.03236236795783043,0.032256077975034714,0.016164327040314674,-0.03695301339030266,0.10145678371191025,-0.06196650117635727,-0.10515329241752625,-0.030552571639418602,-0.05382513627409935,-0.03876330703496933,-0.06231696158647537,-0.05374046042561531,-0.02578660473227501,0.0236118882894516,0.08133326470851898,-0.027988944202661514
0.03348905220627785,0.05402743071317673,0.05344809591770172,0.054643332958221436,-0.054363641887903214,-0.03335084766149521,0.022882897406816483,0.013168481178581715,0.06615812331438065,-0.037491656839847565,-0.08832422643899918,0.03922288864850998,-0.056846074759960175,-0.024687519297003746,-0.06411909312009811,-0.04213913902640343,0.01996896229684353,-0.04270076006650925,0.022514574229717255,0.057398442178964615
0.03776473179459572,-0.006244605407118797,0.006797018926590681,0.022769710049033165,-0.01813015528023243,-0.04394766315817833,0.054698068648576736,0.02495499700307846,0.0011248016962781549,0.0003201374493073672,-0.10328533500432968,-0.02659720368683338,0.0700182244181633,-0.010227776132524014,-0.060586269944906235,0.04663308709859848,0.023870009928941727,-0.006913409568369389,0.03281394764780998,-0.007007542531937361
-0.05499505251646042,0.031146708875894547,-0.008259761147201061,-0.0031497993040829897,-0.07316049933433533,-0.04027671366930008,0.02910359390079975,-0.02356385812163353,0.09638532251119614,-0.011819794774055481,-0.009120199829339981,-0.03504236042499542,0.07532821595668793,0.005937959533184767,-0.027525408193469048,-0.05044066160917282,0.06384940445423126,-0.054393600672483444,-0.046713486313819885,0.04083719104528427
-0.06175854057073593,0.014470009133219719,-0.044132255017757416,0.00071122677763924,-0.06685377657413483,0.04474412649869919,-0.056305207312107086,-0.0005476302467286587,0.001969564938917756,-0.008724626153707504,0.03473326563835144,-0.06669772416353226,0.07828669250011444,0.05523786321282387,-0.011378041468560696,0.06747954338788986,0.053425900638103485,-0.03790608048439026,0.029669661074876785,-0.012970521114766598
-0.09113416820764542,-0.05483762174844742,-0.018120193853974342,0.05803017318248749,0.007851967588067055,0.0658905953168869,0.07326901704072952,-0.04527091234922409,0.08456653356552124,-0.033202625811100006,-0.09194307029247284,0.06020824983716011,-0.04059454798698425,-0.038488078862428665,0.008348432369530201,0.06308045983314514,0.012400325387716293,0.03683019056916237,0.08459603041410446,-0.034782443195581436
-0.05150527507066727,-0.006334004923701286,0.0488298274576664,0.07122622430324554,-0.010440767742693424,0.057409144937992096,0.034348439425230026,0.07953914999961853,0.019808979704976082,-0.02680203691124916,0.007506740279495716,0.03462352603673935,0.04009471833705902,-0.008835582062602043,0.07079427689313889,0.08408904075622559,-0.05298291891813278,0.03532547131180763,0.02972969226539135,-0.08033202588558197
-0.07977106422185898,0.005264989100396633,0.03634320944547653,0.030053913593292236,-0.06605497002601624,-0.007074486464262009,-0.017595740035176277,0.016502641141414642,-0.004030726384371519,-0.04099853336811066,-0.0907634049654007,0.03936230391263962,-0.007208732422441244,-0.04045512527227402,0.0680939331650734,0.09095896035432816,-0.030617978423833847,-0.045180611312389374,0.07203986495733261,-0.06192619353532791
-0.07056204974651337,-0.036384217441082,-0.019069617614150047,0.02963878959417343,-0.04666031524538994,0.0348309725522995,0.045567307621240616,0.0826629102230072,-0.023262551054358482,0.019153321161866188,-0.005687399301677942,-0.06485463678836823,-0.0003342317941132933,-0.06505627930164337,-0.02683062106370926,-0.04222638159990311,0.04288534075021744,-0.008669199422001839,0.07332972437143326,0.041473619639873505
-0.10105562955141068,-0.013352486304938793,0.050174254924058914,-0.018459731712937355,-0.05515385791659355,-0.059093765914440155,-0.03423266485333443,-0.04097970575094223,0.08888261765241623,-0.032364003360271454,-0.0996486023068428,0.04886828362941742,0.04608287662267685,-0.051688577979803085,-0.022496497258543968,0.016600409522652626,0.037097588181495667,-0.011665157973766327,0.053994178771972656,0.017795760184526443
-0.06355705857276917,-0.028339887037873268,-0.04479903727769852,-0.04578971490263939,-0.022716060280799866,-0.05720711126923561,0.008451391011476517,-0.0031641905661672354,0.10563644766807556,-0.06783747673034668,-0.08403027057647705,0.012953518889844418,-0.0005016253562644124,0.05863828957080841,-0.027929136529564857,0.020192639902234077,-0.06615179032087326,-0.019811294972896576,0.0411851592361927,-0.03487483784556389
-0.07463785260915756,0.008049923926591873,-0.04823334515094757,-0.039846181869506836,0.05124242976307869,0.0035315004643052816,-0.05591844767332077,0.055430322885513306,0.06321683526039124,-0.06473139673471451,-0.08331847190856934,-0.0003803195431828499,-0.05621616914868355,0.019210219383239746,-0.021223757416009903,-0.0033990531228482723,-0.0597166046500206,0.00618737144395709,0.005972000304609537,0.037755101919174194
-0.022142115980386734,-0.03836772218346596,-0.04519333317875862,0.04593248665332794,-0.0662713348865509,-0.031619202345609665,0.015831349417567253,0.05628691613674164,0.017578531056642532,0.036472100764513016,-0.08152178674936295,-0.053330063819885254,-0.04492731764912605,-0.009663766250014305,0.05673953890800476,0.03384416922926903,-0.023363996297121048,-0.03627113997936249,-0.03972386568784714,0.001835589180700481
-0.02465858682990074,0.03451012074947357,-0.02656935714185238,0.005654674489051104,0.05262218415737152,0.015319954603910446,0.02683105133473873,0.041155196726322174,0.02526290901005268,0.024780496954917908,-0.07594624906778336,-0.02936943992972374,0.05750694498419762,-0.05913549289107323,0.060291923582553864,0.029460253193974495,0.05030091106891632,-0.06751986593008041,0.04735342413187027,0.021911172196269035
0.0011885352432727814,0.056294798851013184,0.08441060781478882,0.007392882369458675,0.0018300812225788832,0.051302358508110046,-0.07130870223045349,0.07968904078006744,0.016981393098831177,-0.042960818856954575,-0.028433188796043396,-0.06554010510444641,0.01638472080230713,0.0194048173725605,0.022635649889707565,-0.031096989288926125,0.04933387041091919,-0.05983603000640869,0.03723219037055969,-0.07465296238660812
-0.04300853982567787,0.011110006831586361,0.013223521411418915,-0.023059695959091187,0.07448937743902206,0.06309583783149719,-0.05418531224131584,0.019424255937337875,0.025272253900766373,-0.06112786382436752,-0.048428453505039215,0.051687613129615784,-0.05410236120223999,0.0587594211101532,0.010878220200538635,0.061330780386924744,-0.020898526534438133,0.028483156114816666,0.010308656841516495,0.0477815642952919
-0.05686558783054352,-0.006409510970115662,-0.042230360209941864,-0.03824448958039284,-0.06408122926950455,0.037596024572849274,0.03263555094599724,0.02459593117237091,0.08422212302684784,-0.046198103576898575,-0.11274846643209457,-0.0035547008737921715,0.036828964948654175,0.048806045204401016,-0.008849374949932098,-0.028130628168582916,0.061310626566410065,0.0030146457720547915,0.02052968554198742,-0.08039695769548416
0.0014125469606369734,0.04447818920016289,0.025392120704054832,-0.015699520707130432,-0.0049384767189621925,0.0775882750749588,0.03301533684134483,-0.0025578385684639215,-0.021241627633571625,0.04534046724438667,-0.07778874784708023,0.05977185070514679,0.030409013852477074,0.04819846898317337,0.0579073391854763,0.026489917188882828,0.0052485959604382515,-0.05228180065751076,0.09058494865894318,-0.042398568242788315
0.030305754393339157,-0.012894761748611927,0.050472721457481384,-0.031842976808547974,-0.015928061679005623,0.028467193245887756,0.0017369241686537862,-0.025705378502607346,0.041561197489500046,0.049247898161411285,-0.07063113898038864,-0.05477413162589073,0.0835450291633606,-0.05845814198255539,-0.05287211015820503,-0.030568385496735573,0.045400384813547134,-0.047505877912044525,-0.04139462485909462,0.01204876508563757
0.010475434362888336,-0.04143084958195686,0.055212028324604034,-0.044680677354335785,0.011223465204238892,0.03323771804571152,-0.07587913423776627,0.05422127619385719,0.04533620923757553,0.03561846911907196,-0.05189455300569534,0.04624691233038902,0.030810372903943062,0.0043020048178732395,0.03019716590642929,0.019058523699641228,-0.07304146140813828,0.04540504515171051,0.05416788160800934,-0.013687223196029663
-0.042885057628154755,-0.060867659747600555,0.005421910900622606,-0.022230731323361397,0.06700506806373596,0.057266611605882645,-0.05111890286207199,0.07168169319629669,0.02002454176545143,-0.025951102375984192,-0.06402838230133057,-0.05657025799155235,-0.03424996882677078,0.05178239569067955,-0.04855058714747429,-0.025287536904215813,0.05537265166640282,0.037812162190675735,0.03136538341641426,-0.0661172941327095
-0.03417453542351723,-0.027340108528733253,0.037058256566524506,-0.051300354301929474,0.03250003978610039,0.033487413078546524,-0.04557514190673828,0.08086342364549637,0.03767706826329231,-0.030755119398236275,-0.05089949071407318,-0.030357856303453445,0.00579841947183013,0.00017495339852757752,0.04810716584324837,0.024936165660619736,-0.04564177989959717,-0.05234268680214882,0.0761336013674736,0.019673477858304977
0.027186602354049683,0.05377688258886337,0.06068652868270874,-0.02331966534256935,-0.03288900479674339,-0.06265691667795181,0.05556780844926834,0.013499225489795208,0.0575898140668869,-0.06576596200466156,-0.06139250099658966,-0.010886672884225845,0.07730880379676819,-0.05058988183736801,-0.04812130704522133,0.01852678321301937,-0.03669584542512894,0.029591958969831467,0.022693101316690445,-0.03405493125319481
-0.06167203187942505,0.07403617352247238,0.06038792058825493,-0.05093568563461304,-0.014688550494611263,0.043062955141067505,0.024978864938020706,0.08646850287914276,0.08366099745035172,0.04543536156415939,-0.0027561362367123365,-0.06725405156612396,0.03627564385533333,-0.04093104600906372,-0.0006060042651370168,0.02586197480559349,-0.045121535658836365,0.05015307664871216,0.036487679928541183,-0.008145199157297611
-0.0320575125515461,-0.00817170925438404,-0.00233777635730803,0.0019049681723117828,-0.03615822643041611,-0.020826542750000954,0.07096943259239197,0.06622420251369476,0.0592663548886776,0.039190489798784256,-0.012384498491883278,0.0567413754761219,-0.05539485439658165,-0.0025683799758553505,-0.00417051138356328,-0.02454342134296894,-0.03940531611442566,0.021262289956212044,0.08936449885368347,-0.03302541747689247
-0.0145194036886096,0.012408781796693802,-0.00950801745057106,0.025107862427830696,0.06939130276441574,0.030591873452067375,-0.06642337143421173,-0.014414720237255096,-0.02574879676103592,0.05130348727107048,-0.07627652585506439,-0.03175981715321541,-0.029623262584209442,0.025808118283748627,-0.06501539051532745,0.03903196007013321,-0.024305710569024086,-0.04661230370402336,0.031535554677248,0.025608282536268234
-0.05786016583442688,0.03901192545890808,-0.04017601162195206,0.07827091217041016,-0.012783625163137913,-0.0016411218093708158,0.06714802980422974,0.030435586348176003,0.005473712459206581,-0.03163294866681099,0.029978953301906586,-0.061748143285512924,-0.014336059801280499,-0.046374738216400146,-0.04188482463359833,0.07422033697366714,0.05028022825717926,-0.04118328168988228,0.0677509531378746,-0.03229686617851257
-0.02809934690594673,-0.07230527698993683,-0.004650531802326441,0.007208298891782761,0.007709029130637646,-0.021525956690311432,0.07738218456506729,-0.028864670544862747,-0.02542530931532383,-0.02900630608201027,-0.09314663708209991,0.05282866209745407,0.06346993893384933,-0.01405571959912777,0.06407611072063446,-0.04172700643539429,0.009715256281197071,-0.031144076958298683,-0.03350244462490082,-0.02848563715815544
-0.021761730313301086,-0.046880729496479034,0.01463837269693613,0.034901343286037445,0.04978987202048302,0.0775204747915268,0.04145631194114685,0.005243092309683561,-0.01543325837701559,-0.06119643524289131,-0.09679266810417175,0.003168676747009158,0.01964096911251545,0.009814589284360409,-0.015189552679657936,0.05557706207036972,-0.05706635117530823,0.02186974324285984,0.02181629091501236,0.004908198025077581
-0.028816161677241325,0.01316023338586092,0.019971096888184547,0.04541492462158203,0.003042185679078102,0.0004484523378778249,-0.01702866330742836,0.06022854521870613,0.06743352115154266,-0.05635565519332886,-0.09342703223228455,-0.07582414895296097,0.05263354629278183,-0.013537748716771603,0.020141618326306343,0.05769997090101242,0.06423138827085495,-0.06992659717798233,0.028839334845542908,-0.045606255531311035
-0.0031568428967148066,0.02467922866344452,0.001619502785615623,0.0033536681439727545,-0.005534538999199867,0.018664265051484108,-0.03487372025847435,-0.042703695595264435,0.05870365351438522,0.023391636088490486,0.0024190896656364202,0.05852528661489487,0.04767652973532677,-0.040768615901470184,0.018903326243162155,0.0335044227540493,-0.022918684408068657,-0.0431232787668705,0.019540559500455856,-0.04203571379184723
-0.04873470589518547,-0.00940454937517643,0.07771547883749008,0.03237893432378769,-0.04496283084154129,-0.008645492605865002,0.05579278990626335,0.013474696315824986,-0.012018959037959576,0.06670339405536652,-0.0735587552189827,0.004022382199764252,0.03871940076351166,-0.040840499103069305,0.05042467266321182,-0.01732691191136837,0.03173316642642021,0.054118573665618896,0.055108267813920975,0.051384445279836655
-0.005652226507663727,-0.049627210944890976,-0.007966207340359688,0.06460703164339066,0.06574621051549911,-0.03962782025337219,0.017269959673285484,0.08353202044963837,-0.01248377375304699,0.05471703037619591,-0.055379316210746765,-0.0022476455196738243,0.004036301746964455,-0.07003339380025864,0.06611878424882889,0.07152984291315079,0.016982581466436386,-0.05310793220996857,-0.030930468812584877,0.052908577024936676
-0.050992999225854874,0.008699153549969196,0.04432426393032074,0.049716055393218994,-0.000863567169290036,-0.04235402122139931,-0.008678031153976917,0.046103429049253464,0.07912842929363251,0.031870316714048386,-0.07234208285808563,-0.07954335957765579,-0.054395683109760284,0.010786895640194416,-0.046413395553827286,0.021622616797685623,0.0057731191627681255,0.04898231476545334,0.09981129318475723,-0.045632023364305496
-0.09947158396244049,0.05239167436957359,0.07888428866863251,-0.03524203225970268,0.05148511379957199,-0.05001009628176689,-0.024984139949083328,0.030723638832569122,0.07949873805046082,-0.06419737637042999,-0.09515103697776794,0.01441158540546894,0.06487298011779785,0.06486885994672775,0.02959645539522171,0.06325120478868484,0.003205172484740615,-0.0712723508477211,0.09066782891750336,0.04911738261580467
-0.050992999225854874,0.008699153549969196,0.04432426393032074,0.049716055393218994,-0.000863567169290036,-0.04235402122139931,-0.008678031153976917,0.046103429049253464,0.07912842929363251,0.031870316714048386,-0.07234208285808563,-0.07954335957765579,-0.054395683109760284,0.010786895640194416,-0.046413395553827286,0.021622616797685623,0.0057731191627681255,0.04898231476545334,0.09981129318475723,-0.045632023364305496
-0.050992999225854874,0.008699153549969196,0.04432426393032074,0.049716055393218994,-0.000863567169290036,-0.04235402122139931,-0.008678031153976917,0.046103429049253464,0.07912842929363251,0.031870316714048386,-0.07234208285808563,-0.07954335957765579,-0.054395683109760284,0.010786895640194416,-0.046413395553827286,0.021622616797685623,0.0057731191627681255,0.04898231476545334,0.09981129318475723,-0.045632023364305496
-0.0006138504249975085,0.07026701420545578,0.021858347579836845,0.026104608550667763,-0.02083645947277546,-0.04910041019320488,-0.0015967099461704493,-0.014225199818611145,0.11058009415864944,-0.06622901558876038,-0.06858646869659424,-0.04084572568535805,0.0644821897149086,-0.03030524030327797,-0.029762983322143555,0.05251025781035423,0.06448246538639069,0.008003627881407738,0.08350520581007004,-0.04578744247555733
0.032374922186136246,-0.03599437326192856,0.048453569412231445,0.0669507309794426,-0.02523198351264,-0.013254910707473755,0.003872344736009836,-0.018222574144601822,0.07122572511434555,-0.0628264993429184,-0.05121414735913277,0.015635840594768524,0.0256176944822073,0.014634386636316776,-0.026639744639396667,0.007900920696556568,-0.05532359704375267,-0.018950005993247032,0.05836132541298866,0.009708045981824398
0.03176935389637947,0.015308691188693047,0.0695938989520073,0.05847242474555969,0.0013521809596568346,-0.007772865705192089,0.046502236276865005,-0.023359594866633415,-0.016347767785191536,-0.005202599801123142,0.03436599299311638,0.03166012838482857,0.022608965635299683,0.05658053606748581,-0.007788859307765961,0.0009523537592031062,0.05451887473464012,-0.02850950136780739,-0.016383279114961624,0.04104792699217796
-0.06961282342672348,0.0731731578707695,0.008079618215560913,0.032562095671892166,-0.033674582839012146,-0.0574345663189888,0.023182077333331108,-0.037330325692892075,-0.015273846685886383,0.0021144021302461624,-0.06232383847236633,0.01739962212741375,0.03182737156748772,-0.047495678067207336,-0.04404343292117119,-0.05133282020688057,0.0649157389998436,0.014606671407818794,-0.006585424765944481,-0.032960791140794754
0.003967907279729843,0.07611533254384995,-0.031706396490335464,-0.056245047599077225,-0.040003858506679535,0.042514923959970474,-0.02089972421526909,0.00599784916266799,-0.028320396319031715,-0.03690871223807335,0.007352166809141636,-0.007321834098547697,0.0034906913060694933,0.005161574110388756,0.03870648145675659,-0.03996242210268974,-0.04409060627222061,-0.06479716300964355,0.04820870980620384,-0.08288951963186264
0.018581273034214973,-0.013679222203791142,0.03998614475131035,0.0266230758279562,-0.021249480545520782,-0.006468211766332388,0.014693904668092728,0.019876068457961082,-0.03888380154967308,0.06897628307342529,-0.09968923032283783,-0.029785944148898125,0.01824415661394596,-0.011106529273092747,0.04944277182221413,0.021213147789239883,0.04630272090435028,0.0022468294482678175,0.08426690846681595,0.0032015268225222826
0.04253223165869713,-0.020161589607596397,0.01525731012225151,-0.016395436599850655,0.04220183193683624,0.04040392488241196,-0.065865159034729,0.088774673640728,0.007136543747037649,-0.006425254978239536,-0.05675986036658287,-0.03351201117038727,0.04415507987141609,-0.0619671568274498,-0.03833586350083351,0.06268773227930069,0.024472074583172798,-0.07451413571834564,-0.02492145635187626,-0.03799205645918846
0.009077345952391624,-0.06933318823575974,0.06272906064987183,0.02445693127810955,-0.05845684930682182,0.0243157260119915,0.05180463567376137,-0.01243168767541647,0.03827245160937309,0.03320910036563873,-0.10278204828500748,0.058682817965745926,0.0636182576417923,-0.001197640085592866,-0.01571127586066723,0.021551676094532013,0.027869591489434242,0.0012792196357622743,0.0915670096874237,0.0032674481626600027
-0.03287243843078613,0.0013103162636980414,0.056630995124578476,-0.046635087579488754,0.049727387726306915,-0.016232546418905258,0.03038925677537918,-0.010926291346549988,0.06862272322177887,0.01376971136778593,0.015396797098219395,0.0435984805226326,-0.0456126406788826,-0.035722218453884125,0.054513487964868546,0.010246661491692066,0.009937826544046402,0.04506780952215195,0.04423766955733299,0.05540814623236656
-0.06390655785799026,-0.018874425441026688,-0.043011873960494995,0.07431627064943314,-0.022535834461450577,-0.0002643196494318545,0.0398486964404583,-0.0023245783522725105,0.04127386212348938,-0.0053946273401379585,-0.004854056518524885,0.05321517959237099,0.04539262875914574,0.046939849853515625,0.008946824818849564,0.04155388101935387,0.05071327090263367,0.018276531249284744,0.04437246546149254,-0.060220155864953995
-0.08312992751598358,0.031517378985881805,0.06536005437374115,0.01619919016957283,0.015631970018148422,-0.039212726056575775,-0.015341296792030334,0.019056683406233788,0.013004619628190994,-0.0454743355512619,-0.11209217458963394,-0.026110878214240074,0.03219316154718399,0.04090997204184532,-0.022350063547492027,0.036806926131248474,-0.02758932113647461,-0.03476464003324509,0.09169622510671616,-0.04466249421238899
0.0004230438789818436,-0.016774483025074005,0.05079135298728943,0.02574981190264225,0.07188881933689117,0.06964010000228882,0.001876132795587182,-0.0022390212398022413,0.07578477263450623,0.04923723638057709,0.020177528262138367,-0.04599563032388687,0.05222542956471443,0.07134687900543213,0.03283264860510826,0.06681390106678009,0.011436284519731998,-0.07444082200527191,0.012030664831399918,0.026704099029302597
0.0004230438789818436,-0.016774483025074005,0.05079135298728943,0.02574981190264225,0.07188881933689117,0.06964010000228882,0.001876132795587182,-0.0022390212398022413,0.07578477263450623,0.04923723638057709,0.020177528262138367,-0.04599563032388687,0.05222542956471443,0.07134687900543213,0.03283264860510826,0.06681390106678009,0.011436284519731998,-0.07444082200527191,0.012030664831399918,0.026704099029302597
0.0004230438789818436,-0.016774483025074005,0.05079135298728943,0.02574981190264225,0.07188881933689117,0.06964010000228882,0.001876132795587182,-0.0022390212398022413,0.07578477263450623,0.04923723638057709,0.020177528262138367,-0.04599563032388687,0.05222542956471443,0.07134687900543213,0.03283264860510826,0.06681390106678009,0.011436284519731998,-0.07444082200527191,0.012030664831399918,0.026704099029302597
-0.019071685150265694,-0.03783565014600754,0.05945151299238205,0.07089134305715561,-0.006034409627318382,0.04408171400427818,-0.024379683658480644,0.041115157306194305,0.019013378769159317,-0.060449641197919846,0.0386410653591156,-0.07243172824382782,-0.0392896793782711,0.03557683527469635,-0.04445364326238632,0.04414232075214386,-0.01515745185315609,-0.020511332899332047,0.05661061033606529,-0.05130375549197197
-0.05262742564082146,-0.0007592806941829622,0.04031946882605553,0.021717913448810577,0.053730033338069916,-0.012363692745566368,-0.056240230798721313,-0.027613157406449318,0.0027232954744249582,0.0006552181439474225,-0.08711036294698715,0.005048631224781275,-0.040743473917245865,0.06751018762588501,0.06535104662179947,0.004236917942762375,0.01182742603123188,-0.01838122121989727,-0.010951812379062176,0.009538368321955204
0.04401883855462074,0.06939254701137543,0.011691007763147354,0.0033778727520257235,-0.03700922057032585,0.044936709105968475,0.022691966965794563,-0.03760380670428276,0.05038532242178917,0.04456561803817749,-0.07930678874254227,0.009543106891214848,0.06554736942052841,-0.011661592870950699,-0.04723029211163521,0.09697452187538147,0.055360808968544006,-0.0507650263607502,-0.003193494165316224,-0.06358547508716583
-0.004926986992359161,-0.06443199515342712,0.07005076110363007,0.07543380558490753,-0.026599381119012833,-0.059161897748708725,-0.0438164621591568,0.019609447568655014,0.049180638045072556,-0.011513332836329937,-0.08311504870653152,-0.008696957491338253,0.03238409757614136,0.060541026294231415,0.03017081692814827,0.06572680920362473,0.021163301542401314,0.01579686813056469,-0.031559716910123825,-0.022507956251502037
0.03139438107609749,0.06764089316129684,-0.042572103440761566,-0.014761913567781448,-0.012033803388476372,0.06786360591650009,0.05298352614045143,0.003420376218855381,0.03628808259963989,0.07274977117776871,0.03178371116518974,-0.07606789469718933,-0.002327857306227088,-0.0021489898208528757,0.03585191071033478,-0.04237201809883118,0.0500144325196743,0.023041080683469772,0.03787654638290405,-0.019366223365068436
-6.343799759633839e-05,0.007390045560896397,0.08896347880363464,0.03287271410226822,0.03762592002749443,-0.03864151984453201,-0.004608257673680782,0.005955741740763187,0.09613907337188721,-0.07097263634204865,-0.045815277844667435,-0.012483976781368256,0.019913194701075554,0.061827097088098526,0.06826480478048325,-0.006089436821639538,0.061101920902729034,0.01875968463718891,-0.0033987071365118027,-0.04095987230539322
-0.054461803287267685,0.047490209341049194,-0.03450934961438179,0.0027324154507368803,0.048481717705726624,0.032070040702819824,0.032424453645944595,0.05168749764561653,-0.02005900628864765,0.05995786935091019,0.022092578932642937,-0.0006423250306397676,0.011763546615839005,-0.03855552151799202,-0.06815938651561737,0.08978482335805893,0.05914609134197235,0.02093462646007538,-0.023247914388775826,0.00394266564399004
-0.054461803287267685,0.047490209341049194,-0.03450934961438179,0.0027324154507368803,0.048481717705726624,0.032070040702819824,0.032424453645944595,0.05168749764561653,-0.02005900628864765,0.05995786935091019,0.022092578932642937,-0.0006423250306397676,0.011763546615839005,-0.03855552151799202,-0.06815938651561737,0.08978482335805893,0.05914609134197235,0.02093462646007538,-0.023247914388775826,0.00394266564399004
0.00956384651362896,-0.03918234258890152,0.017560163512825966,0.0799618512392044,0.07011857628822327,-0.008323859423398972,-0.0554669164121151,0.02184119075536728,0.03819113224744797,0.008922557346522808,0.030438566580414772,0.043466608971357346,0.05087707191705704,-0.04837285727262497,0.052824556827545166,0.019943488761782646,0.016346465796232224,0.041518859565258026,0.06378467381000519,-0.07287677377462387
-0.055524688214063644,0.006008915603160858,-0.03199922293424606,-0.04656225070357323,0.03635560721158981,-0.008430911228060722,0.017770256847143173,0.028119299560785294,-0.02550305239856243,0.04080221801996231,0.01735692471265793,-0.054285336285829544,0.04555267095565796,0.01808658242225647,-0.06185697391629219,-0.023674163967370987,-0.06424196809530258,-0.014801139943301678,0.0022857796866446733,0.008449137210845947
-0.025075506418943405,-0.012951601296663284,0.05631162226200104,-0.018976779654622078,-0.03175242245197296,-0.044158972799777985,-0.05567704886198044,-0.03508073836565018,0.04877038672566414,0.02366219088435173,-0.007012588903307915,-0.011965574696660042,0.04802678897976875,0.014390317723155022,-0.01127193495631218,0.03902297466993332,0.028609024360775948,0.027713805437088013,0.0430106446146965,-0.07539472728967667
-0.0004260432324372232,0.012376452796161175,0.049467381089925766,-0.03837946057319641,-0.0033058864064514637,0.015189277939498425,0.0656440407037735,0.0475701205432415,0.04544297233223915,0.053767506033182144,-0.0322144478559494,-0.044100672006607056,-0.05323031172156334,-0.0030410168692469597,0.06068316474556923,0.0321255661547184,-0.0034911027178168297,-0.08918147534132004,0.01831960864365101,0.02340153604745865
-0.0004260432324372232,0.012376452796161175,0.049467381089925766,-0.03837946057319641,-0.0033058864064514637,0.015189277939498425,0.0656440407037735,0.0475701205432415,0.04544297233223915,0.053767506033182144,-0.0322144478559494,-0.044100672006607056,-0.05323031172156334,-0.0030410168692469597,0.06068316474556923,0.0321255661547184,-0.0034911027178168297,-0.08918147534132004,0.01831960864365101,0.02340153604745865
-0.029596295207738876,0.06865964084863663,-0.05514359101653099,0.0019446248188614845,0.018058791756629944,0.016504449769854546,0.048479195684194565,0.02387966960668564,-0.0012694066390395164,-0.034532468765974045,0.0010628564050421119,-0.0691404640674591,-0.014651944860816002,0.017850307747721672,-0.0652620866894722,0.08115261048078537,0.004736211616545916,-0.03101223334670067,0.005768534727394581,-0.044181592762470245
-0.029596295207738876,0.06865964084863663,-0.05514359101653099,0.0019446248188614845,0.018058791756629944,0.016504449769854546,0.048479195684194565,0.02387966960668564,-0.0012694066390395164,-0.034532468765974045,0.0010628564050421119,-0.0691404640674591,-0.014651944860816002,0.017850307747721672,-0.0652620866894722,0.08115261048078537,0.004736211616545916,-0.03101223334670067,0.005768534727394581,-0.044181592762470245
-0.05195322260260582,0.0020989426411688328,0.05505012348294258,0.07090119272470474,0.03859551623463631,-0.020197948440909386,-0.06299429386854172,0.0165878739207983,0.058363139629364014,0.06402472406625748,-0.054097700864076614,-0.017551470547914505,-0.02644866704940796,-0.0554380938410759,0.039371099323034286,0.05481177568435669,-0.0065229772590100765,0.03782707825303078,0.05017261207103729,0.01783556491136551
-0.03377155959606171,-0.05614977702498436,-0.027306118980050087,0.04026041552424431,-0.04344935342669487,0.011498921550810337,0.0006627063849009573,-0.03222392499446869,-0.0223084669560194,-0.006454679649323225,-0.01394836138933897,-0.04042476415634155,-0.016900669783353806,0.06653903424739838,-0.04997377470135689,0.03862528130412102,0.0014707498485222459,0.023759892210364342,0.005995986983180046,-0.016608793288469315
-0.07139481604099274,-0.04174727201461792,0.010668108239769936,-0.02913137711584568,-0.060955893248319626,-0.04387785866856575,0.06968032568693161,0.03664436936378479,-0.026537977159023285,-0.05068032816052437,-0.019460005685687065,-0.07350382953882217,0.029299799352884293,-0.0623113177716732,0.04637925326824188,0.009752978570759296,-0.044607337564229965,-0.07317214459180832,-0.009910701774060726,0.007234690245240927
-0.05935263633728027,-0.041277915239334106,0.07791327685117722,0.06925295293331146,-0.023380083963274956,0.07893326133489609,0.025239819660782814,0.08098652213811874,-0.028221948072314262,0.023619389161467552,-0.07301317900419235,-0.038440484553575516,0.006768408231437206,-0.043103862553834915,0.04278937354683876,-0.01788836531341076,-0.048048436641693115,0.04034871235489845,0.0680447667837143,-0.06462860107421875
-0.03961668163537979,-0.0010705378372222185,-0.040401242673397064,0.030291151255369186,-0.007459665648639202,0.006586194038391113,0.013525511138141155,0.07322317361831665,0.05025573447346687,-0.0654011219739914,-0.014187752269208431,0.01923801377415657,0.04896184802055359,-0.02737206034362316,0.024587377905845642,-0.03636408969759941,-0.0314369723200798,-0.044205982238054276,0.020281150937080383,0.03598291799426079
-0.09022092074155807,-0.03249222785234451,-0.0434078648686409,-0.02753688395023346,0.012751192785799503,-0.03913719579577446,0.06482413411140442,0.004136803559958935,0.09097673743963242,0.04119298979640007,-0.025126153603196144,0.006283012684434652,0.013746016658842564,0.054840415716171265,-0.028383713215589523,-0.038130830973386765,0.04535350576043129,0.061410970985889435,0.01603076606988907,-0.03236939385533333
-0.08032169938087463,0.055349383503198624,-0.03584655374288559,-0.04473369941115379,0.006577725987881422,-0.05346348509192467,0.011733891442418098,-0.02899838797748089,-0.021317755803465843,0.02711547538638115,0.037017226219177246,0.02665708027780056,-0.043018072843551636,0.013166836462914944,-0.0171740110963583,0.0495656281709671,0.010970360599458218,0.030275920405983925,0.04598378762602806,-0.05173128843307495
-0.08032169938087463,0.055349383503198624,-0.03584655374288559,-0.04473369941115379,0.006577725987881422,-0.05346348509192467,0.011733891442418098,-0.02899838797748089,-0.021317755803465843,0.02711547538638115,0.037017226219177246,0.02665708027780056,-0.043018072843551636,0.013166836462914944,-0.0171740110963583,0.0495656281709671,0.010970360599458218,0.030275920405983925,0.04598378762602806,-0.05173128843307495
-0.08032169938087463,0.055349383503198624,-0.03584655374288559,-0.04473369941115379,0.006577725987881422,-0.05346348509192467,0.011733891442418098,-0.02899838797748089,-0.021317755803465843,0.02711547538638115,0.037017226219177246,0.02665708027780056,-0.043018072843551636,0.013166836462914944,-0.0171740110963583,0.0495656281709671,0.010970360599458218,0.030275920405983925,0.04598378762602806,-0.05173128843307495
-0.08032169938087463,0.055349383503198624,-0.03584655374288559,-0.04473369941115379,0.006577725987881422,-0.05346348509192467,0.011733891442418098,-0.02899838797748089,-0.021317755803465843,0.02711547538638115,0.037017226219177246,0.02665708027780056,-0.043018072843551636,0.013166836462914944,-0.0171740110963583,0.0495656281709671,0.010970360599458218,0.030275920405983925,0.04598378762602806,-0.05173128843307495
-0.08032169938087463,0.055349383503198624,-0.03584655374288559,-0.04473369941115379,0.006577725987881422,-0.05346348509192467,0.011733891442418098,-0.02899838797748089,-0.021317755803465843,0.02711547538638115,0.037017226219177246,0.02665708027780056,-0.043018072843551636,0.013166836462914944,-0.0171740110963583,0.0495656281709671,0.010970360599458218,0.030275920405983925,0.04598378762602806,-0.05173128843307495
-0.08032169938087463,0.055349383503198624,-0.03584655374288559,-0.04473369941115379,0.006577725987881422,-0.05346348509192467,0.011733891442418098,-0.02899838797748089,-0.021317755803465843,0.02711547538638115,0.037017226219177246,0.02665708027780056,-0.043018072843551636,0.013166836462914944,-0.0171740110963583,0.0495656281709671,0.010970360599458218,0.030275920405983925,0.04598378762602806,-0.05173128843307495
-0.06106613948941231,0.010748776607215405,-0.014468646608293056,0.023157520219683647,-0.004217563197016716,0.04147259145975113,0.024218564853072166,0.07938229292631149,0.04653457552194595,0.05526759847998619,-0.04575608670711517,0.04271205514669418,0.08412525057792664,0.0019992340821772814,-0.028532080352306366,0.024809198454022408,0.056517593562603,0.047394417226314545,-0.03647845983505249,-0.0684308409690857
-0.02076217532157898,-0.011069740168750286,-0.035026915371418,-0.04782229661941528,-0.0020372294820845127,0.01887023076415062,0.006495703011751175,0.056482717394828796,0.010994222946465015,0.05654975399374962,-0.06631141155958176,-0.019692515954375267,-0.027415882796049118,0.01809507980942726,-0.06508845835924149,0.020876476541161537,-0.06580488383769989,0.03187644109129906,0.011093680746853352,-0.0735333189368248
-0.02076217532157898,-0.011069740168750286,-0.035026915371418,-0.04782229661941528,-0.0020372294820845127,0.01887023076415062,0.006495703011751175,0.056482717394828796,0.010994222946465015,0.05654975399374962,-0.06631141155958176,-0.019692515954375267,-0.027415882796049118,0.01809507980942726,-0.06508845835924149,0.020876476541161537,-0.06580488383769989,0.03187644109129906,0.011093680746853352,-0.0735333189368248
-0.02076217532157898,-0.011069740168750286,-0.035026915371418,-0.04782229661941528,-0.0020372294820845127,0.01887023076415062,0.006495703011751175,0.056482717394828796,0.010994222946465015,0.05654975399374962,-0.06631141155958176,-0.019692515954375267,-0.027415882796049118,0.01809507980942726,-0.06508845835924149,0.020876476541161537,-0.06580488383769989,0.03187644109129906,0.011093680746853352,-0.0735333189368248
-0.015370150096714497,0.07459662109613419,0.013141762465238571,0.08193212747573853,0.026489904150366783,0.05072329193353653,0.061309438198804855,0.01840928941965103,0.07257214188575745,-0.030835343524813652,-0.03825806826353073,-0.02814352884888649,0.008206330239772797,-0.00023103230341803282,-0.02093471586704254,-0.018621211871504784,0.0034807687625288963,0.018424661830067635,0.01973128877580166,-0.07555311173200607
0.04713361710309982,0.052225567400455475,0.04492206126451492,-0.007392678875476122,0.01632334664463997,0.0723840743303299,-0.004123900551348925,-0.03936002403497696,-0.0006588855758309364,0.013395463116466999,-0.05927635356783867,-0.017149759456515312,0.055875103920698166,-0.05834653973579407,0.03364081680774689,0.07783664762973785,-0.025723522529006004,-0.05804797261953354,-0.03493839502334595,-0.05340704694390297
-0.02933635748922825,-0.035862259566783905,-0.016056446358561516,-0.023137884214520454,0.058056361973285675,0.07263808697462082,0.012714619748294353,0.060065802186727524,0.07130350917577744,-0.052164845168590546,-0.075440913438797,-0.05648960545659065,0.02760118432343006,0.057266827672719955,0.05128986015915871,0.016290348023176193,-0.00863041914999485,-0.007663572207093239,-0.03604700788855553,0.05472005158662796
-0.08274147659540176,0.009745285846292973,-0.009513392113149166,0.060787249356508255,0.06740643084049225,0.05643237754702568,-0.04913201183080673,0.0312640517950058,0.08224111050367355,0.007497849408537149,0.006568199954926968,-0.07531362771987915,0.0473845936357975,-0.05276243016123772,0.029337752610445023,0.05090242251753807,0.015981828793883324,-0.016696861013770103,0.08502286672592163,0.051605548709630966
-0.0158985648304224,0.001063999254256487,-0.050155624747276306,-0.03956238925457001,-0.006132126320153475,0.08257860690355301,-0.05746349319815636,0.012327639386057854,0.04715806990861893,0.02606065385043621,-0.039983365684747696,-0.04438904672861099,0.03223058208823204,0.02756514400243759,-0.05721897631883621,0.00848397333174944,-0.07549706101417542,0.009371500462293625,0.04347224906086922,0.004591560456901789
-0.0158985648304224,0.001063999254256487,-0.050155624747276306,-0.03956238925457001,-0.006132126320153475,0.08257860690355301,-0.05746349319815636,0.012327639386057854,0.04715806990861893,0.02606065385043621,-0.039983365684747696,-0.04438904672861099,0.03223058208823204,0.02756514400243759,-0.05721897631883621,0.00848397333174944,-0.07549706101417542,0.009371500462293625,0.04347224906086922,0.004591560456901789
-0.0158985648304224,0.001063999254256487,-0.050155624747276306,-0.03956238925457001,-0.006132126320153475,0.08257860690355301,-0.05746349319815636,0.012327639386057854,0.04715806990861893,0.02606065385043621,-0.039983365684747696,-0.04438904672861099,0.03223058208823204,0.02756514400243759,-0.05721897631883621,0.00848397333174944,-0.07549706101417542,0.009371500462293625,0.04347224906086922,0.004591560456901789
-0.033923882991075516,0.0188907403498888,-0.0005466274451464415,-0.020106948912143707,-0.011379801668226719,0.03261450305581093,0.02675471268594265,0.016749395057559013,0.052832748740911484,-0.015264197252690792,-0.05849611759185791,-0.060895875096321106,0.0170518197119236,0.02151869796216488,0.0133947329595685,0.043606195598840714,0.02027912810444832,0.00852791965007782,-0.018779654055833817,0.003091075923293829
-0.0158985648304224,0.001063999254256487,-0.050155624747276306,-0.03956238925457001,-0.006132126320153475,0.08257860690355301,-0.05746349319815636,0.012327639386057854,0.04715806990861893,0.02606065385043621,-0.039983365684747696,-0.04438904672861099,0.03223058208823204,0.02756514400243759,-0.05721897631883621,0.00848397333174944,-0.07549706101417542,0.009371500462293625,0.04347224906086922,0.004591560456901789
-0.02076217532157898,-0.011069740168750286,-0.035026915371418,-0.04782229661941528,-0.0020372294820845127,0.01887023076415062,0.006495703011751175,0.056482717394828796,0.010994222946465015,0.05654975399374962,-0.06631141155958176,-0.019692515954375267,-0.027415882796049118,0.01809507980942726,-0.06508845835924149,0.020876476541161537,-0.06580488383769989,0.03187644109129906,0.011093680746853352,-0.0735333189368248
-0.033923882991075516,0.0188907403498888,-0.0005466274451464415,-0.020106948912143707,-0.011379801668226719,0.03261450305581093,0.02675471268594265,0.016749395057559013,0.052832748740911484,-0.015264197252690792,-0.05849611759185791,-0.060895875096321106,0.0170518197119236,0.02151869796216488,0.0133947329595685,0.043606195598840714,0.02027912810444832,0.00852791965007782,-0.018779654055833817,0.003091075923293829
-0.020118646323680878,0.0590541809797287,0.024341844022274017,-0.00018556072609499097,-0.04528140276670456,0.005387351848185062,0.06731554120779037,-0.010184256359934807,0.08045120537281036,0.0567462332546711,-0.02218385972082615,0.035806089639663696,0.03375554457306862,0.032632939517498016,-0.015052682720124722,-0.0054981401190161705,0.06368289887905121,-0.0644625872373581,0.07261569052934647,-0.02361367642879486
-0.020118646323680878,0.0590541809797287,0.024341844022274017,-0.00018556072609499097,-0.04528140276670456,0.005387351848185062,0.06731554120779037,-0.010184256359934807,0.08045120537281036,0.0567462332546711,-0.02218385972082615,0.035806089639663696,0.03375554457306862,0.032632939517498016,-0.015052682720124722,-0.0054981401190161705,0.06368289887905121,-0.0644625872373581,0.07261569052934647,-0.02361367642879486
-0.020118646323680878,0.0590541809797287,0.024341844022274017,-0.00018556072609499097,-0.04528140276670456,0.005387351848185062,0.06731554120779037,-0.010184256359934807,0.08045120537281036,0.0567462332546711,-0.02218385972082615,0.035806089639663696,0.03375554457306862,0.032632939517498016,-0.015052682720124722,-0.0054981401190161705,0.06368289887905121,-0.0644625872373581,0.07261569052934647,-0.02361367642879486
-0.020118646323680878,0.0590541809797287,0.024341844022274017,-0.00018556072609499097,-0.04528140276670456,0.005387351848185062,0.06731554120779037,-0.010184256359934807,0.08045120537281036,0.0567462332546711,-0.02218385972082615,0.035806089639663696,0.03375554457306862,0.032632939517498016,-0.015052682720124722,-0.0054981401190161705,0.06368289887905121,-0.0644625872373581,0.07261569052934647,-0.02361367642879486
-0.020118646323680878,0.0590541809797287,0.024341844022274017,-0.00018556072609499097,-0.04528140276670456,0.005387351848185062,0.06731554120779037,-0.010184256359934807,0.08045120537281036,0.0567462332546711,-0.02218385972082615,0.035806089639663696,0.03375554457306862,0.032632939517498016,-0.015052682720124722,-0.0054981401190161705,0.06368289887905121,-0.0644625872373581,0.07261569052934647,-0.02361367642879486
-0.010382777079939842,-0.019482184201478958,0.06147228181362152,-0.04396270960569382,0.056742023676633835,0.03857545927166939,0.02849392592906952,0.0456785149872303,0.028745660558342934,-0.03034777194261551,-0.07797585427761078,-0.07674583792686462,0.010076474398374557,0.0631566047668457,0.0236673541367054,0.060688603669404984,-0.0014070072211325169,-0.035954684019088745,0.00972763542085886,0.01725883223116398
0.014903329312801361,0.04476509988307953,-0.00921921618282795,0.08029484003782272,-0.0564260333776474,0.0055946954526007175,-0.01451178453862667,0.04351228475570679,0.04139335826039314,-0.05837104469537735,-7.078410999383777e-05,-0.055107809603214264,-0.04315071552991867,-0.010853567160665989,-0.05118538439273834,-0.02445376291871071,-0.021064434200525284,0.062438804656267166,-0.029180370271205902,-0.024280916899442673
0.02129651978611946,-0.058361902832984924,0.023924000561237335,0.07763800770044327,0.051784127950668335,-0.03800808638334274,0.07317882031202316,0.03886496275663376,0.04362047091126442,-0.017073635011911392,-0.0923495963215828,-0.0663321241736412,-0.019057130441069603,0.03660783916711807,0.004315332975238562,0.00786807481199503,0.03288327902555466,-0.06800836324691772,0.05522215738892555,-0.051598984748125076
0.010030762292444706,0.03775520250201225,-0.012997378595173359,0.05491988733410835,0.0626554936170578,-0.014087134972214699,0.0029650400392711163,0.0842880979180336,0.03199160471558571,0.05100536718964577,0.022757213562726974,-0.0019734706729650497,-0.05499134957790375,0.02497943677008152,0.014066718518733978,-0.04093105345964432,0.024723805487155914,-0.08413424342870712,0.009904968552291393,-0.07443568855524063
0.010030762292444706,0.03775520250201225,-0.012997378595173359,0.05491988733410835,0.0626554936170578,-0.014087134972214699,0.0029650400392711163,0.0842880979180336,0.03199160471558571,0.05100536718964577,0.022757213562726974,-0.0019734706729650497,-0.05499134957790375,0.02497943677008152,0.014066718518733978,-0.04093105345964432,0.024723805487155914,-0.08413424342870712,0.009904968552291393,-0.07443568855524063
0.010030762292444706,0.03775520250201225,-0.012997378595173359,0.05491988733410835,0.0626554936170578,-0.014087134972214699,0.0029650400392711163,0.0842880979180336,0.03199160471558571,0.05100536718964577,0.022757213562726974,-0.0019734706729650497,-0.05499134957790375,0.02497943677008152,0.014066718518733978,-0.04093105345964432,0.024723805487155914,-0.08413424342870712,0.009904968552291393,-0.07443568855524063
0.010030762292444706,0.03775520250201225,-0.012997378595173359,0.05491988733410835,0.0626554936170578,-0.014087134972214699,0.0029650400392711163,0.0842880979180336,0.03199160471558571,0.05100536718964577,0.022757213562726974,-0.0019734706729650497,-0.05499134957790375,0.02497943677008152,0.014066718518733978,-0.04093105345964432,0.024723805487155914,-0.08413424342870712,0.009904968552291393,-0.07443568855524063
0.04168199747800827,-0.014998232014477253,0.09173068404197693,-0.05582614243030548,-0.007275172509253025,0.009515251964330673,-0.002993681700900197,-0.0311626847833395,0.0525800921022892,-0.026701606810092926,0.0006624028319492936,0.036840662360191345,0.03212876617908478,0.06715791672468185,-0.05598272383213043,0.07915165275335312,0.04341256245970726,-0.06161191686987877,0.08073683828115463,-0.03916434198617935
-0.06013166159391403,-0.04138661175966263,0.06794732064008713,-0.015739597380161285,-0.056228458881378174,-0.00421532616019249,-0.004296544473618269,0.01928233541548252,0.09136548638343811,0.01893078163266182,0.015568844974040985,-0.040616728365421295,0.020753851160407066,0.06288472563028336,0.0014704343630000949,-0.0051453495398163795,0.06577687710523605,-0.07775849103927612,0.07184027135372162,-0.004512879066169262
-0.08887718617916107,-0.047331176698207855,-0.01885402202606201,0.035714808851480484,0.05377640575170517,-0.028041187673807144,0.037986546754837036,-0.021216753870248795,0.0940014198422432,0.02543981932103634,0.030620325356721878,0.005275165196508169,0.074892558157444,-0.020296698436141014,0.005669336300343275,0.019272619858384132,-0.045413702726364136,0.02895900048315525,0.05394173040986061,-0.005637424066662788
-0.08887718617916107,-0.047331176698207855,-0.01885402202606201,0.035714808851480484,0.05377640575170517,-0.028041187673807144,0.037986546754837036,-0.021216753870248795,0.0940014198422432,0.02543981932103634,0.030620325356721878,0.005275165196508169,0.074892558157444,-0.020296698436141014,0.005669336300343275,0.019272619858384132,-0.045413702726364136,0.02895900048315525,0.05394173040986061,-0.005637424066662788
-0.08887718617916107,-0.047331176698207855,-0.01885402202606201,0.035714808851480484,0.05377640575170517,-0.028041187673807144,0.037986546754837036,-0.021216753870248795,0.0940014198422432,0.02543981932103634,0.030620325356721878,0.005275165196508169,0.074892558157444,-0.020296698436141014,0.005669336300343275,0.019272619858384132,-0.045413702726364136,0.02895900048315525,0.05394173040986061,-0.005637424066662788
0.037409745156764984,0.010865862481296062,-0.0034106913954019547,-0.010310272686183453,-0.04065398871898651,0.05722223222255707,0.06351104378700256,0.03421143814921379,0.02375912480056286,-0.014180123805999756,-0.09544125199317932,0.015221814624965191,0.06291664391756058,-0.008227549493312836,0.046717047691345215,-0.050100065767765045,-0.012090248055756092,-0.0012267498532310128,0.08287268877029419,0.007045635487884283
0.037409745156764984,0.010865862481296062,-0.0034106913954019547,-0.010310272686183453,-0.04065398871898651,0.05722223222255707,0.06351104378700256,0.03421143814921379,0.02375912480056286,-0.014180123805999756,-0.09544125199317932,0.015221814624965191,0.06291664391756058,-0.008227549493312836,0.046717047691345215,-0.050100065767765045,-0.012090248055756092,-0.0012267498532310128,0.08287268877029419,0.007045635487884283
-0.09713519364595413,0.03438457474112511,0.0037556507159024477,-0.009802563115954399,0.02861264906823635,-0.033207476139068604,0.05364972725510597,-0.00596612598747015,-0.03232228010892868,0.039133861660957336,-0.08910910785198212,-0.05647397041320801,-0.02283541113138199,0.05515623465180397,0.045953698456287384,0.019716963171958923,-0.03764783963561058,-0.01992037147283554,-0.013597328215837479,-0.07224424183368683
-0.008344242349267006,0.06647154688835144,0.06310878694057465,-0.03184093162417412,-0.04125349223613739,-0.017310278490185738,-0.0006669536232948303,0.06694067269563675,0.0799611359834671,0.07030083239078522,-0.07277391105890274,0.03518491983413696,0.049331240355968475,0.03711636736989021,-0.009775558486580849,0.0025648497976362705,0.026168620213866234,-0.08339224755764008,0.016030073165893555,0.0038817892782390118
-0.02341933734714985,0.030701730400323868,-0.024508105590939522,-0.009120411239564419,-0.03338945284485817,0.0726725161075592,0.02929839678108692,0.014240805990993977,0.03164716437458992,0.05343257263302803,-0.06099496781826019,-0.04321157932281494,0.07209323346614838,0.02677968703210354,-0.018056720495224,0.07005888223648071,0.06151945888996124,-0.06466961652040482,0.03190912306308746,0.021613966673612595
0.006140449550002813,-0.05574044957756996,0.012216153554618359,0.009226007387042046,-0.005617634858936071,-0.03469690680503845,-0.02357379160821438,0.02347072958946228,0.007121660280972719,-0.06979359686374664,-0.027828343212604523,-0.017772892490029335,-0.014081890694797039,-0.04822760075330734,0.018305353820323944,0.03585087135434151,-0.05560379847884178,-0.051875192672014236,0.0712805837392807,-0.0645885169506073
0.006140449550002813,-0.05574044957756996,0.012216153554618359,0.009226007387042046,-0.005617634858936071,-0.03469690680503845,-0.02357379160821438,0.02347072958946228,0.007121660280972719,-0.06979359686374664,-0.027828343212604523,-0.017772892490029335,-0.014081890694797039,-0.04822760075330734,0.018305353820323944,0.03585087135434151,-0.05560379847884178,-0.051875192672014236,0.0712805837392807,-0.0645885169506073
0.022701123729348183,0.06626709550619125,-0.02805713377892971,0.0015605645021423697,0.005357259884476662,-0.005388260819017887,-0.059981487691402435,0.05470786988735199,0.08424463868141174,0.04412887617945671,-0.008267910219728947,0.0013145573902875185,-0.01672443561255932,0.06179090216755867,-0.04835220053792,-0.017428282648324966,-0.05386268347501755,0.014570941217243671,-0.04555647820234299,0.02810889109969139
0.022701123729348183,0.06626709550619125,-0.02805713377892971,0.0015605645021423697,0.005357259884476662,-0.005388260819017887,-0.059981487691402435,0.05470786988735199,0.08424463868141174,0.04412887617945671,-0.008267910219728947,0.0013145573902875185,-0.01672443561255932,0.06179090216755867,-0.04835220053792,-0.017428282648324966,-0.05386268347501755,0.014570941217243671,-0.04555647820234299,0.02810889109969139
0.022701123729348183,0.06626709550619125,-0.02805713377892971,0.0015605645021423697,0.005357259884476662,-0.005388260819017887,-0.059981487691402435,0.05470786988735199,0.08424463868141174,0.04412887617945671,-0.008267910219728947,0.0013145573902875185,-0.01672443561255932,0.06179090216755867,-0.04835220053792,-0.017428282648324966,-0.05386268347501755,0.014570941217243671,-0.04555647820234299,0.02810889109969139
-0.07551499456167221,0.0005888097221031785,0.026169590651988983,-0.05379590392112732,0.06635919213294983,0.033773429691791534,0.06285972893238068,-0.03630645573139191,-0.023534636944532394,0.05902596563100815,0.0136561319231987,0.030063629150390625,0.04321543499827385,0.06799028068780899,0.02498733252286911,-0.029817409813404083,0.00864436011761427,-0.010071941651403904,0.09455698728561401,0.0038979051169008017
-0.08257093280553818,-0.054803553968667984,0.08272085338830948,-0.04758649319410324,0.010552903637290001,0.06156687065958977,0.050881095230579376,-0.017501769587397575,0.07110759615898132,-0.009929604828357697,-0.0961933359503746,0.019218791276216507,-0.030002139508724213,-0.05527019500732422,0.021592142060399055,0.04061736911535263,0.06332399696111679,-0.01426859200000763,-0.04784896597266197,0.020723288878798485
-0.006920773535966873,0.028114264830946922,0.023241888731718063,0.07627109438180923,3.8834223232697695e-05,0.07922492921352386,-0.02329283393919468,-0.015178656205534935,0.07419993728399277,0.019609682261943817,-0.004992123693227768,0.0481569841504097,0.07972770929336548,0.017559949308633804,0.049218274652957916,-0.009845432825386524,-0.07269333302974701,-0.01340099610388279,-0.030286770313978195,-0.07227393239736557
-0.023949583992362022,-0.018325962126255035,0.06839824467897415,0.0034472995903342962,-0.06759727001190186,0.07287199050188065,0.024010512977838516,0.03404264524579048,-0.028363093733787537,0.0568719208240509,0.018165836110711098,-0.03375600650906563,0.05587387457489967,0.013541839085519314,0.0776737779378891,0.049958862364292145,-0.04206482693552971,0.05371442064642906,-0.03897043317556381,-0.03536451235413551
-0.01930445246398449,0.007304518949240446,0.054776981472969055,-0.007800225634127855,0.07370372116565704,0.023271432146430016,-0.00564209558069706,0.027344508096575737,0.009426645003259182,0.0554465651512146,-0.07652632147073746,-0.0462166890501976,0.04523064196109772,0.04445493966341019,-0.0304705910384655,-0.033362142741680145,0.04097287356853485,-0.016392817720770836,0.06342649459838867,-0.051993925124406815
-0.08852622658014297,-0.03599987551569939,0.06850066035985947,0.04477370157837868,-0.056819040328264236,0.0755980908870697,-0.013659942895174026,-0.024964863434433937,-0.018934305757284164,-0.0010375529527664185,-0.003284336533397436,-0.021311653777956963,0.05272554233670235,0.03593437001109123,0.02669270522892475,0.07348532974720001,0.026126910001039505,0.03179079294204712,0.004302883055061102,-0.0269960667937994
-0.07539965212345123,-0.062091223895549774,0.06636768579483032,0.06980475038290024,-0.06053468585014343,0.017339980229735374,-0.024795256555080414,-0.04487881064414978,0.08071675151586533,-0.019519537687301636,-0.023352012038230896,-0.07688894122838974,0.015269633382558823,-0.015612623654305935,-0.012131338007748127,0.056293170899152756,-0.018940867856144905,-0.03950639069080353,-0.028278391808271408,-0.02162606455385685
-0.03401011973619461,-0.03933052346110344,0.0896378681063652,0.06780952960252762,-0.011434764601290226,0.011907738633453846,-0.02083698846399784,-0.02439352124929428,0.03834172710776329,-0.017136074602603912,0.01597447507083416,0.03592097386717796,0.07546447962522507,0.025829406455159187,0.03730972483754158,0.04526887834072113,-0.0069213612005114555,0.03436978906393051,-0.025898579508066177,0.005269152112305164
-0.011718924157321453,0.04279554635286331,-0.03876771777868271,0.051323194056749344,-0.05214192345738411,0.02007143758237362,-0.033727046102285385,0.06909535080194473,0.0030023991130292416,0.04482963681221008,-0.04029400274157524,0.03217298537492752,0.04626179113984108,-0.05889516323804855,0.023520326241850853,0.06404700875282288,0.031027549877762794,-0.019380996003746986,0.02803804539144039,-0.010366628877818584
-0.07539965212345123,-0.062091223895549774,0.06636768579483032,0.06980475038290024,-0.06053468585014343,0.017339980229735374,-0.024795256555080414,-0.04487881064414978,0.08071675151586533,-0.019519537687301636,-0.023352012038230896,-0.07688894122838974,0.015269633382558823,-0.015612623654305935,-0.012131338007748127,0.056293170899152756,-0.018940867856144905,-0.03950639069080353,-0.028278391808271408,-0.02162606455385685
-0.07539965212345123,-0.062091223895549774,0.06636768579483032,0.06980475038290024,-0.06053468585014343,0.017339980229735374,-0.024795256555080414,-0.04487881064414978,0.08071675151586533,-0.019519537687301636,-0.023352012038230896,-0.07688894122838974,0.015269633382558823,-0.015612623654305935,-0.012131338007748127,0.056293170899152756,-0.018940867856144905,-0.03950639069080353,-0.028278391808271408,-0.02162606455385685
-0.07539965212345123,-0.062091223895549774,0.06636768579483032,0.06980475038290024,-0.06053468585014343,0.017339980229735374,-0.024795256555080414,-0.04487881064414978,0.08071675151586533,-0.019519537687301636,-0.023352012038230896,-0.07688894122838974,0.015269633382558823,-0.015612623654305935,-0.012131338007748127,0.056293170899152756,-0.018940867856144905,-0.03950639069080353,-0.028278391808271408,-0.02162606455385685
-0.07539965212345123,-0.062091223895549774,0.06636768579483032,0.06980475038290024,-0.06053468585014343,0.017339980229735374,-0.024795256555080414,-0.04487881064414978,0.08071675151586533,-0.019519537687301636,-0.023352012038230896,-0.07688894122838974,0.015269633382558823,-0.015612623654305935,-0.012131338007748127,0.056293170899152756,-0.018940867856144905,-0.03950639069080353,-0.028278391808271408,-0.02162606455385685
-0.07539965212345123,-0.062091223895549774,0.06636768579483032,0.06980475038290024,-0.06053468585014343,0.017339980229735374,-0.024795256555080414,-0.04487881064414978,0.08071675151586533,-0.019519537687301636,-0.023352012038230896,-0.07688894122838974,0.015269633382558823,-0.015612623654305935,-0.012131338007748127,0.056293170899152756,-0.018940867856144905,-0.03950639069080353,-0.028278391808271408,-0.02162606455385685
-0.09433861076831818,0.06059762462973595,-0.02695787511765957,0.040887705981731415,0.011735210195183754,-0.030582984909415245,-0.026190074160695076,-0.029162414371967316,0.09238551557064056,-0.04924103245139122,-0.10989906638860703,-0.03982555866241455,-0.008734664879739285,-0.05621306598186493,-0.018597334623336792,-0.020684396848082542,0.06485740095376968,-0.08056281507015228,0.015583685599267483,-0.07331079989671707
-0.04473361745476723,0.055063895881175995,0.06002556532621384,-0.04079673811793327,0.06888756155967712,-0.013919842429459095,-0.06656226515769958,-0.002356673125177622,-0.00848422572016716,-0.0565095953643322,-0.011877898126840591,0.001765720546245575,0.028239134699106216,-0.015985749661922455,-0.021770739927887917,-0.019768977537751198,0.02074110135436058,-0.07706857472658157,0.012890081852674484,-0.0360579639673233
-0.05286639183759689,0.021965697407722473,-0.002956346608698368,-0.03910725936293602,-0.021292230114340782,-0.010634747333824635,0.0596490316092968,0.07459355145692825,0.020122596994042397,0.034910622984170914,-0.06309602409601212,0.008331402204930782,-0.035115405917167664,0.062240224331617355,-0.03198736533522606,-0.04197008162736893,-0.045292988419532776,-0.057968150824308395,-0.04580383002758026,0.01188547071069479
0.03825587406754494,0.055836696177721024,0.0732583999633789,0.025280900299549103,0.06456701457500458,0.06282468140125275,0.010713922791182995,-0.04728216305375099,0.08969855308532715,0.058123644441366196,-0.06966264545917511,-0.007070912979543209,-0.03200269863009453,-0.051444001495838165,0.06881311535835266,0.09297733753919601,-0.008190508931875229,0.03049355186522007,0.0023692899849265814,-0.005750952288508415
0.03825587406754494,0.055836696177721024,0.0732583999633789,0.025280900299549103,0.06456701457500458,0.06282468140125275,0.010713922791182995,-0.04728216305375099,0.08969855308532715,0.058123644441366196,-0.06966264545917511,-0.007070912979543209,-0.03200269863009453,-0.051444001495838165,0.06881311535835266,0.09297733753919601,-0.008190508931875229,0.03049355186522007,0.0023692899849265814,-0.005750952288508415
-0.0791061595082283,-0.05708245933055878,0.02694191038608551,0.07440062612295151,0.041902538388967514,0.05472227931022644,0.03685421496629715,0.008700461126863956,0.007546970155090094,0.03148221597075462,0.03101137839257717,-0.0691041499376297,-0.05525977537035942,0.02930477075278759,-0.03170319274067879,0.02234477549791336,-0.027179226279258728,0.04998680576682091,0.08341898769140244,-0.03168921172618866
-0.0791061595082283,-0.05708245933055878,0.02694191038608551,0.07440062612295151,0.041902538388967514,0.05472227931022644,0.03685421496629715,0.008700461126863956,0.007546970155090094,0.03148221597075462,0.03101137839257717,-0.0691041499376297,-0.05525977537035942,0.02930477075278759,-0.03170319274067879,0.02234477549791336,-0.027179226279258728,0.04998680576682091,0.08341898769140244,-0.03168921172618866
-0.09326806664466858,-0.03899413347244263,0.06556859612464905,-0.002818411448970437,0.010414563119411469,-0.026050325483083725,-0.0039492459036409855,0.01910364255309105,-0.01739860139787197,0.04431775584816933,-0.08452044427394867,0.02396969310939312,-0.020477255806326866,-0.017861194908618927,-0.012664911337196827,0.003530236193910241,0.006759183946996927,-0.02900419384241104,0.00044540525414049625,-0.034657079726457596
-0.06162036582827568,-0.007450188510119915,0.024413030594587326,-0.05597803741693497,-0.015198400244116783,0.04006374999880791,0.00033690870623104274,0.03192376345396042,0.04997880011796951,-0.07676338404417038,0.008336342871189117,0.0024898622650653124,-0.019130824133753777,0.016929205507040024,-0.047191742807626724,-0.032127395272254944,0.03375856578350067,0.008871244266629219,0.07043100893497467,-0.021924611181020737
-0.06162036582827568,-0.007450188510119915,0.024413030594587326,-0.05597803741693497,-0.015198400244116783,0.04006374999880791,0.00033690870623104274,0.03192376345396042,0.04997880011796951,-0.07676338404417038,0.008336342871189117,0.0024898622650653124,-0.019130824133753777,0.016929205507040024,-0.047191742807626724,-0.032127395272254944,0.03375856578350067,0.008871244266629219,0.07043100893497467,-0.021924611181020737
-0.02318449318408966,0.05947789549827576,0.03974789008498192,0.026822656393051147,0.049091972410678864,-0.01258123479783535,-0.02891603671014309,-0.010257653892040253,0.07333456724882126,-0.05105840787291527,-0.07076041400432587,-0.05594399943947792,-0.017185593023896217,0.037153638899326324,0.02004104107618332,0.042452123016119,0.009519623592495918,-0.06008007004857063,0.04105503484606743,0.03951694443821907
-0.08487412333488464,-0.025848517194390297,0.04578700661659241,0.06229071691632271,0.06867985427379608,0.06570059061050415,0.05235924571752548,0.05978674814105034,0.00785851664841175,0.04326312988996506,0.0366789884865284,0.053866226226091385,0.03999549522995949,-0.005998464301228523,-0.02385012060403824,0.08878902345895767,0.07025014609098434,-0.05444134399294853,0.01574832573533058,0.017626788467168808
0.041393086314201355,0.044894903898239136,0.07047297805547714,-0.023792250081896782,-0.0637226402759552,-0.011823899112641811,0.02318265289068222,0.056285612285137177,0.029345350340008736,-0.04610459879040718,0.01811411790549755,-0.02051529847085476,0.05481228604912758,-0.018962299451231956,0.0029831069987267256,-0.01979829929769039,-0.0022305126767605543,-0.02958635613322258,0.06593887507915497,0.025175724178552628
-0.0686606615781784,-0.04306177794933319,0.04181326925754547,0.018366985023021698,-0.026316963136196136,0.047236572951078415,-0.04150726646184921,0.06001260504126549,-0.01412084512412548,0.028695592656731606,0.003639078000560403,-0.022471798583865166,0.028109129518270493,-0.0564802810549736,-0.025449739769101143,-0.045090388506650925,-0.04028618708252907,-0.029774021357297897,0.09479324519634247,0.03264882043004036
-0.009754203259944916,0.07070886343717575,0.047942984849214554,-0.009395801462233067,0.07019299268722534,0.08347384631633759,-0.04353330656886101,-0.05033836513757706,0.0030898184049874544,-0.031948573887348175,-0.03743254020810127,-0.04317128658294678,-0.053392358124256134,0.06974545866250992,-0.006640448234975338,-0.010910500772297382,0.0542646199464798,-0.03367413580417633,-0.022651055827736855,0.02580714039504528
0.01714417152106762,0.04069221019744873,0.053992241621017456,0.057603150606155396,0.07427679747343063,0.06594417989253998,-0.0004869758558925241,0.06522387266159058,-0.026149887591600418,-0.001489402842707932,-0.018836157396435738,0.026420123875141144,0.009921420365571976,-0.04132672771811485,-0.007698033936321735,0.03700528293848038,0.029186852276325226,0.04729587584733963,0.09070795774459839,-0.04200311005115509
-0.06787765771150589,0.0027676078025251627,0.07217811048030853,-0.013822154141962528,-0.023591984063386917,0.019760768860578537,0.02418198622763157,0.002402528654783964,-0.004357097204774618,-0.02238507568836212,-0.003238573670387268,0.03638395294547081,0.04862849786877632,-0.03185694292187691,-0.04372146725654602,0.08445265889167786,0.0017210044898092747,0.022555798292160034,0.012313822284340858,0.032035909593105316
0.002848687581717968,0.058979421854019165,0.09605760127305984,0.047205857932567596,-0.02615364082157612,-0.025415636599063873,0.05107884109020233,0.015209002420306206,0.09796012192964554,0.0290549173951149,-0.08767528086900711,-0.07213041931390762,-0.01797230914235115,-0.054483551532030106,0.04164508730173111,0.012924251146614552,-0.026721233502030373,-0.0689910501241684,0.027342751622200012,0.048132505267858505
-0.04095640406012535,0.052187737077474594,-0.04425700753927231,-0.03007669560611248,0.05011704936623573,-0.021397309377789497,0.014288606122136116,0.07706736773252487,0.07680882513523102,0.019689682871103287,-0.09934500604867935,-0.053198475390672684,0.06253113597631454,0.06545048952102661,-0.02862958237528801,0.09005358815193176,0.0470019094645977,-0.05022737383842468,0.03856751695275307,0.033203668892383575
-0.020592931658029556,0.014587116427719593,0.05005481094121933,-0.032470934092998505,-0.004493505693972111,0.02136845700442791,0.05849801376461983,-0.026035292074084282,0.02094181813299656,-0.043479468673467636,-0.0018285865662619472,-0.034769512712955475,0.04401431605219841,0.03678330406546593,0.05071844905614853,0.010978622362017632,0.06217712163925171,0.038567643612623215,0.05402252823114395,-0.03691582754254341
0.024794474244117737,-0.017665280029177666,-0.010314969345927238,-0.001920142094604671,0.038977235555648804,-0.0031517944298684597,0.01624155044555664,0.04089057818055153,0.08515984565019608,-0.06050185114145279,0.01032265368849039,-0.04115530848503113,-0.04194702208042145,-0.05224029719829559,-0.055523909628391266,-0.03996143117547035,-0.05531163141131401,-0.011154793202877045,0.032439880073070526,-0.07684095948934555
-0.016145261004567146,0.04038809612393379,-0.045653022825717926,0.06877411901950836,-0.008445115759968758,-0.0009540173341520131,-0.01148545928299427,0.06355506181716919,0.0781542956829071,-0.04650125280022621,0.01566310040652752,0.0556604266166687,-0.025360554456710815,0.05360634624958038,0.053517334163188934,-0.004652631469070911,-0.03172978013753891,0.02043122984468937,0.07590469717979431,-0.06516140699386597
-0.016145261004567146,0.04038809612393379,-0.045653022825717926,0.06877411901950836,-0.008445115759968758,-0.0009540173341520131,-0.01148545928299427,0.06355506181716919,0.0781542956829071,-0.04650125280022621,0.01566310040652752,0.0556604266166687,-0.025360554456710815,0.05360634624958038,0.053517334163188934,-0.004652631469070911,-0.03172978013753891,0.02043122984468937,0.07590469717979431,-0.06516140699386597
-0.028824735432863235,0.016092263162136078,0.0029565251898020506,0.02656184323132038,0.07026426494121552,0.05220760032534599,-0.056381989270448685,0.0012067011557519436,-0.0031296482775360346,0.060378286987543106,-0.06649778038263321,-0.06641251593828201,0.027721744030714035,0.0650680661201477,-0.01908903382718563,0.05767805129289627,-0.07051970064640045,0.02272893488407135,-0.04111000895500183,-0.07107134908437729
-0.005671906750649214,-0.04082935303449631,-0.029143046587705612,0.08173952996730804,-0.023022208362817764,-0.025209583342075348,-0.029116308316588402,-0.059609800577163696,0.08937794715166092,0.06945879757404327,0.006896809209138155,0.0445542186498642,0.06894326955080032,-0.02666112594306469,0.0640367865562439,0.02512115240097046,0.004555668216198683,0.008972172625362873,0.021615490317344666,-0.0016579816583544016
-0.04859267547726631,-0.03809954971075058,-0.007233514916151762,0.06190817803144455,-0.01052091084420681,-0.03761307895183563,-0.030454838648438454,0.06133832782506943,0.020971711724996567,0.06534238904714584,-0.07407823204994202,0.0060324715450406075,-0.03666825219988823,-0.0421527698636055,0.07308379560709,-0.040320903062820435,-0.06906671822071075,0.04773605242371559,0.03509646654129028,-0.034648261964321136
-0.02764824405312538,0.044822219759225845,0.0489509291946888,0.07214165478944778,0.0004158134397584945,0.041477762162685394,0.015119312331080437,-0.05238279327750206,-0.004260147921741009,0.020390331745147705,-0.05558934807777405,-0.06985224038362503,0.008594261482357979,0.06764868646860123,0.03001091443002224,0.0811048075556755,0.007438570726662874,0.013800219632685184,0.024058951064944267,0.04339560866355896
-0.07752469927072525,0.012114274315536022,0.055330656468868256,0.010777492076158524,0.01313655823469162,-0.05194394290447235,0.042259443551301956,0.03781041130423546,0.09644952416419983,-0.03862309083342552,-0.09085347503423691,0.05881921574473381,0.022991832345724106,0.0022049369290471077,-0.06067802757024765,0.01913493126630783,-0.04983215034008026,-0.05510547012090683,0.06871163100004196,0.030673276633024216
0.02291015163064003,-0.021146709099411964,-0.042818859219551086,-0.035942137241363525,-0.000771702267229557,-0.03695068880915642,0.028097255155444145,0.02410498447716236,0.015972137451171875,-0.06361658126115799,-0.018903717398643494,0.03739757463335991,0.0043531679548323154,0.06957773864269257,-0.021611206233501434,0.03316928818821907,0.002797523280605674,-0.022452453151345253,0.06099046394228935,-0.07120444625616074
0.0015516341663897038,0.041258249431848526,-0.03875400871038437,0.025496939197182655,-0.0003745555004570633,-0.06354478001594543,-0.004699249751865864,-0.0036686526145786047,-0.004096491727977991,0.044199686497449875,0.004248735029250383,0.028717918321490288,0.06131855770945549,0.03426022827625275,0.04218590632081032,-0.015145796351134777,0.020517917349934578,0.04780321568250656,-0.009140138514339924,-0.04109520465135574
3.691386882564984e-05,-0.018402352929115295,-0.0113903833553195,0.05673908814787865,-0.03294064849615097,0.08601856231689453,-0.00911764707416296,-0.031778231263160706,0.0017271769465878606,-0.030080189928412437,-0.02879977598786354,-0.0382738895714283,-0.01022683922201395,-0.00019649356545414776,0.027405649423599243,-0.020791325718164444,-0.01704418659210205,-0.0550614558160305,0.07359593361616135,-0.07659385353326797
-0.04223557561635971,-0.06015438959002495,-0.0065733869560062885,0.058497678488492966,-0.06480509042739868,-0.04881398752331734,0.05482204630970955,0.053188323974609375,0.08520927280187607,-0.04886401444673538,-0.1067374125123024,-0.0009929846273735166,-0.0175841823220253,0.0787142664194107,0.01587836816906929,0.03963286057114601,-0.06847760081291199,-0.0007761435699649155,-0.016400976106524467,-0.08488702028989792
0.018788263201713562,-0.011745546013116837,0.08654605597257614,0.06415972113609314,-0.024503685534000397,-0.014791535213589668,-0.04676388204097748,0.06441409140825272,-0.019315477460622787,0.018745189532637596,-0.09426689147949219,-0.07021909207105637,0.06360079348087311,0.029787369072437286,0.019419541582465172,0.07064152508974075,-0.037253525108098984,-0.0018243935192003846,0.02590402029454708,0.05098835006356239
-0.01093667559325695,-0.04809999093413353,0.08329491317272186,0.03614938631653786,-0.06517023593187332,-0.05120209604501724,-0.019950825721025467,0.06605584174394608,-0.008132721297442913,0.017088433727622032,-0.07735192030668259,-0.05440855771303177,-0.007787751965224743,-0.048609547317028046,0.06291902810335159,-0.037401340901851654,-0.04914822056889534,-0.04965994507074356,-0.04803585633635521,0.05121830478310585
-0.07173320651054382,0.05670100450515747,0.0202574972063303,0.02510238252580166,-0.0459350049495697,0.0444304496049881,-0.024268433451652527,0.08149966597557068,0.08031240850687027,0.06018848717212677,-0.08916722238063812,-0.043345920741558075,-0.055034030228853226,-0.03368191421031952,0.019433150067925453,0.07620306313037872,0.005513867828994989,0.020678455010056496,-0.0009817800018936396,0.026869822293519974
-0.03273150697350502,-0.0293115247040987,0.0431583970785141,-0.03875621780753136,-0.05941932275891304,0.010695447213947773,0.015280873514711857,-0.011725482530891895,0.05568549409508705,0.05582160875201225,0.03401945158839226,0.030066614970564842,0.07324983924627304,0.07441992312669754,0.03413304314017296,-0.012787027284502983,0.006572464946657419,-0.011496777646243572,-0.016059869900345802,0.024505989626049995
0.02796308882534504,0.023110825568437576,0.08268093317747116,-0.03388090059161186,-0.06217610463500023,0.0707685574889183,0.056797005236148834,0.0761556550860405,0.07351397722959518,0.05811069533228874,0.036012131720781326,-0.07770269364118576,0.026847127825021744,0.047574400901794434,0.07841717451810837,-0.0003877619747072458,0.008775579743087292,-0.011190072633326054,-0.021154632791876793,-0.05008092150092125
-0.023260528221726418,0.031124915927648544,0.0011722116032615304,0.03356986865401268,0.045324645936489105,-0.05634879320859909,0.021770266816020012,0.07837638258934021,-0.03600827977061272,0.05420508608222008,0.025683043524622917,0.044505853205919266,0.05952233821153641,-0.027090605348348618,0.06768911331892014,-0.029732920229434967,0.06339454650878906,0.05558387562632561,0.04355558380484581,0.03187962993979454
0.0005926138255745173,0.022698799148201942,-0.04970511421561241,0.025548167526721954,-0.06796545535326004,0.0339869000017643,0.06694163382053375,0.027086541056632996,0.10191453993320465,0.026378633454442024,-0.10105741024017334,0.034290265291929245,-0.02326354943215847,0.00215075071901083,0.06113094463944435,-0.002260640263557434,-0.004571736790239811,-0.06806124746799469,0.06453496217727661,-0.017001887783408165
0.024096015840768814,-0.07279713451862335,0.049863897264003754,-0.051536913961172104,-0.010055569000542164,0.04584472253918648,0.0540696457028389,-0.03436209261417389,0.05276959016919136,0.0068135252222418785,0.03584371134638786,-0.03795517981052399,0.06994672864675522,0.07754484564065933,0.030609149485826492,0.05261416360735893,-0.036306772381067276,0.04319944232702255,-0.043787792325019836,0.0024879963602870703
0.031644195318222046,-0.011144488118588924,0.031072525307536125,-0.0583183728158474,-0.036162517964839935,-0.03200194239616394,-0.03570939227938652,-0.04159758985042572,0.05710393935441971,-0.03575172647833824,-0.02578853629529476,0.06124036759138107,0.008182557299733162,-0.024072855710983276,-0.02543962560594082,-0.03604293242096901,0.06038603559136391,0.004453479312360287,0.04358912259340286,0.018090102821588516
0.031644195318222046,-0.011144488118588924,0.031072525307536125,-0.0583183728158474,-0.036162517964839935,-0.03200194239616394,-0.03570939227938652,-0.04159758985042572,0.05710393935441971,-0.03575172647833824,-0.02578853629529476,0.06124036759138107,0.008182557299733162,-0.024072855710983276,-0.02543962560594082,-0.03604293242096901,0.06038603559136391,0.004453479312360287,0.04358912259340286,0.018090102821588516
-0.02069157548248768,-0.05820070207118988,0.005102988798171282,0.07135587930679321,0.00991014577448368,-0.033745165914297104,-0.043345846235752106,-0.007342509925365448,0.08603048324584961,-0.015300743281841278,-0.0009060504380613565,0.018327439203858376,0.004912510048598051,0.01189177855849266,0.039099059998989105,-0.04721042141318321,-0.030357996001839638,0.015269446186721325,0.06969413161277771,0.052636466920375824
-0.046892717480659485,0.0276267658919096,0.07490020245313644,-0.008106403984129429,0.038175392895936966,-0.030129048973321915,-0.011484631337225437,0.04489367455244064,-0.03441517427563667,0.03787215054035187,-0.04195177182555199,-0.05435770004987717,-0.03083552047610283,0.008236631751060486,-0.006393949966877699,0.07343336939811707,-0.06276623904705048,-0.03449145704507828,0.01792038604617119,0.03399314358830452
-0.03820790350437164,-0.06494156271219254,0.08712903410196304,0.06671009212732315,-0.018456216901540756,0.036560896784067154,-0.007812793366611004,0.06140180304646492,0.02865241840481758,0.06405477225780487,-0.07568575441837311,-0.018804755061864853,0.0497431680560112,0.008079515770077705,0.0007890096749179065,-0.018132515251636505,-0.04841354861855507,-0.036566633731126785,0.05931665375828743,-0.03492865338921547
-0.030379727482795715,-0.05647524073719978,0.020743319764733315,0.025261273607611656,-0.06372752040624619,0.07353176176548004,-0.006489983294159174,0.05050449073314667,0.05879204347729683,-0.031241877004504204,0.007025921251624823,0.02232823520898819,-0.04987533017992973,0.06789734959602356,-0.03922022134065628,0.014941581524908543,0.06612195074558258,-0.047558244317770004,0.06423599272966385,-0.037164296954870224
-0.01540455687791109,-0.01128094270825386,0.03643159195780754,-0.019509777426719666,0.06451832503080368,0.017942562699317932,0.011707386933267117,0.08568795025348663,0.09184610843658447,-0.03346574679017067,-0.06659850478172302,-0.00014568990445695817,0.056522268801927567,0.006717368960380554,-0.007981246337294579,0.07588348537683487,0.007289478555321693,0.054074808955192566,0.09252658486366272,-0.034800346940755844
-0.06529916077852249,0.04639925807714462,0.026955215260386467,-0.05875922739505768,0.005503976251929998,-0.017082454636693,0.002841605106368661,0.0143965482711792,-0.009766129776835442,-0.046825867146253586,-0.06439436972141266,-0.06909073144197464,0.003464029636234045,0.0063185784965753555,0.021143486723303795,0.07746497541666031,-0.006893218494951725,-0.03176635876297951,0.07893873751163483,-0.038739778101444244
0.03581917658448219,0.042945414781570435,0.04431883245706558,0.014038866385817528,0.03736409544944763,-0.004369376692920923,-0.0019676219671964645,0.02931947261095047,0.0755290761590004,0.018248379230499268,-0.05379820242524147,-0.02530515566468239,0.03387075290083885,0.047330472618341446,-0.058370791375637054,0.04423162713646889,-0.07536893337965012,-0.01458046492189169,0.08271145820617676,-0.04628060758113861
0.0059861354529857635,-0.042903490364551544,0.08139260113239288,0.06956310570240021,-0.014360535889863968,0.010952343232929707,0.02009142003953457,-0.019651498645544052,0.04671040549874306,0.061144500970840454,0.004025054629892111,-0.008378052152693272,0.011426258832216263,-0.06964641809463501,0.03271813690662384,0.06810097396373749,0.019437478855252266,-0.07856195420026779,0.07223320007324219,0.016245631501078606
-0.0863446593284607,-0.024327710270881653,0.04299389198422432,-0.03933143615722656,0.06764759123325348,0.03766140341758728,0.06354895979166031,0.050111785531044006,0.048884592950344086,0.06927543878555298,-0.028794197365641594,0.038962993770837784,0.05751105025410652,0.027791688218712807,-0.004406467545777559,0.06166413798928261,0.043447282165288925,-0.03979022428393364,0.04816599190235138,0.021127663552761078
0.006397527642548084,0.0462702177464962,-0.022401439025998116,-0.010012856684625149,-0.032862789928913116,0.07024680823087692,-0.021447066217660904,-0.003168195253238082,-0.0003152512654196471,0.06409917026758194,0.011030083522200584,-0.04976492002606392,-0.013484758324921131,-0.022268591448664665,0.022649386897683144,-0.03163398057222366,0.06189394369721413,-0.01050796639174223,0.008757353760302067,-0.02209819108247757
-0.051663998514413834,0.04598938301205635,-0.014593330211937428,0.02143249660730362,0.02401125058531761,0.010679518803954124,-0.007713926490396261,0.0169523935765028,0.07047988474369049,-0.011991797015070915,0.028379427269101143,-0.06304261088371277,0.07009387761354446,-0.014093730598688126,-0.027975106611847878,0.0723239853978157,-0.05535231903195381,-0.03649618476629257,-0.04233073815703392,-0.021354563534259796
0.00875403918325901,0.054038941860198975,0.060618653893470764,0.053943365812301636,0.05195574834942818,-0.057022761553525925,-0.051235321909189224,0.05927827209234238,0.05061303824186325,0.03552911430597305,-0.09240128844976425,-0.01390805933624506,0.04405294731259346,0.054623644798994064,0.042397089302539825,0.0033782885875552893,-0.07109024375677109,-0.040254123508930206,0.011381750926375389,-0.07048206776380539
-0.09377527981996536,0.009317897260189056,0.05729339271783829,0.07762625813484192,0.02137954719364643,0.06725113838911057,-0.0022993991151452065,-0.05037958547472954,0.06116412207484245,-0.06801699101924896,-0.032386116683483124,0.05231861397624016,-0.027113618329167366,0.07248382270336151,0.06279715150594711,0.05757291615009308,-0.0607781857252121,-0.05825776979327202,0.010377014055848122,-0.0554821714758873
-0.04071855917572975,-0.062140196561813354,-0.03958159312605858,-0.04937136918306351,0.023025454953312874,-0.027782462537288666,-0.0739971473813057,0.05906517431139946,0.06903056055307388,-0.05341319367289543,-0.03652641177177429,-0.052655767649412155,-0.04895900562405586,-0.03819747269153595,0.01776079274713993,-0.018395446240901947,-0.01608220860362053,0.0033022966235876083,-0.047917768359184265,-0.012563853524625301
0.006397527642548084,0.0462702177464962,-0.022401439025998116,-0.010012856684625149,-0.032862789928913116,0.07024680823087692,-0.021447066217660904,-0.003168195253238082,-0.0003152512654196471,0.06409917026758194,0.011030083522200584,-0.04976492002606392,-0.013484758324921131,-0.022268591448664665,0.022649386897683144,-0.03163398057222366,0.06189394369721413,-0.01050796639174223,0.008757353760302067,-0.02209819108247757
0.006397527642548084,0.0462702177464962,-0.022401439025998116,-0.010012856684625149,-0.032862789928913116,0.07024680823087692,-0.021447066217660904,-0.003168195253238082,-0.0003152512654196471,0.06409917026758194,0.011030083522200584,-0.04976492002606392,-0.013484758324921131,-0.022268591448664665,0.022649386897683144,-0.03163398057222366,0.06189394369721413,-0.01050796639174223,0.008757353760302067,-0.02209819108247757
-0.09560689330101013,0.009028691798448563,0.07113578170537949,0.07841281592845917,-0.016794832423329353,-0.008800067007541656,-0.05585956200957298,-0.023672884330153465,0.09111455827951431,-0.02162431739270687,-0.10499423742294312,-0.008861751295626163,0.05498918518424034,-0.049863554537296295,0.055860791355371475,0.03140173852443695,0.028580794110894203,-0.009557218290865421,-0.013255394995212555,-0.02787237986922264
-0.09368113428354263,-0.03236743435263634,-0.012414834462106228,0.07290616631507874,-0.03202935680747032,-0.027423962950706482,-0.01481772679835558,-0.050083037465810776,-0.028684867545962334,0.03039839118719101,-0.02647390030324459,0.031633809208869934,0.05568103864789009,-0.06203863397240639,0.01489700935781002,0.04588499292731285,-0.06081652641296387,-0.03923095390200615,0.04493579640984535,-0.049234140664339066
-0.09368113428354263,-0.03236743435263634,-0.012414834462106228,0.07290616631507874,-0.03202935680747032,-0.027423962950706482,-0.01481772679835558,-0.050083037465810776,-0.028684867545962334,0.03039839118719101,-0.02647390030324459,0.031633809208869934,0.05568103864789009,-0.06203863397240639,0.01489700935781002,0.04588499292731285,-0.06081652641296387,-0.03923095390200615,0.04493579640984535,-0.049234140664339066
-0.09182977676391602,-0.015314328484237194,0.08455873280763626,0.08307115733623505,-0.023723773658275604,0.06112423911690712,-0.0555298887193203,0.06169038638472557,0.0353100523352623,-0.041664909571409225,0.01496292743831873,-0.041131988167762756,-0.001516464282758534,0.06111656501889229,-0.04109383001923561,0.016696419566869736,0.025833485648036003,-0.0585101842880249,0.008243377320468426,-0.047859128564596176
-0.07584225386381149,0.021685760468244553,-0.027097931131720543,-0.051652941852808,0.022335203364491463,0.0006855185492895544,-0.05112573504447937,-0.046420153230428696,0.01242668367922306,0.002315289806574583,-0.01764039322733879,-0.048177123069763184,-0.04801020398736,-0.003179696621373296,-0.009329858236014843,0.05078136920928955,-0.001350872335024178,-0.0013751417864114046,0.02287101373076439,0.04051103815436363
-0.02927049808204174,-0.004208371974527836,0.049903564155101776,0.03913005441427231,0.027265554293990135,0.06902723014354706,-0.01522095501422882,-0.014303886331617832,0.08370912075042725,0.050074752420186996,-0.005007500760257244,-0.009482648223638535,0.0794609785079956,-0.03699473291635513,-0.036501944065093994,0.006329445634037256,-0.07175178825855255,-0.00866200402379036,-0.047870948910713196,-0.03445533663034439
-0.022842902690172195,-0.06297013908624649,0.008834400214254856,0.06805581599473953,-0.0011066317092627287,0.05208869278430939,0.04432346299290657,-0.04086444154381752,-0.0009214080637320876,0.05789900943636894,-0.04025645554065704,0.057866036891937256,0.05336841568350792,-0.05940042808651924,0.04712306708097458,0.01563185267150402,-0.029381021857261658,0.039289381355047226,0.09549333900213242,0.05224967747926712
0.022520242258906364,0.06456540524959564,0.01214643381536007,-0.03714117035269737,0.05412369221448898,0.01577138341963291,-0.002174786292016506,0.08391629159450531,-0.025772154331207275,0.026980316266417503,0.01979054883122444,-0.05061846598982811,0.07966328412294388,-0.0392356812953949,-0.01388776395469904,0.07983439415693283,-0.015303841792047024,-0.06267467886209488,0.010929375886917114,0.033781521022319794
0.013066819868981838,-0.05374624952673912,0.006543016992509365,0.059977054595947266,-0.027793435379862785,0.032901227474212646,-0.05174844339489937,-0.005896527320146561,0.05453876778483391,0.04385608434677124,-0.027855316177010536,0.05043653026223183,0.06101610139012337,-0.018829714506864548,-0.038229744881391525,-0.007484135217964649,-0.057774510234594345,0.0271136537194252,-0.05078909918665886,0.003956193570047617
-0.061381541192531586,-0.018469680100679398,0.08094868063926697,0.03745979443192482,0.029137132689356804,0.05635058507323265,0.06448429822921753,0.03412294015288353,0.042078517377376556,-0.0337744876742363,-0.06904419511556625,0.02552315592765808,0.03971648961305618,-0.03566005080938339,-0.01726171374320984,-0.03243708983063698,-0.03419414907693863,-0.004728029947727919,0.05927836522459984,-0.060480885207653046
-0.061381541192531586,-0.018469680100679398,0.08094868063926697,0.03745979443192482,0.029137132689356804,0.05635058507323265,0.06448429822921753,0.03412294015288353,0.042078517377376556,-0.0337744876742363,-0.06904419511556625,0.02552315592765808,0.03971648961305618,-0.03566005080938339,-0.01726171374320984,-0.03243708983063698,-0.03419414907693863,-0.004728029947727919,0.05927836522459984,-0.060480885207653046
-0.0005384228425100446,0.07008970528841019,0.08092162013053894,-0.019354114308953285,0.04767131805419922,-0.057257235050201416,-0.07230529934167862,0.03035866841673851,0.08224378526210785,0.013745739124715328,0.011684553697705269,-0.07378080487251282,0.07212904095649719,-0.003102050395682454,-0.0008953497163020074,0.005450901109725237,-0.0541931577026844,-0.03372525796294212,0.019854458048939705,-0.05607568100094795
-0.0412789024412632,-0.015577403828501701,0.01533663459122181,0.05867074057459831,0.050117507576942444,-0.05459599196910858,-0.005358076188713312,-0.02016173116862774,0.050518911331892014,0.028840279206633568,-0.09065558016300201,0.030831394717097282,0.013421395793557167,-0.06785658001899719,-0.030739931389689445,0.018739711493253708,0.056000180542469025,-0.05203252285718918,-0.048385292291641235,-0.04537082836031914
0.0168469101190567,0.04732716083526611,-0.03648272901773453,0.06847837567329407,-0.044054776430130005,-0.04667013883590698,-0.0005097539979033172,0.0361054427921772,0.09646103531122208,-0.029639223590493202,-0.0873262882232666,0.013484617695212364,-0.04660075157880783,-0.020706113427877426,-0.0430920235812664,0.0749957412481308,-0.07791336625814438,0.0035732241813093424,0.08365605771541595,0.023921169340610504
0.0168469101190567,0.04732716083526611,-0.03648272901773453,0.06847837567329407,-0.044054776430130005,-0.04667013883590698,-0.0005097539979033172,0.0361054427921772,0.09646103531122208,-0.029639223590493202,-0.0873262882232666,0.013484617695212364,-0.04660075157880783,-0.020706113427877426,-0.0430920235812664,0.0749957412481308,-0.07791336625814438,0.0035732241813093424,0.08365605771541595,0.023921169340610504
-0.03067523054778576,-0.07202588021755219,-0.005068133119493723,-0.03450155258178711,0.05176784098148346,0.027298033237457275,-0.04836349934339523,0.08884876221418381,0.08410025388002396,-0.03316749259829521,-0.10147488862276077,-0.030597694218158722,0.06486429274082184,0.0435265451669693,0.034425463527441025,-0.03211415559053421,0.017162270843982697,0.022197503596544266,0.08538244664669037,-0.06417062878608704
-0.05985426530241966,0.04124050214886665,0.001246378174982965,-0.019184421747922897,-0.003354036947712302,0.004827738273888826,0.048070114105939865,-0.051194626837968826,-0.014363115653395653,0.006393472198396921,-0.06975597143173218,0.022381899878382683,-0.021150479093194008,-0.04664139449596405,0.057019855827093124,0.06652229279279709,-0.040864016860723495,0.004302906803786755,0.0713886171579361,-0.026324693113565445
-0.00666730897501111,-0.01640147715806961,0.038612250238657,-0.05723171308636665,-0.0310212392359972,0.05751729756593704,-0.018390119075775146,0.07436277717351913,0.014276844449341297,0.006892867852002382,-0.07610137015581131,0.044210679829120636,0.010879963636398315,-0.06017543748021126,0.026889706030488014,0.08161188662052155,0.0012990128016099334,-0.013039655983448029,-0.03994528949260712,0.051273591816425323
-0.027814844623208046,0.07477854192256927,0.02494051121175289,0.026179460808634758,0.0061330646276474,-0.03801500052213669,0.04873697832226753,0.04880911484360695,-0.027815429493784904,-0.0099126435816288,-0.06735934317111969,0.008850423619151115,0.08113858103752136,-0.049650587141513824,0.07687057554721832,-0.03578871116042137,-0.045156218111515045,-0.01903950609266758,-0.018473738804459572,-0.050372928380966187
-0.0703236535191536,0.050937894731760025,-0.04617263376712799,-0.012757218442857265,-0.034834109246730804,-0.01910257153213024,0.022469904273748398,0.05330636352300644,0.04248390346765518,-0.06844629347324371,-0.09303592145442963,0.05965101718902588,0.06721539050340652,-0.038073524832725525,0.02467227913439274,-0.0049898335710167885,0.040193360298871994,0.03230559080839157,0.07664134353399277,0.042451564222574234
-0.031467556953430176,-0.0017302428605034947,0.02358383499085903,-0.027125220745801926,0.0015144988428801298,0.07742493599653244,0.055121712386608124,0.0424412377178669,0.028385868296027184,0.024736544117331505,-0.09000013023614883,-0.03346192464232445,0.006836398970335722,0.04210215061903,0.0043495697900652885,-0.012284234166145325,-0.0005020577809773386,0.01975276507437229,0.07184948772192001,-0.045026980340480804
-0.03149881958961487,-0.059861887246370316,0.07910474389791489,0.08953589200973511,0.03964011371135712,0.05765400826931,-0.04161275923252106,0.014733923599123955,0.015170769765973091,-0.06452542543411255,0.031667061150074005,-0.06496266275644302,0.048402972519397736,-0.02868860587477684,0.05250326916575432,-0.0408693328499794,0.021402936428785324,-0.0214853398501873,0.06985800713300705,-0.07593908905982971
0.02570103295147419,-0.06971034407615662,-0.04306445270776749,-0.028824012726545334,0.03796856850385666,0.00313822110183537,-0.03818787261843681,-0.04325874149799347,0.054715484380722046,0.050947342067956924,-0.020685194060206413,0.041234105825424194,-0.03368986397981644,0.03643607720732689,0.06509201228618622,0.027119114995002747,-0.05231166258454323,0.02925932966172695,0.05659996345639229,-0.00799313373863697
-0.007147471886128187,-0.05304722487926483,0.028053950518369675,-0.03804578632116318,0.02731986716389656,0.06394607573747635,0.021214839071035385,-0.05205632001161575,0.011551120318472385,0.057983387261629105,-0.04296531900763512,0.06264645606279373,0.03171117231249809,-0.061454806476831436,0.00988498330116272,0.047778427600860596,0.02200738713145256,-0.08476469665765762,-0.01372906006872654,-0.013060447759926319
-0.04475768283009529,0.015358204022049904,0.0724707618355751,-0.047098975628614426,-0.010793116874992847,0.07496683299541473,-0.041375596076250076,0.07030872255563736,0.009073491208255291,0.03005165047943592,-0.09389270842075348,-0.025226110592484474,-0.014555503614246845,0.051229313015937805,0.004023668821901083,-0.027141960337758064,0.0533711239695549,-0.06595252454280853,-0.001501679071225226,-0.07051084190607071
0.04591358080506325,-0.008444568142294884,0.06280668824911118,0.06966236233711243,0.0021859186235815287,-0.016780797392129898,-0.024063728749752045,-0.014400122687220573,-0.02270890772342682,0.013194963335990906,-0.1038450226187706,0.058607518672943115,0.08801516145467758,0.006351364776492119,0.07734813541173935,0.08677574247121811,-0.04451557993888855,-0.06385943293571472,-0.016567060723900795,0.004623949062079191
-0.07031675428152084,-0.04868859425187111,0.04129044711589813,0.057210855185985565,-0.06807249784469604,-0.03956342115998268,-0.0017123143188655376,0.0016535351751372218,0.08497864753007889,0.027898605912923813,0.008404089137911797,-0.005354023538529873,1.666480238782242e-05,0.0039276075549423695,-0.017595237120985985,-0.03777575492858887,-0.011778316460549831,-0.031481921672821045,-0.025919632986187935,-0.058728720992803574
-0.01578461192548275,-0.05355425924062729,0.08283593505620956,-0.05460229143500328,0.012346385046839714,-0.041783060878515244,-0.0006050178781151772,-0.021638814359903336,0.03155854344367981,0.011645383201539516,-0.07748688757419586,0.017800383269786835,0.06441982835531235,-0.027460843324661255,0.0005979962297715247,0.03138405829668045,0.0131163215264678,-0.0579269714653492,0.007535567972809076,-0.009377991780638695
0.020735708996653557,0.0356576070189476,-0.05437123402953148,-0.013952626846730709,0.02247318997979164,-0.05696139484643936,0.023927243426442146,0.05990923196077347,0.09596136957406998,0.04242224618792534,-0.05371544882655144,-0.015007643960416317,-0.004456757102161646,0.00864922720938921,-0.028804756700992584,0.08283885568380356,0.02955126389861107,-0.018227826803922653,-0.03835954889655113,-0.012843510136008263
-0.09351621568202972,0.06640294194221497,-0.02808581106364727,0.01317522581666708,-0.02561427466571331,0.07127203792333603,-0.04556231573224068,-0.008237055502831936,0.011049010790884495,0.009168585762381554,-0.0465967059135437,-0.06620404869318008,0.04149055853486061,-0.021810436621308327,-0.06519679725170135,0.014992023818194866,0.0030403516720980406,-0.014000057242810726,0.08909973502159119,0.03997807949781418
-0.04999030753970146,-0.01797926425933838,-0.04354344680905342,0.002796388231217861,0.05710361525416374,-0.05158599838614464,0.028466790914535522,0.07136658579111099,0.09822958707809448,-0.02097943238914013,-0.08814655244350433,-0.07193267345428467,-0.048756733536720276,0.06627591699361801,0.05946626141667366,0.0032060269732028246,0.04210984334349632,-0.05137591436505318,0.01851971633732319,0.05690072476863861
-0.0931314155459404,0.03932306915521622,-0.01737211085855961,0.06152372807264328,0.04319927096366882,-0.052274707704782486,-0.00032449536956846714,-0.0300765223801136,0.08181323111057281,0.06369621306657791,-0.09083393216133118,-0.0037997588515281677,0.04525240138173103,0.005873202346265316,0.06267217546701431,0.06781661510467529,0.01330928597599268,0.046795692294836044,0.010458062402904034,-0.07267110794782639
-0.05236395075917244,-0.05837199091911316,0.03732101619243622,0.06748005747795105,0.06364418566226959,0.032014086842536926,-0.07467824965715408,-0.016404306516051292,0.010383998975157738,0.01887415163218975,-0.006708774250000715,-0.02394241839647293,-0.02273731678724289,0.03725089505314827,0.06888508796691895,0.05141496658325195,0.006980451755225658,0.018434738740324974,0.04898840934038162,-0.017261240631341934
-0.0012510501546785235,0.026180557906627655,-0.046460557729005814,0.06227781996130943,-0.03199748322367668,0.0434906929731369,0.0008698882884345949,0.010171893052756786,-0.028092699125409126,0.027076032012701035,-0.040887825191020966,0.060357287526130676,-0.026813920587301254,0.07257914543151855,-0.020182635635137558,0.04906803369522095,0.06328360736370087,0.0009802889544516802,0.04193288832902908,0.057457685470581055
-0.015967298299074173,-0.006793615873903036,0.06385841220617294,0.0700087919831276,0.009998556226491928,0.015053711831569672,0.028383875265717506,-0.010973419062793255,0.06630099564790726,-0.016934843733906746,-0.06859004497528076,-0.06058211997151375,-0.05544816330075264,-0.011559086851775646,0.07023900747299194,0.04176962003111839,0.04524051025509834,0.014815066009759903,0.026136787608265877,-0.036691613495349884
-0.02972138486802578,0.01848137378692627,0.051310695707798004,-0.04125922918319702,0.049857135862112045,0.013641154393553734,-0.0017957185627892613,0.013547046110033989,0.07882333546876907,0.005603122990578413,-0.07602885365486145,-0.06646349281072617,-0.013901865109801292,0.016147306188941002,0.012897126376628876,-0.0187977384775877,0.036394152790308,-0.024979371577501297,-0.014546153135597706,-0.019681226462125778
0.017038950696587563,-0.01829518750309944,-0.014682799577713013,-0.01669272594153881,0.0500866174697876,0.06397228688001633,-0.011534214951097965,0.058004431426525116,0.016133779659867287,0.022348597645759583,0.02904813177883625,-0.006342531181871891,-0.03673902153968811,-0.05901241675019264,0.017573827877640724,0.027933305129408836,0.0067986054345965385,-0.07701610773801804,0.08862065523862839,-0.03449063003063202
-0.02100713737308979,0.06473927199840546,-0.03224663436412811,0.06360869109630585,0.07089892774820328,0.028249438852071762,-0.03220479190349579,0.05022895336151123,-0.03293803334236145,-0.04152264446020126,-0.055928684771060944,-0.0684913843870163,-0.004977916367352009,7.141639798646793e-05,-0.05191023647785187,0.042952876538038254,-0.018304161727428436,0.05575833097100258,0.030519038438796997,-0.038538169115781784
0.03932610899209976,0.061059463769197464,0.07924523949623108,-0.011658157221972942,0.04248917102813721,-0.06541881710290909,-0.05173567682504654,-0.0022530530113726854,-0.018776871263980865,-0.07255890220403671,-0.09607185423374176,-0.04077928513288498,0.017453305423259735,0.07024727016687393,0.0033306963741779327,0.0022508774418383837,-0.013866727240383625,0.06260558217763901,0.001460114261135459,-0.06191075220704079
-0.03219898045063019,-0.051760654896497726,0.05253692343831062,0.030884025618433952,0.05034506693482399,0.007419735658913851,-0.008634015917778015,0.020813386887311935,0.0377156138420105,0.0564359687268734,-0.06096493452787399,0.0638267919421196,0.008251655846834183,0.06563828885555267,-0.060540709644556046,0.08834955841302872,0.053955186158418655,-0.04382244870066643,0.02938741445541382,-0.05408859997987747
-0.06976832449436188,0.0337778776884079,-0.03599677234888077,-0.054953187704086304,0.021812064573168755,0.057463888078927994,0.05379755422472954,0.07154563814401627,0.09681711345911026,-0.02373139187693596,-0.011126058176159859,-0.03021632321178913,0.000890936644282192,-0.06354139000177383,0.0010390219977125525,0.0327298529446125,-0.019332310184836388,0.004844305571168661,-0.023031622171401978,-0.0022233007475733757
0.00797117780894041,0.0541289858520031,0.025538044050335884,0.012693180702626705,0.056910064071416855,0.023827116936445236,-0.019437381997704506,-0.05007603019475937,-0.0219977218657732,0.006912441924214363,-0.08036288619041443,0.06698804348707199,0.04788060113787651,-0.05262046307325363,0.05979621410369873,-0.031911417841911316,0.03408481180667877,-0.0007836815202608705,0.025486690923571587,-0.07003840059041977
0.022807950153946877,-0.029575945809483528,-0.0186008233577013,0.062370914965867996,0.06925499439239502,0.04816137254238129,-0.022825976833701134,0.05719277635216713,0.009071840904653072,-0.009797298349440098,-0.06962921470403671,-0.03385704755783081,0.06812033802270889,0.06002867594361305,-0.016108164563775063,-0.012831037864089012,-0.04354328662157059,-0.010742496699094772,0.0271216481924057,-0.050921618938446045
-0.023457376286387444,0.061200082302093506,-0.03724556788802147,0.07877949625253677,-0.019755452871322632,-0.06267360597848892,-0.02080102637410164,0.08339135348796844,0.017054304480552673,-0.07344423234462738,0.01863020472228527,-0.07083030045032501,0.030656617134809494,0.04579368978738785,0.010552219115197659,0.054058738052845,0.0037633217871189117,-0.07180306315422058,-0.021952548995614052,0.0022100741043686867
-0.023457376286387444,0.061200082302093506,-0.03724556788802147,0.07877949625253677,-0.019755452871322632,-0.06267360597848892,-0.02080102637410164,0.08339135348796844,0.017054304480552673,-0.07344423234462738,0.01863020472228527,-0.07083030045032501,0.030656617134809494,0.04579368978738785,0.010552219115197659,0.054058738052845,0.0037633217871189117,-0.07180306315422058,-0.021952548995614052,0.0022100741043686867
-0.023457376286387444,0.061200082302093506,-0.03724556788802147,0.07877949625253677,-0.019755452871322632,-0.06267360597848892,-0.02080102637410164,0.08339135348796844,0.017054304480552673,-0.07344423234462738,0.01863020472228527,-0.07083030045032501,0.030656617134809494,0.04579368978738785,0.010552219115197659,0.054058738052845,0.0037633217871189117,-0.07180306315422058,-0.021952548995614052,0.0022100741043686867
-0.023457376286387444,0.061200082302093506,-0.03724556788802147,0.07877949625253677,-0.019755452871322632,-0.06267360597848892,-0.02080102637410164,0.08339135348796844,0.017054304480552673,-0.07344423234462738,0.01863020472228527,-0.07083030045032501,0.030656617134809494,0.04579368978738785,0.010552219115197659,0.054058738052845,0.0037633217871189117,-0.07180306315422058,-0.021952548995614052,0.0022100741043686867
-0.050739504396915436,0.0071118236519396305,0.015572511591017246,-0.008949455805122852,0.06546180695295334,0.019444327801465988,0.031876735389232635,0.052572883665561676,0.04721967875957489,-0.07319308817386627,-0.028381753712892532,-0.030231529846787453,-0.02138984017074108,0.013072177767753601,0.01272387895733118,0.033942610025405884,0.01678069867193699,0.05525977164506912,0.07371843606233597,0.018903005868196487
0.04536587744951248,-0.04209369793534279,0.06925016641616821,0.06718102842569351,0.02017008326947689,0.07828942686319351,-0.03923225402832031,0.07862959057092667,0.09333086758852005,-0.02038782276213169,-0.02564956806600094,0.020890304818749428,0.0550452396273613,0.012453683651983738,-0.059530600905418396,0.07366784662008286,-0.031024375930428505,-0.011037049815058708,-0.001705087604932487,-0.08253469318151474
-0.028948063030838966,0.01858668215572834,0.03701929375529289,0.06140592321753502,0.019292782992124557,-0.05735471099615097,-0.0042219506576657295,-0.01384659856557846,0.0961112231016159,-0.052311696112155914,-0.06399495154619217,0.04471229016780853,-0.03146910294890404,-0.012448002584278584,-0.048270948231220245,-0.021236469969153404,0.001964435214176774,0.043141718953847885,-0.0048128580674529076,0.007037338335067034
-0.00027133338153362274,0.04516860097646713,0.01322554424405098,-0.0025768664199858904,0.018850399181246758,0.05373724550008774,-0.0222658459097147,0.04261929541826248,0.030546922236680984,0.021228021010756493,-0.044172193855047226,0.019524192437529564,-0.04121259227395058,0.051240988075733185,0.0385766364634037,0.02825809083878994,0.0180277768522501,0.022398369386792183,0.05616169795393944,-0.009341469965875149
0.029893165454268456,0.0594288632273674,0.03511165454983711,0.01897229254245758,-0.0007073793094605207,-0.04155731946229935,-0.003746806178241968,-0.014924059621989727,-0.035336147993803024,0.014978459104895592,-0.032034557312726974,-0.011634409427642822,-0.038823485374450684,-0.012582709081470966,-0.03946340084075928,0.05601589381694794,0.028825154528021812,-0.0311752799898386,0.02961817942559719,-0.059229105710983276
0.0335107296705246,0.06359975785017014,0.04209296032786369,0.04492957144975662,-0.0399131141602993,0.07056305557489395,-0.058715689927339554,-0.025452282279729843,0.10255979746580124,0.05121241882443428,-0.007500368636101484,-0.019350958988070488,-0.01240925956517458,-0.04190192371606827,0.023689618334174156,0.0600532703101635,-0.05727006494998932,-0.06520199030637741,0.054006729274988174,-0.012455085292458534
-0.05681629106402397,0.017713412642478943,-0.038977108895778656,0.007309375796467066,-0.04606407880783081,0.08934943377971649,-0.04383012279868126,0.05879119411110878,-0.03241553157567978,-0.06452284753322601,-0.004599040374159813,-0.009368558414280415,0.05742465332150459,0.05668766051530838,0.0705987885594368,-0.02307339943945408,0.007506624795496464,0.006965071428567171,0.04716087877750397,0.03061983734369278
-0.01896991766989231,-0.06836645305156708,0.06025077402591705,0.02764991670846939,-0.03165820613503456,0.044066835194826126,-0.00998458918184042,0.06596590578556061,0.10180572420358658,0.0006024746689945459,-0.007995769381523132,0.04014210402965546,-0.03178274631500244,-0.06162944808602333,0.05955559015274048,0.07983862608671188,-0.010522469878196716,-0.053776342421770096,0.07045209407806396,-0.06663160026073456
-0.01896991766989231,-0.06836645305156708,0.06025077402591705,0.02764991670846939,-0.03165820613503456,0.044066835194826126,-0.00998458918184042,0.06596590578556061,0.10180572420358658,0.0006024746689945459,-0.007995769381523132,0.04014210402965546,-0.03178274631500244,-0.06162944808602333,0.05955559015274048,0.07983862608671188,-0.010522469878196716,-0.053776342421770096,0.07045209407806396,-0.06663160026073456
0.007102706003934145,0.06922854483127594,0.01919884979724884,-0.01772381365299225,0.007394243031740189,0.0021459939889609814,-0.025717630982398987,0.0338522270321846,-0.0015436832327395678,-0.06265946477651596,0.03943941742181778,0.015729714184999466,-0.04888676106929779,0.0027653155848383904,0.06647419184446335,-0.02606162801384926,0.06501936167478561,-0.003973241429775953,0.04085909202694893,-0.05748310312628746
0.015416220761835575,-0.009023969061672688,0.02682708390057087,0.027015162631869316,-0.029204953461885452,-0.018291888758540154,0.04127581790089607,-0.0072304196655750275,0.06036240980029106,-0.05102520436048508,0.032006993889808655,0.05081890895962715,0.02425476908683777,0.04613100737333298,-0.01482436340302229,0.05604815483093262,-0.031873930245637894,-0.060247983783483505,-0.038678426295518875,-0.02094610035419464
-0.029415296390652657,-0.009904606267809868,0.0063020698726177216,0.0565304234623909,-0.012330539524555206,0.08511976152658463,-0.0020412832964211702,0.011503349989652634,-0.0360163077712059,0.04006129130721092,-0.02436228282749653,-0.037616562098264694,-0.018007514998316765,0.006195310037583113,0.07752609252929688,0.010856240056455135,0.01201600395143032,0.04451305419206619,0.037565678358078,-0.041582394391298294
-0.004595508333295584,-0.06376830488443375,0.008075756952166557,0.01978429965674877,-0.041134171187877655,0.042923443019390106,0.016838837414979935,0.06319611519575119,-0.020798666402697563,0.05244234576821327,-0.05297768861055374,-0.05750252678990364,0.04272086173295975,0.01642506755888462,-0.019406992942094803,0.024566510692238808,0.052568428218364716,-0.049754709005355835,0.007936826907098293,-0.058841511607170105
-0.06928389519453049,0.02856319211423397,0.02142813429236412,-0.01842016912996769,0.052702829241752625,-0.052468813955783844,0.015125401318073273,0.007826163433492184,0.007269798777997494,0.044156961143016815,-0.03856474533677101,-0.0177324041724205,0.03340313211083412,-0.0609295479953289,-0.03930095583200455,-0.029963893815875053,-0.04991231486201286,-0.0040780967101454735,0.056723643094301224,-0.020379923284053802
-0.012106101028621197,0.036235541105270386,0.0521085262298584,-0.039536330848932266,0.0308231208473444,0.0543644055724144,0.056448522955179214,0.07024737447500229,0.08812398463487625,0.05133260414004326,0.008617506362497807,0.04287315905094147,-0.04165928065776825,-0.010682959109544754,0.0009740288369357586,0.0605328269302845,0.013079727068543434,-0.05827591195702553,0.06445692479610443,0.039426419883966446
-0.03344373032450676,0.052396416664123535,-0.014001590199768543,0.06450308114290237,-0.05889317765831947,0.0687827616930008,-0.02516993135213852,-0.0014650507364422083,0.014966417104005814,-0.008740953169763088,-0.08216189593076706,-0.03582070767879486,0.04155338555574417,0.07402537763118744,0.04586466774344444,0.06803715229034424,0.02983998693525791,-0.048789624124765396,0.024328788742423058,-0.051772840321063995
-0.03136593475937843,-0.03126639500260353,0.009775068610906601,0.0754627212882042,-0.018074266612529755,-0.03900536522269249,-0.0005158150452189147,0.05820441618561745,0.0834527239203453,-0.010558257810771465,-0.08719885349273682,0.06269842386245728,0.05863647162914276,-0.045287929475307465,0.017079824581742287,-0.016515562310814857,-0.004482568707317114,0.01923387125134468,0.08317535370588303,-0.007143429946154356
-0.019550777971744537,0.06281847506761551,0.06304796040058136,-0.04704409837722778,0.0362711139023304,0.022956769913434982,0.027937741950154305,0.07258724421262741,0.026303471997380257,0.03822655603289604,-0.06167183816432953,0.010516193695366383,-0.010306179523468018,-0.02495197020471096,-0.07263419777154922,0.0009075065026991069,-0.0521879568696022,-0.028543179854750633,0.03603168949484825,0.02511117048561573
0.025610581040382385,0.058599136769771576,0.00036825990537181497,0.07430222630500793,-0.07408881187438965,-0.055090274661779404,-0.062044110149145126,-0.014136689715087414,0.07307936996221542,0.03202908858656883,-0.05187001824378967,0.035056114196777344,0.012776799499988556,0.05645174905657768,-0.02911853976547718,0.05447724834084511,0.01263768132776022,0.04659577086567879,-0.024360721930861473,-0.07395254075527191
-0.022778980433940887,-0.05621417239308357,0.04236442223191261,0.07926883548498154,-0.0028433839324861765,0.031232289969921112,0.06470318138599396,-0.02929631434381008,0.08612009137868881,-0.01896144077181816,-0.006511935964226723,0.03165879100561142,-0.03209865838289261,-0.04734715819358826,0.016387443989515305,0.09101144969463348,-0.021391762420535088,-0.04764054715633392,0.02344382181763649,0.03635050728917122
-0.06129119172692299,-0.03584584593772888,0.053329288959503174,-0.037436168640851974,0.03428320586681366,-0.02993544191122055,-0.06932302564382553,0.06317035853862762,0.07514093816280365,-0.007362595293670893,0.026974236592650414,-0.05865688621997833,0.02102860063314438,0.02151951566338539,-0.02621828392148018,0.07814761996269226,0.014501428231596947,-0.07140898704528809,0.08024987578392029,0.03659941256046295
-0.0938272476196289,-0.06413058191537857,0.04222511127591133,-0.008833736181259155,0.03274455666542053,-0.022664133459329605,-0.0269048772752285,-0.016874676570296288,0.08699565380811691,-0.0232156403362751,-0.037267714738845825,-0.025197573006153107,0.047534868121147156,0.025881987065076828,-0.01641063392162323,0.047719020396471024,0.06005978584289551,-0.02329847402870655,0.07384773343801498,0.0063772848807275295
-0.0938272476196289,-0.06413058191537857,0.04222511127591133,-0.008833736181259155,0.03274455666542053,-0.022664133459329605,-0.0269048772752285,-0.016874676570296288,0.08699565380811691,-0.0232156403362751,-0.037267714738845825,-0.025197573006153107,0.047534868121147156,0.025881987065076828,-0.01641063392162323,0.047719020396471024,0.06005978584289551,-0.02329847402870655,0.07384773343801498,0.0063772848807275295
0.04196484386920929,-0.008671843446791172,0.040402911603450775,-0.03380940854549408,-0.025787921622395515,0.07431115210056305,-0.05620922893285751,0.05061748996376991,0.0026674126274883747,0.03855389356613159,-0.09008771926164627,0.014928204007446766,-0.039665620774030685,-0.008550633676350117,-0.035642094910144806,0.04066053032875061,0.030625225976109505,-0.01451877597719431,-0.0039644320495426655,-0.019979609176516533
0.0014209888176992536,0.05646137148141861,-0.01711251400411129,0.042582232505083084,-0.05014778673648834,0.01844394952058792,-0.02866581454873085,0.03838643059134483,-0.039493661373853683,-0.06643032282590866,-0.09358632564544678,-0.04747256264090538,0.062888503074646,0.022392578423023224,0.013066858053207397,0.07516159117221832,0.050707828253507614,0.05903918668627739,-0.021022848784923553,0.03761172294616699
-0.0065382374450564384,0.0785878598690033,0.015739625319838524,-0.03304830566048622,0.018159113824367523,0.057130731642246246,0.014628451317548752,0.06395731121301651,0.02062031999230385,0.03615284338593483,-0.025526175275444984,-0.0491548553109169,-0.025292737409472466,0.049612775444984436,0.0735824853181839,0.06273560971021652,0.010494573041796684,0.021578948944807053,0.014828404411673546,0.028441471979022026
-0.0970291793346405,-0.017826473340392113,-0.02006598934531212,0.010528945364058018,-0.07157298922538757,0.07903067022562027,-0.05525181069970131,-0.02266291156411171,0.08447910845279694,0.010973974131047726,0.03793707489967346,-0.05275118350982666,0.00427341740578413,0.05575795844197273,-0.02421792410314083,0.016124719753861427,-0.02610745094716549,0.04147854819893837,-0.023430192843079567,0.0010161083191633224
-0.09424591064453125,-0.0037061376497149467,-0.016228988766670227,0.02060585469007492,-0.016623590141534805,0.01404079981148243,-0.06663694977760315,0.01575160212814808,0.03284845128655434,-0.03038174659013748,-0.043711259961128235,-0.0730966180562973,-0.0030980000738054514,0.022586409002542496,0.04021187499165535,0.06543251127004623,-0.06962670385837555,-0.060165002942085266,0.08383718132972717,0.008262557908892632
-0.06878411024808884,-0.059670377522706985,0.08212453871965408,-0.036325838416814804,0.03497270122170448,-0.04972408339381218,0.0555218942463398,-0.04919718578457832,0.01885179989039898,0.05727485939860344,-0.08765720576047897,-0.07674137502908707,-0.04960894212126732,-0.05484309792518616,-0.0053186239674687386,0.0468364916741848,-0.02649209089577198,-0.02963719330728054,0.04847651720046997,-0.06624071300029755
-0.024198153987526894,0.04677751660346985,0.01585359498858452,0.04199237748980522,-0.04157121106982231,0.04990716278553009,-0.026425063610076904,-0.052055902779102325,0.08533892035484314,-0.009856062941253185,-0.10727231949567795,0.007319067604839802,0.015517865307629108,0.029480794444680214,0.05401668697595596,0.047248467803001404,0.009218640625476837,0.054793212562799454,-0.01955677568912506,0.02597315050661564
-0.042469609528779984,-0.039067961275577545,0.07563042640686035,0.05243426933884621,0.05317279323935509,0.0562288798391819,-0.05990016832947731,-0.012074360623955727,0.05979205667972565,-0.02757042646408081,-0.01698824018239975,0.0025150333531200886,-0.05167946591973305,0.021241100504994392,-0.015921656042337418,0.015244849026203156,0.06754285097122192,-0.044728707522153854,0.031054725870490074,-0.04680965840816498
0.01566421613097191,-0.05582321807742119,0.04360978677868843,-0.0367029570043087,-0.05667325481772423,0.031475264579057693,0.04156152904033661,0.02946300432085991,0.06096920371055603,0.02904576063156128,-0.10246054083108902,-0.005892431829124689,0.036957234144210815,0.008374545723199844,-0.018655814230442047,-0.023542841896414757,0.01840445213019848,-0.049537427723407745,0.06879100203514099,-0.05976952984929085
0.010482434183359146,-0.012904618866741657,0.06151328980922699,0.05930156633257866,-0.042255401611328125,0.050083670765161514,-0.031370796263217926,-0.05128369480371475,0.00491136172786355,0.024340571835637093,-0.03869807720184326,-0.0022063017822802067,-0.04608452692627907,0.006065700203180313,-0.004950485657900572,-0.0030640107579529285,0.013903370127081871,-0.035359937697649,-0.012175110168755054,-0.004245045594871044
-0.030904054641723633,0.018830811604857445,0.020770195871591568,-0.04867970570921898,0.0335388146340847,-0.038553785532712936,-0.07171273231506348,-0.04564216360449791,0.05466145649552345,-0.0164652056992054,0.009480797685682774,-0.0031925758812576532,-0.03293575718998909,0.003487075911834836,0.05786869674921036,0.09120817482471466,-0.02175498940050602,0.05539228394627571,-0.010997428558766842,0.04116810858249664
0.018735215067863464,-0.013943859376013279,0.0028987815603613853,0.04121684283018112,-0.03379416838288307,0.06959318369626999,0.06161055341362953,-0.014243927784264088,-0.017284637317061424,-0.040936678647994995,0.015909332782030106,0.01471553836017847,0.05006814002990723,0.0055742147378623486,0.04033631458878517,0.07139281928539276,-0.035211313515901566,-0.03648572787642479,-0.02022610232234001,-0.05797016993165016
0.02793395332992077,0.024857178330421448,0.013903971761465073,-0.028869302943348885,0.024501880630850792,0.04453945904970169,0.017400674521923065,0.06612972915172577,0.0756259486079216,-0.011779949069023132,-0.09626054018735886,-0.0013373877154663205,0.06627097725868225,0.0833166241645813,0.01486936304718256,0.05325068160891533,-0.004583836067467928,-0.06809696555137634,-0.01727684773504734,-0.00583233404904604
-0.013044483959674835,0.02063813991844654,-0.04092640057206154,0.0027355917263776064,-0.014853566884994507,0.0399792343378067,0.014381865039467812,0.05571553483605385,0.030393166467547417,-0.02702893316745758,0.025026094168424606,0.05292205885052681,0.03755767643451691,0.0526905283331871,-0.027736417949199677,0.07510724663734436,-0.05124759301543236,-0.0024946194607764482,0.029165340587496758,0.010380276478827
-0.04601969197392464,-0.0025843007024377584,0.054755453020334244,-0.026287423446774483,0.013234848156571388,0.0739387646317482,-0.02251812443137169,0.0780477449297905,0.07343841344118118,-0.03385058045387268,-0.05032315105199814,-0.0030845084693282843,-0.017541872337460518,0.07406438887119293,0.005972275976091623,0.057375043630599976,0.0049649509601294994,-0.04672743380069733,-0.04516104236245155,0.023480018600821495
-0.036340996623039246,0.005170795600861311,-0.040285624563694,0.004709841217845678,-0.016620008274912834,0.0017983537400141358,-0.004748501814901829,0.01611817255616188,-0.018084561452269554,-0.017695019021630287,-0.06421695649623871,-0.057438191026449203,0.026659371331334114,-0.02483314834535122,0.01928008161485195,-0.00932071078568697,-0.05998238921165466,-0.019619520753622055,0.05381644144654274,0.05303487181663513
-0.031611643731594086,-0.06097576767206192,-0.045522451400756836,-0.0595354326069355,-0.02412400394678116,-0.0012019732967019081,-0.011789299547672272,0.007701526861637831,-0.01764000952243805,-0.026719676330685616,-0.0873413234949112,-0.05434044450521469,0.0674566775560379,0.0319259949028492,0.06624183803796768,0.05786282196640968,-0.0345870703458786,0.025863274931907654,0.07179849594831467,0.016323544085025787
0.007097694557160139,0.06527358293533325,0.03690541535615921,-0.04367813095450401,-0.00480664661154151,0.057881589978933334,0.011899888515472412,-0.019122356548905373,0.10791610181331635,0.0358365960419178,-0.030970778316259384,0.006270225625485182,0.04071870073676109,-0.05034039914608002,0.07100629806518555,-0.012980102561414242,-0.06680856645107269,-0.00850006565451622,-0.030767636373639107,0.003881077514961362
-0.05448012799024582,0.02675461769104004,-0.002042632782831788,0.056434936821460724,-0.00767540093511343,-0.06169653311371803,0.05088842660188675,0.01668383553624153,0.09380830079317093,-0.06874310970306396,-0.01669413223862648,-0.028187831863760948,0.07533539086580276,0.01779288798570633,-0.00830771867185831,0.06862165778875351,-0.0522754080593586,0.045581355690956116,-0.00382896582596004,-0.06031463295221329
-0.07287409156560898,-0.05910726264119148,0.04989749938249588,0.03442802652716637,0.07020466029644012,0.04055599123239517,0.007015059236437082,-0.03977946937084198,0.0024669193662703037,0.03880579397082329,0.04715481400489807,-0.05994340777397156,0.060037270188331604,0.00044460457866080105,-0.02203051559627056,0.01489392202347517,0.009000333957374096,0.04616609588265419,0.06475891172885895,-0.05853623151779175
-0.04353757202625275,0.05241150036454201,-0.050857704132795334,-0.03227788582444191,0.022558240219950676,-0.0377347469329834,0.05593765527009964,-0.0379229299724102,0.06844893842935562,-0.01883837953209877,-0.08690764009952545,0.009010089561343193,-0.03441588208079338,-0.06297049671411514,0.056248560547828674,0.04290438070893288,0.033424802124500275,0.0386103019118309,0.056931521743535995,-0.024670468643307686
-0.06844380497932434,-0.0005257882294245064,0.06612415611743927,0.019498443230986595,0.030767882242798805,-0.050084542483091354,-0.04362333193421364,-0.03427857160568237,-0.006803061347454786,-0.0026965131983160973,0.0022486557718366385,-0.002923340303823352,0.005185450427234173,0.054963186383247375,-0.06018298491835594,0.002939503639936447,-0.06435529887676239,0.03915700316429138,-0.002955913543701172,-0.021470239385962486
-0.09410040080547333,-0.023624002933502197,0.07637534290552139,-0.03473183512687683,0.00877103116363287,0.005886478815227747,-0.006102589424699545,0.055635616183280945,0.00815222505480051,-0.042229168117046356,-0.03550727665424347,-0.05263684689998627,0.08166743069887161,-0.008071037009358406,0.04935663565993309,-0.03986622393131256,-0.0003352271451149136,-0.030186409130692482,-0.009852840565145016,0.015121037140488625
-0.06337039172649384,0.04082940146327019,-0.04017076641321182,0.028258994221687317,-0.04682827368378639,0.05702528730034828,-0.034975361078977585,-0.015462370589375496,-0.010022614151239395,0.030652040615677834,-0.08451822400093079,0.02799653820693493,0.07589659839868546,-0.0620199479162693,0.07381571829319,0.07957016676664352,-0.0038446029648184776,-0.0745224803686142,0.06323196738958359,0.056272346526384354
-0.06712228804826736,-0.02451471798121929,0.01747189089655876,-0.06174614280462265,0.040671903640031815,-0.04182704910635948,-0.021854830905795097,0.04181058704853058,0.04178907349705696,-0.02005758322775364,-0.07278100401163101,-0.057943083345890045,0.010371322743594646,-0.06226501986384392,0.05290629342198372,0.013891756534576416,-0.02226978912949562,0.05128460004925728,0.08285476267337799,-0.024910060688853264
-0.06712228804826736,-0.02451471798121929,0.01747189089655876,-0.06174614280462265,0.040671903640031815,-0.04182704910635948,-0.021854830905795097,0.04181058704853058,0.04178907349705696,-0.02005758322775364,-0.07278100401163101,-0.057943083345890045,0.010371322743594646,-0.06226501986384392,0.05290629342198372,0.013891756534576416,-0.02226978912949562,0.05128460004925728,0.08285476267337799,-0.024910060688853264
-0.09893897920846939,0.028550267219543457,-0.014283472672104836,0.06944526731967926,0.06113782525062561,0.051668617874383926,-0.025186315178871155,-0.042003288865089417,0.09422115236520767,0.052494581788778305,-0.09230577200651169,0.04276500269770622,-0.008267076686024666,-0.008561364375054836,0.010413826443254948,0.031412623822689056,-0.060549911111593246,-0.0813973918557167,0.06876949965953827,-0.07179735600948334
-0.06712228804826736,-0.02451471798121929,0.01747189089655876,-0.06174614280462265,0.040671903640031815,-0.04182704910635948,-0.021854830905795097,0.04181058704853058,0.04178907349705696,-0.02005758322775364,-0.07278100401163101,-0.057943083345890045,0.010371322743594646,-0.06226501986384392,0.05290629342198372,0.013891756534576416,-0.02226978912949562,0.05128460004925728,0.08285476267337799,-0.024910060688853264
0.01712758094072342,0.01980382390320301,0.07138216495513916,0.018768176436424255,0.05469483882188797,0.070856012403965,-0.0008326080278493464,0.05413341894745827,0.08505109697580338,-0.05363456904888153,-0.02041386440396309,-0.003018791787326336,0.040445175021886826,0.028206465765833855,-0.0557066984474659,-0.039899155497550964,0.05551420897245407,0.04565002769231796,0.053678013384342194,0.026293717324733734
-0.046793580055236816,-0.04060634598135948,-0.01462122518569231,0.0574258491396904,0.01806551031768322,0.00026698835426941514,-0.05980786681175232,-0.00024801233666948974,-0.03287852182984352,-0.011492019519209862,0.02451203763484955,0.05363199859857559,-0.0008546486496925354,-0.04016605019569397,-0.046100880950689316,0.038330964744091034,0.06010235846042633,-0.04147857800126076,0.07520567625761032,0.046025246381759644
-0.011977218091487885,-0.04457774758338928,-0.030412614345550537,0.06302090734243393,0.0637480691075325,0.06930190324783325,0.0487644337117672,-0.041992105543613434,0.0189812108874321,0.022909263148903847,0.012010540813207626,0.006794176995754242,-0.05022386088967323,-0.00579549465328455,0.008289312943816185,-0.006501768250018358,-0.024335544556379318,-0.07079974561929703,0.025084173306822777,-0.02174399048089981
-0.011977218091487885,-0.04457774758338928,-0.030412614345550537,0.06302090734243393,0.0637480691075325,0.06930190324783325,0.0487644337117672,-0.041992105543613434,0.0189812108874321,0.022909263148903847,0.012010540813207626,0.006794176995754242,-0.05022386088967323,-0.00579549465328455,0.008289312943816185,-0.006501768250018358,-0.024335544556379318,-0.07079974561929703,0.025084173306822777,-0.02174399048089981
-0.07740359008312225,0.030524130910634995,0.028058607131242752,-0.04447035491466522,0.04778643324971199,0.03604236617684364,0.004063345957547426,0.07135384529829025,0.012030755169689655,0.05833415687084198,-0.07374722510576248,-0.054263774305582047,-0.039116956293582916,0.02279067039489746,-0.03203827887773514,0.026357773691415787,-0.006336041260510683,-0.057658977806568146,0.05702051520347595,-0.029469843953847885
-0.0762249231338501,0.0021722561214119196,0.08313558250665665,-0.03823316842317581,0.06817889213562012,-0.03906971588730812,-0.04860721901059151,-0.02324136160314083,0.1020783856511116,-0.007203871384263039,-0.04629739373922348,-0.021084051579236984,0.015621433034539223,-0.023921728134155273,-0.012658127583563328,0.042828403413295746,-0.013025973923504353,0.012816731818020344,0.03382192924618721,-0.027151063084602356
-0.09450314193964005,0.03459002077579498,0.08727973699569702,0.027731409296393394,-0.06779482960700989,-0.04498807340860367,-0.031695201992988586,-0.03729233145713806,-0.01813211292028427,-0.047229621559381485,-0.0784643366932869,0.04763650521636009,-0.053013551980257034,-0.043440528213977814,0.026319047436118126,-0.026511238887906075,-0.029644181951880455,-0.08257076889276505,0.07758930325508118,0.016318542882800102
-0.09450314193964005,0.03459002077579498,0.08727973699569702,0.027731409296393394,-0.06779482960700989,-0.04498807340860367,-0.031695201992988586,-0.03729233145713806,-0.01813211292028427,-0.047229621559381485,-0.0784643366932869,0.04763650521636009,-0.053013551980257034,-0.043440528213977814,0.026319047436118126,-0.026511238887906075,-0.029644181951880455,-0.08257076889276505,0.07758930325508118,0.016318542882800102
-0.010731070302426815,0.03276103734970093,0.02513986825942993,-0.042821306735277176,0.00743588013574481,-0.03179333359003067,0.03445477783679962,-0.0009370956104248762,0.07381413131952286,0.009146771393716335,-0.09945371747016907,-0.01339857466518879,-0.04454082250595093,-0.00018078387074638158,0.041598130017519,0.0740770623087883,0.0657246857881546,-0.04032851383090019,-0.02590450830757618,0.05196293070912361
0.036628514528274536,0.029088569805026054,0.035665299743413925,-0.03538965806365013,-0.011709037236869335,-0.007148015778511763,0.04443087801337242,0.016648583114147186,0.085237517952919,-0.07552871853113174,0.014203162863850594,0.03161228448152542,0.04701991006731987,0.05319884791970253,-0.051482126116752625,0.04364646598696709,0.03494379669427872,-0.04544195905327797,-0.03956780582666397,-0.05606979504227638
-0.07602331042289734,0.006496242247521877,0.05228954181075096,-0.05320220813155174,0.06899797916412354,0.03066440112888813,0.018540654331445694,0.028416376560926437,0.08953632414340973,-0.069308802485466,-0.06479881703853607,-0.04999241232872009,0.053243134170770645,-0.009166773408651352,-0.05552496016025543,-0.019410034641623497,0.003950074780732393,-0.007985956966876984,0.044134471565485,-0.05877217277884483
-0.06397756189107895,0.019462190568447113,-0.010585836134850979,-0.02079974114894867,-0.038145944476127625,-0.04380940645933151,-0.050717566162347794,0.046534501016139984,0.09207247197628021,0.050990257412195206,-0.03310616314411163,-0.004864824004471302,0.0386088490486145,-0.007141910959035158,0.03938740864396095,0.03373511880636215,-0.0046728732995688915,-0.016400286927819252,-0.0047006756067276,-0.060251280665397644
-0.06397756189107895,0.019462190568447113,-0.010585836134850979,-0.02079974114894867,-0.038145944476127625,-0.04380940645933151,-0.050717566162347794,0.046534501016139984,0.09207247197628021,0.050990257412195206,-0.03310616314411163,-0.004864824004471302,0.0386088490486145,-0.007141910959035158,0.03938740864396095,0.03373511880636215,-0.0046728732995688915,-0.016400286927819252,-0.0047006756067276,-0.060251280665397644
-0.04597759619355202,0.06735936552286148,0.04092845320701599,0.03997918590903282,-0.03964615240693092,-0.03553329035639763,0.06373413652181625,0.024042019620537758,0.041837409138679504,0.05131451040506363,0.011839221231639385,0.0313727967441082,-0.01870018243789673,0.015823189169168472,-0.052761323750019073,0.07023011893033981,-0.008188015781342983,-0.07207320630550385,0.07304927706718445,-0.03450806066393852
-0.012409293092787266,0.0010509878629818559,0.06734929233789444,-0.06252028793096542,0.056254927068948746,0.06666413694620132,-0.032155659049749374,0.00294933351688087,0.05872803553938866,-0.031008748337626457,-0.057169023901224136,-0.0018327536527067423,0.06302203238010406,-0.023925915360450745,0.01162296999245882,-0.03864211589097977,-0.00041881180368363857,-0.059125591069459915,0.034189898520708084,0.02600274607539177
-0.04291173443198204,-0.014696352183818817,0.011543613858520985,-0.05494226887822151,0.03525381535291672,-0.026855072006583214,-0.051354557275772095,-0.03000643104314804,0.015506207942962646,0.02883739210665226,-0.03124065138399601,-0.04943782836198807,0.07165011018514633,-0.02766278386116028,0.02182050608098507,0.06508664786815643,-0.008210921660065651,0.0249765794724226,0.050314512103796005,-0.03831276670098305
-0.08017119765281677,0.03195184841752052,-0.034886352717876434,0.041170910000801086,-0.024118615314364433,-0.04528951272368431,-0.04327043518424034,0.07742193341255188,0.04342915862798691,0.052477527409791946,0.018069541081786156,0.06262697279453278,0.013859686441719532,0.00251470017246902,0.06718967854976654,0.01685088872909546,-0.00032081332756206393,-0.04372101649641991,0.05494270846247673,-0.03946594521403313
-0.0038920401129871607,-0.012105878442525864,-0.019526436924934387,0.07694202661514282,0.07602635025978088,0.01996382139623165,-0.01710483245551586,0.054751280695199966,-0.03430512174963951,0.04743274673819542,-0.07123064994812012,0.0062251342460513115,-0.03850043937563896,-0.03936109319329262,0.0390671044588089,0.017779896035790443,-0.061602119356393814,-0.016507888212800026,0.0803694874048233,-0.07950945198535919
-0.0770769864320755,-0.053589969873428345,0.0910656526684761,-0.04991358146071434,0.041784901171922684,0.01988973841071129,-0.05145886540412903,-0.0500124990940094,0.02476348541676998,-0.06571882963180542,-0.05467337369918823,0.0646156445145607,0.001225851709023118,0.06373213976621628,-0.009778177365660667,0.031011100858449936,-0.05383506789803505,-0.03558206930756569,-0.04922046884894371,0.037967655807733536
0.001953513128682971,0.0007714208913967013,0.0594710074365139,0.07225245982408524,-0.021296683698892593,0.031225699931383133,-0.04641391336917877,0.039943985641002655,0.051806092262268066,-0.03611529991030693,0.0030363264959305525,-0.0532076433300972,-0.03235071152448654,-0.06105003505945206,0.06776923686265945,0.06083022803068161,-0.06840060651302338,-0.013704340904951096,0.027866439893841743,-0.0428890585899353
-0.02759379707276821,-0.06752071529626846,0.0784028097987175,0.025004325434565544,-0.004488632082939148,-0.01889858767390251,0.05107579752802849,-0.004961224738508463,-0.02650090679526329,0.00723365368321538,-0.012957350350916386,-0.041403818875551224,-0.021367663517594337,0.022945594042539597,-0.05924239009618759,-0.01660810597240925,-0.009689201600849628,0.002229857724159956,-0.02356402948498726,0.04924448952078819
-0.08963817358016968,-0.04532262682914734,0.05923771485686302,0.04952869564294815,-0.06847801804542542,-0.037707556039094925,0.060163550078868866,0.0034189862199127674,-0.023933185264468193,-0.01892807148396969,-0.03333275020122528,0.030183615162968636,-0.04835062101483345,0.0758926272392273,0.03169745206832886,0.005887879058718681,-0.019680503755807877,0.031916543841362,0.08510234951972961,-0.04877730831503868
-0.05659063160419464,0.07058747112751007,-0.0011101403506472707,0.05971575155854225,-0.06212027370929718,-0.053720928728580475,0.07134860754013062,0.009058269672095776,0.023660512641072273,-0.008158331736922264,-0.10215326398611069,-0.0688803642988205,0.07315513491630554,-0.06964004039764404,-0.008594927377998829,0.0193343423306942,-0.04727096110582352,0.01913882978260517,0.030598919838666916,-0.05603668838739395
0.04607202485203743,0.013881780207157135,-0.05554806441068649,0.023893656209111214,-0.05636286363005638,0.015145659446716309,0.057233862578868866,-0.05242641642689705,0.08806362003087997,-0.054613955318927765,-0.06115459278225899,-0.0001644859730731696,0.07584109157323837,0.06480487436056137,-0.00032383439247496426,0.08019562810659409,-0.012902217917144299,0.024423548951745033,0.04682615399360657,-0.047155819833278656
0.030347561463713646,0.07050245255231857,0.0016310218488797545,0.022001834586262703,0.010824992321431637,0.0714636892080307,-0.07051298767328262,0.014716743491590023,0.055595383048057556,-0.035054732114076614,-0.012700699269771576,0.013868306763470173,-0.016387473791837692,0.03548245504498482,0.0008227405487559736,-0.028745179995894432,0.02646743878722191,-0.0405505932867527,0.06477492302656174,-0.04006335139274597
-0.05972731113433838,-0.020250150933861732,-0.020191414281725883,-0.008261444978415966,-0.012423976324498653,0.01958860456943512,0.015842607244849205,0.05217207223176956,0.058114442974328995,0.00652555376291275,-0.024439044296741486,0.04920591786503792,-0.04934513196349144,-0.0403175912797451,0.05330625921487808,0.014303775504231453,-0.006978054530918598,0.0194457545876503,-0.008757888339459896,0.03746237978339195
0.011132294312119484,-0.027568072080612183,-0.01821286603808403,0.05449511855840683,-0.04011985659599304,0.05473600700497627,-0.041021790355443954,0.010424209758639336,-0.022492894902825356,-0.01724156178534031,-0.11344432085752487,-0.07592052966356277,0.02017837017774582,0.06558016687631607,0.021808134391903877,0.042881131172180176,0.06951455771923065,0.03945351019501686,-0.01555910799652338,0.011867809109389782
-0.0033746419940143824,0.025216806679964066,-0.03568436950445175,-0.042395561933517456,0.012249226681888103,-0.040648169815540314,0.05066579207777977,0.03632083162665367,0.014412674121558666,0.010332601144909859,-0.029007330536842346,0.06408390402793884,-0.04903736710548401,0.05989418178796768,0.021160321310162544,0.033836692571640015,-0.06057196483016014,0.04209094122052193,0.04135061427950859,-0.016294416040182114
-0.06472256034612656,0.020054912194609642,0.04767783731222153,0.06928523629903793,0.026692045852541924,0.011865679174661636,0.028180813416838646,-0.026996126398444176,-0.011689460836350918,0.032773859798908234,-0.02118059992790222,-0.018273768946528435,0.05532660707831383,0.056693725287914276,-0.03294892609119415,0.017573410645127296,0.030918072909116745,0.022092826664447784,0.0728810653090477,-0.060298480093479156
0.0001571618631714955,0.015780463814735413,0.01990026794373989,0.02889162302017212,-0.02372010238468647,0.010140678845345974,0.014485236257314682,0.04090644419193268,0.073081374168396,-0.02434942126274109,-0.03340886905789375,-0.025607900694012642,-0.04909524321556091,0.025672808289527893,0.006876381579786539,-0.006719700060784817,-0.013449130579829216,0.0025720924604684114,0.037115730345249176,-0.014120466075837612
-0.0671219676733017,-0.008297545835375786,-0.05009731277823448,-0.022383086383342743,-0.029989304021000862,-0.020751427859067917,0.014234951697289944,0.007694878149777651,-0.01241912879049778,-0.0022759665735065937,0.0045128860510885715,0.031130030751228333,0.04661041125655174,-0.004703877028077841,0.008554096333682537,0.04178445413708687,-0.06358910351991653,0.023824190720915794,0.0014063625130802393,0.01152671780437231
0.017984522506594658,-0.05851968750357628,-0.014221041463315487,-0.0018725895788520575,0.028968004509806633,0.02848517708480358,0.030453288927674294,-0.00659516267478466,-0.01594896800816059,0.04530909284949303,-0.024169981479644775,0.031825222074985504,-0.011470315046608448,0.03166816011071205,0.001961164176464081,-0.03407294303178787,0.05524684116244316,-0.0365128368139267,-0.028654487803578377,-0.0771808922290802
-0.053091417998075485,0.05865540727972984,0.07378485053777695,0.005441757384687662,-0.018514344468712807,0.08238962292671204,-0.034446198493242264,0.06103791669011116,0.021519172936677933,-0.038687922060489655,-0.032890938222408295,-0.05005698651075363,0.05208369717001915,-0.06466172635555267,-0.03052484802901745,-0.029922422021627426,-0.06101810932159424,0.05520514398813248,0.009745138697326183,0.03137095272541046
-0.08983562886714935,0.017017224803566933,-0.05290454253554344,0.021226197481155396,-0.015096575021743774,-0.027130573987960815,0.0657271221280098,0.06943435966968536,-0.04016295447945595,-0.027700280770659447,0.013747869059443474,-0.04824637249112129,0.019734255969524384,0.008586360141634941,0.0521615706384182,0.07783237099647522,-0.05211368575692177,0.03349124267697334,0.0075307744555175304,-0.06394011527299881
-0.05422906205058098,0.058944910764694214,0.022647365927696228,-0.009234927594661713,0.06504816561937332,-0.0211422648280859,-0.05324209854006767,0.04978831112384796,0.09628062695264816,0.004439365118741989,-0.00011503123823786154,-0.06755951792001724,0.0023924431297928095,-0.05698031187057495,-0.012879307381808758,0.07701727002859116,-0.015347318723797798,-0.0025930986739695072,-0.00014984869631007314,-0.013454812578856945
-0.041660211980342865,0.011061294004321098,0.02158062532544136,-0.05488988012075424,0.028755974024534225,0.051876895129680634,-0.040029410272836685,0.05788932740688324,0.02246563509106636,0.040928542613983154,-0.0909004956483841,-0.008234027773141861,-0.04722171649336815,-0.029779134318232536,-0.044331684708595276,0.0474778488278389,0.0019418502924963832,0.049225397408008575,0.002563432091847062,-0.028284166008234024
-0.018671074882149696,0.058808423578739166,0.04288367182016373,0.05617651715874672,0.03886479511857033,0.07606896758079529,-0.041560277342796326,0.031879059970378876,-0.012568994425237179,-0.05207782983779907,-0.0865643247961998,-0.06084730103611946,0.0016922728391364217,0.05952392518520355,-0.020016781985759735,0.06039946898818016,-0.000602583575528115,0.04889917001128197,0.08594987541437149,-0.005228463560342789
0.0029914972838014364,0.001576163456775248,0.045413222163915634,0.002800415037199855,0.009314028546214104,0.06250549107789993,0.055459827184677124,-0.044321514666080475,0.03216024488210678,-0.057563308626413345,-0.004133939277380705,0.03439687192440033,0.06549753248691559,0.02984769083559513,0.017321312800049782,0.08371943235397339,-0.06057210639119148,0.04377875477075577,0.03400605544447899,-0.024533187970519066
-0.026015231385827065,0.02639303356409073,0.06098329648375511,0.028661087155342102,0.05163221061229706,0.0727931559085846,-0.0360495001077652,-0.039061885327100754,0.05145835503935814,0.062314994633197784,-0.04910300299525261,0.03597981110215187,0.04234066233038902,-0.021125925704836845,0.026509372517466545,0.0406477227807045,0.0066878278739750385,-0.013917696662247181,0.09620949625968933,0.04461836814880371
-0.026015231385827065,0.02639303356409073,0.06098329648375511,0.028661087155342102,0.05163221061229706,0.0727931559085846,-0.0360495001077652,-0.039061885327100754,0.05145835503935814,0.062314994633197784,-0.04910300299525261,0.03597981110215187,0.04234066233038902,-0.021125925704836845,0.026509372517466545,0.0406477227807045,0.0066878278739750385,-0.013917696662247181,0.09620949625968933,0.04461836814880371
-0.07559789717197418,-0.002224396215751767,0.03837612271308899,0.001763946027494967,-0.05919007584452629,0.07899857312440872,-0.06179464980959892,0.04091448709368706,0.035200342535972595,0.056164808571338654,-0.06198172643780708,-0.02581515721976757,0.019390320405364037,0.0010249363258481026,0.04043539613485336,3.946734068449587e-06,0.012674860656261444,-0.06324271112680435,0.03196559473872185,-0.07056962698698044
-0.0018700237851589918,0.05620473623275757,0.07469241321086884,0.07215983420610428,-0.03493732586503029,0.023451846092939377,-0.04548012465238571,0.016209574416279793,0.09323370456695557,-0.017772220075130463,-0.07221528887748718,-0.05078501254320145,0.07244715094566345,0.05616289749741554,0.01459407526999712,0.013006907887756824,0.03187436982989311,0.05609910562634468,0.03018208034336567,0.02177746221423149
-0.049138329923152924,0.05997428297996521,0.020053032785654068,-0.05853082239627838,-0.04902097210288048,0.05733025074005127,-0.046839192509651184,0.017408667132258415,0.06208484619855881,0.04481233283877373,-0.10378745943307877,-0.033158548176288605,-0.01816423237323761,-0.0055434550158679485,-0.047834910452365875,0.0274028480052948,-0.00021685921819880605,0.02095222845673561,0.07981334626674652,0.016352685168385506
0.014378719963133335,0.012004616670310497,-0.01539211068302393,-0.02184838242828846,0.02241012454032898,-0.005654398817569017,-0.0033587526995688677,0.08069618791341782,0.052782364189624786,-0.031532417982816696,0.006323971785604954,-0.01303617563098669,0.05108971148729324,0.02735953964293003,0.03481582552194595,0.006369336042553186,-0.012749205343425274,-0.03960735723376274,0.061726029962301254,-0.07653874903917313
-0.07611307501792908,0.0644594132900238,-0.03736606240272522,0.016156168654561043,0.0008483865531161427,-0.00012767394946422428,0.03485860675573349,0.06829366087913513,0.058030735701322556,-0.03315788507461548,0.01707381196320057,0.030842170119285583,-0.03321818634867668,-0.04342755675315857,0.022412428632378578,0.00394450081512332,0.04424581676721573,0.013204474933445454,-0.04173291474580765,-0.05151284858584404
-0.06412512063980103,0.037879578769207,0.048852261155843735,0.000797509856056422,0.053644780069589615,-0.0027628496754914522,-0.07622981071472168,0.05197596549987793,-0.03164175525307655,0.053981710225343704,-0.017211254686117172,0.054001156240701675,0.06875713169574738,0.011524632573127747,0.021211860701441765,-0.011762608774006367,-0.011759653687477112,-0.043951261788606644,0.08738040924072266,-0.007969520054757595
-0.01629958674311638,-0.03870733827352524,-0.04421895369887352,0.003511147340759635,-0.05932358652353287,0.014976468868553638,-0.02481793612241745,0.00795171968638897,-0.03702004253864288,0.01930275931954384,-0.10109313577413559,-0.039343513548374176,0.0411553829908371,-0.046507127583026886,0.06008215248584747,-0.024586325511336327,-0.003016748931258917,0.0062338607385754585,0.07836290448904037,-0.005180377513170242
-0.06492150574922562,-0.006449299398809671,-0.051381420344114304,0.06350523978471756,-0.004955073352903128,-0.012167510576546192,-0.04169166088104248,-0.04595143720507622,0.04864179342985153,-0.03671057149767876,-0.09851375967264175,-0.046771496534347534,-0.06118571385741234,-0.019279565662145615,-0.02425779402256012,-0.024098128080368042,0.009189799427986145,0.043176524341106415,0.02927388809621334,0.0037414124235510826
-0.03385615721344948,-0.03208683431148529,0.06829087436199188,0.01533613819628954,-0.027322275564074516,-0.011565444990992546,-0.005653722677379847,-0.03496303781867027,0.017279062420129776,-0.048443589359521866,0.020145026966929436,-0.014860929921269417,-0.020354440435767174,-0.008404577150940895,0.052627045661211014,-0.021316589787602425,-0.01078871637582779,-0.03879457339644432,-0.03786952793598175,0.023852579295635223
-0.06435719132423401,-0.037453606724739075,0.04300665855407715,0.0012823842698708177,-0.06272454559803009,0.03319685161113739,0.03132573142647743,0.05694112554192543,0.033318839967250824,0.03860284760594368,0.021058790385723114,-0.02519587241113186,0.015605959109961987,-0.05478163808584213,-0.030402136966586113,-0.02906045876443386,0.029209820553660393,-0.02494218945503235,0.009280448779463768,-0.0557749979197979
0.038038015365600586,-0.01589297130703926,0.03458631783723831,-0.02042459510266781,0.08066976815462112,-0.030024338513612747,-0.028046784922480583,0.0835961103439331,0.013922398909926414,0.04589870199561119,-0.05505947023630142,0.01905905455350876,0.058530043810606,0.031097304075956345,-0.00449497252702713,0.03849067911505699,-0.05958366394042969,0.045947376638650894,0.02170691080391407,0.04487118870019913
0.035565804690122604,0.0428258441388607,0.025785954669117928,0.017246747389435768,0.024363495409488678,-0.0201970636844635,0.006606557406485081,-0.01755133457481861,0.03963242471218109,0.009930348955094814,0.033480312675237656,-0.02712971530854702,0.04661887511610985,0.01979885622859001,-0.05769425630569458,0.07247871905565262,0.004167718812823296,-0.06762440502643585,0.005014526657760143,0.05330630764365196
-0.021426016464829445,0.06989622861146927,0.0027902135625481606,0.0061575258150696754,0.056533731520175934,0.021588560193777084,0.06086217984557152,0.09094276279211044,0.08116447925567627,-0.0590270534157753,-0.08765796571969986,-0.05331702530384064,0.07092881202697754,0.04797203466296196,0.02963137812912464,-0.009115888737142086,-0.0077883158810436726,-0.053899459540843964,0.063445545732975,-0.05337844416499138
0.035565804690122604,0.0428258441388607,0.025785954669117928,0.017246747389435768,0.024363495409488678,-0.0201970636844635,0.006606557406485081,-0.01755133457481861,0.03963242471218109,0.009930348955094814,0.033480312675237656,-0.02712971530854702,0.04661887511610985,0.01979885622859001,-0.05769425630569458,0.07247871905565262,0.004167718812823296,-0.06762440502643585,0.005014526657760143,0.05330630764365196
-0.05633215233683586,-0.02726554684340954,-0.017445659264922142,-0.04228740558028221,-0.07134890556335449,-0.0003425739996600896,0.04745164141058922,-0.0041711037047207355,-0.007497924380004406,-0.02297806181013584,-0.06104869022965431,0.01673494093120098,0.024830300360918045,-0.02487104944884777,-0.06977067142724991,0.0791502594947815,-0.038870204240083694,0.023854738101363182,-0.04029643535614014,-0.047806382179260254
0.028334036469459534,0.04776538908481598,0.07172169536352158,0.049805302172899246,0.05647680163383484,0.07104333490133286,0.02768118306994438,-0.0397157296538353,0.012024921365082264,0.01155500952154398,-0.06474123150110245,0.0638435110449791,0.003024956677109003,0.029612237587571144,0.009488101117312908,0.04763064533472061,-0.042857252061367035,-0.055493343621492386,0.016497325152158737,0.047041453421115875
-0.07615115493535995,0.07778570055961609,0.04739989712834358,-7.82390488893725e-05,0.035266436636447906,0.04567539691925049,0.02878974936902523,0.05090940743684769,-0.02863648720085621,-0.04525243490934372,0.003318666247650981,0.00429415563121438,0.014044015668332577,-0.0672115609049797,-0.04541229084134102,-0.023648330941796303,0.031853463500738144,-0.02442641742527485,0.027792830020189285,-0.0033745395485311747
-0.09133142232894897,-0.06937500089406967,0.021139584481716156,0.012035884894430637,-0.010928889736533165,0.057770710438489914,-0.013378775678575039,0.04741572588682175,-0.008042058907449245,0.02756618894636631,-0.1002306416630745,0.060347989201545715,0.0387982614338398,0.005930881481617689,0.01599254459142685,0.08588103204965591,-0.04852291941642761,0.032522570341825485,0.087025947868824,-0.03759431838989258
0.0002277689491165802,-0.05128920078277588,-0.0037139314226806164,-0.031150490045547485,-0.06534520536661148,-0.006549604702740908,-0.07209267467260361,0.06569927930831909,-0.04028688743710518,-0.0023649989161640406,0.01796913705766201,0.019826212897896767,-0.04794660955667496,-0.057955656200647354,0.06607500463724136,0.08100466430187225,0.05533213913440704,-0.04751601070165634,0.024139568209648132,-0.07958368957042694
-0.08809240907430649,0.00205618585459888,0.03906378522515297,0.010559006594121456,0.04752476513385773,-0.01062141265720129,0.041008636355400085,0.049791425466537476,0.04266669228672981,-0.023375818505883217,-0.05927666649222374,-0.03907555714249611,0.04717114195227623,-0.03778940439224243,0.06378740072250366,-0.04953165724873543,-0.05921517312526703,-0.023597965016961098,0.08031553775072098,-0.049096450209617615
0.025958221405744553,0.024175802245736122,0.07142968475818634,0.006703466176986694,-0.012650994583964348,0.06408442556858063,-0.06944731622934341,0.050452254712581635,0.06174936890602112,0.030231408774852753,0.04162967950105667,0.038219500333070755,-0.05440499261021614,-0.008263981901109219,0.0441473014652729,0.09140359610319138,-0.009503149427473545,-0.0014487586449831724,-0.0021587335504591465,0.017951682209968567
0.012566301971673965,0.04893599450588226,0.04833110794425011,-0.024665692821145058,-0.04785499721765518,-0.04811352491378784,0.0375470295548439,-0.016509288921952248,0.017902471125125885,-0.04073923081159592,-0.09837114810943604,0.029405083507299423,0.06272326409816742,0.06985170394182205,0.027478454634547234,0.05026049539446831,-0.001208602567203343,-0.051898520439863205,0.019458763301372528,-0.05377284437417984
0.019359543919563293,-0.004590665455907583,0.059590477496385574,0.037408679723739624,-0.03360472619533539,-0.02759658358991146,-0.035341303795576096,-0.03692784905433655,-0.03024454601109028,-0.016953004524111748,-0.07171762734651566,0.03669474273920059,0.07274416834115982,-0.03908325359225273,0.0037760259583592415,0.008539390750229359,0.07112997025251389,-0.03417043015360832,-0.006924876477569342,-0.05037163197994232
-0.042171601206064224,0.010957065969705582,-0.014031614176928997,0.03935426101088524,0.042666323482990265,-0.030966736376285553,0.014909227378666401,0.08724399656057358,0.07077378034591675,-0.023037275299429893,0.0019617322832345963,-0.07318883389234543,0.057201024144887924,-5.522064384422265e-05,0.007968153804540634,0.04255938157439232,-0.06439441442489624,-0.0193649809807539,-0.007370811887085438,0.01709882728755474
-0.011549340561032295,-0.03953314200043678,0.08701285719871521,0.04073427990078926,-0.004707111045718193,0.07323011755943298,-0.04678132385015488,-0.008162192068994045,-0.01628468930721283,-0.014114114455878735,-0.10105710476636887,0.027886833995580673,0.03551600128412247,-0.0579235702753067,-0.04503631964325905,0.01741620898246765,-0.03791216388344765,-0.03460327908396721,0.08250387012958527,-0.03169986233115196
-0.08589377254247665,-0.04785613715648651,0.059016358107328415,-0.058446839451789856,0.015881311148405075,0.06814335286617279,0.06058260425925255,0.033288683742284775,0.052901387214660645,-0.01057823933660984,-0.048255179077386856,-0.04782775044441223,-0.024949710816144943,0.03544401004910469,0.012657769955694675,-0.032629452645778656,0.03680342063307762,-0.059503018856048584,0.01124260388314724,0.043237000703811646
-0.020900418981909752,0.046436816453933716,0.022105826064944267,0.04573038965463638,-0.02481035143136978,-0.059544771909713745,-0.001107620308175683,0.03684728965163231,0.07651521265506744,-0.041219327598810196,-0.010207448154687881,-0.04560014232993126,0.01212387252599001,0.007005436345934868,0.013249852694571018,-0.03964224457740784,0.05319809168577194,0.02678404562175274,0.0864470899105072,0.03535632789134979
-0.020900418981909752,0.046436816453933716,0.022105826064944267,0.04573038965463638,-0.02481035143136978,-0.059544771909713745,-0.001107620308175683,0.03684728965163231,0.07651521265506744,-0.041219327598810196,-0.010207448154687881,-0.04560014232993126,0.01212387252599001,0.007005436345934868,0.013249852694571018,-0.03964224457740784,0.05319809168577194,0.02678404562175274,0.0864470899105072,0.03535632789134979
0.029648620635271072,0.01835808902978897,-0.009766248054802418,-0.0005856268107891083,0.04206005111336708,0.025953061878681183,-0.0060129971243441105,0.047452040016651154,0.019041933119297028,0.06820236891508102,-0.08038947731256485,0.05010492727160454,-0.013927299529314041,-0.06703251600265503,0.03685997426509857,0.012203345075249672,-0.03426126018166542,0.02364794723689556,-0.028409983962774277,-0.02396227978169918
