Step,X,Predicted_Y_Scaled,Predicted_Y_Unscaled,day_of_week_Unscaled,day_of_month_Unscaled,week_of_year_Unscaled,week_of_month_Unscaled,month_Unscaled,quarter_Unscaled,is_weekend_Unscaled,lag_1_Unscaled,lag_7_Unscaled,lag_30_Unscaled,is_month_start_Unscaled,is_month_end_Unscaled,is_quarter_start_Unscaled,is_quarter_end_Unscaled,is_monday_Unscaled,is_friday_Unscaled,is_holiday_Unscaled,is_thanksgiving_Unscaled,is_black_friday_Unscaled,is_christmas_Unscaled,is_christmas_eve_Unscaled,is_new_year_eve_Unscaled,is_pre_holiday_1_Unscaled,is_pre_holiday_2_Unscaled,is_pre_holiday_3_Unscaled,is_pre_holiday_7_Unscaled,is_post_holiday_1_Unscaled,is_post_holiday_2_Unscaled,is_post_holiday_3_Unscaled,is_post_holiday_7_Unscaled,is_bridge_day_Unscaled,day_of_week_Scaled,day_of_month_Scaled,week_of_year_Scaled,week_of_month_Scaled,month_Scaled,quarter_Scaled,is_weekend_Scaled,lag_1_Scaled,lag_7_Scaled,lag_30_Scaled,is_month_start_Scaled,is_month_end_Scaled,is_quarter_start_Scaled,is_quarter_end_Scaled,is_monday_Scaled,is_friday_Scaled,is_holiday_Scaled,is_thanksgiving_Scaled,is_black_friday_Scaled,is_christmas_Scaled,is_christmas_eve_Scaled,is_new_year_eve_Scaled,is_pre_holiday_1_Scaled,is_pre_holiday_2_Scaled,is_pre_holiday_3_Scaled,is_pre_holiday_7_Scaled,is_post_holiday_1_Scaled,is_post_holiday_2_Scaled,is_post_holiday_3_Scaled,is_post_holiday_7_Scaled,is_bridge_day_Scaled
0,"[[0.26170798898071623, 1.0, 0.5666666666666667, 0.7058823529411764, 0.5, 0.7272727272727273, 0.6666666666666667, 1.0, 0.26170798898071623, 0.2892561983471075, 0.26170798898071623, 0.0, 0.0, 0.0, 0.0, 0.0, 0.0, 0.0, 0.0, 0.0, 0.0, 0.0, 0.0, 0.0, 0.0, 0.0, 0.0, 0.0, 0.0, 0.0, 0.0, 0.0], [0.278236914600551, 0.0, 0.6, 0.7254901960784313, 0.5, 0.7272727272727273, 0.6666666666666667, 0.0, 0.278236914600551, 0.23415977961432508, 0.20385674931129477, 0.0, 0.0, 0.0, 0.0, 1.0, 0.0, 0.0, 0.0, 0.0, 0.0, 0.0, 0.0, 0.0, 0.0, 0.0, 0.0, 0.0, 0.0, 0.0, 0.0, 0.0], [0.27548209366391185, 0.16666666666666666, 0.6333333333333333, 0.7254901960784313, 0.5, 0.7272727272727273, 0.6666666666666667, 0.0, 0.27548209366391185, 0.21763085399449036, 0.27548209366391185, 0.0, 0.0, 0.0, 0.0, 0.0, 0.0, 0.0, 0.0, 0.0, 0.0, 0.0, 0.0, 0.0, 0.0, 0.0, 0.0, 0.0, 0.0, 0.0, 0.0, 0.0], [0.15151515151515152, 0.3333333333333333, 0.6666666666666666, 0.7254901960784313, 0.5, 0.7272727272727273, 0.6666666666666667, 0.0, 0.15151515151515152, 0.1349862258953168, 0.1487603305785124, 0.0, 0.0, 0.0, 0.0, 0.0, 0.0, 0.0, 0.0, 0.0, 0.0, 0.0, 0.0, 0.0, 0.0, 0.0, 0.0, 0.0, 0.0, 0.0, 0.0, 0.0], [0.19008264462809918, 0.5, 0.7, 0.7254901960784313, 0.75, 0.7272727272727273, 0.6666666666666667, 0.0, 0.19008264462809918, 0.1652892561983471, 0.14600550964187328, 0.0, 0.0, 0.0, 0.0, 0.0, 0.0, 0.0, 0.0, 0.0, 0.0, 0.0, 0.0, 0.0, 0.0, 0.0, 0.0, 0.0, 0.0, 0.0, 0.0, 0.0], [0.1763085399449036, 0.6666666666666666, 0.7333333333333333, 0.7254901960784313, 0.75, 0.7272727272727273, 0.6666666666666667, 0.0, 0.1763085399449036, 0.1928374655647383, 0.14600550964187328, 0.0, 0.0, 0.0, 0.0, 0.0, 1.0, 0.0, 0.0, 0.0, 0.0, 0.0, 0.0, 0.0, 0.0, 0.0, 0.0, 0.0, 0.0, 0.0, 0.0, 0.0], [0.278236914600551, 0.8333333333333333, 0.7666666666666667, 0.7254901960784313, 0.75, 0.7272727272727273, 0.6666666666666667, 1.0, 0.278236914600551, 0.26170798898071623, 0.12672176308539945, 0.0, 0.0, 0.0, 0.0, 0.0, 0.0, 0.0, 0.0, 0.0, 0.0, 0.0, 0.0, 0.0, 0.0, 0.0, 0.0, 0.0, 0.0, 0.0, 0.0, 0.0]]",0.24102343618869781,87.4915073364973,5.0,24.0,38.0,4.0,9.0,3.0,1.0,101.00000000000001,94.99999999999999,46.0,0.0,0.0,0.0,0.0,0.0,0.0,0.0,0.0,0.0,0.0,0.0,0.0,0.0,0.0,0.0,0.0,0.0,0.0,0.0,0.0,0.0,0.8333333333333333,0.7666666666666667,0.7254901960784313,0.75,0.7272727272727273,0.6666666666666667,1.0,0.278236914600551,0.26170798898071623,0.12672176308539945,0.0,0.0,0.0,0.0,0.0,0.0,0.0,0.0,0.0,0.0,0.0,0.0,0.0,0.0,0.0,0.0,0.0,0.0,0.0,0.0,0.0
1,"[[0.278236914600551, 0.0, 0.6, 0.7254901960784313, 0.5, 0.7272727272727273, 0.6666666666666667, 0.0, 0.278236914600551, 0.23415977961432508, 0.20385674931129477, 0.0, 0.0, 0.0, 0.0, 1.0, 0.0, 0.0, 0.0, 0.0, 0.0, 0.0, 0.0, 0.0, 0.0, 0.0, 0.0, 0.0, 0.0, 0.0, 0.0, 0.0], [0.27548209366391185, 0.16666666666666666, 0.6333333333333333, 0.7254901960784313, 0.5, 0.7272727272727273, 0.6666666666666667, 0.0, 0.27548209366391185, 0.21763085399449036, 0.27548209366391185, 0.0, 0.0, 0.0, 0.0, 0.0, 0.0, 0.0, 0.0, 0.0, 0.0, 0.0, 0.0, 0.0, 0.0, 0.0, 0.0, 0.0, 0.0, 0.0, 0.0, 0.0], [0.15151515151515152, 0.3333333333333333, 0.6666666666666666, 0.7254901960784313, 0.5, 0.7272727272727273, 0.6666666666666667, 0.0, 0.15151515151515152, 0.1349862258953168, 0.1487603305785124, 0.0, 0.0, 0.0, 0.0, 0.0, 0.0, 0.0, 0.0, 0.0, 0.0, 0.0, 0.0, 0.0, 0.0, 0.0, 0.0, 0.0, 0.0, 0.0, 0.0, 0.0], [0.19008264462809918, 0.5, 0.7, 0.7254901960784313, 0.75, 0.7272727272727273, 0.6666666666666667, 0.0, 0.19008264462809918, 0.1652892561983471, 0.14600550964187328, 0.0, 0.0, 0.0, 0.0, 0.0, 0.0, 0.0, 0.0, 0.0, 0.0, 0.0, 0.0, 0.0, 0.0, 0.0, 0.0, 0.0, 0.0, 0.0, 0.0, 0.0], [0.1763085399449036, 0.6666666666666666, 0.7333333333333333, 0.7254901960784313, 0.75, 0.7272727272727273, 0.6666666666666667, 0.0, 0.1763085399449036, 0.1928374655647383, 0.14600550964187328, 0.0, 0.0, 0.0, 0.0, 0.0, 1.0, 0.0, 0.0, 0.0, 0.0, 0.0, 0.0, 0.0, 0.0, 0.0, 0.0, 0.0, 0.0, 0.0, 0.0, 0.0], [0.278236914600551, 0.8333333333333333, 0.7666666666666667, 0.7254901960784313, 0.75, 0.7272727272727273, 0.6666666666666667, 1.0, 0.278236914600551, 0.26170798898071623, 0.12672176308539945, 0.0, 0.0, 0.0, 0.0, 0.0, 0.0, 0.0, 0.0, 0.0, 0.0, 0.0, 0.0, 0.0, 0.0, 0.0, 0.0, 0.0, 0.0, 0.0, 0.0, 0.0], [0.24102343618869781, 1.0, 0.8, 0.7254901960784313, 0.75, 0.7272727272727273, 0.6666666666666667, 1.0, 0.24102343618869781, 0.278236914600551, 0.278236914600551, 0.0, 0.0, 0.0, 0.0, 0.0, 0.0, 0.0, 0.0, 0.0, 0.0, 0.0, 0.0, 0.0, 0.0, 0.0, 0.0, 0.0, 0.0, 0.0, 0.0, 0.0]]",0.3207746744155884,116.44120681285858,6.0,25.0,38.0,4.0,9.0,3.0,1.0,87.4915073364973,101.00000000000001,101.00000000000001,0.0,0.0,0.0,0.0,0.0,0.0,0.0,0.0,0.0,0.0,0.0,0.0,0.0,0.0,0.0,0.0,0.0,0.0,0.0,0.0,0.0,1.0,0.8,0.7254901960784313,0.75,0.7272727272727273,0.6666666666666667,1.0,0.24102343618869781,0.278236914600551,0.278236914600551,0.0,0.0,0.0,0.0,0.0,0.0,0.0,0.0,0.0,0.0,0.0,0.0,0.0,0.0,0.0,0.0,0.0,0.0,0.0,0.0,0.0
2,"[[0.27548209366391185, 0.16666666666666666, 0.6333333333333333, 0.7254901960784313, 0.5, 0.7272727272727273, 0.6666666666666667, 0.0, 0.27548209366391185, 0.21763085399449036, 0.27548209366391185, 0.0, 0.0, 0.0, 0.0, 0.0, 0.0, 0.0, 0.0, 0.0, 0.0, 0.0, 0.0, 0.0, 0.0, 0.0, 0.0, 0.0, 0.0, 0.0, 0.0, 0.0], [0.15151515151515152, 0.3333333333333333, 0.6666666666666666, 0.7254901960784313, 0.5, 0.7272727272727273, 0.6666666666666667, 0.0, 0.15151515151515152, 0.1349862258953168, 0.1487603305785124, 0.0, 0.0, 0.0, 0.0, 0.0, 0.0, 0.0, 0.0, 0.0, 0.0, 0.0, 0.0, 0.0, 0.0, 0.0, 0.0, 0.0, 0.0, 0.0, 0.0, 0.0], [0.19008264462809918, 0.5, 0.7, 0.7254901960784313, 0.75, 0.7272727272727273, 0.6666666666666667, 0.0, 0.19008264462809918, 0.1652892561983471, 0.14600550964187328, 0.0, 0.0, 0.0, 0.0, 0.0, 0.0, 0.0, 0.0, 0.0, 0.0, 0.0, 0.0, 0.0, 0.0, 0.0, 0.0, 0.0, 0.0, 0.0, 0.0, 0.0], [0.1763085399449036, 0.6666666666666666, 0.7333333333333333, 0.7254901960784313, 0.75, 0.7272727272727273, 0.6666666666666667, 0.0, 0.1763085399449036, 0.1928374655647383, 0.14600550964187328, 0.0, 0.0, 0.0, 0.0, 0.0, 1.0, 0.0, 0.0, 0.0, 0.0, 0.0, 0.0, 0.0, 0.0, 0.0, 0.0, 0.0, 0.0, 0.0, 0.0, 0.0], [0.278236914600551, 0.8333333333333333, 0.7666666666666667, 0.7254901960784313, 0.75, 0.7272727272727273, 0.6666666666666667, 1.0, 0.278236914600551, 0.26170798898071623, 0.12672176308539945, 0.0, 0.0, 0.0, 0.0, 0.0, 0.0, 0.0, 0.0, 0.0, 0.0, 0.0, 0.0, 0.0, 0.0, 0.0, 0.0, 0.0, 0.0, 0.0, 0.0, 0.0], [0.24102343618869781, 1.0, 0.8, 0.7254901960784313, 0.75, 0.7272727272727273, 0.6666666666666667, 1.0, 0.24102343618869781, 0.278236914600551, 0.278236914600551, 0.0, 0.0, 0.0, 0.0, 0.0, 0.0, 0.0, 0.0, 0.0, 0.0, 0.0, 0.0, 0.0, 0.0, 0.0, 0.0, 0.0, 0.0, 0.0, 0.0, 0.0], [0.3207746744155884, 0.0, 0.8333333333333334, 0.7450980392156862, 0.75, 0.7272727272727273, 0.6666666666666667, 0.0, 0.3207746744155884, 0.27548209366391185, 0.27548209366391185, 0.0, 0.0, 0.0, 0.0, 1.0, 0.0, 0.0, 0.0, 0.0, 0.0, 0.0, 0.0, 0.0, 0.0, 0.0, 0.0, 0.0, 0.0, 0.0, 0.0, 0.0]]",0.22939486801624298,83.2703370898962,0.0,26.0,39.0,4.0,9.0,3.0,0.0,116.44120681285858,100.0,100.0,0.0,0.0,0.0,0.0,1.0,0.0,0.0,0.0,0.0,0.0,0.0,0.0,0.0,0.0,0.0,0.0,0.0,0.0,0.0,0.0,0.0,0.0,0.8333333333333334,0.7450980392156862,0.75,0.7272727272727273,0.6666666666666667,0.0,0.3207746744155884,0.27548209366391185,0.27548209366391185,0.0,0.0,0.0,0.0,1.0,0.0,0.0,0.0,0.0,0.0,0.0,0.0,0.0,0.0,0.0,0.0,0.0,0.0,0.0,0.0,0.0
3,"[[0.15151515151515152, 0.3333333333333333, 0.6666666666666666, 0.7254901960784313, 0.5, 0.7272727272727273, 0.6666666666666667, 0.0, 0.15151515151515152, 0.1349862258953168, 0.1487603305785124, 0.0, 0.0, 0.0, 0.0, 0.0, 0.0, 0.0, 0.0, 0.0, 0.0, 0.0, 0.0, 0.0, 0.0, 0.0, 0.0, 0.0, 0.0, 0.0, 0.0, 0.0], [0.19008264462809918, 0.5, 0.7, 0.7254901960784313, 0.75, 0.7272727272727273, 0.6666666666666667, 0.0, 0.19008264462809918, 0.1652892561983471, 0.14600550964187328, 0.0, 0.0, 0.0, 0.0, 0.0, 0.0, 0.0, 0.0, 0.0, 0.0, 0.0, 0.0, 0.0, 0.0, 0.0, 0.0, 0.0, 0.0, 0.0, 0.0, 0.0], [0.1763085399449036, 0.6666666666666666, 0.7333333333333333, 0.7254901960784313, 0.75, 0.7272727272727273, 0.6666666666666667, 0.0, 0.1763085399449036, 0.1928374655647383, 0.14600550964187328, 0.0, 0.0, 0.0, 0.0, 0.0, 1.0, 0.0, 0.0, 0.0, 0.0, 0.0, 0.0, 0.0, 0.0, 0.0, 0.0, 0.0, 0.0, 0.0, 0.0, 0.0], [0.278236914600551, 0.8333333333333333, 0.7666666666666667, 0.7254901960784313, 0.75, 0.7272727272727273, 0.6666666666666667, 1.0, 0.278236914600551, 0.26170798898071623, 0.12672176308539945, 0.0, 0.0, 0.0, 0.0, 0.0, 0.0, 0.0, 0.0, 0.0, 0.0, 0.0, 0.0, 0.0, 0.0, 0.0, 0.0, 0.0, 0.0, 0.0, 0.0, 0.0], [0.24102343618869781, 1.0, 0.8, 0.7254901960784313, 0.75, 0.7272727272727273, 0.6666666666666667, 1.0, 0.24102343618869781, 0.278236914600551, 0.278236914600551, 0.0, 0.0, 0.0, 0.0, 0.0, 0.0, 0.0, 0.0, 0.0, 0.0, 0.0, 0.0, 0.0, 0.0, 0.0, 0.0, 0.0, 0.0, 0.0, 0.0, 0.0], [0.3207746744155884, 0.0, 0.8333333333333334, 0.7450980392156862, 0.75, 0.7272727272727273, 0.6666666666666667, 0.0, 0.3207746744155884, 0.27548209366391185, 0.27548209366391185, 0.0, 0.0, 0.0, 0.0, 1.0, 0.0, 0.0, 0.0, 0.0, 0.0, 0.0, 0.0, 0.0, 0.0, 0.0, 0.0, 0.0, 0.0, 0.0, 0.0, 0.0], [0.22939486801624298, 0.16666666666666666, 0.8666666666666667, 0.7450980392156862, 0.75, 0.7272727272727273, 0.6666666666666667, 0.0, 0.22939486801624298, 0.15151515151515152, 0.15151515151515152, 0.0, 0.0, 0.0, 0.0, 0.0, 0.0, 0.0, 0.0, 0.0, 0.0, 0.0, 0.0, 0.0, 0.0, 0.0, 0.0, 0.0, 0.0, 0.0, 0.0, 0.0]]",0.17955829203128815,65.1796600073576,1.0,27.0,39.0,4.0,9.0,3.0,0.0,83.2703370898962,55.0,55.0,0.0,0.0,0.0,0.0,0.0,0.0,0.0,0.0,0.0,0.0,0.0,0.0,0.0,0.0,0.0,0.0,0.0,0.0,0.0,0.0,0.0,0.16666666666666666,0.8666666666666667,0.7450980392156862,0.75,0.7272727272727273,0.6666666666666667,0.0,0.22939486801624298,0.15151515151515152,0.15151515151515152,0.0,0.0,0.0,0.0,0.0,0.0,0.0,0.0,0.0,0.0,0.0,0.0,0.0,0.0,0.0,0.0,0.0,0.0,0.0,0.0,0.0
4,"[[0.19008264462809918, 0.5, 0.7, 0.7254901960784313, 0.75, 0.7272727272727273, 0.6666666666666667, 0.0, 0.19008264462809918, 0.1652892561983471, 0.14600550964187328, 0.0, 0.0, 0.0, 0.0, 0.0, 0.0, 0.0, 0.0, 0.0, 0.0, 0.0, 0.0, 0.0, 0.0, 0.0, 0.0, 0.0, 0.0, 0.0, 0.0, 0.0], [0.1763085399449036, 0.6666666666666666, 0.7333333333333333, 0.7254901960784313, 0.75, 0.7272727272727273, 0.6666666666666667, 0.0, 0.1763085399449036, 0.1928374655647383, 0.14600550964187328, 0.0, 0.0, 0.0, 0.0, 0.0, 1.0, 0.0, 0.0, 0.0, 0.0, 0.0, 0.0, 0.0, 0.0, 0.0, 0.0, 0.0, 0.0, 0.0, 0.0, 0.0], [0.278236914600551, 0.8333333333333333, 0.7666666666666667, 0.7254901960784313, 0.75, 0.7272727272727273, 0.6666666666666667, 1.0, 0.278236914600551, 0.26170798898071623, 0.12672176308539945, 0.0, 0.0, 0.0, 0.0, 0.0, 0.0, 0.0, 0.0, 0.0, 0.0, 0.0, 0.0, 0.0, 0.0, 0.0, 0.0, 0.0, 0.0, 0.0, 0.0, 0.0], [0.24102343618869781, 1.0, 0.8, 0.7254901960784313, 0.75, 0.7272727272727273, 0.6666666666666667, 1.0, 0.24102343618869781, 0.278236914600551, 0.278236914600551, 0.0, 0.0, 0.0, 0.0, 0.0, 0.0, 0.0, 0.0, 0.0, 0.0, 0.0, 0.0, 0.0, 0.0, 0.0, 0.0, 0.0, 0.0, 0.0, 0.0, 0.0], [0.3207746744155884, 0.0, 0.8333333333333334, 0.7450980392156862, 0.75, 0.7272727272727273, 0.6666666666666667, 0.0, 0.3207746744155884, 0.27548209366391185, 0.27548209366391185, 0.0, 0.0, 0.0, 0.0, 1.0, 0.0, 0.0, 0.0, 0.0, 0.0, 0.0, 0.0, 0.0, 0.0, 0.0, 0.0, 0.0, 0.0, 0.0, 0.0, 0.0], [0.22939486801624298, 0.16666666666666666, 0.8666666666666667, 0.7450980392156862, 0.75, 0.7272727272727273, 0.6666666666666667, 0.0, 0.22939486801624298, 0.15151515151515152, 0.15151515151515152, 0.0, 0.0, 0.0, 0.0, 0.0, 0.0, 0.0, 0.0, 0.0, 0.0, 0.0, 0.0, 0.0, 0.0, 0.0, 0.0, 0.0, 0.0, 0.0, 0.0, 0.0], [0.17955829203128815, 0.3333333333333333, 0.9, 0.7450980392156862, 0.75, 0.7272727272727273, 0.6666666666666667, 0.0, 0.17955829203128815, 0.19008264462809918, 0.19008264462809918, 0.0, 0.0, 0.0, 0.0, 0.0, 0.0, 0.0, 0.0, 0.0, 0.0, 0.0, 0.0, 0.0, 0.0, 0.0, 0.0, 0.0, 0.0, 0.0, 0.0, 0.0]]",0.16631650924682617,60.3728928565979,2.0,28.0,39.0,4.0,9.0,3.0,0.0,65.1796600073576,69.0,69.0,0.0,0.0,0.0,0.0,0.0,0.0,0.0,0.0,0.0,0.0,0.0,0.0,0.0,0.0,0.0,0.0,0.0,0.0,0.0,0.0,0.0,0.3333333333333333,0.9,0.7450980392156862,0.75,0.7272727272727273,0.6666666666666667,0.0,0.17955829203128815,0.19008264462809918,0.19008264462809918,0.0,0.0,0.0,0.0,0.0,0.0,0.0,0.0,0.0,0.0,0.0,0.0,0.0,0.0,0.0,0.0,0.0,0.0,0.0,0.0,0.0
5,"[[0.1763085399449036, 0.6666666666666666, 0.7333333333333333, 0.7254901960784313, 0.75, 0.7272727272727273, 0.6666666666666667, 0.0, 0.1763085399449036, 0.1928374655647383, 0.14600550964187328, 0.0, 0.0, 0.0, 0.0, 0.0, 1.0, 0.0, 0.0, 0.0, 0.0, 0.0, 0.0, 0.0, 0.0, 0.0, 0.0, 0.0, 0.0, 0.0, 0.0, 0.0], [0.278236914600551, 0.8333333333333333, 0.7666666666666667, 0.7254901960784313, 0.75, 0.7272727272727273, 0.6666666666666667, 1.0, 0.278236914600551, 0.26170798898071623, 0.12672176308539945, 0.0, 0.0, 0.0, 0.0, 0.0, 0.0, 0.0, 0.0, 0.0, 0.0, 0.0, 0.0, 0.0, 0.0, 0.0, 0.0, 0.0, 0.0, 0.0, 0.0, 0.0], [0.24102343618869781, 1.0, 0.8, 0.7254901960784313, 0.75, 0.7272727272727273, 0.6666666666666667, 1.0, 0.24102343618869781, 0.278236914600551, 0.278236914600551, 0.0, 0.0, 0.0, 0.0, 0.0, 0.0, 0.0, 0.0, 0.0, 0.0, 0.0, 0.0, 0.0, 0.0, 0.0, 0.0, 0.0, 0.0, 0.0, 0.0, 0.0], [0.3207746744155884, 0.0, 0.8333333333333334, 0.7450980392156862, 0.75, 0.7272727272727273, 0.6666666666666667, 0.0, 0.3207746744155884, 0.27548209366391185, 0.27548209366391185, 0.0, 0.0, 0.0, 0.0, 1.0, 0.0, 0.0, 0.0, 0.0, 0.0, 0.0, 0.0, 0.0, 0.0, 0.0, 0.0, 0.0, 0.0, 0.0, 0.0, 0.0], [0.22939486801624298, 0.16666666666666666, 0.8666666666666667, 0.7450980392156862, 0.75, 0.7272727272727273, 0.6666666666666667, 0.0, 0.22939486801624298, 0.15151515151515152, 0.15151515151515152, 0.0, 0.0, 0.0, 0.0, 0.0, 0.0, 0.0, 0.0, 0.0, 0.0, 0.0, 0.0, 0.0, 0.0, 0.0, 0.0, 0.0, 0.0, 0.0, 0.0, 0.0], [0.17955829203128815, 0.3333333333333333, 0.9, 0.7450980392156862, 0.75, 0.7272727272727273, 0.6666666666666667, 0.0, 0.17955829203128815, 0.19008264462809918, 0.19008264462809918, 0.0, 0.0, 0.0, 0.0, 0.0, 0.0, 0.0, 0.0, 0.0, 0.0, 0.0, 0.0, 0.0, 0.0, 0.0, 0.0, 0.0, 0.0, 0.0, 0.0, 0.0], [0.16631650924682617, 0.5, 0.9333333333333333, 0.7450980392156862, 1.0, 0.7272727272727273, 0.6666666666666667, 0.0, 0.16631650924682617, 0.1763085399449036, 0.1763085399449036, 0.0, 0.0, 0.0, 0.0, 0.0, 0.0, 0.0, 0.0, 0.0, 0.0, 0.0, 0.0, 0.0, 0.0, 0.0, 0.0, 0.0, 0.0, 0.0, 0.0, 0.0]]",0.16830742359161377,61.0955947637558,3.0,29.0,39.0,5.0,9.0,3.0,0.0,60.3728928565979,64.0,64.0,0.0,0.0,0.0,0.0,0.0,0.0,0.0,0.0,0.0,0.0,0.0,0.0,0.0,0.0,0.0,0.0,0.0,0.0,0.0,0.0,0.0,0.5,0.9333333333333333,0.7450980392156862,1.0,0.7272727272727273,0.6666666666666667,0.0,0.16631650924682617,0.1763085399449036,0.1763085399449036,0.0,0.0,0.0,0.0,0.0,0.0,0.0,0.0,0.0,0.0,0.0,0.0,0.0,0.0,0.0,0.0,0.0,0.0,0.0,0.0,0.0
6,"[[0.278236914600551, 0.8333333333333333, 0.7666666666666667, 0.7254901960784313, 0.75, 0.7272727272727273, 0.6666666666666667, 1.0, 0.278236914600551, 0.26170798898071623, 0.12672176308539945, 0.0, 0.0, 0.0, 0.0, 0.0, 0.0, 0.0, 0.0, 0.0, 0.0, 0.0, 0.0, 0.0, 0.0, 0.0, 0.0, 0.0, 0.0, 0.0, 0.0, 0.0], [0.24102343618869781, 1.0, 0.8, 0.7254901960784313, 0.75, 0.7272727272727273, 0.6666666666666667, 1.0, 0.24102343618869781, 0.278236914600551, 0.278236914600551, 0.0, 0.0, 0.0, 0.0, 0.0, 0.0, 0.0, 0.0, 0.0, 0.0, 0.0, 0.0, 0.0, 0.0, 0.0, 0.0, 0.0, 0.0, 0.0, 0.0, 0.0], [0.3207746744155884, 0.0, 0.8333333333333334, 0.7450980392156862, 0.75, 0.7272727272727273, 0.6666666666666667, 0.0, 0.3207746744155884, 0.27548209366391185, 0.27548209366391185, 0.0, 0.0, 0.0, 0.0, 1.0, 0.0, 0.0, 0.0, 0.0, 0.0, 0.0, 0.0, 0.0, 0.0, 0.0, 0.0, 0.0, 0.0, 0.0, 0.0, 0.0], [0.22939486801624298, 0.16666666666666666, 0.8666666666666667, 0.7450980392156862, 0.75, 0.7272727272727273, 0.6666666666666667, 0.0, 0.22939486801624298, 0.15151515151515152, 0.15151515151515152, 0.0, 0.0, 0.0, 0.0, 0.0, 0.0, 0.0, 0.0, 0.0, 0.0, 0.0, 0.0, 0.0, 0.0, 0.0, 0.0, 0.0, 0.0, 0.0, 0.0, 0.0], [0.17955829203128815, 0.3333333333333333, 0.9, 0.7450980392156862, 0.75, 0.7272727272727273, 0.6666666666666667, 0.0, 0.17955829203128815, 0.19008264462809918, 0.19008264462809918, 0.0, 0.0, 0.0, 0.0, 0.0, 0.0, 0.0, 0.0, 0.0, 0.0, 0.0, 0.0, 0.0, 0.0, 0.0, 0.0, 0.0, 0.0, 0.0, 0.0, 0.0], [0.16631650924682617, 0.5, 0.9333333333333333, 0.7450980392156862, 1.0, 0.7272727272727273, 0.6666666666666667, 0.0, 0.16631650924682617, 0.1763085399449036, 0.1763085399449036, 0.0, 0.0, 0.0, 0.0, 0.0, 0.0, 0.0, 0.0, 0.0, 0.0, 0.0, 0.0, 0.0, 0.0, 0.0, 0.0, 0.0, 0.0, 0.0, 0.0, 0.0], [0.16830742359161377, 0.6666666666666666, 0.9666666666666667, 0.7450980392156862, 1.0, 0.7272727272727273, 0.6666666666666667, 0.0, 0.16830742359161377, 0.278236914600551, 0.278236914600551, 0.0, 1.0, 0.0, 1.0, 0.0, 1.0, 0.0, 0.0, 0.0, 0.0, 0.0, 0.0, 0.0, 0.0, 0.0, 0.0, 0.0, 0.0, 0.0, 0.0, 0.0]]",0.37274986505508423,135.30820101499557,4.0,30.0,39.0,5.0,9.0,3.0,0.0,61.0955947637558,101.00000000000001,101.00000000000001,0.0,1.0,0.0,1.0,0.0,1.0,0.0,0.0,0.0,0.0,0.0,0.0,0.0,0.0,0.0,0.0,0.0,0.0,0.0,0.0,0.0,0.6666666666666666,0.9666666666666667,0.7450980392156862,1.0,0.7272727272727273,0.6666666666666667,0.0,0.16830742359161377,0.278236914600551,0.278236914600551,0.0,1.0,0.0,1.0,0.0,1.0,0.0,0.0,0.0,0.0,0.0,0.0,0.0,0.0,0.0,0.0,0.0,0.0,0.0,0.0,0.0
7,"[[0.24102343618869781, 1.0, 0.8, 0.7254901960784313, 0.75, 0.7272727272727273, 0.6666666666666667, 1.0, 0.24102343618869781, 0.278236914600551, 0.278236914600551, 0.0, 0.0, 0.0, 0.0, 0.0, 0.0, 0.0, 0.0, 0.0, 0.0, 0.0, 0.0, 0.0, 0.0, 0.0, 0.0, 0.0, 0.0, 0.0, 0.0, 0.0], [0.3207746744155884, 0.0, 0.8333333333333334, 0.7450980392156862, 0.75, 0.7272727272727273, 0.6666666666666667, 0.0, 0.3207746744155884, 0.27548209366391185, 0.27548209366391185, 0.0, 0.0, 0.0, 0.0, 1.0, 0.0, 0.0, 0.0, 0.0, 0.0, 0.0, 0.0, 0.0, 0.0, 0.0, 0.0, 0.0, 0.0, 0.0, 0.0, 0.0], [0.22939486801624298, 0.16666666666666666, 0.8666666666666667, 0.7450980392156862, 0.75, 0.7272727272727273, 0.6666666666666667, 0.0, 0.22939486801624298, 0.15151515151515152, 0.15151515151515152, 0.0, 0.0, 0.0, 0.0, 0.0, 0.0, 0.0, 0.0, 0.0, 0.0, 0.0, 0.0, 0.0, 0.0, 0.0, 0.0, 0.0, 0.0, 0.0, 0.0, 0.0], [0.17955829203128815, 0.3333333333333333, 0.9, 0.7450980392156862, 0.75, 0.7272727272727273, 0.6666666666666667, 0.0, 0.17955829203128815, 0.19008264462809918, 0.19008264462809918, 0.0, 0.0, 0.0, 0.0, 0.0, 0.0, 0.0, 0.0, 0.0, 0.0, 0.0, 0.0, 0.0, 0.0, 0.0, 0.0, 0.0, 0.0, 0.0, 0.0, 0.0], [0.16631650924682617, 0.5, 0.9333333333333333, 0.7450980392156862, 1.0, 0.7272727272727273, 0.6666666666666667, 0.0, 0.16631650924682617, 0.1763085399449036, 0.1763085399449036, 0.0, 0.0, 0.0, 0.0, 0.0, 0.0, 0.0, 0.0, 0.0, 0.0, 0.0, 0.0, 0.0, 0.0, 0.0, 0.0, 0.0, 0.0, 0.0, 0.0, 0.0], [0.16830742359161377, 0.6666666666666666, 0.9666666666666667, 0.7450980392156862, 1.0, 0.7272727272727273, 0.6666666666666667, 0.0, 0.16830742359161377, 0.278236914600551, 0.278236914600551, 0.0, 1.0, 0.0, 1.0, 0.0, 1.0, 0.0, 0.0, 0.0, 0.0, 0.0, 0.0, 0.0, 0.0, 0.0, 0.0, 0.0, 0.0, 0.0, 0.0, 0.0], [0.37274986505508423, 0.8333333333333333, 0.0, 0.7450980392156862, 0.0, 0.8181818181818182, 1.0, 1.0, 0.372749854053676, 0.2410234393495502, 0.2410234393495502, 1.0, 0.0, 1.0, 0.0, 0.0, 0.0, 0.0, 0.0, 0.0, 0.0, 0.0, 0.0, 0.0, 0.0, 0.0, 0.0, 0.0, 0.0, 0.0, 0.0, 0.0]]",0.28700771927833557,104.18380209803581,5.0,1.0,39.0,1.0,10.0,4.0,1.0,135.30819702148438,87.49150848388672,87.49150848388672,1.0,0.0,1.0,0.0,0.0,0.0,0.0,0.0,0.0,0.0,0.0,0.0,0.0,0.0,0.0,0.0,0.0,0.0,0.0,0.0,0.0,0.8333333333333333,0.0,0.7450980392156862,0.0,0.8181818181818182,1.0,1.0,0.372749854053676,0.2410234393495502,0.2410234393495502,1.0,0.0,1.0,0.0,0.0,0.0,0.0,0.0,0.0,0.0,0.0,0.0,0.0,0.0,0.0,0.0,0.0,0.0,0.0,0.0,0.0
8,"[[0.3207746744155884, 0.0, 0.8333333333333334, 0.7450980392156862, 0.75, 0.7272727272727273, 0.6666666666666667, 0.0, 0.3207746744155884, 0.27548209366391185, 0.27548209366391185, 0.0, 0.0, 0.0, 0.0, 1.0, 0.0, 0.0, 0.0, 0.0, 0.0, 0.0, 0.0, 0.0, 0.0, 0.0, 0.0, 0.0, 0.0, 0.0, 0.0, 0.0], [0.22939486801624298, 0.16666666666666666, 0.8666666666666667, 0.7450980392156862, 0.75, 0.7272727272727273, 0.6666666666666667, 0.0, 0.22939486801624298, 0.15151515151515152, 0.15151515151515152, 0.0, 0.0, 0.0, 0.0, 0.0, 0.0, 0.0, 0.0, 0.0, 0.0, 0.0, 0.0, 0.0, 0.0, 0.0, 0.0, 0.0, 0.0, 0.0, 0.0, 0.0], [0.17955829203128815, 0.3333333333333333, 0.9, 0.7450980392156862, 0.75, 0.7272727272727273, 0.6666666666666667, 0.0, 0.17955829203128815, 0.19008264462809918, 0.19008264462809918, 0.0, 0.0, 0.0, 0.0, 0.0, 0.0, 0.0, 0.0, 0.0, 0.0, 0.0, 0.0, 0.0, 0.0, 0.0, 0.0, 0.0, 0.0, 0.0, 0.0, 0.0], [0.16631650924682617, 0.5, 0.9333333333333333, 0.7450980392156862, 1.0, 0.7272727272727273, 0.6666666666666667, 0.0, 0.16631650924682617, 0.1763085399449036, 0.1763085399449036, 0.0, 0.0, 0.0, 0.0, 0.0, 0.0, 0.0, 0.0, 0.0, 0.0, 0.0, 0.0, 0.0, 0.0, 0.0, 0.0, 0.0, 0.0, 0.0, 0.0, 0.0], [0.16830742359161377, 0.6666666666666666, 0.9666666666666667, 0.7450980392156862, 1.0, 0.7272727272727273, 0.6666666666666667, 0.0, 0.16830742359161377, 0.278236914600551, 0.278236914600551, 0.0, 1.0, 0.0, 1.0, 0.0, 1.0, 0.0, 0.0, 0.0, 0.0, 0.0, 0.0, 0.0, 0.0, 0.0, 0.0, 0.0, 0.0, 0.0, 0.0, 0.0], [0.37274986505508423, 0.8333333333333333, 0.0, 0.7450980392156862, 0.0, 0.8181818181818182, 1.0, 1.0, 0.372749854053676, 0.2410234393495502, 0.2410234393495502, 1.0, 0.0, 1.0, 0.0, 0.0, 0.0, 0.0, 0.0, 0.0, 0.0, 0.0, 0.0, 0.0, 0.0, 0.0, 0.0, 0.0, 0.0, 0.0, 0.0, 0.0], [0.28700771927833557, 1.0, 0.03333333333333333, 0.7450980392156862, 0.0, 0.8181818181818182, 1.0, 1.0, 0.2870077127924307, 0.3207746773711906, 0.3207746773711906, 0.0, 0.0, 0.0, 0.0, 0.0, 0.0, 0.0, 0.0, 0.0, 0.0, 0.0, 0.0, 0.0, 0.0, 0.0, 0.0, 0.0, 0.0, 0.0, 0.0, 0.0]]",0.2705007493495941,98.19177201390266,6.0,2.0,39.0,1.0,10.0,4.0,1.0,104.18379974365234,116.44120788574217,116.44120788574217,0.0,0.0,0.0,0.0,0.0,0.0,0.0,0.0,0.0,0.0,0.0,0.0,0.0,0.0,0.0,0.0,0.0,0.0,0.0,0.0,0.0,1.0,0.03333333333333333,0.7450980392156862,0.0,0.8181818181818182,1.0,1.0,0.2870077127924307,0.3207746773711906,0.3207746773711906,0.0,0.0,0.0,0.0,0.0,0.0,0.0,0.0,0.0,0.0,0.0,0.0,0.0,0.0,0.0,0.0,0.0,0.0,0.0,0.0,0.0
9,"[[0.22939486801624298, 0.16666666666666666, 0.8666666666666667, 0.7450980392156862, 0.75, 0.7272727272727273, 0.6666666666666667, 0.0, 0.22939486801624298, 0.15151515151515152, 0.15151515151515152, 0.0, 0.0, 0.0, 0.0, 0.0, 0.0, 0.0, 0.0, 0.0, 0.0, 0.0, 0.0, 0.0, 0.0, 0.0, 0.0, 0.0, 0.0, 0.0, 0.0, 0.0], [0.17955829203128815, 0.3333333333333333, 0.9, 0.7450980392156862, 0.75, 0.7272727272727273, 0.6666666666666667, 0.0, 0.17955829203128815, 0.19008264462809918, 0.19008264462809918, 0.0, 0.0, 0.0, 0.0, 0.0, 0.0, 0.0, 0.0, 0.0, 0.0, 0.0, 0.0, 0.0, 0.0, 0.0, 0.0, 0.0, 0.0, 0.0, 0.0, 0.0], [0.16631650924682617, 0.5, 0.9333333333333333, 0.7450980392156862, 1.0, 0.7272727272727273, 0.6666666666666667, 0.0, 0.16631650924682617, 0.1763085399449036, 0.1763085399449036, 0.0, 0.0, 0.0, 0.0, 0.0, 0.0, 0.0, 0.0, 0.0, 0.0, 0.0, 0.0, 0.0, 0.0, 0.0, 0.0, 0.0, 0.0, 0.0, 0.0, 0.0], [0.16830742359161377, 0.6666666666666666, 0.9666666666666667, 0.7450980392156862, 1.0, 0.7272727272727273, 0.6666666666666667, 0.0, 0.16830742359161377, 0.278236914600551, 0.278236914600551, 0.0, 1.0, 0.0, 1.0, 0.0, 1.0, 0.0, 0.0, 0.0, 0.0, 0.0, 0.0, 0.0, 0.0, 0.0, 0.0, 0.0, 0.0, 0.0, 0.0, 0.0], [0.37274986505508423, 0.8333333333333333, 0.0, 0.7450980392156862, 0.0, 0.8181818181818182, 1.0, 1.0, 0.372749854053676, 0.2410234393495502, 0.2410234393495502, 1.0, 0.0, 1.0, 0.0, 0.0, 0.0, 0.0, 0.0, 0.0, 0.0, 0.0, 0.0, 0.0, 0.0, 0.0, 0.0, 0.0, 0.0, 0.0, 0.0, 0.0], [0.28700771927833557, 1.0, 0.03333333333333333, 0.7450980392156862, 0.0, 0.8181818181818182, 1.0, 1.0, 0.2870077127924307, 0.3207746773711906, 0.3207746773711906, 0.0, 0.0, 0.0, 0.0, 0.0, 0.0, 0.0, 0.0, 0.0, 0.0, 0.0, 0.0, 0.0, 0.0, 0.0, 0.0, 0.0, 0.0, 0.0, 0.0, 0.0], [0.2705007493495941, 0.0, 0.06666666666666668, 0.7647058823529411, 0.0, 0.8181818181818182, 1.0, 0.0, 0.2705007505810951, 0.22939487593889893, 0.22939487593889893, 0.0, 0.0, 0.0, 0.0, 1.0, 0.0, 0.0, 0.0, 0.0, 0.0, 0.0, 0.0, 0.0, 0.0, 0.0, 0.0, 0.0, 0.0, 0.0, 0.0, 0.0]]",0.30621033906936646,111.15435308218002,0.0,3.0,40.0,1.0,10.0,4.0,0.0,98.19177246093751,83.27033996582031,83.27033996582031,0.0,0.0,0.0,0.0,1.0,0.0,0.0,0.0,0.0,0.0,0.0,0.0,0.0,0.0,0.0,0.0,0.0,0.0,0.0,0.0,0.0,0.0,0.06666666666666668,0.7647058823529411,0.0,0.8181818181818182,1.0,0.0,0.2705007505810951,0.22939487593889893,0.22939487593889893,0.0,0.0,0.0,0.0,1.0,0.0,0.0,0.0,0.0,0.0,0.0,0.0,0.0,0.0,0.0,0.0,0.0,0.0,0.0,0.0,0.0
10,"[[0.17955829203128815, 0.3333333333333333, 0.9, 0.7450980392156862, 0.75, 0.7272727272727273, 0.6666666666666667, 0.0, 0.17955829203128815, 0.19008264462809918, 0.19008264462809918, 0.0, 0.0, 0.0, 0.0, 0.0, 0.0, 0.0, 0.0, 0.0, 0.0, 0.0, 0.0, 0.0, 0.0, 0.0, 0.0, 0.0, 0.0, 0.0, 0.0, 0.0], [0.16631650924682617, 0.5, 0.9333333333333333, 0.7450980392156862, 1.0, 0.7272727272727273, 0.6666666666666667, 0.0, 0.16631650924682617, 0.1763085399449036, 0.1763085399449036, 0.0, 0.0, 0.0, 0.0, 0.0, 0.0, 0.0, 0.0, 0.0, 0.0, 0.0, 0.0, 0.0, 0.0, 0.0, 0.0, 0.0, 0.0, 0.0, 0.0, 0.0], [0.16830742359161377, 0.6666666666666666, 0.9666666666666667, 0.7450980392156862, 1.0, 0.7272727272727273, 0.6666666666666667, 0.0, 0.16830742359161377, 0.278236914600551, 0.278236914600551, 0.0, 1.0, 0.0, 1.0, 0.0, 1.0, 0.0, 0.0, 0.0, 0.0, 0.0, 0.0, 0.0, 0.0, 0.0, 0.0, 0.0, 0.0, 0.0, 0.0, 0.0], [0.37274986505508423, 0.8333333333333333, 0.0, 0.7450980392156862, 0.0, 0.8181818181818182, 1.0, 1.0, 0.372749854053676, 0.2410234393495502, 0.2410234393495502, 1.0, 0.0, 1.0, 0.0, 0.0, 0.0, 0.0, 0.0, 0.0, 0.0, 0.0, 0.0, 0.0, 0.0, 0.0, 0.0, 0.0, 0.0, 0.0, 0.0, 0.0], [0.28700771927833557, 1.0, 0.03333333333333333, 0.7450980392156862, 0.0, 0.8181818181818182, 1.0, 1.0, 0.2870077127924307, 0.3207746773711906, 0.3207746773711906, 0.0, 0.0, 0.0, 0.0, 0.0, 0.0, 0.0, 0.0, 0.0, 0.0, 0.0, 0.0, 0.0, 0.0, 0.0, 0.0, 0.0, 0.0, 0.0, 0.0, 0.0], [0.2705007493495941, 0.0, 0.06666666666666668, 0.7647058823529411, 0.0, 0.8181818181818182, 1.0, 0.0, 0.2705007505810951, 0.22939487593889893, 0.22939487593889893, 0.0, 0.0, 0.0, 0.0, 1.0, 0.0, 0.0, 0.0, 0.0, 0.0, 0.0, 0.0, 0.0, 0.0, 0.0, 0.0, 0.0, 0.0, 0.0, 0.0, 0.0], [0.30621033906936646, 0.16666666666666666, 0.1, 0.7647058823529411, 0.0, 0.8181818181818182, 1.0, 0.0, 0.3062103313519607, 0.1795582836981319, 0.1795582836981319, 0.0, 0.0, 0.0, 0.0, 0.0, 0.0, 0.0, 0.0, 0.0, 0.0, 0.0, 0.0, 0.0, 0.0, 0.0, 0.0, 0.0, 0.0, 0.0, 0.0, 0.0]]",0.18985430896282196,68.91711415350437,1.0,4.0,40.0,1.0,10.0,4.0,0.0,111.15435028076172,65.17965698242188,65.17965698242188,0.0,0.0,0.0,0.0,0.0,0.0,0.0,0.0,0.0,0.0,0.0,0.0,0.0,0.0,0.0,0.0,0.0,0.0,0.0,0.0,0.0,0.16666666666666666,0.1,0.7647058823529411,0.0,0.8181818181818182,1.0,0.0,0.3062103313519607,0.1795582836981319,0.1795582836981319,0.0,0.0,0.0,0.0,0.0,0.0,0.0,0.0,0.0,0.0,0.0,0.0,0.0,0.0,0.0,0.0,0.0,0.0,0.0,0.0,0.0
11,"[[0.16631650924682617, 0.5, 0.9333333333333333, 0.7450980392156862, 1.0, 0.7272727272727273, 0.6666666666666667, 0.0, 0.16631650924682617, 0.1763085399449036, 0.1763085399449036, 0.0, 0.0, 0.0, 0.0, 0.0, 0.0, 0.0, 0.0, 0.0, 0.0, 0.0, 0.0, 0.0, 0.0, 0.0, 0.0, 0.0, 0.0, 0.0, 0.0, 0.0], [0.16830742359161377, 0.6666666666666666, 0.9666666666666667, 0.7450980392156862, 1.0, 0.7272727272727273, 0.6666666666666667, 0.0, 0.16830742359161377, 0.278236914600551, 0.278236914600551, 0.0, 1.0, 0.0, 1.0, 0.0, 1.0, 0.0, 0.0, 0.0, 0.0, 0.0, 0.0, 0.0, 0.0, 0.0, 0.0, 0.0, 0.0, 0.0, 0.0, 0.0], [0.37274986505508423, 0.8333333333333333, 0.0, 0.7450980392156862, 0.0, 0.8181818181818182, 1.0, 1.0, 0.372749854053676, 0.2410234393495502, 0.2410234393495502, 1.0, 0.0, 1.0, 0.0, 0.0, 0.0, 0.0, 0.0, 0.0, 0.0, 0.0, 0.0, 0.0, 0.0, 0.0, 0.0, 0.0, 0.0, 0.0, 0.0, 0.0], [0.28700771927833557, 1.0, 0.03333333333333333, 0.7450980392156862, 0.0, 0.8181818181818182, 1.0, 1.0, 0.2870077127924307, 0.3207746773711906, 0.3207746773711906, 0.0, 0.0, 0.0, 0.0, 0.0, 0.0, 0.0, 0.0, 0.0, 0.0, 0.0, 0.0, 0.0, 0.0, 0.0, 0.0, 0.0, 0.0, 0.0, 0.0, 0.0], [0.2705007493495941, 0.0, 0.06666666666666668, 0.7647058823529411, 0.0, 0.8181818181818182, 1.0, 0.0, 0.2705007505810951, 0.22939487593889893, 0.22939487593889893, 0.0, 0.0, 0.0, 0.0, 1.0, 0.0, 0.0, 0.0, 0.0, 0.0, 0.0, 0.0, 0.0, 0.0, 0.0, 0.0, 0.0, 0.0, 0.0, 0.0, 0.0], [0.30621033906936646, 0.16666666666666666, 0.1, 0.7647058823529411, 0.0, 0.8181818181818182, 1.0, 0.0, 0.3062103313519607, 0.1795582836981319, 0.1795582836981319, 0.0, 0.0, 0.0, 0.0, 0.0, 0.0, 0.0, 0.0, 0.0, 0.0, 0.0, 0.0, 0.0, 0.0, 0.0, 0.0, 0.0, 0.0, 0.0, 0.0, 0.0], [0.18985430896282196, 0.3333333333333333, 0.13333333333333333, 0.7647058823529411, 0.0, 0.8181818181818182, 1.0, 0.0, 0.1898543092501722, 0.16631651318762913, 0.16631651318762913, 0.0, 0.0, 0.0, 0.0, 0.0, 0.0, 0.0, 0.0, 0.0, 0.0, 0.0, 0.0, 0.0, 0.0, 0.0, 0.0, 0.0, 0.0, 0.0, 0.0, 0.0]]",0.1734285056591034,62.95454755425453,2.0,5.0,40.0,1.0,10.0,4.0,0.0,68.9171142578125,60.372894287109375,60.372894287109375,0.0,0.0,0.0,0.0,0.0,0.0,0.0,0.0,0.0,0.0,0.0,0.0,0.0,0.0,0.0,0.0,0.0,0.0,0.0,0.0,0.0,0.3333333333333333,0.13333333333333333,0.7647058823529411,0.0,0.8181818181818182,1.0,0.0,0.1898543092501722,0.16631651318762913,0.16631651318762913,0.0,0.0,0.0,0.0,0.0,0.0,0.0,0.0,0.0,0.0,0.0,0.0,0.0,0.0,0.0,0.0,0.0,0.0,0.0,0.0,0.0
12,"[[0.16830742359161377, 0.6666666666666666, 0.9666666666666667, 0.7450980392156862, 1.0, 0.7272727272727273, 0.6666666666666667, 0.0, 0.16830742359161377, 0.278236914600551, 0.278236914600551, 0.0, 1.0, 0.0, 1.0, 0.0, 1.0, 0.0, 0.0, 0.0, 0.0, 0.0, 0.0, 0.0, 0.0, 0.0, 0.0, 0.0, 0.0, 0.0, 0.0, 0.0], [0.37274986505508423, 0.8333333333333333, 0.0, 0.7450980392156862, 0.0, 0.8181818181818182, 1.0, 1.0, 0.372749854053676, 0.2410234393495502, 0.2410234393495502, 1.0, 0.0, 1.0, 0.0, 0.0, 0.0, 0.0, 0.0, 0.0, 0.0, 0.0, 0.0, 0.0, 0.0, 0.0, 0.0, 0.0, 0.0, 0.0, 0.0, 0.0], [0.28700771927833557, 1.0, 0.03333333333333333, 0.7450980392156862, 0.0, 0.8181818181818182, 1.0, 1.0, 0.2870077127924307, 0.3207746773711906, 0.3207746773711906, 0.0, 0.0, 0.0, 0.0, 0.0, 0.0, 0.0, 0.0, 0.0, 0.0, 0.0, 0.0, 0.0, 0.0, 0.0, 0.0, 0.0, 0.0, 0.0, 0.0, 0.0], [0.2705007493495941, 0.0, 0.06666666666666668, 0.7647058823529411, 0.0, 0.8181818181818182, 1.0, 0.0, 0.2705007505810951, 0.22939487593889893, 0.22939487593889893, 0.0, 0.0, 0.0, 0.0, 1.0, 0.0, 0.0, 0.0, 0.0, 0.0, 0.0, 0.0, 0.0, 0.0, 0.0, 0.0, 0.0, 0.0, 0.0, 0.0, 0.0], [0.30621033906936646, 0.16666666666666666, 0.1, 0.7647058823529411, 0.0, 0.8181818181818182, 1.0, 0.0, 0.3062103313519607, 0.1795582836981319, 0.1795582836981319, 0.0, 0.0, 0.0, 0.0, 0.0, 0.0, 0.0, 0.0, 0.0, 0.0, 0.0, 0.0, 0.0, 0.0, 0.0, 0.0, 0.0, 0.0, 0.0, 0.0, 0.0], [0.18985430896282196, 0.3333333333333333, 0.13333333333333333, 0.7647058823529411, 0.0, 0.8181818181818182, 1.0, 0.0, 0.1898543092501722, 0.16631651318762913, 0.16631651318762913, 0.0, 0.0, 0.0, 0.0, 0.0, 0.0, 0.0, 0.0, 0.0, 0.0, 0.0, 0.0, 0.0, 0.0, 0.0, 0.0, 0.0, 0.0, 0.0, 0.0, 0.0], [0.1734285056591034, 0.5, 0.16666666666666669, 0.7647058823529411, 0.0, 0.8181818181818182, 1.0, 0.0, 0.17342850656220407, 0.16830742786081698, 0.16830742786081698, 0.0, 0.0, 0.0, 0.0, 0.0, 0.0, 0.0, 0.0, 0.0, 0.0, 0.0, 0.0, 0.0, 0.0, 0.0, 0.0, 0.0, 0.0, 0.0, 0.0, 0.0]]",0.16991586983203888,61.67946074903011,3.0,6.0,40.0,1.0,10.0,4.0,0.0,62.95454788208008,61.09559631347656,61.09559631347656,0.0,0.0,0.0,0.0,0.0,0.0,0.0,0.0,0.0,0.0,0.0,0.0,0.0,0.0,0.0,0.0,0.0,0.0,0.0,0.0,0.0,0.5,0.16666666666666669,0.7647058823529411,0.0,0.8181818181818182,1.0,0.0,0.17342850656220407,0.16830742786081698,0.16830742786081698,0.0,0.0,0.0,0.0,0.0,0.0,0.0,0.0,0.0,0.0,0.0,0.0,0.0,0.0,0.0,0.0,0.0,0.0,0.0,0.0,0.0
13,"[[0.37274986505508423, 0.8333333333333333, 0.0, 0.7450980392156862, 0.0, 0.8181818181818182, 1.0, 1.0, 0.372749854053676, 0.2410234393495502, 0.2410234393495502, 1.0, 0.0, 1.0, 0.0, 0.0, 0.0, 0.0, 0.0, 0.0, 0.0, 0.0, 0.0, 0.0, 0.0, 0.0, 0.0, 0.0, 0.0, 0.0, 0.0, 0.0], [0.28700771927833557, 1.0, 0.03333333333333333, 0.7450980392156862, 0.0, 0.8181818181818182, 1.0, 1.0, 0.2870077127924307, 0.3207746773711906, 0.3207746773711906, 0.0, 0.0, 0.0, 0.0, 0.0, 0.0, 0.0, 0.0, 0.0, 0.0, 0.0, 0.0, 0.0, 0.0, 0.0, 0.0, 0.0, 0.0, 0.0, 0.0, 0.0], [0.2705007493495941, 0.0, 0.06666666666666668, 0.7647058823529411, 0.0, 0.8181818181818182, 1.0, 0.0, 0.2705007505810951, 0.22939487593889893, 0.22939487593889893, 0.0, 0.0, 0.0, 0.0, 1.0, 0.0, 0.0, 0.0, 0.0, 0.0, 0.0, 0.0, 0.0, 0.0, 0.0, 0.0, 0.0, 0.0, 0.0, 0.0, 0.0], [0.30621033906936646, 0.16666666666666666, 0.1, 0.7647058823529411, 0.0, 0.8181818181818182, 1.0, 0.0, 0.3062103313519607, 0.1795582836981319, 0.1795582836981319, 0.0, 0.0, 0.0, 0.0, 0.0, 0.0, 0.0, 0.0, 0.0, 0.0, 0.0, 0.0, 0.0, 0.0, 0.0, 0.0, 0.0, 0.0, 0.0, 0.0, 0.0], [0.18985430896282196, 0.3333333333333333, 0.13333333333333333, 0.7647058823529411, 0.0, 0.8181818181818182, 1.0, 0.0, 0.1898543092501722, 0.16631651318762913, 0.16631651318762913, 0.0, 0.0, 0.0, 0.0, 0.0, 0.0, 0.0, 0.0, 0.0, 0.0, 0.0, 0.0, 0.0, 0.0, 0.0, 0.0, 0.0, 0.0, 0.0, 0.0, 0.0], [0.1734285056591034, 0.5, 0.16666666666666669, 0.7647058823529411, 0.0, 0.8181818181818182, 1.0, 0.0, 0.17342850656220407, 0.16830742786081698, 0.16830742786081698, 0.0, 0.0, 0.0, 0.0, 0.0, 0.0, 0.0, 0.0, 0.0, 0.0, 0.0, 0.0, 0.0, 0.0, 0.0, 0.0, 0.0, 0.0, 0.0, 0.0, 0.0], [0.16991586983203888, 0.6666666666666666, 0.2, 0.7647058823529411, 0.0, 0.8181818181818182, 1.0, 0.0, 0.16991587447069237, 0.372749854053676, 0.372749854053676, 0.0, 0.0, 0.0, 0.0, 0.0, 1.0, 0.0, 0.0, 0.0, 0.0, 0.0, 0.0, 0.0, 0.0, 0.0, 0.0, 0.0, 0.0, 0.0, 0.0, 0.0]]",0.1928519606590271,70.00526171922684,4.0,7.0,40.0,1.0,10.0,4.0,0.0,61.67946243286133,135.30819702148438,135.30819702148438,0.0,0.0,0.0,0.0,0.0,1.0,0.0,0.0,0.0,0.0,0.0,0.0,0.0,0.0,0.0,0.0,0.0,0.0,0.0,0.0,0.0,0.6666666666666666,0.2,0.7647058823529411,0.0,0.8181818181818182,1.0,0.0,0.16991587447069237,0.372749854053676,0.372749854053676,0.0,0.0,0.0,0.0,0.0,1.0,0.0,0.0,0.0,0.0,0.0,0.0,0.0,0.0,0.0,0.0,0.0,0.0,0.0,0.0,0.0
14,"[[0.28700771927833557, 1.0, 0.03333333333333333, 0.7450980392156862, 0.0, 0.8181818181818182, 1.0, 1.0, 0.2870077127924307, 0.3207746773711906, 0.3207746773711906, 0.0, 0.0, 0.0, 0.0, 0.0, 0.0, 0.0, 0.0, 0.0, 0.0, 0.0, 0.0, 0.0, 0.0, 0.0, 0.0, 0.0, 0.0, 0.0, 0.0, 0.0], [0.2705007493495941, 0.0, 0.06666666666666668, 0.7647058823529411, 0.0, 0.8181818181818182, 1.0, 0.0, 0.2705007505810951, 0.22939487593889893, 0.22939487593889893, 0.0, 0.0, 0.0, 0.0, 1.0, 0.0, 0.0, 0.0, 0.0, 0.0, 0.0, 0.0, 0.0, 0.0, 0.0, 0.0, 0.0, 0.0, 0.0, 0.0, 0.0], [0.30621033906936646, 0.16666666666666666, 0.1, 0.7647058823529411, 0.0, 0.8181818181818182, 1.0, 0.0, 0.3062103313519607, 0.1795582836981319, 0.1795582836981319, 0.0, 0.0, 0.0, 0.0, 0.0, 0.0, 0.0, 0.0, 0.0, 0.0, 0.0, 0.0, 0.0, 0.0, 0.0, 0.0, 0.0, 0.0, 0.0, 0.0, 0.0], [0.18985430896282196, 0.3333333333333333, 0.13333333333333333, 0.7647058823529411, 0.0, 0.8181818181818182, 1.0, 0.0, 0.1898543092501722, 0.16631651318762913, 0.16631651318762913, 0.0, 0.0, 0.0, 0.0, 0.0, 0.0, 0.0, 0.0, 0.0, 0.0, 0.0, 0.0, 0.0, 0.0, 0.0, 0.0, 0.0, 0.0, 0.0, 0.0, 0.0], [0.1734285056591034, 0.5, 0.16666666666666669, 0.7647058823529411, 0.0, 0.8181818181818182, 1.0, 0.0, 0.17342850656220407, 0.16830742786081698, 0.16830742786081698, 0.0, 0.0, 0.0, 0.0, 0.0, 0.0, 0.0, 0.0, 0.0, 0.0, 0.0, 0.0, 0.0, 0.0, 0.0, 0.0, 0.0, 0.0, 0.0, 0.0, 0.0], [0.16991586983203888, 0.6666666666666666, 0.2, 0.7647058823529411, 0.0, 0.8181818181818182, 1.0, 0.0, 0.16991587447069237, 0.372749854053676, 0.372749854053676, 0.0, 0.0, 0.0, 0.0, 0.0, 1.0, 0.0, 0.0, 0.0, 0.0, 0.0, 0.0, 0.0, 0.0, 0.0, 0.0, 0.0, 0.0, 0.0, 0.0, 0.0], [0.1928519606590271, 0.8333333333333333, 0.23333333333333334, 0.7647058823529411, 0.25, 0.8181818181818182, 1.0, 1.0, 0.19285196771963242, 0.2870077127924307, 0.2870077127924307, 0.0, 0.0, 0.0, 0.0, 0.0, 0.0, 0.0, 0.0, 0.0, 0.0, 0.0, 0.0, 0.0, 0.0, 0.0, 0.0, 0.0, 0.0, 0.0, 0.0, 0.0]]",0.2721753716468811,98.79965990781784,5.0,8.0,40.0,2.0,10.0,4.0,1.0,70.00526428222656,104.18379974365234,104.18379974365234,0.0,0.0,0.0,0.0,0.0,0.0,0.0,0.0,0.0,0.0,0.0,0.0,0.0,0.0,0.0,0.0,0.0,0.0,0.0,0.0,0.0,0.8333333333333333,0.23333333333333334,0.7647058823529411,0.25,0.8181818181818182,1.0,1.0,0.19285196771963242,0.2870077127924307,0.2870077127924307,0.0,0.0,0.0,0.0,0.0,0.0,0.0,0.0,0.0,0.0,0.0,0.0,0.0,0.0,0.0,0.0,0.0,0.0,0.0,0.0,0.0
15,"[[0.2705007493495941, 0.0, 0.06666666666666668, 0.7647058823529411, 0.0, 0.8181818181818182, 1.0, 0.0, 0.2705007505810951, 0.22939487593889893, 0.22939487593889893, 0.0, 0.0, 0.0, 0.0, 1.0, 0.0, 0.0, 0.0, 0.0, 0.0, 0.0, 0.0, 0.0, 0.0, 0.0, 0.0, 0.0, 0.0, 0.0, 0.0, 0.0], [0.30621033906936646, 0.16666666666666666, 0.1, 0.7647058823529411, 0.0, 0.8181818181818182, 1.0, 0.0, 0.3062103313519607, 0.1795582836981319, 0.1795582836981319, 0.0, 0.0, 0.0, 0.0, 0.0, 0.0, 0.0, 0.0, 0.0, 0.0, 0.0, 0.0, 0.0, 0.0, 0.0, 0.0, 0.0, 0.0, 0.0, 0.0, 0.0], [0.18985430896282196, 0.3333333333333333, 0.13333333333333333, 0.7647058823529411, 0.0, 0.8181818181818182, 1.0, 0.0, 0.1898543092501722, 0.16631651318762913, 0.16631651318762913, 0.0, 0.0, 0.0, 0.0, 0.0, 0.0, 0.0, 0.0, 0.0, 0.0, 0.0, 0.0, 0.0, 0.0, 0.0, 0.0, 0.0, 0.0, 0.0, 0.0, 0.0], [0.1734285056591034, 0.5, 0.16666666666666669, 0.7647058823529411, 0.0, 0.8181818181818182, 1.0, 0.0, 0.17342850656220407, 0.16830742786081698, 0.16830742786081698, 0.0, 0.0, 0.0, 0.0, 0.0, 0.0, 0.0, 0.0, 0.0, 0.0, 0.0, 0.0, 0.0, 0.0, 0.0, 0.0, 0.0, 0.0, 0.0, 0.0, 0.0], [0.16991586983203888, 0.6666666666666666, 0.2, 0.7647058823529411, 0.0, 0.8181818181818182, 1.0, 0.0, 0.16991587447069237, 0.372749854053676, 0.372749854053676, 0.0, 0.0, 0.0, 0.0, 0.0, 1.0, 0.0, 0.0, 0.0, 0.0, 0.0, 0.0, 0.0, 0.0, 0.0, 0.0, 0.0, 0.0, 0.0, 0.0, 0.0], [0.1928519606590271, 0.8333333333333333, 0.23333333333333334, 0.7647058823529411, 0.25, 0.8181818181818182, 1.0, 1.0, 0.19285196771963242, 0.2870077127924307, 0.2870077127924307, 0.0, 0.0, 0.0, 0.0, 0.0, 0.0, 0.0, 0.0, 0.0, 0.0, 0.0, 0.0, 0.0, 0.0, 0.0, 0.0, 0.0, 0.0, 0.0, 0.0, 0.0], [0.2721753716468811, 1.0, 0.26666666666666666, 0.7647058823529411, 0.25, 0.8181818181818182, 1.0, 1.0, 0.27217537115428075, 0.2705007505810951, 0.2705007505810951, 0.0, 0.0, 0.0, 0.0, 0.0, 0.0, 0.0, 0.0, 0.0, 0.0, 0.0, 0.0, 0.0, 0.0, 0.0, 0.0, 0.0, 0.0, 0.0, 0.0, 0.0]]",0.25410377979278564,92.23967206478119,6.0,9.0,40.0,2.0,10.0,4.0,1.0,98.7996597290039,98.19177246093751,98.19177246093751,0.0,0.0,0.0,0.0,0.0,0.0,0.0,0.0,0.0,0.0,0.0,0.0,0.0,0.0,0.0,0.0,0.0,0.0,0.0,0.0,0.0,1.0,0.26666666666666666,0.7647058823529411,0.25,0.8181818181818182,1.0,1.0,0.27217537115428075,0.2705007505810951,0.2705007505810951,0.0,0.0,0.0,0.0,0.0,0.0,0.0,0.0,0.0,0.0,0.0,0.0,0.0,0.0,0.0,0.0,0.0,0.0,0.0,0.0,0.0
16,"[[0.30621033906936646, 0.16666666666666666, 0.1, 0.7647058823529411, 0.0, 0.8181818181818182, 1.0, 0.0, 0.3062103313519607, 0.1795582836981319, 0.1795582836981319, 0.0, 0.0, 0.0, 0.0, 0.0, 0.0, 0.0, 0.0, 0.0, 0.0, 0.0, 0.0, 0.0, 0.0, 0.0, 0.0, 0.0, 0.0, 0.0, 0.0, 0.0], [0.18985430896282196, 0.3333333333333333, 0.13333333333333333, 0.7647058823529411, 0.0, 0.8181818181818182, 1.0, 0.0, 0.1898543092501722, 0.16631651318762913, 0.16631651318762913, 0.0, 0.0, 0.0, 0.0, 0.0, 0.0, 0.0, 0.0, 0.0, 0.0, 0.0, 0.0, 0.0, 0.0, 0.0, 0.0, 0.0, 0.0, 0.0, 0.0, 0.0], [0.1734285056591034, 0.5, 0.16666666666666669, 0.7647058823529411, 0.0, 0.8181818181818182, 1.0, 0.0, 0.17342850656220407, 0.16830742786081698, 0.16830742786081698, 0.0, 0.0, 0.0, 0.0, 0.0, 0.0, 0.0, 0.0, 0.0, 0.0, 0.0, 0.0, 0.0, 0.0, 0.0, 0.0, 0.0, 0.0, 0.0, 0.0, 0.0], [0.16991586983203888, 0.6666666666666666, 0.2, 0.7647058823529411, 0.0, 0.8181818181818182, 1.0, 0.0, 0.16991587447069237, 0.372749854053676, 0.372749854053676, 0.0, 0.0, 0.0, 0.0, 0.0, 1.0, 0.0, 0.0, 0.0, 0.0, 0.0, 0.0, 0.0, 0.0, 0.0, 0.0, 0.0, 0.0, 0.0, 0.0, 0.0], [0.1928519606590271, 0.8333333333333333, 0.23333333333333334, 0.7647058823529411, 0.25, 0.8181818181818182, 1.0, 1.0, 0.19285196771963242, 0.2870077127924307, 0.2870077127924307, 0.0, 0.0, 0.0, 0.0, 0.0, 0.0, 0.0, 0.0, 0.0, 0.0, 0.0, 0.0, 0.0, 0.0, 0.0, 0.0, 0.0, 0.0, 0.0, 0.0, 0.0], [0.2721753716468811, 1.0, 0.26666666666666666, 0.7647058823529411, 0.25, 0.8181818181818182, 1.0, 1.0, 0.27217537115428075, 0.2705007505810951, 0.2705007505810951, 0.0, 0.0, 0.0, 0.0, 0.0, 0.0, 0.0, 0.0, 0.0, 0.0, 0.0, 0.0, 0.0, 0.0, 0.0, 0.0, 0.0, 0.0, 0.0, 0.0, 0.0], [0.25410377979278564, 0.0, 0.3, 0.7843137254901961, 0.25, 0.8181818181818182, 1.0, 0.0, 0.254103773553181, 0.3062103313519607, 0.3062103313519607, 0.0, 0.0, 0.0, 0.0, 1.0, 0.0, 0.0, 0.0, 0.0, 0.0, 0.0, 0.0, 0.0, 0.0, 0.0, 0.0, 0.0, 0.0, 0.0, 0.0, 0.0]]",0.20210108160972595,73.36269262433052,0.0,10.0,41.0,2.0,10.0,4.0,0.0,92.23966979980469,111.15435028076172,111.15435028076172,0.0,0.0,0.0,0.0,1.0,0.0,0.0,0.0,0.0,0.0,0.0,0.0,0.0,0.0,0.0,0.0,0.0,0.0,0.0,0.0,0.0,0.0,0.3,0.7843137254901961,0.25,0.8181818181818182,1.0,0.0,0.254103773553181,0.3062103313519607,0.3062103313519607,0.0,0.0,0.0,0.0,1.0,0.0,0.0,0.0,0.0,0.0,0.0,0.0,0.0,0.0,0.0,0.0,0.0,0.0,0.0,0.0,0.0
17,"[[0.18985430896282196, 0.3333333333333333, 0.13333333333333333, 0.7647058823529411, 0.0, 0.8181818181818182, 1.0, 0.0, 0.1898543092501722, 0.16631651318762913, 0.16631651318762913, 0.0, 0.0, 0.0, 0.0, 0.0, 0.0, 0.0, 0.0, 0.0, 0.0, 0.0, 0.0, 0.0, 0.0, 0.0, 0.0, 0.0, 0.0, 0.0, 0.0, 0.0], [0.1734285056591034, 0.5, 0.16666666666666669, 0.7647058823529411, 0.0, 0.8181818181818182, 1.0, 0.0, 0.17342850656220407, 0.16830742786081698, 0.16830742786081698, 0.0, 0.0, 0.0, 0.0, 0.0, 0.0, 0.0, 0.0, 0.0, 0.0, 0.0, 0.0, 0.0, 0.0, 0.0, 0.0, 0.0, 0.0, 0.0, 0.0, 0.0], [0.16991586983203888, 0.6666666666666666, 0.2, 0.7647058823529411, 0.0, 0.8181818181818182, 1.0, 0.0, 0.16991587447069237, 0.372749854053676, 0.372749854053676, 0.0, 0.0, 0.0, 0.0, 0.0, 1.0, 0.0, 0.0, 0.0, 0.0, 0.0, 0.0, 0.0, 0.0, 0.0, 0.0, 0.0, 0.0, 0.0, 0.0, 0.0], [0.1928519606590271, 0.8333333333333333, 0.23333333333333334, 0.7647058823529411, 0.25, 0.8181818181818182, 1.0, 1.0, 0.19285196771963242, 0.2870077127924307, 0.2870077127924307, 0.0, 0.0, 0.0, 0.0, 0.0, 0.0, 0.0, 0.0, 0.0, 0.0, 0.0, 0.0, 0.0, 0.0, 0.0, 0.0, 0.0, 0.0, 0.0, 0.0, 0.0], [0.2721753716468811, 1.0, 0.26666666666666666, 0.7647058823529411, 0.25, 0.8181818181818182, 1.0, 1.0, 0.27217537115428075, 0.2705007505810951, 0.2705007505810951, 0.0, 0.0, 0.0, 0.0, 0.0, 0.0, 0.0, 0.0, 0.0, 0.0, 0.0, 0.0, 0.0, 0.0, 0.0, 0.0, 0.0, 0.0, 0.0, 0.0, 0.0], [0.25410377979278564, 0.0, 0.3, 0.7843137254901961, 0.25, 0.8181818181818182, 1.0, 0.0, 0.254103773553181, 0.3062103313519607, 0.3062103313519607, 0.0, 0.0, 0.0, 0.0, 1.0, 0.0, 0.0, 0.0, 0.0, 0.0, 0.0, 0.0, 0.0, 0.0, 0.0, 0.0, 0.0, 0.0, 0.0, 0.0, 0.0], [0.20210108160972595, 0.16666666666666666, 0.3333333333333333, 0.7843137254901961, 0.25, 0.8181818181818182, 1.0, 0.0, 0.20210108481162836, 0.1898543092501722, 0.1898543092501722, 0.0, 0.0, 0.0, 0.0, 0.0, 0.0, 0.0, 0.0, 0.0, 0.0, 0.0, 0.0, 0.0, 0.0, 0.0, 0.0, 0.0, 0.0, 0.0, 0.0, 0.0]]",0.1720389425754547,62.45013615489006,1.0,11.0,41.0,2.0,10.0,4.0,0.0,73.3626937866211,68.9171142578125,68.9171142578125,0.0,0.0,0.0,0.0,0.0,0.0,0.0,0.0,0.0,0.0,0.0,0.0,0.0,0.0,0.0,0.0,0.0,0.0,0.0,0.0,0.0,0.16666666666666666,0.3333333333333333,0.7843137254901961,0.25,0.8181818181818182,1.0,0.0,0.20210108481162836,0.1898543092501722,0.1898543092501722,0.0,0.0,0.0,0.0,0.0,0.0,0.0,0.0,0.0,0.0,0.0,0.0,0.0,0.0,0.0,0.0,0.0,0.0,0.0,0.0,0.0
18,"[[0.1734285056591034, 0.5, 0.16666666666666669, 0.7647058823529411, 0.0, 0.8181818181818182, 1.0, 0.0, 0.17342850656220407, 0.16830742786081698, 0.16830742786081698, 0.0, 0.0, 0.0, 0.0, 0.0, 0.0, 0.0, 0.0, 0.0, 0.0, 0.0, 0.0, 0.0, 0.0, 0.0, 0.0, 0.0, 0.0, 0.0, 0.0, 0.0], [0.16991586983203888, 0.6666666666666666, 0.2, 0.7647058823529411, 0.0, 0.8181818181818182, 1.0, 0.0, 0.16991587447069237, 0.372749854053676, 0.372749854053676, 0.0, 0.0, 0.0, 0.0, 0.0, 1.0, 0.0, 0.0, 0.0, 0.0, 0.0, 0.0, 0.0, 0.0, 0.0, 0.0, 0.0, 0.0, 0.0, 0.0, 0.0], [0.1928519606590271, 0.8333333333333333, 0.23333333333333334, 0.7647058823529411, 0.25, 0.8181818181818182, 1.0, 1.0, 0.19285196771963242, 0.2870077127924307, 0.2870077127924307, 0.0, 0.0, 0.0, 0.0, 0.0, 0.0, 0.0, 0.0, 0.0, 0.0, 0.0, 0.0, 0.0, 0.0, 0.0, 0.0, 0.0, 0.0, 0.0, 0.0, 0.0], [0.2721753716468811, 1.0, 0.26666666666666666, 0.7647058823529411, 0.25, 0.8181818181818182, 1.0, 1.0, 0.27217537115428075, 0.2705007505810951, 0.2705007505810951, 0.0, 0.0, 0.0, 0.0, 0.0, 0.0, 0.0, 0.0, 0.0, 0.0, 0.0, 0.0, 0.0, 0.0, 0.0, 0.0, 0.0, 0.0, 0.0, 0.0, 0.0], [0.25410377979278564, 0.0, 0.3, 0.7843137254901961, 0.25, 0.8181818181818182, 1.0, 0.0, 0.254103773553181, 0.3062103313519607, 0.3062103313519607, 0.0, 0.0, 0.0, 0.0, 1.0, 0.0, 0.0, 0.0, 0.0, 0.0, 0.0, 0.0, 0.0, 0.0, 0.0, 0.0, 0.0, 0.0, 0.0, 0.0, 0.0], [0.20210108160972595, 0.16666666666666666, 0.3333333333333333, 0.7843137254901961, 0.25, 0.8181818181818182, 1.0, 0.0, 0.20210108481162836, 0.1898543092501722, 0.1898543092501722, 0.0, 0.0, 0.0, 0.0, 0.0, 0.0, 0.0, 0.0, 0.0, 0.0, 0.0, 0.0, 0.0, 0.0, 0.0, 0.0, 0.0, 0.0, 0.0, 0.0, 0.0], [0.1720389425754547, 0.3333333333333333, 0.3666666666666667, 0.7843137254901961, 0.25, 0.8181818181818182, 1.0, 0.0, 0.17203893740315082, 0.17342850656220407, 0.17342850656220407, 0.0, 0.0, 0.0, 0.0, 0.0, 0.0, 0.0, 0.0, 0.0, 0.0, 0.0, 0.0, 0.0, 0.0, 0.0, 0.0, 0.0, 0.0, 0.0, 0.0, 0.0]]",0.18871720135211945,68.50434409081936,2.0,12.0,41.0,2.0,10.0,4.0,0.0,62.45013427734374,62.95454788208008,62.95454788208008,0.0,0.0,0.0,0.0,0.0,0.0,0.0,0.0,0.0,0.0,0.0,0.0,0.0,0.0,0.0,0.0,0.0,0.0,0.0,0.0,0.0,0.3333333333333333,0.3666666666666667,0.7843137254901961,0.25,0.8181818181818182,1.0,0.0,0.17203893740315082,0.17342850656220407,0.17342850656220407,0.0,0.0,0.0,0.0,0.0,0.0,0.0,0.0,0.0,0.0,0.0,0.0,0.0,0.0,0.0,0.0,0.0,0.0,0.0,0.0,0.0
19,"[[0.16991586983203888, 0.6666666666666666, 0.2, 0.7647058823529411, 0.0, 0.8181818181818182, 1.0, 0.0, 0.16991587447069237, 0.372749854053676, 0.372749854053676, 0.0, 0.0, 0.0, 0.0, 0.0, 1.0, 0.0, 0.0, 0.0, 0.0, 0.0, 0.0, 0.0, 0.0, 0.0, 0.0, 0.0, 0.0, 0.0, 0.0, 0.0], [0.1928519606590271, 0.8333333333333333, 0.23333333333333334, 0.7647058823529411, 0.25, 0.8181818181818182, 1.0, 1.0, 0.19285196771963242, 0.2870077127924307, 0.2870077127924307, 0.0, 0.0, 0.0, 0.0, 0.0, 0.0, 0.0, 0.0, 0.0, 0.0, 0.0, 0.0, 0.0, 0.0, 0.0, 0.0, 0.0, 0.0, 0.0, 0.0, 0.0], [0.2721753716468811, 1.0, 0.26666666666666666, 0.7647058823529411, 0.25, 0.8181818181818182, 1.0, 1.0, 0.27217537115428075, 0.2705007505810951, 0.2705007505810951, 0.0, 0.0, 0.0, 0.0, 0.0, 0.0, 0.0, 0.0, 0.0, 0.0, 0.0, 0.0, 0.0, 0.0, 0.0, 0.0, 0.0, 0.0, 0.0, 0.0, 0.0], [0.25410377979278564, 0.0, 0.3, 0.7843137254901961, 0.25, 0.8181818181818182, 1.0, 0.0, 0.254103773553181, 0.3062103313519607, 0.3062103313519607, 0.0, 0.0, 0.0, 0.0, 1.0, 0.0, 0.0, 0.0, 0.0, 0.0, 0.0, 0.0, 0.0, 0.0, 0.0, 0.0, 0.0, 0.0, 0.0, 0.0, 0.0], [0.20210108160972595, 0.16666666666666666, 0.3333333333333333, 0.7843137254901961, 0.25, 0.8181818181818182, 1.0, 0.0, 0.20210108481162836, 0.1898543092501722, 0.1898543092501722, 0.0, 0.0, 0.0, 0.0, 0.0, 0.0, 0.0, 0.0, 0.0, 0.0, 0.0, 0.0, 0.0, 0.0, 0.0, 0.0, 0.0, 0.0, 0.0, 0.0, 0.0], [0.1720389425754547, 0.3333333333333333, 0.3666666666666667, 0.7843137254901961, 0.25, 0.8181818181818182, 1.0, 0.0, 0.17203893740315082, 0.17342850656220407, 0.17342850656220407, 0.0, 0.0, 0.0, 0.0, 0.0, 0.0, 0.0, 0.0, 0.0, 0.0, 0.0, 0.0, 0.0, 0.0, 0.0, 0.0, 0.0, 0.0, 0.0, 0.0, 0.0], [0.18871720135211945, 0.5, 0.4, 0.7843137254901961, 0.25, 0.8181818181818182, 1.0, 0.0, 0.18871719318316332, 0.16991587447069237, 0.16991587447069237, 0.0, 0.0, 0.0, 0.0, 0.0, 0.0, 0.0, 0.0, 0.0, 0.0, 0.0, 0.0, 0.0, 0.0, 0.0, 0.0, 0.0, 0.0, 0.0, 0.0, 0.0]]",0.19226324558258057,69.79155814647675,3.0,13.0,41.0,2.0,10.0,4.0,0.0,68.50434112548828,61.67946243286133,61.67946243286133,0.0,0.0,0.0,0.0,0.0,0.0,0.0,0.0,0.0,0.0,0.0,0.0,0.0,0.0,0.0,0.0,0.0,0.0,0.0,0.0,0.0,0.5,0.4,0.7843137254901961,0.25,0.8181818181818182,1.0,0.0,0.18871719318316332,0.16991587447069237,0.16991587447069237,0.0,0.0,0.0,0.0,0.0,0.0,0.0,0.0,0.0,0.0,0.0,0.0,0.0,0.0,0.0,0.0,0.0,0.0,0.0,0.0,0.0
20,"[[0.1928519606590271, 0.8333333333333333, 0.23333333333333334, 0.7647058823529411, 0.25, 0.8181818181818182, 1.0, 1.0, 0.19285196771963242, 0.2870077127924307, 0.2870077127924307, 0.0, 0.0, 0.0, 0.0, 0.0, 0.0, 0.0, 0.0, 0.0, 0.0, 0.0, 0.0, 0.0, 0.0, 0.0, 0.0, 0.0, 0.0, 0.0, 0.0, 0.0], [0.2721753716468811, 1.0, 0.26666666666666666, 0.7647058823529411, 0.25, 0.8181818181818182, 1.0, 1.0, 0.27217537115428075, 0.2705007505810951, 0.2705007505810951, 0.0, 0.0, 0.0, 0.0, 0.0, 0.0, 0.0, 0.0, 0.0, 0.0, 0.0, 0.0, 0.0, 0.0, 0.0, 0.0, 0.0, 0.0, 0.0, 0.0, 0.0], [0.25410377979278564, 0.0, 0.3, 0.7843137254901961, 0.25, 0.8181818181818182, 1.0, 0.0, 0.254103773553181, 0.3062103313519607, 0.3062103313519607, 0.0, 0.0, 0.0, 0.0, 1.0, 0.0, 0.0, 0.0, 0.0, 0.0, 0.0, 0.0, 0.0, 0.0, 0.0, 0.0, 0.0, 0.0, 0.0, 0.0, 0.0], [0.20210108160972595, 0.16666666666666666, 0.3333333333333333, 0.7843137254901961, 0.25, 0.8181818181818182, 1.0, 0.0, 0.20210108481162836, 0.1898543092501722, 0.1898543092501722, 0.0, 0.0, 0.0, 0.0, 0.0, 0.0, 0.0, 0.0, 0.0, 0.0, 0.0, 0.0, 0.0, 0.0, 0.0, 0.0, 0.0, 0.0, 0.0, 0.0, 0.0], [0.1720389425754547, 0.3333333333333333, 0.3666666666666667, 0.7843137254901961, 0.25, 0.8181818181818182, 1.0, 0.0, 0.17203893740315082, 0.17342850656220407, 0.17342850656220407, 0.0, 0.0, 0.0, 0.0, 0.0, 0.0, 0.0, 0.0, 0.0, 0.0, 0.0, 0.0, 0.0, 0.0, 0.0, 0.0, 0.0, 0.0, 0.0, 0.0, 0.0], [0.18871720135211945, 0.5, 0.4, 0.7843137254901961, 0.25, 0.8181818181818182, 1.0, 0.0, 0.18871719318316332, 0.16991587447069237, 0.16991587447069237, 0.0, 0.0, 0.0, 0.0, 0.0, 0.0, 0.0, 0.0, 0.0, 0.0, 0.0, 0.0, 0.0, 0.0, 0.0, 0.0, 0.0, 0.0, 0.0, 0.0, 0.0], [0.19226324558258057, 0.6666666666666666, 0.43333333333333335, 0.7843137254901961, 0.25, 0.8181818181818182, 1.0, 0.0, 0.19226324328377883, 0.19285196771963242, 0.19285196771963242, 0.0, 0.0, 0.0, 0.0, 0.0, 1.0, 0.0, 0.0, 0.0, 0.0, 0.0, 0.0, 0.0, 0.0, 0.0, 0.0, 0.0, 0.0, 0.0, 0.0, 0.0]]",0.2543044686317444,92.31252211332321,4.0,14.0,41.0,2.0,10.0,4.0,0.0,69.79155731201172,70.00526428222656,70.00526428222656,0.0,0.0,0.0,0.0,0.0,1.0,0.0,0.0,0.0,0.0,0.0,0.0,0.0,0.0,0.0,0.0,0.0,0.0,0.0,0.0,0.0,0.6666666666666666,0.43333333333333335,0.7843137254901961,0.25,0.8181818181818182,1.0,0.0,0.19226324328377883,0.19285196771963242,0.19285196771963242,0.0,0.0,0.0,0.0,0.0,1.0,0.0,0.0,0.0,0.0,0.0,0.0,0.0,0.0,0.0,0.0,0.0,0.0,0.0,0.0,0.0
21,"[[0.2721753716468811, 1.0, 0.26666666666666666, 0.7647058823529411, 0.25, 0.8181818181818182, 1.0, 1.0, 0.27217537115428075, 0.2705007505810951, 0.2705007505810951, 0.0, 0.0, 0.0, 0.0, 0.0, 0.0, 0.0, 0.0, 0.0, 0.0, 0.0, 0.0, 0.0, 0.0, 0.0, 0.0, 0.0, 0.0, 0.0, 0.0, 0.0], [0.25410377979278564, 0.0, 0.3, 0.7843137254901961, 0.25, 0.8181818181818182, 1.0, 0.0, 0.254103773553181, 0.3062103313519607, 0.3062103313519607, 0.0, 0.0, 0.0, 0.0, 1.0, 0.0, 0.0, 0.0, 0.0, 0.0, 0.0, 0.0, 0.0, 0.0, 0.0, 0.0, 0.0, 0.0, 0.0, 0.0, 0.0], [0.20210108160972595, 0.16666666666666666, 0.3333333333333333, 0.7843137254901961, 0.25, 0.8181818181818182, 1.0, 0.0, 0.20210108481162836, 0.1898543092501722, 0.1898543092501722, 0.0, 0.0, 0.0, 0.0, 0.0, 0.0, 0.0, 0.0, 0.0, 0.0, 0.0, 0.0, 0.0, 0.0, 0.0, 0.0, 0.0, 0.0, 0.0, 0.0, 0.0], [0.1720389425754547, 0.3333333333333333, 0.3666666666666667, 0.7843137254901961, 0.25, 0.8181818181818182, 1.0, 0.0, 0.17203893740315082, 0.17342850656220407, 0.17342850656220407, 0.0, 0.0, 0.0, 0.0, 0.0, 0.0, 0.0, 0.0, 0.0, 0.0, 0.0, 0.0, 0.0, 0.0, 0.0, 0.0, 0.0, 0.0, 0.0, 0.0, 0.0], [0.18871720135211945, 0.5, 0.4, 0.7843137254901961, 0.25, 0.8181818181818182, 1.0, 0.0, 0.18871719318316332, 0.16991587447069237, 0.16991587447069237, 0.0, 0.0, 0.0, 0.0, 0.0, 0.0, 0.0, 0.0, 0.0, 0.0, 0.0, 0.0, 0.0, 0.0, 0.0, 0.0, 0.0, 0.0, 0.0, 0.0, 0.0], [0.19226324558258057, 0.6666666666666666, 0.43333333333333335, 0.7843137254901961, 0.25, 0.8181818181818182, 1.0, 0.0, 0.19226324328377883, 0.19285196771963242, 0.19285196771963242, 0.0, 0.0, 0.0, 0.0, 0.0, 1.0, 0.0, 0.0, 0.0, 0.0, 0.0, 0.0, 0.0, 0.0, 0.0, 0.0, 0.0, 0.0, 0.0, 0.0, 0.0], [0.2543044686317444, 0.8333333333333333, 0.4666666666666667, 0.7843137254901961, 0.5, 0.8181818181818182, 1.0, 1.0, 0.254304470766346, 0.27217537115428075, 0.27217537115428075, 0.0, 0.0, 0.0, 0.0, 0.0, 0.0, 0.0, 0.0, 0.0, 0.0, 0.0, 0.0, 0.0, 0.0, 0.0, 0.0, 0.0, 0.0, 0.0, 0.0, 0.0]]",0.264636754989624,96.06314206123352,5.0,15.0,41.0,3.0,10.0,4.0,1.0,92.3125228881836,98.7996597290039,98.7996597290039,0.0,0.0,0.0,0.0,0.0,0.0,0.0,0.0,0.0,0.0,0.0,0.0,0.0,0.0,0.0,0.0,0.0,0.0,0.0,0.0,0.0,0.8333333333333333,0.4666666666666667,0.7843137254901961,0.5,0.8181818181818182,1.0,1.0,0.254304470766346,0.27217537115428075,0.27217537115428075,0.0,0.0,0.0,0.0,0.0,0.0,0.0,0.0,0.0,0.0,0.0,0.0,0.0,0.0,0.0,0.0,0.0,0.0,0.0,0.0,0.0
22,"[[0.25410377979278564, 0.0, 0.3, 0.7843137254901961, 0.25, 0.8181818181818182, 1.0, 0.0, 0.254103773553181, 0.3062103313519607, 0.3062103313519607, 0.0, 0.0, 0.0, 0.0, 1.0, 0.0, 0.0, 0.0, 0.0, 0.0, 0.0, 0.0, 0.0, 0.0, 0.0, 0.0, 0.0, 0.0, 0.0, 0.0, 0.0], [0.20210108160972595, 0.16666666666666666, 0.3333333333333333, 0.7843137254901961, 0.25, 0.8181818181818182, 1.0, 0.0, 0.20210108481162836, 0.1898543092501722, 0.1898543092501722, 0.0, 0.0, 0.0, 0.0, 0.0, 0.0, 0.0, 0.0, 0.0, 0.0, 0.0, 0.0, 0.0, 0.0, 0.0, 0.0, 0.0, 0.0, 0.0, 0.0, 0.0], [0.1720389425754547, 0.3333333333333333, 0.3666666666666667, 0.7843137254901961, 0.25, 0.8181818181818182, 1.0, 0.0, 0.17203893740315082, 0.17342850656220407, 0.17342850656220407, 0.0, 0.0, 0.0, 0.0, 0.0, 0.0, 0.0, 0.0, 0.0, 0.0, 0.0, 0.0, 0.0, 0.0, 0.0, 0.0, 0.0, 0.0, 0.0, 0.0, 0.0], [0.18871720135211945, 0.5, 0.4, 0.7843137254901961, 0.25, 0.8181818181818182, 1.0, 0.0, 0.18871719318316332, 0.16991587447069237, 0.16991587447069237, 0.0, 0.0, 0.0, 0.0, 0.0, 0.0, 0.0, 0.0, 0.0, 0.0, 0.0, 0.0, 0.0, 0.0, 0.0, 0.0, 0.0, 0.0, 0.0, 0.0, 0.0], [0.19226324558258057, 0.6666666666666666, 0.43333333333333335, 0.7843137254901961, 0.25, 0.8181818181818182, 1.0, 0.0, 0.19226324328377883, 0.19285196771963242, 0.19285196771963242, 0.0, 0.0, 0.0, 0.0, 0.0, 1.0, 0.0, 0.0, 0.0, 0.0, 0.0, 0.0, 0.0, 0.0, 0.0, 0.0, 0.0, 0.0, 0.0, 0.0, 0.0], [0.2543044686317444, 0.8333333333333333, 0.4666666666666667, 0.7843137254901961, 0.5, 0.8181818181818182, 1.0, 1.0, 0.254304470766346, 0.27217537115428075, 0.27217537115428075, 0.0, 0.0, 0.0, 0.0, 0.0, 0.0, 0.0, 0.0, 0.0, 0.0, 0.0, 0.0, 0.0, 0.0, 0.0, 0.0, 0.0, 0.0, 0.0, 0.0, 0.0], [0.264636754989624, 1.0, 0.5, 0.7843137254901961, 0.5, 0.8181818181818182, 1.0, 1.0, 0.26463675170562156, 0.254103773553181, 0.254103773553181, 0.0, 0.0, 0.0, 0.0, 0.0, 0.0, 0.0, 0.0, 0.0, 0.0, 0.0, 0.0, 0.0, 0.0, 0.0, 0.0, 0.0, 0.0, 0.0, 0.0, 0.0]]",0.3223128318786621,116.99955797195435,6.0,16.0,41.0,3.0,10.0,4.0,1.0,96.06314086914062,92.23966979980469,92.23966979980469,0.0,0.0,0.0,0.0,0.0,0.0,0.0,0.0,0.0,0.0,0.0,0.0,0.0,0.0,0.0,0.0,0.0,0.0,0.0,0.0,0.0,1.0,0.5,0.7843137254901961,0.5,0.8181818181818182,1.0,1.0,0.26463675170562156,0.254103773553181,0.254103773553181,0.0,0.0,0.0,0.0,0.0,0.0,0.0,0.0,0.0,0.0,0.0,0.0,0.0,0.0,0.0,0.0,0.0,0.0,0.0,0.0,0.0
23,"[[0.20210108160972595, 0.16666666666666666, 0.3333333333333333, 0.7843137254901961, 0.25, 0.8181818181818182, 1.0, 0.0, 0.20210108481162836, 0.1898543092501722, 0.1898543092501722, 0.0, 0.0, 0.0, 0.0, 0.0, 0.0, 0.0, 0.0, 0.0, 0.0, 0.0, 0.0, 0.0, 0.0, 0.0, 0.0, 0.0, 0.0, 0.0, 0.0, 0.0], [0.1720389425754547, 0.3333333333333333, 0.3666666666666667, 0.7843137254901961, 0.25, 0.8181818181818182, 1.0, 0.0, 0.17203893740315082, 0.17342850656220407, 0.17342850656220407, 0.0, 0.0, 0.0, 0.0, 0.0, 0.0, 0.0, 0.0, 0.0, 0.0, 0.0, 0.0, 0.0, 0.0, 0.0, 0.0, 0.0, 0.0, 0.0, 0.0, 0.0], [0.18871720135211945, 0.5, 0.4, 0.7843137254901961, 0.25, 0.8181818181818182, 1.0, 0.0, 0.18871719318316332, 0.16991587447069237, 0.16991587447069237, 0.0, 0.0, 0.0, 0.0, 0.0, 0.0, 0.0, 0.0, 0.0, 0.0, 0.0, 0.0, 0.0, 0.0, 0.0, 0.0, 0.0, 0.0, 0.0, 0.0, 0.0], [0.19226324558258057, 0.6666666666666666, 0.43333333333333335, 0.7843137254901961, 0.25, 0.8181818181818182, 1.0, 0.0, 0.19226324328377883, 0.19285196771963242, 0.19285196771963242, 0.0, 0.0, 0.0, 0.0, 0.0, 1.0, 0.0, 0.0, 0.0, 0.0, 0.0, 0.0, 0.0, 0.0, 0.0, 0.0, 0.0, 0.0, 0.0, 0.0, 0.0], [0.2543044686317444, 0.8333333333333333, 0.4666666666666667, 0.7843137254901961, 0.5, 0.8181818181818182, 1.0, 1.0, 0.254304470766346, 0.27217537115428075, 0.27217537115428075, 0.0, 0.0, 0.0, 0.0, 0.0, 0.0, 0.0, 0.0, 0.0, 0.0, 0.0, 0.0, 0.0, 0.0, 0.0, 0.0, 0.0, 0.0, 0.0, 0.0, 0.0], [0.264636754989624, 1.0, 0.5, 0.7843137254901961, 0.5, 0.8181818181818182, 1.0, 1.0, 0.26463675170562156, 0.254103773553181, 0.254103773553181, 0.0, 0.0, 0.0, 0.0, 0.0, 0.0, 0.0, 0.0, 0.0, 0.0, 0.0, 0.0, 0.0, 0.0, 0.0, 0.0, 0.0, 0.0, 0.0, 0.0, 0.0], [0.3223128318786621, 0.0, 0.5333333333333333, 0.8039215686274509, 0.5, 0.8181818181818182, 1.0, 0.0, 0.32231283056506116, 0.20210108481162836, 0.20210108481162836, 0.0, 0.0, 0.0, 0.0, 1.0, 0.0, 0.0, 0.0, 0.0, 0.0, 0.0, 0.0, 0.0, 0.0, 0.0, 0.0, 0.0, 0.0, 0.0, 0.0, 0.0]]",0.23781073093414307,86.32529532909393,0.0,17.0,42.0,3.0,10.0,4.0,0.0,116.9995574951172,73.3626937866211,73.3626937866211,0.0,0.0,0.0,0.0,1.0,0.0,0.0,0.0,0.0,0.0,0.0,0.0,0.0,0.0,0.0,0.0,0.0,0.0,0.0,0.0,0.0,0.0,0.5333333333333333,0.8039215686274509,0.5,0.8181818181818182,1.0,0.0,0.32231283056506116,0.20210108481162836,0.20210108481162836,0.0,0.0,0.0,0.0,1.0,0.0,0.0,0.0,0.0,0.0,0.0,0.0,0.0,0.0,0.0,0.0,0.0,0.0,0.0,0.0,0.0
24,"[[0.1720389425754547, 0.3333333333333333, 0.3666666666666667, 0.7843137254901961, 0.25, 0.8181818181818182, 1.0, 0.0, 0.17203893740315082, 0.17342850656220407, 0.17342850656220407, 0.0, 0.0, 0.0, 0.0, 0.0, 0.0, 0.0, 0.0, 0.0, 0.0, 0.0, 0.0, 0.0, 0.0, 0.0, 0.0, 0.0, 0.0, 0.0, 0.0, 0.0], [0.18871720135211945, 0.5, 0.4, 0.7843137254901961, 0.25, 0.8181818181818182, 1.0, 0.0, 0.18871719318316332, 0.16991587447069237, 0.16991587447069237, 0.0, 0.0, 0.0, 0.0, 0.0, 0.0, 0.0, 0.0, 0.0, 0.0, 0.0, 0.0, 0.0, 0.0, 0.0, 0.0, 0.0, 0.0, 0.0, 0.0, 0.0], [0.19226324558258057, 0.6666666666666666, 0.43333333333333335, 0.7843137254901961, 0.25, 0.8181818181818182, 1.0, 0.0, 0.19226324328377883, 0.19285196771963242, 0.19285196771963242, 0.0, 0.0, 0.0, 0.0, 0.0, 1.0, 0.0, 0.0, 0.0, 0.0, 0.0, 0.0, 0.0, 0.0, 0.0, 0.0, 0.0, 0.0, 0.0, 0.0, 0.0], [0.2543044686317444, 0.8333333333333333, 0.4666666666666667, 0.7843137254901961, 0.5, 0.8181818181818182, 1.0, 1.0, 0.254304470766346, 0.27217537115428075, 0.27217537115428075, 0.0, 0.0, 0.0, 0.0, 0.0, 0.0, 0.0, 0.0, 0.0, 0.0, 0.0, 0.0, 0.0, 0.0, 0.0, 0.0, 0.0, 0.0, 0.0, 0.0, 0.0], [0.264636754989624, 1.0, 0.5, 0.7843137254901961, 0.5, 0.8181818181818182, 1.0, 1.0, 0.26463675170562156, 0.254103773553181, 0.254103773553181, 0.0, 0.0, 0.0, 0.0, 0.0, 0.0, 0.0, 0.0, 0.0, 0.0, 0.0, 0.0, 0.0, 0.0, 0.0, 0.0, 0.0, 0.0, 0.0, 0.0, 0.0], [0.3223128318786621, 0.0, 0.5333333333333333, 0.8039215686274509, 0.5, 0.8181818181818182, 1.0, 0.0, 0.32231283056506116, 0.20210108481162836, 0.20210108481162836, 0.0, 0.0, 0.0, 0.0, 1.0, 0.0, 0.0, 0.0, 0.0, 0.0, 0.0, 0.0, 0.0, 0.0, 0.0, 0.0, 0.0, 0.0, 0.0, 0.0, 0.0], [0.23781073093414307, 0.16666666666666666, 0.5666666666666667, 0.8039215686274509, 0.5, 0.8181818181818182, 1.0, 0.0, 0.23781072863534133, 0.17203893740315082, 0.17203893740315082, 0.0, 0.0, 0.0, 0.0, 0.0, 0.0, 0.0, 0.0, 0.0, 0.0, 0.0, 0.0, 0.0, 0.0, 0.0, 0.0, 0.0, 0.0, 0.0, 0.0, 0.0]]",0.18977123498916626,68.88695830106735,1.0,18.0,42.0,3.0,10.0,4.0,0.0,86.3252944946289,62.45013427734374,62.45013427734374,0.0,0.0,0.0,0.0,0.0,0.0,0.0,0.0,0.0,0.0,0.0,0.0,0.0,0.0,0.0,0.0,0.0,0.0,0.0,0.0,0.0,0.16666666666666666,0.5666666666666667,0.8039215686274509,0.5,0.8181818181818182,1.0,0.0,0.23781072863534133,0.17203893740315082,0.17203893740315082,0.0,0.0,0.0,0.0,0.0,0.0,0.0,0.0,0.0,0.0,0.0,0.0,0.0,0.0,0.0,0.0,0.0,0.0,0.0,0.0,0.0
25,"[[0.18871720135211945, 0.5, 0.4, 0.7843137254901961, 0.25, 0.8181818181818182, 1.0, 0.0, 0.18871719318316332, 0.16991587447069237, 0.16991587447069237, 0.0, 0.0, 0.0, 0.0, 0.0, 0.0, 0.0, 0.0, 0.0, 0.0, 0.0, 0.0, 0.0, 0.0, 0.0, 0.0, 0.0, 0.0, 0.0, 0.0, 0.0], [0.19226324558258057, 0.6666666666666666, 0.43333333333333335, 0.7843137254901961, 0.25, 0.8181818181818182, 1.0, 0.0, 0.19226324328377883, 0.19285196771963242, 0.19285196771963242, 0.0, 0.0, 0.0, 0.0, 0.0, 1.0, 0.0, 0.0, 0.0, 0.0, 0.0, 0.0, 0.0, 0.0, 0.0, 0.0, 0.0, 0.0, 0.0, 0.0, 0.0], [0.2543044686317444, 0.8333333333333333, 0.4666666666666667, 0.7843137254901961, 0.5, 0.8181818181818182, 1.0, 1.0, 0.254304470766346, 0.27217537115428075, 0.27217537115428075, 0.0, 0.0, 0.0, 0.0, 0.0, 0.0, 0.0, 0.0, 0.0, 0.0, 0.0, 0.0, 0.0, 0.0, 0.0, 0.0, 0.0, 0.0, 0.0, 0.0, 0.0], [0.264636754989624, 1.0, 0.5, 0.7843137254901961, 0.5, 0.8181818181818182, 1.0, 1.0, 0.26463675170562156, 0.254103773553181, 0.254103773553181, 0.0, 0.0, 0.0, 0.0, 0.0, 0.0, 0.0, 0.0, 0.0, 0.0, 0.0, 0.0, 0.0, 0.0, 0.0, 0.0, 0.0, 0.0, 0.0, 0.0, 0.0], [0.3223128318786621, 0.0, 0.5333333333333333, 0.8039215686274509, 0.5, 0.8181818181818182, 1.0, 0.0, 0.32231283056506116, 0.20210108481162836, 0.20210108481162836, 0.0, 0.0, 0.0, 0.0, 1.0, 0.0, 0.0, 0.0, 0.0, 0.0, 0.0, 0.0, 0.0, 0.0, 0.0, 0.0, 0.0, 0.0, 0.0, 0.0, 0.0], [0.23781073093414307, 0.16666666666666666, 0.5666666666666667, 0.8039215686274509, 0.5, 0.8181818181818182, 1.0, 0.0, 0.23781072863534133, 0.17203893740315082, 0.17203893740315082, 0.0, 0.0, 0.0, 0.0, 0.0, 0.0, 0.0, 0.0, 0.0, 0.0, 0.0, 0.0, 0.0, 0.0, 0.0, 0.0, 0.0, 0.0, 0.0, 0.0, 0.0], [0.18977123498916626, 0.3333333333333333, 0.6, 0.8039215686274509, 0.5, 0.8181818181818182, 1.0, 0.0, 0.18977122661496, 0.18871719318316332, 0.18871719318316332, 0.0, 0.0, 0.0, 0.0, 0.0, 0.0, 0.0, 0.0, 0.0, 0.0, 0.0, 0.0, 0.0, 0.0, 0.0, 0.0, 0.0, 0.0, 0.0, 0.0, 0.0]]",0.1973877251148224,71.65174421668053,2.0,19.0,42.0,3.0,10.0,4.0,0.0,68.88695526123047,68.50434112548828,68.50434112548828,0.0,0.0,0.0,0.0,0.0,0.0,0.0,0.0,0.0,0.0,0.0,0.0,0.0,0.0,0.0,0.0,0.0,0.0,0.0,0.0,0.0,0.3333333333333333,0.6,0.8039215686274509,0.5,0.8181818181818182,1.0,0.0,0.18977122661496,0.18871719318316332,0.18871719318316332,0.0,0.0,0.0,0.0,0.0,0.0,0.0,0.0,0.0,0.0,0.0,0.0,0.0,0.0,0.0,0.0,0.0,0.0,0.0,0.0,0.0
26,"[[0.19226324558258057, 0.6666666666666666, 0.43333333333333335, 0.7843137254901961, 0.25, 0.8181818181818182, 1.0, 0.0, 0.19226324328377883, 0.19285196771963242, 0.19285196771963242, 0.0, 0.0, 0.0, 0.0, 0.0, 1.0, 0.0, 0.0, 0.0, 0.0, 0.0, 0.0, 0.0, 0.0, 0.0, 0.0, 0.0, 0.0, 0.0, 0.0, 0.0], [0.2543044686317444, 0.8333333333333333, 0.4666666666666667, 0.7843137254901961, 0.5, 0.8181818181818182, 1.0, 1.0, 0.254304470766346, 0.27217537115428075, 0.27217537115428075, 0.0, 0.0, 0.0, 0.0, 0.0, 0.0, 0.0, 0.0, 0.0, 0.0, 0.0, 0.0, 0.0, 0.0, 0.0, 0.0, 0.0, 0.0, 0.0, 0.0, 0.0], [0.264636754989624, 1.0, 0.5, 0.7843137254901961, 0.5, 0.8181818181818182, 1.0, 1.0, 0.26463675170562156, 0.254103773553181, 0.254103773553181, 0.0, 0.0, 0.0, 0.0, 0.0, 0.0, 0.0, 0.0, 0.0, 0.0, 0.0, 0.0, 0.0, 0.0, 0.0, 0.0, 0.0, 0.0, 0.0, 0.0, 0.0], [0.3223128318786621, 0.0, 0.5333333333333333, 0.8039215686274509, 0.5, 0.8181818181818182, 1.0, 0.0, 0.32231283056506116, 0.20210108481162836, 0.20210108481162836, 0.0, 0.0, 0.0, 0.0, 1.0, 0.0, 0.0, 0.0, 0.0, 0.0, 0.0, 0.0, 0.0, 0.0, 0.0, 0.0, 0.0, 0.0, 0.0, 0.0, 0.0], [0.23781073093414307, 0.16666666666666666, 0.5666666666666667, 0.8039215686274509, 0.5, 0.8181818181818182, 1.0, 0.0, 0.23781072863534133, 0.17203893740315082, 0.17203893740315082, 0.0, 0.0, 0.0, 0.0, 0.0, 0.0, 0.0, 0.0, 0.0, 0.0, 0.0, 0.0, 0.0, 0.0, 0.0, 0.0, 0.0, 0.0, 0.0, 0.0, 0.0], [0.18977123498916626, 0.3333333333333333, 0.6, 0.8039215686274509, 0.5, 0.8181818181818182, 1.0, 0.0, 0.18977122661496, 0.18871719318316332, 0.18871719318316332, 0.0, 0.0, 0.0, 0.0, 0.0, 0.0, 0.0, 0.0, 0.0, 0.0, 0.0, 0.0, 0.0, 0.0, 0.0, 0.0, 0.0, 0.0, 0.0, 0.0, 0.0], [0.1973877251148224, 0.5, 0.6333333333333333, 0.8039215686274509, 0.5, 0.8181818181818182, 1.0, 0.0, 0.1973877163301158, 0.19226324328377883, 0.19226324328377883, 0.0, 0.0, 0.0, 0.0, 0.0, 0.0, 0.0, 0.0, 0.0, 0.0, 0.0, 0.0, 0.0, 0.0, 0.0, 0.0, 0.0, 0.0, 0.0, 0.0, 0.0]]",0.20333951711654663,73.81224471330643,3.0,20.0,42.0,3.0,10.0,4.0,0.0,71.65174102783203,69.79155731201172,69.79155731201172,0.0,0.0,0.0,0.0,0.0,0.0,0.0,0.0,0.0,0.0,0.0,0.0,0.0,0.0,0.0,0.0,0.0,0.0,0.0,0.0,0.0,0.5,0.6333333333333333,0.8039215686274509,0.5,0.8181818181818182,1.0,0.0,0.1973877163301158,0.19226324328377883,0.19226324328377883,0.0,0.0,0.0,0.0,0.0,0.0,0.0,0.0,0.0,0.0,0.0,0.0,0.0,0.0,0.0,0.0,0.0,0.0,0.0,0.0,0.0
27,"[[0.2543044686317444, 0.8333333333333333, 0.4666666666666667, 0.7843137254901961, 0.5, 0.8181818181818182, 1.0, 1.0, 0.254304470766346, 0.27217537115428075, 0.27217537115428075, 0.0, 0.0, 0.0, 0.0, 0.0, 0.0, 0.0, 0.0, 0.0, 0.0, 0.0, 0.0, 0.0, 0.0, 0.0, 0.0, 0.0, 0.0, 0.0, 0.0, 0.0], [0.264636754989624, 1.0, 0.5, 0.7843137254901961, 0.5, 0.8181818181818182, 1.0, 1.0, 0.26463675170562156, 0.254103773553181, 0.254103773553181, 0.0, 0.0, 0.0, 0.0, 0.0, 0.0, 0.0, 0.0, 0.0, 0.0, 0.0, 0.0, 0.0, 0.0, 0.0, 0.0, 0.0, 0.0, 0.0, 0.0, 0.0], [0.3223128318786621, 0.0, 0.5333333333333333, 0.8039215686274509, 0.5, 0.8181818181818182, 1.0, 0.0, 0.32231283056506116, 0.20210108481162836, 0.20210108481162836, 0.0, 0.0, 0.0, 0.0, 1.0, 0.0, 0.0, 0.0, 0.0, 0.0, 0.0, 0.0, 0.0, 0.0, 0.0, 0.0, 0.0, 0.0, 0.0, 0.0, 0.0], [0.23781073093414307, 0.16666666666666666, 0.5666666666666667, 0.8039215686274509, 0.5, 0.8181818181818182, 1.0, 0.0, 0.23781072863534133, 0.17203893740315082, 0.17203893740315082, 0.0, 0.0, 0.0, 0.0, 0.0, 0.0, 0.0, 0.0, 0.0, 0.0, 0.0, 0.0, 0.0, 0.0, 0.0, 0.0, 0.0, 0.0, 0.0, 0.0, 0.0], [0.18977123498916626, 0.3333333333333333, 0.6, 0.8039215686274509, 0.5, 0.8181818181818182, 1.0, 0.0, 0.18977122661496, 0.18871719318316332, 0.18871719318316332, 0.0, 0.0, 0.0, 0.0, 0.0, 0.0, 0.0, 0.0, 0.0, 0.0, 0.0, 0.0, 0.0, 0.0, 0.0, 0.0, 0.0, 0.0, 0.0, 0.0, 0.0], [0.1973877251148224, 0.5, 0.6333333333333333, 0.8039215686274509, 0.5, 0.8181818181818182, 1.0, 0.0, 0.1973877163301158, 0.19226324328377883, 0.19226324328377883, 0.0, 0.0, 0.0, 0.0, 0.0, 0.0, 0.0, 0.0, 0.0, 0.0, 0.0, 0.0, 0.0, 0.0, 0.0, 0.0, 0.0, 0.0, 0.0, 0.0, 0.0], [0.20333951711654663, 0.6666666666666666, 0.6666666666666666, 0.8039215686274509, 0.5, 0.8181818181818182, 1.0, 0.0, 0.2033395268043539, 0.254304470766346, 0.254304470766346, 0.0, 0.0, 0.0, 0.0, 0.0, 1.0, 0.0, 0.0, 0.0, 0.0, 0.0, 0.0, 0.0, 0.0, 0.0, 0.0, 0.0, 0.0, 0.0, 0.0, 0.0]]",0.2774476706981659,100.71350446343422,4.0,21.0,42.0,3.0,10.0,4.0,0.0,73.81224822998047,92.3125228881836,92.3125228881836,0.0,0.0,0.0,0.0,0.0,1.0,0.0,0.0,0.0,0.0,0.0,0.0,0.0,0.0,0.0,0.0,0.0,0.0,0.0,0.0,0.0,0.6666666666666666,0.6666666666666666,0.8039215686274509,0.5,0.8181818181818182,1.0,0.0,0.2033395268043539,0.254304470766346,0.254304470766346,0.0,0.0,0.0,0.0,0.0,1.0,0.0,0.0,0.0,0.0,0.0,0.0,0.0,0.0,0.0,0.0,0.0,0.0,0.0,0.0,0.0
28,"[[0.264636754989624, 1.0, 0.5, 0.7843137254901961, 0.5, 0.8181818181818182, 1.0, 1.0, 0.26463675170562156, 0.254103773553181, 0.254103773553181, 0.0, 0.0, 0.0, 0.0, 0.0, 0.0, 0.0, 0.0, 0.0, 0.0, 0.0, 0.0, 0.0, 0.0, 0.0, 0.0, 0.0, 0.0, 0.0, 0.0, 0.0], [0.3223128318786621, 0.0, 0.5333333333333333, 0.8039215686274509, 0.5, 0.8181818181818182, 1.0, 0.0, 0.32231283056506116, 0.20210108481162836, 0.20210108481162836, 0.0, 0.0, 0.0, 0.0, 1.0, 0.0, 0.0, 0.0, 0.0, 0.0, 0.0, 0.0, 0.0, 0.0, 0.0, 0.0, 0.0, 0.0, 0.0, 0.0, 0.0], [0.23781073093414307, 0.16666666666666666, 0.5666666666666667, 0.8039215686274509, 0.5, 0.8181818181818182, 1.0, 0.0, 0.23781072863534133, 0.17203893740315082, 0.17203893740315082, 0.0, 0.0, 0.0, 0.0, 0.0, 0.0, 0.0, 0.0, 0.0, 0.0, 0.0, 0.0, 0.0, 0.0, 0.0, 0.0, 0.0, 0.0, 0.0, 0.0, 0.0], [0.18977123498916626, 0.3333333333333333, 0.6, 0.8039215686274509, 0.5, 0.8181818181818182, 1.0, 0.0, 0.18977122661496, 0.18871719318316332, 0.18871719318316332, 0.0, 0.0, 0.0, 0.0, 0.0, 0.0, 0.0, 0.0, 0.0, 0.0, 0.0, 0.0, 0.0, 0.0, 0.0, 0.0, 0.0, 0.0, 0.0, 0.0, 0.0], [0.1973877251148224, 0.5, 0.6333333333333333, 0.8039215686274509, 0.5, 0.8181818181818182, 1.0, 0.0, 0.1973877163301158, 0.19226324328377883, 0.19226324328377883, 0.0, 0.0, 0.0, 0.0, 0.0, 0.0, 0.0, 0.0, 0.0, 0.0, 0.0, 0.0, 0.0, 0.0, 0.0, 0.0, 0.0, 0.0, 0.0, 0.0, 0.0], [0.20333951711654663, 0.6666666666666666, 0.6666666666666666, 0.8039215686274509, 0.5, 0.8181818181818182, 1.0, 0.0, 0.2033395268043539, 0.254304470766346, 0.254304470766346, 0.0, 0.0, 0.0, 0.0, 0.0, 1.0, 0.0, 0.0, 0.0, 0.0, 0.0, 0.0, 0.0, 0.0, 0.0, 0.0, 0.0, 0.0, 0.0, 0.0, 0.0], [0.2774476706981659, 0.8333333333333333, 0.7, 0.8039215686274509, 0.75, 0.8181818181818182, 1.0, 1.0, 0.27744766109245866, 0.26463675170562156, 0.26463675170562156, 0.0, 0.0, 0.0, 0.0, 0.0, 0.0, 0.0, 0.0, 0.0, 0.0, 0.0, 0.0, 0.0, 0.0, 0.0, 0.0, 0.0, 0.0, 0.0, 0.0, 0.0]]",0.3099210262298584,112.5013325214386,5.0,22.0,42.0,4.0,10.0,4.0,1.0,100.71350097656249,96.06314086914062,96.06314086914062,0.0,0.0,0.0,0.0,0.0,0.0,0.0,0.0,0.0,0.0,0.0,0.0,0.0,0.0,0.0,0.0,0.0,0.0,0.0,0.0,0.0,0.8333333333333333,0.7,0.8039215686274509,0.75,0.8181818181818182,1.0,1.0,0.27744766109245866,0.26463675170562156,0.26463675170562156,0.0,0.0,0.0,0.0,0.0,0.0,0.0,0.0,0.0,0.0,0.0,0.0,0.0,0.0,0.0,0.0,0.0,0.0,0.0,0.0,0.0
29,"[[0.3223128318786621, 0.0, 0.5333333333333333, 0.8039215686274509, 0.5, 0.8181818181818182, 1.0, 0.0, 0.32231283056506116, 0.20210108481162836, 0.20210108481162836, 0.0, 0.0, 0.0, 0.0, 1.0, 0.0, 0.0, 0.0, 0.0, 0.0, 0.0, 0.0, 0.0, 0.0, 0.0, 0.0, 0.0, 0.0, 0.0, 0.0, 0.0], [0.23781073093414307, 0.16666666666666666, 0.5666666666666667, 0.8039215686274509, 0.5, 0.8181818181818182, 1.0, 0.0, 0.23781072863534133, 0.17203893740315082, 0.17203893740315082, 0.0, 0.0, 0.0, 0.0, 0.0, 0.0, 0.0, 0.0, 0.0, 0.0, 0.0, 0.0, 0.0, 0.0, 0.0, 0.0, 0.0, 0.0, 0.0, 0.0, 0.0], [0.18977123498916626, 0.3333333333333333, 0.6, 0.8039215686274509, 0.5, 0.8181818181818182, 1.0, 0.0, 0.18977122661496, 0.18871719318316332, 0.18871719318316332, 0.0, 0.0, 0.0, 0.0, 0.0, 0.0, 0.0, 0.0, 0.0, 0.0, 0.0, 0.0, 0.0, 0.0, 0.0, 0.0, 0.0, 0.0, 0.0, 0.0, 0.0], [0.1973877251148224, 0.5, 0.6333333333333333, 0.8039215686274509, 0.5, 0.8181818181818182, 1.0, 0.0, 0.1973877163301158, 0.19226324328377883, 0.19226324328377883, 0.0, 0.0, 0.0, 0.0, 0.0, 0.0, 0.0, 0.0, 0.0, 0.0, 0.0, 0.0, 0.0, 0.0, 0.0, 0.0, 0.0, 0.0, 0.0, 0.0, 0.0], [0.20333951711654663, 0.6666666666666666, 0.6666666666666666, 0.8039215686274509, 0.5, 0.8181818181818182, 1.0, 0.0, 0.2033395268043539, 0.254304470766346, 0.254304470766346, 0.0, 0.0, 0.0, 0.0, 0.0, 1.0, 0.0, 0.0, 0.0, 0.0, 0.0, 0.0, 0.0, 0.0, 0.0, 0.0, 0.0, 0.0, 0.0, 0.0, 0.0], [0.2774476706981659, 0.8333333333333333, 0.7, 0.8039215686274509, 0.75, 0.8181818181818182, 1.0, 1.0, 0.27744766109245866, 0.26463675170562156, 0.26463675170562156, 0.0, 0.0, 0.0, 0.0, 0.0, 0.0, 0.0, 0.0, 0.0, 0.0, 0.0, 0.0, 0.0, 0.0, 0.0, 0.0, 0.0, 0.0, 0.0, 0.0, 0.0], [0.3099210262298584, 1.0, 0.7333333333333333, 0.8039215686274509, 0.75, 0.8181818181818182, 1.0, 1.0, 0.3099210334546638, 0.32231283056506116, 0.32231283056506116, 0.0, 0.0, 0.0, 0.0, 0.0, 0.0, 0.0, 0.0, 0.0, 0.0, 0.0, 0.0, 0.0, 0.0, 0.0, 0.0, 0.0, 0.0, 0.0, 0.0, 0.0]]",0.39474016427993774,143.2906796336174,6.0,23.0,42.0,4.0,10.0,4.0,1.0,112.50133514404297,116.9995574951172,116.9995574951172,0.0,0.0,0.0,0.0,0.0,0.0,0.0,0.0,0.0,0.0,0.0,0.0,0.0,0.0,0.0,0.0,0.0,0.0,0.0,0.0,0.0,1.0,0.7333333333333333,0.8039215686274509,0.75,0.8181818181818182,1.0,1.0,0.3099210334546638,0.32231283056506116,0.32231283056506116,0.0,0.0,0.0,0.0,0.0,0.0,0.0,0.0,0.0,0.0,0.0,0.0,0.0,0.0,0.0,0.0,0.0,0.0,0.0,0.0,0.0
30,"[[0.23781073093414307, 0.16666666666666666, 0.5666666666666667, 0.8039215686274509, 0.5, 0.8181818181818182, 1.0, 0.0, 0.23781072863534133, 0.17203893740315082, 0.17203893740315082, 0.0, 0.0, 0.0, 0.0, 0.0, 0.0, 0.0, 0.0, 0.0, 0.0, 0.0, 0.0, 0.0, 0.0, 0.0, 0.0, 0.0, 0.0, 0.0, 0.0, 0.0], [0.18977123498916626, 0.3333333333333333, 0.6, 0.8039215686274509, 0.5, 0.8181818181818182, 1.0, 0.0, 0.18977122661496, 0.18871719318316332, 0.18871719318316332, 0.0, 0.0, 0.0, 0.0, 0.0, 0.0, 0.0, 0.0, 0.0, 0.0, 0.0, 0.0, 0.0, 0.0, 0.0, 0.0, 0.0, 0.0, 0.0, 0.0, 0.0], [0.1973877251148224, 0.5, 0.6333333333333333, 0.8039215686274509, 0.5, 0.8181818181818182, 1.0, 0.0, 0.1973877163301158, 0.19226324328377883, 0.19226324328377883, 0.0, 0.0, 0.0, 0.0, 0.0, 0.0, 0.0, 0.0, 0.0, 0.0, 0.0, 0.0, 0.0, 0.0, 0.0, 0.0, 0.0, 0.0, 0.0, 0.0, 0.0], [0.20333951711654663, 0.6666666666666666, 0.6666666666666666, 0.8039215686274509, 0.5, 0.8181818181818182, 1.0, 0.0, 0.2033395268043539, 0.254304470766346, 0.254304470766346, 0.0, 0.0, 0.0, 0.0, 0.0, 1.0, 0.0, 0.0, 0.0, 0.0, 0.0, 0.0, 0.0, 0.0, 0.0, 0.0, 0.0, 0.0, 0.0, 0.0, 0.0], [0.2774476706981659, 0.8333333333333333, 0.7, 0.8039215686274509, 0.75, 0.8181818181818182, 1.0, 1.0, 0.27744766109245866, 0.26463675170562156, 0.26463675170562156, 0.0, 0.0, 0.0, 0.0, 0.0, 0.0, 0.0, 0.0, 0.0, 0.0, 0.0, 0.0, 0.0, 0.0, 0.0, 0.0, 0.0, 0.0, 0.0, 0.0, 0.0], [0.3099210262298584, 1.0, 0.7333333333333333, 0.8039215686274509, 0.75, 0.8181818181818182, 1.0, 1.0, 0.3099210334546638, 0.32231283056506116, 0.32231283056506116, 0.0, 0.0, 0.0, 0.0, 0.0, 0.0, 0.0, 0.0, 0.0, 0.0, 0.0, 0.0, 0.0, 0.0, 0.0, 0.0, 0.0, 0.0, 0.0, 0.0, 0.0], [0.39474016427993774, 0.0, 0.7666666666666667, 0.8235294117647058, 0.75, 0.8181818181818182, 1.0, 0.0, 0.39474016510093834, 0.23781072863534133, 0.23781072863534133, 0.0, 0.0, 0.0, 0.0, 1.0, 0.0, 0.0, 0.0, 0.0, 0.0, 0.0, 0.0, 0.0, 0.0, 0.0, 0.0, 0.0, 0.0, 0.0, 0.0, 0.0]]",0.3119843006134033,113.2503011226654,0.0,24.0,43.0,4.0,10.0,4.0,0.0,143.29067993164062,86.3252944946289,86.3252944946289,0.0,0.0,0.0,0.0,1.0,0.0,0.0,0.0,0.0,0.0,0.0,0.0,0.0,0.0,0.0,0.0,0.0,0.0,0.0,0.0,0.0,0.0,0.7666666666666667,0.8235294117647058,0.75,0.8181818181818182,1.0,0.0,0.39474016510093834,0.23781072863534133,0.23781072863534133,0.0,0.0,0.0,0.0,1.0,0.0,0.0,0.0,0.0,0.0,0.0,0.0,0.0,0.0,0.0,0.0,0.0,0.0,0.0,0.0,0.0
31,"[[0.18977123498916626, 0.3333333333333333, 0.6, 0.8039215686274509, 0.5, 0.8181818181818182, 1.0, 0.0, 0.18977122661496, 0.18871719318316332, 0.18871719318316332, 0.0, 0.0, 0.0, 0.0, 0.0, 0.0, 0.0, 0.0, 0.0, 0.0, 0.0, 0.0, 0.0, 0.0, 0.0, 0.0, 0.0, 0.0, 0.0, 0.0, 0.0], [0.1973877251148224, 0.5, 0.6333333333333333, 0.8039215686274509, 0.5, 0.8181818181818182, 1.0, 0.0, 0.1973877163301158, 0.19226324328377883, 0.19226324328377883, 0.0, 0.0, 0.0, 0.0, 0.0, 0.0, 0.0, 0.0, 0.0, 0.0, 0.0, 0.0, 0.0, 0.0, 0.0, 0.0, 0.0, 0.0, 0.0, 0.0, 0.0], [0.20333951711654663, 0.6666666666666666, 0.6666666666666666, 0.8039215686274509, 0.5, 0.8181818181818182, 1.0, 0.0, 0.2033395268043539, 0.254304470766346, 0.254304470766346, 0.0, 0.0, 0.0, 0.0, 0.0, 1.0, 0.0, 0.0, 0.0, 0.0, 0.0, 0.0, 0.0, 0.0, 0.0, 0.0, 0.0, 0.0, 0.0, 0.0, 0.0], [0.2774476706981659, 0.8333333333333333, 0.7, 0.8039215686274509, 0.75, 0.8181818181818182, 1.0, 1.0, 0.27744766109245866, 0.26463675170562156, 0.26463675170562156, 0.0, 0.0, 0.0, 0.0, 0.0, 0.0, 0.0, 0.0, 0.0, 0.0, 0.0, 0.0, 0.0, 0.0, 0.0, 0.0, 0.0, 0.0, 0.0, 0.0, 0.0], [0.3099210262298584, 1.0, 0.7333333333333333, 0.8039215686274509, 0.75, 0.8181818181818182, 1.0, 1.0, 0.3099210334546638, 0.32231283056506116, 0.32231283056506116, 0.0, 0.0, 0.0, 0.0, 0.0, 0.0, 0.0, 0.0, 0.0, 0.0, 0.0, 0.0, 0.0, 0.0, 0.0, 0.0, 0.0, 0.0, 0.0, 0.0, 0.0], [0.39474016427993774, 0.0, 0.7666666666666667, 0.8235294117647058, 0.75, 0.8181818181818182, 1.0, 0.0, 0.39474016510093834, 0.23781072863534133, 0.23781072863534133, 0.0, 0.0, 0.0, 0.0, 1.0, 0.0, 0.0, 0.0, 0.0, 0.0, 0.0, 0.0, 0.0, 0.0, 0.0, 0.0, 0.0, 0.0, 0.0, 0.0, 0.0], [0.3119843006134033, 0.16666666666666666, 0.8, 0.8235294117647058, 0.75, 0.8181818181818182, 1.0, 0.0, 0.31198429076139594, 0.18977122661496, 0.18977122661496, 0.0, 0.0, 0.0, 0.0, 0.0, 0.0, 0.0, 0.0, 0.0, 0.0, 0.0, 0.0, 0.0, 0.0, 0.0, 0.0, 0.0, 0.0, 0.0, 0.0, 0.0]]",0.25288906693458557,91.79873129725456,1.0,25.0,43.0,4.0,10.0,4.0,0.0,113.25029754638672,68.88695526123047,68.88695526123047,0.0,0.0,0.0,0.0,0.0,0.0,0.0,0.0,0.0,0.0,0.0,0.0,0.0,0.0,0.0,0.0,0.0,0.0,0.0,0.0,0.0,0.16666666666666666,0.8,0.8235294117647058,0.75,0.8181818181818182,1.0,0.0,0.31198429076139594,0.18977122661496,0.18977122661496,0.0,0.0,0.0,0.0,0.0,0.0,0.0,0.0,0.0,0.0,0.0,0.0,0.0,0.0,0.0,0.0,0.0,0.0,0.0,0.0,0.0
32,"[[0.1973877251148224, 0.5, 0.6333333333333333, 0.8039215686274509, 0.5, 0.8181818181818182, 1.0, 0.0, 0.1973877163301158, 0.19226324328377883, 0.19226324328377883, 0.0, 0.0, 0.0, 0.0, 0.0, 0.0, 0.0, 0.0, 0.0, 0.0, 0.0, 0.0, 0.0, 0.0, 0.0, 0.0, 0.0, 0.0, 0.0, 0.0, 0.0], [0.20333951711654663, 0.6666666666666666, 0.6666666666666666, 0.8039215686274509, 0.5, 0.8181818181818182, 1.0, 0.0, 0.2033395268043539, 0.254304470766346, 0.254304470766346, 0.0, 0.0, 0.0, 0.0, 0.0, 1.0, 0.0, 0.0, 0.0, 0.0, 0.0, 0.0, 0.0, 0.0, 0.0, 0.0, 0.0, 0.0, 0.0, 0.0, 0.0], [0.2774476706981659, 0.8333333333333333, 0.7, 0.8039215686274509, 0.75, 0.8181818181818182, 1.0, 1.0, 0.27744766109245866, 0.26463675170562156, 0.26463675170562156, 0.0, 0.0, 0.0, 0.0, 0.0, 0.0, 0.0, 0.0, 0.0, 0.0, 0.0, 0.0, 0.0, 0.0, 0.0, 0.0, 0.0, 0.0, 0.0, 0.0, 0.0], [0.3099210262298584, 1.0, 0.7333333333333333, 0.8039215686274509, 0.75, 0.8181818181818182, 1.0, 1.0, 0.3099210334546638, 0.32231283056506116, 0.32231283056506116, 0.0, 0.0, 0.0, 0.0, 0.0, 0.0, 0.0, 0.0, 0.0, 0.0, 0.0, 0.0, 0.0, 0.0, 0.0, 0.0, 0.0, 0.0, 0.0, 0.0, 0.0], [0.39474016427993774, 0.0, 0.7666666666666667, 0.8235294117647058, 0.75, 0.8181818181818182, 1.0, 0.0, 0.39474016510093834, 0.23781072863534133, 0.23781072863534133, 0.0, 0.0, 0.0, 0.0, 1.0, 0.0, 0.0, 0.0, 0.0, 0.0, 0.0, 0.0, 0.0, 0.0, 0.0, 0.0, 0.0, 0.0, 0.0, 0.0, 0.0], [0.3119843006134033, 0.16666666666666666, 0.8, 0.8235294117647058, 0.75, 0.8181818181818182, 1.0, 0.0, 0.31198429076139594, 0.18977122661496, 0.18977122661496, 0.0, 0.0, 0.0, 0.0, 0.0, 0.0, 0.0, 0.0, 0.0, 0.0, 0.0, 0.0, 0.0, 0.0, 0.0, 0.0, 0.0, 0.0, 0.0, 0.0, 0.0], [0.25288906693458557, 0.3333333333333333, 0.8333333333333334, 0.8235294117647058, 0.75, 0.8181818181818182, 1.0, 0.0, 0.2528890604486807, 0.1973877163301158, 0.1973877163301158, 0.0, 0.0, 0.0, 0.0, 0.0, 0.0, 0.0, 0.0, 0.0, 0.0, 0.0, 0.0, 0.0, 0.0, 0.0, 0.0, 0.0, 0.0, 0.0, 0.0, 0.0]]",0.2505273222923279,90.94141799211502,2.0,26.0,43.0,4.0,10.0,4.0,0.0,91.7987289428711,71.65174102783203,71.65174102783203,0.0,0.0,0.0,0.0,0.0,0.0,0.0,0.0,0.0,0.0,0.0,0.0,0.0,0.0,0.0,0.0,0.0,0.0,0.0,0.0,0.0,0.3333333333333333,0.8333333333333334,0.8235294117647058,0.75,0.8181818181818182,1.0,0.0,0.2528890604486807,0.1973877163301158,0.1973877163301158,0.0,0.0,0.0,0.0,0.0,0.0,0.0,0.0,0.0,0.0,0.0,0.0,0.0,0.0,0.0,0.0,0.0,0.0,0.0,0.0,0.0
33,"[[0.20333951711654663, 0.6666666666666666, 0.6666666666666666, 0.8039215686274509, 0.5, 0.8181818181818182, 1.0, 0.0, 0.2033395268043539, 0.254304470766346, 0.254304470766346, 0.0, 0.0, 0.0, 0.0, 0.0, 1.0, 0.0, 0.0, 0.0, 0.0, 0.0, 0.0, 0.0, 0.0, 0.0, 0.0, 0.0, 0.0, 0.0, 0.0, 0.0], [0.2774476706981659, 0.8333333333333333, 0.7, 0.8039215686274509, 0.75, 0.8181818181818182, 1.0, 1.0, 0.27744766109245866, 0.26463675170562156, 0.26463675170562156, 0.0, 0.0, 0.0, 0.0, 0.0, 0.0, 0.0, 0.0, 0.0, 0.0, 0.0, 0.0, 0.0, 0.0, 0.0, 0.0, 0.0, 0.0, 0.0, 0.0, 0.0], [0.3099210262298584, 1.0, 0.7333333333333333, 0.8039215686274509, 0.75, 0.8181818181818182, 1.0, 1.0, 0.3099210334546638, 0.32231283056506116, 0.32231283056506116, 0.0, 0.0, 0.0, 0.0, 0.0, 0.0, 0.0, 0.0, 0.0, 0.0, 0.0, 0.0, 0.0, 0.0, 0.0, 0.0, 0.0, 0.0, 0.0, 0.0, 0.0], [0.39474016427993774, 0.0, 0.7666666666666667, 0.8235294117647058, 0.75, 0.8181818181818182, 1.0, 0.0, 0.39474016510093834, 0.23781072863534133, 0.23781072863534133, 0.0, 0.0, 0.0, 0.0, 1.0, 0.0, 0.0, 0.0, 0.0, 0.0, 0.0, 0.0, 0.0, 0.0, 0.0, 0.0, 0.0, 0.0, 0.0, 0.0, 0.0], [0.3119843006134033, 0.16666666666666666, 0.8, 0.8235294117647058, 0.75, 0.8181818181818182, 1.0, 0.0, 0.31198429076139594, 0.18977122661496, 0.18977122661496, 0.0, 0.0, 0.0, 0.0, 0.0, 0.0, 0.0, 0.0, 0.0, 0.0, 0.0, 0.0, 0.0, 0.0, 0.0, 0.0, 0.0, 0.0, 0.0, 0.0, 0.0], [0.25288906693458557, 0.3333333333333333, 0.8333333333333334, 0.8235294117647058, 0.75, 0.8181818181818182, 1.0, 0.0, 0.2528890604486807, 0.1973877163301158, 0.1973877163301158, 0.0, 0.0, 0.0, 0.0, 0.0, 0.0, 0.0, 0.0, 0.0, 0.0, 0.0, 0.0, 0.0, 0.0, 0.0, 0.0, 0.0, 0.0, 0.0, 0.0, 0.0], [0.2505273222923279, 0.5, 0.8666666666666667, 0.8235294117647058, 0.75, 0.8181818181818182, 1.0, 0.0, 0.25052733198013516, 0.2033395268043539, 0.2033395268043539, 0.0, 0.0, 0.0, 0.0, 0.0, 0.0, 0.0, 0.0, 0.0, 0.0, 0.0, 0.0, 0.0, 0.0, 0.0, 0.0, 0.0, 0.0, 0.0, 0.0, 0.0]]",0.27236419916152954,98.86820429563522,3.0,27.0,43.0,4.0,10.0,4.0,0.0,90.94142150878906,73.81224822998047,73.81224822998047,0.0,0.0,0.0,0.0,0.0,0.0,0.0,0.0,0.0,0.0,0.0,0.0,0.0,0.0,0.0,0.0,0.0,0.0,0.0,0.0,0.0,0.5,0.8666666666666667,0.8235294117647058,0.75,0.8181818181818182,1.0,0.0,0.25052733198013516,0.2033395268043539,0.2033395268043539,0.0,0.0,0.0,0.0,0.0,0.0,0.0,0.0,0.0,0.0,0.0,0.0,0.0,0.0,0.0,0.0,0.0,0.0,0.0,0.0,0.0
34,"[[0.2774476706981659, 0.8333333333333333, 0.7, 0.8039215686274509, 0.75, 0.8181818181818182, 1.0, 1.0, 0.27744766109245866, 0.26463675170562156, 0.26463675170562156, 0.0, 0.0, 0.0, 0.0, 0.0, 0.0, 0.0, 0.0, 0.0, 0.0, 0.0, 0.0, 0.0, 0.0, 0.0, 0.0, 0.0, 0.0, 0.0, 0.0, 0.0], [0.3099210262298584, 1.0, 0.7333333333333333, 0.8039215686274509, 0.75, 0.8181818181818182, 1.0, 1.0, 0.3099210334546638, 0.32231283056506116, 0.32231283056506116, 0.0, 0.0, 0.0, 0.0, 0.0, 0.0, 0.0, 0.0, 0.0, 0.0, 0.0, 0.0, 0.0, 0.0, 0.0, 0.0, 0.0, 0.0, 0.0, 0.0, 0.0], [0.39474016427993774, 0.0, 0.7666666666666667, 0.8235294117647058, 0.75, 0.8181818181818182, 1.0, 0.0, 0.39474016510093834, 0.23781072863534133, 0.23781072863534133, 0.0, 0.0, 0.0, 0.0, 1.0, 0.0, 0.0, 0.0, 0.0, 0.0, 0.0, 0.0, 0.0, 0.0, 0.0, 0.0, 0.0, 0.0, 0.0, 0.0, 0.0], [0.3119843006134033, 0.16666666666666666, 0.8, 0.8235294117647058, 0.75, 0.8181818181818182, 1.0, 0.0, 0.31198429076139594, 0.18977122661496, 0.18977122661496, 0.0, 0.0, 0.0, 0.0, 0.0, 0.0, 0.0, 0.0, 0.0, 0.0, 0.0, 0.0, 0.0, 0.0, 0.0, 0.0, 0.0, 0.0, 0.0, 0.0, 0.0], [0.25288906693458557, 0.3333333333333333, 0.8333333333333334, 0.8235294117647058, 0.75, 0.8181818181818182, 1.0, 0.0, 0.2528890604486807, 0.1973877163301158, 0.1973877163301158, 0.0, 0.0, 0.0, 0.0, 0.0, 0.0, 0.0, 0.0, 0.0, 0.0, 0.0, 0.0, 0.0, 0.0, 0.0, 0.0, 0.0, 0.0, 0.0, 0.0, 0.0], [0.2505273222923279, 0.5, 0.8666666666666667, 0.8235294117647058, 0.75, 0.8181818181818182, 1.0, 0.0, 0.25052733198013516, 0.2033395268043539, 0.2033395268043539, 0.0, 0.0, 0.0, 0.0, 0.0, 0.0, 0.0, 0.0, 0.0, 0.0, 0.0, 0.0, 0.0, 0.0, 0.0, 0.0, 0.0, 0.0, 0.0, 0.0, 0.0], [0.27236419916152954, 0.6666666666666666, 0.9, 0.8235294117647058, 0.75, 0.8181818181818182, 1.0, 0.0, 0.2723641934145252, 0.27744766109245866, 0.27744766109245866, 0.0, 0.0, 0.0, 0.0, 0.0, 1.0, 0.0, 0.0, 0.0, 0.0, 0.0, 0.0, 0.0, 0.0, 0.0, 0.0, 0.0, 0.0, 0.0, 0.0, 0.0]]",0.3264390230178833,118.49736535549164,4.0,28.0,43.0,4.0,10.0,4.0,0.0,98.86820220947266,100.71350097656249,100.71350097656249,0.0,0.0,0.0,0.0,0.0,1.0,0.0,0.0,0.0,0.0,0.0,0.0,0.0,0.0,0.0,0.0,0.0,0.0,0.0,0.0,0.0,0.6666666666666666,0.9,0.8235294117647058,0.75,0.8181818181818182,1.0,0.0,0.2723641934145252,0.27744766109245866,0.27744766109245866,0.0,0.0,0.0,0.0,0.0,1.0,0.0,0.0,0.0,0.0,0.0,0.0,0.0,0.0,0.0,0.0,0.0,0.0,0.0,0.0,0.0
35,"[[0.3099210262298584, 1.0, 0.7333333333333333, 0.8039215686274509, 0.75, 0.8181818181818182, 1.0, 1.0, 0.3099210334546638, 0.32231283056506116, 0.32231283056506116, 0.0, 0.0, 0.0, 0.0, 0.0, 0.0, 0.0, 0.0, 0.0, 0.0, 0.0, 0.0, 0.0, 0.0, 0.0, 0.0, 0.0, 0.0, 0.0, 0.0, 0.0], [0.39474016427993774, 0.0, 0.7666666666666667, 0.8235294117647058, 0.75, 0.8181818181818182, 1.0, 0.0, 0.39474016510093834, 0.23781072863534133, 0.23781072863534133, 0.0, 0.0, 0.0, 0.0, 1.0, 0.0, 0.0, 0.0, 0.0, 0.0, 0.0, 0.0, 0.0, 0.0, 0.0, 0.0, 0.0, 0.0, 0.0, 0.0, 0.0], [0.3119843006134033, 0.16666666666666666, 0.8, 0.8235294117647058, 0.75, 0.8181818181818182, 1.0, 0.0, 0.31198429076139594, 0.18977122661496, 0.18977122661496, 0.0, 0.0, 0.0, 0.0, 0.0, 0.0, 0.0, 0.0, 0.0, 0.0, 0.0, 0.0, 0.0, 0.0, 0.0, 0.0, 0.0, 0.0, 0.0, 0.0, 0.0], [0.25288906693458557, 0.3333333333333333, 0.8333333333333334, 0.8235294117647058, 0.75, 0.8181818181818182, 1.0, 0.0, 0.2528890604486807, 0.1973877163301158, 0.1973877163301158, 0.0, 0.0, 0.0, 0.0, 0.0, 0.0, 0.0, 0.0, 0.0, 0.0, 0.0, 0.0, 0.0, 0.0, 0.0, 0.0, 0.0, 0.0, 0.0, 0.0, 0.0], [0.2505273222923279, 0.5, 0.8666666666666667, 0.8235294117647058, 0.75, 0.8181818181818182, 1.0, 0.0, 0.25052733198013516, 0.2033395268043539, 0.2033395268043539, 0.0, 0.0, 0.0, 0.0, 0.0, 0.0, 0.0, 0.0, 0.0, 0.0, 0.0, 0.0, 0.0, 0.0, 0.0, 0.0, 0.0, 0.0, 0.0, 0.0, 0.0], [0.27236419916152954, 0.6666666666666666, 0.9, 0.8235294117647058, 0.75, 0.8181818181818182, 1.0, 0.0, 0.2723641934145252, 0.27744766109245866, 0.27744766109245866, 0.0, 0.0, 0.0, 0.0, 0.0, 1.0, 0.0, 0.0, 0.0, 0.0, 0.0, 0.0, 0.0, 0.0, 0.0, 0.0, 0.0, 0.0, 0.0, 0.0, 0.0], [0.3264390230178833, 0.8333333333333333, 0.9333333333333333, 0.8235294117647058, 1.0, 0.8181818181818182, 1.0, 1.0, 0.32643902991428847, 0.3099210334546638, 0.3099210334546638, 0.0, 0.0, 0.0, 0.0, 0.0, 0.0, 0.0, 0.0, 0.0, 0.0, 0.0, 0.0, 0.0, 0.0, 0.0, 0.0, 0.0, 0.0, 0.0, 0.0, 0.0]]",0.3423815667629242,124.28450873494148,5.0,29.0,43.0,5.0,10.0,4.0,1.0,118.4973678588867,112.50133514404297,112.50133514404297,0.0,0.0,0.0,0.0,0.0,0.0,0.0,0.0,0.0,0.0,0.0,0.0,0.0,0.0,0.0,0.0,0.0,0.0,0.0,0.0,0.0,0.8333333333333333,0.9333333333333333,0.8235294117647058,1.0,0.8181818181818182,1.0,1.0,0.32643902991428847,0.3099210334546638,0.3099210334546638,0.0,0.0,0.0,0.0,0.0,0.0,0.0,0.0,0.0,0.0,0.0,0.0,0.0,0.0,0.0,0.0,0.0,0.0,0.0,0.0,0.0
36,"[[0.39474016427993774, 0.0, 0.7666666666666667, 0.8235294117647058, 0.75, 0.8181818181818182, 1.0, 0.0, 0.39474016510093834, 0.23781072863534133, 0.23781072863534133, 0.0, 0.0, 0.0, 0.0, 1.0, 0.0, 0.0, 0.0, 0.0, 0.0, 0.0, 0.0, 0.0, 0.0, 0.0, 0.0, 0.0, 0.0, 0.0, 0.0, 0.0], [0.3119843006134033, 0.16666666666666666, 0.8, 0.8235294117647058, 0.75, 0.8181818181818182, 1.0, 0.0, 0.31198429076139594, 0.18977122661496, 0.18977122661496, 0.0, 0.0, 0.0, 0.0, 0.0, 0.0, 0.0, 0.0, 0.0, 0.0, 0.0, 0.0, 0.0, 0.0, 0.0, 0.0, 0.0, 0.0, 0.0, 0.0, 0.0], [0.25288906693458557, 0.3333333333333333, 0.8333333333333334, 0.8235294117647058, 0.75, 0.8181818181818182, 1.0, 0.0, 0.2528890604486807, 0.1973877163301158, 0.1973877163301158, 0.0, 0.0, 0.0, 0.0, 0.0, 0.0, 0.0, 0.0, 0.0, 0.0, 0.0, 0.0, 0.0, 0.0, 0.0, 0.0, 0.0, 0.0, 0.0, 0.0, 0.0], [0.2505273222923279, 0.5, 0.8666666666666667, 0.8235294117647058, 0.75, 0.8181818181818182, 1.0, 0.0, 0.25052733198013516, 0.2033395268043539, 0.2033395268043539, 0.0, 0.0, 0.0, 0.0, 0.0, 0.0, 0.0, 0.0, 0.0, 0.0, 0.0, 0.0, 0.0, 0.0, 0.0, 0.0, 0.0, 0.0, 0.0, 0.0, 0.0], [0.27236419916152954, 0.6666666666666666, 0.9, 0.8235294117647058, 0.75, 0.8181818181818182, 1.0, 0.0, 0.2723641934145252, 0.27744766109245866, 0.27744766109245866, 0.0, 0.0, 0.0, 0.0, 0.0, 1.0, 0.0, 0.0, 0.0, 0.0, 0.0, 0.0, 0.0, 0.0, 0.0, 0.0, 0.0, 0.0, 0.0, 0.0, 0.0], [0.3264390230178833, 0.8333333333333333, 0.9333333333333333, 0.8235294117647058, 1.0, 0.8181818181818182, 1.0, 1.0, 0.32643902991428847, 0.3099210334546638, 0.3099210334546638, 0.0, 0.0, 0.0, 0.0, 0.0, 0.0, 0.0, 0.0, 0.0, 0.0, 0.0, 0.0, 0.0, 0.0, 0.0, 0.0, 0.0, 0.0, 0.0, 0.0, 0.0], [0.3423815667629242, 1.0, 0.9666666666666667, 0.8235294117647058, 1.0, 0.8181818181818182, 1.0, 1.0, 0.3423815640536222, 0.39474016510093834, 0.39474016510093834, 0.0, 0.0, 0.0, 0.0, 0.0, 0.0, 0.0, 0.0, 0.0, 0.0, 0.0, 0.0, 0.0, 0.0, 0.0, 0.0, 0.0, 0.0, 0.0, 0.0, 0.0]]",0.40983569622039795,148.77035772800446,6.0,30.0,43.0,5.0,10.0,4.0,1.0,124.28450775146486,143.29067993164062,143.29067993164062,0.0,0.0,0.0,0.0,0.0,0.0,0.0,0.0,0.0,0.0,0.0,0.0,0.0,0.0,0.0,0.0,0.0,0.0,0.0,0.0,0.0,1.0,0.9666666666666667,0.8235294117647058,1.0,0.8181818181818182,1.0,1.0,0.3423815640536222,0.39474016510093834,0.39474016510093834,0.0,0.0,0.0,0.0,0.0,0.0,0.0,0.0,0.0,0.0,0.0,0.0,0.0,0.0,0.0,0.0,0.0,0.0,0.0,0.0,0.0
37,"[[0.3119843006134033, 0.16666666666666666, 0.8, 0.8235294117647058, 0.75, 0.8181818181818182, 1.0, 0.0, 0.31198429076139594, 0.18977122661496, 0.18977122661496, 0.0, 0.0, 0.0, 0.0, 0.0, 0.0, 0.0, 0.0, 0.0, 0.0, 0.0, 0.0, 0.0, 0.0, 0.0, 0.0, 0.0, 0.0, 0.0, 0.0, 0.0], [0.25288906693458557, 0.3333333333333333, 0.8333333333333334, 0.8235294117647058, 0.75, 0.8181818181818182, 1.0, 0.0, 0.2528890604486807, 0.1973877163301158, 0.1973877163301158, 0.0, 0.0, 0.0, 0.0, 0.0, 0.0, 0.0, 0.0, 0.0, 0.0, 0.0, 0.0, 0.0, 0.0, 0.0, 0.0, 0.0, 0.0, 0.0, 0.0, 0.0], [0.2505273222923279, 0.5, 0.8666666666666667, 0.8235294117647058, 0.75, 0.8181818181818182, 1.0, 0.0, 0.25052733198013516, 0.2033395268043539, 0.2033395268043539, 0.0, 0.0, 0.0, 0.0, 0.0, 0.0, 0.0, 0.0, 0.0, 0.0, 0.0, 0.0, 0.0, 0.0, 0.0, 0.0, 0.0, 0.0, 0.0, 0.0, 0.0], [0.27236419916152954, 0.6666666666666666, 0.9, 0.8235294117647058, 0.75, 0.8181818181818182, 1.0, 0.0, 0.2723641934145252, 0.27744766109245866, 0.27744766109245866, 0.0, 0.0, 0.0, 0.0, 0.0, 1.0, 0.0, 0.0, 0.0, 0.0, 0.0, 0.0, 0.0, 0.0, 0.0, 0.0, 0.0, 0.0, 0.0, 0.0, 0.0], [0.3264390230178833, 0.8333333333333333, 0.9333333333333333, 0.8235294117647058, 1.0, 0.8181818181818182, 1.0, 1.0, 0.32643902991428847, 0.3099210334546638, 0.3099210334546638, 0.0, 0.0, 0.0, 0.0, 0.0, 0.0, 0.0, 0.0, 0.0, 0.0, 0.0, 0.0, 0.0, 0.0, 0.0, 0.0, 0.0, 0.0, 0.0, 0.0, 0.0], [0.3423815667629242, 1.0, 0.9666666666666667, 0.8235294117647058, 1.0, 0.8181818181818182, 1.0, 1.0, 0.3423815640536222, 0.39474016510093834, 0.39474016510093834, 0.0, 0.0, 0.0, 0.0, 0.0, 0.0, 0.0, 0.0, 0.0, 0.0, 0.0, 0.0, 0.0, 0.0, 0.0, 0.0, 0.0, 0.0, 0.0, 0.0, 0.0], [0.40983569622039795, 0.0, 0.9999999999999999, 0.8431372549019608, 1.0, 0.8181818181818182, 1.0, 0.0, 0.4098356893239928, 0.31198429076139594, 0.31198429076139594, 0.0, 1.0, 0.0, 0.0, 1.0, 0.0, 0.0, 0.0, 0.0, 0.0, 0.0, 0.0, 0.0, 0.0, 0.0, 0.0, 0.0, 0.0, 0.0, 0.0, 0.0]]",0.3618839681148529,131.3638804256916,0.0,30.999999999999996,44.0,5.0,10.0,4.0,0.0,148.77035522460938,113.25029754638672,113.25029754638672,0.0,1.0,0.0,0.0,1.0,0.0,0.0,0.0,0.0,0.0,0.0,0.0,0.0,0.0,0.0,0.0,0.0,0.0,0.0,0.0,0.0,0.0,0.9999999999999999,0.8431372549019608,1.0,0.8181818181818182,1.0,0.0,0.4098356893239928,0.31198429076139594,0.31198429076139594,0.0,1.0,0.0,0.0,1.0,0.0,0.0,0.0,0.0,0.0,0.0,0.0,0.0,0.0,0.0,0.0,0.0,0.0,0.0,0.0,0.0
38,"[[0.25288906693458557, 0.3333333333333333, 0.8333333333333334, 0.8235294117647058, 0.75, 0.8181818181818182, 1.0, 0.0, 0.2528890604486807, 0.1973877163301158, 0.1973877163301158, 0.0, 0.0, 0.0, 0.0, 0.0, 0.0, 0.0, 0.0, 0.0, 0.0, 0.0, 0.0, 0.0, 0.0, 0.0, 0.0, 0.0, 0.0, 0.0, 0.0, 0.0], [0.2505273222923279, 0.5, 0.8666666666666667, 0.8235294117647058, 0.75, 0.8181818181818182, 1.0, 0.0, 0.25052733198013516, 0.2033395268043539, 0.2033395268043539, 0.0, 0.0, 0.0, 0.0, 0.0, 0.0, 0.0, 0.0, 0.0, 0.0, 0.0, 0.0, 0.0, 0.0, 0.0, 0.0, 0.0, 0.0, 0.0, 0.0, 0.0], [0.27236419916152954, 0.6666666666666666, 0.9, 0.8235294117647058, 0.75, 0.8181818181818182, 1.0, 0.0, 0.2723641934145252, 0.27744766109245866, 0.27744766109245866, 0.0, 0.0, 0.0, 0.0, 0.0, 1.0, 0.0, 0.0, 0.0, 0.0, 0.0, 0.0, 0.0, 0.0, 0.0, 0.0, 0.0, 0.0, 0.0, 0.0, 0.0], [0.3264390230178833, 0.8333333333333333, 0.9333333333333333, 0.8235294117647058, 1.0, 0.8181818181818182, 1.0, 1.0, 0.32643902991428847, 0.3099210334546638, 0.3099210334546638, 0.0, 0.0, 0.0, 0.0, 0.0, 0.0, 0.0, 0.0, 0.0, 0.0, 0.0, 0.0, 0.0, 0.0, 0.0, 0.0, 0.0, 0.0, 0.0, 0.0, 0.0], [0.3423815667629242, 1.0, 0.9666666666666667, 0.8235294117647058, 1.0, 0.8181818181818182, 1.0, 1.0, 0.3423815640536222, 0.39474016510093834, 0.39474016510093834, 0.0, 0.0, 0.0, 0.0, 0.0, 0.0, 0.0, 0.0, 0.0, 0.0, 0.0, 0.0, 0.0, 0.0, 0.0, 0.0, 0.0, 0.0, 0.0, 0.0, 0.0], [0.40983569622039795, 0.0, 0.9999999999999999, 0.8431372549019608, 1.0, 0.8181818181818182, 1.0, 0.0, 0.4098356893239928, 0.31198429076139594, 0.31198429076139594, 0.0, 1.0, 0.0, 0.0, 1.0, 0.0, 0.0, 0.0, 0.0, 0.0, 0.0, 0.0, 0.0, 0.0, 0.0, 0.0, 0.0, 0.0, 0.0, 0.0, 0.0], [0.3618839681148529, 0.16666666666666666, 0.0, 0.8431372549019608, 0.0, 0.9090909090909091, 1.0, 0.0, 0.3618839568671445, 0.2528890604486807, 0.2528890604486807, 1.0, 0.0, 0.0, 0.0, 0.0, 0.0, 0.0, 0.0, 0.0, 0.0, 0.0, 0.0, 0.0, 0.0, 0.0, 0.0, 0.0, 0.0, 0.0, 0.0, 0.0]]",0.31066498160362244,112.77138832211494,1.0,1.0,44.0,1.0,11.0,4.0,0.0,131.36387634277344,91.7987289428711,91.7987289428711,1.0,0.0,0.0,0.0,0.0,0.0,0.0,0.0,0.0,0.0,0.0,0.0,0.0,0.0,0.0,0.0,0.0,0.0,0.0,0.0,0.0,0.16666666666666666,0.0,0.8431372549019608,0.0,0.9090909090909091,1.0,0.0,0.3618839568671445,0.2528890604486807,0.2528890604486807,1.0,0.0,0.0,0.0,0.0,0.0,0.0,0.0,0.0,0.0,0.0,0.0,0.0,0.0,0.0,0.0,0.0,0.0,0.0,0.0,0.0
39,"[[0.2505273222923279, 0.5, 0.8666666666666667, 0.8235294117647058, 0.75, 0.8181818181818182, 1.0, 0.0, 0.25052733198013516, 0.2033395268043539, 0.2033395268043539, 0.0, 0.0, 0.0, 0.0, 0.0, 0.0, 0.0, 0.0, 0.0, 0.0, 0.0, 0.0, 0.0, 0.0, 0.0, 0.0, 0.0, 0.0, 0.0, 0.0, 0.0], [0.27236419916152954, 0.6666666666666666, 0.9, 0.8235294117647058, 0.75, 0.8181818181818182, 1.0, 0.0, 0.2723641934145252, 0.27744766109245866, 0.27744766109245866, 0.0, 0.0, 0.0, 0.0, 0.0, 1.0, 0.0, 0.0, 0.0, 0.0, 0.0, 0.0, 0.0, 0.0, 0.0, 0.0, 0.0, 0.0, 0.0, 0.0, 0.0], [0.3264390230178833, 0.8333333333333333, 0.9333333333333333, 0.8235294117647058, 1.0, 0.8181818181818182, 1.0, 1.0, 0.32643902991428847, 0.3099210334546638, 0.3099210334546638, 0.0, 0.0, 0.0, 0.0, 0.0, 0.0, 0.0, 0.0, 0.0, 0.0, 0.0, 0.0, 0.0, 0.0, 0.0, 0.0, 0.0, 0.0, 0.0, 0.0, 0.0], [0.3423815667629242, 1.0, 0.9666666666666667, 0.8235294117647058, 1.0, 0.8181818181818182, 1.0, 1.0, 0.3423815640536222, 0.39474016510093834, 0.39474016510093834, 0.0, 0.0, 0.0, 0.0, 0.0, 0.0, 0.0, 0.0, 0.0, 0.0, 0.0, 0.0, 0.0, 0.0, 0.0, 0.0, 0.0, 0.0, 0.0, 0.0, 0.0], [0.40983569622039795, 0.0, 0.9999999999999999, 0.8431372549019608, 1.0, 0.8181818181818182, 1.0, 0.0, 0.4098356893239928, 0.31198429076139594, 0.31198429076139594, 0.0, 1.0, 0.0, 0.0, 1.0, 0.0, 0.0, 0.0, 0.0, 0.0, 0.0, 0.0, 0.0, 0.0, 0.0, 0.0, 0.0, 0.0, 0.0, 0.0, 0.0], [0.3618839681148529, 0.16666666666666666, 0.0, 0.8431372549019608, 0.0, 0.9090909090909091, 1.0, 0.0, 0.3618839568671445, 0.2528890604486807, 0.2528890604486807, 1.0, 0.0, 0.0, 0.0, 0.0, 0.0, 0.0, 0.0, 0.0, 0.0, 0.0, 0.0, 0.0, 0.0, 0.0, 0.0, 0.0, 0.0, 0.0, 0.0, 0.0], [0.31066498160362244, 0.3333333333333333, 0.03333333333333333, 0.8431372549019608, 0.0, 0.9090909090909091, 1.0, 0.0, 0.31066497298311596, 0.25052733198013516, 0.25052733198013516, 0.0, 0.0, 0.0, 0.0, 0.0, 0.0, 0.0, 0.0, 0.0, 0.0, 0.0, 0.0, 0.0, 0.0, 0.0, 0.0, 0.0, 0.0, 0.0, 0.0, 0.0]]",0.31152451038360596,113.08339726924896,2.0,2.0,44.0,1.0,11.0,4.0,0.0,112.7713851928711,90.94142150878906,90.94142150878906,0.0,0.0,0.0,0.0,0.0,0.0,0.0,0.0,0.0,0.0,0.0,0.0,0.0,0.0,0.0,0.0,0.0,0.0,0.0,0.0,0.0,0.3333333333333333,0.03333333333333333,0.8431372549019608,0.0,0.9090909090909091,1.0,0.0,0.31066497298311596,0.25052733198013516,0.25052733198013516,0.0,0.0,0.0,0.0,0.0,0.0,0.0,0.0,0.0,0.0,0.0,0.0,0.0,0.0,0.0,0.0,0.0,0.0,0.0,0.0,0.0
40,"[[0.27236419916152954, 0.6666666666666666, 0.9, 0.8235294117647058, 0.75, 0.8181818181818182, 1.0, 0.0, 0.2723641934145252, 0.27744766109245866, 0.27744766109245866, 0.0, 0.0, 0.0, 0.0, 0.0, 1.0, 0.0, 0.0, 0.0, 0.0, 0.0, 0.0, 0.0, 0.0, 0.0, 0.0, 0.0, 0.0, 0.0, 0.0, 0.0], [0.3264390230178833, 0.8333333333333333, 0.9333333333333333, 0.8235294117647058, 1.0, 0.8181818181818182, 1.0, 1.0, 0.32643902991428847, 0.3099210334546638, 0.3099210334546638, 0.0, 0.0, 0.0, 0.0, 0.0, 0.0, 0.0, 0.0, 0.0, 0.0, 0.0, 0.0, 0.0, 0.0, 0.0, 0.0, 0.0, 0.0, 0.0, 0.0, 0.0], [0.3423815667629242, 1.0, 0.9666666666666667, 0.8235294117647058, 1.0, 0.8181818181818182, 1.0, 1.0, 0.3423815640536222, 0.39474016510093834, 0.39474016510093834, 0.0, 0.0, 0.0, 0.0, 0.0, 0.0, 0.0, 0.0, 0.0, 0.0, 0.0, 0.0, 0.0, 0.0, 0.0, 0.0, 0.0, 0.0, 0.0, 0.0, 0.0], [0.40983569622039795, 0.0, 0.9999999999999999, 0.8431372549019608, 1.0, 0.8181818181818182, 1.0, 0.0, 0.4098356893239928, 0.31198429076139594, 0.31198429076139594, 0.0, 1.0, 0.0, 0.0, 1.0, 0.0, 0.0, 0.0, 0.0, 0.0, 0.0, 0.0, 0.0, 0.0, 0.0, 0.0, 0.0, 0.0, 0.0, 0.0, 0.0], [0.3618839681148529, 0.16666666666666666, 0.0, 0.8431372549019608, 0.0, 0.9090909090909091, 1.0, 0.0, 0.3618839568671445, 0.2528890604486807, 0.2528890604486807, 1.0, 0.0, 0.0, 0.0, 0.0, 0.0, 0.0, 0.0, 0.0, 0.0, 0.0, 0.0, 0.0, 0.0, 0.0, 0.0, 0.0, 0.0, 0.0, 0.0, 0.0], [0.31066498160362244, 0.3333333333333333, 0.03333333333333333, 0.8431372549019608, 0.0, 0.9090909090909091, 1.0, 0.0, 0.31066497298311596, 0.25052733198013516, 0.25052733198013516, 0.0, 0.0, 0.0, 0.0, 0.0, 0.0, 0.0, 0.0, 0.0, 0.0, 0.0, 0.0, 0.0, 0.0, 0.0, 0.0, 0.0, 0.0, 0.0, 0.0, 0.0], [0.31152451038360596, 0.5, 0.06666666666666668, 0.8431372549019608, 0.0, 0.9090909090909091, 1.0, 0.0, 0.3115245093984052, 0.2723641934145252, 0.2723641934145252, 0.0, 0.0, 0.0, 0.0, 0.0, 0.0, 0.0, 0.0, 0.0, 0.0, 0.0, 0.0, 0.0, 0.0, 0.0, 0.0, 0.0, 0.0, 0.0, 0.0, 0.0]]",0.3100007474422455,112.53027132153511,3.0,3.0,44.0,1.0,11.0,4.0,0.0,113.08339691162108,98.86820220947266,98.86820220947266,0.0,0.0,0.0,0.0,0.0,0.0,0.0,0.0,0.0,0.0,0.0,0.0,0.0,0.0,0.0,0.0,0.0,0.0,0.0,0.0,0.0,0.5,0.06666666666666668,0.8431372549019608,0.0,0.9090909090909091,1.0,0.0,0.3115245093984052,0.2723641934145252,0.2723641934145252,0.0,0.0,0.0,0.0,0.0,0.0,0.0,0.0,0.0,0.0,0.0,0.0,0.0,0.0,0.0,0.0,0.0,0.0,0.0,0.0,0.0
41,"[[0.3264390230178833, 0.8333333333333333, 0.9333333333333333, 0.8235294117647058, 1.0, 0.8181818181818182, 1.0, 1.0, 0.32643902991428847, 0.3099210334546638, 0.3099210334546638, 0.0, 0.0, 0.0, 0.0, 0.0, 0.0, 0.0, 0.0, 0.0, 0.0, 0.0, 0.0, 0.0, 0.0, 0.0, 0.0, 0.0, 0.0, 0.0, 0.0, 0.0], [0.3423815667629242, 1.0, 0.9666666666666667, 0.8235294117647058, 1.0, 0.8181818181818182, 1.0, 1.0, 0.3423815640536222, 0.39474016510093834, 0.39474016510093834, 0.0, 0.0, 0.0, 0.0, 0.0, 0.0, 0.0, 0.0, 0.0, 0.0, 0.0, 0.0, 0.0, 0.0, 0.0, 0.0, 0.0, 0.0, 0.0, 0.0, 0.0], [0.40983569622039795, 0.0, 0.9999999999999999, 0.8431372549019608, 1.0, 0.8181818181818182, 1.0, 0.0, 0.4098356893239928, 0.31198429076139594, 0.31198429076139594, 0.0, 1.0, 0.0, 0.0, 1.0, 0.0, 0.0, 0.0, 0.0, 0.0, 0.0, 0.0, 0.0, 0.0, 0.0, 0.0, 0.0, 0.0, 0.0, 0.0, 0.0], [0.3618839681148529, 0.16666666666666666, 0.0, 0.8431372549019608, 0.0, 0.9090909090909091, 1.0, 0.0, 0.3618839568671445, 0.2528890604486807, 0.2528890604486807, 1.0, 0.0, 0.0, 0.0, 0.0, 0.0, 0.0, 0.0, 0.0, 0.0, 0.0, 0.0, 0.0, 0.0, 0.0, 0.0, 0.0, 0.0, 0.0, 0.0, 0.0], [0.31066498160362244, 0.3333333333333333, 0.03333333333333333, 0.8431372549019608, 0.0, 0.9090909090909091, 1.0, 0.0, 0.31066497298311596, 0.25052733198013516, 0.25052733198013516, 0.0, 0.0, 0.0, 0.0, 0.0, 0.0, 0.0, 0.0, 0.0, 0.0, 0.0, 0.0, 0.0, 0.0, 0.0, 0.0, 0.0, 0.0, 0.0, 0.0, 0.0], [0.31152451038360596, 0.5, 0.06666666666666668, 0.8431372549019608, 0.0, 0.9090909090909091, 1.0, 0.0, 0.3115245093984052, 0.2723641934145252, 0.2723641934145252, 0.0, 0.0, 0.0, 0.0, 0.0, 0.0, 0.0, 0.0, 0.0, 0.0, 0.0, 0.0, 0.0, 0.0, 0.0, 0.0, 0.0, 0.0, 0.0, 0.0, 0.0], [0.3100007474422455, 0.6666666666666666, 0.1, 0.8431372549019608, 0.0, 0.9090909090909091, 1.0, 0.0, 0.31000075327134985, 0.32643902991428847, 0.32643902991428847, 0.0, 0.0, 0.0, 0.0, 0.0, 1.0, 0.0, 0.0, 0.0, 0.0, 0.0, 0.0, 0.0, 0.0, 0.0, 0.0, 0.0, 0.0, 0.0, 0.0, 0.0]]",0.35905060172080994,130.335368424654,4.0,4.0,44.0,1.0,11.0,4.0,0.0,112.53027343749999,118.4973678588867,118.4973678588867,0.0,0.0,0.0,0.0,0.0,1.0,0.0,0.0,0.0,0.0,0.0,0.0,0.0,0.0,0.0,0.0,0.0,0.0,0.0,0.0,0.0,0.6666666666666666,0.1,0.8431372549019608,0.0,0.9090909090909091,1.0,0.0,0.31000075327134985,0.32643902991428847,0.32643902991428847,0.0,0.0,0.0,0.0,0.0,1.0,0.0,0.0,0.0,0.0,0.0,0.0,0.0,0.0,0.0,0.0,0.0,0.0,0.0,0.0,0.0
42,"[[0.3423815667629242, 1.0, 0.9666666666666667, 0.8235294117647058, 1.0, 0.8181818181818182, 1.0, 1.0, 0.3423815640536222, 0.39474016510093834, 0.39474016510093834, 0.0, 0.0, 0.0, 0.0, 0.0, 0.0, 0.0, 0.0, 0.0, 0.0, 0.0, 0.0, 0.0, 0.0, 0.0, 0.0, 0.0, 0.0, 0.0, 0.0, 0.0], [0.40983569622039795, 0.0, 0.9999999999999999, 0.8431372549019608, 1.0, 0.8181818181818182, 1.0, 0.0, 0.4098356893239928, 0.31198429076139594, 0.31198429076139594, 0.0, 1.0, 0.0, 0.0, 1.0, 0.0, 0.0, 0.0, 0.0, 0.0, 0.0, 0.0, 0.0, 0.0, 0.0, 0.0, 0.0, 0.0, 0.0, 0.0, 0.0], [0.3618839681148529, 0.16666666666666666, 0.0, 0.8431372549019608, 0.0, 0.9090909090909091, 1.0, 0.0, 0.3618839568671445, 0.2528890604486807, 0.2528890604486807, 1.0, 0.0, 0.0, 0.0, 0.0, 0.0, 0.0, 0.0, 0.0, 0.0, 0.0, 0.0, 0.0, 0.0, 0.0, 0.0, 0.0, 0.0, 0.0, 0.0, 0.0], [0.31066498160362244, 0.3333333333333333, 0.03333333333333333, 0.8431372549019608, 0.0, 0.9090909090909091, 1.0, 0.0, 0.31066497298311596, 0.25052733198013516, 0.25052733198013516, 0.0, 0.0, 0.0, 0.0, 0.0, 0.0, 0.0, 0.0, 0.0, 0.0, 0.0, 0.0, 0.0, 0.0, 0.0, 0.0, 0.0, 0.0, 0.0, 0.0, 0.0], [0.31152451038360596, 0.5, 0.06666666666666668, 0.8431372549019608, 0.0, 0.9090909090909091, 1.0, 0.0, 0.3115245093984052, 0.2723641934145252, 0.2723641934145252, 0.0, 0.0, 0.0, 0.0, 0.0, 0.0, 0.0, 0.0, 0.0, 0.0, 0.0, 0.0, 0.0, 0.0, 0.0, 0.0, 0.0, 0.0, 0.0, 0.0, 0.0], [0.3100007474422455, 0.6666666666666666, 0.1, 0.8431372549019608, 0.0, 0.9090909090909091, 1.0, 0.0, 0.31000075327134985, 0.32643902991428847, 0.32643902991428847, 0.0, 0.0, 0.0, 0.0, 0.0, 1.0, 0.0, 0.0, 0.0, 0.0, 0.0, 0.0, 0.0, 0.0, 0.0, 0.0, 0.0, 0.0, 0.0, 0.0, 0.0], [0.35905060172080994, 0.8333333333333333, 0.13333333333333333, 0.8431372549019608, 0.0, 0.9090909090909091, 1.0, 1.0, 0.3590506141179193, 0.3423815640536222, 0.3423815640536222, 0.0, 0.0, 0.0, 0.0, 0.0, 0.0, 0.0, 0.0, 0.0, 0.0, 0.0, 0.0, 0.0, 0.0, 0.0, 0.0, 0.0, 0.0, 0.0, 0.0, 0.0]]",0.3807332217693329,138.20615950226784,5.0,5.0,44.0,1.0,11.0,4.0,1.0,130.3353729248047,124.28450775146486,124.28450775146486,0.0,0.0,0.0,0.0,0.0,0.0,0.0,0.0,0.0,0.0,0.0,0.0,0.0,0.0,0.0,0.0,0.0,0.0,0.0,0.0,0.0,0.8333333333333333,0.13333333333333333,0.8431372549019608,0.0,0.9090909090909091,1.0,1.0,0.3590506141179193,0.3423815640536222,0.3423815640536222,0.0,0.0,0.0,0.0,0.0,0.0,0.0,0.0,0.0,0.0,0.0,0.0,0.0,0.0,0.0,0.0,0.0,0.0,0.0,0.0,0.0
43,"[[0.40983569622039795, 0.0, 0.9999999999999999, 0.8431372549019608, 1.0, 0.8181818181818182, 1.0, 0.0, 0.4098356893239928, 0.31198429076139594, 0.31198429076139594, 0.0, 1.0, 0.0, 0.0, 1.0, 0.0, 0.0, 0.0, 0.0, 0.0, 0.0, 0.0, 0.0, 0.0, 0.0, 0.0, 0.0, 0.0, 0.0, 0.0, 0.0], [0.3618839681148529, 0.16666666666666666, 0.0, 0.8431372549019608, 0.0, 0.9090909090909091, 1.0, 0.0, 0.3618839568671445, 0.2528890604486807, 0.2528890604486807, 1.0, 0.0, 0.0, 0.0, 0.0, 0.0, 0.0, 0.0, 0.0, 0.0, 0.0, 0.0, 0.0, 0.0, 0.0, 0.0, 0.0, 0.0, 0.0, 0.0, 0.0], [0.31066498160362244, 0.3333333333333333, 0.03333333333333333, 0.8431372549019608, 0.0, 0.9090909090909091, 1.0, 0.0, 0.31066497298311596, 0.25052733198013516, 0.25052733198013516, 0.0, 0.0, 0.0, 0.0, 0.0, 0.0, 0.0, 0.0, 0.0, 0.0, 0.0, 0.0, 0.0, 0.0, 0.0, 0.0, 0.0, 0.0, 0.0, 0.0, 0.0], [0.31152451038360596, 0.5, 0.06666666666666668, 0.8431372549019608, 0.0, 0.9090909090909091, 1.0, 0.0, 0.3115245093984052, 0.2723641934145252, 0.2723641934145252, 0.0, 0.0, 0.0, 0.0, 0.0, 0.0, 0.0, 0.0, 0.0, 0.0, 0.0, 0.0, 0.0, 0.0, 0.0, 0.0, 0.0, 0.0, 0.0, 0.0, 0.0], [0.3100007474422455, 0.6666666666666666, 0.1, 0.8431372549019608, 0.0, 0.9090909090909091, 1.0, 0.0, 0.31000075327134985, 0.32643902991428847, 0.32643902991428847, 0.0, 0.0, 0.0, 0.0, 0.0, 1.0, 0.0, 0.0, 0.0, 0.0, 0.0, 0.0, 0.0, 0.0, 0.0, 0.0, 0.0, 0.0, 0.0, 0.0, 0.0], [0.35905060172080994, 0.8333333333333333, 0.13333333333333333, 0.8431372549019608, 0.0, 0.9090909090909091, 1.0, 1.0, 0.3590506141179193, 0.3423815640536222, 0.3423815640536222, 0.0, 0.0, 0.0, 0.0, 0.0, 0.0, 0.0, 0.0, 0.0, 0.0, 0.0, 0.0, 0.0, 0.0, 0.0, 0.0, 0.0, 0.0, 0.0, 0.0, 0.0], [0.3807332217693329, 1.0, 0.16666666666666669, 0.8431372549019608, 0.0, 0.9090909090909091, 1.0, 1.0, 0.38073322727003706, 0.4098356893239928, 0.4098356893239928, 0.0, 0.0, 0.0, 0.0, 0.0, 0.0, 0.0, 0.0, 0.0, 0.0, 0.0, 0.0, 0.0, 0.0, 0.0, 0.0, 0.0, 0.0, 0.0, 0.0, 0.0]]",0.5321468710899353,193.16931420564651,6.0,6.0,44.0,1.0,11.0,4.0,1.0,138.20616149902344,148.77035522460938,148.77035522460938,0.0,0.0,0.0,0.0,0.0,0.0,0.0,0.0,0.0,0.0,0.0,0.0,0.0,0.0,0.0,0.0,0.0,0.0,0.0,0.0,0.0,1.0,0.16666666666666669,0.8431372549019608,0.0,0.9090909090909091,1.0,1.0,0.38073322727003706,0.4098356893239928,0.4098356893239928,0.0,0.0,0.0,0.0,0.0,0.0,0.0,0.0,0.0,0.0,0.0,0.0,0.0,0.0,0.0,0.0,0.0,0.0,0.0,0.0,0.0
44,"[[0.3618839681148529, 0.16666666666666666, 0.0, 0.8431372549019608, 0.0, 0.9090909090909091, 1.0, 0.0, 0.3618839568671445, 0.2528890604486807, 0.2528890604486807, 1.0, 0.0, 0.0, 0.0, 0.0, 0.0, 0.0, 0.0, 0.0, 0.0, 0.0, 0.0, 0.0, 0.0, 0.0, 0.0, 0.0, 0.0, 0.0, 0.0, 0.0], [0.31066498160362244, 0.3333333333333333, 0.03333333333333333, 0.8431372549019608, 0.0, 0.9090909090909091, 1.0, 0.0, 0.31066497298311596, 0.25052733198013516, 0.25052733198013516, 0.0, 0.0, 0.0, 0.0, 0.0, 0.0, 0.0, 0.0, 0.0, 0.0, 0.0, 0.0, 0.0, 0.0, 0.0, 0.0, 0.0, 0.0, 0.0, 0.0, 0.0], [0.31152451038360596, 0.5, 0.06666666666666668, 0.8431372549019608, 0.0, 0.9090909090909091, 1.0, 0.0, 0.3115245093984052, 0.2723641934145252, 0.2723641934145252, 0.0, 0.0, 0.0, 0.0, 0.0, 0.0, 0.0, 0.0, 0.0, 0.0, 0.0, 0.0, 0.0, 0.0, 0.0, 0.0, 0.0, 0.0, 0.0, 0.0, 0.0], [0.3100007474422455, 0.6666666666666666, 0.1, 0.8431372549019608, 0.0, 0.9090909090909091, 1.0, 0.0, 0.31000075327134985, 0.32643902991428847, 0.32643902991428847, 0.0, 0.0, 0.0, 0.0, 0.0, 1.0, 0.0, 0.0, 0.0, 0.0, 0.0, 0.0, 0.0, 0.0, 0.0, 0.0, 0.0, 0.0, 0.0, 0.0, 0.0], [0.35905060172080994, 0.8333333333333333, 0.13333333333333333, 0.8431372549019608, 0.0, 0.9090909090909091, 1.0, 1.0, 0.3590506141179193, 0.3423815640536222, 0.3423815640536222, 0.0, 0.0, 0.0, 0.0, 0.0, 0.0, 0.0, 0.0, 0.0, 0.0, 0.0, 0.0, 0.0, 0.0, 0.0, 0.0, 0.0, 0.0, 0.0, 0.0, 0.0], [0.3807332217693329, 1.0, 0.16666666666666669, 0.8431372549019608, 0.0, 0.9090909090909091, 1.0, 1.0, 0.38073322727003706, 0.4098356893239928, 0.4098356893239928, 0.0, 0.0, 0.0, 0.0, 0.0, 0.0, 0.0, 0.0, 0.0, 0.0, 0.0, 0.0, 0.0, 0.0, 0.0, 0.0, 0.0, 0.0, 0.0, 0.0, 0.0], [0.5321468710899353, 0.0, 0.2, 0.8627450980392156, 0.0, 0.9090909090909091, 1.0, 0.0, 0.5321468637009298, 0.3618839568671445, 0.3618839568671445, 0.0, 0.0, 0.0, 0.0, 1.0, 0.0, 0.0, 0.0, 0.0, 0.0, 0.0, 0.0, 0.0, 0.0, 0.0, 0.0, 0.0, 0.0, 0.0, 0.0, 0.0]]",0.2664980888366699,96.73880624771118,0.0,7.0,45.0,1.0,11.0,4.0,0.0,193.1693115234375,131.36387634277344,131.36387634277344,0.0,0.0,0.0,0.0,1.0,0.0,0.0,0.0,0.0,0.0,0.0,0.0,0.0,0.0,0.0,0.0,0.0,0.0,0.0,0.0,0.0,0.0,0.2,0.8627450980392156,0.0,0.9090909090909091,1.0,0.0,0.5321468637009298,0.3618839568671445,0.3618839568671445,0.0,0.0,0.0,0.0,1.0,0.0,0.0,0.0,0.0,0.0,0.0,0.0,0.0,0.0,0.0,0.0,0.0,0.0,0.0,0.0,0.0
45,"[[0.31066498160362244, 0.3333333333333333, 0.03333333333333333, 0.8431372549019608, 0.0, 0.9090909090909091, 1.0, 0.0, 0.31066497298311596, 0.25052733198013516, 0.25052733198013516, 0.0, 0.0, 0.0, 0.0, 0.0, 0.0, 0.0, 0.0, 0.0, 0.0, 0.0, 0.0, 0.0, 0.0, 0.0, 0.0, 0.0, 0.0, 0.0, 0.0, 0.0], [0.31152451038360596, 0.5, 0.06666666666666668, 0.8431372549019608, 0.0, 0.9090909090909091, 1.0, 0.0, 0.3115245093984052, 0.2723641934145252, 0.2723641934145252, 0.0, 0.0, 0.0, 0.0, 0.0, 0.0, 0.0, 0.0, 0.0, 0.0, 0.0, 0.0, 0.0, 0.0, 0.0, 0.0, 0.0, 0.0, 0.0, 0.0, 0.0], [0.3100007474422455, 0.6666666666666666, 0.1, 0.8431372549019608, 0.0, 0.9090909090909091, 1.0, 0.0, 0.31000075327134985, 0.32643902991428847, 0.32643902991428847, 0.0, 0.0, 0.0, 0.0, 0.0, 1.0, 0.0, 0.0, 0.0, 0.0, 0.0, 0.0, 0.0, 0.0, 0.0, 0.0, 0.0, 0.0, 0.0, 0.0, 0.0], [0.35905060172080994, 0.8333333333333333, 0.13333333333333333, 0.8431372549019608, 0.0, 0.9090909090909091, 1.0, 1.0, 0.3590506141179193, 0.3423815640536222, 0.3423815640536222, 0.0, 0.0, 0.0, 0.0, 0.0, 0.0, 0.0, 0.0, 0.0, 0.0, 0.0, 0.0, 0.0, 0.0, 0.0, 0.0, 0.0, 0.0, 0.0, 0.0, 0.0], [0.3807332217693329, 1.0, 0.16666666666666669, 0.8431372549019608, 0.0, 0.9090909090909091, 1.0, 1.0, 0.38073322727003706, 0.4098356893239928, 0.4098356893239928, 0.0, 0.0, 0.0, 0.0, 0.0, 0.0, 0.0, 0.0, 0.0, 0.0, 0.0, 0.0, 0.0, 0.0, 0.0, 0.0, 0.0, 0.0, 0.0, 0.0, 0.0], [0.5321468710899353, 0.0, 0.2, 0.8627450980392156, 0.0, 0.9090909090909091, 1.0, 0.0, 0.5321468637009298, 0.3618839568671445, 0.3618839568671445, 0.0, 0.0, 0.0, 0.0, 1.0, 0.0, 0.0, 0.0, 0.0, 0.0, 0.0, 0.0, 0.0, 0.0, 0.0, 0.0, 0.0, 0.0, 0.0, 0.0, 0.0], [0.2664980888366699, 0.16666666666666666, 0.23333333333333334, 0.8627450980392156, 0.25, 0.9090909090909091, 1.0, 0.0, 0.2664980927774729, 0.31066497298311596, 0.31066497298311596, 0.0, 0.0, 0.0, 0.0, 0.0, 0.0, 0.0, 0.0, 0.0, 0.0, 0.0, 0.0, 0.0, 0.0, 0.0, 0.0, 0.0, 0.0, 0.0, 0.0, 0.0]]",0.23746570944786072,86.20005252957344,1.0,8.0,45.0,2.0,11.0,4.0,0.0,96.73880767822266,112.7713851928711,112.7713851928711,0.0,0.0,0.0,0.0,0.0,0.0,0.0,0.0,0.0,0.0,0.0,0.0,0.0,0.0,0.0,0.0,0.0,0.0,0.0,0.0,0.0,0.16666666666666666,0.23333333333333334,0.8627450980392156,0.25,0.9090909090909091,1.0,0.0,0.2664980927774729,0.31066497298311596,0.31066497298311596,0.0,0.0,0.0,0.0,0.0,0.0,0.0,0.0,0.0,0.0,0.0,0.0,0.0,0.0,0.0,0.0,0.0,0.0,0.0,0.0,0.0
46,"[[0.31152451038360596, 0.5, 0.06666666666666668, 0.8431372549019608, 0.0, 0.9090909090909091, 1.0, 0.0, 0.3115245093984052, 0.2723641934145252, 0.2723641934145252, 0.0, 0.0, 0.0, 0.0, 0.0, 0.0, 0.0, 0.0, 0.0, 0.0, 0.0, 0.0, 0.0, 0.0, 0.0, 0.0, 0.0, 0.0, 0.0, 0.0, 0.0], [0.3100007474422455, 0.6666666666666666, 0.1, 0.8431372549019608, 0.0, 0.9090909090909091, 1.0, 0.0, 0.31000075327134985, 0.32643902991428847, 0.32643902991428847, 0.0, 0.0, 0.0, 0.0, 0.0, 1.0, 0.0, 0.0, 0.0, 0.0, 0.0, 0.0, 0.0, 0.0, 0.0, 0.0, 0.0, 0.0, 0.0, 0.0, 0.0], [0.35905060172080994, 0.8333333333333333, 0.13333333333333333, 0.8431372549019608, 0.0, 0.9090909090909091, 1.0, 1.0, 0.3590506141179193, 0.3423815640536222, 0.3423815640536222, 0.0, 0.0, 0.0, 0.0, 0.0, 0.0, 0.0, 0.0, 0.0, 0.0, 0.0, 0.0, 0.0, 0.0, 0.0, 0.0, 0.0, 0.0, 0.0, 0.0, 0.0], [0.3807332217693329, 1.0, 0.16666666666666669, 0.8431372549019608, 0.0, 0.9090909090909091, 1.0, 1.0, 0.38073322727003706, 0.4098356893239928, 0.4098356893239928, 0.0, 0.0, 0.0, 0.0, 0.0, 0.0, 0.0, 0.0, 0.0, 0.0, 0.0, 0.0, 0.0, 0.0, 0.0, 0.0, 0.0, 0.0, 0.0, 0.0, 0.0], [0.5321468710899353, 0.0, 0.2, 0.8627450980392156, 0.0, 0.9090909090909091, 1.0, 0.0, 0.5321468637009298, 0.3618839568671445, 0.3618839568671445, 0.0, 0.0, 0.0, 0.0, 1.0, 0.0, 0.0, 0.0, 0.0, 0.0, 0.0, 0.0, 0.0, 0.0, 0.0, 0.0, 0.0, 0.0, 0.0, 0.0, 0.0], [0.2664980888366699, 0.16666666666666666, 0.23333333333333334, 0.8627450980392156, 0.25, 0.9090909090909091, 1.0, 0.0, 0.2664980927774729, 0.31066497298311596, 0.31066497298311596, 0.0, 0.0, 0.0, 0.0, 0.0, 0.0, 0.0, 0.0, 0.0, 0.0, 0.0, 0.0, 0.0, 0.0, 0.0, 0.0, 0.0, 0.0, 0.0, 0.0, 0.0], [0.23746570944786072, 0.3333333333333333, 0.26666666666666666, 0.8627450980392156, 0.25, 0.9090909090909091, 1.0, 0.0, 0.23746570345455623, 0.3115245093984052, 0.3115245093984052, 0.0, 0.0, 0.0, 0.0, 0.0, 0.0, 0.0, 0.0, 0.0, 0.0, 0.0, 0.0, 0.0, 0.0, 0.0, 0.0, 0.0, 0.0, 0.0, 0.0, 0.0]]",0.26039305329322815,94.52267834544182,2.0,9.0,45.0,2.0,11.0,4.0,0.0,86.2000503540039,113.08339691162108,113.08339691162108,0.0,0.0,0.0,0.0,0.0,0.0,0.0,0.0,0.0,0.0,0.0,0.0,0.0,0.0,0.0,0.0,0.0,0.0,0.0,0.0,0.0,0.3333333333333333,0.26666666666666666,0.8627450980392156,0.25,0.9090909090909091,1.0,0.0,0.23746570345455623,0.3115245093984052,0.3115245093984052,0.0,0.0,0.0,0.0,0.0,0.0,0.0,0.0,0.0,0.0,0.0,0.0,0.0,0.0,0.0,0.0,0.0,0.0,0.0,0.0,0.0
47,"[[0.3100007474422455, 0.6666666666666666, 0.1, 0.8431372549019608, 0.0, 0.9090909090909091, 1.0, 0.0, 0.31000075327134985, 0.32643902991428847, 0.32643902991428847, 0.0, 0.0, 0.0, 0.0, 0.0, 1.0, 0.0, 0.0, 0.0, 0.0, 0.0, 0.0, 0.0, 0.0, 0.0, 0.0, 0.0, 0.0, 0.0, 0.0, 0.0], [0.35905060172080994, 0.8333333333333333, 0.13333333333333333, 0.8431372549019608, 0.0, 0.9090909090909091, 1.0, 1.0, 0.3590506141179193, 0.3423815640536222, 0.3423815640536222, 0.0, 0.0, 0.0, 0.0, 0.0, 0.0, 0.0, 0.0, 0.0, 0.0, 0.0, 0.0, 0.0, 0.0, 0.0, 0.0, 0.0, 0.0, 0.0, 0.0, 0.0], [0.3807332217693329, 1.0, 0.16666666666666669, 0.8431372549019608, 0.0, 0.9090909090909091, 1.0, 1.0, 0.38073322727003706, 0.4098356893239928, 0.4098356893239928, 0.0, 0.0, 0.0, 0.0, 0.0, 0.0, 0.0, 0.0, 0.0, 0.0, 0.0, 0.0, 0.0, 0.0, 0.0, 0.0, 0.0, 0.0, 0.0, 0.0, 0.0], [0.5321468710899353, 0.0, 0.2, 0.8627450980392156, 0.0, 0.9090909090909091, 1.0, 0.0, 0.5321468637009298, 0.3618839568671445, 0.3618839568671445, 0.0, 0.0, 0.0, 0.0, 1.0, 0.0, 0.0, 0.0, 0.0, 0.0, 0.0, 0.0, 0.0, 0.0, 0.0, 0.0, 0.0, 0.0, 0.0, 0.0, 0.0], [0.2664980888366699, 0.16666666666666666, 0.23333333333333334, 0.8627450980392156, 0.25, 0.9090909090909091, 1.0, 0.0, 0.2664980927774729, 0.31066497298311596, 0.31066497298311596, 0.0, 0.0, 0.0, 0.0, 0.0, 0.0, 0.0, 0.0, 0.0, 0.0, 0.0, 0.0, 0.0, 0.0, 0.0, 0.0, 0.0, 0.0, 0.0, 0.0, 0.0], [0.23746570944786072, 0.3333333333333333, 0.26666666666666666, 0.8627450980392156, 0.25, 0.9090909090909091, 1.0, 0.0, 0.23746570345455623, 0.3115245093984052, 0.3115245093984052, 0.0, 0.0, 0.0, 0.0, 0.0, 0.0, 0.0, 0.0, 0.0, 0.0, 0.0, 0.0, 0.0, 0.0, 0.0, 0.0, 0.0, 0.0, 0.0, 0.0, 0.0], [0.26039305329322815, 0.5, 0.3, 0.8627450980392156, 0.25, 0.9090909090909091, 1.0, 0.0, 0.2603930428665203, 0.31000075327134985, 0.31000075327134985, 0.0, 0.0, 0.0, 0.0, 0.0, 0.0, 0.0, 0.0, 0.0, 0.0, 0.0, 0.0, 0.0, 0.0, 0.0, 0.0, 0.0, 0.0, 0.0, 0.0, 0.0]]",0.2656194567680359,96.41986280679703,3.0,10.0,45.0,2.0,11.0,4.0,0.0,94.52267456054688,112.53027343749999,112.53027343749999,0.0,0.0,0.0,0.0,0.0,0.0,0.0,0.0,0.0,0.0,0.0,0.0,0.0,0.0,0.0,0.0,0.0,0.0,0.0,0.0,0.0,0.5,0.3,0.8627450980392156,0.25,0.9090909090909091,1.0,0.0,0.2603930428665203,0.31000075327134985,0.31000075327134985,0.0,0.0,0.0,0.0,0.0,0.0,0.0,0.0,0.0,0.0,0.0,0.0,0.0,0.0,0.0,0.0,0.0,0.0,0.0,0.0,0.0
48,"[[0.35905060172080994, 0.8333333333333333, 0.13333333333333333, 0.8431372549019608, 0.0, 0.9090909090909091, 1.0, 1.0, 0.3590506141179193, 0.3423815640536222, 0.3423815640536222, 0.0, 0.0, 0.0, 0.0, 0.0, 0.0, 0.0, 0.0, 0.0, 0.0, 0.0, 0.0, 0.0, 0.0, 0.0, 0.0, 0.0, 0.0, 0.0, 0.0, 0.0], [0.3807332217693329, 1.0, 0.16666666666666669, 0.8431372549019608, 0.0, 0.9090909090909091, 1.0, 1.0, 0.38073322727003706, 0.4098356893239928, 0.4098356893239928, 0.0, 0.0, 0.0, 0.0, 0.0, 0.0, 0.0, 0.0, 0.0, 0.0, 0.0, 0.0, 0.0, 0.0, 0.0, 0.0, 0.0, 0.0, 0.0, 0.0, 0.0], [0.5321468710899353, 0.0, 0.2, 0.8627450980392156, 0.0, 0.9090909090909091, 1.0, 0.0, 0.5321468637009298, 0.3618839568671445, 0.3618839568671445, 0.0, 0.0, 0.0, 0.0, 1.0, 0.0, 0.0, 0.0, 0.0, 0.0, 0.0, 0.0, 0.0, 0.0, 0.0, 0.0, 0.0, 0.0, 0.0, 0.0, 0.0], [0.2664980888366699, 0.16666666666666666, 0.23333333333333334, 0.8627450980392156, 0.25, 0.9090909090909091, 1.0, 0.0, 0.2664980927774729, 0.31066497298311596, 0.31066497298311596, 0.0, 0.0, 0.0, 0.0, 0.0, 0.0, 0.0, 0.0, 0.0, 0.0, 0.0, 0.0, 0.0, 0.0, 0.0, 0.0, 0.0, 0.0, 0.0, 0.0, 0.0], [0.23746570944786072, 0.3333333333333333, 0.26666666666666666, 0.8627450980392156, 0.25, 0.9090909090909091, 1.0, 0.0, 0.23746570345455623, 0.3115245093984052, 0.3115245093984052, 0.0, 0.0, 0.0, 0.0, 0.0, 0.0, 0.0, 0.0, 0.0, 0.0, 0.0, 0.0, 0.0, 0.0, 0.0, 0.0, 0.0, 0.0, 0.0, 0.0, 0.0], [0.26039305329322815, 0.5, 0.3, 0.8627450980392156, 0.25, 0.9090909090909091, 1.0, 0.0, 0.2603930428665203, 0.31000075327134985, 0.31000075327134985, 0.0, 0.0, 0.0, 0.0, 0.0, 0.0, 0.0, 0.0, 0.0, 0.0, 0.0, 0.0, 0.0, 0.0, 0.0, 0.0, 0.0, 0.0, 0.0, 0.0, 0.0], [0.2656194567680359, 0.6666666666666666, 0.3333333333333333, 0.8627450980392156, 0.25, 0.9090909090909091, 1.0, 0.0, 0.2656194513494318, 0.3590506141179193, 0.3590506141179193, 0.0, 0.0, 0.0, 0.0, 0.0, 1.0, 0.0, 0.0, 0.0, 0.0, 0.0, 0.0, 0.0, 0.0, 0.0, 0.0, 0.0, 0.0, 0.0, 0.0, 0.0]]",0.4308760464191437,156.40800485014915,4.0,11.0,45.0,2.0,11.0,4.0,0.0,96.41986083984375,130.3353729248047,130.3353729248047,0.0,0.0,0.0,0.0,0.0,1.0,0.0,0.0,0.0,0.0,0.0,0.0,0.0,0.0,0.0,0.0,0.0,0.0,0.0,0.0,0.0,0.6666666666666666,0.3333333333333333,0.8627450980392156,0.25,0.9090909090909091,1.0,0.0,0.2656194513494318,0.3590506141179193,0.3590506141179193,0.0,0.0,0.0,0.0,0.0,1.0,0.0,0.0,0.0,0.0,0.0,0.0,0.0,0.0,0.0,0.0,0.0,0.0,0.0,0.0,0.0
49,"[[0.3807332217693329, 1.0, 0.16666666666666669, 0.8431372549019608, 0.0, 0.9090909090909091, 1.0, 1.0, 0.38073322727003706, 0.4098356893239928, 0.4098356893239928, 0.0, 0.0, 0.0, 0.0, 0.0, 0.0, 0.0, 0.0, 0.0, 0.0, 0.0, 0.0, 0.0, 0.0, 0.0, 0.0, 0.0, 0.0, 0.0, 0.0, 0.0], [0.5321468710899353, 0.0, 0.2, 0.8627450980392156, 0.0, 0.9090909090909091, 1.0, 0.0, 0.5321468637009298, 0.3618839568671445, 0.3618839568671445, 0.0, 0.0, 0.0, 0.0, 1.0, 0.0, 0.0, 0.0, 0.0, 0.0, 0.0, 0.0, 0.0, 0.0, 0.0, 0.0, 0.0, 0.0, 0.0, 0.0, 0.0], [0.2664980888366699, 0.16666666666666666, 0.23333333333333334, 0.8627450980392156, 0.25, 0.9090909090909091, 1.0, 0.0, 0.2664980927774729, 0.31066497298311596, 0.31066497298311596, 0.0, 0.0, 0.0, 0.0, 0.0, 0.0, 0.0, 0.0, 0.0, 0.0, 0.0, 0.0, 0.0, 0.0, 0.0, 0.0, 0.0, 0.0, 0.0, 0.0, 0.0], [0.23746570944786072, 0.3333333333333333, 0.26666666666666666, 0.8627450980392156, 0.25, 0.9090909090909091, 1.0, 0.0, 0.23746570345455623, 0.3115245093984052, 0.3115245093984052, 0.0, 0.0, 0.0, 0.0, 0.0, 0.0, 0.0, 0.0, 0.0, 0.0, 0.0, 0.0, 0.0, 0.0, 0.0, 0.0, 0.0, 0.0, 0.0, 0.0, 0.0], [0.26039305329322815, 0.5, 0.3, 0.8627450980392156, 0.25, 0.9090909090909091, 1.0, 0.0, 0.2603930428665203, 0.31000075327134985, 0.31000075327134985, 0.0, 0.0, 0.0, 0.0, 0.0, 0.0, 0.0, 0.0, 0.0, 0.0, 0.0, 0.0, 0.0, 0.0, 0.0, 0.0, 0.0, 0.0, 0.0, 0.0, 0.0], [0.2656194567680359, 0.6666666666666666, 0.3333333333333333, 0.8627450980392156, 0.25, 0.9090909090909091, 1.0, 0.0, 0.2656194513494318, 0.3590506141179193, 0.3590506141179193, 0.0, 0.0, 0.0, 0.0, 0.0, 1.0, 0.0, 0.0, 0.0, 0.0, 0.0, 0.0, 0.0, 0.0, 0.0, 0.0, 0.0, 0.0, 0.0, 0.0, 0.0], [0.4308760464191437, 0.8333333333333333, 0.3666666666666667, 0.8627450980392156, 0.25, 0.9090909090909091, 1.0, 1.0, 0.43087604617284353, 0.38073322727003706, 0.38073322727003706, 0.0, 0.0, 0.0, 0.0, 0.0, 0.0, 0.0, 0.0, 0.0, 0.0, 0.0, 0.0, 0.0, 0.0, 0.0, 0.0, 0.0, 0.0, 0.0, 0.0, 0.0]]",0.4577285349369049,166.15545818209648,5.0,12.0,45.0,2.0,11.0,4.0,1.0,156.4080047607422,138.20616149902344,138.20616149902344,0.0,0.0,0.0,0.0,0.0,0.0,0.0,0.0,0.0,0.0,0.0,0.0,0.0,0.0,0.0,0.0,0.0,0.0,0.0,0.0,0.0,0.8333333333333333,0.3666666666666667,0.8627450980392156,0.25,0.9090909090909091,1.0,1.0,0.43087604617284353,0.38073322727003706,0.38073322727003706,0.0,0.0,0.0,0.0,0.0,0.0,0.0,0.0,0.0,0.0,0.0,0.0,0.0,0.0,0.0,0.0,0.0,0.0,0.0,0.0,0.0
50,"[[0.5321468710899353, 0.0, 0.2, 0.8627450980392156, 0.0, 0.9090909090909091, 1.0, 0.0, 0.5321468637009298, 0.3618839568671445, 0.3618839568671445, 0.0, 0.0, 0.0, 0.0, 1.0, 0.0, 0.0, 0.0, 0.0, 0.0, 0.0, 0.0, 0.0, 0.0, 0.0, 0.0, 0.0, 0.0, 0.0, 0.0, 0.0], [0.2664980888366699, 0.16666666666666666, 0.23333333333333334, 0.8627450980392156, 0.25, 0.9090909090909091, 1.0, 0.0, 0.2664980927774729, 0.31066497298311596, 0.31066497298311596, 0.0, 0.0, 0.0, 0.0, 0.0, 0.0, 0.0, 0.0, 0.0, 0.0, 0.0, 0.0, 0.0, 0.0, 0.0, 0.0, 0.0, 0.0, 0.0, 0.0, 0.0], [0.23746570944786072, 0.3333333333333333, 0.26666666666666666, 0.8627450980392156, 0.25, 0.9090909090909091, 1.0, 0.0, 0.23746570345455623, 0.3115245093984052, 0.3115245093984052, 0.0, 0.0, 0.0, 0.0, 0.0, 0.0, 0.0, 0.0, 0.0, 0.0, 0.0, 0.0, 0.0, 0.0, 0.0, 0.0, 0.0, 0.0, 0.0, 0.0, 0.0], [0.26039305329322815, 0.5, 0.3, 0.8627450980392156, 0.25, 0.9090909090909091, 1.0, 0.0, 0.2603930428665203, 0.31000075327134985, 0.31000075327134985, 0.0, 0.0, 0.0, 0.0, 0.0, 0.0, 0.0, 0.0, 0.0, 0.0, 0.0, 0.0, 0.0, 0.0, 0.0, 0.0, 0.0, 0.0, 0.0, 0.0, 0.0], [0.2656194567680359, 0.6666666666666666, 0.3333333333333333, 0.8627450980392156, 0.25, 0.9090909090909091, 1.0, 0.0, 0.2656194513494318, 0.3590506141179193, 0.3590506141179193, 0.0, 0.0, 0.0, 0.0, 0.0, 1.0, 0.0, 0.0, 0.0, 0.0, 0.0, 0.0, 0.0, 0.0, 0.0, 0.0, 0.0, 0.0, 0.0, 0.0, 0.0], [0.4308760464191437, 0.8333333333333333, 0.3666666666666667, 0.8627450980392156, 0.25, 0.9090909090909091, 1.0, 1.0, 0.43087604617284353, 0.38073322727003706, 0.38073322727003706, 0.0, 0.0, 0.0, 0.0, 0.0, 0.0, 0.0, 0.0, 0.0, 0.0, 0.0, 0.0, 0.0, 0.0, 0.0, 0.0, 0.0, 0.0, 0.0, 0.0, 0.0], [0.4577285349369049, 1.0, 0.4, 0.8627450980392156, 0.25, 0.9090909090909091, 1.0, 1.0, 0.45772853042140155, 0.5321468637009298, 0.5321468637009298, 0.0, 0.0, 0.0, 0.0, 0.0, 0.0, 0.0, 0.0, 0.0, 0.0, 0.0, 0.0, 0.0, 0.0, 0.0, 0.0, 0.0, 0.0, 0.0, 0.0, 0.0]]",0.4408336281776428,160.02260702848434,6.0,13.0,45.0,2.0,11.0,4.0,1.0,166.15545654296875,193.1693115234375,193.1693115234375,0.0,0.0,0.0,0.0,0.0,0.0,0.0,0.0,0.0,0.0,0.0,0.0,0.0,0.0,0.0,0.0,0.0,0.0,0.0,0.0,0.0,1.0,0.4,0.8627450980392156,0.25,0.9090909090909091,1.0,1.0,0.45772853042140155,0.5321468637009298,0.5321468637009298,0.0,0.0,0.0,0.0,0.0,0.0,0.0,0.0,0.0,0.0,0.0,0.0,0.0,0.0,0.0,0.0,0.0,0.0,0.0,0.0,0.0
51,"[[0.2664980888366699, 0.16666666666666666, 0.23333333333333334, 0.8627450980392156, 0.25, 0.9090909090909091, 1.0, 0.0, 0.2664980927774729, 0.31066497298311596, 0.31066497298311596, 0.0, 0.0, 0.0, 0.0, 0.0, 0.0, 0.0, 0.0, 0.0, 0.0, 0.0, 0.0, 0.0, 0.0, 0.0, 0.0, 0.0, 0.0, 0.0, 0.0, 0.0], [0.23746570944786072, 0.3333333333333333, 0.26666666666666666, 0.8627450980392156, 0.25, 0.9090909090909091, 1.0, 0.0, 0.23746570345455623, 0.3115245093984052, 0.3115245093984052, 0.0, 0.0, 0.0, 0.0, 0.0, 0.0, 0.0, 0.0, 0.0, 0.0, 0.0, 0.0, 0.0, 0.0, 0.0, 0.0, 0.0, 0.0, 0.0, 0.0, 0.0], [0.26039305329322815, 0.5, 0.3, 0.8627450980392156, 0.25, 0.9090909090909091, 1.0, 0.0, 0.2603930428665203, 0.31000075327134985, 0.31000075327134985, 0.0, 0.0, 0.0, 0.0, 0.0, 0.0, 0.0, 0.0, 0.0, 0.0, 0.0, 0.0, 0.0, 0.0, 0.0, 0.0, 0.0, 0.0, 0.0, 0.0, 0.0], [0.2656194567680359, 0.6666666666666666, 0.3333333333333333, 0.8627450980392156, 0.25, 0.9090909090909091, 1.0, 0.0, 0.2656194513494318, 0.3590506141179193, 0.3590506141179193, 0.0, 0.0, 0.0, 0.0, 0.0, 1.0, 0.0, 0.0, 0.0, 0.0, 0.0, 0.0, 0.0, 0.0, 0.0, 0.0, 0.0, 0.0, 0.0, 0.0, 0.0], [0.4308760464191437, 0.8333333333333333, 0.3666666666666667, 0.8627450980392156, 0.25, 0.9090909090909091, 1.0, 1.0, 0.43087604617284353, 0.38073322727003706, 0.38073322727003706, 0.0, 0.0, 0.0, 0.0, 0.0, 0.0, 0.0, 0.0, 0.0, 0.0, 0.0, 0.0, 0.0, 0.0, 0.0, 0.0, 0.0, 0.0, 0.0, 0.0, 0.0], [0.4577285349369049, 1.0, 0.4, 0.8627450980392156, 0.25, 0.9090909090909091, 1.0, 1.0, 0.45772853042140155, 0.5321468637009298, 0.5321468637009298, 0.0, 0.0, 0.0, 0.0, 0.0, 0.0, 0.0, 0.0, 0.0, 0.0, 0.0, 0.0, 0.0, 0.0, 0.0, 0.0, 0.0, 0.0, 0.0, 0.0, 0.0], [0.4408336281776428, 0.0, 0.43333333333333335, 0.8823529411764706, 0.25, 0.9090909090909091, 1.0, 0.0, 0.4408336460754563, 0.2664980927774729, 0.2664980927774729, 0.0, 0.0, 0.0, 0.0, 1.0, 0.0, 0.0, 0.0, 0.0, 0.0, 0.0, 0.0, 0.0, 0.0, 0.0, 0.0, 0.0, 0.0, 0.0, 0.0, 0.0]]",0.42364123463630676,153.78176817297935,0.0,14.0,46.0,2.0,11.0,4.0,0.0,160.02261352539062,96.73880767822266,96.73880767822266,0.0,0.0,0.0,0.0,1.0,0.0,0.0,0.0,0.0,0.0,0.0,0.0,0.0,0.0,0.0,0.0,0.0,0.0,0.0,0.0,0.0,0.0,0.43333333333333335,0.8823529411764706,0.25,0.9090909090909091,1.0,0.0,0.4408336460754563,0.2664980927774729,0.2664980927774729,0.0,0.0,0.0,0.0,1.0,0.0,0.0,0.0,0.0,0.0,0.0,0.0,0.0,0.0,0.0,0.0,0.0,0.0,0.0,0.0,0.0
52,"[[0.23746570944786072, 0.3333333333333333, 0.26666666666666666, 0.8627450980392156, 0.25, 0.9090909090909091, 1.0, 0.0, 0.23746570345455623, 0.3115245093984052, 0.3115245093984052, 0.0, 0.0, 0.0, 0.0, 0.0, 0.0, 0.0, 0.0, 0.0, 0.0, 0.0, 0.0, 0.0, 0.0, 0.0, 0.0, 0.0, 0.0, 0.0, 0.0, 0.0], [0.26039305329322815, 0.5, 0.3, 0.8627450980392156, 0.25, 0.9090909090909091, 1.0, 0.0, 0.2603930428665203, 0.31000075327134985, 0.31000075327134985, 0.0, 0.0, 0.0, 0.0, 0.0, 0.0, 0.0, 0.0, 0.0, 0.0, 0.0, 0.0, 0.0, 0.0, 0.0, 0.0, 0.0, 0.0, 0.0, 0.0, 0.0], [0.2656194567680359, 0.6666666666666666, 0.3333333333333333, 0.8627450980392156, 0.25, 0.9090909090909091, 1.0, 0.0, 0.2656194513494318, 0.3590506141179193, 0.3590506141179193, 0.0, 0.0, 0.0, 0.0, 0.0, 1.0, 0.0, 0.0, 0.0, 0.0, 0.0, 0.0, 0.0, 0.0, 0.0, 0.0, 0.0, 0.0, 0.0, 0.0, 0.0], [0.4308760464191437, 0.8333333333333333, 0.3666666666666667, 0.8627450980392156, 0.25, 0.9090909090909091, 1.0, 1.0, 0.43087604617284353, 0.38073322727003706, 0.38073322727003706, 0.0, 0.0, 0.0, 0.0, 0.0, 0.0, 0.0, 0.0, 0.0, 0.0, 0.0, 0.0, 0.0, 0.0, 0.0, 0.0, 0.0, 0.0, 0.0, 0.0, 0.0], [0.4577285349369049, 1.0, 0.4, 0.8627450980392156, 0.25, 0.9090909090909091, 1.0, 1.0, 0.45772853042140155, 0.5321468637009298, 0.5321468637009298, 0.0, 0.0, 0.0, 0.0, 0.0, 0.0, 0.0, 0.0, 0.0, 0.0, 0.0, 0.0, 0.0, 0.0, 0.0, 0.0, 0.0, 0.0, 0.0, 0.0, 0.0], [0.4408336281776428, 0.0, 0.43333333333333335, 0.8823529411764706, 0.25, 0.9090909090909091, 1.0, 0.0, 0.4408336460754563, 0.2664980927774729, 0.2664980927774729, 0.0, 0.0, 0.0, 0.0, 1.0, 0.0, 0.0, 0.0, 0.0, 0.0, 0.0, 0.0, 0.0, 0.0, 0.0, 0.0, 0.0, 0.0, 0.0, 0.0, 0.0], [0.42364123463630676, 0.16666666666666666, 0.4666666666666667, 0.8823529411764706, 0.5, 0.9090909090909091, 1.0, 0.0, 0.42364123636040807, 0.23746570345455623, 0.23746570345455623, 0.0, 0.0, 0.0, 0.0, 0.0, 0.0, 0.0, 0.0, 0.0, 0.0, 0.0, 0.0, 0.0, 0.0, 0.0, 0.0, 0.0, 0.0, 0.0, 0.0, 0.0]]",0.3284355103969574,119.22209027409554,1.0,15.0,46.0,3.0,11.0,4.0,0.0,153.78176879882812,86.2000503540039,86.2000503540039,0.0,0.0,0.0,0.0,0.0,0.0,0.0,0.0,0.0,0.0,0.0,0.0,0.0,0.0,0.0,0.0,0.0,0.0,0.0,0.0,0.0,0.16666666666666666,0.4666666666666667,0.8823529411764706,0.5,0.9090909090909091,1.0,0.0,0.42364123636040807,0.23746570345455623,0.23746570345455623,0.0,0.0,0.0,0.0,0.0,0.0,0.0,0.0,0.0,0.0,0.0,0.0,0.0,0.0,0.0,0.0,0.0,0.0,0.0,0.0,0.0
53,"[[0.26039305329322815, 0.5, 0.3, 0.8627450980392156, 0.25, 0.9090909090909091, 1.0, 0.0, 0.2603930428665203, 0.31000075327134985, 0.31000075327134985, 0.0, 0.0, 0.0, 0.0, 0.0, 0.0, 0.0, 0.0, 0.0, 0.0, 0.0, 0.0, 0.0, 0.0, 0.0, 0.0, 0.0, 0.0, 0.0, 0.0, 0.0], [0.2656194567680359, 0.6666666666666666, 0.3333333333333333, 0.8627450980392156, 0.25, 0.9090909090909091, 1.0, 0.0, 0.2656194513494318, 0.3590506141179193, 0.3590506141179193, 0.0, 0.0, 0.0, 0.0, 0.0, 1.0, 0.0, 0.0, 0.0, 0.0, 0.0, 0.0, 0.0, 0.0, 0.0, 0.0, 0.0, 0.0, 0.0, 0.0, 0.0], [0.4308760464191437, 0.8333333333333333, 0.3666666666666667, 0.8627450980392156, 0.25, 0.9090909090909091, 1.0, 1.0, 0.43087604617284353, 0.38073322727003706, 0.38073322727003706, 0.0, 0.0, 0.0, 0.0, 0.0, 0.0, 0.0, 0.0, 0.0, 0.0, 0.0, 0.0, 0.0, 0.0, 0.0, 0.0, 0.0, 0.0, 0.0, 0.0, 0.0], [0.4577285349369049, 1.0, 0.4, 0.8627450980392156, 0.25, 0.9090909090909091, 1.0, 1.0, 0.45772853042140155, 0.5321468637009298, 0.5321468637009298, 0.0, 0.0, 0.0, 0.0, 0.0, 0.0, 0.0, 0.0, 0.0, 0.0, 0.0, 0.0, 0.0, 0.0, 0.0, 0.0, 0.0, 0.0, 0.0, 0.0, 0.0], [0.4408336281776428, 0.0, 0.43333333333333335, 0.8823529411764706, 0.25, 0.9090909090909091, 1.0, 0.0, 0.4408336460754563, 0.2664980927774729, 0.2664980927774729, 0.0, 0.0, 0.0, 0.0, 1.0, 0.0, 0.0, 0.0, 0.0, 0.0, 0.0, 0.0, 0.0, 0.0, 0.0, 0.0, 0.0, 0.0, 0.0, 0.0, 0.0], [0.42364123463630676, 0.16666666666666666, 0.4666666666666667, 0.8823529411764706, 0.5, 0.9090909090909091, 1.0, 0.0, 0.42364123636040807, 0.23746570345455623, 0.23746570345455623, 0.0, 0.0, 0.0, 0.0, 0.0, 0.0, 0.0, 0.0, 0.0, 0.0, 0.0, 0.0, 0.0, 0.0, 0.0, 0.0, 0.0, 0.0, 0.0, 0.0, 0.0], [0.3284355103969574, 0.3333333333333333, 0.5, 0.8823529411764706, 0.5, 0.9090909090909091, 1.0, 0.0, 0.3284355142556603, 0.2603930428665203, 0.2603930428665203, 0.0, 0.0, 0.0, 0.0, 0.0, 0.0, 0.0, 0.0, 0.0, 0.0, 0.0, 0.0, 0.0, 0.0, 0.0, 0.0, 0.0, 0.0, 0.0, 0.0, 0.0]]",0.35164666175842285,127.6477382183075,2.0,16.0,46.0,3.0,11.0,4.0,0.0,119.22209167480469,94.52267456054688,94.52267456054688,0.0,0.0,0.0,0.0,0.0,0.0,0.0,0.0,0.0,0.0,0.0,0.0,0.0,0.0,0.0,0.0,0.0,0.0,0.0,0.0,0.0,0.3333333333333333,0.5,0.8823529411764706,0.5,0.9090909090909091,1.0,0.0,0.3284355142556603,0.2603930428665203,0.2603930428665203,0.0,0.0,0.0,0.0,0.0,0.0,0.0,0.0,0.0,0.0,0.0,0.0,0.0,0.0,0.0,0.0,0.0,0.0,0.0,0.0,0.0
54,"[[0.2656194567680359, 0.6666666666666666, 0.3333333333333333, 0.8627450980392156, 0.25, 0.9090909090909091, 1.0, 0.0, 0.2656194513494318, 0.3590506141179193, 0.3590506141179193, 0.0, 0.0, 0.0, 0.0, 0.0, 1.0, 0.0, 0.0, 0.0, 0.0, 0.0, 0.0, 0.0, 0.0, 0.0, 0.0, 0.0, 0.0, 0.0, 0.0, 0.0], [0.4308760464191437, 0.8333333333333333, 0.3666666666666667, 0.8627450980392156, 0.25, 0.9090909090909091, 1.0, 1.0, 0.43087604617284353, 0.38073322727003706, 0.38073322727003706, 0.0, 0.0, 0.0, 0.0, 0.0, 0.0, 0.0, 0.0, 0.0, 0.0, 0.0, 0.0, 0.0, 0.0, 0.0, 0.0, 0.0, 0.0, 0.0, 0.0, 0.0], [0.4577285349369049, 1.0, 0.4, 0.8627450980392156, 0.25, 0.9090909090909091, 1.0, 1.0, 0.45772853042140155, 0.5321468637009298, 0.5321468637009298, 0.0, 0.0, 0.0, 0.0, 0.0, 0.0, 0.0, 0.0, 0.0, 0.0, 0.0, 0.0, 0.0, 0.0, 0.0, 0.0, 0.0, 0.0, 0.0, 0.0, 0.0], [0.4408336281776428, 0.0, 0.43333333333333335, 0.8823529411764706, 0.25, 0.9090909090909091, 1.0, 0.0, 0.4408336460754563, 0.2664980927774729, 0.2664980927774729, 0.0, 0.0, 0.0, 0.0, 1.0, 0.0, 0.0, 0.0, 0.0, 0.0, 0.0, 0.0, 0.0, 0.0, 0.0, 0.0, 0.0, 0.0, 0.0, 0.0, 0.0], [0.42364123463630676, 0.16666666666666666, 0.4666666666666667, 0.8823529411764706, 0.5, 0.9090909090909091, 1.0, 0.0, 0.42364123636040807, 0.23746570345455623, 0.23746570345455623, 0.0, 0.0, 0.0, 0.0, 0.0, 0.0, 0.0, 0.0, 0.0, 0.0, 0.0, 0.0, 0.0, 0.0, 0.0, 0.0, 0.0, 0.0, 0.0, 0.0, 0.0], [0.3284355103969574, 0.3333333333333333, 0.5, 0.8823529411764706, 0.5, 0.9090909090909091, 1.0, 0.0, 0.3284355142556603, 0.2603930428665203, 0.2603930428665203, 0.0, 0.0, 0.0, 0.0, 0.0, 0.0, 0.0, 0.0, 0.0, 0.0, 0.0, 0.0, 0.0, 0.0, 0.0, 0.0, 0.0, 0.0, 0.0, 0.0, 0.0], [0.35164666175842285, 0.5, 0.5333333333333333, 0.8823529411764706, 0.5, 0.9090909090909091, 1.0, 0.0, 0.35164665453361743, 0.2656194513494318, 0.2656194513494318, 0.0, 0.0, 0.0, 0.0, 0.0, 0.0, 0.0, 0.0, 0.0, 0.0, 0.0, 0.0, 0.0, 0.0, 0.0, 0.0, 0.0, 0.0, 0.0, 0.0, 0.0]]",0.4066571593284607,147.61654883623123,3.0,17.0,46.0,3.0,11.0,4.0,0.0,127.64773559570312,96.41986083984375,96.41986083984375,0.0,0.0,0.0,0.0,0.0,0.0,0.0,0.0,0.0,0.0,0.0,0.0,0.0,0.0,0.0,0.0,0.0,0.0,0.0,0.0,0.0,0.5,0.5333333333333333,0.8823529411764706,0.5,0.9090909090909091,1.0,0.0,0.35164665453361743,0.2656194513494318,0.2656194513494318,0.0,0.0,0.0,0.0,0.0,0.0,0.0,0.0,0.0,0.0,0.0,0.0,0.0,0.0,0.0,0.0,0.0,0.0,0.0,0.0,0.0
55,"[[0.4308760464191437, 0.8333333333333333, 0.3666666666666667, 0.8627450980392156, 0.25, 0.9090909090909091, 1.0, 1.0, 0.43087604617284353, 0.38073322727003706, 0.38073322727003706, 0.0, 0.0, 0.0, 0.0, 0.0, 0.0, 0.0, 0.0, 0.0, 0.0, 0.0, 0.0, 0.0, 0.0, 0.0, 0.0, 0.0, 0.0, 0.0, 0.0, 0.0], [0.4577285349369049, 1.0, 0.4, 0.8627450980392156, 0.25, 0.9090909090909091, 1.0, 1.0, 0.45772853042140155, 0.5321468637009298, 0.5321468637009298, 0.0, 0.0, 0.0, 0.0, 0.0, 0.0, 0.0, 0.0, 0.0, 0.0, 0.0, 0.0, 0.0, 0.0, 0.0, 0.0, 0.0, 0.0, 0.0, 0.0, 0.0], [0.4408336281776428, 0.0, 0.43333333333333335, 0.8823529411764706, 0.25, 0.9090909090909091, 1.0, 0.0, 0.4408336460754563, 0.2664980927774729, 0.2664980927774729, 0.0, 0.0, 0.0, 0.0, 1.0, 0.0, 0.0, 0.0, 0.0, 0.0, 0.0, 0.0, 0.0, 0.0, 0.0, 0.0, 0.0, 0.0, 0.0, 0.0, 0.0], [0.42364123463630676, 0.16666666666666666, 0.4666666666666667, 0.8823529411764706, 0.5, 0.9090909090909091, 1.0, 0.0, 0.42364123636040807, 0.23746570345455623, 0.23746570345455623, 0.0, 0.0, 0.0, 0.0, 0.0, 0.0, 0.0, 0.0, 0.0, 0.0, 0.0, 0.0, 0.0, 0.0, 0.0, 0.0, 0.0, 0.0, 0.0, 0.0, 0.0], [0.3284355103969574, 0.3333333333333333, 0.5, 0.8823529411764706, 0.5, 0.9090909090909091, 1.0, 0.0, 0.3284355142556603, 0.2603930428665203, 0.2603930428665203, 0.0, 0.0, 0.0, 0.0, 0.0, 0.0, 0.0, 0.0, 0.0, 0.0, 0.0, 0.0, 0.0, 0.0, 0.0, 0.0, 0.0, 0.0, 0.0, 0.0, 0.0], [0.35164666175842285, 0.5, 0.5333333333333333, 0.8823529411764706, 0.5, 0.9090909090909091, 1.0, 0.0, 0.35164665453361743, 0.2656194513494318, 0.2656194513494318, 0.0, 0.0, 0.0, 0.0, 0.0, 0.0, 0.0, 0.0, 0.0, 0.0, 0.0, 0.0, 0.0, 0.0, 0.0, 0.0, 0.0, 0.0, 0.0, 0.0, 0.0], [0.4066571593284607, 0.6666666666666666, 0.5666666666666667, 0.8823529411764706, 0.5, 0.9090909090909091, 1.0, 0.0, 0.4066571532530561, 0.43087604617284353, 0.43087604617284353, 0.0, 0.0, 0.0, 0.0, 0.0, 1.0, 0.0, 0.0, 0.0, 0.0, 0.0, 0.0, 0.0, 0.0, 0.0, 0.0, 0.0, 0.0, 0.0, 0.0, 0.0]]",0.7401918172836304,268.6896296739578,4.0,18.0,46.0,3.0,11.0,4.0,0.0,147.61654663085938,156.4080047607422,156.4080047607422,0.0,0.0,0.0,0.0,0.0,1.0,0.0,0.0,0.0,0.0,0.0,0.0,0.0,0.0,0.0,0.0,0.0,0.0,0.0,0.0,0.0,0.6666666666666666,0.5666666666666667,0.8823529411764706,0.5,0.9090909090909091,1.0,0.0,0.4066571532530561,0.43087604617284353,0.43087604617284353,0.0,0.0,0.0,0.0,0.0,1.0,0.0,0.0,0.0,0.0,0.0,0.0,0.0,0.0,0.0,0.0,0.0,0.0,0.0,0.0,0.0
56,"[[0.4577285349369049, 1.0, 0.4, 0.8627450980392156, 0.25, 0.9090909090909091, 1.0, 1.0, 0.45772853042140155, 0.5321468637009298, 0.5321468637009298, 0.0, 0.0, 0.0, 0.0, 0.0, 0.0, 0.0, 0.0, 0.0, 0.0, 0.0, 0.0, 0.0, 0.0, 0.0, 0.0, 0.0, 0.0, 0.0, 0.0, 0.0], [0.4408336281776428, 0.0, 0.43333333333333335, 0.8823529411764706, 0.25, 0.9090909090909091, 1.0, 0.0, 0.4408336460754563, 0.2664980927774729, 0.2664980927774729, 0.0, 0.0, 0.0, 0.0, 1.0, 0.0, 0.0, 0.0, 0.0, 0.0, 0.0, 0.0, 0.0, 0.0, 0.0, 0.0, 0.0, 0.0, 0.0, 0.0, 0.0], [0.42364123463630676, 0.16666666666666666, 0.4666666666666667, 0.8823529411764706, 0.5, 0.9090909090909091, 1.0, 0.0, 0.42364123636040807, 0.23746570345455623, 0.23746570345455623, 0.0, 0.0, 0.0, 0.0, 0.0, 0.0, 0.0, 0.0, 0.0, 0.0, 0.0, 0.0, 0.0, 0.0, 0.0, 0.0, 0.0, 0.0, 0.0, 0.0, 0.0], [0.3284355103969574, 0.3333333333333333, 0.5, 0.8823529411764706, 0.5, 0.9090909090909091, 1.0, 0.0, 0.3284355142556603, 0.2603930428665203, 0.2603930428665203, 0.0, 0.0, 0.0, 0.0, 0.0, 0.0, 0.0, 0.0, 0.0, 0.0, 0.0, 0.0, 0.0, 0.0, 0.0, 0.0, 0.0, 0.0, 0.0, 0.0, 0.0], [0.35164666175842285, 0.5, 0.5333333333333333, 0.8823529411764706, 0.5, 0.9090909090909091, 1.0, 0.0, 0.35164665453361743, 0.2656194513494318, 0.2656194513494318, 0.0, 0.0, 0.0, 0.0, 0.0, 0.0, 0.0, 0.0, 0.0, 0.0, 0.0, 0.0, 0.0, 0.0, 0.0, 0.0, 0.0, 0.0, 0.0, 0.0, 0.0], [0.4066571593284607, 0.6666666666666666, 0.5666666666666667, 0.8823529411764706, 0.5, 0.9090909090909091, 1.0, 0.0, 0.4066571532530561, 0.43087604617284353, 0.43087604617284353, 0.0, 0.0, 0.0, 0.0, 0.0, 1.0, 0.0, 0.0, 0.0, 0.0, 0.0, 0.0, 0.0, 0.0, 0.0, 0.0, 0.0, 0.0, 0.0, 0.0, 0.0], [0.7401918172836304, 0.8333333333333333, 0.6, 0.8823529411764706, 0.5, 0.9090909090909091, 1.0, 1.0, 0.7401918353456439, 0.45772853042140155, 0.45772853042140155, 0.0, 0.0, 0.0, 0.0, 0.0, 0.0, 0.0, 0.0, 0.0, 0.0, 0.0, 0.0, 0.0, 0.0, 0.0, 0.0, 0.0, 0.0, 0.0, 0.0, 0.0]]",0.5236965417861938,190.10184466838837,5.0,19.0,46.0,3.0,11.0,4.0,1.0,268.68963623046875,166.15545654296875,166.15545654296875,0.0,0.0,0.0,0.0,0.0,0.0,0.0,0.0,0.0,0.0,0.0,0.0,0.0,0.0,0.0,0.0,0.0,0.0,0.0,0.0,0.0,0.8333333333333333,0.6,0.8823529411764706,0.5,0.9090909090909091,1.0,1.0,0.7401918353456439,0.45772853042140155,0.45772853042140155,0.0,0.0,0.0,0.0,0.0,0.0,0.0,0.0,0.0,0.0,0.0,0.0,0.0,0.0,0.0,0.0,0.0,0.0,0.0,0.0,0.0
57,"[[0.4408336281776428, 0.0, 0.43333333333333335, 0.8823529411764706, 0.25, 0.9090909090909091, 1.0, 0.0, 0.4408336460754563, 0.2664980927774729, 0.2664980927774729, 0.0, 0.0, 0.0, 0.0, 1.0, 0.0, 0.0, 0.0, 0.0, 0.0, 0.0, 0.0, 0.0, 0.0, 0.0, 0.0, 0.0, 0.0, 0.0, 0.0, 0.0], [0.42364123463630676, 0.16666666666666666, 0.4666666666666667, 0.8823529411764706, 0.5, 0.9090909090909091, 1.0, 0.0, 0.42364123636040807, 0.23746570345455623, 0.23746570345455623, 0.0, 0.0, 0.0, 0.0, 0.0, 0.0, 0.0, 0.0, 0.0, 0.0, 0.0, 0.0, 0.0, 0.0, 0.0, 0.0, 0.0, 0.0, 0.0, 0.0, 0.0], [0.3284355103969574, 0.3333333333333333, 0.5, 0.8823529411764706, 0.5, 0.9090909090909091, 1.0, 0.0, 0.3284355142556603, 0.2603930428665203, 0.2603930428665203, 0.0, 0.0, 0.0, 0.0, 0.0, 0.0, 0.0, 0.0, 0.0, 0.0, 0.0, 0.0, 0.0, 0.0, 0.0, 0.0, 0.0, 0.0, 0.0, 0.0, 0.0], [0.35164666175842285, 0.5, 0.5333333333333333, 0.8823529411764706, 0.5, 0.9090909090909091, 1.0, 0.0, 0.35164665453361743, 0.2656194513494318, 0.2656194513494318, 0.0, 0.0, 0.0, 0.0, 0.0, 0.0, 0.0, 0.0, 0.0, 0.0, 0.0, 0.0, 0.0, 0.0, 0.0, 0.0, 0.0, 0.0, 0.0, 0.0, 0.0], [0.4066571593284607, 0.6666666666666666, 0.5666666666666667, 0.8823529411764706, 0.5, 0.9090909090909091, 1.0, 0.0, 0.4066571532530561, 0.43087604617284353, 0.43087604617284353, 0.0, 0.0, 0.0, 0.0, 0.0, 1.0, 0.0, 0.0, 0.0, 0.0, 0.0, 0.0, 0.0, 0.0, 0.0, 0.0, 0.0, 0.0, 0.0, 0.0, 0.0], [0.7401918172836304, 0.8333333333333333, 0.6, 0.8823529411764706, 0.5, 0.9090909090909091, 1.0, 1.0, 0.7401918353456439, 0.45772853042140155, 0.45772853042140155, 0.0, 0.0, 0.0, 0.0, 0.0, 0.0, 0.0, 0.0, 0.0, 0.0, 0.0, 0.0, 0.0, 0.0, 0.0, 0.0, 0.0, 0.0, 0.0, 0.0, 0.0], [0.5236965417861938, 1.0, 0.6333333333333333, 0.8823529411764706, 0.5, 0.9090909090909091, 1.0, 1.0, 0.5236965210969783, 0.4408336460754563, 0.4408336460754563, 0.0, 0.0, 0.0, 0.0, 0.0, 0.0, 0.0, 0.0, 0.0, 0.0, 0.0, 0.0, 0.0, 0.0, 0.0, 0.0, 0.0, 0.0, 0.0, 0.0, 0.0]]",0.500331699848175,181.62040704488754,6.0,20.0,46.0,3.0,11.0,4.0,1.0,190.10183715820312,160.02261352539062,160.02261352539062,0.0,0.0,0.0,0.0,0.0,0.0,0.0,0.0,0.0,0.0,0.0,0.0,0.0,0.0,0.0,0.0,0.0,0.0,0.0,0.0,0.0,1.0,0.6333333333333333,0.8823529411764706,0.5,0.9090909090909091,1.0,1.0,0.5236965210969783,0.4408336460754563,0.4408336460754563,0.0,0.0,0.0,0.0,0.0,0.0,0.0,0.0,0.0,0.0,0.0,0.0,0.0,0.0,0.0,0.0,0.0,0.0,0.0,0.0,0.0
58,"[[0.42364123463630676, 0.16666666666666666, 0.4666666666666667, 0.8823529411764706, 0.5, 0.9090909090909091, 1.0, 0.0, 0.42364123636040807, 0.23746570345455623, 0.23746570345455623, 0.0, 0.0, 0.0, 0.0, 0.0, 0.0, 0.0, 0.0, 0.0, 0.0, 0.0, 0.0, 0.0, 0.0, 0.0, 0.0, 0.0, 0.0, 0.0, 0.0, 0.0], [0.3284355103969574, 0.3333333333333333, 0.5, 0.8823529411764706, 0.5, 0.9090909090909091, 1.0, 0.0, 0.3284355142556603, 0.2603930428665203, 0.2603930428665203, 0.0, 0.0, 0.0, 0.0, 0.0, 0.0, 0.0, 0.0, 0.0, 0.0, 0.0, 0.0, 0.0, 0.0, 0.0, 0.0, 0.0, 0.0, 0.0, 0.0, 0.0], [0.35164666175842285, 0.5, 0.5333333333333333, 0.8823529411764706, 0.5, 0.9090909090909091, 1.0, 0.0, 0.35164665453361743, 0.2656194513494318, 0.2656194513494318, 0.0, 0.0, 0.0, 0.0, 0.0, 0.0, 0.0, 0.0, 0.0, 0.0, 0.0, 0.0, 0.0, 0.0, 0.0, 0.0, 0.0, 0.0, 0.0, 0.0, 0.0], [0.4066571593284607, 0.6666666666666666, 0.5666666666666667, 0.8823529411764706, 0.5, 0.9090909090909091, 1.0, 0.0, 0.4066571532530561, 0.43087604617284353, 0.43087604617284353, 0.0, 0.0, 0.0, 0.0, 0.0, 1.0, 0.0, 0.0, 0.0, 0.0, 0.0, 0.0, 0.0, 0.0, 0.0, 0.0, 0.0, 0.0, 0.0, 0.0, 0.0], [0.7401918172836304, 0.8333333333333333, 0.6, 0.8823529411764706, 0.5, 0.9090909090909091, 1.0, 1.0, 0.7401918353456439, 0.45772853042140155, 0.45772853042140155, 0.0, 0.0, 0.0, 0.0, 0.0, 0.0, 0.0, 0.0, 0.0, 0.0, 0.0, 0.0, 0.0, 0.0, 0.0, 0.0, 0.0, 0.0, 0.0, 0.0, 0.0], [0.5236965417861938, 1.0, 0.6333333333333333, 0.8823529411764706, 0.5, 0.9090909090909091, 1.0, 1.0, 0.5236965210969783, 0.4408336460754563, 0.4408336460754563, 0.0, 0.0, 0.0, 0.0, 0.0, 0.0, 0.0, 0.0, 0.0, 0.0, 0.0, 0.0, 0.0, 0.0, 0.0, 0.0, 0.0, 0.0, 0.0, 0.0, 0.0], [0.500331699848175, 0.0, 0.6666666666666666, 0.9019607843137254, 0.5, 0.9090909090909091, 1.0, 0.0, 0.5003317000123751, 0.42364123636040807, 0.42364123636040807, 0.0, 0.0, 0.0, 0.0, 1.0, 0.0, 0.0, 0.0, 0.0, 0.0, 0.0, 0.0, 0.0, 0.0, 0.0, 0.0, 0.0, 0.0, 0.0, 0.0, 0.0]]",0.5770666599273682,209.47519755363464,0.0,21.0,47.0,3.0,11.0,4.0,0.0,181.62040710449216,153.78176879882812,153.78176879882812,0.0,0.0,0.0,0.0,1.0,0.0,0.0,0.0,0.0,0.0,0.0,0.0,0.0,0.0,0.0,0.0,0.0,0.0,0.0,0.0,0.0,0.0,0.6666666666666666,0.9019607843137254,0.5,0.9090909090909091,1.0,0.0,0.5003317000123751,0.42364123636040807,0.42364123636040807,0.0,0.0,0.0,0.0,1.0,0.0,0.0,0.0,0.0,0.0,0.0,0.0,0.0,0.0,0.0,0.0,0.0,0.0,0.0,0.0,0.0
59,"[[0.3284355103969574, 0.3333333333333333, 0.5, 0.8823529411764706, 0.5, 0.9090909090909091, 1.0, 0.0, 0.3284355142556603, 0.2603930428665203, 0.2603930428665203, 0.0, 0.0, 0.0, 0.0, 0.0, 0.0, 0.0, 0.0, 0.0, 0.0, 0.0, 0.0, 0.0, 0.0, 0.0, 0.0, 0.0, 0.0, 0.0, 0.0, 0.0], [0.35164666175842285, 0.5, 0.5333333333333333, 0.8823529411764706, 0.5, 0.9090909090909091, 1.0, 0.0, 0.35164665453361743, 0.2656194513494318, 0.2656194513494318, 0.0, 0.0, 0.0, 0.0, 0.0, 0.0, 0.0, 0.0, 0.0, 0.0, 0.0, 0.0, 0.0, 0.0, 0.0, 0.0, 0.0, 0.0, 0.0, 0.0, 0.0], [0.4066571593284607, 0.6666666666666666, 0.5666666666666667, 0.8823529411764706, 0.5, 0.9090909090909091, 1.0, 0.0, 0.4066571532530561, 0.43087604617284353, 0.43087604617284353, 0.0, 0.0, 0.0, 0.0, 0.0, 1.0, 0.0, 0.0, 0.0, 0.0, 0.0, 0.0, 0.0, 0.0, 0.0, 0.0, 0.0, 0.0, 0.0, 0.0, 0.0], [0.7401918172836304, 0.8333333333333333, 0.6, 0.8823529411764706, 0.5, 0.9090909090909091, 1.0, 1.0, 0.7401918353456439, 0.45772853042140155, 0.45772853042140155, 0.0, 0.0, 0.0, 0.0, 0.0, 0.0, 0.0, 0.0, 0.0, 0.0, 0.0, 0.0, 0.0, 0.0, 0.0, 0.0, 0.0, 0.0, 0.0, 0.0, 0.0], [0.5236965417861938, 1.0, 0.6333333333333333, 0.8823529411764706, 0.5, 0.9090909090909091, 1.0, 1.0, 0.5236965210969783, 0.4408336460754563, 0.4408336460754563, 0.0, 0.0, 0.0, 0.0, 0.0, 0.0, 0.0, 0.0, 0.0, 0.0, 0.0, 0.0, 0.0, 0.0, 0.0, 0.0, 0.0, 0.0, 0.0, 0.0, 0.0], [0.500331699848175, 0.0, 0.6666666666666666, 0.9019607843137254, 0.5, 0.9090909090909091, 1.0, 0.0, 0.5003317000123751, 0.42364123636040807, 0.42364123636040807, 0.0, 0.0, 0.0, 0.0, 1.0, 0.0, 0.0, 0.0, 0.0, 0.0, 0.0, 0.0, 0.0, 0.0, 0.0, 0.0, 0.0, 0.0, 0.0, 0.0, 0.0], [0.5770666599273682, 0.16666666666666666, 0.7, 0.9019607843137254, 0.75, 0.9090909090909091, 1.0, 0.0, 0.5770666789745825, 0.3284355142556603, 0.3284355142556603, 0.0, 0.0, 0.0, 0.0, 0.0, 0.0, 0.0, 0.0, 0.0, 0.0, 0.0, 0.0, 0.0, 0.0, 0.0, 0.0, 0.0, 0.0, 0.0, 0.0, 0.0]]",0.5399425029754639,195.99912858009338,1.0,22.0,47.0,4.0,11.0,4.0,0.0,209.47520446777344,119.22209167480469,119.22209167480469,0.0,0.0,0.0,0.0,0.0,0.0,0.0,0.0,0.0,0.0,0.0,0.0,0.0,0.0,0.0,0.0,0.0,0.0,0.0,0.0,0.0,0.16666666666666666,0.7,0.9019607843137254,0.75,0.9090909090909091,1.0,0.0,0.5770666789745825,0.3284355142556603,0.3284355142556603,0.0,0.0,0.0,0.0,0.0,0.0,0.0,0.0,0.0,0.0,0.0,0.0,0.0,0.0,0.0,0.0,0.0,0.0,0.0,0.0,0.0
60,"[[0.35164666175842285, 0.5, 0.5333333333333333, 0.8823529411764706, 0.5, 0.9090909090909091, 1.0, 0.0, 0.35164665453361743, 0.2656194513494318, 0.2656194513494318, 0.0, 0.0, 0.0, 0.0, 0.0, 0.0, 0.0, 0.0, 0.0, 0.0, 0.0, 0.0, 0.0, 0.0, 0.0, 0.0, 0.0, 0.0, 0.0, 0.0, 0.0], [0.4066571593284607, 0.6666666666666666, 0.5666666666666667, 0.8823529411764706, 0.5, 0.9090909090909091, 1.0, 0.0, 0.4066571532530561, 0.43087604617284353, 0.43087604617284353, 0.0, 0.0, 0.0, 0.0, 0.0, 1.0, 0.0, 0.0, 0.0, 0.0, 0.0, 0.0, 0.0, 0.0, 0.0, 0.0, 0.0, 0.0, 0.0, 0.0, 0.0], [0.7401918172836304, 0.8333333333333333, 0.6, 0.8823529411764706, 0.5, 0.9090909090909091, 1.0, 1.0, 0.7401918353456439, 0.45772853042140155, 0.45772853042140155, 0.0, 0.0, 0.0, 0.0, 0.0, 0.0, 0.0, 0.0, 0.0, 0.0, 0.0, 0.0, 0.0, 0.0, 0.0, 0.0, 0.0, 0.0, 0.0, 0.0, 0.0], [0.5236965417861938, 1.0, 0.6333333333333333, 0.8823529411764706, 0.5, 0.9090909090909091, 1.0, 1.0, 0.5236965210969783, 0.4408336460754563, 0.4408336460754563, 0.0, 0.0, 0.0, 0.0, 0.0, 0.0, 0.0, 0.0, 0.0, 0.0, 0.0, 0.0, 0.0, 0.0, 0.0, 0.0, 0.0, 0.0, 0.0, 0.0, 0.0], [0.500331699848175, 0.0, 0.6666666666666666, 0.9019607843137254, 0.5, 0.9090909090909091, 1.0, 0.0, 0.5003317000123751, 0.42364123636040807, 0.42364123636040807, 0.0, 0.0, 0.0, 0.0, 1.0, 0.0, 0.0, 0.0, 0.0, 0.0, 0.0, 0.0, 0.0, 0.0, 0.0, 0.0, 0.0, 0.0, 0.0, 0.0, 0.0], [0.5770666599273682, 0.16666666666666666, 0.7, 0.9019607843137254, 0.75, 0.9090909090909091, 1.0, 0.0, 0.5770666789745825, 0.3284355142556603, 0.3284355142556603, 0.0, 0.0, 0.0, 0.0, 0.0, 0.0, 0.0, 0.0, 0.0, 0.0, 0.0, 0.0, 0.0, 0.0, 0.0, 0.0, 0.0, 0.0, 0.0, 0.0, 0.0], [0.5399425029754639, 0.3333333333333333, 0.7333333333333333, 0.9019607843137254, 0.75, 0.9090909090909091, 1.0, 0.0, 0.5399425075730674, 0.35164665453361743, 0.35164665453361743, 0.0, 0.0, 0.0, 0.0, 0.0, 0.0, 0.0, 0.0, 0.0, 0.0, 0.0, 0.0, 0.0, 0.0, 0.0, 0.0, 0.0, 0.0, 0.0, 0.0, 0.0]]",0.6460625529289246,234.52070671319962,2.0,23.0,47.0,4.0,11.0,4.0,0.0,195.99913024902347,127.64773559570312,127.64773559570312,0.0,0.0,0.0,0.0,0.0,0.0,0.0,0.0,0.0,0.0,0.0,0.0,0.0,0.0,0.0,0.0,0.0,0.0,0.0,0.0,0.0,0.3333333333333333,0.7333333333333333,0.9019607843137254,0.75,0.9090909090909091,1.0,0.0,0.5399425075730674,0.35164665453361743,0.35164665453361743,0.0,0.0,0.0,0.0,0.0,0.0,0.0,0.0,0.0,0.0,0.0,0.0,0.0,0.0,0.0,0.0,0.0,0.0,0.0,0.0,0.0
61,"[[0.4066571593284607, 0.6666666666666666, 0.5666666666666667, 0.8823529411764706, 0.5, 0.9090909090909091, 1.0, 0.0, 0.4066571532530561, 0.43087604617284353, 0.43087604617284353, 0.0, 0.0, 0.0, 0.0, 0.0, 1.0, 0.0, 0.0, 0.0, 0.0, 0.0, 0.0, 0.0, 0.0, 0.0, 0.0, 0.0, 0.0, 0.0, 0.0, 0.0], [0.7401918172836304, 0.8333333333333333, 0.6, 0.8823529411764706, 0.5, 0.9090909090909091, 1.0, 1.0, 0.7401918353456439, 0.45772853042140155, 0.45772853042140155, 0.0, 0.0, 0.0, 0.0, 0.0, 0.0, 0.0, 0.0, 0.0, 0.0, 0.0, 0.0, 0.0, 0.0, 0.0, 0.0, 0.0, 0.0, 0.0, 0.0, 0.0], [0.5236965417861938, 1.0, 0.6333333333333333, 0.8823529411764706, 0.5, 0.9090909090909091, 1.0, 1.0, 0.5236965210969783, 0.4408336460754563, 0.4408336460754563, 0.0, 0.0, 0.0, 0.0, 0.0, 0.0, 0.0, 0.0, 0.0, 0.0, 0.0, 0.0, 0.0, 0.0, 0.0, 0.0, 0.0, 0.0, 0.0, 0.0, 0.0], [0.500331699848175, 0.0, 0.6666666666666666, 0.9019607843137254, 0.5, 0.9090909090909091, 1.0, 0.0, 0.5003317000123751, 0.42364123636040807, 0.42364123636040807, 0.0, 0.0, 0.0, 0.0, 1.0, 0.0, 0.0, 0.0, 0.0, 0.0, 0.0, 0.0, 0.0, 0.0, 0.0, 0.0, 0.0, 0.0, 0.0, 0.0, 0.0], [0.5770666599273682, 0.16666666666666666, 0.7, 0.9019607843137254, 0.75, 0.9090909090909091, 1.0, 0.0, 0.5770666789745825, 0.3284355142556603, 0.3284355142556603, 0.0, 0.0, 0.0, 0.0, 0.0, 0.0, 0.0, 0.0, 0.0, 0.0, 0.0, 0.0, 0.0, 0.0, 0.0, 0.0, 0.0, 0.0, 0.0, 0.0, 0.0], [0.5399425029754639, 0.3333333333333333, 0.7333333333333333, 0.9019607843137254, 0.75, 0.9090909090909091, 1.0, 0.0, 0.5399425075730674, 0.35164665453361743, 0.35164665453361743, 0.0, 0.0, 0.0, 0.0, 0.0, 0.0, 0.0, 0.0, 0.0, 0.0, 0.0, 0.0, 0.0, 0.0, 0.0, 0.0, 0.0, 0.0, 0.0, 0.0, 0.0], [0.6460625529289246, 0.5, 0.7666666666666667, 0.9019607843137254, 0.75, 0.9090909090909091, 1.0, 0.0, 0.6460625514511235, 0.4066571532530561, 0.4066571532530561, 0.0, 0.0, 0.0, 0.0, 0.0, 0.0, 0.0, 1.0, 0.0, 0.0, 0.0, 0.0, 0.0, 0.0, 0.0, 0.0, 0.0, 0.0, 0.0, 0.0, 0.0]]",0.2646697759628296,96.07512867450714,3.0,24.0,47.0,4.0,11.0,4.0,0.0,234.5207061767578,147.61654663085938,147.61654663085938,0.0,0.0,0.0,0.0,0.0,0.0,0.0,1.0,0.0,0.0,0.0,0.0,0.0,0.0,0.0,0.0,0.0,0.0,0.0,0.0,0.0,0.5,0.7666666666666667,0.9019607843137254,0.75,0.9090909090909091,1.0,0.0,0.6460625514511235,0.4066571532530561,0.4066571532530561,0.0,0.0,0.0,0.0,0.0,0.0,0.0,1.0,0.0,0.0,0.0,0.0,0.0,0.0,0.0,0.0,0.0,0.0,0.0,0.0,0.0
62,"[[0.7401918172836304, 0.8333333333333333, 0.6, 0.8823529411764706, 0.5, 0.9090909090909091, 1.0, 1.0, 0.7401918353456439, 0.45772853042140155, 0.45772853042140155, 0.0, 0.0, 0.0, 0.0, 0.0, 0.0, 0.0, 0.0, 0.0, 0.0, 0.0, 0.0, 0.0, 0.0, 0.0, 0.0, 0.0, 0.0, 0.0, 0.0, 0.0], [0.5236965417861938, 1.0, 0.6333333333333333, 0.8823529411764706, 0.5, 0.9090909090909091, 1.0, 1.0, 0.5236965210969783, 0.4408336460754563, 0.4408336460754563, 0.0, 0.0, 0.0, 0.0, 0.0, 0.0, 0.0, 0.0, 0.0, 0.0, 0.0, 0.0, 0.0, 0.0, 0.0, 0.0, 0.0, 0.0, 0.0, 0.0, 0.0], [0.500331699848175, 0.0, 0.6666666666666666, 0.9019607843137254, 0.5, 0.9090909090909091, 1.0, 0.0, 0.5003317000123751, 0.42364123636040807, 0.42364123636040807, 0.0, 0.0, 0.0, 0.0, 1.0, 0.0, 0.0, 0.0, 0.0, 0.0, 0.0, 0.0, 0.0, 0.0, 0.0, 0.0, 0.0, 0.0, 0.0, 0.0, 0.0], [0.5770666599273682, 0.16666666666666666, 0.7, 0.9019607843137254, 0.75, 0.9090909090909091, 1.0, 0.0, 0.5770666789745825, 0.3284355142556603, 0.3284355142556603, 0.0, 0.0, 0.0, 0.0, 0.0, 0.0, 0.0, 0.0, 0.0, 0.0, 0.0, 0.0, 0.0, 0.0, 0.0, 0.0, 0.0, 0.0, 0.0, 0.0, 0.0], [0.5399425029754639, 0.3333333333333333, 0.7333333333333333, 0.9019607843137254, 0.75, 0.9090909090909091, 1.0, 0.0, 0.5399425075730674, 0.35164665453361743, 0.35164665453361743, 0.0, 0.0, 0.0, 0.0, 0.0, 0.0, 0.0, 0.0, 0.0, 0.0, 0.0, 0.0, 0.0, 0.0, 0.0, 0.0, 0.0, 0.0, 0.0, 0.0, 0.0], [0.6460625529289246, 0.5, 0.7666666666666667, 0.9019607843137254, 0.75, 0.9090909090909091, 1.0, 0.0, 0.6460625514511235, 0.4066571532530561, 0.4066571532530561, 0.0, 0.0, 0.0, 0.0, 0.0, 0.0, 0.0, 1.0, 0.0, 0.0, 0.0, 0.0, 0.0, 0.0, 0.0, 0.0, 0.0, 0.0, 0.0, 0.0, 0.0], [0.2646697759628296, 0.6666666666666666, 0.8, 0.9019607843137254, 0.75, 0.9090909090909091, 1.0, 0.0, 0.2646697703800254, 0.7401918353456439, 0.7401918353456439, 0.0, 0.0, 0.0, 0.0, 0.0, 1.0, 0.0, 0.0, 1.0, 0.0, 0.0, 0.0, 0.0, 0.0, 0.0, 0.0, 0.0, 0.0, 0.0, 0.0, 0.0]]",0.36633604764938354,132.97998529672623,4.0,25.0,47.0,4.0,11.0,4.0,0.0,96.07512664794923,268.68963623046875,268.68963623046875,0.0,0.0,0.0,0.0,0.0,1.0,0.0,0.0,1.0,0.0,0.0,0.0,0.0,0.0,0.0,0.0,0.0,0.0,0.0,0.0,0.0,0.6666666666666666,0.8,0.9019607843137254,0.75,0.9090909090909091,1.0,0.0,0.2646697703800254,0.7401918353456439,0.7401918353456439,0.0,0.0,0.0,0.0,0.0,1.0,0.0,0.0,1.0,0.0,0.0,0.0,0.0,0.0,0.0,0.0,0.0,0.0,0.0,0.0,0.0
63,"[[0.5236965417861938, 1.0, 0.6333333333333333, 0.8823529411764706, 0.5, 0.9090909090909091, 1.0, 1.0, 0.5236965210969783, 0.4408336460754563, 0.4408336460754563, 0.0, 0.0, 0.0, 0.0, 0.0, 0.0, 0.0, 0.0, 0.0, 0.0, 0.0, 0.0, 0.0, 0.0, 0.0, 0.0, 0.0, 0.0, 0.0, 0.0, 0.0], [0.500331699848175, 0.0, 0.6666666666666666, 0.9019607843137254, 0.5, 0.9090909090909091, 1.0, 0.0, 0.5003317000123751, 0.42364123636040807, 0.42364123636040807, 0.0, 0.0, 0.0, 0.0, 1.0, 0.0, 0.0, 0.0, 0.0, 0.0, 0.0, 0.0, 0.0, 0.0, 0.0, 0.0, 0.0, 0.0, 0.0, 0.0, 0.0], [0.5770666599273682, 0.16666666666666666, 0.7, 0.9019607843137254, 0.75, 0.9090909090909091, 1.0, 0.0, 0.5770666789745825, 0.3284355142556603, 0.3284355142556603, 0.0, 0.0, 0.0, 0.0, 0.0, 0.0, 0.0, 0.0, 0.0, 0.0, 0.0, 0.0, 0.0, 0.0, 0.0, 0.0, 0.0, 0.0, 0.0, 0.0, 0.0], [0.5399425029754639, 0.3333333333333333, 0.7333333333333333, 0.9019607843137254, 0.75, 0.9090909090909091, 1.0, 0.0, 0.5399425075730674, 0.35164665453361743, 0.35164665453361743, 0.0, 0.0, 0.0, 0.0, 0.0, 0.0, 0.0, 0.0, 0.0, 0.0, 0.0, 0.0, 0.0, 0.0, 0.0, 0.0, 0.0, 0.0, 0.0, 0.0, 0.0], [0.6460625529289246, 0.5, 0.7666666666666667, 0.9019607843137254, 0.75, 0.9090909090909091, 1.0, 0.0, 0.6460625514511235, 0.4066571532530561, 0.4066571532530561, 0.0, 0.0, 0.0, 0.0, 0.0, 0.0, 0.0, 1.0, 0.0, 0.0, 0.0, 0.0, 0.0, 0.0, 0.0, 0.0, 0.0, 0.0, 0.0, 0.0, 0.0], [0.2646697759628296, 0.6666666666666666, 0.8, 0.9019607843137254, 0.75, 0.9090909090909091, 1.0, 0.0, 0.2646697703800254, 0.7401918353456439, 0.7401918353456439, 0.0, 0.0, 0.0, 0.0, 0.0, 1.0, 0.0, 0.0, 1.0, 0.0, 0.0, 0.0, 0.0, 0.0, 0.0, 0.0, 0.0, 0.0, 0.0, 0.0, 0.0], [0.36633604764938354, 0.8333333333333333, 0.8333333333333334, 0.9019607843137254, 0.75, 0.9090909090909091, 1.0, 1.0, 0.36633603434917356, 0.5236965210969783, 0.5236965210969783, 0.0, 0.0, 0.0, 0.0, 0.0, 0.0, 0.0, 0.0, 0.0, 0.0, 0.0, 0.0, 0.0, 0.0, 0.0, 0.0, 0.0, 0.0, 0.0, 0.0, 0.0]]",0.33268406987190247,120.7643173635006,5.0,26.0,47.0,4.0,11.0,4.0,1.0,132.97998046875,190.10183715820312,190.10183715820312,0.0,0.0,0.0,0.0,0.0,0.0,0.0,0.0,0.0,0.0,0.0,0.0,0.0,0.0,0.0,0.0,0.0,0.0,0.0,0.0,0.0,0.8333333333333333,0.8333333333333334,0.9019607843137254,0.75,0.9090909090909091,1.0,1.0,0.36633603434917356,0.5236965210969783,0.5236965210969783,0.0,0.0,0.0,0.0,0.0,0.0,0.0,0.0,0.0,0.0,0.0,0.0,0.0,0.0,0.0,0.0,0.0,0.0,0.0,0.0,0.0
64,"[[0.500331699848175, 0.0, 0.6666666666666666, 0.9019607843137254, 0.5, 0.9090909090909091, 1.0, 0.0, 0.5003317000123751, 0.42364123636040807, 0.42364123636040807, 0.0, 0.0, 0.0, 0.0, 1.0, 0.0, 0.0, 0.0, 0.0, 0.0, 0.0, 0.0, 0.0, 0.0, 0.0, 0.0, 0.0, 0.0, 0.0, 0.0, 0.0], [0.5770666599273682, 0.16666666666666666, 0.7, 0.9019607843137254, 0.75, 0.9090909090909091, 1.0, 0.0, 0.5770666789745825, 0.3284355142556603, 0.3284355142556603, 0.0, 0.0, 0.0, 0.0, 0.0, 0.0, 0.0, 0.0, 0.0, 0.0, 0.0, 0.0, 0.0, 0.0, 0.0, 0.0, 0.0, 0.0, 0.0, 0.0, 0.0], [0.5399425029754639, 0.3333333333333333, 0.7333333333333333, 0.9019607843137254, 0.75, 0.9090909090909091, 1.0, 0.0, 0.5399425075730674, 0.35164665453361743, 0.35164665453361743, 0.0, 0.0, 0.0, 0.0, 0.0, 0.0, 0.0, 0.0, 0.0, 0.0, 0.0, 0.0, 0.0, 0.0, 0.0, 0.0, 0.0, 0.0, 0.0, 0.0, 0.0], [0.6460625529289246, 0.5, 0.7666666666666667, 0.9019607843137254, 0.75, 0.9090909090909091, 1.0, 0.0, 0.6460625514511235, 0.4066571532530561, 0.4066571532530561, 0.0, 0.0, 0.0, 0.0, 0.0, 0.0, 0.0, 1.0, 0.0, 0.0, 0.0, 0.0, 0.0, 0.0, 0.0, 0.0, 0.0, 0.0, 0.0, 0.0, 0.0], [0.2646697759628296, 0.6666666666666666, 0.8, 0.9019607843137254, 0.75, 0.9090909090909091, 1.0, 0.0, 0.2646697703800254, 0.7401918353456439, 0.7401918353456439, 0.0, 0.0, 0.0, 0.0, 0.0, 1.0, 0.0, 0.0, 1.0, 0.0, 0.0, 0.0, 0.0, 0.0, 0.0, 0.0, 0.0, 0.0, 0.0, 0.0, 0.0], [0.36633604764938354, 0.8333333333333333, 0.8333333333333334, 0.9019607843137254, 0.75, 0.9090909090909091, 1.0, 1.0, 0.36633603434917356, 0.5236965210969783, 0.5236965210969783, 0.0, 0.0, 0.0, 0.0, 0.0, 0.0, 0.0, 0.0, 0.0, 0.0, 0.0, 0.0, 0.0, 0.0, 0.0, 0.0, 0.0, 0.0, 0.0, 0.0, 0.0], [0.33268406987190247, 1.0, 0.8666666666666667, 0.9019607843137254, 0.75, 0.9090909090909091, 1.0, 1.0, 0.3326840781640087, 0.5003317000123751, 0.5003317000123751, 0.0, 0.0, 0.0, 0.0, 0.0, 0.0, 0.0, 0.0, 0.0, 0.0, 0.0, 0.0, 0.0, 0.0, 0.0, 0.0, 0.0, 0.0, 0.0, 0.0, 0.0]]",0.35833823680877686,130.076779961586,6.0,27.0,47.0,4.0,11.0,4.0,1.0,120.76432037353516,181.62040710449216,181.62040710449216,0.0,0.0,0.0,0.0,0.0,0.0,0.0,0.0,0.0,0.0,0.0,0.0,0.0,0.0,0.0,0.0,0.0,0.0,0.0,0.0,0.0,1.0,0.8666666666666667,0.9019607843137254,0.75,0.9090909090909091,1.0,1.0,0.3326840781640087,0.5003317000123751,0.5003317000123751,0.0,0.0,0.0,0.0,0.0,0.0,0.0,0.0,0.0,0.0,0.0,0.0,0.0,0.0,0.0,0.0,0.0,0.0,0.0,0.0,0.0
65,"[[0.5770666599273682, 0.16666666666666666, 0.7, 0.9019607843137254, 0.75, 0.9090909090909091, 1.0, 0.0, 0.5770666789745825, 0.3284355142556603, 0.3284355142556603, 0.0, 0.0, 0.0, 0.0, 0.0, 0.0, 0.0, 0.0, 0.0, 0.0, 0.0, 0.0, 0.0, 0.0, 0.0, 0.0, 0.0, 0.0, 0.0, 0.0, 0.0], [0.5399425029754639, 0.3333333333333333, 0.7333333333333333, 0.9019607843137254, 0.75, 0.9090909090909091, 1.0, 0.0, 0.5399425075730674, 0.35164665453361743, 0.35164665453361743, 0.0, 0.0, 0.0, 0.0, 0.0, 0.0, 0.0, 0.0, 0.0, 0.0, 0.0, 0.0, 0.0, 0.0, 0.0, 0.0, 0.0, 0.0, 0.0, 0.0, 0.0], [0.6460625529289246, 0.5, 0.7666666666666667, 0.9019607843137254, 0.75, 0.9090909090909091, 1.0, 0.0, 0.6460625514511235, 0.4066571532530561, 0.4066571532530561, 0.0, 0.0, 0.0, 0.0, 0.0, 0.0, 0.0, 1.0, 0.0, 0.0, 0.0, 0.0, 0.0, 0.0, 0.0, 0.0, 0.0, 0.0, 0.0, 0.0, 0.0], [0.2646697759628296, 0.6666666666666666, 0.8, 0.9019607843137254, 0.75, 0.9090909090909091, 1.0, 0.0, 0.2646697703800254, 0.7401918353456439, 0.7401918353456439, 0.0, 0.0, 0.0, 0.0, 0.0, 1.0, 0.0, 0.0, 1.0, 0.0, 0.0, 0.0, 0.0, 0.0, 0.0, 0.0, 0.0, 0.0, 0.0, 0.0, 0.0], [0.36633604764938354, 0.8333333333333333, 0.8333333333333334, 0.9019607843137254, 0.75, 0.9090909090909091, 1.0, 1.0, 0.36633603434917356, 0.5236965210969783, 0.5236965210969783, 0.0, 0.0, 0.0, 0.0, 0.0, 0.0, 0.0, 0.0, 0.0, 0.0, 0.0, 0.0, 0.0, 0.0, 0.0, 0.0, 0.0, 0.0, 0.0, 0.0, 0.0], [0.33268406987190247, 1.0, 0.8666666666666667, 0.9019607843137254, 0.75, 0.9090909090909091, 1.0, 1.0, 0.3326840781640087, 0.5003317000123751, 0.5003317000123751, 0.0, 0.0, 0.0, 0.0, 0.0, 0.0, 0.0, 0.0, 0.0, 0.0, 0.0, 0.0, 0.0, 0.0, 0.0, 0.0, 0.0, 0.0, 0.0, 0.0, 0.0], [0.35833823680877686, 0.0, 0.9, 0.9215686274509803, 0.75, 0.9090909090909091, 1.0, 0.0, 0.3583382430483816, 0.5770666789745825, 0.5770666789745825, 0.0, 0.0, 0.0, 0.0, 1.0, 0.0, 0.0, 0.0, 0.0, 0.0, 0.0, 0.0, 0.0, 0.0, 0.0, 0.0, 0.0, 0.0, 0.0, 0.0, 0.0]]",0.2830600142478943,102.75078517198563,0.0,28.0,48.0,4.0,11.0,4.0,0.0,130.0767822265625,209.47520446777344,209.47520446777344,0.0,0.0,0.0,0.0,1.0,0.0,0.0,0.0,0.0,0.0,0.0,0.0,0.0,0.0,0.0,0.0,0.0,0.0,0.0,0.0,0.0,0.0,0.9,0.9215686274509803,0.75,0.9090909090909091,1.0,0.0,0.3583382430483816,0.5770666789745825,0.5770666789745825,0.0,0.0,0.0,0.0,1.0,0.0,0.0,0.0,0.0,0.0,0.0,0.0,0.0,0.0,0.0,0.0,0.0,0.0,0.0,0.0,0.0
66,"[[0.5399425029754639, 0.3333333333333333, 0.7333333333333333, 0.9019607843137254, 0.75, 0.9090909090909091, 1.0, 0.0, 0.5399425075730674, 0.35164665453361743, 0.35164665453361743, 0.0, 0.0, 0.0, 0.0, 0.0, 0.0, 0.0, 0.0, 0.0, 0.0, 0.0, 0.0, 0.0, 0.0, 0.0, 0.0, 0.0, 0.0, 0.0, 0.0, 0.0], [0.6460625529289246, 0.5, 0.7666666666666667, 0.9019607843137254, 0.75, 0.9090909090909091, 1.0, 0.0, 0.6460625514511235, 0.4066571532530561, 0.4066571532530561, 0.0, 0.0, 0.0, 0.0, 0.0, 0.0, 0.0, 1.0, 0.0, 0.0, 0.0, 0.0, 0.0, 0.0, 0.0, 0.0, 0.0, 0.0, 0.0, 0.0, 0.0], [0.2646697759628296, 0.6666666666666666, 0.8, 0.9019607843137254, 0.75, 0.9090909090909091, 1.0, 0.0, 0.2646697703800254, 0.7401918353456439, 0.7401918353456439, 0.0, 0.0, 0.0, 0.0, 0.0, 1.0, 0.0, 0.0, 1.0, 0.0, 0.0, 0.0, 0.0, 0.0, 0.0, 0.0, 0.0, 0.0, 0.0, 0.0, 0.0], [0.36633604764938354, 0.8333333333333333, 0.8333333333333334, 0.9019607843137254, 0.75, 0.9090909090909091, 1.0, 1.0, 0.36633603434917356, 0.5236965210969783, 0.5236965210969783, 0.0, 0.0, 0.0, 0.0, 0.0, 0.0, 0.0, 0.0, 0.0, 0.0, 0.0, 0.0, 0.0, 0.0, 0.0, 0.0, 0.0, 0.0, 0.0, 0.0, 0.0], [0.33268406987190247, 1.0, 0.8666666666666667, 0.9019607843137254, 0.75, 0.9090909090909091, 1.0, 1.0, 0.3326840781640087, 0.5003317000123751, 0.5003317000123751, 0.0, 0.0, 0.0, 0.0, 0.0, 0.0, 0.0, 0.0, 0.0, 0.0, 0.0, 0.0, 0.0, 0.0, 0.0, 0.0, 0.0, 0.0, 0.0, 0.0, 0.0], [0.35833823680877686, 0.0, 0.9, 0.9215686274509803, 0.75, 0.9090909090909091, 1.0, 0.0, 0.3583382430483816, 0.5770666789745825, 0.5770666789745825, 0.0, 0.0, 0.0, 0.0, 1.0, 0.0, 0.0, 0.0, 0.0, 0.0, 0.0, 0.0, 0.0, 0.0, 0.0, 0.0, 0.0, 0.0, 0.0, 0.0, 0.0], [0.2830600142478943, 0.16666666666666666, 0.9333333333333333, 0.9215686274509803, 1.0, 0.9090909090909091, 1.0, 0.0, 0.28306001605409564, 0.5399425075730674, 0.5399425075730674, 0.0, 0.0, 0.0, 0.0, 0.0, 0.0, 0.0, 0.0, 0.0, 0.0, 0.0, 0.0, 0.0, 0.0, 0.0, 0.0, 0.0, 0.0, 0.0, 0.0, 0.0]]",0.3287390470504761,119.33227407932281,1.0,29.0,48.0,5.0,11.0,4.0,0.0,102.75078582763672,195.99913024902347,195.99913024902347,0.0,0.0,0.0,0.0,0.0,0.0,0.0,0.0,0.0,0.0,0.0,0.0,0.0,0.0,0.0,0.0,0.0,0.0,0.0,0.0,0.0,0.16666666666666666,0.9333333333333333,0.9215686274509803,1.0,0.9090909090909091,1.0,0.0,0.28306001605409564,0.5399425075730674,0.5399425075730674,0.0,0.0,0.0,0.0,0.0,0.0,0.0,0.0,0.0,0.0,0.0,0.0,0.0,0.0,0.0,0.0,0.0,0.0,0.0,0.0,0.0
67,"[[0.6460625529289246, 0.5, 0.7666666666666667, 0.9019607843137254, 0.75, 0.9090909090909091, 1.0, 0.0, 0.6460625514511235, 0.4066571532530561, 0.4066571532530561, 0.0, 0.0, 0.0, 0.0, 0.0, 0.0, 0.0, 1.0, 0.0, 0.0, 0.0, 0.0, 0.0, 0.0, 0.0, 0.0, 0.0, 0.0, 0.0, 0.0, 0.0], [0.2646697759628296, 0.6666666666666666, 0.8, 0.9019607843137254, 0.75, 0.9090909090909091, 1.0, 0.0, 0.2646697703800254, 0.7401918353456439, 0.7401918353456439, 0.0, 0.0, 0.0, 0.0, 0.0, 1.0, 0.0, 0.0, 1.0, 0.0, 0.0, 0.0, 0.0, 0.0, 0.0, 0.0, 0.0, 0.0, 0.0, 0.0, 0.0], [0.36633604764938354, 0.8333333333333333, 0.8333333333333334, 0.9019607843137254, 0.75, 0.9090909090909091, 1.0, 1.0, 0.36633603434917356, 0.5236965210969783, 0.5236965210969783, 0.0, 0.0, 0.0, 0.0, 0.0, 0.0, 0.0, 0.0, 0.0, 0.0, 0.0, 0.0, 0.0, 0.0, 0.0, 0.0, 0.0, 0.0, 0.0, 0.0, 0.0], [0.33268406987190247, 1.0, 0.8666666666666667, 0.9019607843137254, 0.75, 0.9090909090909091, 1.0, 1.0, 0.3326840781640087, 0.5003317000123751, 0.5003317000123751, 0.0, 0.0, 0.0, 0.0, 0.0, 0.0, 0.0, 0.0, 0.0, 0.0, 0.0, 0.0, 0.0, 0.0, 0.0, 0.0, 0.0, 0.0, 0.0, 0.0, 0.0], [0.35833823680877686, 0.0, 0.9, 0.9215686274509803, 0.75, 0.9090909090909091, 1.0, 0.0, 0.3583382430483816, 0.5770666789745825, 0.5770666789745825, 0.0, 0.0, 0.0, 0.0, 1.0, 0.0, 0.0, 0.0, 0.0, 0.0, 0.0, 0.0, 0.0, 0.0, 0.0, 0.0, 0.0, 0.0, 0.0, 0.0, 0.0], [0.2830600142478943, 0.16666666666666666, 0.9333333333333333, 0.9215686274509803, 1.0, 0.9090909090909091, 1.0, 0.0, 0.28306001605409564, 0.5399425075730674, 0.5399425075730674, 0.0, 0.0, 0.0, 0.0, 0.0, 0.0, 0.0, 0.0, 0.0, 0.0, 0.0, 0.0, 0.0, 0.0, 0.0, 0.0, 0.0, 0.0, 0.0, 0.0, 0.0], [0.3287390470504761, 0.3333333333333333, 0.9666666666666667, 0.9215686274509803, 1.0, 0.9090909090909091, 1.0, 0.0, 0.3287390506628788, 0.6460625514511235, 0.6460625514511235, 0.0, 1.0, 0.0, 0.0, 0.0, 0.0, 0.0, 0.0, 0.0, 0.0, 0.0, 0.0, 0.0, 0.0, 0.0, 0.0, 0.0, 0.0, 0.0, 0.0, 0.0]]",0.30539631843566895,110.85886359214783,2.0,30.0,48.0,5.0,11.0,4.0,0.0,119.332275390625,234.5207061767578,234.5207061767578,0.0,1.0,0.0,0.0,0.0,0.0,0.0,0.0,0.0,0.0,0.0,0.0,0.0,0.0,0.0,0.0,0.0,0.0,0.0,0.0,0.0,0.3333333333333333,0.9666666666666667,0.9215686274509803,1.0,0.9090909090909091,1.0,0.0,0.3287390506628788,0.6460625514511235,0.6460625514511235,0.0,1.0,0.0,0.0,0.0,0.0,0.0,0.0,0.0,0.0,0.0,0.0,0.0,0.0,0.0,0.0,0.0,0.0,0.0,0.0,0.0
68,"[[0.2646697759628296, 0.6666666666666666, 0.8, 0.9019607843137254, 0.75, 0.9090909090909091, 1.0, 0.0, 0.2646697703800254, 0.7401918353456439, 0.7401918353456439, 0.0, 0.0, 0.0, 0.0, 0.0, 1.0, 0.0, 0.0, 1.0, 0.0, 0.0, 0.0, 0.0, 0.0, 0.0, 0.0, 0.0, 0.0, 0.0, 0.0, 0.0], [0.36633604764938354, 0.8333333333333333, 0.8333333333333334, 0.9019607843137254, 0.75, 0.9090909090909091, 1.0, 1.0, 0.36633603434917356, 0.5236965210969783, 0.5236965210969783, 0.0, 0.0, 0.0, 0.0, 0.0, 0.0, 0.0, 0.0, 0.0, 0.0, 0.0, 0.0, 0.0, 0.0, 0.0, 0.0, 0.0, 0.0, 0.0, 0.0, 0.0], [0.33268406987190247, 1.0, 0.8666666666666667, 0.9019607843137254, 0.75, 0.9090909090909091, 1.0, 1.0, 0.3326840781640087, 0.5003317000123751, 0.5003317000123751, 0.0, 0.0, 0.0, 0.0, 0.0, 0.0, 0.0, 0.0, 0.0, 0.0, 0.0, 0.0, 0.0, 0.0, 0.0, 0.0, 0.0, 0.0, 0.0, 0.0, 0.0], [0.35833823680877686, 0.0, 0.9, 0.9215686274509803, 0.75, 0.9090909090909091, 1.0, 0.0, 0.3583382430483816, 0.5770666789745825, 0.5770666789745825, 0.0, 0.0, 0.0, 0.0, 1.0, 0.0, 0.0, 0.0, 0.0, 0.0, 0.0, 0.0, 0.0, 0.0, 0.0, 0.0, 0.0, 0.0, 0.0, 0.0, 0.0], [0.2830600142478943, 0.16666666666666666, 0.9333333333333333, 0.9215686274509803, 1.0, 0.9090909090909091, 1.0, 0.0, 0.28306001605409564, 0.5399425075730674, 0.5399425075730674, 0.0, 0.0, 0.0, 0.0, 0.0, 0.0, 0.0, 0.0, 0.0, 0.0, 0.0, 0.0, 0.0, 0.0, 0.0, 0.0, 0.0, 0.0, 0.0, 0.0, 0.0], [0.3287390470504761, 0.3333333333333333, 0.9666666666666667, 0.9215686274509803, 1.0, 0.9090909090909091, 1.0, 0.0, 0.3287390506628788, 0.6460625514511235, 0.6460625514511235, 0.0, 1.0, 0.0, 0.0, 0.0, 0.0, 0.0, 0.0, 0.0, 0.0, 0.0, 0.0, 0.0, 0.0, 0.0, 0.0, 0.0, 0.0, 0.0, 0.0, 0.0], [0.30539631843566895, 0.5, 0.0, 0.9215686274509803, 0.0, 0.9999999999999999, 1.0, 0.0, 0.30539631909246945, 0.2646697703800254, 0.2646697703800254, 1.0, 0.0, 0.0, 0.0, 0.0, 0.0, 0.0, 0.0, 0.0, 0.0, 0.0, 0.0, 0.0, 0.0, 0.0, 0.0, 0.0, 0.0, 0.0, 0.0, 0.0]]",0.3069061040878296,111.40691578388214,3.0,1.0,48.0,1.0,11.999999999999998,4.0,0.0,110.8588638305664,96.07512664794923,96.07512664794923,1.0,0.0,0.0,0.0,0.0,0.0,0.0,0.0,0.0,0.0,0.0,0.0,0.0,0.0,0.0,0.0,0.0,0.0,0.0,0.0,0.0,0.5,0.0,0.9215686274509803,0.0,0.9999999999999999,1.0,0.0,0.30539631909246945,0.2646697703800254,0.2646697703800254,1.0,0.0,0.0,0.0,0.0,0.0,0.0,0.0,0.0,0.0,0.0,0.0,0.0,0.0,0.0,0.0,0.0,0.0,0.0,0.0,0.0
69,"[[0.36633604764938354, 0.8333333333333333, 0.8333333333333334, 0.9019607843137254, 0.75, 0.9090909090909091, 1.0, 1.0, 0.36633603434917356, 0.5236965210969783, 0.5236965210969783, 0.0, 0.0, 0.0, 0.0, 0.0, 0.0, 0.0, 0.0, 0.0, 0.0, 0.0, 0.0, 0.0, 0.0, 0.0, 0.0, 0.0, 0.0, 0.0, 0.0, 0.0], [0.33268406987190247, 1.0, 0.8666666666666667, 0.9019607843137254, 0.75, 0.9090909090909091, 1.0, 1.0, 0.3326840781640087, 0.5003317000123751, 0.5003317000123751, 0.0, 0.0, 0.0, 0.0, 0.0, 0.0, 0.0, 0.0, 0.0, 0.0, 0.0, 0.0, 0.0, 0.0, 0.0, 0.0, 0.0, 0.0, 0.0, 0.0, 0.0], [0.35833823680877686, 0.0, 0.9, 0.9215686274509803, 0.75, 0.9090909090909091, 1.0, 0.0, 0.3583382430483816, 0.5770666789745825, 0.5770666789745825, 0.0, 0.0, 0.0, 0.0, 1.0, 0.0, 0.0, 0.0, 0.0, 0.0, 0.0, 0.0, 0.0, 0.0, 0.0, 0.0, 0.0, 0.0, 0.0, 0.0, 0.0], [0.2830600142478943, 0.16666666666666666, 0.9333333333333333, 0.9215686274509803, 1.0, 0.9090909090909091, 1.0, 0.0, 0.28306001605409564, 0.5399425075730674, 0.5399425075730674, 0.0, 0.0, 0.0, 0.0, 0.0, 0.0, 0.0, 0.0, 0.0, 0.0, 0.0, 0.0, 0.0, 0.0, 0.0, 0.0, 0.0, 0.0, 0.0, 0.0, 0.0], [0.3287390470504761, 0.3333333333333333, 0.9666666666666667, 0.9215686274509803, 1.0, 0.9090909090909091, 1.0, 0.0, 0.3287390506628788, 0.6460625514511235, 0.6460625514511235, 0.0, 1.0, 0.0, 0.0, 0.0, 0.0, 0.0, 0.0, 0.0, 0.0, 0.0, 0.0, 0.0, 0.0, 0.0, 0.0, 0.0, 0.0, 0.0, 0.0, 0.0], [0.30539631843566895, 0.5, 0.0, 0.9215686274509803, 0.0, 0.9999999999999999, 1.0, 0.0, 0.30539631909246945, 0.2646697703800254, 0.2646697703800254, 1.0, 0.0, 0.0, 0.0, 0.0, 0.0, 0.0, 0.0, 0.0, 0.0, 0.0, 0.0, 0.0, 0.0, 0.0, 0.0, 0.0, 0.0, 0.0, 0.0, 0.0], [0.3069061040878296, 0.6666666666666666, 0.03333333333333333, 0.9215686274509803, 0.0, 0.9999999999999999, 1.0, 0.0, 0.3069060985050254, 0.36633603434917356, 0.36633603434917356, 0.0, 0.0, 0.0, 0.0, 0.0, 1.0, 0.0, 0.0, 0.0, 0.0, 0.0, 0.0, 0.0, 0.0, 0.0, 0.0, 0.0, 0.0, 0.0, 0.0, 0.0]]",0.33037713170051575,119.92689880728722,4.0,2.0,48.0,1.0,11.999999999999998,4.0,0.0,111.40691375732423,132.97998046875,132.97998046875,0.0,0.0,0.0,0.0,0.0,1.0,0.0,0.0,0.0,0.0,0.0,0.0,0.0,0.0,0.0,0.0,0.0,0.0,0.0,0.0,0.0,0.6666666666666666,0.03333333333333333,0.9215686274509803,0.0,0.9999999999999999,1.0,0.0,0.3069060985050254,0.36633603434917356,0.36633603434917356,0.0,0.0,0.0,0.0,0.0,1.0,0.0,0.0,0.0,0.0,0.0,0.0,0.0,0.0,0.0,0.0,0.0,0.0,0.0,0.0,0.0
70,"[[0.33268406987190247, 1.0, 0.8666666666666667, 0.9019607843137254, 0.75, 0.9090909090909091, 1.0, 1.0, 0.3326840781640087, 0.5003317000123751, 0.5003317000123751, 0.0, 0.0, 0.0, 0.0, 0.0, 0.0, 0.0, 0.0, 0.0, 0.0, 0.0, 0.0, 0.0, 0.0, 0.0, 0.0, 0.0, 0.0, 0.0, 0.0, 0.0], [0.35833823680877686, 0.0, 0.9, 0.9215686274509803, 0.75, 0.9090909090909091, 1.0, 0.0, 0.3583382430483816, 0.5770666789745825, 0.5770666789745825, 0.0, 0.0, 0.0, 0.0, 1.0, 0.0, 0.0, 0.0, 0.0, 0.0, 0.0, 0.0, 0.0, 0.0, 0.0, 0.0, 0.0, 0.0, 0.0, 0.0, 0.0], [0.2830600142478943, 0.16666666666666666, 0.9333333333333333, 0.9215686274509803, 1.0, 0.9090909090909091, 1.0, 0.0, 0.28306001605409564, 0.5399425075730674, 0.5399425075730674, 0.0, 0.0, 0.0, 0.0, 0.0, 0.0, 0.0, 0.0, 0.0, 0.0, 0.0, 0.0, 0.0, 0.0, 0.0, 0.0, 0.0, 0.0, 0.0, 0.0, 0.0], [0.3287390470504761, 0.3333333333333333, 0.9666666666666667, 0.9215686274509803, 1.0, 0.9090909090909091, 1.0, 0.0, 0.3287390506628788, 0.6460625514511235, 0.6460625514511235, 0.0, 1.0, 0.0, 0.0, 0.0, 0.0, 0.0, 0.0, 0.0, 0.0, 0.0, 0.0, 0.0, 0.0, 0.0, 0.0, 0.0, 0.0, 0.0, 0.0, 0.0], [0.30539631843566895, 0.5, 0.0, 0.9215686274509803, 0.0, 0.9999999999999999, 1.0, 0.0, 0.30539631909246945, 0.2646697703800254, 0.2646697703800254, 1.0, 0.0, 0.0, 0.0, 0.0, 0.0, 0.0, 0.0, 0.0, 0.0, 0.0, 0.0, 0.0, 0.0, 0.0, 0.0, 0.0, 0.0, 0.0, 0.0, 0.0], [0.3069061040878296, 0.6666666666666666, 0.03333333333333333, 0.9215686274509803, 0.0, 0.9999999999999999, 1.0, 0.0, 0.3069060985050254, 0.36633603434917356, 0.36633603434917356, 0.0, 0.0, 0.0, 0.0, 0.0, 1.0, 0.0, 0.0, 0.0, 0.0, 0.0, 0.0, 0.0, 0.0, 0.0, 0.0, 0.0, 0.0, 0.0, 0.0, 0.0], [0.33037713170051575, 0.8333333333333333, 0.06666666666666668, 0.9215686274509803, 0.0, 0.9999999999999999, 1.0, 1.0, 0.33037712160220817, 0.3326840781640087, 0.3326840781640087, 0.0, 0.0, 0.0, 0.0, 0.0, 0.0, 0.0, 0.0, 0.0, 0.0, 0.0, 0.0, 0.0, 0.0, 0.0, 0.0, 0.0, 0.0, 0.0, 0.0, 0.0]]",0.3099856972694397,112.52480810880661,5.0,3.0,48.0,1.0,11.999999999999998,4.0,1.0,119.92689514160156,120.76432037353516,120.76432037353516,0.0,0.0,0.0,0.0,0.0,0.0,0.0,0.0,0.0,0.0,0.0,0.0,0.0,0.0,0.0,0.0,0.0,0.0,0.0,0.0,0.0,0.8333333333333333,0.06666666666666668,0.9215686274509803,0.0,0.9999999999999999,1.0,1.0,0.33037712160220817,0.3326840781640087,0.3326840781640087,0.0,0.0,0.0,0.0,0.0,0.0,0.0,0.0,0.0,0.0,0.0,0.0,0.0,0.0,0.0,0.0,0.0,0.0,0.0,0.0,0.0
71,"[[0.35833823680877686, 0.0, 0.9, 0.9215686274509803, 0.75, 0.9090909090909091, 1.0, 0.0, 0.3583382430483816, 0.5770666789745825, 0.5770666789745825, 0.0, 0.0, 0.0, 0.0, 1.0, 0.0, 0.0, 0.0, 0.0, 0.0, 0.0, 0.0, 0.0, 0.0, 0.0, 0.0, 0.0, 0.0, 0.0, 0.0, 0.0], [0.2830600142478943, 0.16666666666666666, 0.9333333333333333, 0.9215686274509803, 1.0, 0.9090909090909091, 1.0, 0.0, 0.28306001605409564, 0.5399425075730674, 0.5399425075730674, 0.0, 0.0, 0.0, 0.0, 0.0, 0.0, 0.0, 0.0, 0.0, 0.0, 0.0, 0.0, 0.0, 0.0, 0.0, 0.0, 0.0, 0.0, 0.0, 0.0, 0.0], [0.3287390470504761, 0.3333333333333333, 0.9666666666666667, 0.9215686274509803, 1.0, 0.9090909090909091, 1.0, 0.0, 0.3287390506628788, 0.6460625514511235, 0.6460625514511235, 0.0, 1.0, 0.0, 0.0, 0.0, 0.0, 0.0, 0.0, 0.0, 0.0, 0.0, 0.0, 0.0, 0.0, 0.0, 0.0, 0.0, 0.0, 0.0, 0.0, 0.0], [0.30539631843566895, 0.5, 0.0, 0.9215686274509803, 0.0, 0.9999999999999999, 1.0, 0.0, 0.30539631909246945, 0.2646697703800254, 0.2646697703800254, 1.0, 0.0, 0.0, 0.0, 0.0, 0.0, 0.0, 0.0, 0.0, 0.0, 0.0, 0.0, 0.0, 0.0, 0.0, 0.0, 0.0, 0.0, 0.0, 0.0, 0.0], [0.3069061040878296, 0.6666666666666666, 0.03333333333333333, 0.9215686274509803, 0.0, 0.9999999999999999, 1.0, 0.0, 0.3069060985050254, 0.36633603434917356, 0.36633603434917356, 0.0, 0.0, 0.0, 0.0, 0.0, 1.0, 0.0, 0.0, 0.0, 0.0, 0.0, 0.0, 0.0, 0.0, 0.0, 0.0, 0.0, 0.0, 0.0, 0.0, 0.0], [0.33037713170051575, 0.8333333333333333, 0.06666666666666668, 0.9215686274509803, 0.0, 0.9999999999999999, 1.0, 1.0, 0.33037712160220817, 0.3326840781640087, 0.3326840781640087, 0.0, 0.0, 0.0, 0.0, 0.0, 0.0, 0.0, 0.0, 0.0, 0.0, 0.0, 0.0, 0.0, 0.0, 0.0, 0.0, 0.0, 0.0, 0.0, 0.0, 0.0], [0.3099856972694397, 1.0, 0.1, 0.9215686274509803, 0.0, 0.9999999999999999, 1.0, 1.0, 0.30998570465844527, 0.3583382430483816, 0.3583382430483816, 0.0, 0.0, 0.0, 0.0, 0.0, 0.0, 0.0, 0.0, 0.0, 0.0, 0.0, 0.0, 0.0, 0.0, 0.0, 0.0, 0.0, 0.0, 0.0, 0.0, 0.0]]",0.39032047986984253,141.68633419275284,6.0,4.0,48.0,1.0,11.999999999999998,4.0,1.0,112.52481079101562,130.0767822265625,130.0767822265625,0.0,0.0,0.0,0.0,0.0,0.0,0.0,0.0,0.0,0.0,0.0,0.0,0.0,0.0,0.0,0.0,0.0,0.0,0.0,0.0,0.0,1.0,0.1,0.9215686274509803,0.0,0.9999999999999999,1.0,1.0,0.30998570465844527,0.3583382430483816,0.3583382430483816,0.0,0.0,0.0,0.0,0.0,0.0,0.0,0.0,0.0,0.0,0.0,0.0,0.0,0.0,0.0,0.0,0.0,0.0,0.0,0.0,0.0
72,"[[0.2830600142478943, 0.16666666666666666, 0.9333333333333333, 0.9215686274509803, 1.0, 0.9090909090909091, 1.0, 0.0, 0.28306001605409564, 0.5399425075730674, 0.5399425075730674, 0.0, 0.0, 0.0, 0.0, 0.0, 0.0, 0.0, 0.0, 0.0, 0.0, 0.0, 0.0, 0.0, 0.0, 0.0, 0.0, 0.0, 0.0, 0.0, 0.0, 0.0], [0.3287390470504761, 0.3333333333333333, 0.9666666666666667, 0.9215686274509803, 1.0, 0.9090909090909091, 1.0, 0.0, 0.3287390506628788, 0.6460625514511235, 0.6460625514511235, 0.0, 1.0, 0.0, 0.0, 0.0, 0.0, 0.0, 0.0, 0.0, 0.0, 0.0, 0.0, 0.0, 0.0, 0.0, 0.0, 0.0, 0.0, 0.0, 0.0, 0.0], [0.30539631843566895, 0.5, 0.0, 0.9215686274509803, 0.0, 0.9999999999999999, 1.0, 0.0, 0.30539631909246945, 0.2646697703800254, 0.2646697703800254, 1.0, 0.0, 0.0, 0.0, 0.0, 0.0, 0.0, 0.0, 0.0, 0.0, 0.0, 0.0, 0.0, 0.0, 0.0, 0.0, 0.0, 0.0, 0.0, 0.0, 0.0], [0.3069061040878296, 0.6666666666666666, 0.03333333333333333, 0.9215686274509803, 0.0, 0.9999999999999999, 1.0, 0.0, 0.3069060985050254, 0.36633603434917356, 0.36633603434917356, 0.0, 0.0, 0.0, 0.0, 0.0, 1.0, 0.0, 0.0, 0.0, 0.0, 0.0, 0.0, 0.0, 0.0, 0.0, 0.0, 0.0, 0.0, 0.0, 0.0, 0.0], [0.33037713170051575, 0.8333333333333333, 0.06666666666666668, 0.9215686274509803, 0.0, 0.9999999999999999, 1.0, 1.0, 0.33037712160220817, 0.3326840781640087, 0.3326840781640087, 0.0, 0.0, 0.0, 0.0, 0.0, 0.0, 0.0, 0.0, 0.0, 0.0, 0.0, 0.0, 0.0, 0.0, 0.0, 0.0, 0.0, 0.0, 0.0, 0.0, 0.0], [0.3099856972694397, 1.0, 0.1, 0.9215686274509803, 0.0, 0.9999999999999999, 1.0, 1.0, 0.30998570465844527, 0.3583382430483816, 0.3583382430483816, 0.0, 0.0, 0.0, 0.0, 0.0, 0.0, 0.0, 0.0, 0.0, 0.0, 0.0, 0.0, 0.0, 0.0, 0.0, 0.0, 0.0, 0.0, 0.0, 0.0, 0.0], [0.39032047986984253, 0.0, 0.13333333333333333, 0.9411764705882353, 0.0, 0.9999999999999999, 1.0, 0.0, 0.39032049678245523, 0.28306001605409564, 0.28306001605409564, 0.0, 0.0, 0.0, 0.0, 1.0, 0.0, 0.0, 0.0, 0.0, 0.0, 0.0, 0.0, 0.0, 0.0, 0.0, 0.0, 0.0, 0.0, 0.0, 0.0, 0.0]]",0.5338253974914551,193.7786192893982,0.0,5.0,49.0,1.0,11.999999999999998,4.0,0.0,141.68634033203125,102.75078582763672,102.75078582763672,0.0,0.0,0.0,0.0,1.0,0.0,0.0,0.0,0.0,0.0,0.0,0.0,0.0,0.0,0.0,0.0,0.0,0.0,0.0,0.0,0.0,0.0,0.13333333333333333,0.9411764705882353,0.0,0.9999999999999999,1.0,0.0,0.39032049678245523,0.28306001605409564,0.28306001605409564,0.0,0.0,0.0,0.0,1.0,0.0,0.0,0.0,0.0,0.0,0.0,0.0,0.0,0.0,0.0,0.0,0.0,0.0,0.0,0.0,0.0
73,"[[0.3287390470504761, 0.3333333333333333, 0.9666666666666667, 0.9215686274509803, 1.0, 0.9090909090909091, 1.0, 0.0, 0.3287390506628788, 0.6460625514511235, 0.6460625514511235, 0.0, 1.0, 0.0, 0.0, 0.0, 0.0, 0.0, 0.0, 0.0, 0.0, 0.0, 0.0, 0.0, 0.0, 0.0, 0.0, 0.0, 0.0, 0.0, 0.0, 0.0], [0.30539631843566895, 0.5, 0.0, 0.9215686274509803, 0.0, 0.9999999999999999, 1.0, 0.0, 0.30539631909246945, 0.2646697703800254, 0.2646697703800254, 1.0, 0.0, 0.0, 0.0, 0.0, 0.0, 0.0, 0.0, 0.0, 0.0, 0.0, 0.0, 0.0, 0.0, 0.0, 0.0, 0.0, 0.0, 0.0, 0.0, 0.0], [0.3069061040878296, 0.6666666666666666, 0.03333333333333333, 0.9215686274509803, 0.0, 0.9999999999999999, 1.0, 0.0, 0.3069060985050254, 0.36633603434917356, 0.36633603434917356, 0.0, 0.0, 0.0, 0.0, 0.0, 1.0, 0.0, 0.0, 0.0, 0.0, 0.0, 0.0, 0.0, 0.0, 0.0, 0.0, 0.0, 0.0, 0.0, 0.0, 0.0], [0.33037713170051575, 0.8333333333333333, 0.06666666666666668, 0.9215686274509803, 0.0, 0.9999999999999999, 1.0, 1.0, 0.33037712160220817, 0.3326840781640087, 0.3326840781640087, 0.0, 0.0, 0.0, 0.0, 0.0, 0.0, 0.0, 0.0, 0.0, 0.0, 0.0, 0.0, 0.0, 0.0, 0.0, 0.0, 0.0, 0.0, 0.0, 0.0, 0.0], [0.3099856972694397, 1.0, 0.1, 0.9215686274509803, 0.0, 0.9999999999999999, 1.0, 1.0, 0.30998570465844527, 0.3583382430483816, 0.3583382430483816, 0.0, 0.0, 0.0, 0.0, 0.0, 0.0, 0.0, 0.0, 0.0, 0.0, 0.0, 0.0, 0.0, 0.0, 0.0, 0.0, 0.0, 0.0, 0.0, 0.0, 0.0], [0.39032047986984253, 0.0, 0.13333333333333333, 0.9411764705882353, 0.0, 0.9999999999999999, 1.0, 0.0, 0.39032049678245523, 0.28306001605409564, 0.28306001605409564, 0.0, 0.0, 0.0, 0.0, 1.0, 0.0, 0.0, 0.0, 0.0, 0.0, 0.0, 0.0, 0.0, 0.0, 0.0, 0.0, 0.0, 0.0, 0.0, 0.0, 0.0], [0.5338253974914551, 0.16666666666666666, 0.16666666666666669, 0.9411764705882353, 0.0, 0.9999999999999999, 1.0, 0.0, 0.5338254145682679, 0.3287390506628788, 0.3287390506628788, 0.0, 0.0, 0.0, 0.0, 0.0, 0.0, 0.0, 0.0, 0.0, 0.0, 0.0, 0.0, 0.0, 0.0, 0.0, 0.0, 0.0, 0.0, 0.0, 0.0, 0.0]]",0.5690608024597168,206.5690712928772,1.0,6.0,49.0,1.0,11.999999999999998,4.0,0.0,193.77862548828125,119.332275390625,119.332275390625,0.0,0.0,0.0,0.0,0.0,0.0,0.0,0.0,0.0,0.0,0.0,0.0,0.0,0.0,0.0,0.0,0.0,0.0,0.0,0.0,0.0,0.16666666666666666,0.16666666666666669,0.9411764705882353,0.0,0.9999999999999999,1.0,0.0,0.5338254145682679,0.3287390506628788,0.3287390506628788,0.0,0.0,0.0,0.0,0.0,0.0,0.0,0.0,0.0,0.0,0.0,0.0,0.0,0.0,0.0,0.0,0.0,0.0,0.0,0.0,0.0
74,"[[0.30539631843566895, 0.5, 0.0, 0.9215686274509803, 0.0, 0.9999999999999999, 1.0, 0.0, 0.30539631909246945, 0.2646697703800254, 0.2646697703800254, 1.0, 0.0, 0.0, 0.0, 0.0, 0.0, 0.0, 0.0, 0.0, 0.0, 0.0, 0.0, 0.0, 0.0, 0.0, 0.0, 0.0, 0.0, 0.0, 0.0, 0.0], [0.3069061040878296, 0.6666666666666666, 0.03333333333333333, 0.9215686274509803, 0.0, 0.9999999999999999, 1.0, 0.0, 0.3069060985050254, 0.36633603434917356, 0.36633603434917356, 0.0, 0.0, 0.0, 0.0, 0.0, 1.0, 0.0, 0.0, 0.0, 0.0, 0.0, 0.0, 0.0, 0.0, 0.0, 0.0, 0.0, 0.0, 0.0, 0.0, 0.0], [0.33037713170051575, 0.8333333333333333, 0.06666666666666668, 0.9215686274509803, 0.0, 0.9999999999999999, 1.0, 1.0, 0.33037712160220817, 0.3326840781640087, 0.3326840781640087, 0.0, 0.0, 0.0, 0.0, 0.0, 0.0, 0.0, 0.0, 0.0, 0.0, 0.0, 0.0, 0.0, 0.0, 0.0, 0.0, 0.0, 0.0, 0.0, 0.0, 0.0], [0.3099856972694397, 1.0, 0.1, 0.9215686274509803, 0.0, 0.9999999999999999, 1.0, 1.0, 0.30998570465844527, 0.3583382430483816, 0.3583382430483816, 0.0, 0.0, 0.0, 0.0, 0.0, 0.0, 0.0, 0.0, 0.0, 0.0, 0.0, 0.0, 0.0, 0.0, 0.0, 0.0, 0.0, 0.0, 0.0, 0.0, 0.0], [0.39032047986984253, 0.0, 0.13333333333333333, 0.9411764705882353, 0.0, 0.9999999999999999, 1.0, 0.0, 0.39032049678245523, 0.28306001605409564, 0.28306001605409564, 0.0, 0.0, 0.0, 0.0, 1.0, 0.0, 0.0, 0.0, 0.0, 0.0, 0.0, 0.0, 0.0, 0.0, 0.0, 0.0, 0.0, 0.0, 0.0, 0.0, 0.0], [0.5338253974914551, 0.16666666666666666, 0.16666666666666669, 0.9411764705882353, 0.0, 0.9999999999999999, 1.0, 0.0, 0.5338254145682679, 0.3287390506628788, 0.3287390506628788, 0.0, 0.0, 0.0, 0.0, 0.0, 0.0, 0.0, 0.0, 0.0, 0.0, 0.0, 0.0, 0.0, 0.0, 0.0, 0.0, 0.0, 0.0, 0.0, 0.0, 0.0], [0.5690608024597168, 0.3333333333333333, 0.2, 0.9411764705882353, 0.0, 0.9999999999999999, 1.0, 0.0, 0.5690608169093276, 0.30539631909246945, 0.30539631909246945, 0.0, 0.0, 0.0, 0.0, 0.0, 0.0, 0.0, 0.0, 0.0, 0.0, 0.0, 0.0, 0.0, 0.0, 0.0, 0.0, 0.0, 0.0, 0.0, 0.0, 0.0]]",0.29547837376594543,107.25864967703819,2.0,7.0,49.0,1.0,11.999999999999998,4.0,0.0,206.56907653808594,110.8588638305664,110.8588638305664,0.0,0.0,0.0,0.0,0.0,0.0,0.0,0.0,0.0,0.0,0.0,0.0,0.0,0.0,0.0,0.0,0.0,0.0,0.0,0.0,0.0,0.3333333333333333,0.2,0.9411764705882353,0.0,0.9999999999999999,1.0,0.0,0.5690608169093276,0.30539631909246945,0.30539631909246945,0.0,0.0,0.0,0.0,0.0,0.0,0.0,0.0,0.0,0.0,0.0,0.0,0.0,0.0,0.0,0.0,0.0,0.0,0.0,0.0,0.0
75,"[[0.3069061040878296, 0.6666666666666666, 0.03333333333333333, 0.9215686274509803, 0.0, 0.9999999999999999, 1.0, 0.0, 0.3069060985050254, 0.36633603434917356, 0.36633603434917356, 0.0, 0.0, 0.0, 0.0, 0.0, 1.0, 0.0, 0.0, 0.0, 0.0, 0.0, 0.0, 0.0, 0.0, 0.0, 0.0, 0.0, 0.0, 0.0, 0.0, 0.0], [0.33037713170051575, 0.8333333333333333, 0.06666666666666668, 0.9215686274509803, 0.0, 0.9999999999999999, 1.0, 1.0, 0.33037712160220817, 0.3326840781640087, 0.3326840781640087, 0.0, 0.0, 0.0, 0.0, 0.0, 0.0, 0.0, 0.0, 0.0, 0.0, 0.0, 0.0, 0.0, 0.0, 0.0, 0.0, 0.0, 0.0, 0.0, 0.0, 0.0], [0.3099856972694397, 1.0, 0.1, 0.9215686274509803, 0.0, 0.9999999999999999, 1.0, 1.0, 0.30998570465844527, 0.3583382430483816, 0.3583382430483816, 0.0, 0.0, 0.0, 0.0, 0.0, 0.0, 0.0, 0.0, 0.0, 0.0, 0.0, 0.0, 0.0, 0.0, 0.0, 0.0, 0.0, 0.0, 0.0, 0.0, 0.0], [0.39032047986984253, 0.0, 0.13333333333333333, 0.9411764705882353, 0.0, 0.9999999999999999, 1.0, 0.0, 0.39032049678245523, 0.28306001605409564, 0.28306001605409564, 0.0, 0.0, 0.0, 0.0, 1.0, 0.0, 0.0, 0.0, 0.0, 0.0, 0.0, 0.0, 0.0, 0.0, 0.0, 0.0, 0.0, 0.0, 0.0, 0.0, 0.0], [0.5338253974914551, 0.16666666666666666, 0.16666666666666669, 0.9411764705882353, 0.0, 0.9999999999999999, 1.0, 0.0, 0.5338254145682679, 0.3287390506628788, 0.3287390506628788, 0.0, 0.0, 0.0, 0.0, 0.0, 0.0, 0.0, 0.0, 0.0, 0.0, 0.0, 0.0, 0.0, 0.0, 0.0, 0.0, 0.0, 0.0, 0.0, 0.0, 0.0], [0.5690608024597168, 0.3333333333333333, 0.2, 0.9411764705882353, 0.0, 0.9999999999999999, 1.0, 0.0, 0.5690608169093276, 0.30539631909246945, 0.30539631909246945, 0.0, 0.0, 0.0, 0.0, 0.0, 0.0, 0.0, 0.0, 0.0, 0.0, 0.0, 0.0, 0.0, 0.0, 0.0, 0.0, 0.0, 0.0, 0.0, 0.0, 0.0], [0.29547837376594543, 0.5, 0.23333333333333334, 0.9411764705882353, 0.25, 0.9999999999999999, 1.0, 0.0, 0.2954783794308497, 0.3069060985050254, 0.3069060985050254, 0.0, 0.0, 0.0, 0.0, 0.0, 0.0, 0.0, 0.0, 0.0, 0.0, 0.0, 0.0, 0.0, 0.0, 0.0, 0.0, 0.0, 0.0, 0.0, 0.0, 0.0]]",0.30388444662094116,110.31005412340164,3.0,8.0,49.0,2.0,11.999999999999998,4.0,0.0,107.25865173339844,111.40691375732423,111.40691375732423,0.0,0.0,0.0,0.0,0.0,0.0,0.0,0.0,0.0,0.0,0.0,0.0,0.0,0.0,0.0,0.0,0.0,0.0,0.0,0.0,0.0,0.5,0.23333333333333334,0.9411764705882353,0.25,0.9999999999999999,1.0,0.0,0.2954783794308497,0.3069060985050254,0.3069060985050254,0.0,0.0,0.0,0.0,0.0,0.0,0.0,0.0,0.0,0.0,0.0,0.0,0.0,0.0,0.0,0.0,0.0,0.0,0.0,0.0,0.0
76,"[[0.33037713170051575, 0.8333333333333333, 0.06666666666666668, 0.9215686274509803, 0.0, 0.9999999999999999, 1.0, 1.0, 0.33037712160220817, 0.3326840781640087, 0.3326840781640087, 0.0, 0.0, 0.0, 0.0, 0.0, 0.0, 0.0, 0.0, 0.0, 0.0, 0.0, 0.0, 0.0, 0.0, 0.0, 0.0, 0.0, 0.0, 0.0, 0.0, 0.0], [0.3099856972694397, 1.0, 0.1, 0.9215686274509803, 0.0, 0.9999999999999999, 1.0, 1.0, 0.30998570465844527, 0.3583382430483816, 0.3583382430483816, 0.0, 0.0, 0.0, 0.0, 0.0, 0.0, 0.0, 0.0, 0.0, 0.0, 0.0, 0.0, 0.0, 0.0, 0.0, 0.0, 0.0, 0.0, 0.0, 0.0, 0.0], [0.39032047986984253, 0.0, 0.13333333333333333, 0.9411764705882353, 0.0, 0.9999999999999999, 1.0, 0.0, 0.39032049678245523, 0.28306001605409564, 0.28306001605409564, 0.0, 0.0, 0.0, 0.0, 1.0, 0.0, 0.0, 0.0, 0.0, 0.0, 0.0, 0.0, 0.0, 0.0, 0.0, 0.0, 0.0, 0.0, 0.0, 0.0, 0.0], [0.5338253974914551, 0.16666666666666666, 0.16666666666666669, 0.9411764705882353, 0.0, 0.9999999999999999, 1.0, 0.0, 0.5338254145682679, 0.3287390506628788, 0.3287390506628788, 0.0, 0.0, 0.0, 0.0, 0.0, 0.0, 0.0, 0.0, 0.0, 0.0, 0.0, 0.0, 0.0, 0.0, 0.0, 0.0, 0.0, 0.0, 0.0, 0.0, 0.0], [0.5690608024597168, 0.3333333333333333, 0.2, 0.9411764705882353, 0.0, 0.9999999999999999, 1.0, 0.0, 0.5690608169093276, 0.30539631909246945, 0.30539631909246945, 0.0, 0.0, 0.0, 0.0, 0.0, 0.0, 0.0, 0.0, 0.0, 0.0, 0.0, 0.0, 0.0, 0.0, 0.0, 0.0, 0.0, 0.0, 0.0, 0.0, 0.0], [0.29547837376594543, 0.5, 0.23333333333333334, 0.9411764705882353, 0.25, 0.9999999999999999, 1.0, 0.0, 0.2954783794308497, 0.3069060985050254, 0.3069060985050254, 0.0, 0.0, 0.0, 0.0, 0.0, 0.0, 0.0, 0.0, 0.0, 0.0, 0.0, 0.0, 0.0, 0.0, 0.0, 0.0, 0.0, 0.0, 0.0, 0.0, 0.0], [0.30388444662094116, 0.6666666666666666, 0.26666666666666666, 0.9411764705882353, 0.25, 0.9999999999999999, 1.0, 0.0, 0.30388443791833464, 0.33037712160220817, 0.33037712160220817, 0.0, 0.0, 0.0, 0.0, 0.0, 1.0, 0.0, 0.0, 0.0, 0.0, 0.0, 0.0, 0.0, 0.0, 0.0, 0.0, 0.0, 0.0, 0.0, 0.0, 0.0]]",0.44859135150909424,162.8386605978012,4.0,9.0,49.0,2.0,11.999999999999998,4.0,0.0,110.31005096435547,119.92689514160156,119.92689514160156,0.0,0.0,0.0,0.0,0.0,1.0,0.0,0.0,0.0,0.0,0.0,0.0,0.0,0.0,0.0,0.0,0.0,0.0,0.0,0.0,0.0,0.6666666666666666,0.26666666666666666,0.9411764705882353,0.25,0.9999999999999999,1.0,0.0,0.30388443791833464,0.33037712160220817,0.33037712160220817,0.0,0.0,0.0,0.0,0.0,1.0,0.0,0.0,0.0,0.0,0.0,0.0,0.0,0.0,0.0,0.0,0.0,0.0,0.0,0.0,0.0
77,"[[0.3099856972694397, 1.0, 0.1, 0.9215686274509803, 0.0, 0.9999999999999999, 1.0, 1.0, 0.30998570465844527, 0.3583382430483816, 0.3583382430483816, 0.0, 0.0, 0.0, 0.0, 0.0, 0.0, 0.0, 0.0, 0.0, 0.0, 0.0, 0.0, 0.0, 0.0, 0.0, 0.0, 0.0, 0.0, 0.0, 0.0, 0.0], [0.39032047986984253, 0.0, 0.13333333333333333, 0.9411764705882353, 0.0, 0.9999999999999999, 1.0, 0.0, 0.39032049678245523, 0.28306001605409564, 0.28306001605409564, 0.0, 0.0, 0.0, 0.0, 1.0, 0.0, 0.0, 0.0, 0.0, 0.0, 0.0, 0.0, 0.0, 0.0, 0.0, 0.0, 0.0, 0.0, 0.0, 0.0, 0.0], [0.5338253974914551, 0.16666666666666666, 0.16666666666666669, 0.9411764705882353, 0.0, 0.9999999999999999, 1.0, 0.0, 0.5338254145682679, 0.3287390506628788, 0.3287390506628788, 0.0, 0.0, 0.0, 0.0, 0.0, 0.0, 0.0, 0.0, 0.0, 0.0, 0.0, 0.0, 0.0, 0.0, 0.0, 0.0, 0.0, 0.0, 0.0, 0.0, 0.0], [0.5690608024597168, 0.3333333333333333, 0.2, 0.9411764705882353, 0.0, 0.9999999999999999, 1.0, 0.0, 0.5690608169093276, 0.30539631909246945, 0.30539631909246945, 0.0, 0.0, 0.0, 0.0, 0.0, 0.0, 0.0, 0.0, 0.0, 0.0, 0.0, 0.0, 0.0, 0.0, 0.0, 0.0, 0.0, 0.0, 0.0, 0.0, 0.0], [0.29547837376594543, 0.5, 0.23333333333333334, 0.9411764705882353, 0.25, 0.9999999999999999, 1.0, 0.0, 0.2954783794308497, 0.3069060985050254, 0.3069060985050254, 0.0, 0.0, 0.0, 0.0, 0.0, 0.0, 0.0, 0.0, 0.0, 0.0, 0.0, 0.0, 0.0, 0.0, 0.0, 0.0, 0.0, 0.0, 0.0, 0.0, 0.0], [0.30388444662094116, 0.6666666666666666, 0.26666666666666666, 0.9411764705882353, 0.25, 0.9999999999999999, 1.0, 0.0, 0.30388443791833464, 0.33037712160220817, 0.33037712160220817, 0.0, 0.0, 0.0, 0.0, 0.0, 1.0, 0.0, 0.0, 0.0, 0.0, 0.0, 0.0, 0.0, 0.0, 0.0, 0.0, 0.0, 0.0, 0.0, 0.0, 0.0], [0.44859135150909424, 0.8333333333333333, 0.3, 0.9411764705882353, 0.25, 0.9999999999999999, 1.0, 1.0, 0.4485913321334797, 0.30998570465844527, 0.30998570465844527, 0.0, 0.0, 0.0, 0.0, 0.0, 0.0, 0.0, 0.0, 0.0, 0.0, 0.0, 0.0, 0.0, 0.0, 0.0, 0.0, 0.0, 0.0, 0.0, 0.0, 0.0]]",0.6063059568405151,220.089062333107,5.0,10.0,49.0,2.0,11.999999999999998,4.0,1.0,162.83865356445312,112.52481079101562,112.52481079101562,0.0,0.0,0.0,0.0,0.0,0.0,0.0,0.0,0.0,0.0,0.0,0.0,0.0,0.0,0.0,0.0,0.0,0.0,0.0,0.0,0.0,0.8333333333333333,0.3,0.9411764705882353,0.25,0.9999999999999999,1.0,1.0,0.4485913321334797,0.30998570465844527,0.30998570465844527,0.0,0.0,0.0,0.0,0.0,0.0,0.0,0.0,0.0,0.0,0.0,0.0,0.0,0.0,0.0,0.0,0.0,0.0,0.0,0.0,0.0
78,"[[0.39032047986984253, 0.0, 0.13333333333333333, 0.9411764705882353, 0.0, 0.9999999999999999, 1.0, 0.0, 0.39032049678245523, 0.28306001605409564, 0.28306001605409564, 0.0, 0.0, 0.0, 0.0, 1.0, 0.0, 0.0, 0.0, 0.0, 0.0, 0.0, 0.0, 0.0, 0.0, 0.0, 0.0, 0.0, 0.0, 0.0, 0.0, 0.0], [0.5338253974914551, 0.16666666666666666, 0.16666666666666669, 0.9411764705882353, 0.0, 0.9999999999999999, 1.0, 0.0, 0.5338254145682679, 0.3287390506628788, 0.3287390506628788, 0.0, 0.0, 0.0, 0.0, 0.0, 0.0, 0.0, 0.0, 0.0, 0.0, 0.0, 0.0, 0.0, 0.0, 0.0, 0.0, 0.0, 0.0, 0.0, 0.0, 0.0], [0.5690608024597168, 0.3333333333333333, 0.2, 0.9411764705882353, 0.0, 0.9999999999999999, 1.0, 0.0, 0.5690608169093276, 0.30539631909246945, 0.30539631909246945, 0.0, 0.0, 0.0, 0.0, 0.0, 0.0, 0.0, 0.0, 0.0, 0.0, 0.0, 0.0, 0.0, 0.0, 0.0, 0.0, 0.0, 0.0, 0.0, 0.0, 0.0], [0.29547837376594543, 0.5, 0.23333333333333334, 0.9411764705882353, 0.25, 0.9999999999999999, 1.0, 0.0, 0.2954783794308497, 0.3069060985050254, 0.3069060985050254, 0.0, 0.0, 0.0, 0.0, 0.0, 0.0, 0.0, 0.0, 0.0, 0.0, 0.0, 0.0, 0.0, 0.0, 0.0, 0.0, 0.0, 0.0, 0.0, 0.0, 0.0], [0.30388444662094116, 0.6666666666666666, 0.26666666666666666, 0.9411764705882353, 0.25, 0.9999999999999999, 1.0, 0.0, 0.30388443791833464, 0.33037712160220817, 0.33037712160220817, 0.0, 0.0, 0.0, 0.0, 0.0, 1.0, 0.0, 0.0, 0.0, 0.0, 0.0, 0.0, 0.0, 0.0, 0.0, 0.0, 0.0, 0.0, 0.0, 0.0, 0.0], [0.44859135150909424, 0.8333333333333333, 0.3, 0.9411764705882353, 0.25, 0.9999999999999999, 1.0, 1.0, 0.4485913321334797, 0.30998570465844527, 0.30998570465844527, 0.0, 0.0, 0.0, 0.0, 0.0, 0.0, 0.0, 0.0, 0.0, 0.0, 0.0, 0.0, 0.0, 0.0, 0.0, 0.0, 0.0, 0.0, 0.0, 0.0, 0.0], [0.6063059568405151, 1.0, 0.3333333333333333, 0.9411764705882353, 0.25, 0.9999999999999999, 1.0, 1.0, 0.6063059657073218, 0.39032049678245523, 0.39032049678245523, 0.0, 0.0, 0.0, 0.0, 0.0, 0.0, 0.0, 0.0, 0.0, 0.0, 0.0, 0.0, 0.0, 0.0, 0.0, 0.0, 0.0, 0.0, 0.0, 0.0, 0.0]]",0.5673001408576965,205.92995113134384,6.0,11.0,49.0,2.0,11.999999999999998,4.0,1.0,220.08906555175778,141.68634033203125,141.68634033203125,0.0,0.0,0.0,0.0,0.0,0.0,0.0,0.0,0.0,0.0,0.0,0.0,0.0,0.0,0.0,0.0,0.0,0.0,0.0,0.0,0.0,1.0,0.3333333333333333,0.9411764705882353,0.25,0.9999999999999999,1.0,1.0,0.6063059657073218,0.39032049678245523,0.39032049678245523,0.0,0.0,0.0,0.0,0.0,0.0,0.0,0.0,0.0,0.0,0.0,0.0,0.0,0.0,0.0,0.0,0.0,0.0,0.0,0.0,0.0
79,"[[0.5338253974914551, 0.16666666666666666, 0.16666666666666669, 0.9411764705882353, 0.0, 0.9999999999999999, 1.0, 0.0, 0.5338254145682679, 0.3287390506628788, 0.3287390506628788, 0.0, 0.0, 0.0, 0.0, 0.0, 0.0, 0.0, 0.0, 0.0, 0.0, 0.0, 0.0, 0.0, 0.0, 0.0, 0.0, 0.0, 0.0, 0.0, 0.0, 0.0], [0.5690608024597168, 0.3333333333333333, 0.2, 0.9411764705882353, 0.0, 0.9999999999999999, 1.0, 0.0, 0.5690608169093276, 0.30539631909246945, 0.30539631909246945, 0.0, 0.0, 0.0, 0.0, 0.0, 0.0, 0.0, 0.0, 0.0, 0.0, 0.0, 0.0, 0.0, 0.0, 0.0, 0.0, 0.0, 0.0, 0.0, 0.0, 0.0], [0.29547837376594543, 0.5, 0.23333333333333334, 0.9411764705882353, 0.25, 0.9999999999999999, 1.0, 0.0, 0.2954783794308497, 0.3069060985050254, 0.3069060985050254, 0.0, 0.0, 0.0, 0.0, 0.0, 0.0, 0.0, 0.0, 0.0, 0.0, 0.0, 0.0, 0.0, 0.0, 0.0, 0.0, 0.0, 0.0, 0.0, 0.0, 0.0], [0.30388444662094116, 0.6666666666666666, 0.26666666666666666, 0.9411764705882353, 0.25, 0.9999999999999999, 1.0, 0.0, 0.30388443791833464, 0.33037712160220817, 0.33037712160220817, 0.0, 0.0, 0.0, 0.0, 0.0, 1.0, 0.0, 0.0, 0.0, 0.0, 0.0, 0.0, 0.0, 0.0, 0.0, 0.0, 0.0, 0.0, 0.0, 0.0, 0.0], [0.44859135150909424, 0.8333333333333333, 0.3, 0.9411764705882353, 0.25, 0.9999999999999999, 1.0, 1.0, 0.4485913321334797, 0.30998570465844527, 0.30998570465844527, 0.0, 0.0, 0.0, 0.0, 0.0, 0.0, 0.0, 0.0, 0.0, 0.0, 0.0, 0.0, 0.0, 0.0, 0.0, 0.0, 0.0, 0.0, 0.0, 0.0, 0.0], [0.6063059568405151, 1.0, 0.3333333333333333, 0.9411764705882353, 0.25, 0.9999999999999999, 1.0, 1.0, 0.6063059657073218, 0.39032049678245523, 0.39032049678245523, 0.0, 0.0, 0.0, 0.0, 0.0, 0.0, 0.0, 0.0, 0.0, 0.0, 0.0, 0.0, 0.0, 0.0, 0.0, 0.0, 0.0, 0.0, 0.0, 0.0, 0.0], [0.5673001408576965, 0.0, 0.3666666666666667, 0.9607843137254901, 0.25, 0.9999999999999999, 1.0, 0.0, 0.5673001291994878, 0.5338254145682679, 0.5338254145682679, 0.0, 0.0, 0.0, 0.0, 1.0, 0.0, 0.0, 0.0, 0.0, 0.0, 0.0, 0.0, 0.0, 0.0, 0.0, 0.0, 0.0, 0.0, 0.0, 0.0, 0.0]]",0.3953511714935303,143.5124752521515,0.0,12.0,50.0,2.0,11.999999999999998,4.0,0.0,205.92994689941406,193.77862548828125,193.77862548828125,0.0,0.0,0.0,0.0,1.0,0.0,0.0,0.0,0.0,0.0,0.0,0.0,0.0,0.0,0.0,0.0,0.0,0.0,0.0,0.0,0.0,0.0,0.3666666666666667,0.9607843137254901,0.25,0.9999999999999999,1.0,0.0,0.5673001291994878,0.5338254145682679,0.5338254145682679,0.0,0.0,0.0,0.0,1.0,0.0,0.0,0.0,0.0,0.0,0.0,0.0,0.0,0.0,0.0,0.0,0.0,0.0,0.0,0.0,0.0
80,"[[0.5690608024597168, 0.3333333333333333, 0.2, 0.9411764705882353, 0.0, 0.9999999999999999, 1.0, 0.0, 0.5690608169093276, 0.30539631909246945, 0.30539631909246945, 0.0, 0.0, 0.0, 0.0, 0.0, 0.0, 0.0, 0.0, 0.0, 0.0, 0.0, 0.0, 0.0, 0.0, 0.0, 0.0, 0.0, 0.0, 0.0, 0.0, 0.0], [0.29547837376594543, 0.5, 0.23333333333333334, 0.9411764705882353, 0.25, 0.9999999999999999, 1.0, 0.0, 0.2954783794308497, 0.3069060985050254, 0.3069060985050254, 0.0, 0.0, 0.0, 0.0, 0.0, 0.0, 0.0, 0.0, 0.0, 0.0, 0.0, 0.0, 0.0, 0.0, 0.0, 0.0, 0.0, 0.0, 0.0, 0.0, 0.0], [0.30388444662094116, 0.6666666666666666, 0.26666666666666666, 0.9411764705882353, 0.25, 0.9999999999999999, 1.0, 0.0, 0.30388443791833464, 0.33037712160220817, 0.33037712160220817, 0.0, 0.0, 0.0, 0.0, 0.0, 1.0, 0.0, 0.0, 0.0, 0.0, 0.0, 0.0, 0.0, 0.0, 0.0, 0.0, 0.0, 0.0, 0.0, 0.0, 0.0], [0.44859135150909424, 0.8333333333333333, 0.3, 0.9411764705882353, 0.25, 0.9999999999999999, 1.0, 1.0, 0.4485913321334797, 0.30998570465844527, 0.30998570465844527, 0.0, 0.0, 0.0, 0.0, 0.0, 0.0, 0.0, 0.0, 0.0, 0.0, 0.0, 0.0, 0.0, 0.0, 0.0, 0.0, 0.0, 0.0, 0.0, 0.0, 0.0], [0.6063059568405151, 1.0, 0.3333333333333333, 0.9411764705882353, 0.25, 0.9999999999999999, 1.0, 1.0, 0.6063059657073218, 0.39032049678245523, 0.39032049678245523, 0.0, 0.0, 0.0, 0.0, 0.0, 0.0, 0.0, 0.0, 0.0, 0.0, 0.0, 0.0, 0.0, 0.0, 0.0, 0.0, 0.0, 0.0, 0.0, 0.0, 0.0], [0.5673001408576965, 0.0, 0.3666666666666667, 0.9607843137254901, 0.25, 0.9999999999999999, 1.0, 0.0, 0.5673001291994878, 0.5338254145682679, 0.5338254145682679, 0.0, 0.0, 0.0, 0.0, 1.0, 0.0, 0.0, 0.0, 0.0, 0.0, 0.0, 0.0, 0.0, 0.0, 0.0, 0.0, 0.0, 0.0, 0.0, 0.0, 0.0], [0.3953511714935303, 0.16666666666666666, 0.4, 0.9607843137254901, 0.25, 0.9999999999999999, 1.0, 0.0, 0.39535118922714363, 0.5690608169093276, 0.5690608169093276, 0.0, 0.0, 0.0, 0.0, 0.0, 0.0, 0.0, 0.0, 0.0, 0.0, 0.0, 0.0, 0.0, 0.0, 0.0, 0.0, 0.0, 0.0, 0.0, 0.0, 0.0]]",0.3335331678390503,121.07253992557526,1.0,13.0,50.0,2.0,11.999999999999998,4.0,0.0,143.51248168945312,206.56907653808594,206.56907653808594,0.0,0.0,0.0,0.0,0.0,0.0,0.0,0.0,0.0,0.0,0.0,0.0,0.0,0.0,0.0,0.0,0.0,0.0,0.0,0.0,0.0,0.16666666666666666,0.4,0.9607843137254901,0.25,0.9999999999999999,1.0,0.0,0.39535118922714363,0.5690608169093276,0.5690608169093276,0.0,0.0,0.0,0.0,0.0,0.0,0.0,0.0,0.0,0.0,0.0,0.0,0.0,0.0,0.0,0.0,0.0,0.0,0.0,0.0,0.0
81,"[[0.29547837376594543, 0.5, 0.23333333333333334, 0.9411764705882353, 0.25, 0.9999999999999999, 1.0, 0.0, 0.2954783794308497, 0.3069060985050254, 0.3069060985050254, 0.0, 0.0, 0.0, 0.0, 0.0, 0.0, 0.0, 0.0, 0.0, 0.0, 0.0, 0.0, 0.0, 0.0, 0.0, 0.0, 0.0, 0.0, 0.0, 0.0, 0.0], [0.30388444662094116, 0.6666666666666666, 0.26666666666666666, 0.9411764705882353, 0.25, 0.9999999999999999, 1.0, 0.0, 0.30388443791833464, 0.33037712160220817, 0.33037712160220817, 0.0, 0.0, 0.0, 0.0, 0.0, 1.0, 0.0, 0.0, 0.0, 0.0, 0.0, 0.0, 0.0, 0.0, 0.0, 0.0, 0.0, 0.0, 0.0, 0.0, 0.0], [0.44859135150909424, 0.8333333333333333, 0.3, 0.9411764705882353, 0.25, 0.9999999999999999, 1.0, 1.0, 0.4485913321334797, 0.30998570465844527, 0.30998570465844527, 0.0, 0.0, 0.0, 0.0, 0.0, 0.0, 0.0, 0.0, 0.0, 0.0, 0.0, 0.0, 0.0, 0.0, 0.0, 0.0, 0.0, 0.0, 0.0, 0.0, 0.0], [0.6063059568405151, 1.0, 0.3333333333333333, 0.9411764705882353, 0.25, 0.9999999999999999, 1.0, 1.0, 0.6063059657073218, 0.39032049678245523, 0.39032049678245523, 0.0, 0.0, 0.0, 0.0, 0.0, 0.0, 0.0, 0.0, 0.0, 0.0, 0.0, 0.0, 0.0, 0.0, 0.0, 0.0, 0.0, 0.0, 0.0, 0.0, 0.0], [0.5673001408576965, 0.0, 0.3666666666666667, 0.9607843137254901, 0.25, 0.9999999999999999, 1.0, 0.0, 0.5673001291994878, 0.5338254145682679, 0.5338254145682679, 0.0, 0.0, 0.0, 0.0, 1.0, 0.0, 0.0, 0.0, 0.0, 0.0, 0.0, 0.0, 0.0, 0.0, 0.0, 0.0, 0.0, 0.0, 0.0, 0.0, 0.0], [0.3953511714935303, 0.16666666666666666, 0.4, 0.9607843137254901, 0.25, 0.9999999999999999, 1.0, 0.0, 0.39535118922714363, 0.5690608169093276, 0.5690608169093276, 0.0, 0.0, 0.0, 0.0, 0.0, 0.0, 0.0, 0.0, 0.0, 0.0, 0.0, 0.0, 0.0, 0.0, 0.0, 0.0, 0.0, 0.0, 0.0, 0.0, 0.0], [0.3335331678390503, 0.3333333333333333, 0.43333333333333335, 0.9607843137254901, 0.25, 0.9999999999999999, 1.0, 0.0, 0.33353316882425105, 0.2954783794308497, 0.2954783794308497, 0.0, 0.0, 0.0, 0.0, 0.0, 0.0, 0.0, 0.0, 0.0, 0.0, 0.0, 0.0, 0.0, 0.0, 0.0, 0.0, 0.0, 0.0, 0.0, 0.0, 0.0]]",0.3736940026283264,135.6509229540825,2.0,14.0,50.0,2.0,11.999999999999998,4.0,0.0,121.07254028320312,107.25865173339844,107.25865173339844,0.0,0.0,0.0,0.0,0.0,0.0,0.0,0.0,0.0,0.0,0.0,0.0,0.0,0.0,0.0,0.0,0.0,0.0,0.0,0.0,0.0,0.3333333333333333,0.43333333333333335,0.9607843137254901,0.25,0.9999999999999999,1.0,0.0,0.33353316882425105,0.2954783794308497,0.2954783794308497,0.0,0.0,0.0,0.0,0.0,0.0,0.0,0.0,0.0,0.0,0.0,0.0,0.0,0.0,0.0,0.0,0.0,0.0,0.0,0.0,0.0
82,"[[0.30388444662094116, 0.6666666666666666, 0.26666666666666666, 0.9411764705882353, 0.25, 0.9999999999999999, 1.0, 0.0, 0.30388443791833464, 0.33037712160220817, 0.33037712160220817, 0.0, 0.0, 0.0, 0.0, 0.0, 1.0, 0.0, 0.0, 0.0, 0.0, 0.0, 0.0, 0.0, 0.0, 0.0, 0.0, 0.0, 0.0, 0.0, 0.0, 0.0], [0.44859135150909424, 0.8333333333333333, 0.3, 0.9411764705882353, 0.25, 0.9999999999999999, 1.0, 1.0, 0.4485913321334797, 0.30998570465844527, 0.30998570465844527, 0.0, 0.0, 0.0, 0.0, 0.0, 0.0, 0.0, 0.0, 0.0, 0.0, 0.0, 0.0, 0.0, 0.0, 0.0, 0.0, 0.0, 0.0, 0.0, 0.0, 0.0], [0.6063059568405151, 1.0, 0.3333333333333333, 0.9411764705882353, 0.25, 0.9999999999999999, 1.0, 1.0, 0.6063059657073218, 0.39032049678245523, 0.39032049678245523, 0.0, 0.0, 0.0, 0.0, 0.0, 0.0, 0.0, 0.0, 0.0, 0.0, 0.0, 0.0, 0.0, 0.0, 0.0, 0.0, 0.0, 0.0, 0.0, 0.0, 0.0], [0.5673001408576965, 0.0, 0.3666666666666667, 0.9607843137254901, 0.25, 0.9999999999999999, 1.0, 0.0, 0.5673001291994878, 0.5338254145682679, 0.5338254145682679, 0.0, 0.0, 0.0, 0.0, 1.0, 0.0, 0.0, 0.0, 0.0, 0.0, 0.0, 0.0, 0.0, 0.0, 0.0, 0.0, 0.0, 0.0, 0.0, 0.0, 0.0], [0.3953511714935303, 0.16666666666666666, 0.4, 0.9607843137254901, 0.25, 0.9999999999999999, 1.0, 0.0, 0.39535118922714363, 0.5690608169093276, 0.5690608169093276, 0.0, 0.0, 0.0, 0.0, 0.0, 0.0, 0.0, 0.0, 0.0, 0.0, 0.0, 0.0, 0.0, 0.0, 0.0, 0.0, 0.0, 0.0, 0.0, 0.0, 0.0], [0.3335331678390503, 0.3333333333333333, 0.43333333333333335, 0.9607843137254901, 0.25, 0.9999999999999999, 1.0, 0.0, 0.33353316882425105, 0.2954783794308497, 0.2954783794308497, 0.0, 0.0, 0.0, 0.0, 0.0, 0.0, 0.0, 0.0, 0.0, 0.0, 0.0, 0.0, 0.0, 0.0, 0.0, 0.0, 0.0, 0.0, 0.0, 0.0, 0.0], [0.3736940026283264, 0.5, 0.4666666666666667, 0.9607843137254901, 0.5, 0.9999999999999999, 1.0, 0.0, 0.37369400739013, 0.30388443791833464, 0.30388443791833464, 0.0, 0.0, 0.0, 0.0, 0.0, 0.0, 0.0, 0.0, 0.0, 0.0, 0.0, 0.0, 0.0, 0.0, 0.0, 0.0, 0.0, 0.0, 0.0, 0.0, 0.0]]",0.44928309321403503,163.08976283669472,3.0,15.0,50.0,3.0,11.999999999999998,4.0,0.0,135.6509246826172,110.31005096435547,110.31005096435547,0.0,0.0,0.0,0.0,0.0,0.0,0.0,0.0,0.0,0.0,0.0,0.0,0.0,0.0,0.0,0.0,0.0,0.0,0.0,0.0,0.0,0.5,0.4666666666666667,0.9607843137254901,0.5,0.9999999999999999,1.0,0.0,0.37369400739013,0.30388443791833464,0.30388443791833464,0.0,0.0,0.0,0.0,0.0,0.0,0.0,0.0,0.0,0.0,0.0,0.0,0.0,0.0,0.0,0.0,0.0,0.0,0.0,0.0,0.0
83,"[[0.44859135150909424, 0.8333333333333333, 0.3, 0.9411764705882353, 0.25, 0.9999999999999999, 1.0, 1.0, 0.4485913321334797, 0.30998570465844527, 0.30998570465844527, 0.0, 0.0, 0.0, 0.0, 0.0, 0.0, 0.0, 0.0, 0.0, 0.0, 0.0, 0.0, 0.0, 0.0, 0.0, 0.0, 0.0, 0.0, 0.0, 0.0, 0.0], [0.6063059568405151, 1.0, 0.3333333333333333, 0.9411764705882353, 0.25, 0.9999999999999999, 1.0, 1.0, 0.6063059657073218, 0.39032049678245523, 0.39032049678245523, 0.0, 0.0, 0.0, 0.0, 0.0, 0.0, 0.0, 0.0, 0.0, 0.0, 0.0, 0.0, 0.0, 0.0, 0.0, 0.0, 0.0, 0.0, 0.0, 0.0, 0.0], [0.5673001408576965, 0.0, 0.3666666666666667, 0.9607843137254901, 0.25, 0.9999999999999999, 1.0, 0.0, 0.5673001291994878, 0.5338254145682679, 0.5338254145682679, 0.0, 0.0, 0.0, 0.0, 1.0, 0.0, 0.0, 0.0, 0.0, 0.0, 0.0, 0.0, 0.0, 0.0, 0.0, 0.0, 0.0, 0.0, 0.0, 0.0, 0.0], [0.3953511714935303, 0.16666666666666666, 0.4, 0.9607843137254901, 0.25, 0.9999999999999999, 1.0, 0.0, 0.39535118922714363, 0.5690608169093276, 0.5690608169093276, 0.0, 0.0, 0.0, 0.0, 0.0, 0.0, 0.0, 0.0, 0.0, 0.0, 0.0, 0.0, 0.0, 0.0, 0.0, 0.0, 0.0, 0.0, 0.0, 0.0, 0.0], [0.3335331678390503, 0.3333333333333333, 0.43333333333333335, 0.9607843137254901, 0.25, 0.9999999999999999, 1.0, 0.0, 0.33353316882425105, 0.2954783794308497, 0.2954783794308497, 0.0, 0.0, 0.0, 0.0, 0.0, 0.0, 0.0, 0.0, 0.0, 0.0, 0.0, 0.0, 0.0, 0.0, 0.0, 0.0, 0.0, 0.0, 0.0, 0.0, 0.0], [0.3736940026283264, 0.5, 0.4666666666666667, 0.9607843137254901, 0.5, 0.9999999999999999, 1.0, 0.0, 0.37369400739013, 0.30388443791833464, 0.30388443791833464, 0.0, 0.0, 0.0, 0.0, 0.0, 0.0, 0.0, 0.0, 0.0, 0.0, 0.0, 0.0, 0.0, 0.0, 0.0, 0.0, 0.0, 0.0, 0.0, 0.0, 0.0], [0.44928309321403503, 0.6666666666666666, 0.5, 0.9607843137254901, 0.5, 0.9999999999999999, 1.0, 0.0, 0.4492831059395446, 0.4485913321334797, 0.4485913321334797, 0.0, 0.0, 0.0, 0.0, 0.0, 1.0, 0.0, 0.0, 0.0, 0.0, 0.0, 0.0, 0.0, 0.0, 0.0, 0.0, 0.0, 0.0, 0.0, 0.0, 0.0]]",0.9894965291023254,359.18724006414413,4.0,16.0,50.0,3.0,11.999999999999998,4.0,0.0,163.0897674560547,162.83865356445312,162.83865356445312,0.0,0.0,0.0,0.0,0.0,1.0,0.0,0.0,0.0,0.0,0.0,0.0,0.0,0.0,0.0,0.0,0.0,0.0,0.0,0.0,0.0,0.6666666666666666,0.5,0.9607843137254901,0.5,0.9999999999999999,1.0,0.0,0.4492831059395446,0.4485913321334797,0.4485913321334797,0.0,0.0,0.0,0.0,0.0,1.0,0.0,0.0,0.0,0.0,0.0,0.0,0.0,0.0,0.0,0.0,0.0,0.0,0.0,0.0,0.0
84,"[[0.6063059568405151, 1.0, 0.3333333333333333, 0.9411764705882353, 0.25, 0.9999999999999999, 1.0, 1.0, 0.6063059657073218, 0.39032049678245523, 0.39032049678245523, 0.0, 0.0, 0.0, 0.0, 0.0, 0.0, 0.0, 0.0, 0.0, 0.0, 0.0, 0.0, 0.0, 0.0, 0.0, 0.0, 0.0, 0.0, 0.0, 0.0, 0.0], [0.5673001408576965, 0.0, 0.3666666666666667, 0.9607843137254901, 0.25, 0.9999999999999999, 1.0, 0.0, 0.5673001291994878, 0.5338254145682679, 0.5338254145682679, 0.0, 0.0, 0.0, 0.0, 1.0, 0.0, 0.0, 0.0, 0.0, 0.0, 0.0, 0.0, 0.0, 0.0, 0.0, 0.0, 0.0, 0.0, 0.0, 0.0, 0.0], [0.3953511714935303, 0.16666666666666666, 0.4, 0.9607843137254901, 0.25, 0.9999999999999999, 1.0, 0.0, 0.39535118922714363, 0.5690608169093276, 0.5690608169093276, 0.0, 0.0, 0.0, 0.0, 0.0, 0.0, 0.0, 0.0, 0.0, 0.0, 0.0, 0.0, 0.0, 0.0, 0.0, 0.0, 0.0, 0.0, 0.0, 0.0, 0.0], [0.3335331678390503, 0.3333333333333333, 0.43333333333333335, 0.9607843137254901, 0.25, 0.9999999999999999, 1.0, 0.0, 0.33353316882425105, 0.2954783794308497, 0.2954783794308497, 0.0, 0.0, 0.0, 0.0, 0.0, 0.0, 0.0, 0.0, 0.0, 0.0, 0.0, 0.0, 0.0, 0.0, 0.0, 0.0, 0.0, 0.0, 0.0, 0.0, 0.0], [0.3736940026283264, 0.5, 0.4666666666666667, 0.9607843137254901, 0.5, 0.9999999999999999, 1.0, 0.0, 0.37369400739013, 0.30388443791833464, 0.30388443791833464, 0.0, 0.0, 0.0, 0.0, 0.0, 0.0, 0.0, 0.0, 0.0, 0.0, 0.0, 0.0, 0.0, 0.0, 0.0, 0.0, 0.0, 0.0, 0.0, 0.0, 0.0], [0.44928309321403503, 0.6666666666666666, 0.5, 0.9607843137254901, 0.5, 0.9999999999999999, 1.0, 0.0, 0.4492831059395446, 0.4485913321334797, 0.4485913321334797, 0.0, 0.0, 0.0, 0.0, 0.0, 1.0, 0.0, 0.0, 0.0, 0.0, 0.0, 0.0, 0.0, 0.0, 0.0, 0.0, 0.0, 0.0, 0.0, 0.0, 0.0], [0.9894965291023254, 0.8333333333333333, 0.5333333333333333, 0.9607843137254901, 0.5, 0.9999999999999999, 1.0, 1.0, 0.989496488544895, 0.6063059657073218, 0.6063059657073218, 0.0, 0.0, 0.0, 0.0, 0.0, 0.0, 0.0, 0.0, 0.0, 0.0, 0.0, 0.0, 0.0, 0.0, 0.0, 0.0, 0.0, 0.0, 0.0, 0.0, 0.0]]",0.7076756954193115,256.8862774372101,5.0,17.0,50.0,3.0,11.999999999999998,4.0,1.0,359.1872253417969,220.08906555175778,220.08906555175778,0.0,0.0,0.0,0.0,0.0,0.0,0.0,0.0,0.0,0.0,0.0,0.0,0.0,0.0,0.0,0.0,0.0,0.0,0.0,0.0,0.0,0.8333333333333333,0.5333333333333333,0.9607843137254901,0.5,0.9999999999999999,1.0,1.0,0.989496488544895,0.6063059657073218,0.6063059657073218,0.0,0.0,0.0,0.0,0.0,0.0,0.0,0.0,0.0,0.0,0.0,0.0,0.0,0.0,0.0,0.0,0.0,0.0,0.0,0.0,0.0
85,"[[0.5673001408576965, 0.0, 0.3666666666666667, 0.9607843137254901, 0.25, 0.9999999999999999, 1.0, 0.0, 0.5673001291994878, 0.5338254145682679, 0.5338254145682679, 0.0, 0.0, 0.0, 0.0, 1.0, 0.0, 0.0, 0.0, 0.0, 0.0, 0.0, 0.0, 0.0, 0.0, 0.0, 0.0, 0.0, 0.0, 0.0, 0.0, 0.0], [0.3953511714935303, 0.16666666666666666, 0.4, 0.9607843137254901, 0.25, 0.9999999999999999, 1.0, 0.0, 0.39535118922714363, 0.5690608169093276, 0.5690608169093276, 0.0, 0.0, 0.0, 0.0, 0.0, 0.0, 0.0, 0.0, 0.0, 0.0, 0.0, 0.0, 0.0, 0.0, 0.0, 0.0, 0.0, 0.0, 0.0, 0.0, 0.0], [0.3335331678390503, 0.3333333333333333, 0.43333333333333335, 0.9607843137254901, 0.25, 0.9999999999999999, 1.0, 0.0, 0.33353316882425105, 0.2954783794308497, 0.2954783794308497, 0.0, 0.0, 0.0, 0.0, 0.0, 0.0, 0.0, 0.0, 0.0, 0.0, 0.0, 0.0, 0.0, 0.0, 0.0, 0.0, 0.0, 0.0, 0.0, 0.0, 0.0], [0.3736940026283264, 0.5, 0.4666666666666667, 0.9607843137254901, 0.5, 0.9999999999999999, 1.0, 0.0, 0.37369400739013, 0.30388443791833464, 0.30388443791833464, 0.0, 0.0, 0.0, 0.0, 0.0, 0.0, 0.0, 0.0, 0.0, 0.0, 0.0, 0.0, 0.0, 0.0, 0.0, 0.0, 0.0, 0.0, 0.0, 0.0, 0.0], [0.44928309321403503, 0.6666666666666666, 0.5, 0.9607843137254901, 0.5, 0.9999999999999999, 1.0, 0.0, 0.4492831059395446, 0.4485913321334797, 0.4485913321334797, 0.0, 0.0, 0.0, 0.0, 0.0, 1.0, 0.0, 0.0, 0.0, 0.0, 0.0, 0.0, 0.0, 0.0, 0.0, 0.0, 0.0, 0.0, 0.0, 0.0, 0.0], [0.9894965291023254, 0.8333333333333333, 0.5333333333333333, 0.9607843137254901, 0.5, 0.9999999999999999, 1.0, 1.0, 0.989496488544895, 0.6063059657073218, 0.6063059657073218, 0.0, 0.0, 0.0, 0.0, 0.0, 0.0, 0.0, 0.0, 0.0, 0.0, 0.0, 0.0, 0.0, 0.0, 0.0, 0.0, 0.0, 0.0, 0.0, 0.0, 0.0], [0.7076756954193115, 1.0, 0.5666666666666667, 0.9607843137254901, 0.5, 0.9999999999999999, 1.0, 1.0, 0.7076757341705406, 0.5673001291994878, 0.5673001291994878, 0.0, 0.0, 0.0, 0.0, 0.0, 0.0, 0.0, 0.0, 0.0, 0.0, 0.0, 0.0, 0.0, 0.0, 0.0, 0.0, 0.0, 0.0, 0.0, 0.0, 0.0]]",0.5736674070358276,208.24126875400543,6.0,18.0,50.0,3.0,11.999999999999998,4.0,1.0,256.88629150390625,205.92994689941406,205.92994689941406,0.0,0.0,0.0,0.0,0.0,0.0,0.0,0.0,0.0,0.0,0.0,0.0,0.0,0.0,0.0,0.0,0.0,0.0,0.0,0.0,0.0,1.0,0.5666666666666667,0.9607843137254901,0.5,0.9999999999999999,1.0,1.0,0.7076757341705406,0.5673001291994878,0.5673001291994878,0.0,0.0,0.0,0.0,0.0,0.0,0.0,0.0,0.0,0.0,0.0,0.0,0.0,0.0,0.0,0.0,0.0,0.0,0.0,0.0,0.0
86,"[[0.3953511714935303, 0.16666666666666666, 0.4, 0.9607843137254901, 0.25, 0.9999999999999999, 1.0, 0.0, 0.39535118922714363, 0.5690608169093276, 0.5690608169093276, 0.0, 0.0, 0.0, 0.0, 0.0, 0.0, 0.0, 0.0, 0.0, 0.0, 0.0, 0.0, 0.0, 0.0, 0.0, 0.0, 0.0, 0.0, 0.0, 0.0, 0.0], [0.3335331678390503, 0.3333333333333333, 0.43333333333333335, 0.9607843137254901, 0.25, 0.9999999999999999, 1.0, 0.0, 0.33353316882425105, 0.2954783794308497, 0.2954783794308497, 0.0, 0.0, 0.0, 0.0, 0.0, 0.0, 0.0, 0.0, 0.0, 0.0, 0.0, 0.0, 0.0, 0.0, 0.0, 0.0, 0.0, 0.0, 0.0, 0.0, 0.0], [0.3736940026283264, 0.5, 0.4666666666666667, 0.9607843137254901, 0.5, 0.9999999999999999, 1.0, 0.0, 0.37369400739013, 0.30388443791833464, 0.30388443791833464, 0.0, 0.0, 0.0, 0.0, 0.0, 0.0, 0.0, 0.0, 0.0, 0.0, 0.0, 0.0, 0.0, 0.0, 0.0, 0.0, 0.0, 0.0, 0.0, 0.0, 0.0], [0.44928309321403503, 0.6666666666666666, 0.5, 0.9607843137254901, 0.5, 0.9999999999999999, 1.0, 0.0, 0.4492831059395446, 0.4485913321334797, 0.4485913321334797, 0.0, 0.0, 0.0, 0.0, 0.0, 1.0, 0.0, 0.0, 0.0, 0.0, 0.0, 0.0, 0.0, 0.0, 0.0, 0.0, 0.0, 0.0, 0.0, 0.0, 0.0], [0.9894965291023254, 0.8333333333333333, 0.5333333333333333, 0.9607843137254901, 0.5, 0.9999999999999999, 1.0, 1.0, 0.989496488544895, 0.6063059657073218, 0.6063059657073218, 0.0, 0.0, 0.0, 0.0, 0.0, 0.0, 0.0, 0.0, 0.0, 0.0, 0.0, 0.0, 0.0, 0.0, 0.0, 0.0, 0.0, 0.0, 0.0, 0.0, 0.0], [0.7076756954193115, 1.0, 0.5666666666666667, 0.9607843137254901, 0.5, 0.9999999999999999, 1.0, 1.0, 0.7076757341705406, 0.5673001291994878, 0.5673001291994878, 0.0, 0.0, 0.0, 0.0, 0.0, 0.0, 0.0, 0.0, 0.0, 0.0, 0.0, 0.0, 0.0, 0.0, 0.0, 0.0, 0.0, 0.0, 0.0, 0.0, 0.0], [0.5736674070358276, 0.0, 0.6, 0.9803921568627451, 0.5, 0.9999999999999999, 1.0, 0.0, 0.5736674159026343, 0.39535118922714363, 0.39535118922714363, 0.0, 0.0, 0.0, 0.0, 1.0, 0.0, 0.0, 0.0, 0.0, 0.0, 0.0, 0.0, 0.0, 0.0, 0.0, 0.0, 0.0, 0.0, 0.0, 0.0, 0.0]]",0.7311557531356812,265.40953838825226,0.0,19.0,51.0,3.0,11.999999999999998,4.0,0.0,208.24127197265622,143.51248168945312,143.51248168945312,0.0,0.0,0.0,0.0,1.0,0.0,0.0,0.0,0.0,0.0,0.0,0.0,0.0,0.0,0.0,0.0,0.0,0.0,0.0,0.0,0.0,0.0,0.6,0.9803921568627451,0.5,0.9999999999999999,1.0,0.0,0.5736674159026343,0.39535118922714363,0.39535118922714363,0.0,0.0,0.0,0.0,1.0,0.0,0.0,0.0,0.0,0.0,0.0,0.0,0.0,0.0,0.0,0.0,0.0,0.0,0.0,0.0,0.0
87,"[[0.3335331678390503, 0.3333333333333333, 0.43333333333333335, 0.9607843137254901, 0.25, 0.9999999999999999, 1.0, 0.0, 0.33353316882425105, 0.2954783794308497, 0.2954783794308497, 0.0, 0.0, 0.0, 0.0, 0.0, 0.0, 0.0, 0.0, 0.0, 0.0, 0.0, 0.0, 0.0, 0.0, 0.0, 0.0, 0.0, 0.0, 0.0, 0.0, 0.0], [0.3736940026283264, 0.5, 0.4666666666666667, 0.9607843137254901, 0.5, 0.9999999999999999, 1.0, 0.0, 0.37369400739013, 0.30388443791833464, 0.30388443791833464, 0.0, 0.0, 0.0, 0.0, 0.0, 0.0, 0.0, 0.0, 0.0, 0.0, 0.0, 0.0, 0.0, 0.0, 0.0, 0.0, 0.0, 0.0, 0.0, 0.0, 0.0], [0.44928309321403503, 0.6666666666666666, 0.5, 0.9607843137254901, 0.5, 0.9999999999999999, 1.0, 0.0, 0.4492831059395446, 0.4485913321334797, 0.4485913321334797, 0.0, 0.0, 0.0, 0.0, 0.0, 1.0, 0.0, 0.0, 0.0, 0.0, 0.0, 0.0, 0.0, 0.0, 0.0, 0.0, 0.0, 0.0, 0.0, 0.0, 0.0], [0.9894965291023254, 0.8333333333333333, 0.5333333333333333, 0.9607843137254901, 0.5, 0.9999999999999999, 1.0, 1.0, 0.989496488544895, 0.6063059657073218, 0.6063059657073218, 0.0, 0.0, 0.0, 0.0, 0.0, 0.0, 0.0, 0.0, 0.0, 0.0, 0.0, 0.0, 0.0, 0.0, 0.0, 0.0, 0.0, 0.0, 0.0, 0.0, 0.0], [0.7076756954193115, 1.0, 0.5666666666666667, 0.9607843137254901, 0.5, 0.9999999999999999, 1.0, 1.0, 0.7076757341705406, 0.5673001291994878, 0.5673001291994878, 0.0, 0.0, 0.0, 0.0, 0.0, 0.0, 0.0, 0.0, 0.0, 0.0, 0.0, 0.0, 0.0, 0.0, 0.0, 0.0, 0.0, 0.0, 0.0, 0.0, 0.0], [0.5736674070358276, 0.0, 0.6, 0.9803921568627451, 0.5, 0.9999999999999999, 1.0, 0.0, 0.5736674159026343, 0.39535118922714363, 0.39535118922714363, 0.0, 0.0, 0.0, 0.0, 1.0, 0.0, 0.0, 0.0, 0.0, 0.0, 0.0, 0.0, 0.0, 0.0, 0.0, 0.0, 0.0, 0.0, 0.0, 0.0, 0.0], [0.7311557531356812, 0.16666666666666666, 0.6333333333333333, 0.9803921568627451, 0.5, 0.9999999999999999, 1.0, 0.0, 0.7311557738248967, 0.33353316882425105, 0.33353316882425105, 0.0, 0.0, 0.0, 0.0, 0.0, 0.0, 0.0, 0.0, 0.0, 0.0, 0.0, 0.0, 0.0, 0.0, 0.0, 0.0, 0.0, 0.0, 0.0, 0.0, 0.0]]",0.6097050905227661,221.3229478597641,1.0,20.0,51.0,3.0,11.999999999999998,4.0,0.0,265.4095458984375,121.07254028320312,121.07254028320312,0.0,0.0,0.0,0.0,0.0,0.0,0.0,0.0,0.0,0.0,0.0,0.0,0.0,0.0,0.0,0.0,0.0,0.0,0.0,0.0,0.0,0.16666666666666666,0.6333333333333333,0.9803921568627451,0.5,0.9999999999999999,1.0,0.0,0.7311557738248967,0.33353316882425105,0.33353316882425105,0.0,0.0,0.0,0.0,0.0,0.0,0.0,0.0,0.0,0.0,0.0,0.0,0.0,0.0,0.0,0.0,0.0,0.0,0.0,0.0,0.0
88,"[[0.3736940026283264, 0.5, 0.4666666666666667, 0.9607843137254901, 0.5, 0.9999999999999999, 1.0, 0.0, 0.37369400739013, 0.30388443791833464, 0.30388443791833464, 0.0, 0.0, 0.0, 0.0, 0.0, 0.0, 0.0, 0.0, 0.0, 0.0, 0.0, 0.0, 0.0, 0.0, 0.0, 0.0, 0.0, 0.0, 0.0, 0.0, 0.0], [0.44928309321403503, 0.6666666666666666, 0.5, 0.9607843137254901, 0.5, 0.9999999999999999, 1.0, 0.0, 0.4492831059395446, 0.4485913321334797, 0.4485913321334797, 0.0, 0.0, 0.0, 0.0, 0.0, 1.0, 0.0, 0.0, 0.0, 0.0, 0.0, 0.0, 0.0, 0.0, 0.0, 0.0, 0.0, 0.0, 0.0, 0.0, 0.0], [0.9894965291023254, 0.8333333333333333, 0.5333333333333333, 0.9607843137254901, 0.5, 0.9999999999999999, 1.0, 1.0, 0.989496488544895, 0.6063059657073218, 0.6063059657073218, 0.0, 0.0, 0.0, 0.0, 0.0, 0.0, 0.0, 0.0, 0.0, 0.0, 0.0, 0.0, 0.0, 0.0, 0.0, 0.0, 0.0, 0.0, 0.0, 0.0, 0.0], [0.7076756954193115, 1.0, 0.5666666666666667, 0.9607843137254901, 0.5, 0.9999999999999999, 1.0, 1.0, 0.7076757341705406, 0.5673001291994878, 0.5673001291994878, 0.0, 0.0, 0.0, 0.0, 0.0, 0.0, 0.0, 0.0, 0.0, 0.0, 0.0, 0.0, 0.0, 0.0, 0.0, 0.0, 0.0, 0.0, 0.0, 0.0, 0.0], [0.5736674070358276, 0.0, 0.6, 0.9803921568627451, 0.5, 0.9999999999999999, 1.0, 0.0, 0.5736674159026343, 0.39535118922714363, 0.39535118922714363, 0.0, 0.0, 0.0, 0.0, 1.0, 0.0, 0.0, 0.0, 0.0, 0.0, 0.0, 0.0, 0.0, 0.0, 0.0, 0.0, 0.0, 0.0, 0.0, 0.0, 0.0], [0.7311557531356812, 0.16666666666666666, 0.6333333333333333, 0.9803921568627451, 0.5, 0.9999999999999999, 1.0, 0.0, 0.7311557738248967, 0.33353316882425105, 0.33353316882425105, 0.0, 0.0, 0.0, 0.0, 0.0, 0.0, 0.0, 0.0, 0.0, 0.0, 0.0, 0.0, 0.0, 0.0, 0.0, 0.0, 0.0, 0.0, 0.0, 0.0, 0.0], [0.6097050905227661, 0.3333333333333333, 0.6666666666666666, 0.9803921568627451, 0.5, 0.9999999999999999, 1.0, 0.0, 0.6097051026735752, 0.37369400739013, 0.37369400739013, 0.0, 0.0, 0.0, 0.0, 0.0, 0.0, 0.0, 0.0, 0.0, 0.0, 0.0, 0.0, 0.0, 0.0, 0.0, 0.0, 0.0, 0.0, 0.0, 0.0, 0.0]]",0.7375229001045227,267.72081273794174,2.0,21.0,51.0,3.0,11.999999999999998,4.0,0.0,221.3229522705078,135.6509246826172,135.6509246826172,0.0,0.0,0.0,0.0,0.0,0.0,0.0,0.0,0.0,0.0,0.0,0.0,0.0,0.0,0.0,0.0,0.0,0.0,0.0,0.0,0.0,0.3333333333333333,0.6666666666666666,0.9803921568627451,0.5,0.9999999999999999,1.0,0.0,0.6097051026735752,0.37369400739013,0.37369400739013,0.0,0.0,0.0,0.0,0.0,0.0,0.0,0.0,0.0,0.0,0.0,0.0,0.0,0.0,0.0,0.0,0.0,0.0,0.0,0.0,0.0
89,"[[0.44928309321403503, 0.6666666666666666, 0.5, 0.9607843137254901, 0.5, 0.9999999999999999, 1.0, 0.0, 0.4492831059395446, 0.4485913321334797, 0.4485913321334797, 0.0, 0.0, 0.0, 0.0, 0.0, 1.0, 0.0, 0.0, 0.0, 0.0, 0.0, 0.0, 0.0, 0.0, 0.0, 0.0, 0.0, 0.0, 0.0, 0.0, 0.0], [0.9894965291023254, 0.8333333333333333, 0.5333333333333333, 0.9607843137254901, 0.5, 0.9999999999999999, 1.0, 1.0, 0.989496488544895, 0.6063059657073218, 0.6063059657073218, 0.0, 0.0, 0.0, 0.0, 0.0, 0.0, 0.0, 0.0, 0.0, 0.0, 0.0, 0.0, 0.0, 0.0, 0.0, 0.0, 0.0, 0.0, 0.0, 0.0, 0.0], [0.7076756954193115, 1.0, 0.5666666666666667, 0.9607843137254901, 0.5, 0.9999999999999999, 1.0, 1.0, 0.7076757341705406, 0.5673001291994878, 0.5673001291994878, 0.0, 0.0, 0.0, 0.0, 0.0, 0.0, 0.0, 0.0, 0.0, 0.0, 0.0, 0.0, 0.0, 0.0, 0.0, 0.0, 0.0, 0.0, 0.0, 0.0, 0.0], [0.5736674070358276, 0.0, 0.6, 0.9803921568627451, 0.5, 0.9999999999999999, 1.0, 0.0, 0.5736674159026343, 0.39535118922714363, 0.39535118922714363, 0.0, 0.0, 0.0, 0.0, 1.0, 0.0, 0.0, 0.0, 0.0, 0.0, 0.0, 0.0, 0.0, 0.0, 0.0, 0.0, 0.0, 0.0, 0.0, 0.0, 0.0], [0.7311557531356812, 0.16666666666666666, 0.6333333333333333, 0.9803921568627451, 0.5, 0.9999999999999999, 1.0, 0.0, 0.7311557738248967, 0.33353316882425105, 0.33353316882425105, 0.0, 0.0, 0.0, 0.0, 0.0, 0.0, 0.0, 0.0, 0.0, 0.0, 0.0, 0.0, 0.0, 0.0, 0.0, 0.0, 0.0, 0.0, 0.0, 0.0, 0.0], [0.6097050905227661, 0.3333333333333333, 0.6666666666666666, 0.9803921568627451, 0.5, 0.9999999999999999, 1.0, 0.0, 0.6097051026735752, 0.37369400739013, 0.37369400739013, 0.0, 0.0, 0.0, 0.0, 0.0, 0.0, 0.0, 0.0, 0.0, 0.0, 0.0, 0.0, 0.0, 0.0, 0.0, 0.0, 0.0, 0.0, 0.0, 0.0, 0.0], [0.7375229001045227, 0.5, 0.7, 0.9803921568627451, 0.75, 0.9999999999999999, 1.0, 0.0, 0.7375229344223485, 0.4492831059395446, 0.4492831059395446, 0.0, 0.0, 0.0, 0.0, 0.0, 0.0, 0.0, 0.0, 0.0, 0.0, 0.0, 0.0, 0.0, 0.0, 0.0, 0.0, 0.0, 0.0, 0.0, 0.0, 0.0]]",1.0663224458694458,387.0750478506088,3.0,22.0,51.0,4.0,11.999999999999998,4.0,0.0,267.7208251953125,163.0897674560547,163.0897674560547,0.0,0.0,0.0,0.0,0.0,0.0,0.0,0.0,0.0,0.0,0.0,0.0,0.0,0.0,0.0,0.0,0.0,0.0,0.0,0.0,0.0,0.5,0.7,0.9803921568627451,0.75,0.9999999999999999,1.0,0.0,0.7375229344223485,0.4492831059395446,0.4492831059395446,0.0,0.0,0.0,0.0,0.0,0.0,0.0,0.0,0.0,0.0,0.0,0.0,0.0,0.0,0.0,0.0,0.0,0.0,0.0,0.0,0.0
90,"[[0.9894965291023254, 0.8333333333333333, 0.5333333333333333, 0.9607843137254901, 0.5, 0.9999999999999999, 1.0, 1.0, 0.989496488544895, 0.6063059657073218, 0.6063059657073218, 0.0, 0.0, 0.0, 0.0, 0.0, 0.0, 0.0, 0.0, 0.0, 0.0, 0.0, 0.0, 0.0, 0.0, 0.0, 0.0, 0.0, 0.0, 0.0, 0.0, 0.0], [0.7076756954193115, 1.0, 0.5666666666666667, 0.9607843137254901, 0.5, 0.9999999999999999, 1.0, 1.0, 0.7076757341705406, 0.5673001291994878, 0.5673001291994878, 0.0, 0.0, 0.0, 0.0, 0.0, 0.0, 0.0, 0.0, 0.0, 0.0, 0.0, 0.0, 0.0, 0.0, 0.0, 0.0, 0.0, 0.0, 0.0, 0.0, 0.0], [0.5736674070358276, 0.0, 0.6, 0.9803921568627451, 0.5, 0.9999999999999999, 1.0, 0.0, 0.5736674159026343, 0.39535118922714363, 0.39535118922714363, 0.0, 0.0, 0.0, 0.0, 1.0, 0.0, 0.0, 0.0, 0.0, 0.0, 0.0, 0.0, 0.0, 0.0, 0.0, 0.0, 0.0, 0.0, 0.0, 0.0, 0.0], [0.7311557531356812, 0.16666666666666666, 0.6333333333333333, 0.9803921568627451, 0.5, 0.9999999999999999, 1.0, 0.0, 0.7311557738248967, 0.33353316882425105, 0.33353316882425105, 0.0, 0.0, 0.0, 0.0, 0.0, 0.0, 0.0, 0.0, 0.0, 0.0, 0.0, 0.0, 0.0, 0.0, 0.0, 0.0, 0.0, 0.0, 0.0, 0.0, 0.0], [0.6097050905227661, 0.3333333333333333, 0.6666666666666666, 0.9803921568627451, 0.5, 0.9999999999999999, 1.0, 0.0, 0.6097051026735752, 0.37369400739013, 0.37369400739013, 0.0, 0.0, 0.0, 0.0, 0.0, 0.0, 0.0, 0.0, 0.0, 0.0, 0.0, 0.0, 0.0, 0.0, 0.0, 0.0, 0.0, 0.0, 0.0, 0.0, 0.0], [0.7375229001045227, 0.5, 0.7, 0.9803921568627451, 0.75, 0.9999999999999999, 1.0, 0.0, 0.7375229344223485, 0.4492831059395446, 0.4492831059395446, 0.0, 0.0, 0.0, 0.0, 0.0, 0.0, 0.0, 0.0, 0.0, 0.0, 0.0, 0.0, 0.0, 0.0, 0.0, 0.0, 0.0, 0.0, 0.0, 0.0, 0.0], [1.0663224458694458, 0.6666666666666666, 0.7333333333333333, 0.9803921568627451, 0.75, 0.9999999999999999, 1.0, 0.0, 1.0663224317482352, 0.989496488544895, 0.989496488544895, 0.0, 0.0, 0.0, 0.0, 0.0, 1.0, 0.0, 0.0, 0.0, 0.0, 0.0, 0.0, 0.0, 0.0, 0.0, 0.0, 0.0, 0.0, 0.0, 0.0, 0.0]]",1.4854695796966553,539.2254574298859,4.0,23.0,51.0,4.0,11.999999999999998,4.0,0.0,387.0750427246094,359.1872253417969,359.1872253417969,0.0,0.0,0.0,0.0,0.0,1.0,0.0,0.0,0.0,0.0,0.0,0.0,0.0,0.0,0.0,0.0,0.0,0.0,0.0,0.0,0.0,0.6666666666666666,0.7333333333333333,0.9803921568627451,0.75,0.9999999999999999,1.0,0.0,1.0663224317482352,0.989496488544895,0.989496488544895,0.0,0.0,0.0,0.0,0.0,1.0,0.0,0.0,0.0,0.0,0.0,0.0,0.0,0.0,0.0,0.0,0.0,0.0,0.0,0.0,0.0
91,"[[0.7076756954193115, 1.0, 0.5666666666666667, 0.9607843137254901, 0.5, 0.9999999999999999, 1.0, 1.0, 0.7076757341705406, 0.5673001291994878, 0.5673001291994878, 0.0, 0.0, 0.0, 0.0, 0.0, 0.0, 0.0, 0.0, 0.0, 0.0, 0.0, 0.0, 0.0, 0.0, 0.0, 0.0, 0.0, 0.0, 0.0, 0.0, 0.0], [0.5736674070358276, 0.0, 0.6, 0.9803921568627451, 0.5, 0.9999999999999999, 1.0, 0.0, 0.5736674159026343, 0.39535118922714363, 0.39535118922714363, 0.0, 0.0, 0.0, 0.0, 1.0, 0.0, 0.0, 0.0, 0.0, 0.0, 0.0, 0.0, 0.0, 0.0, 0.0, 0.0, 0.0, 0.0, 0.0, 0.0, 0.0], [0.7311557531356812, 0.16666666666666666, 0.6333333333333333, 0.9803921568627451, 0.5, 0.9999999999999999, 1.0, 0.0, 0.7311557738248967, 0.33353316882425105, 0.33353316882425105, 0.0, 0.0, 0.0, 0.0, 0.0, 0.0, 0.0, 0.0, 0.0, 0.0, 0.0, 0.0, 0.0, 0.0, 0.0, 0.0, 0.0, 0.0, 0.0, 0.0, 0.0], [0.6097050905227661, 0.3333333333333333, 0.6666666666666666, 0.9803921568627451, 0.5, 0.9999999999999999, 1.0, 0.0, 0.6097051026735752, 0.37369400739013, 0.37369400739013, 0.0, 0.0, 0.0, 0.0, 0.0, 0.0, 0.0, 0.0, 0.0, 0.0, 0.0, 0.0, 0.0, 0.0, 0.0, 0.0, 0.0, 0.0, 0.0, 0.0, 0.0], [0.7375229001045227, 0.5, 0.7, 0.9803921568627451, 0.75, 0.9999999999999999, 1.0, 0.0, 0.7375229344223485, 0.4492831059395446, 0.4492831059395446, 0.0, 0.0, 0.0, 0.0, 0.0, 0.0, 0.0, 0.0, 0.0, 0.0, 0.0, 0.0, 0.0, 0.0, 0.0, 0.0, 0.0, 0.0, 0.0, 0.0, 0.0], [1.0663224458694458, 0.6666666666666666, 0.7333333333333333, 0.9803921568627451, 0.75, 0.9999999999999999, 1.0, 0.0, 1.0663224317482352, 0.989496488544895, 0.989496488544895, 0.0, 0.0, 0.0, 0.0, 0.0, 1.0, 0.0, 0.0, 0.0, 0.0, 0.0, 0.0, 0.0, 0.0, 0.0, 0.0, 0.0, 0.0, 0.0, 0.0, 0.0], [1.4854695796966553, 0.8333333333333333, 0.7666666666666667, 0.9803921568627451, 0.75, 0.9999999999999999, 1.0, 1.0, 1.4854695974302687, 0.7076757341705406, 0.7076757341705406, 0.0, 0.0, 0.0, 0.0, 0.0, 0.0, 0.0, 0.0, 0.0, 0.0, 1.0, 0.0, 0.0, 0.0, 0.0, 0.0, 0.0, 0.0, 0.0, 0.0, 0.0]]",0.6621339917182922,240.35463899374008,5.0,24.0,51.0,4.0,11.999999999999998,4.0,1.0,539.2254638671875,256.88629150390625,256.88629150390625,0.0,0.0,0.0,0.0,0.0,0.0,0.0,0.0,0.0,0.0,1.0,0.0,0.0,0.0,0.0,0.0,0.0,0.0,0.0,0.0,0.0,0.8333333333333333,0.7666666666666667,0.9803921568627451,0.75,0.9999999999999999,1.0,1.0,1.4854695974302687,0.7076757341705406,0.7076757341705406,0.0,0.0,0.0,0.0,0.0,0.0,0.0,0.0,0.0,0.0,1.0,0.0,0.0,0.0,0.0,0.0,0.0,0.0,0.0,0.0,0.0
92,"[[0.5736674070358276, 0.0, 0.6, 0.9803921568627451, 0.5, 0.9999999999999999, 1.0, 0.0, 0.5736674159026343, 0.39535118922714363, 0.39535118922714363, 0.0, 0.0, 0.0, 0.0, 1.0, 0.0, 0.0, 0.0, 0.0, 0.0, 0.0, 0.0, 0.0, 0.0, 0.0, 0.0, 0.0, 0.0, 0.0, 0.0, 0.0], [0.7311557531356812, 0.16666666666666666, 0.6333333333333333, 0.9803921568627451, 0.5, 0.9999999999999999, 1.0, 0.0, 0.7311557738248967, 0.33353316882425105, 0.33353316882425105, 0.0, 0.0, 0.0, 0.0, 0.0, 0.0, 0.0, 0.0, 0.0, 0.0, 0.0, 0.0, 0.0, 0.0, 0.0, 0.0, 0.0, 0.0, 0.0, 0.0, 0.0], [0.6097050905227661, 0.3333333333333333, 0.6666666666666666, 0.9803921568627451, 0.5, 0.9999999999999999, 1.0, 0.0, 0.6097051026735752, 0.37369400739013, 0.37369400739013, 0.0, 0.0, 0.0, 0.0, 0.0, 0.0, 0.0, 0.0, 0.0, 0.0, 0.0, 0.0, 0.0, 0.0, 0.0, 0.0, 0.0, 0.0, 0.0, 0.0, 0.0], [0.7375229001045227, 0.5, 0.7, 0.9803921568627451, 0.75, 0.9999999999999999, 1.0, 0.0, 0.7375229344223485, 0.4492831059395446, 0.4492831059395446, 0.0, 0.0, 0.0, 0.0, 0.0, 0.0, 0.0, 0.0, 0.0, 0.0, 0.0, 0.0, 0.0, 0.0, 0.0, 0.0, 0.0, 0.0, 0.0, 0.0, 0.0], [1.0663224458694458, 0.6666666666666666, 0.7333333333333333, 0.9803921568627451, 0.75, 0.9999999999999999, 1.0, 0.0, 1.0663224317482352, 0.989496488544895, 0.989496488544895, 0.0, 0.0, 0.0, 0.0, 0.0, 1.0, 0.0, 0.0, 0.0, 0.0, 0.0, 0.0, 0.0, 0.0, 0.0, 0.0, 0.0, 0.0, 0.0, 0.0, 0.0], [1.4854695796966553, 0.8333333333333333, 0.7666666666666667, 0.9803921568627451, 0.75, 0.9999999999999999, 1.0, 1.0, 1.4854695974302687, 0.7076757341705406, 0.7076757341705406, 0.0, 0.0, 0.0, 0.0, 0.0, 0.0, 0.0, 0.0, 0.0, 0.0, 1.0, 0.0, 0.0, 0.0, 0.0, 0.0, 0.0, 0.0, 0.0, 0.0, 0.0], [0.6621339917182922, 1.0, 0.8, 0.9803921568627451, 0.75, 0.9999999999999999, 1.0, 1.0, 0.6621340076457042, 0.5736674159026343, 0.5736674159026343, 0.0, 0.0, 0.0, 0.0, 0.0, 0.0, 0.0, 0.0, 0.0, 1.0, 0.0, 0.0, 0.0, 0.0, 0.0, 0.0, 0.0, 0.0, 0.0, 0.0, 0.0]]",0.17242462933063507,62.59014044702053,6.0,25.0,51.0,4.0,11.999999999999998,4.0,1.0,240.35464477539062,208.24127197265622,208.24127197265622,0.0,0.0,0.0,0.0,0.0,0.0,0.0,0.0,0.0,1.0,0.0,0.0,0.0,0.0,0.0,0.0,0.0,0.0,0.0,0.0,0.0,1.0,0.8,0.9803921568627451,0.75,0.9999999999999999,1.0,1.0,0.6621340076457042,0.5736674159026343,0.5736674159026343,0.0,0.0,0.0,0.0,0.0,0.0,0.0,0.0,0.0,1.0,0.0,0.0,0.0,0.0,0.0,0.0,0.0,0.0,0.0,0.0,0.0
93,"[[0.7311557531356812, 0.16666666666666666, 0.6333333333333333, 0.9803921568627451, 0.5, 0.9999999999999999, 1.0, 0.0, 0.7311557738248967, 0.33353316882425105, 0.33353316882425105, 0.0, 0.0, 0.0, 0.0, 0.0, 0.0, 0.0, 0.0, 0.0, 0.0, 0.0, 0.0, 0.0, 0.0, 0.0, 0.0, 0.0, 0.0, 0.0, 0.0, 0.0], [0.6097050905227661, 0.3333333333333333, 0.6666666666666666, 0.9803921568627451, 0.5, 0.9999999999999999, 1.0, 0.0, 0.6097051026735752, 0.37369400739013, 0.37369400739013, 0.0, 0.0, 0.0, 0.0, 0.0, 0.0, 0.0, 0.0, 0.0, 0.0, 0.0, 0.0, 0.0, 0.0, 0.0, 0.0, 0.0, 0.0, 0.0, 0.0, 0.0], [0.7375229001045227, 0.5, 0.7, 0.9803921568627451, 0.75, 0.9999999999999999, 1.0, 0.0, 0.7375229344223485, 0.4492831059395446, 0.4492831059395446, 0.0, 0.0, 0.0, 0.0, 0.0, 0.0, 0.0, 0.0, 0.0, 0.0, 0.0, 0.0, 0.0, 0.0, 0.0, 0.0, 0.0, 0.0, 0.0, 0.0, 0.0], [1.0663224458694458, 0.6666666666666666, 0.7333333333333333, 0.9803921568627451, 0.75, 0.9999999999999999, 1.0, 0.0, 1.0663224317482352, 0.989496488544895, 0.989496488544895, 0.0, 0.0, 0.0, 0.0, 0.0, 1.0, 0.0, 0.0, 0.0, 0.0, 0.0, 0.0, 0.0, 0.0, 0.0, 0.0, 0.0, 0.0, 0.0, 0.0, 0.0], [1.4854695796966553, 0.8333333333333333, 0.7666666666666667, 0.9803921568627451, 0.75, 0.9999999999999999, 1.0, 1.0, 1.4854695974302687, 0.7076757341705406, 0.7076757341705406, 0.0, 0.0, 0.0, 0.0, 0.0, 0.0, 0.0, 0.0, 0.0, 0.0, 1.0, 0.0, 0.0, 0.0, 0.0, 0.0, 0.0, 0.0, 0.0, 0.0, 0.0], [0.6621339917182922, 1.0, 0.8, 0.9803921568627451, 0.75, 0.9999999999999999, 1.0, 1.0, 0.6621340076457042, 0.5736674159026343, 0.5736674159026343, 0.0, 0.0, 0.0, 0.0, 0.0, 0.0, 0.0, 0.0, 0.0, 1.0, 0.0, 0.0, 0.0, 0.0, 0.0, 0.0, 0.0, 0.0, 0.0, 0.0, 0.0], [0.17242462933063507, 0.0, 0.8333333333333334, 0.9999999999999999, 0.75, 0.9999999999999999, 1.0, 0.0, 0.17242463167048683, 0.7311557738248967, 0.7311557738248967, 0.0, 0.0, 0.0, 0.0, 1.0, 0.0, 0.0, 0.0, 0.0, 0.0, 0.0, 0.0, 0.0, 0.0, 0.0, 0.0, 0.0, 0.0, 0.0, 0.0, 0.0]]",0.38735535740852356,140.60999473929405,0.0,26.0,52.0,4.0,11.999999999999998,4.0,0.0,62.59014129638672,265.4095458984375,265.4095458984375,0.0,0.0,0.0,0.0,1.0,0.0,0.0,0.0,0.0,0.0,0.0,0.0,0.0,0.0,0.0,0.0,0.0,0.0,0.0,0.0,0.0,0.0,0.8333333333333334,0.9999999999999999,0.75,0.9999999999999999,1.0,0.0,0.17242463167048683,0.7311557738248967,0.7311557738248967,0.0,0.0,0.0,0.0,1.0,0.0,0.0,0.0,0.0,0.0,0.0,0.0,0.0,0.0,0.0,0.0,0.0,0.0,0.0,0.0,0.0
94,"[[0.6097050905227661, 0.3333333333333333, 0.6666666666666666, 0.9803921568627451, 0.5, 0.9999999999999999, 1.0, 0.0, 0.6097051026735752, 0.37369400739013, 0.37369400739013, 0.0, 0.0, 0.0, 0.0, 0.0, 0.0, 0.0, 0.0, 0.0, 0.0, 0.0, 0.0, 0.0, 0.0, 0.0, 0.0, 0.0, 0.0, 0.0, 0.0, 0.0], [0.7375229001045227, 0.5, 0.7, 0.9803921568627451, 0.75, 0.9999999999999999, 1.0, 0.0, 0.7375229344223485, 0.4492831059395446, 0.4492831059395446, 0.0, 0.0, 0.0, 0.0, 0.0, 0.0, 0.0, 0.0, 0.0, 0.0, 0.0, 0.0, 0.0, 0.0, 0.0, 0.0, 0.0, 0.0, 0.0, 0.0, 0.0], [1.0663224458694458, 0.6666666666666666, 0.7333333333333333, 0.9803921568627451, 0.75, 0.9999999999999999, 1.0, 0.0, 1.0663224317482352, 0.989496488544895, 0.989496488544895, 0.0, 0.0, 0.0, 0.0, 0.0, 1.0, 0.0, 0.0, 0.0, 0.0, 0.0, 0.0, 0.0, 0.0, 0.0, 0.0, 0.0, 0.0, 0.0, 0.0, 0.0], [1.4854695796966553, 0.8333333333333333, 0.7666666666666667, 0.9803921568627451, 0.75, 0.9999999999999999, 1.0, 1.0, 1.4854695974302687, 0.7076757341705406, 0.7076757341705406, 0.0, 0.0, 0.0, 0.0, 0.0, 0.0, 0.0, 0.0, 0.0, 0.0, 1.0, 0.0, 0.0, 0.0, 0.0, 0.0, 0.0, 0.0, 0.0, 0.0, 0.0], [0.6621339917182922, 1.0, 0.8, 0.9803921568627451, 0.75, 0.9999999999999999, 1.0, 1.0, 0.6621340076457042, 0.5736674159026343, 0.5736674159026343, 0.0, 0.0, 0.0, 0.0, 0.0, 0.0, 0.0, 0.0, 0.0, 1.0, 0.0, 0.0, 0.0, 0.0, 0.0, 0.0, 0.0, 0.0, 0.0, 0.0, 0.0], [0.17242462933063507, 0.0, 0.8333333333333334, 0.9999999999999999, 0.75, 0.9999999999999999, 1.0, 0.0, 0.17242463167048683, 0.7311557738248967, 0.7311557738248967, 0.0, 0.0, 0.0, 0.0, 1.0, 0.0, 0.0, 0.0, 0.0, 0.0, 0.0, 0.0, 0.0, 0.0, 0.0, 0.0, 0.0, 0.0, 0.0, 0.0, 0.0], [0.38735535740852356, 0.16666666666666666, 0.8666666666666667, 0.9999999999999999, 0.75, 0.9999999999999999, 1.0, 0.0, 0.3873553735822357, 0.6097051026735752, 0.6097051026735752, 0.0, 0.0, 0.0, 0.0, 0.0, 0.0, 0.0, 0.0, 0.0, 0.0, 0.0, 0.0, 0.0, 0.0, 0.0, 0.0, 0.0, 0.0, 0.0, 0.0, 0.0]]",0.42267778515815735,153.43203601241112,1.0,27.0,52.0,4.0,11.999999999999998,4.0,0.0,140.61000061035156,221.3229522705078,221.3229522705078,0.0,0.0,0.0,0.0,0.0,0.0,0.0,0.0,0.0,0.0,0.0,0.0,0.0,0.0,0.0,0.0,0.0,0.0,0.0,0.0,0.0,0.16666666666666666,0.8666666666666667,0.9999999999999999,0.75,0.9999999999999999,1.0,0.0,0.3873553735822357,0.6097051026735752,0.6097051026735752,0.0,0.0,0.0,0.0,0.0,0.0,0.0,0.0,0.0,0.0,0.0,0.0,0.0,0.0,0.0,0.0,0.0,0.0,0.0,0.0,0.0
95,"[[0.7375229001045227, 0.5, 0.7, 0.9803921568627451, 0.75, 0.9999999999999999, 1.0, 0.0, 0.7375229344223485, 0.4492831059395446, 0.4492831059395446, 0.0, 0.0, 0.0, 0.0, 0.0, 0.0, 0.0, 0.0, 0.0, 0.0, 0.0, 0.0, 0.0, 0.0, 0.0, 0.0, 0.0, 0.0, 0.0, 0.0, 0.0], [1.0663224458694458, 0.6666666666666666, 0.7333333333333333, 0.9803921568627451, 0.75, 0.9999999999999999, 1.0, 0.0, 1.0663224317482352, 0.989496488544895, 0.989496488544895, 0.0, 0.0, 0.0, 0.0, 0.0, 1.0, 0.0, 0.0, 0.0, 0.0, 0.0, 0.0, 0.0, 0.0, 0.0, 0.0, 0.0, 0.0, 0.0, 0.0, 0.0], [1.4854695796966553, 0.8333333333333333, 0.7666666666666667, 0.9803921568627451, 0.75, 0.9999999999999999, 1.0, 1.0, 1.4854695974302687, 0.7076757341705406, 0.7076757341705406, 0.0, 0.0, 0.0, 0.0, 0.0, 0.0, 0.0, 0.0, 0.0, 0.0, 1.0, 0.0, 0.0, 0.0, 0.0, 0.0, 0.0, 0.0, 0.0, 0.0, 0.0], [0.6621339917182922, 1.0, 0.8, 0.9803921568627451, 0.75, 0.9999999999999999, 1.0, 1.0, 0.6621340076457042, 0.5736674159026343, 0.5736674159026343, 0.0, 0.0, 0.0, 0.0, 0.0, 0.0, 0.0, 0.0, 0.0, 1.0, 0.0, 0.0, 0.0, 0.0, 0.0, 0.0, 0.0, 0.0, 0.0, 0.0, 0.0], [0.17242462933063507, 0.0, 0.8333333333333334, 0.9999999999999999, 0.75, 0.9999999999999999, 1.0, 0.0, 0.17242463167048683, 0.7311557738248967, 0.7311557738248967, 0.0, 0.0, 0.0, 0.0, 1.0, 0.0, 0.0, 0.0, 0.0, 0.0, 0.0, 0.0, 0.0, 0.0, 0.0, 0.0, 0.0, 0.0, 0.0, 0.0, 0.0], [0.38735535740852356, 0.16666666666666666, 0.8666666666666667, 0.9999999999999999, 0.75, 0.9999999999999999, 1.0, 0.0, 0.3873553735822357, 0.6097051026735752, 0.6097051026735752, 0.0, 0.0, 0.0, 0.0, 0.0, 0.0, 0.0, 0.0, 0.0, 0.0, 0.0, 0.0, 0.0, 0.0, 0.0, 0.0, 0.0, 0.0, 0.0, 0.0, 0.0], [0.42267778515815735, 0.3333333333333333, 0.9, 0.9999999999999999, 0.75, 0.9999999999999999, 1.0, 0.0, 0.42267778885266016, 0.7375229344223485, 0.7375229344223485, 0.0, 0.0, 0.0, 0.0, 0.0, 0.0, 0.0, 0.0, 0.0, 0.0, 0.0, 0.0, 0.0, 0.0, 0.0, 0.0, 0.0, 0.0, 0.0, 0.0, 0.0]]",0.44572317600250244,161.7975128889084,2.0,28.0,52.0,4.0,11.999999999999998,4.0,0.0,153.43203735351562,267.7208251953125,267.7208251953125,0.0,0.0,0.0,0.0,0.0,0.0,0.0,0.0,0.0,0.0,0.0,0.0,0.0,0.0,0.0,0.0,0.0,0.0,0.0,0.0,0.0,0.3333333333333333,0.9,0.9999999999999999,0.75,0.9999999999999999,1.0,0.0,0.42267778885266016,0.7375229344223485,0.7375229344223485,0.0,0.0,0.0,0.0,0.0,0.0,0.0,0.0,0.0,0.0,0.0,0.0,0.0,0.0,0.0,0.0,0.0,0.0,0.0,0.0,0.0
96,"[[1.0663224458694458, 0.6666666666666666, 0.7333333333333333, 0.9803921568627451, 0.75, 0.9999999999999999, 1.0, 0.0, 1.0663224317482352, 0.989496488544895, 0.989496488544895, 0.0, 0.0, 0.0, 0.0, 0.0, 1.0, 0.0, 0.0, 0.0, 0.0, 0.0, 0.0, 0.0, 0.0, 0.0, 0.0, 0.0, 0.0, 0.0, 0.0, 0.0], [1.4854695796966553, 0.8333333333333333, 0.7666666666666667, 0.9803921568627451, 0.75, 0.9999999999999999, 1.0, 1.0, 1.4854695974302687, 0.7076757341705406, 0.7076757341705406, 0.0, 0.0, 0.0, 0.0, 0.0, 0.0, 0.0, 0.0, 0.0, 0.0, 1.0, 0.0, 0.0, 0.0, 0.0, 0.0, 0.0, 0.0, 0.0, 0.0, 0.0], [0.6621339917182922, 1.0, 0.8, 0.9803921568627451, 0.75, 0.9999999999999999, 1.0, 1.0, 0.6621340076457042, 0.5736674159026343, 0.5736674159026343, 0.0, 0.0, 0.0, 0.0, 0.0, 0.0, 0.0, 0.0, 0.0, 1.0, 0.0, 0.0, 0.0, 0.0, 0.0, 0.0, 0.0, 0.0, 0.0, 0.0, 0.0], [0.17242462933063507, 0.0, 0.8333333333333334, 0.9999999999999999, 0.75, 0.9999999999999999, 1.0, 0.0, 0.17242463167048683, 0.7311557738248967, 0.7311557738248967, 0.0, 0.0, 0.0, 0.0, 1.0, 0.0, 0.0, 0.0, 0.0, 0.0, 0.0, 0.0, 0.0, 0.0, 0.0, 0.0, 0.0, 0.0, 0.0, 0.0, 0.0], [0.38735535740852356, 0.16666666666666666, 0.8666666666666667, 0.9999999999999999, 0.75, 0.9999999999999999, 1.0, 0.0, 0.3873553735822357, 0.6097051026735752, 0.6097051026735752, 0.0, 0.0, 0.0, 0.0, 0.0, 0.0, 0.0, 0.0, 0.0, 0.0, 0.0, 0.0, 0.0, 0.0, 0.0, 0.0, 0.0, 0.0, 0.0, 0.0, 0.0], [0.42267778515815735, 0.3333333333333333, 0.9, 0.9999999999999999, 0.75, 0.9999999999999999, 1.0, 0.0, 0.42267778885266016, 0.7375229344223485, 0.7375229344223485, 0.0, 0.0, 0.0, 0.0, 0.0, 0.0, 0.0, 0.0, 0.0, 0.0, 0.0, 0.0, 0.0, 0.0, 0.0, 0.0, 0.0, 0.0, 0.0, 0.0, 0.0], [0.44572317600250244, 0.5, 0.9333333333333333, 0.9999999999999999, 1.0, 0.9999999999999999, 1.0, 0.0, 0.4457231842125086, 1.0663224317482352, 1.0663224317482352, 0.0, 0.0, 0.0, 0.0, 0.0, 0.0, 0.0, 0.0, 0.0, 0.0, 0.0, 0.0, 0.0, 0.0, 0.0, 0.0, 0.0, 0.0, 0.0, 0.0, 0.0]]",0.455777645111084,165.4472851753235,3.0,29.0,52.0,5.0,11.999999999999998,4.0,0.0,161.79751586914062,387.0750427246094,387.0750427246094,0.0,0.0,0.0,0.0,0.0,0.0,0.0,0.0,0.0,0.0,0.0,0.0,0.0,0.0,0.0,0.0,0.0,0.0,0.0,0.0,0.0,0.5,0.9333333333333333,0.9999999999999999,1.0,0.9999999999999999,1.0,0.0,0.4457231842125086,1.0663224317482352,1.0663224317482352,0.0,0.0,0.0,0.0,0.0,0.0,0.0,0.0,0.0,0.0,0.0,0.0,0.0,0.0,0.0,0.0,0.0,0.0,0.0,0.0,0.0
97,"[[1.4854695796966553, 0.8333333333333333, 0.7666666666666667, 0.9803921568627451, 0.75, 0.9999999999999999, 1.0, 1.0, 1.4854695974302687, 0.7076757341705406, 0.7076757341705406, 0.0, 0.0, 0.0, 0.0, 0.0, 0.0, 0.0, 0.0, 0.0, 0.0, 1.0, 0.0, 0.0, 0.0, 0.0, 0.0, 0.0, 0.0, 0.0, 0.0, 0.0], [0.6621339917182922, 1.0, 0.8, 0.9803921568627451, 0.75, 0.9999999999999999, 1.0, 1.0, 0.6621340076457042, 0.5736674159026343, 0.5736674159026343, 0.0, 0.0, 0.0, 0.0, 0.0, 0.0, 0.0, 0.0, 0.0, 1.0, 0.0, 0.0, 0.0, 0.0, 0.0, 0.0, 0.0, 0.0, 0.0, 0.0, 0.0], [0.17242462933063507, 0.0, 0.8333333333333334, 0.9999999999999999, 0.75, 0.9999999999999999, 1.0, 0.0, 0.17242463167048683, 0.7311557738248967, 0.7311557738248967, 0.0, 0.0, 0.0, 0.0, 1.0, 0.0, 0.0, 0.0, 0.0, 0.0, 0.0, 0.0, 0.0, 0.0, 0.0, 0.0, 0.0, 0.0, 0.0, 0.0, 0.0], [0.38735535740852356, 0.16666666666666666, 0.8666666666666667, 0.9999999999999999, 0.75, 0.9999999999999999, 1.0, 0.0, 0.3873553735822357, 0.6097051026735752, 0.6097051026735752, 0.0, 0.0, 0.0, 0.0, 0.0, 0.0, 0.0, 0.0, 0.0, 0.0, 0.0, 0.0, 0.0, 0.0, 0.0, 0.0, 0.0, 0.0, 0.0, 0.0, 0.0], [0.42267778515815735, 0.3333333333333333, 0.9, 0.9999999999999999, 0.75, 0.9999999999999999, 1.0, 0.0, 0.42267778885266016, 0.7375229344223485, 0.7375229344223485, 0.0, 0.0, 0.0, 0.0, 0.0, 0.0, 0.0, 0.0, 0.0, 0.0, 0.0, 0.0, 0.0, 0.0, 0.0, 0.0, 0.0, 0.0, 0.0, 0.0, 0.0], [0.44572317600250244, 0.5, 0.9333333333333333, 0.9999999999999999, 1.0, 0.9999999999999999, 1.0, 0.0, 0.4457231842125086, 1.0663224317482352, 1.0663224317482352, 0.0, 0.0, 0.0, 0.0, 0.0, 0.0, 0.0, 0.0, 0.0, 0.0, 0.0, 0.0, 0.0, 0.0, 0.0, 0.0, 0.0, 0.0, 0.0, 0.0, 0.0], [0.455777645111084, 0.6666666666666666, 0.9666666666666667, 0.9999999999999999, 1.0, 0.9999999999999999, 1.0, 0.0, 0.4557776332886751, 1.4854695974302687, 1.4854695974302687, 0.0, 0.0, 0.0, 0.0, 0.0, 1.0, 0.0, 0.0, 0.0, 0.0, 0.0, 0.0, 0.0, 0.0, 0.0, 0.0, 0.0, 0.0, 0.0, 0.0, 0.0]]",0.47894665598869324,173.85763612389565,4.0,30.0,52.0,5.0,11.999999999999998,4.0,0.0,165.44728088378906,539.2254638671875,539.2254638671875,0.0,0.0,0.0,0.0,0.0,1.0,0.0,0.0,0.0,0.0,0.0,0.0,0.0,0.0,0.0,0.0,0.0,0.0,0.0,0.0,0.0,0.6666666666666666,0.9666666666666667,0.9999999999999999,1.0,0.9999999999999999,1.0,0.0,0.4557776332886751,1.4854695974302687,1.4854695974302687,0.0,0.0,0.0,0.0,0.0,1.0,0.0,0.0,0.0,0.0,0.0,0.0,0.0,0.0,0.0,0.0,0.0,0.0,0.0,0.0,0.0
98,"[[0.6621339917182922, 1.0, 0.8, 0.9803921568627451, 0.75, 0.9999999999999999, 1.0, 1.0, 0.6621340076457042, 0.5736674159026343, 0.5736674159026343, 0.0, 0.0, 0.0, 0.0, 0.0, 0.0, 0.0, 0.0, 0.0, 1.0, 0.0, 0.0, 0.0, 0.0, 0.0, 0.0, 0.0, 0.0, 0.0, 0.0, 0.0], [0.17242462933063507, 0.0, 0.8333333333333334, 0.9999999999999999, 0.75, 0.9999999999999999, 1.0, 0.0, 0.17242463167048683, 0.7311557738248967, 0.7311557738248967, 0.0, 0.0, 0.0, 0.0, 1.0, 0.0, 0.0, 0.0, 0.0, 0.0, 0.0, 0.0, 0.0, 0.0, 0.0, 0.0, 0.0, 0.0, 0.0, 0.0, 0.0], [0.38735535740852356, 0.16666666666666666, 0.8666666666666667, 0.9999999999999999, 0.75, 0.9999999999999999, 1.0, 0.0, 0.3873553735822357, 0.6097051026735752, 0.6097051026735752, 0.0, 0.0, 0.0, 0.0, 0.0, 0.0, 0.0, 0.0, 0.0, 0.0, 0.0, 0.0, 0.0, 0.0, 0.0, 0.0, 0.0, 0.0, 0.0, 0.0, 0.0], [0.42267778515815735, 0.3333333333333333, 0.9, 0.9999999999999999, 0.75, 0.9999999999999999, 1.0, 0.0, 0.42267778885266016, 0.7375229344223485, 0.7375229344223485, 0.0, 0.0, 0.0, 0.0, 0.0, 0.0, 0.0, 0.0, 0.0, 0.0, 0.0, 0.0, 0.0, 0.0, 0.0, 0.0, 0.0, 0.0, 0.0, 0.0, 0.0], [0.44572317600250244, 0.5, 0.9333333333333333, 0.9999999999999999, 1.0, 0.9999999999999999, 1.0, 0.0, 0.4457231842125086, 1.0663224317482352, 1.0663224317482352, 0.0, 0.0, 0.0, 0.0, 0.0, 0.0, 0.0, 0.0, 0.0, 0.0, 0.0, 0.0, 0.0, 0.0, 0.0, 0.0, 0.0, 0.0, 0.0, 0.0, 0.0], [0.455777645111084, 0.6666666666666666, 0.9666666666666667, 0.9999999999999999, 1.0, 0.9999999999999999, 1.0, 0.0, 0.4557776332886751, 1.4854695974302687, 1.4854695974302687, 0.0, 0.0, 0.0, 0.0, 0.0, 1.0, 0.0, 0.0, 0.0, 0.0, 0.0, 0.0, 0.0, 0.0, 0.0, 0.0, 0.0, 0.0, 0.0, 0.0, 0.0], [0.47894665598869324, 0.8333333333333333, 0.9999999999999999, 0.9999999999999999, 1.0, 0.9999999999999999, 1.0, 1.0, 0.47894665426459193, 0.6621340076457042, 0.6621340076457042, 0.0, 1.0, 0.0, 1.0, 0.0, 0.0, 0.0, 0.0, 0.0, 0.0, 0.0, 1.0, 0.0, 0.0, 0.0, 0.0, 0.0, 0.0, 0.0, 0.0, 0.0]]",0.39263853430747986,142.5277879536152,5.0,30.999999999999996,52.0,5.0,11.999999999999998,4.0,1.0,173.85763549804688,240.35464477539062,240.35464477539062,0.0,1.0,0.0,1.0,0.0,0.0,0.0,0.0,0.0,0.0,0.0,1.0,0.0,0.0,0.0,0.0,0.0,0.0,0.0,0.0,0.0,0.8333333333333333,0.9999999999999999,0.9999999999999999,1.0,0.9999999999999999,1.0,1.0,0.47894665426459193,0.6621340076457042,0.6621340076457042,0.0,1.0,0.0,1.0,0.0,0.0,0.0,0.0,0.0,0.0,0.0,1.0,0.0,0.0,0.0,0.0,0.0,0.0,0.0,0.0,0.0
99,"[[0.17242462933063507, 0.0, 0.8333333333333334, 0.9999999999999999, 0.75, 0.9999999999999999, 1.0, 0.0, 0.17242463167048683, 0.7311557738248967, 0.7311557738248967, 0.0, 0.0, 0.0, 0.0, 1.0, 0.0, 0.0, 0.0, 0.0, 0.0, 0.0, 0.0, 0.0, 0.0, 0.0, 0.0, 0.0, 0.0, 0.0, 0.0, 0.0], [0.38735535740852356, 0.16666666666666666, 0.8666666666666667, 0.9999999999999999, 0.75, 0.9999999999999999, 1.0, 0.0, 0.3873553735822357, 0.6097051026735752, 0.6097051026735752, 0.0, 0.0, 0.0, 0.0, 0.0, 0.0, 0.0, 0.0, 0.0, 0.0, 0.0, 0.0, 0.0, 0.0, 0.0, 0.0, 0.0, 0.0, 0.0, 0.0, 0.0], [0.42267778515815735, 0.3333333333333333, 0.9, 0.9999999999999999, 0.75, 0.9999999999999999, 1.0, 0.0, 0.42267778885266016, 0.7375229344223485, 0.7375229344223485, 0.0, 0.0, 0.0, 0.0, 0.0, 0.0, 0.0, 0.0, 0.0, 0.0, 0.0, 0.0, 0.0, 0.0, 0.0, 0.0, 0.0, 0.0, 0.0, 0.0, 0.0], [0.44572317600250244, 0.5, 0.9333333333333333, 0.9999999999999999, 1.0, 0.9999999999999999, 1.0, 0.0, 0.4457231842125086, 1.0663224317482352, 1.0663224317482352, 0.0, 0.0, 0.0, 0.0, 0.0, 0.0, 0.0, 0.0, 0.0, 0.0, 0.0, 0.0, 0.0, 0.0, 0.0, 0.0, 0.0, 0.0, 0.0, 0.0, 0.0], [0.455777645111084, 0.6666666666666666, 0.9666666666666667, 0.9999999999999999, 1.0, 0.9999999999999999, 1.0, 0.0, 0.4557776332886751, 1.4854695974302687, 1.4854695974302687, 0.0, 0.0, 0.0, 0.0, 0.0, 1.0, 0.0, 0.0, 0.0, 0.0, 0.0, 0.0, 0.0, 0.0, 0.0, 0.0, 0.0, 0.0, 0.0, 0.0, 0.0], [0.47894665598869324, 0.8333333333333333, 0.9999999999999999, 0.9999999999999999, 1.0, 0.9999999999999999, 1.0, 1.0, 0.47894665426459193, 0.6621340076457042, 0.6621340076457042, 0.0, 1.0, 0.0, 1.0, 0.0, 0.0, 0.0, 0.0, 0.0, 0.0, 0.0, 1.0, 0.0, 0.0, 0.0, 0.0, 0.0, 0.0, 0.0, 0.0, 0.0], [0.39263853430747986, 1.0, 0.0, 0.9999999999999999, 0.0, 0.0, 0.0, 1.0, 0.39263852962777634, 0.17242463167048683, 0.17242463167048683, 1.0, 0.0, 1.0, 0.0, 0.0, 0.0, 0.0, 0.0, 0.0, 0.0, 0.0, 0.0, 0.0, 0.0, 0.0, 0.0, 0.0, 0.0, 0.0, 0.0, 0.0]]",0.11141681671142578,40.44430446624756,6.0,1.0,52.0,1.0,1.0,1.0,1.0,142.5277862548828,62.59014129638672,62.59014129638672,1.0,0.0,1.0,0.0,0.0,0.0,0.0,0.0,0.0,0.0,0.0,0.0,0.0,0.0,0.0,0.0,0.0,0.0,0.0,0.0,0.0,1.0,0.0,0.9999999999999999,0.0,0.0,0.0,1.0,0.39263852962777634,0.17242463167048683,0.17242463167048683,1.0,0.0,1.0,0.0,0.0,0.0,0.0,0.0,0.0,0.0,0.0,0.0,0.0,0.0,0.0,0.0,0.0,0.0,0.0,0.0,0.0
100,"[[0.38735535740852356, 0.16666666666666666, 0.8666666666666667, 0.9999999999999999, 0.75, 0.9999999999999999, 1.0, 0.0, 0.3873553735822357, 0.6097051026735752, 0.6097051026735752, 0.0, 0.0, 0.0, 0.0, 0.0, 0.0, 0.0, 0.0, 0.0, 0.0, 0.0, 0.0, 0.0, 0.0, 0.0, 0.0, 0.0, 0.0, 0.0, 0.0, 0.0], [0.42267778515815735, 0.3333333333333333, 0.9, 0.9999999999999999, 0.75, 0.9999999999999999, 1.0, 0.0, 0.42267778885266016, 0.7375229344223485, 0.7375229344223485, 0.0, 0.0, 0.0, 0.0, 0.0, 0.0, 0.0, 0.0, 0.0, 0.0, 0.0, 0.0, 0.0, 0.0, 0.0, 0.0, 0.0, 0.0, 0.0, 0.0, 0.0], [0.44572317600250244, 0.5, 0.9333333333333333, 0.9999999999999999, 1.0, 0.9999999999999999, 1.0, 0.0, 0.4457231842125086, 1.0663224317482352, 1.0663224317482352, 0.0, 0.0, 0.0, 0.0, 0.0, 0.0, 0.0, 0.0, 0.0, 0.0, 0.0, 0.0, 0.0, 0.0, 0.0, 0.0, 0.0, 0.0, 0.0, 0.0, 0.0], [0.455777645111084, 0.6666666666666666, 0.9666666666666667, 0.9999999999999999, 1.0, 0.9999999999999999, 1.0, 0.0, 0.4557776332886751, 1.4854695974302687, 1.4854695974302687, 0.0, 0.0, 0.0, 0.0, 0.0, 1.0, 0.0, 0.0, 0.0, 0.0, 0.0, 0.0, 0.0, 0.0, 0.0, 0.0, 0.0, 0.0, 0.0, 0.0, 0.0], [0.47894665598869324, 0.8333333333333333, 0.9999999999999999, 0.9999999999999999, 1.0, 0.9999999999999999, 1.0, 1.0, 0.47894665426459193, 0.6621340076457042, 0.6621340076457042, 0.0, 1.0, 0.0, 1.0, 0.0, 0.0, 0.0, 0.0, 0.0, 0.0, 0.0, 1.0, 0.0, 0.0, 0.0, 0.0, 0.0, 0.0, 0.0, 0.0, 0.0], [0.39263853430747986, 1.0, 0.0, 0.9999999999999999, 0.0, 0.0, 0.0, 1.0, 0.39263852962777634, 0.17242463167048683, 0.17242463167048683, 1.0, 0.0, 1.0, 0.0, 0.0, 0.0, 0.0, 0.0, 0.0, 0.0, 0.0, 0.0, 0.0, 0.0, 0.0, 0.0, 0.0, 0.0, 0.0, 0.0, 0.0], [0.11141681671142578, 0.0, 0.03333333333333333, 0.0, 0.0, 0.0, 0.0, 0.0, 0.11141681933862775, 0.3873553735822357, 0.3873553735822357, 0.0, 0.0, 0.0, 0.0, 1.0, 0.0, 0.0, 0.0, 0.0, 0.0, 0.0, 0.0, 0.0, 0.0, 0.0, 0.0, 0.0, 0.0, 0.0, 0.0, 0.0]]",0.1428905874490738,51.869283244013786,0.0,2.0,1.0,1.0,1.0,1.0,0.0,40.444305419921875,140.61000061035156,140.61000061035156,0.0,0.0,0.0,0.0,1.0,0.0,0.0,0.0,0.0,0.0,0.0,0.0,0.0,0.0,0.0,0.0,0.0,0.0,0.0,0.0,0.0,0.0,0.03333333333333333,0.0,0.0,0.0,0.0,0.0,0.11141681933862775,0.3873553735822357,0.3873553735822357,0.0,0.0,0.0,0.0,1.0,0.0,0.0,0.0,0.0,0.0,0.0,0.0,0.0,0.0,0.0,0.0,0.0,0.0,0.0,0.0,0.0
101,"[[0.42267778515815735, 0.3333333333333333, 0.9, 0.9999999999999999, 0.75, 0.9999999999999999, 1.0, 0.0, 0.42267778885266016, 0.7375229344223485, 0.7375229344223485, 0.0, 0.0, 0.0, 0.0, 0.0, 0.0, 0.0, 0.0, 0.0, 0.0, 0.0, 0.0, 0.0, 0.0, 0.0, 0.0, 0.0, 0.0, 0.0, 0.0, 0.0], [0.44572317600250244, 0.5, 0.9333333333333333, 0.9999999999999999, 1.0, 0.9999999999999999, 1.0, 0.0, 0.4457231842125086, 1.0663224317482352, 1.0663224317482352, 0.0, 0.0, 0.0, 0.0, 0.0, 0.0, 0.0, 0.0, 0.0, 0.0, 0.0, 0.0, 0.0, 0.0, 0.0, 0.0, 0.0, 0.0, 0.0, 0.0, 0.0], [0.455777645111084, 0.6666666666666666, 0.9666666666666667, 0.9999999999999999, 1.0, 0.9999999999999999, 1.0, 0.0, 0.4557776332886751, 1.4854695974302687, 1.4854695974302687, 0.0, 0.0, 0.0, 0.0, 0.0, 1.0, 0.0, 0.0, 0.0, 0.0, 0.0, 0.0, 0.0, 0.0, 0.0, 0.0, 0.0, 0.0, 0.0, 0.0, 0.0], [0.47894665598869324, 0.8333333333333333, 0.9999999999999999, 0.9999999999999999, 1.0, 0.9999999999999999, 1.0, 1.0, 0.47894665426459193, 0.6621340076457042, 0.6621340076457042, 0.0, 1.0, 0.0, 1.0, 0.0, 0.0, 0.0, 0.0, 0.0, 0.0, 0.0, 1.0, 0.0, 0.0, 0.0, 0.0, 0.0, 0.0, 0.0, 0.0, 0.0], [0.39263853430747986, 1.0, 0.0, 0.9999999999999999, 0.0, 0.0, 0.0, 1.0, 0.39263852962777634, 0.17242463167048683, 0.17242463167048683, 1.0, 0.0, 1.0, 0.0, 0.0, 0.0, 0.0, 0.0, 0.0, 0.0, 0.0, 0.0, 0.0, 0.0, 0.0, 0.0, 0.0, 0.0, 0.0, 0.0, 0.0], [0.11141681671142578, 0.0, 0.03333333333333333, 0.0, 0.0, 0.0, 0.0, 0.0, 0.11141681933862775, 0.3873553735822357, 0.3873553735822357, 0.0, 0.0, 0.0, 0.0, 1.0, 0.0, 0.0, 0.0, 0.0, 0.0, 0.0, 0.0, 0.0, 0.0, 0.0, 0.0, 0.0, 0.0, 0.0, 0.0, 0.0], [0.1428905874490738, 0.16666666666666666, 0.06666666666666668, 0.0, 0.0, 0.0, 0.0, 0.0, 0.14289058338512076, 0.42267778885266016, 0.42267778885266016, 0.0, 0.0, 0.0, 0.0, 0.0, 0.0, 0.0, 0.0, 0.0, 0.0, 0.0, 0.0, 0.0, 0.0, 0.0, 0.0, 0.0, 0.0, 0.0, 0.0, 0.0]]",0.18852093815803528,68.4331005513668,1.0,3.0,1.0,1.0,1.0,1.0,0.0,51.869281768798835,153.43203735351562,153.43203735351562,0.0,0.0,0.0,0.0,0.0,0.0,0.0,0.0,0.0,0.0,0.0,0.0,0.0,0.0,0.0,0.0,0.0,0.0,0.0,0.0,0.0,0.16666666666666666,0.06666666666666668,0.0,0.0,0.0,0.0,0.0,0.14289058338512076,0.42267778885266016,0.42267778885266016,0.0,0.0,0.0,0.0,0.0,0.0,0.0,0.0,0.0,0.0,0.0,0.0,0.0,0.0,0.0,0.0,0.0,0.0,0.0,0.0,0.0
102,"[[0.44572317600250244, 0.5, 0.9333333333333333, 0.9999999999999999, 1.0, 0.9999999999999999, 1.0, 0.0, 0.4457231842125086, 1.0663224317482352, 1.0663224317482352, 0.0, 0.0, 0.0, 0.0, 0.0, 0.0, 0.0, 0.0, 0.0, 0.0, 0.0, 0.0, 0.0, 0.0, 0.0, 0.0, 0.0, 0.0, 0.0, 0.0, 0.0], [0.455777645111084, 0.6666666666666666, 0.9666666666666667, 0.9999999999999999, 1.0, 0.9999999999999999, 1.0, 0.0, 0.4557776332886751, 1.4854695974302687, 1.4854695974302687, 0.0, 0.0, 0.0, 0.0, 0.0, 1.0, 0.0, 0.0, 0.0, 0.0, 0.0, 0.0, 0.0, 0.0, 0.0, 0.0, 0.0, 0.0, 0.0, 0.0, 0.0], [0.47894665598869324, 0.8333333333333333, 0.9999999999999999, 0.9999999999999999, 1.0, 0.9999999999999999, 1.0, 1.0, 0.47894665426459193, 0.6621340076457042, 0.6621340076457042, 0.0, 1.0, 0.0, 1.0, 0.0, 0.0, 0.0, 0.0, 0.0, 0.0, 0.0, 1.0, 0.0, 0.0, 0.0, 0.0, 0.0, 0.0, 0.0, 0.0, 0.0], [0.39263853430747986, 1.0, 0.0, 0.9999999999999999, 0.0, 0.0, 0.0, 1.0, 0.39263852962777634, 0.17242463167048683, 0.17242463167048683, 1.0, 0.0, 1.0, 0.0, 0.0, 0.0, 0.0, 0.0, 0.0, 0.0, 0.0, 0.0, 0.0, 0.0, 0.0, 0.0, 0.0, 0.0, 0.0, 0.0, 0.0], [0.11141681671142578, 0.0, 0.03333333333333333, 0.0, 0.0, 0.0, 0.0, 0.0, 0.11141681933862775, 0.3873553735822357, 0.3873553735822357, 0.0, 0.0, 0.0, 0.0, 1.0, 0.0, 0.0, 0.0, 0.0, 0.0, 0.0, 0.0, 0.0, 0.0, 0.0, 0.0, 0.0, 0.0, 0.0, 0.0, 0.0], [0.1428905874490738, 0.16666666666666666, 0.06666666666666668, 0.0, 0.0, 0.0, 0.0, 0.0, 0.14289058338512076, 0.42267778885266016, 0.42267778885266016, 0.0, 0.0, 0.0, 0.0, 0.0, 0.0, 0.0, 0.0, 0.0, 0.0, 0.0, 0.0, 0.0, 0.0, 0.0, 0.0, 0.0, 0.0, 0.0, 0.0, 0.0], [0.18852093815803528, 0.3333333333333333, 0.1, 0.0, 0.0, 0.0, 0.0, 0.0, 0.18852093068692968, 0.4457231842125086, 0.4457231842125086, 0.0, 0.0, 0.0, 0.0, 0.0, 0.0, 0.0, 0.0, 0.0, 0.0, 0.0, 0.0, 0.0, 0.0, 0.0, 0.0, 0.0, 0.0, 0.0, 0.0, 0.0]]",0.19130149483680725,69.44244262576103,2.0,4.0,1.0,1.0,1.0,1.0,0.0,68.43309783935547,161.79751586914062,161.79751586914062,0.0,0.0,0.0,0.0,0.0,0.0,0.0,0.0,0.0,0.0,0.0,0.0,0.0,0.0,0.0,0.0,0.0,0.0,0.0,0.0,0.0,0.3333333333333333,0.1,0.0,0.0,0.0,0.0,0.0,0.18852093068692968,0.4457231842125086,0.4457231842125086,0.0,0.0,0.0,0.0,0.0,0.0,0.0,0.0,0.0,0.0,0.0,0.0,0.0,0.0,0.0,0.0,0.0,0.0,0.0,0.0,0.0
103,"[[0.455777645111084, 0.6666666666666666, 0.9666666666666667, 0.9999999999999999, 1.0, 0.9999999999999999, 1.0, 0.0, 0.4557776332886751, 1.4854695974302687, 1.4854695974302687, 0.0, 0.0, 0.0, 0.0, 0.0, 1.0, 0.0, 0.0, 0.0, 0.0, 0.0, 0.0, 0.0, 0.0, 0.0, 0.0, 0.0, 0.0, 0.0, 0.0, 0.0], [0.47894665598869324, 0.8333333333333333, 0.9999999999999999, 0.9999999999999999, 1.0, 0.9999999999999999, 1.0, 1.0, 0.47894665426459193, 0.6621340076457042, 0.6621340076457042, 0.0, 1.0, 0.0, 1.0, 0.0, 0.0, 0.0, 0.0, 0.0, 0.0, 0.0, 1.0, 0.0, 0.0, 0.0, 0.0, 0.0, 0.0, 0.0, 0.0, 0.0], [0.39263853430747986, 1.0, 0.0, 0.9999999999999999, 0.0, 0.0, 0.0, 1.0, 0.39263852962777634, 0.17242463167048683, 0.17242463167048683, 1.0, 0.0, 1.0, 0.0, 0.0, 0.0, 0.0, 0.0, 0.0, 0.0, 0.0, 0.0, 0.0, 0.0, 0.0, 0.0, 0.0, 0.0, 0.0, 0.0, 0.0], [0.11141681671142578, 0.0, 0.03333333333333333, 0.0, 0.0, 0.0, 0.0, 0.0, 0.11141681933862775, 0.3873553735822357, 0.3873553735822357, 0.0, 0.0, 0.0, 0.0, 1.0, 0.0, 0.0, 0.0, 0.0, 0.0, 0.0, 0.0, 0.0, 0.0, 0.0, 0.0, 0.0, 0.0, 0.0, 0.0, 0.0], [0.1428905874490738, 0.16666666666666666, 0.06666666666666668, 0.0, 0.0, 0.0, 0.0, 0.0, 0.14289058338512076, 0.42267778885266016, 0.42267778885266016, 0.0, 0.0, 0.0, 0.0, 0.0, 0.0, 0.0, 0.0, 0.0, 0.0, 0.0, 0.0, 0.0, 0.0, 0.0, 0.0, 0.0, 0.0, 0.0, 0.0, 0.0], [0.18852093815803528, 0.3333333333333333, 0.1, 0.0, 0.0, 0.0, 0.0, 0.0, 0.18852093068692968, 0.4457231842125086, 0.4457231842125086, 0.0, 0.0, 0.0, 0.0, 0.0, 0.0, 0.0, 0.0, 0.0, 0.0, 0.0, 0.0, 0.0, 0.0, 0.0, 0.0, 0.0, 0.0, 0.0, 0.0, 0.0], [0.19130149483680725, 0.5, 0.13333333333333333, 0.0, 0.0, 0.0, 0.0, 0.0, 0.1913014982029098, 0.4557776332886751, 0.4557776332886751, 0.0, 0.0, 0.0, 0.0, 0.0, 0.0, 0.0, 0.0, 0.0, 0.0, 0.0, 0.0, 0.0, 0.0, 0.0, 0.0, 0.0, 0.0, 0.0, 0.0, 0.0]]",0.20772139728069305,75.40286721289158,3.0,5.0,1.0,1.0,1.0,1.0,0.0,69.44244384765625,165.44728088378906,165.44728088378906,0.0,0.0,0.0,0.0,0.0,0.0,0.0,0.0,0.0,0.0,0.0,0.0,0.0,0.0,0.0,0.0,0.0,0.0,0.0,0.0,0.0,0.5,0.13333333333333333,0.0,0.0,0.0,0.0,0.0,0.1913014982029098,0.4557776332886751,0.4557776332886751,0.0,0.0,0.0,0.0,0.0,0.0,0.0,0.0,0.0,0.0,0.0,0.0,0.0,0.0,0.0,0.0,0.0,0.0,0.0,0.0,0.0
104,"[[0.47894665598869324, 0.8333333333333333, 0.9999999999999999, 0.9999999999999999, 1.0, 0.9999999999999999, 1.0, 1.0, 0.47894665426459193, 0.6621340076457042, 0.6621340076457042, 0.0, 1.0, 0.0, 1.0, 0.0, 0.0, 0.0, 0.0, 0.0, 0.0, 0.0, 1.0, 0.0, 0.0, 0.0, 0.0, 0.0, 0.0, 0.0, 0.0, 0.0], [0.39263853430747986, 1.0, 0.0, 0.9999999999999999, 0.0, 0.0, 0.0, 1.0, 0.39263852962777634, 0.17242463167048683, 0.17242463167048683, 1.0, 0.0, 1.0, 0.0, 0.0, 0.0, 0.0, 0.0, 0.0, 0.0, 0.0, 0.0, 0.0, 0.0, 0.0, 0.0, 0.0, 0.0, 0.0, 0.0, 0.0], [0.11141681671142578, 0.0, 0.03333333333333333, 0.0, 0.0, 0.0, 0.0, 0.0, 0.11141681933862775, 0.3873553735822357, 0.3873553735822357, 0.0, 0.0, 0.0, 0.0, 1.0, 0.0, 0.0, 0.0, 0.0, 0.0, 0.0, 0.0, 0.0, 0.0, 0.0, 0.0, 0.0, 0.0, 0.0, 0.0, 0.0], [0.1428905874490738, 0.16666666666666666, 0.06666666666666668, 0.0, 0.0, 0.0, 0.0, 0.0, 0.14289058338512076, 0.42267778885266016, 0.42267778885266016, 0.0, 0.0, 0.0, 0.0, 0.0, 0.0, 0.0, 0.0, 0.0, 0.0, 0.0, 0.0, 0.0, 0.0, 0.0, 0.0, 0.0, 0.0, 0.0, 0.0, 0.0], [0.18852093815803528, 0.3333333333333333, 0.1, 0.0, 0.0, 0.0, 0.0, 0.0, 0.18852093068692968, 0.4457231842125086, 0.4457231842125086, 0.0, 0.0, 0.0, 0.0, 0.0, 0.0, 0.0, 0.0, 0.0, 0.0, 0.0, 0.0, 0.0, 0.0, 0.0, 0.0, 0.0, 0.0, 0.0, 0.0, 0.0], [0.19130149483680725, 0.5, 0.13333333333333333, 0.0, 0.0, 0.0, 0.0, 0.0, 0.1913014982029098, 0.4557776332886751, 0.4557776332886751, 0.0, 0.0, 0.0, 0.0, 0.0, 0.0, 0.0, 0.0, 0.0, 0.0, 0.0, 0.0, 0.0, 0.0, 0.0, 0.0, 0.0, 0.0, 0.0, 0.0, 0.0], [0.20772139728069305, 0.6666666666666666, 0.16666666666666669, 0.0, 0.0, 0.0, 0.0, 0.0, 0.2077214054496492, 0.47894665426459193, 0.47894665426459193, 0.0, 0.0, 0.0, 0.0, 0.0, 1.0, 0.0, 0.0, 0.0, 0.0, 0.0, 0.0, 0.0, 0.0, 0.0, 0.0, 0.0, 0.0, 0.0, 0.0, 0.0]]",0.23263075947761536,84.44496569037437,4.0,6.0,1.0,1.0,1.0,1.0,0.0,75.40287017822266,173.85763549804688,173.85763549804688,0.0,0.0,0.0,0.0,0.0,1.0,0.0,0.0,0.0,0.0,0.0,0.0,0.0,0.0,0.0,0.0,0.0,0.0,0.0,0.0,0.0,0.6666666666666666,0.16666666666666669,0.0,0.0,0.0,0.0,0.0,0.2077214054496492,0.47894665426459193,0.47894665426459193,0.0,0.0,0.0,0.0,0.0,1.0,0.0,0.0,0.0,0.0,0.0,0.0,0.0,0.0,0.0,0.0,0.0,0.0,0.0,0.0,0.0
105,"[[0.39263853430747986, 1.0, 0.0, 0.9999999999999999, 0.0, 0.0, 0.0, 1.0, 0.39263852962777634, 0.17242463167048683, 0.17242463167048683, 1.0, 0.0, 1.0, 0.0, 0.0, 0.0, 0.0, 0.0, 0.0, 0.0, 0.0, 0.0, 0.0, 0.0, 0.0, 0.0, 0.0, 0.0, 0.0, 0.0, 0.0], [0.11141681671142578, 0.0, 0.03333333333333333, 0.0, 0.0, 0.0, 0.0, 0.0, 0.11141681933862775, 0.3873553735822357, 0.3873553735822357, 0.0, 0.0, 0.0, 0.0, 1.0, 0.0, 0.0, 0.0, 0.0, 0.0, 0.0, 0.0, 0.0, 0.0, 0.0, 0.0, 0.0, 0.0, 0.0, 0.0, 0.0], [0.1428905874490738, 0.16666666666666666, 0.06666666666666668, 0.0, 0.0, 0.0, 0.0, 0.0, 0.14289058338512076, 0.42267778885266016, 0.42267778885266016, 0.0, 0.0, 0.0, 0.0, 0.0, 0.0, 0.0, 0.0, 0.0, 0.0, 0.0, 0.0, 0.0, 0.0, 0.0, 0.0, 0.0, 0.0, 0.0, 0.0, 0.0], [0.18852093815803528, 0.3333333333333333, 0.1, 0.0, 0.0, 0.0, 0.0, 0.0, 0.18852093068692968, 0.4457231842125086, 0.4457231842125086, 0.0, 0.0, 0.0, 0.0, 0.0, 0.0, 0.0, 0.0, 0.0, 0.0, 0.0, 0.0, 0.0, 0.0, 0.0, 0.0, 0.0, 0.0, 0.0, 0.0, 0.0], [0.19130149483680725, 0.5, 0.13333333333333333, 0.0, 0.0, 0.0, 0.0, 0.0, 0.1913014982029098, 0.4557776332886751, 0.4557776332886751, 0.0, 0.0, 0.0, 0.0, 0.0, 0.0, 0.0, 0.0, 0.0, 0.0, 0.0, 0.0, 0.0, 0.0, 0.0, 0.0, 0.0, 0.0, 0.0, 0.0, 0.0], [0.20772139728069305, 0.6666666666666666, 0.16666666666666669, 0.0, 0.0, 0.0, 0.0, 0.0, 0.2077214054496492, 0.47894665426459193, 0.47894665426459193, 0.0, 0.0, 0.0, 0.0, 0.0, 1.0, 0.0, 0.0, 0.0, 0.0, 0.0, 0.0, 0.0, 0.0, 0.0, 0.0, 0.0, 0.0, 0.0, 0.0, 0.0], [0.23263075947761536, 0.8333333333333333, 0.2, 0.0, 0.0, 0.0, 0.0, 1.0, 0.23263076908332259, 0.39263852962777634, 0.39263852962777634, 0.0, 0.0, 0.0, 0.0, 0.0, 0.0, 0.0, 0.0, 0.0, 0.0, 0.0, 0.0, 0.0, 0.0, 0.0, 0.0, 0.0, 0.0, 0.0, 0.0, 0.0]]",0.28737854957580566,104.31841349601746,5.0,7.0,1.0,1.0,1.0,1.0,1.0,84.4449691772461,142.5277862548828,142.5277862548828,0.0,0.0,0.0,0.0,0.0,0.0,0.0,0.0,0.0,0.0,0.0,0.0,0.0,0.0,0.0,0.0,0.0,0.0,0.0,0.0,0.0,0.8333333333333333,0.2,0.0,0.0,0.0,0.0,1.0,0.23263076908332259,0.39263852962777634,0.39263852962777634,0.0,0.0,0.0,0.0,0.0,0.0,0.0,0.0,0.0,0.0,0.0,0.0,0.0,0.0,0.0,0.0,0.0,0.0,0.0,0.0,0.0
106,"[[0.11141681671142578, 0.0, 0.03333333333333333, 0.0, 0.0, 0.0, 0.0, 0.0, 0.11141681933862775, 0.3873553735822357, 0.3873553735822357, 0.0, 0.0, 0.0, 0.0, 1.0, 0.0, 0.0, 0.0, 0.0, 0.0, 0.0, 0.0, 0.0, 0.0, 0.0, 0.0, 0.0, 0.0, 0.0, 0.0, 0.0], [0.1428905874490738, 0.16666666666666666, 0.06666666666666668, 0.0, 0.0, 0.0, 0.0, 0.0, 0.14289058338512076, 0.42267778885266016, 0.42267778885266016, 0.0, 0.0, 0.0, 0.0, 0.0, 0.0, 0.0, 0.0, 0.0, 0.0, 0.0, 0.0, 0.0, 0.0, 0.0, 0.0, 0.0, 0.0, 0.0, 0.0, 0.0], [0.18852093815803528, 0.3333333333333333, 0.1, 0.0, 0.0, 0.0, 0.0, 0.0, 0.18852093068692968, 0.4457231842125086, 0.4457231842125086, 0.0, 0.0, 0.0, 0.0, 0.0, 0.0, 0.0, 0.0, 0.0, 0.0, 0.0, 0.0, 0.0, 0.0, 0.0, 0.0, 0.0, 0.0, 0.0, 0.0, 0.0], [0.19130149483680725, 0.5, 0.13333333333333333, 0.0, 0.0, 0.0, 0.0, 0.0, 0.1913014982029098, 0.4557776332886751, 0.4557776332886751, 0.0, 0.0, 0.0, 0.0, 0.0, 0.0, 0.0, 0.0, 0.0, 0.0, 0.0, 0.0, 0.0, 0.0, 0.0, 0.0, 0.0, 0.0, 0.0, 0.0, 0.0], [0.20772139728069305, 0.6666666666666666, 0.16666666666666669, 0.0, 0.0, 0.0, 0.0, 0.0, 0.2077214054496492, 0.47894665426459193, 0.47894665426459193, 0.0, 0.0, 0.0, 0.0, 0.0, 1.0, 0.0, 0.0, 0.0, 0.0, 0.0, 0.0, 0.0, 0.0, 0.0, 0.0, 0.0, 0.0, 0.0, 0.0, 0.0], [0.23263075947761536, 0.8333333333333333, 0.2, 0.0, 0.0, 0.0, 0.0, 1.0, 0.23263076908332259, 0.39263852962777634, 0.39263852962777634, 0.0, 0.0, 0.0, 0.0, 0.0, 0.0, 0.0, 0.0, 0.0, 0.0, 0.0, 0.0, 0.0, 0.0, 0.0, 0.0, 0.0, 0.0, 0.0, 0.0, 0.0], [0.28737854957580566, 1.0, 0.23333333333333334, 0.0, 0.25, 0.0, 0.0, 1.0, 0.2873785476054042, 0.11141681933862775, 0.11141681933862775, 0.0, 0.0, 0.0, 0.0, 0.0, 0.0, 0.0, 0.0, 0.0, 0.0, 0.0, 0.0, 0.0, 0.0, 0.0, 0.0, 0.0, 0.0, 0.0, 0.0, 0.0]]",0.28867578506469727,104.78930997848511,6.0,8.0,1.0,2.0,1.0,1.0,1.0,104.31841278076172,40.444305419921875,40.444305419921875,0.0,0.0,0.0,0.0,0.0,0.0,0.0,0.0,0.0,0.0,0.0,0.0,0.0,0.0,0.0,0.0,0.0,0.0,0.0,0.0,0.0,1.0,0.23333333333333334,0.0,0.25,0.0,0.0,1.0,0.2873785476054042,0.11141681933862775,0.11141681933862775,0.0,0.0,0.0,0.0,0.0,0.0,0.0,0.0,0.0,0.0,0.0,0.0,0.0,0.0,0.0,0.0,0.0,0.0,0.0,0.0,0.0
107,"[[0.1428905874490738, 0.16666666666666666, 0.06666666666666668, 0.0, 0.0, 0.0, 0.0, 0.0, 0.14289058338512076, 0.42267778885266016, 0.42267778885266016, 0.0, 0.0, 0.0, 0.0, 0.0, 0.0, 0.0, 0.0, 0.0, 0.0, 0.0, 0.0, 0.0, 0.0, 0.0, 0.0, 0.0, 0.0, 0.0, 0.0, 0.0], [0.18852093815803528, 0.3333333333333333, 0.1, 0.0, 0.0, 0.0, 0.0, 0.0, 0.18852093068692968, 0.4457231842125086, 0.4457231842125086, 0.0, 0.0, 0.0, 0.0, 0.0, 0.0, 0.0, 0.0, 0.0, 0.0, 0.0, 0.0, 0.0, 0.0, 0.0, 0.0, 0.0, 0.0, 0.0, 0.0, 0.0], [0.19130149483680725, 0.5, 0.13333333333333333, 0.0, 0.0, 0.0, 0.0, 0.0, 0.1913014982029098, 0.4557776332886751, 0.4557776332886751, 0.0, 0.0, 0.0, 0.0, 0.0, 0.0, 0.0, 0.0, 0.0, 0.0, 0.0, 0.0, 0.0, 0.0, 0.0, 0.0, 0.0, 0.0, 0.0, 0.0, 0.0], [0.20772139728069305, 0.6666666666666666, 0.16666666666666669, 0.0, 0.0, 0.0, 0.0, 0.0, 0.2077214054496492, 0.47894665426459193, 0.47894665426459193, 0.0, 0.0, 0.0, 0.0, 0.0, 1.0, 0.0, 0.0, 0.0, 0.0, 0.0, 0.0, 0.0, 0.0, 0.0, 0.0, 0.0, 0.0, 0.0, 0.0, 0.0], [0.23263075947761536, 0.8333333333333333, 0.2, 0.0, 0.0, 0.0, 0.0, 1.0, 0.23263076908332259, 0.39263852962777634, 0.39263852962777634, 0.0, 0.0, 0.0, 0.0, 0.0, 0.0, 0.0, 0.0, 0.0, 0.0, 0.0, 0.0, 0.0, 0.0, 0.0, 0.0, 0.0, 0.0, 0.0, 0.0, 0.0], [0.28737854957580566, 1.0, 0.23333333333333334, 0.0, 0.25, 0.0, 0.0, 1.0, 0.2873785476054042, 0.11141681933862775, 0.11141681933862775, 0.0, 0.0, 0.0, 0.0, 0.0, 0.0, 0.0, 0.0, 0.0, 0.0, 0.0, 0.0, 0.0, 0.0, 0.0, 0.0, 0.0, 0.0, 0.0, 0.0, 0.0], [0.28867578506469727, 0.0, 0.26666666666666666, 0.0196078431372549, 0.25, 0.0, 0.0, 0.0, 0.2886757758694904, 0.14289058338512076, 0.14289058338512076, 0.0, 0.0, 0.0, 0.0, 1.0, 0.0, 0.0, 0.0, 0.0, 0.0, 0.0, 0.0, 0.0, 0.0, 0.0, 0.0, 0.0, 0.0, 0.0, 0.0, 0.0]]",0.2016989290714264,73.21671125292778,0.0,9.0,2.0,2.0,1.0,1.0,0.0,104.78930664062501,51.869281768798835,51.869281768798835,0.0,0.0,0.0,0.0,1.0,0.0,0.0,0.0,0.0,0.0,0.0,0.0,0.0,0.0,0.0,0.0,0.0,0.0,0.0,0.0,0.0,0.0,0.26666666666666666,0.0196078431372549,0.25,0.0,0.0,0.0,0.2886757758694904,0.14289058338512076,0.14289058338512076,0.0,0.0,0.0,0.0,1.0,0.0,0.0,0.0,0.0,0.0,0.0,0.0,0.0,0.0,0.0,0.0,0.0,0.0,0.0,0.0,0.0
108,"[[0.18852093815803528, 0.3333333333333333, 0.1, 0.0, 0.0, 0.0, 0.0, 0.0, 0.18852093068692968, 0.4457231842125086, 0.4457231842125086, 0.0, 0.0, 0.0, 0.0, 0.0, 0.0, 0.0, 0.0, 0.0, 0.0, 0.0, 0.0, 0.0, 0.0, 0.0, 0.0, 0.0, 0.0, 0.0, 0.0, 0.0], [0.19130149483680725, 0.5, 0.13333333333333333, 0.0, 0.0, 0.0, 0.0, 0.0, 0.1913014982029098, 0.4557776332886751, 0.4557776332886751, 0.0, 0.0, 0.0, 0.0, 0.0, 0.0, 0.0, 0.0, 0.0, 0.0, 0.0, 0.0, 0.0, 0.0, 0.0, 0.0, 0.0, 0.0, 0.0, 0.0, 0.0], [0.20772139728069305, 0.6666666666666666, 0.16666666666666669, 0.0, 0.0, 0.0, 0.0, 0.0, 0.2077214054496492, 0.47894665426459193, 0.47894665426459193, 0.0, 0.0, 0.0, 0.0, 0.0, 1.0, 0.0, 0.0, 0.0, 0.0, 0.0, 0.0, 0.0, 0.0, 0.0, 0.0, 0.0, 0.0, 0.0, 0.0, 0.0], [0.23263075947761536, 0.8333333333333333, 0.2, 0.0, 0.0, 0.0, 0.0, 1.0, 0.23263076908332259, 0.39263852962777634, 0.39263852962777634, 0.0, 0.0, 0.0, 0.0, 0.0, 0.0, 0.0, 0.0, 0.0, 0.0, 0.0, 0.0, 0.0, 0.0, 0.0, 0.0, 0.0, 0.0, 0.0, 0.0, 0.0], [0.28737854957580566, 1.0, 0.23333333333333334, 0.0, 0.25, 0.0, 0.0, 1.0, 0.2873785476054042, 0.11141681933862775, 0.11141681933862775, 0.0, 0.0, 0.0, 0.0, 0.0, 0.0, 0.0, 0.0, 0.0, 0.0, 0.0, 0.0, 0.0, 0.0, 0.0, 0.0, 0.0, 0.0, 0.0, 0.0, 0.0], [0.28867578506469727, 0.0, 0.26666666666666666, 0.0196078431372549, 0.25, 0.0, 0.0, 0.0, 0.2886757758694904, 0.14289058338512076, 0.14289058338512076, 0.0, 0.0, 0.0, 0.0, 1.0, 0.0, 0.0, 0.0, 0.0, 0.0, 0.0, 0.0, 0.0, 0.0, 0.0, 0.0, 0.0, 0.0, 0.0, 0.0, 0.0], [0.2016989290714264, 0.16666666666666666, 0.3, 0.0196078431372549, 0.25, 0.0, 0.0, 0.0, 0.2016989337511299, 0.18852093068692968, 0.18852093068692968, 0.0, 0.0, 0.0, 0.0, 0.0, 0.0, 0.0, 0.0, 0.0, 0.0, 0.0, 0.0, 0.0, 0.0, 0.0, 0.0, 0.0, 0.0, 0.0, 0.0, 0.0]]",0.19035282731056213,69.09807631373405,1.0,10.0,2.0,2.0,1.0,1.0,0.0,73.21671295166016,68.43309783935547,68.43309783935547,0.0,0.0,0.0,0.0,0.0,0.0,0.0,0.0,0.0,0.0,0.0,0.0,0.0,0.0,0.0,0.0,0.0,0.0,0.0,0.0,0.0,0.16666666666666666,0.3,0.0196078431372549,0.25,0.0,0.0,0.0,0.2016989337511299,0.18852093068692968,0.18852093068692968,0.0,0.0,0.0,0.0,0.0,0.0,0.0,0.0,0.0,0.0,0.0,0.0,0.0,0.0,0.0,0.0,0.0,0.0,0.0,0.0,0.0
109,"[[0.19130149483680725, 0.5, 0.13333333333333333, 0.0, 0.0, 0.0, 0.0, 0.0, 0.1913014982029098, 0.4557776332886751, 0.4557776332886751, 0.0, 0.0, 0.0, 0.0, 0.0, 0.0, 0.0, 0.0, 0.0, 0.0, 0.0, 0.0, 0.0, 0.0, 0.0, 0.0, 0.0, 0.0, 0.0, 0.0, 0.0], [0.20772139728069305, 0.6666666666666666, 0.16666666666666669, 0.0, 0.0, 0.0, 0.0, 0.0, 0.2077214054496492, 0.47894665426459193, 0.47894665426459193, 0.0, 0.0, 0.0, 0.0, 0.0, 1.0, 0.0, 0.0, 0.0, 0.0, 0.0, 0.0, 0.0, 0.0, 0.0, 0.0, 0.0, 0.0, 0.0, 0.0, 0.0], [0.23263075947761536, 0.8333333333333333, 0.2, 0.0, 0.0, 0.0, 0.0, 1.0, 0.23263076908332259, 0.39263852962777634, 0.39263852962777634, 0.0, 0.0, 0.0, 0.0, 0.0, 0.0, 0.0, 0.0, 0.0, 0.0, 0.0, 0.0, 0.0, 0.0, 0.0, 0.0, 0.0, 0.0, 0.0, 0.0, 0.0], [0.28737854957580566, 1.0, 0.23333333333333334, 0.0, 0.25, 0.0, 0.0, 1.0, 0.2873785476054042, 0.11141681933862775, 0.11141681933862775, 0.0, 0.0, 0.0, 0.0, 0.0, 0.0, 0.0, 0.0, 0.0, 0.0, 0.0, 0.0, 0.0, 0.0, 0.0, 0.0, 0.0, 0.0, 0.0, 0.0, 0.0], [0.28867578506469727, 0.0, 0.26666666666666666, 0.0196078431372549, 0.25, 0.0, 0.0, 0.0, 0.2886757758694904, 0.14289058338512076, 0.14289058338512076, 0.0, 0.0, 0.0, 0.0, 1.0, 0.0, 0.0, 0.0, 0.0, 0.0, 0.0, 0.0, 0.0, 0.0, 0.0, 0.0, 0.0, 0.0, 0.0, 0.0, 0.0], [0.2016989290714264, 0.16666666666666666, 0.3, 0.0196078431372549, 0.25, 0.0, 0.0, 0.0, 0.2016989337511299, 0.18852093068692968, 0.18852093068692968, 0.0, 0.0, 0.0, 0.0, 0.0, 0.0, 0.0, 0.0, 0.0, 0.0, 0.0, 0.0, 0.0, 0.0, 0.0, 0.0, 0.0, 0.0, 0.0, 0.0, 0.0], [0.19035282731056213, 0.3333333333333333, 0.3333333333333333, 0.0196078431372549, 0.25, 0.0, 0.0, 0.0, 0.1903528260790612, 0.1913014982029098, 0.1913014982029098, 0.0, 0.0, 0.0, 0.0, 0.0, 0.0, 0.0, 0.0, 0.0, 0.0, 0.0, 0.0, 0.0, 0.0, 0.0, 0.0, 0.0, 0.0, 0.0, 0.0, 0.0]]",0.2087048590183258,75.75986382365227,2.0,11.0,2.0,2.0,1.0,1.0,0.0,69.09807586669922,69.44244384765625,69.44244384765625,0.0,0.0,0.0,0.0,0.0,0.0,0.0,0.0,0.0,0.0,0.0,0.0,0.0,0.0,0.0,0.0,0.0,0.0,0.0,0.0,0.0,0.3333333333333333,0.3333333333333333,0.0196078431372549,0.25,0.0,0.0,0.0,0.1903528260790612,0.1913014982029098,0.1913014982029098,0.0,0.0,0.0,0.0,0.0,0.0,0.0,0.0,0.0,0.0,0.0,0.0,0.0,0.0,0.0,0.0,0.0,0.0,0.0,0.0,0.0
110,"[[0.20772139728069305, 0.6666666666666666, 0.16666666666666669, 0.0, 0.0, 0.0, 0.0, 0.0, 0.2077214054496492, 0.47894665426459193, 0.47894665426459193, 0.0, 0.0, 0.0, 0.0, 0.0, 1.0, 0.0, 0.0, 0.0, 0.0, 0.0, 0.0, 0.0, 0.0, 0.0, 0.0, 0.0, 0.0, 0.0, 0.0, 0.0], [0.23263075947761536, 0.8333333333333333, 0.2, 0.0, 0.0, 0.0, 0.0, 1.0, 0.23263076908332259, 0.39263852962777634, 0.39263852962777634, 0.0, 0.0, 0.0, 0.0, 0.0, 0.0, 0.0, 0.0, 0.0, 0.0, 0.0, 0.0, 0.0, 0.0, 0.0, 0.0, 0.0, 0.0, 0.0, 0.0, 0.0], [0.28737854957580566, 1.0, 0.23333333333333334, 0.0, 0.25, 0.0, 0.0, 1.0, 0.2873785476054042, 0.11141681933862775, 0.11141681933862775, 0.0, 0.0, 0.0, 0.0, 0.0, 0.0, 0.0, 0.0, 0.0, 0.0, 0.0, 0.0, 0.0, 0.0, 0.0, 0.0, 0.0, 0.0, 0.0, 0.0, 0.0], [0.28867578506469727, 0.0, 0.26666666666666666, 0.0196078431372549, 0.25, 0.0, 0.0, 0.0, 0.2886757758694904, 0.14289058338512076, 0.14289058338512076, 0.0, 0.0, 0.0, 0.0, 1.0, 0.0, 0.0, 0.0, 0.0, 0.0, 0.0, 0.0, 0.0, 0.0, 0.0, 0.0, 0.0, 0.0, 0.0, 0.0, 0.0], [0.2016989290714264, 0.16666666666666666, 0.3, 0.0196078431372549, 0.25, 0.0, 0.0, 0.0, 0.2016989337511299, 0.18852093068692968, 0.18852093068692968, 0.0, 0.0, 0.0, 0.0, 0.0, 0.0, 0.0, 0.0, 0.0, 0.0, 0.0, 0.0, 0.0, 0.0, 0.0, 0.0, 0.0, 0.0, 0.0, 0.0, 0.0], [0.19035282731056213, 0.3333333333333333, 0.3333333333333333, 0.0196078431372549, 0.25, 0.0, 0.0, 0.0, 0.1903528260790612, 0.1913014982029098, 0.1913014982029098, 0.0, 0.0, 0.0, 0.0, 0.0, 0.0, 0.0, 0.0, 0.0, 0.0, 0.0, 0.0, 0.0, 0.0, 0.0, 0.0, 0.0, 0.0, 0.0, 0.0, 0.0], [0.2087048590183258, 0.5, 0.3666666666666667, 0.0196078431372549, 0.25, 0.0, 0.0, 0.0, 0.20870486172762784, 0.2077214054496492, 0.2077214054496492, 0.0, 0.0, 0.0, 0.0, 0.0, 0.0, 0.0, 0.0, 0.0, 0.0, 0.0, 0.0, 0.0, 0.0, 0.0, 0.0, 0.0, 0.0, 0.0, 0.0, 0.0]]",0.21268562972545624,77.20488359034061,3.0,12.0,2.0,2.0,1.0,1.0,0.0,75.7598648071289,75.40287017822266,75.40287017822266,0.0,0.0,0.0,0.0,0.0,0.0,0.0,0.0,0.0,0.0,0.0,0.0,0.0,0.0,0.0,0.0,0.0,0.0,0.0,0.0,0.0,0.5,0.3666666666666667,0.0196078431372549,0.25,0.0,0.0,0.0,0.20870486172762784,0.2077214054496492,0.2077214054496492,0.0,0.0,0.0,0.0,0.0,0.0,0.0,0.0,0.0,0.0,0.0,0.0,0.0,0.0,0.0,0.0,0.0,0.0,0.0,0.0,0.0
111,"[[0.23263075947761536, 0.8333333333333333, 0.2, 0.0, 0.0, 0.0, 0.0, 1.0, 0.23263076908332259, 0.39263852962777634, 0.39263852962777634, 0.0, 0.0, 0.0, 0.0, 0.0, 0.0, 0.0, 0.0, 0.0, 0.0, 0.0, 0.0, 0.0, 0.0, 0.0, 0.0, 0.0, 0.0, 0.0, 0.0, 0.0], [0.28737854957580566, 1.0, 0.23333333333333334, 0.0, 0.25, 0.0, 0.0, 1.0, 0.2873785476054042, 0.11141681933862775, 0.11141681933862775, 0.0, 0.0, 0.0, 0.0, 0.0, 0.0, 0.0, 0.0, 0.0, 0.0, 0.0, 0.0, 0.0, 0.0, 0.0, 0.0, 0.0, 0.0, 0.0, 0.0, 0.0], [0.28867578506469727, 0.0, 0.26666666666666666, 0.0196078431372549, 0.25, 0.0, 0.0, 0.0, 0.2886757758694904, 0.14289058338512076, 0.14289058338512076, 0.0, 0.0, 0.0, 0.0, 1.0, 0.0, 0.0, 0.0, 0.0, 0.0, 0.0, 0.0, 0.0, 0.0, 0.0, 0.0, 0.0, 0.0, 0.0, 0.0, 0.0], [0.2016989290714264, 0.16666666666666666, 0.3, 0.0196078431372549, 0.25, 0.0, 0.0, 0.0, 0.2016989337511299, 0.18852093068692968, 0.18852093068692968, 0.0, 0.0, 0.0, 0.0, 0.0, 0.0, 0.0, 0.0, 0.0, 0.0, 0.0, 0.0, 0.0, 0.0, 0.0, 0.0, 0.0, 0.0, 0.0, 0.0, 0.0], [0.19035282731056213, 0.3333333333333333, 0.3333333333333333, 0.0196078431372549, 0.25, 0.0, 0.0, 0.0, 0.1903528260790612, 0.1913014982029098, 0.1913014982029098, 0.0, 0.0, 0.0, 0.0, 0.0, 0.0, 0.0, 0.0, 0.0, 0.0, 0.0, 0.0, 0.0, 0.0, 0.0, 0.0, 0.0, 0.0, 0.0, 0.0, 0.0], [0.2087048590183258, 0.5, 0.3666666666666667, 0.0196078431372549, 0.25, 0.0, 0.0, 0.0, 0.20870486172762784, 0.2077214054496492, 0.2077214054496492, 0.0, 0.0, 0.0, 0.0, 0.0, 0.0, 0.0, 0.0, 0.0, 0.0, 0.0, 0.0, 0.0, 0.0, 0.0, 0.0, 0.0, 0.0, 0.0, 0.0, 0.0], [0.21268562972545624, 0.6666666666666666, 0.4, 0.0196078431372549, 0.25, 0.0, 0.0, 0.0, 0.21268564019321412, 0.23263076908332259, 0.23263076908332259, 0.0, 0.0, 0.0, 0.0, 0.0, 1.0, 0.0, 0.0, 0.0, 0.0, 0.0, 0.0, 0.0, 0.0, 0.0, 0.0, 0.0, 0.0, 0.0, 0.0, 0.0]]",0.28542953729629517,103.61092203855515,4.0,13.0,2.0,2.0,1.0,1.0,0.0,77.20488739013672,84.4449691772461,84.4449691772461,0.0,0.0,0.0,0.0,0.0,1.0,0.0,0.0,0.0,0.0,0.0,0.0,0.0,0.0,0.0,0.0,0.0,0.0,0.0,0.0,0.0,0.6666666666666666,0.4,0.0196078431372549,0.25,0.0,0.0,0.0,0.21268564019321412,0.23263076908332259,0.23263076908332259,0.0,0.0,0.0,0.0,0.0,1.0,0.0,0.0,0.0,0.0,0.0,0.0,0.0,0.0,0.0,0.0,0.0,0.0,0.0,0.0,0.0
112,"[[0.28737854957580566, 1.0, 0.23333333333333334, 0.0, 0.25, 0.0, 0.0, 1.0, 0.2873785476054042, 0.11141681933862775, 0.11141681933862775, 0.0, 0.0, 0.0, 0.0, 0.0, 0.0, 0.0, 0.0, 0.0, 0.0, 0.0, 0.0, 0.0, 0.0, 0.0, 0.0, 0.0, 0.0, 0.0, 0.0, 0.0], [0.28867578506469727, 0.0, 0.26666666666666666, 0.0196078431372549, 0.25, 0.0, 0.0, 0.0, 0.2886757758694904, 0.14289058338512076, 0.14289058338512076, 0.0, 0.0, 0.0, 0.0, 1.0, 0.0, 0.0, 0.0, 0.0, 0.0, 0.0, 0.0, 0.0, 0.0, 0.0, 0.0, 0.0, 0.0, 0.0, 0.0, 0.0], [0.2016989290714264, 0.16666666666666666, 0.3, 0.0196078431372549, 0.25, 0.0, 0.0, 0.0, 0.2016989337511299, 0.18852093068692968, 0.18852093068692968, 0.0, 0.0, 0.0, 0.0, 0.0, 0.0, 0.0, 0.0, 0.0, 0.0, 0.0, 0.0, 0.0, 0.0, 0.0, 0.0, 0.0, 0.0, 0.0, 0.0, 0.0], [0.19035282731056213, 0.3333333333333333, 0.3333333333333333, 0.0196078431372549, 0.25, 0.0, 0.0, 0.0, 0.1903528260790612, 0.1913014982029098, 0.1913014982029098, 0.0, 0.0, 0.0, 0.0, 0.0, 0.0, 0.0, 0.0, 0.0, 0.0, 0.0, 0.0, 0.0, 0.0, 0.0, 0.0, 0.0, 0.0, 0.0, 0.0, 0.0], [0.2087048590183258, 0.5, 0.3666666666666667, 0.0196078431372549, 0.25, 0.0, 0.0, 0.0, 0.20870486172762784, 0.2077214054496492, 0.2077214054496492, 0.0, 0.0, 0.0, 0.0, 0.0, 0.0, 0.0, 0.0, 0.0, 0.0, 0.0, 0.0, 0.0, 0.0, 0.0, 0.0, 0.0, 0.0, 0.0, 0.0, 0.0], [0.21268562972545624, 0.6666666666666666, 0.4, 0.0196078431372549, 0.25, 0.0, 0.0, 0.0, 0.21268564019321412, 0.23263076908332259, 0.23263076908332259, 0.0, 0.0, 0.0, 0.0, 0.0, 1.0, 0.0, 0.0, 0.0, 0.0, 0.0, 0.0, 0.0, 0.0, 0.0, 0.0, 0.0, 0.0, 0.0, 0.0, 0.0], [0.28542953729629517, 0.8333333333333333, 0.43333333333333335, 0.0196078431372549, 0.25, 0.0, 0.0, 1.0, 0.28542954205809873, 0.2873785476054042, 0.2873785476054042, 0.0, 0.0, 0.0, 0.0, 0.0, 0.0, 0.0, 0.0, 0.0, 0.0, 0.0, 0.0, 0.0, 0.0, 0.0, 0.0, 0.0, 0.0, 0.0, 0.0, 0.0]]",0.33115553855895996,120.20946049690247,5.0,14.0,2.0,2.0,1.0,1.0,1.0,103.61092376708983,104.31841278076172,104.31841278076172,0.0,0.0,0.0,0.0,0.0,0.0,0.0,0.0,0.0,0.0,0.0,0.0,0.0,0.0,0.0,0.0,0.0,0.0,0.0,0.0,0.0,0.8333333333333333,0.43333333333333335,0.0196078431372549,0.25,0.0,0.0,1.0,0.28542954205809873,0.2873785476054042,0.2873785476054042,0.0,0.0,0.0,0.0,0.0,0.0,0.0,0.0,0.0,0.0,0.0,0.0,0.0,0.0,0.0,0.0,0.0,0.0,0.0,0.0,0.0
113,"[[0.28867578506469727, 0.0, 0.26666666666666666, 0.0196078431372549, 0.25, 0.0, 0.0, 0.0, 0.2886757758694904, 0.14289058338512076, 0.14289058338512076, 0.0, 0.0, 0.0, 0.0, 1.0, 0.0, 0.0, 0.0, 0.0, 0.0, 0.0, 0.0, 0.0, 0.0, 0.0, 0.0, 0.0, 0.0, 0.0, 0.0, 0.0], [0.2016989290714264, 0.16666666666666666, 0.3, 0.0196078431372549, 0.25, 0.0, 0.0, 0.0, 0.2016989337511299, 0.18852093068692968, 0.18852093068692968, 0.0, 0.0, 0.0, 0.0, 0.0, 0.0, 0.0, 0.0, 0.0, 0.0, 0.0, 0.0, 0.0, 0.0, 0.0, 0.0, 0.0, 0.0, 0.0, 0.0, 0.0], [0.19035282731056213, 0.3333333333333333, 0.3333333333333333, 0.0196078431372549, 0.25, 0.0, 0.0, 0.0, 0.1903528260790612, 0.1913014982029098, 0.1913014982029098, 0.0, 0.0, 0.0, 0.0, 0.0, 0.0, 0.0, 0.0, 0.0, 0.0, 0.0, 0.0, 0.0, 0.0, 0.0, 0.0, 0.0, 0.0, 0.0, 0.0, 0.0], [0.2087048590183258, 0.5, 0.3666666666666667, 0.0196078431372549, 0.25, 0.0, 0.0, 0.0, 0.20870486172762784, 0.2077214054496492, 0.2077214054496492, 0.0, 0.0, 0.0, 0.0, 0.0, 0.0, 0.0, 0.0, 0.0, 0.0, 0.0, 0.0, 0.0, 0.0, 0.0, 0.0, 0.0, 0.0, 0.0, 0.0, 0.0], [0.21268562972545624, 0.6666666666666666, 0.4, 0.0196078431372549, 0.25, 0.0, 0.0, 0.0, 0.21268564019321412, 0.23263076908332259, 0.23263076908332259, 0.0, 0.0, 0.0, 0.0, 0.0, 1.0, 0.0, 0.0, 0.0, 0.0, 0.0, 0.0, 0.0, 0.0, 0.0, 0.0, 0.0, 0.0, 0.0, 0.0, 0.0], [0.28542953729629517, 0.8333333333333333, 0.43333333333333335, 0.0196078431372549, 0.25, 0.0, 0.0, 1.0, 0.28542954205809873, 0.2873785476054042, 0.2873785476054042, 0.0, 0.0, 0.0, 0.0, 0.0, 0.0, 0.0, 0.0, 0.0, 0.0, 0.0, 0.0, 0.0, 0.0, 0.0, 0.0, 0.0, 0.0, 0.0, 0.0, 0.0], [0.33115553855895996, 1.0, 0.4666666666666667, 0.0196078431372549, 0.5, 0.0, 0.0, 1.0, 0.33115553002055353, 0.2886757758694904, 0.2886757758694904, 0.0, 0.0, 0.0, 0.0, 0.0, 0.0, 0.0, 0.0, 0.0, 0.0, 0.0, 0.0, 0.0, 0.0, 0.0, 0.0, 0.0, 0.0, 0.0, 0.0, 0.0]]",0.28208664059638977,102.39745053648949,6.0,15.0,2.0,3.0,1.0,1.0,1.0,120.20945739746092,104.78930664062501,104.78930664062501,0.0,0.0,0.0,0.0,0.0,0.0,0.0,0.0,0.0,0.0,0.0,0.0,0.0,0.0,0.0,0.0,0.0,0.0,0.0,0.0,0.0,1.0,0.4666666666666667,0.0196078431372549,0.5,0.0,0.0,1.0,0.33115553002055353,0.2886757758694904,0.2886757758694904,0.0,0.0,0.0,0.0,0.0,0.0,0.0,0.0,0.0,0.0,0.0,0.0,0.0,0.0,0.0,0.0,0.0,0.0,0.0,0.0,0.0
114,"[[0.2016989290714264, 0.16666666666666666, 0.3, 0.0196078431372549, 0.25, 0.0, 0.0, 0.0, 0.2016989337511299, 0.18852093068692968, 0.18852093068692968, 0.0, 0.0, 0.0, 0.0, 0.0, 0.0, 0.0, 0.0, 0.0, 0.0, 0.0, 0.0, 0.0, 0.0, 0.0, 0.0, 0.0, 0.0, 0.0, 0.0, 0.0], [0.19035282731056213, 0.3333333333333333, 0.3333333333333333, 0.0196078431372549, 0.25, 0.0, 0.0, 0.0, 0.1903528260790612, 0.1913014982029098, 0.1913014982029098, 0.0, 0.0, 0.0, 0.0, 0.0, 0.0, 0.0, 0.0, 0.0, 0.0, 0.0, 0.0, 0.0, 0.0, 0.0, 0.0, 0.0, 0.0, 0.0, 0.0, 0.0], [0.2087048590183258, 0.5, 0.3666666666666667, 0.0196078431372549, 0.25, 0.0, 0.0, 0.0, 0.20870486172762784, 0.2077214054496492, 0.2077214054496492, 0.0, 0.0, 0.0, 0.0, 0.0, 0.0, 0.0, 0.0, 0.0, 0.0, 0.0, 0.0, 0.0, 0.0, 0.0, 0.0, 0.0, 0.0, 0.0, 0.0, 0.0], [0.21268562972545624, 0.6666666666666666, 0.4, 0.0196078431372549, 0.25, 0.0, 0.0, 0.0, 0.21268564019321412, 0.23263076908332259, 0.23263076908332259, 0.0, 0.0, 0.0, 0.0, 0.0, 1.0, 0.0, 0.0, 0.0, 0.0, 0.0, 0.0, 0.0, 0.0, 0.0, 0.0, 0.0, 0.0, 0.0, 0.0, 0.0], [0.28542953729629517, 0.8333333333333333, 0.43333333333333335, 0.0196078431372549, 0.25, 0.0, 0.0, 1.0, 0.28542954205809873, 0.2873785476054042, 0.2873785476054042, 0.0, 0.0, 0.0, 0.0, 0.0, 0.0, 0.0, 0.0, 0.0, 0.0, 0.0, 0.0, 0.0, 0.0, 0.0, 0.0, 0.0, 0.0, 0.0, 0.0, 0.0], [0.33115553855895996, 1.0, 0.4666666666666667, 0.0196078431372549, 0.5, 0.0, 0.0, 1.0, 0.33115553002055353, 0.2886757758694904, 0.2886757758694904, 0.0, 0.0, 0.0, 0.0, 0.0, 0.0, 0.0, 0.0, 0.0, 0.0, 0.0, 0.0, 0.0, 0.0, 0.0, 0.0, 0.0, 0.0, 0.0, 0.0, 0.0], [0.28208664059638977, 0.0, 0.5, 0.0392156862745098, 0.5, 0.0, 0.0, 0.0, 0.2820866482316955, 0.2016989337511299, 0.2016989337511299, 0.0, 0.0, 0.0, 0.0, 1.0, 0.0, 0.0, 0.0, 0.0, 0.0, 0.0, 0.0, 0.0, 0.0, 0.0, 0.0, 0.0, 0.0, 0.0, 0.0, 0.0]]",0.19351312518119812,70.24526444077492,0.0,16.0,3.0,3.0,1.0,1.0,0.0,102.39745330810545,73.21671295166016,73.21671295166016,0.0,0.0,0.0,0.0,1.0,0.0,0.0,0.0,0.0,0.0,0.0,0.0,0.0,0.0,0.0,0.0,0.0,0.0,0.0,0.0,0.0,0.0,0.5,0.0392156862745098,0.5,0.0,0.0,0.0,0.2820866482316955,0.2016989337511299,0.2016989337511299,0.0,0.0,0.0,0.0,1.0,0.0,0.0,0.0,0.0,0.0,0.0,0.0,0.0,0.0,0.0,0.0,0.0,0.0,0.0,0.0,0.0
115,"[[0.19035282731056213, 0.3333333333333333, 0.3333333333333333, 0.0196078431372549, 0.25, 0.0, 0.0, 0.0, 0.1903528260790612, 0.1913014982029098, 0.1913014982029098, 0.0, 0.0, 0.0, 0.0, 0.0, 0.0, 0.0, 0.0, 0.0, 0.0, 0.0, 0.0, 0.0, 0.0, 0.0, 0.0, 0.0, 0.0, 0.0, 0.0, 0.0], [0.2087048590183258, 0.5, 0.3666666666666667, 0.0196078431372549, 0.25, 0.0, 0.0, 0.0, 0.20870486172762784, 0.2077214054496492, 0.2077214054496492, 0.0, 0.0, 0.0, 0.0, 0.0, 0.0, 0.0, 0.0, 0.0, 0.0, 0.0, 0.0, 0.0, 0.0, 0.0, 0.0, 0.0, 0.0, 0.0, 0.0, 0.0], [0.21268562972545624, 0.6666666666666666, 0.4, 0.0196078431372549, 0.25, 0.0, 0.0, 0.0, 0.21268564019321412, 0.23263076908332259, 0.23263076908332259, 0.0, 0.0, 0.0, 0.0, 0.0, 1.0, 0.0, 0.0, 0.0, 0.0, 0.0, 0.0, 0.0, 0.0, 0.0, 0.0, 0.0, 0.0, 0.0, 0.0, 0.0], [0.28542953729629517, 0.8333333333333333, 0.43333333333333335, 0.0196078431372549, 0.25, 0.0, 0.0, 1.0, 0.28542954205809873, 0.2873785476054042, 0.2873785476054042, 0.0, 0.0, 0.0, 0.0, 0.0, 0.0, 0.0, 0.0, 0.0, 0.0, 0.0, 0.0, 0.0, 0.0, 0.0, 0.0, 0.0, 0.0, 0.0, 0.0, 0.0], [0.33115553855895996, 1.0, 0.4666666666666667, 0.0196078431372549, 0.5, 0.0, 0.0, 1.0, 0.33115553002055353, 0.2886757758694904, 0.2886757758694904, 0.0, 0.0, 0.0, 0.0, 0.0, 0.0, 0.0, 0.0, 0.0, 0.0, 0.0, 0.0, 0.0, 0.0, 0.0, 0.0, 0.0, 0.0, 0.0, 0.0, 0.0], [0.28208664059638977, 0.0, 0.5, 0.0392156862745098, 0.5, 0.0, 0.0, 0.0, 0.2820866482316955, 0.2016989337511299, 0.2016989337511299, 0.0, 0.0, 0.0, 0.0, 1.0, 0.0, 0.0, 0.0, 0.0, 0.0, 0.0, 0.0, 0.0, 0.0, 0.0, 0.0, 0.0, 0.0, 0.0, 0.0, 0.0], [0.19351312518119812, 0.16666666666666666, 0.5333333333333333, 0.0392156862745098, 0.5, 0.0, 0.0, 0.0, 0.19351311885949338, 0.1903528260790612, 0.1903528260790612, 0.0, 0.0, 0.0, 0.0, 0.0, 0.0, 0.0, 0.0, 0.0, 0.0, 0.0, 0.0, 0.0, 0.0, 0.0, 0.0, 0.0, 0.0, 0.0, 0.0, 0.0]]",0.19342778623104095,70.21428640186787,1.0,17.0,3.0,3.0,1.0,1.0,0.0,70.2452621459961,69.09807586669922,69.09807586669922,0.0,0.0,0.0,0.0,0.0,0.0,0.0,0.0,0.0,0.0,0.0,0.0,0.0,0.0,0.0,0.0,0.0,0.0,0.0,0.0,0.0,0.16666666666666666,0.5333333333333333,0.0392156862745098,0.5,0.0,0.0,0.0,0.19351311885949338,0.1903528260790612,0.1903528260790612,0.0,0.0,0.0,0.0,0.0,0.0,0.0,0.0,0.0,0.0,0.0,0.0,0.0,0.0,0.0,0.0,0.0,0.0,0.0,0.0,0.0
116,"[[0.2087048590183258, 0.5, 0.3666666666666667, 0.0196078431372549, 0.25, 0.0, 0.0, 0.0, 0.20870486172762784, 0.2077214054496492, 0.2077214054496492, 0.0, 0.0, 0.0, 0.0, 0.0, 0.0, 0.0, 0.0, 0.0, 0.0, 0.0, 0.0, 0.0, 0.0, 0.0, 0.0, 0.0, 0.0, 0.0, 0.0, 0.0], [0.21268562972545624, 0.6666666666666666, 0.4, 0.0196078431372549, 0.25, 0.0, 0.0, 0.0, 0.21268564019321412, 0.23263076908332259, 0.23263076908332259, 0.0, 0.0, 0.0, 0.0, 0.0, 1.0, 0.0, 0.0, 0.0, 0.0, 0.0, 0.0, 0.0, 0.0, 0.0, 0.0, 0.0, 0.0, 0.0, 0.0, 0.0], [0.28542953729629517, 0.8333333333333333, 0.43333333333333335, 0.0196078431372549, 0.25, 0.0, 0.0, 1.0, 0.28542954205809873, 0.2873785476054042, 0.2873785476054042, 0.0, 0.0, 0.0, 0.0, 0.0, 0.0, 0.0, 0.0, 0.0, 0.0, 0.0, 0.0, 0.0, 0.0, 0.0, 0.0, 0.0, 0.0, 0.0, 0.0, 0.0], [0.33115553855895996, 1.0, 0.4666666666666667, 0.0196078431372549, 0.5, 0.0, 0.0, 1.0, 0.33115553002055353, 0.2886757758694904, 0.2886757758694904, 0.0, 0.0, 0.0, 0.0, 0.0, 0.0, 0.0, 0.0, 0.0, 0.0, 0.0, 0.0, 0.0, 0.0, 0.0, 0.0, 0.0, 0.0, 0.0, 0.0, 0.0], [0.28208664059638977, 0.0, 0.5, 0.0392156862745098, 0.5, 0.0, 0.0, 0.0, 0.2820866482316955, 0.2016989337511299, 0.2016989337511299, 0.0, 0.0, 0.0, 0.0, 1.0, 0.0, 0.0, 0.0, 0.0, 0.0, 0.0, 0.0, 0.0, 0.0, 0.0, 0.0, 0.0, 0.0, 0.0, 0.0, 0.0], [0.19351312518119812, 0.16666666666666666, 0.5333333333333333, 0.0392156862745098, 0.5, 0.0, 0.0, 0.0, 0.19351311885949338, 0.1903528260790612, 0.1903528260790612, 0.0, 0.0, 0.0, 0.0, 0.0, 0.0, 0.0, 0.0, 0.0, 0.0, 0.0, 0.0, 0.0, 0.0, 0.0, 0.0, 0.0, 0.0, 0.0, 0.0, 0.0], [0.19342778623104095, 0.3333333333333333, 0.5666666666666667, 0.0392156862745098, 0.5, 0.0, 0.0, 0.0, 0.19342778733939178, 0.20870486172762784, 0.20870486172762784, 0.0, 0.0, 0.0, 0.0, 0.0, 0.0, 0.0, 0.0, 0.0, 0.0, 0.0, 0.0, 0.0, 0.0, 0.0, 0.0, 0.0, 0.0, 0.0, 0.0, 0.0]]",0.21747876703739166,78.94479243457317,2.0,18.0,3.0,3.0,1.0,1.0,0.0,70.21428680419922,75.7598648071289,75.7598648071289,0.0,0.0,0.0,0.0,0.0,0.0,0.0,0.0,0.0,0.0,0.0,0.0,0.0,0.0,0.0,0.0,0.0,0.0,0.0,0.0,0.0,0.3333333333333333,0.5666666666666667,0.0392156862745098,0.5,0.0,0.0,0.0,0.19342778733939178,0.20870486172762784,0.20870486172762784,0.0,0.0,0.0,0.0,0.0,0.0,0.0,0.0,0.0,0.0,0.0,0.0,0.0,0.0,0.0,0.0,0.0,0.0,0.0,0.0,0.0
117,"[[0.21268562972545624, 0.6666666666666666, 0.4, 0.0196078431372549, 0.25, 0.0, 0.0, 0.0, 0.21268564019321412, 0.23263076908332259, 0.23263076908332259, 0.0, 0.0, 0.0, 0.0, 0.0, 1.0, 0.0, 0.0, 0.0, 0.0, 0.0, 0.0, 0.0, 0.0, 0.0, 0.0, 0.0, 0.0, 0.0, 0.0, 0.0], [0.28542953729629517, 0.8333333333333333, 0.43333333333333335, 0.0196078431372549, 0.25, 0.0, 0.0, 1.0, 0.28542954205809873, 0.2873785476054042, 0.2873785476054042, 0.0, 0.0, 0.0, 0.0, 0.0, 0.0, 0.0, 0.0, 0.0, 0.0, 0.0, 0.0, 0.0, 0.0, 0.0, 0.0, 0.0, 0.0, 0.0, 0.0, 0.0], [0.33115553855895996, 1.0, 0.4666666666666667, 0.0196078431372549, 0.5, 0.0, 0.0, 1.0, 0.33115553002055353, 0.2886757758694904, 0.2886757758694904, 0.0, 0.0, 0.0, 0.0, 0.0, 0.0, 0.0, 0.0, 0.0, 0.0, 0.0, 0.0, 0.0, 0.0, 0.0, 0.0, 0.0, 0.0, 0.0, 0.0, 0.0], [0.28208664059638977, 0.0, 0.5, 0.0392156862745098, 0.5, 0.0, 0.0, 0.0, 0.2820866482316955, 0.2016989337511299, 0.2016989337511299, 0.0, 0.0, 0.0, 0.0, 1.0, 0.0, 0.0, 0.0, 0.0, 0.0, 0.0, 0.0, 0.0, 0.0, 0.0, 0.0, 0.0, 0.0, 0.0, 0.0, 0.0], [0.19351312518119812, 0.16666666666666666, 0.5333333333333333, 0.0392156862745098, 0.5, 0.0, 0.0, 0.0, 0.19351311885949338, 0.1903528260790612, 0.1903528260790612, 0.0, 0.0, 0.0, 0.0, 0.0, 0.0, 0.0, 0.0, 0.0, 0.0, 0.0, 0.0, 0.0, 0.0, 0.0, 0.0, 0.0, 0.0, 0.0, 0.0, 0.0], [0.19342778623104095, 0.3333333333333333, 0.5666666666666667, 0.0392156862745098, 0.5, 0.0, 0.0, 0.0, 0.19342778733939178, 0.20870486172762784, 0.20870486172762784, 0.0, 0.0, 0.0, 0.0, 0.0, 0.0, 0.0, 0.0, 0.0, 0.0, 0.0, 0.0, 0.0, 0.0, 0.0, 0.0, 0.0, 0.0, 0.0, 0.0, 0.0], [0.21747876703739166, 0.5, 0.6, 0.0392156862745098, 0.5, 0.0, 0.0, 0.0, 0.2174787705266443, 0.21268564019321412, 0.21268564019321412, 0.0, 0.0, 0.0, 0.0, 0.0, 0.0, 0.0, 0.0, 0.0, 0.0, 0.0, 0.0, 0.0, 0.0, 0.0, 0.0, 0.0, 0.0, 0.0, 0.0, 0.0]]",0.2237517237663269,81.22187572717667,3.0,19.0,3.0,3.0,1.0,1.0,0.0,78.94479370117188,77.20488739013672,77.20488739013672,0.0,0.0,0.0,0.0,0.0,0.0,0.0,0.0,0.0,0.0,0.0,0.0,0.0,0.0,0.0,0.0,0.0,0.0,0.0,0.0,0.0,0.5,0.6,0.0392156862745098,0.5,0.0,0.0,0.0,0.2174787705266443,0.21268564019321412,0.21268564019321412,0.0,0.0,0.0,0.0,0.0,0.0,0.0,0.0,0.0,0.0,0.0,0.0,0.0,0.0,0.0,0.0,0.0,0.0,0.0,0.0,0.0
118,"[[0.28542953729629517, 0.8333333333333333, 0.43333333333333335, 0.0196078431372549, 0.25, 0.0, 0.0, 1.0, 0.28542954205809873, 0.2873785476054042, 0.2873785476054042, 0.0, 0.0, 0.0, 0.0, 0.0, 0.0, 0.0, 0.0, 0.0, 0.0, 0.0, 0.0, 0.0, 0.0, 0.0, 0.0, 0.0, 0.0, 0.0, 0.0, 0.0], [0.33115553855895996, 1.0, 0.4666666666666667, 0.0196078431372549, 0.5, 0.0, 0.0, 1.0, 0.33115553002055353, 0.2886757758694904, 0.2886757758694904, 0.0, 0.0, 0.0, 0.0, 0.0, 0.0, 0.0, 0.0, 0.0, 0.0, 0.0, 0.0, 0.0, 0.0, 0.0, 0.0, 0.0, 0.0, 0.0, 0.0, 0.0], [0.28208664059638977, 0.0, 0.5, 0.0392156862745098, 0.5, 0.0, 0.0, 0.0, 0.2820866482316955, 0.2016989337511299, 0.2016989337511299, 0.0, 0.0, 0.0, 0.0, 1.0, 0.0, 0.0, 0.0, 0.0, 0.0, 0.0, 0.0, 0.0, 0.0, 0.0, 0.0, 0.0, 0.0, 0.0, 0.0, 0.0], [0.19351312518119812, 0.16666666666666666, 0.5333333333333333, 0.0392156862745098, 0.5, 0.0, 0.0, 0.0, 0.19351311885949338, 0.1903528260790612, 0.1903528260790612, 0.0, 0.0, 0.0, 0.0, 0.0, 0.0, 0.0, 0.0, 0.0, 0.0, 0.0, 0.0, 0.0, 0.0, 0.0, 0.0, 0.0, 0.0, 0.0, 0.0, 0.0], [0.19342778623104095, 0.3333333333333333, 0.5666666666666667, 0.0392156862745098, 0.5, 0.0, 0.0, 0.0, 0.19342778733939178, 0.20870486172762784, 0.20870486172762784, 0.0, 0.0, 0.0, 0.0, 0.0, 0.0, 0.0, 0.0, 0.0, 0.0, 0.0, 0.0, 0.0, 0.0, 0.0, 0.0, 0.0, 0.0, 0.0, 0.0, 0.0], [0.21747876703739166, 0.5, 0.6, 0.0392156862745098, 0.5, 0.0, 0.0, 0.0, 0.2174787705266443, 0.21268564019321412, 0.21268564019321412, 0.0, 0.0, 0.0, 0.0, 0.0, 0.0, 0.0, 0.0, 0.0, 0.0, 0.0, 0.0, 0.0, 0.0, 0.0, 0.0, 0.0, 0.0, 0.0, 0.0, 0.0], [0.2237517237663269, 0.6666666666666666, 0.6333333333333333, 0.0392156862745098, 0.5, 0.0, 0.0, 0.0, 0.22375173017013172, 0.28542954205809873, 0.28542954205809873, 0.0, 0.0, 0.0, 0.0, 0.0, 1.0, 0.0, 0.0, 0.0, 0.0, 0.0, 0.0, 0.0, 0.0, 0.0, 0.0, 0.0, 0.0, 0.0, 0.0, 0.0]]",0.3018747568130493,109.5805367231369,4.0,20.0,3.0,3.0,1.0,1.0,0.0,81.22187805175781,103.61092376708983,103.61092376708983,0.0,0.0,0.0,0.0,0.0,1.0,0.0,0.0,0.0,0.0,0.0,0.0,0.0,0.0,0.0,0.0,0.0,0.0,0.0,0.0,0.0,0.6666666666666666,0.6333333333333333,0.0392156862745098,0.5,0.0,0.0,0.0,0.22375173017013172,0.28542954205809873,0.28542954205809873,0.0,0.0,0.0,0.0,0.0,1.0,0.0,0.0,0.0,0.0,0.0,0.0,0.0,0.0,0.0,0.0,0.0,0.0,0.0,0.0,0.0
119,"[[0.33115553855895996, 1.0, 0.4666666666666667, 0.0196078431372549, 0.5, 0.0, 0.0, 1.0, 0.33115553002055353, 0.2886757758694904, 0.2886757758694904, 0.0, 0.0, 0.0, 0.0, 0.0, 0.0, 0.0, 0.0, 0.0, 0.0, 0.0, 0.0, 0.0, 0.0, 0.0, 0.0, 0.0, 0.0, 0.0, 0.0, 0.0], [0.28208664059638977, 0.0, 0.5, 0.0392156862745098, 0.5, 0.0, 0.0, 0.0, 0.2820866482316955, 0.2016989337511299, 0.2016989337511299, 0.0, 0.0, 0.0, 0.0, 1.0, 0.0, 0.0, 0.0, 0.0, 0.0, 0.0, 0.0, 0.0, 0.0, 0.0, 0.0, 0.0, 0.0, 0.0, 0.0, 0.0], [0.19351312518119812, 0.16666666666666666, 0.5333333333333333, 0.0392156862745098, 0.5, 0.0, 0.0, 0.0, 0.19351311885949338, 0.1903528260790612, 0.1903528260790612, 0.0, 0.0, 0.0, 0.0, 0.0, 0.0, 0.0, 0.0, 0.0, 0.0, 0.0, 0.0, 0.0, 0.0, 0.0, 0.0, 0.0, 0.0, 0.0, 0.0, 0.0], [0.19342778623104095, 0.3333333333333333, 0.5666666666666667, 0.0392156862745098, 0.5, 0.0, 0.0, 0.0, 0.19342778733939178, 0.20870486172762784, 0.20870486172762784, 0.0, 0.0, 0.0, 0.0, 0.0, 0.0, 0.0, 0.0, 0.0, 0.0, 0.0, 0.0, 0.0, 0.0, 0.0, 0.0, 0.0, 0.0, 0.0, 0.0, 0.0], [0.21747876703739166, 0.5, 0.6, 0.0392156862745098, 0.5, 0.0, 0.0, 0.0, 0.2174787705266443, 0.21268564019321412, 0.21268564019321412, 0.0, 0.0, 0.0, 0.0, 0.0, 0.0, 0.0, 0.0, 0.0, 0.0, 0.0, 0.0, 0.0, 0.0, 0.0, 0.0, 0.0, 0.0, 0.0, 0.0, 0.0], [0.2237517237663269, 0.6666666666666666, 0.6333333333333333, 0.0392156862745098, 0.5, 0.0, 0.0, 0.0, 0.22375173017013172, 0.28542954205809873, 0.28542954205809873, 0.0, 0.0, 0.0, 0.0, 0.0, 1.0, 0.0, 0.0, 0.0, 0.0, 0.0, 0.0, 0.0, 0.0, 0.0, 0.0, 0.0, 0.0, 0.0, 0.0, 0.0], [0.3018747568130493, 0.8333333333333333, 0.6666666666666666, 0.0392156862745098, 0.5, 0.0, 0.0, 1.0, 0.3018747545142476, 0.33115553002055353, 0.33115553002055353, 0.0, 0.0, 0.0, 0.0, 0.0, 0.0, 0.0, 0.0, 0.0, 0.0, 0.0, 0.0, 0.0, 0.0, 0.0, 0.0, 0.0, 0.0, 0.0, 0.0, 0.0]]",0.3122357726097107,113.34158545732498,5.0,21.0,3.0,3.0,1.0,1.0,1.0,109.58053588867188,120.20945739746092,120.20945739746092,0.0,0.0,0.0,0.0,0.0,0.0,0.0,0.0,0.0,0.0,0.0,0.0,0.0,0.0,0.0,0.0,0.0,0.0,0.0,0.0,0.0,0.8333333333333333,0.6666666666666666,0.0392156862745098,0.5,0.0,0.0,1.0,0.3018747545142476,0.33115553002055353,0.33115553002055353,0.0,0.0,0.0,0.0,0.0,0.0,0.0,0.0,0.0,0.0,0.0,0.0,0.0,0.0,0.0,0.0,0.0,0.0,0.0,0.0,0.0
120,"[[0.28208664059638977, 0.0, 0.5, 0.0392156862745098, 0.5, 0.0, 0.0, 0.0, 0.2820866482316955, 0.2016989337511299, 0.2016989337511299, 0.0, 0.0, 0.0, 0.0, 1.0, 0.0, 0.0, 0.0, 0.0, 0.0, 0.0, 0.0, 0.0, 0.0, 0.0, 0.0, 0.0, 0.0, 0.0, 0.0, 0.0], [0.19351312518119812, 0.16666666666666666, 0.5333333333333333, 0.0392156862745098, 0.5, 0.0, 0.0, 0.0, 0.19351311885949338, 0.1903528260790612, 0.1903528260790612, 0.0, 0.0, 0.0, 0.0, 0.0, 0.0, 0.0, 0.0, 0.0, 0.0, 0.0, 0.0, 0.0, 0.0, 0.0, 0.0, 0.0, 0.0, 0.0, 0.0, 0.0], [0.19342778623104095, 0.3333333333333333, 0.5666666666666667, 0.0392156862745098, 0.5, 0.0, 0.0, 0.0, 0.19342778733939178, 0.20870486172762784, 0.20870486172762784, 0.0, 0.0, 0.0, 0.0, 0.0, 0.0, 0.0, 0.0, 0.0, 0.0, 0.0, 0.0, 0.0, 0.0, 0.0, 0.0, 0.0, 0.0, 0.0, 0.0, 0.0], [0.21747876703739166, 0.5, 0.6, 0.0392156862745098, 0.5, 0.0, 0.0, 0.0, 0.2174787705266443, 0.21268564019321412, 0.21268564019321412, 0.0, 0.0, 0.0, 0.0, 0.0, 0.0, 0.0, 0.0, 0.0, 0.0, 0.0, 0.0, 0.0, 0.0, 0.0, 0.0, 0.0, 0.0, 0.0, 0.0, 0.0], [0.2237517237663269, 0.6666666666666666, 0.6333333333333333, 0.0392156862745098, 0.5, 0.0, 0.0, 0.0, 0.22375173017013172, 0.28542954205809873, 0.28542954205809873, 0.0, 0.0, 0.0, 0.0, 0.0, 1.0, 0.0, 0.0, 0.0, 0.0, 0.0, 0.0, 0.0, 0.0, 0.0, 0.0, 0.0, 0.0, 0.0, 0.0, 0.0], [0.3018747568130493, 0.8333333333333333, 0.6666666666666666, 0.0392156862745098, 0.5, 0.0, 0.0, 1.0, 0.3018747545142476, 0.33115553002055353, 0.33115553002055353, 0.0, 0.0, 0.0, 0.0, 0.0, 0.0, 0.0, 0.0, 0.0, 0.0, 0.0, 0.0, 0.0, 0.0, 0.0, 0.0, 0.0, 0.0, 0.0, 0.0, 0.0], [0.3122357726097107, 1.0, 0.7, 0.0392156862745098, 0.75, 0.0, 0.0, 1.0, 0.3122357665343061, 0.2820866482316955, 0.2820866482316955, 0.0, 0.0, 0.0, 0.0, 0.0, 0.0, 0.0, 0.0, 0.0, 0.0, 0.0, 0.0, 0.0, 0.0, 0.0, 0.0, 0.0, 0.0, 0.0, 0.0, 0.0]]",0.28938204050064087,105.04568070173264,6.0,22.0,3.0,4.0,1.0,1.0,1.0,113.34158325195312,102.39745330810545,102.39745330810545,0.0,0.0,0.0,0.0,0.0,0.0,0.0,0.0,0.0,0.0,0.0,0.0,0.0,0.0,0.0,0.0,0.0,0.0,0.0,0.0,0.0,1.0,0.7,0.0392156862745098,0.75,0.0,0.0,1.0,0.3122357665343061,0.2820866482316955,0.2820866482316955,0.0,0.0,0.0,0.0,0.0,0.0,0.0,0.0,0.0,0.0,0.0,0.0,0.0,0.0,0.0,0.0,0.0,0.0,0.0,0.0,0.0
121,"[[0.19351312518119812, 0.16666666666666666, 0.5333333333333333, 0.0392156862745098, 0.5, 0.0, 0.0, 0.0, 0.19351311885949338, 0.1903528260790612, 0.1903528260790612, 0.0, 0.0, 0.0, 0.0, 0.0, 0.0, 0.0, 0.0, 0.0, 0.0, 0.0, 0.0, 0.0, 0.0, 0.0, 0.0, 0.0, 0.0, 0.0, 0.0, 0.0], [0.19342778623104095, 0.3333333333333333, 0.5666666666666667, 0.0392156862745098, 0.5, 0.0, 0.0, 0.0, 0.19342778733939178, 0.20870486172762784, 0.20870486172762784, 0.0, 0.0, 0.0, 0.0, 0.0, 0.0, 0.0, 0.0, 0.0, 0.0, 0.0, 0.0, 0.0, 0.0, 0.0, 0.0, 0.0, 0.0, 0.0, 0.0, 0.0], [0.21747876703739166, 0.5, 0.6, 0.0392156862745098, 0.5, 0.0, 0.0, 0.0, 0.2174787705266443, 0.21268564019321412, 0.21268564019321412, 0.0, 0.0, 0.0, 0.0, 0.0, 0.0, 0.0, 0.0, 0.0, 0.0, 0.0, 0.0, 0.0, 0.0, 0.0, 0.0, 0.0, 0.0, 0.0, 0.0, 0.0], [0.2237517237663269, 0.6666666666666666, 0.6333333333333333, 0.0392156862745098, 0.5, 0.0, 0.0, 0.0, 0.22375173017013172, 0.28542954205809873, 0.28542954205809873, 0.0, 0.0, 0.0, 0.0, 0.0, 1.0, 0.0, 0.0, 0.0, 0.0, 0.0, 0.0, 0.0, 0.0, 0.0, 0.0, 0.0, 0.0, 0.0, 0.0, 0.0], [0.3018747568130493, 0.8333333333333333, 0.6666666666666666, 0.0392156862745098, 0.5, 0.0, 0.0, 1.0, 0.3018747545142476, 0.33115553002055353, 0.33115553002055353, 0.0, 0.0, 0.0, 0.0, 0.0, 0.0, 0.0, 0.0, 0.0, 0.0, 0.0, 0.0, 0.0, 0.0, 0.0, 0.0, 0.0, 0.0, 0.0, 0.0, 0.0], [0.3122357726097107, 1.0, 0.7, 0.0392156862745098, 0.75, 0.0, 0.0, 1.0, 0.3122357665343061, 0.2820866482316955, 0.2820866482316955, 0.0, 0.0, 0.0, 0.0, 0.0, 0.0, 0.0, 0.0, 0.0, 0.0, 0.0, 0.0, 0.0, 0.0, 0.0, 0.0, 0.0, 0.0, 0.0, 0.0, 0.0], [0.28938204050064087, 0.0, 0.7333333333333333, 0.058823529411764705, 0.75, 0.0, 0.0, 0.0, 0.2893820308128336, 0.19351311885949338, 0.19351311885949338, 0.0, 0.0, 0.0, 0.0, 1.0, 0.0, 0.0, 0.0, 0.0, 0.0, 0.0, 0.0, 0.0, 0.0, 0.0, 0.0, 0.0, 0.0, 0.0, 0.0, 0.0]]",0.20399877429008484,74.0515550673008,0.0,23.0,4.0,4.0,1.0,1.0,0.0,105.0456771850586,70.2452621459961,70.2452621459961,0.0,0.0,0.0,0.0,1.0,0.0,0.0,0.0,0.0,0.0,0.0,0.0,0.0,0.0,0.0,0.0,0.0,0.0,0.0,0.0,0.0,0.0,0.7333333333333333,0.058823529411764705,0.75,0.0,0.0,0.0,0.2893820308128336,0.19351311885949338,0.19351311885949338,0.0,0.0,0.0,0.0,1.0,0.0,0.0,0.0,0.0,0.0,0.0,0.0,0.0,0.0,0.0,0.0,0.0,0.0,0.0,0.0,0.0
122,"[[0.19342778623104095, 0.3333333333333333, 0.5666666666666667, 0.0392156862745098, 0.5, 0.0, 0.0, 0.0, 0.19342778733939178, 0.20870486172762784, 0.20870486172762784, 0.0, 0.0, 0.0, 0.0, 0.0, 0.0, 0.0, 0.0, 0.0, 0.0, 0.0, 0.0, 0.0, 0.0, 0.0, 0.0, 0.0, 0.0, 0.0, 0.0, 0.0], [0.21747876703739166, 0.5, 0.6, 0.0392156862745098, 0.5, 0.0, 0.0, 0.0, 0.2174787705266443, 0.21268564019321412, 0.21268564019321412, 0.0, 0.0, 0.0, 0.0, 0.0, 0.0, 0.0, 0.0, 0.0, 0.0, 0.0, 0.0, 0.0, 0.0, 0.0, 0.0, 0.0, 0.0, 0.0, 0.0, 0.0], [0.2237517237663269, 0.6666666666666666, 0.6333333333333333, 0.0392156862745098, 0.5, 0.0, 0.0, 0.0, 0.22375173017013172, 0.28542954205809873, 0.28542954205809873, 0.0, 0.0, 0.0, 0.0, 0.0, 1.0, 0.0, 0.0, 0.0, 0.0, 0.0, 0.0, 0.0, 0.0, 0.0, 0.0, 0.0, 0.0, 0.0, 0.0, 0.0], [0.3018747568130493, 0.8333333333333333, 0.6666666666666666, 0.0392156862745098, 0.5, 0.0, 0.0, 1.0, 0.3018747545142476, 0.33115553002055353, 0.33115553002055353, 0.0, 0.0, 0.0, 0.0, 0.0, 0.0, 0.0, 0.0, 0.0, 0.0, 0.0, 0.0, 0.0, 0.0, 0.0, 0.0, 0.0, 0.0, 0.0, 0.0, 0.0], [0.3122357726097107, 1.0, 0.7, 0.0392156862745098, 0.75, 0.0, 0.0, 1.0, 0.3122357665343061, 0.2820866482316955, 0.2820866482316955, 0.0, 0.0, 0.0, 0.0, 0.0, 0.0, 0.0, 0.0, 0.0, 0.0, 0.0, 0.0, 0.0, 0.0, 0.0, 0.0, 0.0, 0.0, 0.0, 0.0, 0.0], [0.28938204050064087, 0.0, 0.7333333333333333, 0.058823529411764705, 0.75, 0.0, 0.0, 0.0, 0.2893820308128336, 0.19351311885949338, 0.19351311885949338, 0.0, 0.0, 0.0, 0.0, 1.0, 0.0, 0.0, 0.0, 0.0, 0.0, 0.0, 0.0, 0.0, 0.0, 0.0, 0.0, 0.0, 0.0, 0.0, 0.0, 0.0], [0.20399877429008484, 0.16666666666666666, 0.7666666666666667, 0.058823529411764705, 0.75, 0.0, 0.0, 0.0, 0.2039987653411781, 0.19342778733939178, 0.19342778733939178, 0.0, 0.0, 0.0, 0.0, 0.0, 0.0, 0.0, 0.0, 0.0, 0.0, 0.0, 0.0, 0.0, 0.0, 0.0, 0.0, 0.0, 0.0, 0.0, 0.0, 0.0]]",0.19779980182647705,71.80132806301117,1.0,24.0,4.0,4.0,1.0,1.0,0.0,74.05155181884766,70.21428680419922,70.21428680419922,0.0,0.0,0.0,0.0,0.0,0.0,0.0,0.0,0.0,0.0,0.0,0.0,0.0,0.0,0.0,0.0,0.0,0.0,0.0,0.0,0.0,0.16666666666666666,0.7666666666666667,0.058823529411764705,0.75,0.0,0.0,0.0,0.2039987653411781,0.19342778733939178,0.19342778733939178,0.0,0.0,0.0,0.0,0.0,0.0,0.0,0.0,0.0,0.0,0.0,0.0,0.0,0.0,0.0,0.0,0.0,0.0,0.0,0.0,0.0
123,"[[0.21747876703739166, 0.5, 0.6, 0.0392156862745098, 0.5, 0.0, 0.0, 0.0, 0.2174787705266443, 0.21268564019321412, 0.21268564019321412, 0.0, 0.0, 0.0, 0.0, 0.0, 0.0, 0.0, 0.0, 0.0, 0.0, 0.0, 0.0, 0.0, 0.0, 0.0, 0.0, 0.0, 0.0, 0.0, 0.0, 0.0], [0.2237517237663269, 0.6666666666666666, 0.6333333333333333, 0.0392156862745098, 0.5, 0.0, 0.0, 0.0, 0.22375173017013172, 0.28542954205809873, 0.28542954205809873, 0.0, 0.0, 0.0, 0.0, 0.0, 1.0, 0.0, 0.0, 0.0, 0.0, 0.0, 0.0, 0.0, 0.0, 0.0, 0.0, 0.0, 0.0, 0.0, 0.0, 0.0], [0.3018747568130493, 0.8333333333333333, 0.6666666666666666, 0.0392156862745098, 0.5, 0.0, 0.0, 1.0, 0.3018747545142476, 0.33115553002055353, 0.33115553002055353, 0.0, 0.0, 0.0, 0.0, 0.0, 0.0, 0.0, 0.0, 0.0, 0.0, 0.0, 0.0, 0.0, 0.0, 0.0, 0.0, 0.0, 0.0, 0.0, 0.0, 0.0], [0.3122357726097107, 1.0, 0.7, 0.0392156862745098, 0.75, 0.0, 0.0, 1.0, 0.3122357665343061, 0.2820866482316955, 0.2820866482316955, 0.0, 0.0, 0.0, 0.0, 0.0, 0.0, 0.0, 0.0, 0.0, 0.0, 0.0, 0.0, 0.0, 0.0, 0.0, 0.0, 0.0, 0.0, 0.0, 0.0, 0.0], [0.28938204050064087, 0.0, 0.7333333333333333, 0.058823529411764705, 0.75, 0.0, 0.0, 0.0, 0.2893820308128336, 0.19351311885949338, 0.19351311885949338, 0.0, 0.0, 0.0, 0.0, 1.0, 0.0, 0.0, 0.0, 0.0, 0.0, 0.0, 0.0, 0.0, 0.0, 0.0, 0.0, 0.0, 0.0, 0.0, 0.0, 0.0], [0.20399877429008484, 0.16666666666666666, 0.7666666666666667, 0.058823529411764705, 0.75, 0.0, 0.0, 0.0, 0.2039987653411781, 0.19342778733939178, 0.19342778733939178, 0.0, 0.0, 0.0, 0.0, 0.0, 0.0, 0.0, 0.0, 0.0, 0.0, 0.0, 0.0, 0.0, 0.0, 0.0, 0.0, 0.0, 0.0, 0.0, 0.0, 0.0], [0.19779980182647705, 0.3333333333333333, 0.8, 0.058823529411764705, 0.75, 0.0, 0.0, 0.0, 0.19779980872288225, 0.2174787705266443, 0.2174787705266443, 0.0, 0.0, 0.0, 0.0, 0.0, 0.0, 0.0, 0.0, 0.0, 0.0, 0.0, 0.0, 0.0, 0.0, 0.0, 0.0, 0.0, 0.0, 0.0, 0.0, 0.0]]",0.22044715285301208,80.02231648564339,2.0,25.0,4.0,4.0,1.0,1.0,0.0,71.80133056640625,78.94479370117188,78.94479370117188,0.0,0.0,0.0,0.0,0.0,0.0,0.0,0.0,0.0,0.0,0.0,0.0,0.0,0.0,0.0,0.0,0.0,0.0,0.0,0.0,0.0,0.3333333333333333,0.8,0.058823529411764705,0.75,0.0,0.0,0.0,0.19779980872288225,0.2174787705266443,0.2174787705266443,0.0,0.0,0.0,0.0,0.0,0.0,0.0,0.0,0.0,0.0,0.0,0.0,0.0,0.0,0.0,0.0,0.0,0.0,0.0,0.0,0.0
124,"[[0.2237517237663269, 0.6666666666666666, 0.6333333333333333, 0.0392156862745098, 0.5, 0.0, 0.0, 0.0, 0.22375173017013172, 0.28542954205809873, 0.28542954205809873, 0.0, 0.0, 0.0, 0.0, 0.0, 1.0, 0.0, 0.0, 0.0, 0.0, 0.0, 0.0, 0.0, 0.0, 0.0, 0.0, 0.0, 0.0, 0.0, 0.0, 0.0], [0.3018747568130493, 0.8333333333333333, 0.6666666666666666, 0.0392156862745098, 0.5, 0.0, 0.0, 1.0, 0.3018747545142476, 0.33115553002055353, 0.33115553002055353, 0.0, 0.0, 0.0, 0.0, 0.0, 0.0, 0.0, 0.0, 0.0, 0.0, 0.0, 0.0, 0.0, 0.0, 0.0, 0.0, 0.0, 0.0, 0.0, 0.0, 0.0], [0.3122357726097107, 1.0, 0.7, 0.0392156862745098, 0.75, 0.0, 0.0, 1.0, 0.3122357665343061, 0.2820866482316955, 0.2820866482316955, 0.0, 0.0, 0.0, 0.0, 0.0, 0.0, 0.0, 0.0, 0.0, 0.0, 0.0, 0.0, 0.0, 0.0, 0.0, 0.0, 0.0, 0.0, 0.0, 0.0, 0.0], [0.28938204050064087, 0.0, 0.7333333333333333, 0.058823529411764705, 0.75, 0.0, 0.0, 0.0, 0.2893820308128336, 0.19351311885949338, 0.19351311885949338, 0.0, 0.0, 0.0, 0.0, 1.0, 0.0, 0.0, 0.0, 0.0, 0.0, 0.0, 0.0, 0.0, 0.0, 0.0, 0.0, 0.0, 0.0, 0.0, 0.0, 0.0], [0.20399877429008484, 0.16666666666666666, 0.7666666666666667, 0.058823529411764705, 0.75, 0.0, 0.0, 0.0, 0.2039987653411781, 0.19342778733939178, 0.19342778733939178, 0.0, 0.0, 0.0, 0.0, 0.0, 0.0, 0.0, 0.0, 0.0, 0.0, 0.0, 0.0, 0.0, 0.0, 0.0, 0.0, 0.0, 0.0, 0.0, 0.0, 0.0], [0.19779980182647705, 0.3333333333333333, 0.8, 0.058823529411764705, 0.75, 0.0, 0.0, 0.0, 0.19779980872288225, 0.2174787705266443, 0.2174787705266443, 0.0, 0.0, 0.0, 0.0, 0.0, 0.0, 0.0, 0.0, 0.0, 0.0, 0.0, 0.0, 0.0, 0.0, 0.0, 0.0, 0.0, 0.0, 0.0, 0.0, 0.0], [0.22044715285301208, 0.5, 0.8333333333333334, 0.058823529411764705, 0.75, 0.0, 0.0, 0.0, 0.22044715145731103, 0.22375173017013172, 0.22375173017013172, 0.0, 0.0, 0.0, 0.0, 0.0, 0.0, 0.0, 0.0, 0.0, 0.0, 0.0, 0.0, 0.0, 0.0, 0.0, 0.0, 0.0, 0.0, 0.0, 0.0, 0.0]]",0.2225283980369568,80.77780848741531,3.0,26.0,4.0,4.0,1.0,1.0,0.0,80.0223159790039,81.22187805175781,81.22187805175781,0.0,0.0,0.0,0.0,0.0,0.0,0.0,0.0,0.0,0.0,0.0,0.0,0.0,0.0,0.0,0.0,0.0,0.0,0.0,0.0,0.0,0.5,0.8333333333333334,0.058823529411764705,0.75,0.0,0.0,0.0,0.22044715145731103,0.22375173017013172,0.22375173017013172,0.0,0.0,0.0,0.0,0.0,0.0,0.0,0.0,0.0,0.0,0.0,0.0,0.0,0.0,0.0,0.0,0.0,0.0,0.0,0.0,0.0
125,"[[0.3018747568130493, 0.8333333333333333, 0.6666666666666666, 0.0392156862745098, 0.5, 0.0, 0.0, 1.0, 0.3018747545142476, 0.33115553002055353, 0.33115553002055353, 0.0, 0.0, 0.0, 0.0, 0.0, 0.0, 0.0, 0.0, 0.0, 0.0, 0.0, 0.0, 0.0, 0.0, 0.0, 0.0, 0.0, 0.0, 0.0, 0.0, 0.0], [0.3122357726097107, 1.0, 0.7, 0.0392156862745098, 0.75, 0.0, 0.0, 1.0, 0.3122357665343061, 0.2820866482316955, 0.2820866482316955, 0.0, 0.0, 0.0, 0.0, 0.0, 0.0, 0.0, 0.0, 0.0, 0.0, 0.0, 0.0, 0.0, 0.0, 0.0, 0.0, 0.0, 0.0, 0.0, 0.0, 0.0], [0.28938204050064087, 0.0, 0.7333333333333333, 0.058823529411764705, 0.75, 0.0, 0.0, 0.0, 0.2893820308128336, 0.19351311885949338, 0.19351311885949338, 0.0, 0.0, 0.0, 0.0, 1.0, 0.0, 0.0, 0.0, 0.0, 0.0, 0.0, 0.0, 0.0, 0.0, 0.0, 0.0, 0.0, 0.0, 0.0, 0.0, 0.0], [0.20399877429008484, 0.16666666666666666, 0.7666666666666667, 0.058823529411764705, 0.75, 0.0, 0.0, 0.0, 0.2039987653411781, 0.19342778733939178, 0.19342778733939178, 0.0, 0.0, 0.0, 0.0, 0.0, 0.0, 0.0, 0.0, 0.0, 0.0, 0.0, 0.0, 0.0, 0.0, 0.0, 0.0, 0.0, 0.0, 0.0, 0.0, 0.0], [0.19779980182647705, 0.3333333333333333, 0.8, 0.058823529411764705, 0.75, 0.0, 0.0, 0.0, 0.19779980872288225, 0.2174787705266443, 0.2174787705266443, 0.0, 0.0, 0.0, 0.0, 0.0, 0.0, 0.0, 0.0, 0.0, 0.0, 0.0, 0.0, 0.0, 0.0, 0.0, 0.0, 0.0, 0.0, 0.0, 0.0, 0.0], [0.22044715285301208, 0.5, 0.8333333333333334, 0.058823529411764705, 0.75, 0.0, 0.0, 0.0, 0.22044715145731103, 0.22375173017013172, 0.22375173017013172, 0.0, 0.0, 0.0, 0.0, 0.0, 0.0, 0.0, 0.0, 0.0, 0.0, 0.0, 0.0, 0.0, 0.0, 0.0, 0.0, 0.0, 0.0, 0.0, 0.0, 0.0], [0.2225283980369568, 0.6666666666666666, 0.8666666666666667, 0.058823529411764705, 0.75, 0.0, 0.0, 0.0, 0.22252839984315814, 0.3018747545142476, 0.3018747545142476, 0.0, 0.0, 0.0, 0.0, 0.0, 1.0, 0.0, 0.0, 0.0, 0.0, 0.0, 0.0, 0.0, 0.0, 0.0, 0.0, 0.0, 0.0, 0.0, 0.0, 0.0]]",0.31447386741638184,114.1540138721466,4.0,27.0,4.0,4.0,1.0,1.0,0.0,80.7778091430664,109.58053588867188,109.58053588867188,0.0,0.0,0.0,0.0,0.0,1.0,0.0,0.0,0.0,0.0,0.0,0.0,0.0,0.0,0.0,0.0,0.0,0.0,0.0,0.0,0.0,0.6666666666666666,0.8666666666666667,0.058823529411764705,0.75,0.0,0.0,0.0,0.22252839984315814,0.3018747545142476,0.3018747545142476,0.0,0.0,0.0,0.0,0.0,1.0,0.0,0.0,0.0,0.0,0.0,0.0,0.0,0.0,0.0,0.0,0.0,0.0,0.0,0.0,0.0
126,"[[0.3122357726097107, 1.0, 0.7, 0.0392156862745098, 0.75, 0.0, 0.0, 1.0, 0.3122357665343061, 0.2820866482316955, 0.2820866482316955, 0.0, 0.0, 0.0, 0.0, 0.0, 0.0, 0.0, 0.0, 0.0, 0.0, 0.0, 0.0, 0.0, 0.0, 0.0, 0.0, 0.0, 0.0, 0.0, 0.0, 0.0], [0.28938204050064087, 0.0, 0.7333333333333333, 0.058823529411764705, 0.75, 0.0, 0.0, 0.0, 0.2893820308128336, 0.19351311885949338, 0.19351311885949338, 0.0, 0.0, 0.0, 0.0, 1.0, 0.0, 0.0, 0.0, 0.0, 0.0, 0.0, 0.0, 0.0, 0.0, 0.0, 0.0, 0.0, 0.0, 0.0, 0.0, 0.0], [0.20399877429008484, 0.16666666666666666, 0.7666666666666667, 0.058823529411764705, 0.75, 0.0, 0.0, 0.0, 0.2039987653411781, 0.19342778733939178, 0.19342778733939178, 0.0, 0.0, 0.0, 0.0, 0.0, 0.0, 0.0, 0.0, 0.0, 0.0, 0.0, 0.0, 0.0, 0.0, 0.0, 0.0, 0.0, 0.0, 0.0, 0.0, 0.0], [0.19779980182647705, 0.3333333333333333, 0.8, 0.058823529411764705, 0.75, 0.0, 0.0, 0.0, 0.19779980872288225, 0.2174787705266443, 0.2174787705266443, 0.0, 0.0, 0.0, 0.0, 0.0, 0.0, 0.0, 0.0, 0.0, 0.0, 0.0, 0.0, 0.0, 0.0, 0.0, 0.0, 0.0, 0.0, 0.0, 0.0, 0.0], [0.22044715285301208, 0.5, 0.8333333333333334, 0.058823529411764705, 0.75, 0.0, 0.0, 0.0, 0.22044715145731103, 0.22375173017013172, 0.22375173017013172, 0.0, 0.0, 0.0, 0.0, 0.0, 0.0, 0.0, 0.0, 0.0, 0.0, 0.0, 0.0, 0.0, 0.0, 0.0, 0.0, 0.0, 0.0, 0.0, 0.0, 0.0], [0.2225283980369568, 0.6666666666666666, 0.8666666666666667, 0.058823529411764705, 0.75, 0.0, 0.0, 0.0, 0.22252839984315814, 0.3018747545142476, 0.3018747545142476, 0.0, 0.0, 0.0, 0.0, 0.0, 1.0, 0.0, 0.0, 0.0, 0.0, 0.0, 0.0, 0.0, 0.0, 0.0, 0.0, 0.0, 0.0, 0.0, 0.0, 0.0], [0.31447386741638184, 0.8333333333333333, 0.9, 0.058823529411764705, 0.75, 0.0, 0.0, 1.0, 0.31447386938678334, 0.3122357665343061, 0.3122357665343061, 0.0, 0.0, 0.0, 0.0, 0.0, 0.0, 0.0, 0.0, 0.0, 0.0, 0.0, 0.0, 0.0, 0.0, 0.0, 0.0, 0.0, 0.0, 0.0, 0.0, 0.0]]",0.31457191705703735,114.18960589170456,5.0,28.0,4.0,4.0,1.0,1.0,1.0,114.15401458740236,113.34158325195312,113.34158325195312,0.0,0.0,0.0,0.0,0.0,0.0,0.0,0.0,0.0,0.0,0.0,0.0,0.0,0.0,0.0,0.0,0.0,0.0,0.0,0.0,0.0,0.8333333333333333,0.9,0.058823529411764705,0.75,0.0,0.0,1.0,0.31447386938678334,0.3122357665343061,0.3122357665343061,0.0,0.0,0.0,0.0,0.0,0.0,0.0,0.0,0.0,0.0,0.0,0.0,0.0,0.0,0.0,0.0,0.0,0.0,0.0,0.0,0.0
127,"[[0.28938204050064087, 0.0, 0.7333333333333333, 0.058823529411764705, 0.75, 0.0, 0.0, 0.0, 0.2893820308128336, 0.19351311885949338, 0.19351311885949338, 0.0, 0.0, 0.0, 0.0, 1.0, 0.0, 0.0, 0.0, 0.0, 0.0, 0.0, 0.0, 0.0, 0.0, 0.0, 0.0, 0.0, 0.0, 0.0, 0.0, 0.0], [0.20399877429008484, 0.16666666666666666, 0.7666666666666667, 0.058823529411764705, 0.75, 0.0, 0.0, 0.0, 0.2039987653411781, 0.19342778733939178, 0.19342778733939178, 0.0, 0.0, 0.0, 0.0, 0.0, 0.0, 0.0, 0.0, 0.0, 0.0, 0.0, 0.0, 0.0, 0.0, 0.0, 0.0, 0.0, 0.0, 0.0, 0.0, 0.0], [0.19779980182647705, 0.3333333333333333, 0.8, 0.058823529411764705, 0.75, 0.0, 0.0, 0.0, 0.19779980872288225, 0.2174787705266443, 0.2174787705266443, 0.0, 0.0, 0.0, 0.0, 0.0, 0.0, 0.0, 0.0, 0.0, 0.0, 0.0, 0.0, 0.0, 0.0, 0.0, 0.0, 0.0, 0.0, 0.0, 0.0, 0.0], [0.22044715285301208, 0.5, 0.8333333333333334, 0.058823529411764705, 0.75, 0.0, 0.0, 0.0, 0.22044715145731103, 0.22375173017013172, 0.22375173017013172, 0.0, 0.0, 0.0, 0.0, 0.0, 0.0, 0.0, 0.0, 0.0, 0.0, 0.0, 0.0, 0.0, 0.0, 0.0, 0.0, 0.0, 0.0, 0.0, 0.0, 0.0], [0.2225283980369568, 0.6666666666666666, 0.8666666666666667, 0.058823529411764705, 0.75, 0.0, 0.0, 0.0, 0.22252839984315814, 0.3018747545142476, 0.3018747545142476, 0.0, 0.0, 0.0, 0.0, 0.0, 1.0, 0.0, 0.0, 0.0, 0.0, 0.0, 0.0, 0.0, 0.0, 0.0, 0.0, 0.0, 0.0, 0.0, 0.0, 0.0], [0.31447386741638184, 0.8333333333333333, 0.9, 0.058823529411764705, 0.75, 0.0, 0.0, 1.0, 0.31447386938678334, 0.3122357665343061, 0.3122357665343061, 0.0, 0.0, 0.0, 0.0, 0.0, 0.0, 0.0, 0.0, 0.0, 0.0, 0.0, 0.0, 0.0, 0.0, 0.0, 0.0, 0.0, 0.0, 0.0, 0.0, 0.0], [0.31457191705703735, 1.0, 0.9333333333333333, 0.058823529411764705, 1.0, 0.0, 0.0, 1.0, 0.314571916564437, 0.2893820308128336, 0.2893820308128336, 0.0, 0.0, 0.0, 0.0, 0.0, 0.0, 0.0, 0.0, 0.0, 0.0, 0.0, 0.0, 0.0, 0.0, 0.0, 0.0, 0.0, 0.0, 0.0, 0.0, 0.0]]",0.2991846203804016,108.60401719808578,6.0,29.0,4.0,5.0,1.0,1.0,1.0,114.18960571289062,105.0456771850586,105.0456771850586,0.0,0.0,0.0,0.0,0.0,0.0,0.0,0.0,0.0,0.0,0.0,0.0,0.0,0.0,0.0,0.0,0.0,0.0,0.0,0.0,0.0,1.0,0.9333333333333333,0.058823529411764705,1.0,0.0,0.0,1.0,0.314571916564437,0.2893820308128336,0.2893820308128336,0.0,0.0,0.0,0.0,0.0,0.0,0.0,0.0,0.0,0.0,0.0,0.0,0.0,0.0,0.0,0.0,0.0,0.0,0.0,0.0,0.0
128,"[[0.20399877429008484, 0.16666666666666666, 0.7666666666666667, 0.058823529411764705, 0.75, 0.0, 0.0, 0.0, 0.2039987653411781, 0.19342778733939178, 0.19342778733939178, 0.0, 0.0, 0.0, 0.0, 0.0, 0.0, 0.0, 0.0, 0.0, 0.0, 0.0, 0.0, 0.0, 0.0, 0.0, 0.0, 0.0, 0.0, 0.0, 0.0, 0.0], [0.19779980182647705, 0.3333333333333333, 0.8, 0.058823529411764705, 0.75, 0.0, 0.0, 0.0, 0.19779980872288225, 0.2174787705266443, 0.2174787705266443, 0.0, 0.0, 0.0, 0.0, 0.0, 0.0, 0.0, 0.0, 0.0, 0.0, 0.0, 0.0, 0.0, 0.0, 0.0, 0.0, 0.0, 0.0, 0.0, 0.0, 0.0], [0.22044715285301208, 0.5, 0.8333333333333334, 0.058823529411764705, 0.75, 0.0, 0.0, 0.0, 0.22044715145731103, 0.22375173017013172, 0.22375173017013172, 0.0, 0.0, 0.0, 0.0, 0.0, 0.0, 0.0, 0.0, 0.0, 0.0, 0.0, 0.0, 0.0, 0.0, 0.0, 0.0, 0.0, 0.0, 0.0, 0.0, 0.0], [0.2225283980369568, 0.6666666666666666, 0.8666666666666667, 0.058823529411764705, 0.75, 0.0, 0.0, 0.0, 0.22252839984315814, 0.3018747545142476, 0.3018747545142476, 0.0, 0.0, 0.0, 0.0, 0.0, 1.0, 0.0, 0.0, 0.0, 0.0, 0.0, 0.0, 0.0, 0.0, 0.0, 0.0, 0.0, 0.0, 0.0, 0.0, 0.0], [0.31447386741638184, 0.8333333333333333, 0.9, 0.058823529411764705, 0.75, 0.0, 0.0, 1.0, 0.31447386938678334, 0.3122357665343061, 0.3122357665343061, 0.0, 0.0, 0.0, 0.0, 0.0, 0.0, 0.0, 0.0, 0.0, 0.0, 0.0, 0.0, 0.0, 0.0, 0.0, 0.0, 0.0, 0.0, 0.0, 0.0, 0.0], [0.31457191705703735, 1.0, 0.9333333333333333, 0.058823529411764705, 1.0, 0.0, 0.0, 1.0, 0.314571916564437, 0.2893820308128336, 0.2893820308128336, 0.0, 0.0, 0.0, 0.0, 0.0, 0.0, 0.0, 0.0, 0.0, 0.0, 0.0, 0.0, 0.0, 0.0, 0.0, 0.0, 0.0, 0.0, 0.0, 0.0, 0.0], [0.2991846203804016, 0.0, 0.9666666666666667, 0.0784313725490196, 1.0, 0.0, 0.0, 0.0, 0.2991846257990057, 0.2039987653411781, 0.2039987653411781, 0.0, 0.0, 0.0, 0.0, 1.0, 0.0, 0.0, 0.0, 0.0, 0.0, 0.0, 0.0, 0.0, 0.0, 0.0, 0.0, 0.0, 0.0, 0.0, 0.0, 0.0]]",0.2095111757516861,76.05255679786205,0.0,30.0,5.0,5.0,1.0,1.0,0.0,108.60401916503906,74.05155181884766,74.05155181884766,0.0,0.0,0.0,0.0,1.0,0.0,0.0,0.0,0.0,0.0,0.0,0.0,0.0,0.0,0.0,0.0,0.0,0.0,0.0,0.0,0.0,0.0,0.9666666666666667,0.0784313725490196,1.0,0.0,0.0,0.0,0.2991846257990057,0.2039987653411781,0.2039987653411781,0.0,0.0,0.0,0.0,1.0,0.0,0.0,0.0,0.0,0.0,0.0,0.0,0.0,0.0,0.0,0.0,0.0,0.0,0.0,0.0,0.0
129,"[[0.19779980182647705, 0.3333333333333333, 0.8, 0.058823529411764705, 0.75, 0.0, 0.0, 0.0, 0.19779980872288225, 0.2174787705266443, 0.2174787705266443, 0.0, 0.0, 0.0, 0.0, 0.0, 0.0, 0.0, 0.0, 0.0, 0.0, 0.0, 0.0, 0.0, 0.0, 0.0, 0.0, 0.0, 0.0, 0.0, 0.0, 0.0], [0.22044715285301208, 0.5, 0.8333333333333334, 0.058823529411764705, 0.75, 0.0, 0.0, 0.0, 0.22044715145731103, 0.22375173017013172, 0.22375173017013172, 0.0, 0.0, 0.0, 0.0, 0.0, 0.0, 0.0, 0.0, 0.0, 0.0, 0.0, 0.0, 0.0, 0.0, 0.0, 0.0, 0.0, 0.0, 0.0, 0.0, 0.0], [0.2225283980369568, 0.6666666666666666, 0.8666666666666667, 0.058823529411764705, 0.75, 0.0, 0.0, 0.0, 0.22252839984315814, 0.3018747545142476, 0.3018747545142476, 0.0, 0.0, 0.0, 0.0, 0.0, 1.0, 0.0, 0.0, 0.0, 0.0, 0.0, 0.0, 0.0, 0.0, 0.0, 0.0, 0.0, 0.0, 0.0, 0.0, 0.0], [0.31447386741638184, 0.8333333333333333, 0.9, 0.058823529411764705, 0.75, 0.0, 0.0, 1.0, 0.31447386938678334, 0.3122357665343061, 0.3122357665343061, 0.0, 0.0, 0.0, 0.0, 0.0, 0.0, 0.0, 0.0, 0.0, 0.0, 0.0, 0.0, 0.0, 0.0, 0.0, 0.0, 0.0, 0.0, 0.0, 0.0, 0.0], [0.31457191705703735, 1.0, 0.9333333333333333, 0.058823529411764705, 1.0, 0.0, 0.0, 1.0, 0.314571916564437, 0.2893820308128336, 0.2893820308128336, 0.0, 0.0, 0.0, 0.0, 0.0, 0.0, 0.0, 0.0, 0.0, 0.0, 0.0, 0.0, 0.0, 0.0, 0.0, 0.0, 0.0, 0.0, 0.0, 0.0, 0.0], [0.2991846203804016, 0.0, 0.9666666666666667, 0.0784313725490196, 1.0, 0.0, 0.0, 0.0, 0.2991846257990057, 0.2039987653411781, 0.2039987653411781, 0.0, 0.0, 0.0, 0.0, 1.0, 0.0, 0.0, 0.0, 0.0, 0.0, 0.0, 0.0, 0.0, 0.0, 0.0, 0.0, 0.0, 0.0, 0.0, 0.0, 0.0], [0.2095111757516861, 0.16666666666666666, 0.9999999999999999, 0.0784313725490196, 1.0, 0.0, 0.0, 0.0, 0.20951118153974044, 0.19779980872288225, 0.19779980872288225, 0.0, 1.0, 0.0, 0.0, 0.0, 0.0, 0.0, 0.0, 0.0, 0.0, 0.0, 0.0, 0.0, 0.0, 0.0, 0.0, 0.0, 0.0, 0.0, 0.0, 0.0]]",0.21095457673072815,76.57651135325432,1.0,30.999999999999996,5.0,5.0,1.0,1.0,0.0,76.05255889892578,71.80133056640625,71.80133056640625,0.0,1.0,0.0,0.0,0.0,0.0,0.0,0.0,0.0,0.0,0.0,0.0,0.0,0.0,0.0,0.0,0.0,0.0,0.0,0.0,0.0,0.16666666666666666,0.9999999999999999,0.0784313725490196,1.0,0.0,0.0,0.0,0.20951118153974044,0.19779980872288225,0.19779980872288225,0.0,1.0,0.0,0.0,0.0,0.0,0.0,0.0,0.0,0.0,0.0,0.0,0.0,0.0,0.0,0.0,0.0,0.0,0.0,0.0,0.0
130,"[[0.22044715285301208, 0.5, 0.8333333333333334, 0.058823529411764705, 0.75, 0.0, 0.0, 0.0, 0.22044715145731103, 0.22375173017013172, 0.22375173017013172, 0.0, 0.0, 0.0, 0.0, 0.0, 0.0, 0.0, 0.0, 0.0, 0.0, 0.0, 0.0, 0.0, 0.0, 0.0, 0.0, 0.0, 0.0, 0.0, 0.0, 0.0], [0.2225283980369568, 0.6666666666666666, 0.8666666666666667, 0.058823529411764705, 0.75, 0.0, 0.0, 0.0, 0.22252839984315814, 0.3018747545142476, 0.3018747545142476, 0.0, 0.0, 0.0, 0.0, 0.0, 1.0, 0.0, 0.0, 0.0, 0.0, 0.0, 0.0, 0.0, 0.0, 0.0, 0.0, 0.0, 0.0, 0.0, 0.0, 0.0], [0.31447386741638184, 0.8333333333333333, 0.9, 0.058823529411764705, 0.75, 0.0, 0.0, 1.0, 0.31447386938678334, 0.3122357665343061, 0.3122357665343061, 0.0, 0.0, 0.0, 0.0, 0.0, 0.0, 0.0, 0.0, 0.0, 0.0, 0.0, 0.0, 0.0, 0.0, 0.0, 0.0, 0.0, 0.0, 0.0, 0.0, 0.0], [0.31457191705703735, 1.0, 0.9333333333333333, 0.058823529411764705, 1.0, 0.0, 0.0, 1.0, 0.314571916564437, 0.2893820308128336, 0.2893820308128336, 0.0, 0.0, 0.0, 0.0, 0.0, 0.0, 0.0, 0.0, 0.0, 0.0, 0.0, 0.0, 0.0, 0.0, 0.0, 0.0, 0.0, 0.0, 0.0, 0.0, 0.0], [0.2991846203804016, 0.0, 0.9666666666666667, 0.0784313725490196, 1.0, 0.0, 0.0, 0.0, 0.2991846257990057, 0.2039987653411781, 0.2039987653411781, 0.0, 0.0, 0.0, 0.0, 1.0, 0.0, 0.0, 0.0, 0.0, 0.0, 0.0, 0.0, 0.0, 0.0, 0.0, 0.0, 0.0, 0.0, 0.0, 0.0, 0.0], [0.2095111757516861, 0.16666666666666666, 0.9999999999999999, 0.0784313725490196, 1.0, 0.0, 0.0, 0.0, 0.20951118153974044, 0.19779980872288225, 0.19779980872288225, 0.0, 1.0, 0.0, 0.0, 0.0, 0.0, 0.0, 0.0, 0.0, 0.0, 0.0, 0.0, 0.0, 0.0, 0.0, 0.0, 0.0, 0.0, 0.0, 0.0, 0.0], [0.21095457673072815, 0.3333333333333333, 0.0, 0.0784313725490196, 0.0, 0.09090909090909091, 0.0, 0.0, 0.21095456630402032, 0.22044715145731103, 0.22044715145731103, 1.0, 0.0, 0.0, 0.0, 0.0, 0.0, 0.0, 0.0, 0.0, 0.0, 0.0, 0.0, 0.0, 0.0, 0.0, 0.0, 0.0, 0.0, 0.0, 0.0, 0.0]]",0.16327157616615295,59.26758214831352,2.0,1.0,5.0,1.0,2.0,1.0,0.0,76.57650756835938,80.0223159790039,80.0223159790039,1.0,0.0,0.0,0.0,0.0,0.0,0.0,0.0,0.0,0.0,0.0,0.0,0.0,0.0,0.0,0.0,0.0,0.0,0.0,0.0,0.0,0.3333333333333333,0.0,0.0784313725490196,0.0,0.09090909090909091,0.0,0.0,0.21095456630402032,0.22044715145731103,0.22044715145731103,1.0,0.0,0.0,0.0,0.0,0.0,0.0,0.0,0.0,0.0,0.0,0.0,0.0,0.0,0.0,0.0,0.0,0.0,0.0,0.0,0.0
131,"[[0.2225283980369568, 0.6666666666666666, 0.8666666666666667, 0.058823529411764705, 0.75, 0.0, 0.0, 0.0, 0.22252839984315814, 0.3018747545142476, 0.3018747545142476, 0.0, 0.0, 0.0, 0.0, 0.0, 1.0, 0.0, 0.0, 0.0, 0.0, 0.0, 0.0, 0.0, 0.0, 0.0, 0.0, 0.0, 0.0, 0.0, 0.0, 0.0], [0.31447386741638184, 0.8333333333333333, 0.9, 0.058823529411764705, 0.75, 0.0, 0.0, 1.0, 0.31447386938678334, 0.3122357665343061, 0.3122357665343061, 0.0, 0.0, 0.0, 0.0, 0.0, 0.0, 0.0, 0.0, 0.0, 0.0, 0.0, 0.0, 0.0, 0.0, 0.0, 0.0, 0.0, 0.0, 0.0, 0.0, 0.0], [0.31457191705703735, 1.0, 0.9333333333333333, 0.058823529411764705, 1.0, 0.0, 0.0, 1.0, 0.314571916564437, 0.2893820308128336, 0.2893820308128336, 0.0, 0.0, 0.0, 0.0, 0.0, 0.0, 0.0, 0.0, 0.0, 0.0, 0.0, 0.0, 0.0, 0.0, 0.0, 0.0, 0.0, 0.0, 0.0, 0.0, 0.0], [0.2991846203804016, 0.0, 0.9666666666666667, 0.0784313725490196, 1.0, 0.0, 0.0, 0.0, 0.2991846257990057, 0.2039987653411781, 0.2039987653411781, 0.0, 0.0, 0.0, 0.0, 1.0, 0.0, 0.0, 0.0, 0.0, 0.0, 0.0, 0.0, 0.0, 0.0, 0.0, 0.0, 0.0, 0.0, 0.0, 0.0, 0.0], [0.2095111757516861, 0.16666666666666666, 0.9999999999999999, 0.0784313725490196, 1.0, 0.0, 0.0, 0.0, 0.20951118153974044, 0.19779980872288225, 0.19779980872288225, 0.0, 1.0, 0.0, 0.0, 0.0, 0.0, 0.0, 0.0, 0.0, 0.0, 0.0, 0.0, 0.0, 0.0, 0.0, 0.0, 0.0, 0.0, 0.0, 0.0, 0.0], [0.21095457673072815, 0.3333333333333333, 0.0, 0.0784313725490196, 0.0, 0.09090909090909091, 0.0, 0.0, 0.21095456630402032, 0.22044715145731103, 0.22044715145731103, 1.0, 0.0, 0.0, 0.0, 0.0, 0.0, 0.0, 0.0, 0.0, 0.0, 0.0, 0.0, 0.0, 0.0, 0.0, 0.0, 0.0, 0.0, 0.0, 0.0, 0.0], [0.16327157616615295, 0.5, 0.03333333333333333, 0.0784313725490196, 0.0, 0.09090909090909091, 0.0, 0.0, 0.16327157559145253, 0.22252839984315814, 0.22252839984315814, 0.0, 0.0, 0.0, 0.0, 0.0, 0.0, 0.0, 0.0, 0.0, 0.0, 0.0, 0.0, 0.0, 0.0, 0.0, 0.0, 0.0, 0.0, 0.0, 0.0, 0.0]]",0.22990219295024872,83.45449604094028,3.0,2.0,5.0,1.0,2.0,1.0,0.0,59.267581939697266,80.7778091430664,80.7778091430664,0.0,0.0,0.0,0.0,0.0,0.0,0.0,0.0,0.0,0.0,0.0,0.0,0.0,0.0,0.0,0.0,0.0,0.0,0.0,0.0,0.0,0.5,0.03333333333333333,0.0784313725490196,0.0,0.09090909090909091,0.0,0.0,0.16327157559145253,0.22252839984315814,0.22252839984315814,0.0,0.0,0.0,0.0,0.0,0.0,0.0,0.0,0.0,0.0,0.0,0.0,0.0,0.0,0.0,0.0,0.0,0.0,0.0,0.0,0.0
132,"[[0.31447386741638184, 0.8333333333333333, 0.9, 0.058823529411764705, 0.75, 0.0, 0.0, 1.0, 0.31447386938678334, 0.3122357665343061, 0.3122357665343061, 0.0, 0.0, 0.0, 0.0, 0.0, 0.0, 0.0, 0.0, 0.0, 0.0, 0.0, 0.0, 0.0, 0.0, 0.0, 0.0, 0.0, 0.0, 0.0, 0.0, 0.0], [0.31457191705703735, 1.0, 0.9333333333333333, 0.058823529411764705, 1.0, 0.0, 0.0, 1.0, 0.314571916564437, 0.2893820308128336, 0.2893820308128336, 0.0, 0.0, 0.0, 0.0, 0.0, 0.0, 0.0, 0.0, 0.0, 0.0, 0.0, 0.0, 0.0, 0.0, 0.0, 0.0, 0.0, 0.0, 0.0, 0.0, 0.0], [0.2991846203804016, 0.0, 0.9666666666666667, 0.0784313725490196, 1.0, 0.0, 0.0, 0.0, 0.2991846257990057, 0.2039987653411781, 0.2039987653411781, 0.0, 0.0, 0.0, 0.0, 1.0, 0.0, 0.0, 0.0, 0.0, 0.0, 0.0, 0.0, 0.0, 0.0, 0.0, 0.0, 0.0, 0.0, 0.0, 0.0, 0.0], [0.2095111757516861, 0.16666666666666666, 0.9999999999999999, 0.0784313725490196, 1.0, 0.0, 0.0, 0.0, 0.20951118153974044, 0.19779980872288225, 0.19779980872288225, 0.0, 1.0, 0.0, 0.0, 0.0, 0.0, 0.0, 0.0, 0.0, 0.0, 0.0, 0.0, 0.0, 0.0, 0.0, 0.0, 0.0, 0.0, 0.0, 0.0, 0.0], [0.21095457673072815, 0.3333333333333333, 0.0, 0.0784313725490196, 0.0, 0.09090909090909091, 0.0, 0.0, 0.21095456630402032, 0.22044715145731103, 0.22044715145731103, 1.0, 0.0, 0.0, 0.0, 0.0, 0.0, 0.0, 0.0, 0.0, 0.0, 0.0, 0.0, 0.0, 0.0, 0.0, 0.0, 0.0, 0.0, 0.0, 0.0, 0.0], [0.16327157616615295, 0.5, 0.03333333333333333, 0.0784313725490196, 0.0, 0.09090909090909091, 0.0, 0.0, 0.16327157559145253, 0.22252839984315814, 0.22252839984315814, 0.0, 0.0, 0.0, 0.0, 0.0, 0.0, 0.0, 0.0, 0.0, 0.0, 0.0, 0.0, 0.0, 0.0, 0.0, 0.0, 0.0, 0.0, 0.0, 0.0, 0.0], [0.22990219295024872, 0.6666666666666666, 0.06666666666666668, 0.0784313725490196, 0.0, 0.09090909090909091, 0.0, 0.0, 0.2299021991488034, 0.31447386938678334, 0.31447386938678334, 0.0, 0.0, 0.0, 0.0, 0.0, 1.0, 0.0, 0.0, 0.0, 0.0, 0.0, 0.0, 0.0, 0.0, 0.0, 0.0, 0.0, 0.0, 0.0, 0.0, 0.0]]",0.28692132234573364,104.15244001150131,4.0,3.0,5.0,1.0,2.0,1.0,0.0,83.45449829101562,114.15401458740236,114.15401458740236,0.0,0.0,0.0,0.0,0.0,1.0,0.0,0.0,0.0,0.0,0.0,0.0,0.0,0.0,0.0,0.0,0.0,0.0,0.0,0.0,0.0,0.6666666666666666,0.06666666666666668,0.0784313725490196,0.0,0.09090909090909091,0.0,0.0,0.2299021991488034,0.31447386938678334,0.31447386938678334,0.0,0.0,0.0,0.0,0.0,1.0,0.0,0.0,0.0,0.0,0.0,0.0,0.0,0.0,0.0,0.0,0.0,0.0,0.0,0.0,0.0
133,"[[0.31457191705703735, 1.0, 0.9333333333333333, 0.058823529411764705, 1.0, 0.0, 0.0, 1.0, 0.314571916564437, 0.2893820308128336, 0.2893820308128336, 0.0, 0.0, 0.0, 0.0, 0.0, 0.0, 0.0, 0.0, 0.0, 0.0, 0.0, 0.0, 0.0, 0.0, 0.0, 0.0, 0.0, 0.0, 0.0, 0.0, 0.0], [0.2991846203804016, 0.0, 0.9666666666666667, 0.0784313725490196, 1.0, 0.0, 0.0, 0.0, 0.2991846257990057, 0.2039987653411781, 0.2039987653411781, 0.0, 0.0, 0.0, 0.0, 1.0, 0.0, 0.0, 0.0, 0.0, 0.0, 0.0, 0.0, 0.0, 0.0, 0.0, 0.0, 0.0, 0.0, 0.0, 0.0, 0.0], [0.2095111757516861, 0.16666666666666666, 0.9999999999999999, 0.0784313725490196, 1.0, 0.0, 0.0, 0.0, 0.20951118153974044, 0.19779980872288225, 0.19779980872288225, 0.0, 1.0, 0.0, 0.0, 0.0, 0.0, 0.0, 0.0, 0.0, 0.0, 0.0, 0.0, 0.0, 0.0, 0.0, 0.0, 0.0, 0.0, 0.0, 0.0, 0.0], [0.21095457673072815, 0.3333333333333333, 0.0, 0.0784313725490196, 0.0, 0.09090909090909091, 0.0, 0.0, 0.21095456630402032, 0.22044715145731103, 0.22044715145731103, 1.0, 0.0, 0.0, 0.0, 0.0, 0.0, 0.0, 0.0, 0.0, 0.0, 0.0, 0.0, 0.0, 0.0, 0.0, 0.0, 0.0, 0.0, 0.0, 0.0, 0.0], [0.16327157616615295, 0.5, 0.03333333333333333, 0.0784313725490196, 0.0, 0.09090909090909091, 0.0, 0.0, 0.16327157559145253, 0.22252839984315814, 0.22252839984315814, 0.0, 0.0, 0.0, 0.0, 0.0, 0.0, 0.0, 0.0, 0.0, 0.0, 0.0, 0.0, 0.0, 0.0, 0.0, 0.0, 0.0, 0.0, 0.0, 0.0, 0.0], [0.22990219295024872, 0.6666666666666666, 0.06666666666666668, 0.0784313725490196, 0.0, 0.09090909090909091, 0.0, 0.0, 0.2299021991488034, 0.31447386938678334, 0.31447386938678334, 0.0, 0.0, 0.0, 0.0, 0.0, 1.0, 0.0, 0.0, 0.0, 0.0, 0.0, 0.0, 0.0, 0.0, 0.0, 0.0, 0.0, 0.0, 0.0, 0.0, 0.0], [0.28692132234573364, 0.8333333333333333, 0.1, 0.0784313725490196, 0.0, 0.09090909090909091, 0.0, 1.0, 0.2869213303915397, 0.314571916564437, 0.314571916564437, 0.0, 0.0, 0.0, 0.0, 0.0, 0.0, 0.0, 0.0, 0.0, 0.0, 0.0, 0.0, 0.0, 0.0, 0.0, 0.0, 0.0, 0.0, 0.0, 0.0, 0.0]]",0.3150305151939392,114.35607701539993,5.0,4.0,5.0,1.0,2.0,1.0,1.0,104.15244293212892,114.18960571289062,114.18960571289062,0.0,0.0,0.0,0.0,0.0,0.0,0.0,0.0,0.0,0.0,0.0,0.0,0.0,0.0,0.0,0.0,0.0,0.0,0.0,0.0,0.0,0.8333333333333333,0.1,0.0784313725490196,0.0,0.09090909090909091,0.0,1.0,0.2869213303915397,0.314571916564437,0.314571916564437,0.0,0.0,0.0,0.0,0.0,0.0,0.0,0.0,0.0,0.0,0.0,0.0,0.0,0.0,0.0,0.0,0.0,0.0,0.0,0.0,0.0
134,"[[0.2991846203804016, 0.0, 0.9666666666666667, 0.0784313725490196, 1.0, 0.0, 0.0, 0.0, 0.2991846257990057, 0.2039987653411781, 0.2039987653411781, 0.0, 0.0, 0.0, 0.0, 1.0, 0.0, 0.0, 0.0, 0.0, 0.0, 0.0, 0.0, 0.0, 0.0, 0.0, 0.0, 0.0, 0.0, 0.0, 0.0, 0.0], [0.2095111757516861, 0.16666666666666666, 0.9999999999999999, 0.0784313725490196, 1.0, 0.0, 0.0, 0.0, 0.20951118153974044, 0.19779980872288225, 0.19779980872288225, 0.0, 1.0, 0.0, 0.0, 0.0, 0.0, 0.0, 0.0, 0.0, 0.0, 0.0, 0.0, 0.0, 0.0, 0.0, 0.0, 0.0, 0.0, 0.0, 0.0, 0.0], [0.21095457673072815, 0.3333333333333333, 0.0, 0.0784313725490196, 0.0, 0.09090909090909091, 0.0, 0.0, 0.21095456630402032, 0.22044715145731103, 0.22044715145731103, 1.0, 0.0, 0.0, 0.0, 0.0, 0.0, 0.0, 0.0, 0.0, 0.0, 0.0, 0.0, 0.0, 0.0, 0.0, 0.0, 0.0, 0.0, 0.0, 0.0, 0.0], [0.16327157616615295, 0.5, 0.03333333333333333, 0.0784313725490196, 0.0, 0.09090909090909091, 0.0, 0.0, 0.16327157559145253, 0.22252839984315814, 0.22252839984315814, 0.0, 0.0, 0.0, 0.0, 0.0, 0.0, 0.0, 0.0, 0.0, 0.0, 0.0, 0.0, 0.0, 0.0, 0.0, 0.0, 0.0, 0.0, 0.0, 0.0, 0.0], [0.22990219295024872, 0.6666666666666666, 0.06666666666666668, 0.0784313725490196, 0.0, 0.09090909090909091, 0.0, 0.0, 0.2299021991488034, 0.31447386938678334, 0.31447386938678334, 0.0, 0.0, 0.0, 0.0, 0.0, 1.0, 0.0, 0.0, 0.0, 0.0, 0.0, 0.0, 0.0, 0.0, 0.0, 0.0, 0.0, 0.0, 0.0, 0.0, 0.0], [0.28692132234573364, 0.8333333333333333, 0.1, 0.0784313725490196, 0.0, 0.09090909090909091, 0.0, 1.0, 0.2869213303915397, 0.314571916564437, 0.314571916564437, 0.0, 0.0, 0.0, 0.0, 0.0, 0.0, 0.0, 0.0, 0.0, 0.0, 0.0, 0.0, 0.0, 0.0, 0.0, 0.0, 0.0, 0.0, 0.0, 0.0, 0.0], [0.3150305151939392, 1.0, 0.13333333333333333, 0.0784313725490196, 0.0, 0.09090909090909091, 0.0, 1.0, 0.3150305209409435, 0.2991846257990057, 0.2991846257990057, 0.0, 0.0, 0.0, 0.0, 0.0, 0.0, 0.0, 0.0, 0.0, 0.0, 0.0, 0.0, 0.0, 0.0, 0.0, 0.0, 0.0, 0.0, 0.0, 0.0, 0.0]]",0.2559781074523926,92.9200530052185,6.0,5.0,5.0,1.0,2.0,1.0,1.0,114.3560791015625,108.60401916503906,108.60401916503906,0.0,0.0,0.0,0.0,0.0,0.0,0.0,0.0,0.0,0.0,0.0,0.0,0.0,0.0,0.0,0.0,0.0,0.0,0.0,0.0,0.0,1.0,0.13333333333333333,0.0784313725490196,0.0,0.09090909090909091,0.0,1.0,0.3150305209409435,0.2991846257990057,0.2991846257990057,0.0,0.0,0.0,0.0,0.0,0.0,0.0,0.0,0.0,0.0,0.0,0.0,0.0,0.0,0.0,0.0,0.0,0.0,0.0,0.0,0.0
135,"[[0.2095111757516861, 0.16666666666666666, 0.9999999999999999, 0.0784313725490196, 1.0, 0.0, 0.0, 0.0, 0.20951118153974044, 0.19779980872288225, 0.19779980872288225, 0.0, 1.0, 0.0, 0.0, 0.0, 0.0, 0.0, 0.0, 0.0, 0.0, 0.0, 0.0, 0.0, 0.0, 0.0, 0.0, 0.0, 0.0, 0.0, 0.0, 0.0], [0.21095457673072815, 0.3333333333333333, 0.0, 0.0784313725490196, 0.0, 0.09090909090909091, 0.0, 0.0, 0.21095456630402032, 0.22044715145731103, 0.22044715145731103, 1.0, 0.0, 0.0, 0.0, 0.0, 0.0, 0.0, 0.0, 0.0, 0.0, 0.0, 0.0, 0.0, 0.0, 0.0, 0.0, 0.0, 0.0, 0.0, 0.0, 0.0], [0.16327157616615295, 0.5, 0.03333333333333333, 0.0784313725490196, 0.0, 0.09090909090909091, 0.0, 0.0, 0.16327157559145253, 0.22252839984315814, 0.22252839984315814, 0.0, 0.0, 0.0, 0.0, 0.0, 0.0, 0.0, 0.0, 0.0, 0.0, 0.0, 0.0, 0.0, 0.0, 0.0, 0.0, 0.0, 0.0, 0.0, 0.0, 0.0], [0.22990219295024872, 0.6666666666666666, 0.06666666666666668, 0.0784313725490196, 0.0, 0.09090909090909091, 0.0, 0.0, 0.2299021991488034, 0.31447386938678334, 0.31447386938678334, 0.0, 0.0, 0.0, 0.0, 0.0, 1.0, 0.0, 0.0, 0.0, 0.0, 0.0, 0.0, 0.0, 0.0, 0.0, 0.0, 0.0, 0.0, 0.0, 0.0, 0.0], [0.28692132234573364, 0.8333333333333333, 0.1, 0.0784313725490196, 0.0, 0.09090909090909091, 0.0, 1.0, 0.2869213303915397, 0.314571916564437, 0.314571916564437, 0.0, 0.0, 0.0, 0.0, 0.0, 0.0, 0.0, 0.0, 0.0, 0.0, 0.0, 0.0, 0.0, 0.0, 0.0, 0.0, 0.0, 0.0, 0.0, 0.0, 0.0], [0.3150305151939392, 1.0, 0.13333333333333333, 0.0784313725490196, 0.0, 0.09090909090909091, 0.0, 1.0, 0.3150305209409435, 0.2991846257990057, 0.2991846257990057, 0.0, 0.0, 0.0, 0.0, 0.0, 0.0, 0.0, 0.0, 0.0, 0.0, 0.0, 0.0, 0.0, 0.0, 0.0, 0.0, 0.0, 0.0, 0.0, 0.0, 0.0], [0.2559781074523926, 0.0, 0.16666666666666669, 0.09803921568627451, 0.0, 0.09090909090909091, 0.0, 0.0, 0.2559781035115896, 0.20951118153974044, 0.20951118153974044, 0.0, 0.0, 0.0, 0.0, 1.0, 0.0, 0.0, 0.0, 0.0, 0.0, 0.0, 0.0, 0.0, 0.0, 0.0, 0.0, 0.0, 0.0, 0.0, 0.0, 0.0]]",0.17718572914600372,64.31841967999935,0.0,6.0,6.0,1.0,2.0,1.0,0.0,92.92005157470703,76.05255889892578,76.05255889892578,0.0,0.0,0.0,0.0,1.0,0.0,0.0,0.0,0.0,0.0,0.0,0.0,0.0,0.0,0.0,0.0,0.0,0.0,0.0,0.0,0.0,0.0,0.16666666666666669,0.09803921568627451,0.0,0.09090909090909091,0.0,0.0,0.2559781035115896,0.20951118153974044,0.20951118153974044,0.0,0.0,0.0,0.0,1.0,0.0,0.0,0.0,0.0,0.0,0.0,0.0,0.0,0.0,0.0,0.0,0.0,0.0,0.0,0.0,0.0
136,"[[0.21095457673072815, 0.3333333333333333, 0.0, 0.0784313725490196, 0.0, 0.09090909090909091, 0.0, 0.0, 0.21095456630402032, 0.22044715145731103, 0.22044715145731103, 1.0, 0.0, 0.0, 0.0, 0.0, 0.0, 0.0, 0.0, 0.0, 0.0, 0.0, 0.0, 0.0, 0.0, 0.0, 0.0, 0.0, 0.0, 0.0, 0.0, 0.0], [0.16327157616615295, 0.5, 0.03333333333333333, 0.0784313725490196, 0.0, 0.09090909090909091, 0.0, 0.0, 0.16327157559145253, 0.22252839984315814, 0.22252839984315814, 0.0, 0.0, 0.0, 0.0, 0.0, 0.0, 0.0, 0.0, 0.0, 0.0, 0.0, 0.0, 0.0, 0.0, 0.0, 0.0, 0.0, 0.0, 0.0, 0.0, 0.0], [0.22990219295024872, 0.6666666666666666, 0.06666666666666668, 0.0784313725490196, 0.0, 0.09090909090909091, 0.0, 0.0, 0.2299021991488034, 0.31447386938678334, 0.31447386938678334, 0.0, 0.0, 0.0, 0.0, 0.0, 1.0, 0.0, 0.0, 0.0, 0.0, 0.0, 0.0, 0.0, 0.0, 0.0, 0.0, 0.0, 0.0, 0.0, 0.0, 0.0], [0.28692132234573364, 0.8333333333333333, 0.1, 0.0784313725490196, 0.0, 0.09090909090909091, 0.0, 1.0, 0.2869213303915397, 0.314571916564437, 0.314571916564437, 0.0, 0.0, 0.0, 0.0, 0.0, 0.0, 0.0, 0.0, 0.0, 0.0, 0.0, 0.0, 0.0, 0.0, 0.0, 0.0, 0.0, 0.0, 0.0, 0.0, 0.0], [0.3150305151939392, 1.0, 0.13333333333333333, 0.0784313725490196, 0.0, 0.09090909090909091, 0.0, 1.0, 0.3150305209409435, 0.2991846257990057, 0.2991846257990057, 0.0, 0.0, 0.0, 0.0, 0.0, 0.0, 0.0, 0.0, 0.0, 0.0, 0.0, 0.0, 0.0, 0.0, 0.0, 0.0, 0.0, 0.0, 0.0, 0.0, 0.0], [0.2559781074523926, 0.0, 0.16666666666666669, 0.09803921568627451, 0.0, 0.09090909090909091, 0.0, 0.0, 0.2559781035115896, 0.20951118153974044, 0.20951118153974044, 0.0, 0.0, 0.0, 0.0, 1.0, 0.0, 0.0, 0.0, 0.0, 0.0, 0.0, 0.0, 0.0, 0.0, 0.0, 0.0, 0.0, 0.0, 0.0, 0.0, 0.0], [0.17718572914600372, 0.16666666666666666, 0.2, 0.09803921568627451, 0.0, 0.09090909090909091, 0.0, 0.0, 0.17718573115745523, 0.21095456630402032, 0.21095456630402032, 0.0, 0.0, 0.0, 0.0, 0.0, 0.0, 0.0, 0.0, 0.0, 0.0, 0.0, 0.0, 0.0, 0.0, 0.0, 0.0, 0.0, 0.0, 0.0, 0.0, 0.0]]",0.16839168965816498,61.12618334591389,1.0,7.0,6.0,1.0,2.0,1.0,0.0,64.31842041015625,76.57650756835938,76.57650756835938,0.0,0.0,0.0,0.0,0.0,0.0,0.0,0.0,0.0,0.0,0.0,0.0,0.0,0.0,0.0,0.0,0.0,0.0,0.0,0.0,0.0,0.16666666666666666,0.2,0.09803921568627451,0.0,0.09090909090909091,0.0,0.0,0.17718573115745523,0.21095456630402032,0.21095456630402032,0.0,0.0,0.0,0.0,0.0,0.0,0.0,0.0,0.0,0.0,0.0,0.0,0.0,0.0,0.0,0.0,0.0,0.0,0.0,0.0,0.0
137,"[[0.16327157616615295, 0.5, 0.03333333333333333, 0.0784313725490196, 0.0, 0.09090909090909091, 0.0, 0.0, 0.16327157559145253, 0.22252839984315814, 0.22252839984315814, 0.0, 0.0, 0.0, 0.0, 0.0, 0.0, 0.0, 0.0, 0.0, 0.0, 0.0, 0.0, 0.0, 0.0, 0.0, 0.0, 0.0, 0.0, 0.0, 0.0, 0.0], [0.22990219295024872, 0.6666666666666666, 0.06666666666666668, 0.0784313725490196, 0.0, 0.09090909090909091, 0.0, 0.0, 0.2299021991488034, 0.31447386938678334, 0.31447386938678334, 0.0, 0.0, 0.0, 0.0, 0.0, 1.0, 0.0, 0.0, 0.0, 0.0, 0.0, 0.0, 0.0, 0.0, 0.0, 0.0, 0.0, 0.0, 0.0, 0.0, 0.0], [0.28692132234573364, 0.8333333333333333, 0.1, 0.0784313725490196, 0.0, 0.09090909090909091, 0.0, 1.0, 0.2869213303915397, 0.314571916564437, 0.314571916564437, 0.0, 0.0, 0.0, 0.0, 0.0, 0.0, 0.0, 0.0, 0.0, 0.0, 0.0, 0.0, 0.0, 0.0, 0.0, 0.0, 0.0, 0.0, 0.0, 0.0, 0.0], [0.3150305151939392, 1.0, 0.13333333333333333, 0.0784313725490196, 0.0, 0.09090909090909091, 0.0, 1.0, 0.3150305209409435, 0.2991846257990057, 0.2991846257990057, 0.0, 0.0, 0.0, 0.0, 0.0, 0.0, 0.0, 0.0, 0.0, 0.0, 0.0, 0.0, 0.0, 0.0, 0.0, 0.0, 0.0, 0.0, 0.0, 0.0, 0.0], [0.2559781074523926, 0.0, 0.16666666666666669, 0.09803921568627451, 0.0, 0.09090909090909091, 0.0, 0.0, 0.2559781035115896, 0.20951118153974044, 0.20951118153974044, 0.0, 0.0, 0.0, 0.0, 1.0, 0.0, 0.0, 0.0, 0.0, 0.0, 0.0, 0.0, 0.0, 0.0, 0.0, 0.0, 0.0, 0.0, 0.0, 0.0, 0.0], [0.17718572914600372, 0.16666666666666666, 0.2, 0.09803921568627451, 0.0, 0.09090909090909091, 0.0, 0.0, 0.17718573115745523, 0.21095456630402032, 0.21095456630402032, 0.0, 0.0, 0.0, 0.0, 0.0, 0.0, 0.0, 0.0, 0.0, 0.0, 0.0, 0.0, 0.0, 0.0, 0.0, 0.0, 0.0, 0.0, 0.0, 0.0, 0.0], [0.16839168965816498, 0.3333333333333333, 0.23333333333333334, 0.09803921568627451, 0.25, 0.09090909090909091, 0.0, 0.0, 0.16839168748251335, 0.16327157559145253, 0.16327157559145253, 0.0, 0.0, 0.0, 0.0, 0.0, 0.0, 0.0, 0.0, 0.0, 0.0, 0.0, 0.0, 0.0, 0.0, 0.0, 0.0, 0.0, 0.0, 0.0, 0.0, 0.0]]",0.18944430351257324,68.76828217506409,2.0,8.0,6.0,2.0,2.0,1.0,0.0,61.126182556152344,59.267581939697266,59.267581939697266,0.0,0.0,0.0,0.0,0.0,0.0,0.0,0.0,0.0,0.0,0.0,0.0,0.0,0.0,0.0,0.0,0.0,0.0,0.0,0.0,0.0,0.3333333333333333,0.23333333333333334,0.09803921568627451,0.25,0.09090909090909091,0.0,0.0,0.16839168748251335,0.16327157559145253,0.16327157559145253,0.0,0.0,0.0,0.0,0.0,0.0,0.0,0.0,0.0,0.0,0.0,0.0,0.0,0.0,0.0,0.0,0.0,0.0,0.0,0.0,0.0
138,"[[0.22990219295024872, 0.6666666666666666, 0.06666666666666668, 0.0784313725490196, 0.0, 0.09090909090909091, 0.0, 0.0, 0.2299021991488034, 0.31447386938678334, 0.31447386938678334, 0.0, 0.0, 0.0, 0.0, 0.0, 1.0, 0.0, 0.0, 0.0, 0.0, 0.0, 0.0, 0.0, 0.0, 0.0, 0.0, 0.0, 0.0, 0.0, 0.0, 0.0], [0.28692132234573364, 0.8333333333333333, 0.1, 0.0784313725490196, 0.0, 0.09090909090909091, 0.0, 1.0, 0.2869213303915397, 0.314571916564437, 0.314571916564437, 0.0, 0.0, 0.0, 0.0, 0.0, 0.0, 0.0, 0.0, 0.0, 0.0, 0.0, 0.0, 0.0, 0.0, 0.0, 0.0, 0.0, 0.0, 0.0, 0.0, 0.0], [0.3150305151939392, 1.0, 0.13333333333333333, 0.0784313725490196, 0.0, 0.09090909090909091, 0.0, 1.0, 0.3150305209409435, 0.2991846257990057, 0.2991846257990057, 0.0, 0.0, 0.0, 0.0, 0.0, 0.0, 0.0, 0.0, 0.0, 0.0, 0.0, 0.0, 0.0, 0.0, 0.0, 0.0, 0.0, 0.0, 0.0, 0.0, 0.0], [0.2559781074523926, 0.0, 0.16666666666666669, 0.09803921568627451, 0.0, 0.09090909090909091, 0.0, 0.0, 0.2559781035115896, 0.20951118153974044, 0.20951118153974044, 0.0, 0.0, 0.0, 0.0, 1.0, 0.0, 0.0, 0.0, 0.0, 0.0, 0.0, 0.0, 0.0, 0.0, 0.0, 0.0, 0.0, 0.0, 0.0, 0.0, 0.0], [0.17718572914600372, 0.16666666666666666, 0.2, 0.09803921568627451, 0.0, 0.09090909090909091, 0.0, 0.0, 0.17718573115745523, 0.21095456630402032, 0.21095456630402032, 0.0, 0.0, 0.0, 0.0, 0.0, 0.0, 0.0, 0.0, 0.0, 0.0, 0.0, 0.0, 0.0, 0.0, 0.0, 0.0, 0.0, 0.0, 0.0, 0.0, 0.0], [0.16839168965816498, 0.3333333333333333, 0.23333333333333334, 0.09803921568627451, 0.25, 0.09090909090909091, 0.0, 0.0, 0.16839168748251335, 0.16327157559145253, 0.16327157559145253, 0.0, 0.0, 0.0, 0.0, 0.0, 0.0, 0.0, 0.0, 0.0, 0.0, 0.0, 0.0, 0.0, 0.0, 0.0, 0.0, 0.0, 0.0, 0.0, 0.0, 0.0], [0.18944430351257324, 0.5, 0.26666666666666666, 0.09803921568627451, 0.25, 0.09090909090909091, 0.0, 0.0, 0.1894442976013688, 0.2299021991488034, 0.2299021991488034, 0.0, 0.0, 0.0, 0.0, 0.0, 0.0, 0.0, 0.0, 0.0, 0.0, 0.0, 0.0, 0.0, 0.0, 0.0, 0.0, 0.0, 0.0, 0.0, 0.0, 0.0]]",0.191523015499115,69.52285462617874,3.0,9.0,6.0,2.0,2.0,1.0,0.0,68.76828002929688,83.45449829101562,83.45449829101562,0.0,0.0,0.0,0.0,0.0,0.0,0.0,0.0,0.0,0.0,0.0,0.0,0.0,0.0,0.0,0.0,0.0,0.0,0.0,0.0,0.0,0.5,0.26666666666666666,0.09803921568627451,0.25,0.09090909090909091,0.0,0.0,0.1894442976013688,0.2299021991488034,0.2299021991488034,0.0,0.0,0.0,0.0,0.0,0.0,0.0,0.0,0.0,0.0,0.0,0.0,0.0,0.0,0.0,0.0,0.0,0.0,0.0,0.0,0.0
139,"[[0.28692132234573364, 0.8333333333333333, 0.1, 0.0784313725490196, 0.0, 0.09090909090909091, 0.0, 1.0, 0.2869213303915397, 0.314571916564437, 0.314571916564437, 0.0, 0.0, 0.0, 0.0, 0.0, 0.0, 0.0, 0.0, 0.0, 0.0, 0.0, 0.0, 0.0, 0.0, 0.0, 0.0, 0.0, 0.0, 0.0, 0.0, 0.0], [0.3150305151939392, 1.0, 0.13333333333333333, 0.0784313725490196, 0.0, 0.09090909090909091, 0.0, 1.0, 0.3150305209409435, 0.2991846257990057, 0.2991846257990057, 0.0, 0.0, 0.0, 0.0, 0.0, 0.0, 0.0, 0.0, 0.0, 0.0, 0.0, 0.0, 0.0, 0.0, 0.0, 0.0, 0.0, 0.0, 0.0, 0.0, 0.0], [0.2559781074523926, 0.0, 0.16666666666666669, 0.09803921568627451, 0.0, 0.09090909090909091, 0.0, 0.0, 0.2559781035115896, 0.20951118153974044, 0.20951118153974044, 0.0, 0.0, 0.0, 0.0, 1.0, 0.0, 0.0, 0.0, 0.0, 0.0, 0.0, 0.0, 0.0, 0.0, 0.0, 0.0, 0.0, 0.0, 0.0, 0.0, 0.0], [0.17718572914600372, 0.16666666666666666, 0.2, 0.09803921568627451, 0.0, 0.09090909090909091, 0.0, 0.0, 0.17718573115745523, 0.21095456630402032, 0.21095456630402032, 0.0, 0.0, 0.0, 0.0, 0.0, 0.0, 0.0, 0.0, 0.0, 0.0, 0.0, 0.0, 0.0, 0.0, 0.0, 0.0, 0.0, 0.0, 0.0, 0.0, 0.0], [0.16839168965816498, 0.3333333333333333, 0.23333333333333334, 0.09803921568627451, 0.25, 0.09090909090909091, 0.0, 0.0, 0.16839168748251335, 0.16327157559145253, 0.16327157559145253, 0.0, 0.0, 0.0, 0.0, 0.0, 0.0, 0.0, 0.0, 0.0, 0.0, 0.0, 0.0, 0.0, 0.0, 0.0, 0.0, 0.0, 0.0, 0.0, 0.0, 0.0], [0.18944430351257324, 0.5, 0.26666666666666666, 0.09803921568627451, 0.25, 0.09090909090909091, 0.0, 0.0, 0.1894442976013688, 0.2299021991488034, 0.2299021991488034, 0.0, 0.0, 0.0, 0.0, 0.0, 0.0, 0.0, 0.0, 0.0, 0.0, 0.0, 0.0, 0.0, 0.0, 0.0, 0.0, 0.0, 0.0, 0.0, 0.0, 0.0], [0.191523015499115, 0.6666666666666666, 0.3, 0.09803921568627451, 0.25, 0.09090909090909091, 0.0, 0.0, 0.1915230238733213, 0.2869213303915397, 0.2869213303915397, 0.0, 0.0, 0.0, 0.0, 0.0, 1.0, 0.0, 0.0, 0.0, 0.0, 0.0, 0.0, 0.0, 0.0, 0.0, 0.0, 0.0, 0.0, 0.0, 0.0, 0.0]]",0.2512238919734955,91.19427278637886,4.0,10.0,6.0,2.0,2.0,1.0,0.0,69.52285766601562,104.15244293212892,104.15244293212892,0.0,0.0,0.0,0.0,0.0,1.0,0.0,0.0,0.0,0.0,0.0,0.0,0.0,0.0,0.0,0.0,0.0,0.0,0.0,0.0,0.0,0.6666666666666666,0.3,0.09803921568627451,0.25,0.09090909090909091,0.0,0.0,0.1915230238733213,0.2869213303915397,0.2869213303915397,0.0,0.0,0.0,0.0,0.0,1.0,0.0,0.0,0.0,0.0,0.0,0.0,0.0,0.0,0.0,0.0,0.0,0.0,0.0,0.0,0.0
140,"[[0.3150305151939392, 1.0, 0.13333333333333333, 0.0784313725490196, 0.0, 0.09090909090909091, 0.0, 1.0, 0.3150305209409435, 0.2991846257990057, 0.2991846257990057, 0.0, 0.0, 0.0, 0.0, 0.0, 0.0, 0.0, 0.0, 0.0, 0.0, 0.0, 0.0, 0.0, 0.0, 0.0, 0.0, 0.0, 0.0, 0.0, 0.0, 0.0], [0.2559781074523926, 0.0, 0.16666666666666669, 0.09803921568627451, 0.0, 0.09090909090909091, 0.0, 0.0, 0.2559781035115896, 0.20951118153974044, 0.20951118153974044, 0.0, 0.0, 0.0, 0.0, 1.0, 0.0, 0.0, 0.0, 0.0, 0.0, 0.0, 0.0, 0.0, 0.0, 0.0, 0.0, 0.0, 0.0, 0.0, 0.0, 0.0], [0.17718572914600372, 0.16666666666666666, 0.2, 0.09803921568627451, 0.0, 0.09090909090909091, 0.0, 0.0, 0.17718573115745523, 0.21095456630402032, 0.21095456630402032, 0.0, 0.0, 0.0, 0.0, 0.0, 0.0, 0.0, 0.0, 0.0, 0.0, 0.0, 0.0, 0.0, 0.0, 0.0, 0.0, 0.0, 0.0, 0.0, 0.0, 0.0], [0.16839168965816498, 0.3333333333333333, 0.23333333333333334, 0.09803921568627451, 0.25, 0.09090909090909091, 0.0, 0.0, 0.16839168748251335, 0.16327157559145253, 0.16327157559145253, 0.0, 0.0, 0.0, 0.0, 0.0, 0.0, 0.0, 0.0, 0.0, 0.0, 0.0, 0.0, 0.0, 0.0, 0.0, 0.0, 0.0, 0.0, 0.0, 0.0, 0.0], [0.18944430351257324, 0.5, 0.26666666666666666, 0.09803921568627451, 0.25, 0.09090909090909091, 0.0, 0.0, 0.1894442976013688, 0.2299021991488034, 0.2299021991488034, 0.0, 0.0, 0.0, 0.0, 0.0, 0.0, 0.0, 0.0, 0.0, 0.0, 0.0, 0.0, 0.0, 0.0, 0.0, 0.0, 0.0, 0.0, 0.0, 0.0, 0.0], [0.191523015499115, 0.6666666666666666, 0.3, 0.09803921568627451, 0.25, 0.09090909090909091, 0.0, 0.0, 0.1915230238733213, 0.2869213303915397, 0.2869213303915397, 0.0, 0.0, 0.0, 0.0, 0.0, 1.0, 0.0, 0.0, 0.0, 0.0, 0.0, 0.0, 0.0, 0.0, 0.0, 0.0, 0.0, 0.0, 0.0, 0.0, 0.0], [0.2512238919734955, 0.8333333333333333, 0.3333333333333333, 0.09803921568627451, 0.25, 0.09090909090909091, 0.0, 1.0, 0.25122389780259985, 0.3150305209409435, 0.3150305209409435, 0.0, 0.0, 0.0, 0.0, 0.0, 0.0, 0.0, 0.0, 0.0, 0.0, 0.0, 0.0, 0.0, 0.0, 0.0, 0.0, 0.0, 0.0, 0.0, 0.0, 0.0]]",0.29339173436164856,106.50119957327843,5.0,11.0,6.0,2.0,2.0,1.0,1.0,91.19427490234374,114.3560791015625,114.3560791015625,0.0,0.0,0.0,0.0,0.0,0.0,0.0,0.0,0.0,0.0,0.0,0.0,0.0,0.0,0.0,0.0,0.0,0.0,0.0,0.0,0.0,0.8333333333333333,0.3333333333333333,0.09803921568627451,0.25,0.09090909090909091,0.0,1.0,0.25122389780259985,0.3150305209409435,0.3150305209409435,0.0,0.0,0.0,0.0,0.0,0.0,0.0,0.0,0.0,0.0,0.0,0.0,0.0,0.0,0.0,0.0,0.0,0.0,0.0,0.0,0.0
141,"[[0.2559781074523926, 0.0, 0.16666666666666669, 0.09803921568627451, 0.0, 0.09090909090909091, 0.0, 0.0, 0.2559781035115896, 0.20951118153974044, 0.20951118153974044, 0.0, 0.0, 0.0, 0.0, 1.0, 0.0, 0.0, 0.0, 0.0, 0.0, 0.0, 0.0, 0.0, 0.0, 0.0, 0.0, 0.0, 0.0, 0.0, 0.0, 0.0], [0.17718572914600372, 0.16666666666666666, 0.2, 0.09803921568627451, 0.0, 0.09090909090909091, 0.0, 0.0, 0.17718573115745523, 0.21095456630402032, 0.21095456630402032, 0.0, 0.0, 0.0, 0.0, 0.0, 0.0, 0.0, 0.0, 0.0, 0.0, 0.0, 0.0, 0.0, 0.0, 0.0, 0.0, 0.0, 0.0, 0.0, 0.0, 0.0], [0.16839168965816498, 0.3333333333333333, 0.23333333333333334, 0.09803921568627451, 0.25, 0.09090909090909091, 0.0, 0.0, 0.16839168748251335, 0.16327157559145253, 0.16327157559145253, 0.0, 0.0, 0.0, 0.0, 0.0, 0.0, 0.0, 0.0, 0.0, 0.0, 0.0, 0.0, 0.0, 0.0, 0.0, 0.0, 0.0, 0.0, 0.0, 0.0, 0.0], [0.18944430351257324, 0.5, 0.26666666666666666, 0.09803921568627451, 0.25, 0.09090909090909091, 0.0, 0.0, 0.1894442976013688, 0.2299021991488034, 0.2299021991488034, 0.0, 0.0, 0.0, 0.0, 0.0, 0.0, 0.0, 0.0, 0.0, 0.0, 0.0, 0.0, 0.0, 0.0, 0.0, 0.0, 0.0, 0.0, 0.0, 0.0, 0.0], [0.191523015499115, 0.6666666666666666, 0.3, 0.09803921568627451, 0.25, 0.09090909090909091, 0.0, 0.0, 0.1915230238733213, 0.2869213303915397, 0.2869213303915397, 0.0, 0.0, 0.0, 0.0, 0.0, 1.0, 0.0, 0.0, 0.0, 0.0, 0.0, 0.0, 0.0, 0.0, 0.0, 0.0, 0.0, 0.0, 0.0, 0.0, 0.0], [0.2512238919734955, 0.8333333333333333, 0.3333333333333333, 0.09803921568627451, 0.25, 0.09090909090909091, 0.0, 1.0, 0.25122389780259985, 0.3150305209409435, 0.3150305209409435, 0.0, 0.0, 0.0, 0.0, 0.0, 0.0, 0.0, 0.0, 0.0, 0.0, 0.0, 0.0, 0.0, 0.0, 0.0, 0.0, 0.0, 0.0, 0.0, 0.0, 0.0], [0.29339173436164856, 1.0, 0.3666666666666667, 0.09803921568627451, 0.25, 0.09090909090909091, 0.0, 1.0, 0.29339172951774495, 0.2559781035115896, 0.2559781035115896, 0.0, 0.0, 0.0, 0.0, 0.0, 0.0, 0.0, 0.0, 0.0, 0.0, 0.0, 0.0, 0.0, 0.0, 0.0, 0.0, 0.0, 0.0, 0.0, 0.0, 0.0]]",0.2572457790374756,93.38021779060364,6.0,12.0,6.0,2.0,2.0,1.0,1.0,106.5011978149414,92.92005157470703,92.92005157470703,0.0,0.0,0.0,0.0,0.0,0.0,0.0,0.0,0.0,0.0,0.0,0.0,0.0,0.0,0.0,0.0,0.0,0.0,0.0,0.0,0.0,1.0,0.3666666666666667,0.09803921568627451,0.25,0.09090909090909091,0.0,1.0,0.29339172951774495,0.2559781035115896,0.2559781035115896,0.0,0.0,0.0,0.0,0.0,0.0,0.0,0.0,0.0,0.0,0.0,0.0,0.0,0.0,0.0,0.0,0.0,0.0,0.0,0.0,0.0
142,"[[0.17718572914600372, 0.16666666666666666, 0.2, 0.09803921568627451, 0.0, 0.09090909090909091, 0.0, 0.0, 0.17718573115745523, 0.21095456630402032, 0.21095456630402032, 0.0, 0.0, 0.0, 0.0, 0.0, 0.0, 0.0, 0.0, 0.0, 0.0, 0.0, 0.0, 0.0, 0.0, 0.0, 0.0, 0.0, 0.0, 0.0, 0.0, 0.0], [0.16839168965816498, 0.3333333333333333, 0.23333333333333334, 0.09803921568627451, 0.25, 0.09090909090909091, 0.0, 0.0, 0.16839168748251335, 0.16327157559145253, 0.16327157559145253, 0.0, 0.0, 0.0, 0.0, 0.0, 0.0, 0.0, 0.0, 0.0, 0.0, 0.0, 0.0, 0.0, 0.0, 0.0, 0.0, 0.0, 0.0, 0.0, 0.0, 0.0], [0.18944430351257324, 0.5, 0.26666666666666666, 0.09803921568627451, 0.25, 0.09090909090909091, 0.0, 0.0, 0.1894442976013688, 0.2299021991488034, 0.2299021991488034, 0.0, 0.0, 0.0, 0.0, 0.0, 0.0, 0.0, 0.0, 0.0, 0.0, 0.0, 0.0, 0.0, 0.0, 0.0, 0.0, 0.0, 0.0, 0.0, 0.0, 0.0], [0.191523015499115, 0.6666666666666666, 0.3, 0.09803921568627451, 0.25, 0.09090909090909091, 0.0, 0.0, 0.1915230238733213, 0.2869213303915397, 0.2869213303915397, 0.0, 0.0, 0.0, 0.0, 0.0, 1.0, 0.0, 0.0, 0.0, 0.0, 0.0, 0.0, 0.0, 0.0, 0.0, 0.0, 0.0, 0.0, 0.0, 0.0, 0.0], [0.2512238919734955, 0.8333333333333333, 0.3333333333333333, 0.09803921568627451, 0.25, 0.09090909090909091, 0.0, 1.0, 0.25122389780259985, 0.3150305209409435, 0.3150305209409435, 0.0, 0.0, 0.0, 0.0, 0.0, 0.0, 0.0, 0.0, 0.0, 0.0, 0.0, 0.0, 0.0, 0.0, 0.0, 0.0, 0.0, 0.0, 0.0, 0.0, 0.0], [0.29339173436164856, 1.0, 0.3666666666666667, 0.09803921568627451, 0.25, 0.09090909090909091, 0.0, 1.0, 0.29339172951774495, 0.2559781035115896, 0.2559781035115896, 0.0, 0.0, 0.0, 0.0, 0.0, 0.0, 0.0, 0.0, 0.0, 0.0, 0.0, 0.0, 0.0, 0.0, 0.0, 0.0, 0.0, 0.0, 0.0, 0.0, 0.0], [0.2572457790374756, 0.0, 0.4, 0.11764705882352942, 0.25, 0.09090909090909091, 0.0, 0.0, 0.2572457810078771, 0.17718573115745523, 0.17718573115745523, 0.0, 0.0, 0.0, 0.0, 1.0, 0.0, 0.0, 0.0, 0.0, 0.0, 0.0, 0.0, 0.0, 0.0, 0.0, 0.0, 0.0, 0.0, 0.0, 0.0, 0.0]]",0.18352273106575012,66.6187513768673,0.0,13.0,7.000000000000001,2.0,2.0,1.0,0.0,93.38021850585939,64.31842041015625,64.31842041015625,0.0,0.0,0.0,0.0,1.0,0.0,0.0,0.0,0.0,0.0,0.0,0.0,0.0,0.0,0.0,0.0,0.0,0.0,0.0,0.0,0.0,0.0,0.4,0.11764705882352942,0.25,0.09090909090909091,0.0,0.0,0.2572457810078771,0.17718573115745523,0.17718573115745523,0.0,0.0,0.0,0.0,1.0,0.0,0.0,0.0,0.0,0.0,0.0,0.0,0.0,0.0,0.0,0.0,0.0,0.0,0.0,0.0,0.0
143,"[[0.16839168965816498, 0.3333333333333333, 0.23333333333333334, 0.09803921568627451, 0.25, 0.09090909090909091, 0.0, 0.0, 0.16839168748251335, 0.16327157559145253, 0.16327157559145253, 0.0, 0.0, 0.0, 0.0, 0.0, 0.0, 0.0, 0.0, 0.0, 0.0, 0.0, 0.0, 0.0, 0.0, 0.0, 0.0, 0.0, 0.0, 0.0, 0.0, 0.0], [0.18944430351257324, 0.5, 0.26666666666666666, 0.09803921568627451, 0.25, 0.09090909090909091, 0.0, 0.0, 0.1894442976013688, 0.2299021991488034, 0.2299021991488034, 0.0, 0.0, 0.0, 0.0, 0.0, 0.0, 0.0, 0.0, 0.0, 0.0, 0.0, 0.0, 0.0, 0.0, 0.0, 0.0, 0.0, 0.0, 0.0, 0.0, 0.0], [0.191523015499115, 0.6666666666666666, 0.3, 0.09803921568627451, 0.25, 0.09090909090909091, 0.0, 0.0, 0.1915230238733213, 0.2869213303915397, 0.2869213303915397, 0.0, 0.0, 0.0, 0.0, 0.0, 1.0, 0.0, 0.0, 0.0, 0.0, 0.0, 0.0, 0.0, 0.0, 0.0, 0.0, 0.0, 0.0, 0.0, 0.0, 0.0], [0.2512238919734955, 0.8333333333333333, 0.3333333333333333, 0.09803921568627451, 0.25, 0.09090909090909091, 0.0, 1.0, 0.25122389780259985, 0.3150305209409435, 0.3150305209409435, 0.0, 0.0, 0.0, 0.0, 0.0, 0.0, 0.0, 0.0, 0.0, 0.0, 0.0, 0.0, 0.0, 0.0, 0.0, 0.0, 0.0, 0.0, 0.0, 0.0, 0.0], [0.29339173436164856, 1.0, 0.3666666666666667, 0.09803921568627451, 0.25, 0.09090909090909091, 0.0, 1.0, 0.29339172951774495, 0.2559781035115896, 0.2559781035115896, 0.0, 0.0, 0.0, 0.0, 0.0, 0.0, 0.0, 0.0, 0.0, 0.0, 0.0, 0.0, 0.0, 0.0, 0.0, 0.0, 0.0, 0.0, 0.0, 0.0, 0.0], [0.2572457790374756, 0.0, 0.4, 0.11764705882352942, 0.25, 0.09090909090909091, 0.0, 0.0, 0.2572457810078771, 0.17718573115745523, 0.17718573115745523, 0.0, 0.0, 0.0, 0.0, 1.0, 0.0, 0.0, 0.0, 0.0, 0.0, 0.0, 0.0, 0.0, 0.0, 0.0, 0.0, 0.0, 0.0, 0.0, 0.0, 0.0], [0.18352273106575012, 0.16666666666666666, 0.43333333333333335, 0.11764705882352942, 0.25, 0.09090909090909091, 0.0, 0.0, 0.18352273147625042, 0.16839168748251335, 0.16839168748251335, 0.0, 0.0, 0.0, 0.0, 0.0, 0.0, 0.0, 0.0, 0.0, 0.0, 0.0, 0.0, 0.0, 0.0, 0.0, 0.0, 0.0, 0.0, 0.0, 0.0, 0.0]]",0.17733976244926453,64.37433376908302,1.0,14.0,7.000000000000001,2.0,2.0,1.0,0.0,66.6187515258789,61.126182556152344,61.126182556152344,0.0,0.0,0.0,0.0,0.0,0.0,0.0,0.0,0.0,0.0,0.0,0.0,0.0,0.0,0.0,0.0,0.0,0.0,0.0,0.0,0.0,0.16666666666666666,0.43333333333333335,0.11764705882352942,0.25,0.09090909090909091,0.0,0.0,0.18352273147625042,0.16839168748251335,0.16839168748251335,0.0,0.0,0.0,0.0,0.0,0.0,0.0,0.0,0.0,0.0,0.0,0.0,0.0,0.0,0.0,0.0,0.0,0.0,0.0,0.0,0.0
144,"[[0.18944430351257324, 0.5, 0.26666666666666666, 0.09803921568627451, 0.25, 0.09090909090909091, 0.0, 0.0, 0.1894442976013688, 0.2299021991488034, 0.2299021991488034, 0.0, 0.0, 0.0, 0.0, 0.0, 0.0, 0.0, 0.0, 0.0, 0.0, 0.0, 0.0, 0.0, 0.0, 0.0, 0.0, 0.0, 0.0, 0.0, 0.0, 0.0], [0.191523015499115, 0.6666666666666666, 0.3, 0.09803921568627451, 0.25, 0.09090909090909091, 0.0, 0.0, 0.1915230238733213, 0.2869213303915397, 0.2869213303915397, 0.0, 0.0, 0.0, 0.0, 0.0, 1.0, 0.0, 0.0, 0.0, 0.0, 0.0, 0.0, 0.0, 0.0, 0.0, 0.0, 0.0, 0.0, 0.0, 0.0, 0.0], [0.2512238919734955, 0.8333333333333333, 0.3333333333333333, 0.09803921568627451, 0.25, 0.09090909090909091, 0.0, 1.0, 0.25122389780259985, 0.3150305209409435, 0.3150305209409435, 0.0, 0.0, 0.0, 0.0, 0.0, 0.0, 0.0, 0.0, 0.0, 0.0, 0.0, 0.0, 0.0, 0.0, 0.0, 0.0, 0.0, 0.0, 0.0, 0.0, 0.0], [0.29339173436164856, 1.0, 0.3666666666666667, 0.09803921568627451, 0.25, 0.09090909090909091, 0.0, 1.0, 0.29339172951774495, 0.2559781035115896, 0.2559781035115896, 0.0, 0.0, 0.0, 0.0, 0.0, 0.0, 0.0, 0.0, 0.0, 0.0, 0.0, 0.0, 0.0, 0.0, 0.0, 0.0, 0.0, 0.0, 0.0, 0.0, 0.0], [0.2572457790374756, 0.0, 0.4, 0.11764705882352942, 0.25, 0.09090909090909091, 0.0, 0.0, 0.2572457810078771, 0.17718573115745523, 0.17718573115745523, 0.0, 0.0, 0.0, 0.0, 1.0, 0.0, 0.0, 0.0, 0.0, 0.0, 0.0, 0.0, 0.0, 0.0, 0.0, 0.0, 0.0, 0.0, 0.0, 0.0, 0.0], [0.18352273106575012, 0.16666666666666666, 0.43333333333333335, 0.11764705882352942, 0.25, 0.09090909090909091, 0.0, 0.0, 0.18352273147625042, 0.16839168748251335, 0.16839168748251335, 0.0, 0.0, 0.0, 0.0, 0.0, 0.0, 0.0, 0.0, 0.0, 0.0, 0.0, 0.0, 0.0, 0.0, 0.0, 0.0, 0.0, 0.0, 0.0, 0.0, 0.0], [0.17733976244926453, 0.3333333333333333, 0.4666666666666667, 0.11764705882352942, 0.5, 0.09090909090909091, 0.0, 0.0, 0.17733976926356965, 0.1894442976013688, 0.1894442976013688, 0.0, 0.0, 0.0, 0.0, 0.0, 0.0, 0.0, 0.0, 0.0, 0.0, 0.0, 0.0, 0.0, 0.0, 0.0, 0.0, 0.0, 0.0, 0.0, 0.0, 0.0]]",0.2003002017736435,72.70897324383259,2.0,15.0,7.000000000000001,3.0,2.0,1.0,0.0,64.37433624267578,68.76828002929688,68.76828002929688,0.0,0.0,0.0,0.0,0.0,0.0,0.0,0.0,0.0,0.0,0.0,0.0,0.0,0.0,0.0,0.0,0.0,0.0,0.0,0.0,0.0,0.3333333333333333,0.4666666666666667,0.11764705882352942,0.5,0.09090909090909091,0.0,0.0,0.17733976926356965,0.1894442976013688,0.1894442976013688,0.0,0.0,0.0,0.0,0.0,0.0,0.0,0.0,0.0,0.0,0.0,0.0,0.0,0.0,0.0,0.0,0.0,0.0,0.0,0.0,0.0
145,"[[0.191523015499115, 0.6666666666666666, 0.3, 0.09803921568627451, 0.25, 0.09090909090909091, 0.0, 0.0, 0.1915230238733213, 0.2869213303915397, 0.2869213303915397, 0.0, 0.0, 0.0, 0.0, 0.0, 1.0, 0.0, 0.0, 0.0, 0.0, 0.0, 0.0, 0.0, 0.0, 0.0, 0.0, 0.0, 0.0, 0.0, 0.0, 0.0], [0.2512238919734955, 0.8333333333333333, 0.3333333333333333, 0.09803921568627451, 0.25, 0.09090909090909091, 0.0, 1.0, 0.25122389780259985, 0.3150305209409435, 0.3150305209409435, 0.0, 0.0, 0.0, 0.0, 0.0, 0.0, 0.0, 0.0, 0.0, 0.0, 0.0, 0.0, 0.0, 0.0, 0.0, 0.0, 0.0, 0.0, 0.0, 0.0, 0.0], [0.29339173436164856, 1.0, 0.3666666666666667, 0.09803921568627451, 0.25, 0.09090909090909091, 0.0, 1.0, 0.29339172951774495, 0.2559781035115896, 0.2559781035115896, 0.0, 0.0, 0.0, 0.0, 0.0, 0.0, 0.0, 0.0, 0.0, 0.0, 0.0, 0.0, 0.0, 0.0, 0.0, 0.0, 0.0, 0.0, 0.0, 0.0, 0.0], [0.2572457790374756, 0.0, 0.4, 0.11764705882352942, 0.25, 0.09090909090909091, 0.0, 0.0, 0.2572457810078771, 0.17718573115745523, 0.17718573115745523, 0.0, 0.0, 0.0, 0.0, 1.0, 0.0, 0.0, 0.0, 0.0, 0.0, 0.0, 0.0, 0.0, 0.0, 0.0, 0.0, 0.0, 0.0, 0.0, 0.0, 0.0], [0.18352273106575012, 0.16666666666666666, 0.43333333333333335, 0.11764705882352942, 0.25, 0.09090909090909091, 0.0, 0.0, 0.18352273147625042, 0.16839168748251335, 0.16839168748251335, 0.0, 0.0, 0.0, 0.0, 0.0, 0.0, 0.0, 0.0, 0.0, 0.0, 0.0, 0.0, 0.0, 0.0, 0.0, 0.0, 0.0, 0.0, 0.0, 0.0, 0.0], [0.17733976244926453, 0.3333333333333333, 0.4666666666666667, 0.11764705882352942, 0.5, 0.09090909090909091, 0.0, 0.0, 0.17733976926356965, 0.1894442976013688, 0.1894442976013688, 0.0, 0.0, 0.0, 0.0, 0.0, 0.0, 0.0, 0.0, 0.0, 0.0, 0.0, 0.0, 0.0, 0.0, 0.0, 0.0, 0.0, 0.0, 0.0, 0.0, 0.0], [0.2003002017736435, 0.5, 0.5, 0.11764705882352942, 0.5, 0.09090909090909091, 0.0, 0.0, 0.20030021142040075, 0.1915230238733213, 0.1915230238733213, 0.0, 0.0, 0.0, 0.0, 0.0, 0.0, 0.0, 0.0, 0.0, 0.0, 0.0, 0.0, 0.0, 0.0, 0.0, 0.0, 0.0, 0.0, 0.0, 0.0, 0.0]]",0.20655931532382965,74.98103146255016,3.0,16.0,7.000000000000001,3.0,2.0,1.0,0.0,72.70897674560547,69.52285766601562,69.52285766601562,0.0,0.0,0.0,0.0,0.0,0.0,0.0,0.0,0.0,0.0,0.0,0.0,0.0,0.0,0.0,0.0,0.0,0.0,0.0,0.0,0.0,0.5,0.5,0.11764705882352942,0.5,0.09090909090909091,0.0,0.0,0.20030021142040075,0.1915230238733213,0.1915230238733213,0.0,0.0,0.0,0.0,0.0,0.0,0.0,0.0,0.0,0.0,0.0,0.0,0.0,0.0,0.0,0.0,0.0,0.0,0.0,0.0,0.0
146,"[[0.2512238919734955, 0.8333333333333333, 0.3333333333333333, 0.09803921568627451, 0.25, 0.09090909090909091, 0.0, 1.0, 0.25122389780259985, 0.3150305209409435, 0.3150305209409435, 0.0, 0.0, 0.0, 0.0, 0.0, 0.0, 0.0, 0.0, 0.0, 0.0, 0.0, 0.0, 0.0, 0.0, 0.0, 0.0, 0.0, 0.0, 0.0, 0.0, 0.0], [0.29339173436164856, 1.0, 0.3666666666666667, 0.09803921568627451, 0.25, 0.09090909090909091, 0.0, 1.0, 0.29339172951774495, 0.2559781035115896, 0.2559781035115896, 0.0, 0.0, 0.0, 0.0, 0.0, 0.0, 0.0, 0.0, 0.0, 0.0, 0.0, 0.0, 0.0, 0.0, 0.0, 0.0, 0.0, 0.0, 0.0, 0.0, 0.0], [0.2572457790374756, 0.0, 0.4, 0.11764705882352942, 0.25, 0.09090909090909091, 0.0, 0.0, 0.2572457810078771, 0.17718573115745523, 0.17718573115745523, 0.0, 0.0, 0.0, 0.0, 1.0, 0.0, 0.0, 0.0, 0.0, 0.0, 0.0, 0.0, 0.0, 0.0, 0.0, 0.0, 0.0, 0.0, 0.0, 0.0, 0.0], [0.18352273106575012, 0.16666666666666666, 0.43333333333333335, 0.11764705882352942, 0.25, 0.09090909090909091, 0.0, 0.0, 0.18352273147625042, 0.16839168748251335, 0.16839168748251335, 0.0, 0.0, 0.0, 0.0, 0.0, 0.0, 0.0, 0.0, 0.0, 0.0, 0.0, 0.0, 0.0, 0.0, 0.0, 0.0, 0.0, 0.0, 0.0, 0.0, 0.0], [0.17733976244926453, 0.3333333333333333, 0.4666666666666667, 0.11764705882352942, 0.5, 0.09090909090909091, 0.0, 0.0, 0.17733976926356965, 0.1894442976013688, 0.1894442976013688, 0.0, 0.0, 0.0, 0.0, 0.0, 0.0, 0.0, 0.0, 0.0, 0.0, 0.0, 0.0, 0.0, 0.0, 0.0, 0.0, 0.0, 0.0, 0.0, 0.0, 0.0], [0.2003002017736435, 0.5, 0.5, 0.11764705882352942, 0.5, 0.09090909090909091, 0.0, 0.0, 0.20030021142040075, 0.1915230238733213, 0.1915230238733213, 0.0, 0.0, 0.0, 0.0, 0.0, 0.0, 0.0, 0.0, 0.0, 0.0, 0.0, 0.0, 0.0, 0.0, 0.0, 0.0, 0.0, 0.0, 0.0, 0.0, 0.0], [0.20655931532382965, 0.6666666666666666, 0.5333333333333333, 0.11764705882352942, 0.5, 0.09090909090909091, 0.0, 0.0, 0.20655932045508352, 0.25122389780259985, 0.25122389780259985, 0.0, 0.0, 0.0, 0.0, 0.0, 1.0, 0.0, 0.0, 0.0, 0.0, 0.0, 0.0, 0.0, 0.0, 0.0, 0.0, 0.0, 0.0, 0.0, 0.0, 0.0]]",0.27978599071502686,101.56231462955475,4.0,17.0,7.000000000000001,3.0,2.0,1.0,0.0,74.98103332519531,91.19427490234374,91.19427490234374,0.0,0.0,0.0,0.0,0.0,1.0,0.0,0.0,0.0,0.0,0.0,0.0,0.0,0.0,0.0,0.0,0.0,0.0,0.0,0.0,0.0,0.6666666666666666,0.5333333333333333,0.11764705882352942,0.5,0.09090909090909091,0.0,0.0,0.20655932045508352,0.25122389780259985,0.25122389780259985,0.0,0.0,0.0,0.0,0.0,1.0,0.0,0.0,0.0,0.0,0.0,0.0,0.0,0.0,0.0,0.0,0.0,0.0,0.0,0.0,0.0
147,"[[0.29339173436164856, 1.0, 0.3666666666666667, 0.09803921568627451, 0.25, 0.09090909090909091, 0.0, 1.0, 0.29339172951774495, 0.2559781035115896, 0.2559781035115896, 0.0, 0.0, 0.0, 0.0, 0.0, 0.0, 0.0, 0.0, 0.0, 0.0, 0.0, 0.0, 0.0, 0.0, 0.0, 0.0, 0.0, 0.0, 0.0, 0.0, 0.0], [0.2572457790374756, 0.0, 0.4, 0.11764705882352942, 0.25, 0.09090909090909091, 0.0, 0.0, 0.2572457810078771, 0.17718573115745523, 0.17718573115745523, 0.0, 0.0, 0.0, 0.0, 1.0, 0.0, 0.0, 0.0, 0.0, 0.0, 0.0, 0.0, 0.0, 0.0, 0.0, 0.0, 0.0, 0.0, 0.0, 0.0, 0.0], [0.18352273106575012, 0.16666666666666666, 0.43333333333333335, 0.11764705882352942, 0.25, 0.09090909090909091, 0.0, 0.0, 0.18352273147625042, 0.16839168748251335, 0.16839168748251335, 0.0, 0.0, 0.0, 0.0, 0.0, 0.0, 0.0, 0.0, 0.0, 0.0, 0.0, 0.0, 0.0, 0.0, 0.0, 0.0, 0.0, 0.0, 0.0, 0.0, 0.0], [0.17733976244926453, 0.3333333333333333, 0.4666666666666667, 0.11764705882352942, 0.5, 0.09090909090909091, 0.0, 0.0, 0.17733976926356965, 0.1894442976013688, 0.1894442976013688, 0.0, 0.0, 0.0, 0.0, 0.0, 0.0, 0.0, 0.0, 0.0, 0.0, 0.0, 0.0, 0.0, 0.0, 0.0, 0.0, 0.0, 0.0, 0.0, 0.0, 0.0], [0.2003002017736435, 0.5, 0.5, 0.11764705882352942, 0.5, 0.09090909090909091, 0.0, 0.0, 0.20030021142040075, 0.1915230238733213, 0.1915230238733213, 0.0, 0.0, 0.0, 0.0, 0.0, 0.0, 0.0, 0.0, 0.0, 0.0, 0.0, 0.0, 0.0, 0.0, 0.0, 0.0, 0.0, 0.0, 0.0, 0.0, 0.0], [0.20655931532382965, 0.6666666666666666, 0.5333333333333333, 0.11764705882352942, 0.5, 0.09090909090909091, 0.0, 0.0, 0.20655932045508352, 0.25122389780259985, 0.25122389780259985, 0.0, 0.0, 0.0, 0.0, 0.0, 1.0, 0.0, 0.0, 0.0, 0.0, 0.0, 0.0, 0.0, 0.0, 0.0, 0.0, 0.0, 0.0, 0.0, 0.0, 0.0], [0.27978599071502686, 0.8333333333333333, 0.5666666666666667, 0.11764705882352942, 0.5, 0.09090909090909091, 0.0, 1.0, 0.2797859969546316, 0.29339172951774495, 0.29339172951774495, 0.0, 0.0, 0.0, 0.0, 0.0, 0.0, 0.0, 0.0, 0.0, 0.0, 0.0, 0.0, 0.0, 0.0, 0.0, 0.0, 0.0, 0.0, 0.0, 0.0, 0.0]]",0.2913397550582886,105.75633108615875,5.0,18.0,7.000000000000001,3.0,2.0,1.0,1.0,101.56231689453126,106.5011978149414,106.5011978149414,0.0,0.0,0.0,0.0,0.0,0.0,0.0,0.0,0.0,0.0,0.0,0.0,0.0,0.0,0.0,0.0,0.0,0.0,0.0,0.0,0.0,0.8333333333333333,0.5666666666666667,0.11764705882352942,0.5,0.09090909090909091,0.0,1.0,0.2797859969546316,0.29339172951774495,0.29339172951774495,0.0,0.0,0.0,0.0,0.0,0.0,0.0,0.0,0.0,0.0,0.0,0.0,0.0,0.0,0.0,0.0,0.0,0.0,0.0,0.0,0.0
148,"[[0.2572457790374756, 0.0, 0.4, 0.11764705882352942, 0.25, 0.09090909090909091, 0.0, 0.0, 0.2572457810078771, 0.17718573115745523, 0.17718573115745523, 0.0, 0.0, 0.0, 0.0, 1.0, 0.0, 0.0, 0.0, 0.0, 0.0, 0.0, 0.0, 0.0, 0.0, 0.0, 0.0, 0.0, 0.0, 0.0, 0.0, 0.0], [0.18352273106575012, 0.16666666666666666, 0.43333333333333335, 0.11764705882352942, 0.25, 0.09090909090909091, 0.0, 0.0, 0.18352273147625042, 0.16839168748251335, 0.16839168748251335, 0.0, 0.0, 0.0, 0.0, 0.0, 0.0, 0.0, 0.0, 0.0, 0.0, 0.0, 0.0, 0.0, 0.0, 0.0, 0.0, 0.0, 0.0, 0.0, 0.0, 0.0], [0.17733976244926453, 0.3333333333333333, 0.4666666666666667, 0.11764705882352942, 0.5, 0.09090909090909091, 0.0, 0.0, 0.17733976926356965, 0.1894442976013688, 0.1894442976013688, 0.0, 0.0, 0.0, 0.0, 0.0, 0.0, 0.0, 0.0, 0.0, 0.0, 0.0, 0.0, 0.0, 0.0, 0.0, 0.0, 0.0, 0.0, 0.0, 0.0, 0.0], [0.2003002017736435, 0.5, 0.5, 0.11764705882352942, 0.5, 0.09090909090909091, 0.0, 0.0, 0.20030021142040075, 0.1915230238733213, 0.1915230238733213, 0.0, 0.0, 0.0, 0.0, 0.0, 0.0, 0.0, 0.0, 0.0, 0.0, 0.0, 0.0, 0.0, 0.0, 0.0, 0.0, 0.0, 0.0, 0.0, 0.0, 0.0], [0.20655931532382965, 0.6666666666666666, 0.5333333333333333, 0.11764705882352942, 0.5, 0.09090909090909091, 0.0, 0.0, 0.20655932045508352, 0.25122389780259985, 0.25122389780259985, 0.0, 0.0, 0.0, 0.0, 0.0, 1.0, 0.0, 0.0, 0.0, 0.0, 0.0, 0.0, 0.0, 0.0, 0.0, 0.0, 0.0, 0.0, 0.0, 0.0, 0.0], [0.27978599071502686, 0.8333333333333333, 0.5666666666666667, 0.11764705882352942, 0.5, 0.09090909090909091, 0.0, 1.0, 0.2797859969546316, 0.29339172951774495, 0.29339172951774495, 0.0, 0.0, 0.0, 0.0, 0.0, 0.0, 0.0, 0.0, 0.0, 0.0, 0.0, 0.0, 0.0, 0.0, 0.0, 0.0, 0.0, 0.0, 0.0, 0.0, 0.0], [0.2913397550582886, 1.0, 0.6, 0.11764705882352942, 0.5, 0.09090909090909091, 0.0, 1.0, 0.2913397586706913, 0.2572457810078771, 0.2572457810078771, 0.0, 0.0, 0.0, 0.0, 0.0, 0.0, 0.0, 0.0, 0.0, 0.0, 0.0, 0.0, 0.0, 0.0, 0.0, 0.0, 0.0, 0.0, 0.0, 0.0, 0.0]]",0.26485002040863037,96.14055740833282,6.0,19.0,7.000000000000001,3.0,2.0,1.0,1.0,105.75633239746094,93.38021850585939,93.38021850585939,0.0,0.0,0.0,0.0,0.0,0.0,0.0,0.0,0.0,0.0,0.0,0.0,0.0,0.0,0.0,0.0,0.0,0.0,0.0,0.0,0.0,1.0,0.6,0.11764705882352942,0.5,0.09090909090909091,0.0,1.0,0.2913397586706913,0.2572457810078771,0.2572457810078771,0.0,0.0,0.0,0.0,0.0,0.0,0.0,0.0,0.0,0.0,0.0,0.0,0.0,0.0,0.0,0.0,0.0,0.0,0.0,0.0,0.0
149,"[[0.18352273106575012, 0.16666666666666666, 0.43333333333333335, 0.11764705882352942, 0.25, 0.09090909090909091, 0.0, 0.0, 0.18352273147625042, 0.16839168748251335, 0.16839168748251335, 0.0, 0.0, 0.0, 0.0, 0.0, 0.0, 0.0, 0.0, 0.0, 0.0, 0.0, 0.0, 0.0, 0.0, 0.0, 0.0, 0.0, 0.0, 0.0, 0.0, 0.0], [0.17733976244926453, 0.3333333333333333, 0.4666666666666667, 0.11764705882352942, 0.5, 0.09090909090909091, 0.0, 0.0, 0.17733976926356965, 0.1894442976013688, 0.1894442976013688, 0.0, 0.0, 0.0, 0.0, 0.0, 0.0, 0.0, 0.0, 0.0, 0.0, 0.0, 0.0, 0.0, 0.0, 0.0, 0.0, 0.0, 0.0, 0.0, 0.0, 0.0], [0.2003002017736435, 0.5, 0.5, 0.11764705882352942, 0.5, 0.09090909090909091, 0.0, 0.0, 0.20030021142040075, 0.1915230238733213, 0.1915230238733213, 0.0, 0.0, 0.0, 0.0, 0.0, 0.0, 0.0, 0.0, 0.0, 0.0, 0.0, 0.0, 0.0, 0.0, 0.0, 0.0, 0.0, 0.0, 0.0, 0.0, 0.0], [0.20655931532382965, 0.6666666666666666, 0.5333333333333333, 0.11764705882352942, 0.5, 0.09090909090909091, 0.0, 0.0, 0.20655932045508352, 0.25122389780259985, 0.25122389780259985, 0.0, 0.0, 0.0, 0.0, 0.0, 1.0, 0.0, 0.0, 0.0, 0.0, 0.0, 0.0, 0.0, 0.0, 0.0, 0.0, 0.0, 0.0, 0.0, 0.0, 0.0], [0.27978599071502686, 0.8333333333333333, 0.5666666666666667, 0.11764705882352942, 0.5, 0.09090909090909091, 0.0, 1.0, 0.2797859969546316, 0.29339172951774495, 0.29339172951774495, 0.0, 0.0, 0.0, 0.0, 0.0, 0.0, 0.0, 0.0, 0.0, 0.0, 0.0, 0.0, 0.0, 0.0, 0.0, 0.0, 0.0, 0.0, 0.0, 0.0, 0.0], [0.2913397550582886, 1.0, 0.6, 0.11764705882352942, 0.5, 0.09090909090909091, 0.0, 1.0, 0.2913397586706913, 0.2572457810078771, 0.2572457810078771, 0.0, 0.0, 0.0, 0.0, 0.0, 0.0, 0.0, 0.0, 0.0, 0.0, 0.0, 0.0, 0.0, 0.0, 0.0, 0.0, 0.0, 0.0, 0.0, 0.0, 0.0], [0.26485002040863037, 0.0, 0.6333333333333333, 0.13725490196078433, 0.5, 0.09090909090909091, 0.0, 0.0, 0.26485001745302816, 0.18352273147625042, 0.18352273147625042, 0.0, 0.0, 0.0, 0.0, 1.0, 0.0, 0.0, 0.0, 0.0, 0.0, 0.0, 0.0, 0.0, 0.0, 0.0, 0.0, 0.0, 0.0, 0.0, 0.0, 0.0]]",0.19083593785762787,69.27344544231892,0.0,20.0,8.0,3.0,2.0,1.0,0.0,96.14055633544922,66.6187515258789,66.6187515258789,0.0,0.0,0.0,0.0,1.0,0.0,0.0,0.0,0.0,0.0,0.0,0.0,0.0,0.0,0.0,0.0,0.0,0.0,0.0,0.0,0.0,0.0,0.6333333333333333,0.13725490196078433,0.5,0.09090909090909091,0.0,0.0,0.26485001745302816,0.18352273147625042,0.18352273147625042,0.0,0.0,0.0,0.0,1.0,0.0,0.0,0.0,0.0,0.0,0.0,0.0,0.0,0.0,0.0,0.0,0.0,0.0,0.0,0.0,0.0
150,"[[0.17733976244926453, 0.3333333333333333, 0.4666666666666667, 0.11764705882352942, 0.5, 0.09090909090909091, 0.0, 0.0, 0.17733976926356965, 0.1894442976013688, 0.1894442976013688, 0.0, 0.0, 0.0, 0.0, 0.0, 0.0, 0.0, 0.0, 0.0, 0.0, 0.0, 0.0, 0.0, 0.0, 0.0, 0.0, 0.0, 0.0, 0.0, 0.0, 0.0], [0.2003002017736435, 0.5, 0.5, 0.11764705882352942, 0.5, 0.09090909090909091, 0.0, 0.0, 0.20030021142040075, 0.1915230238733213, 0.1915230238733213, 0.0, 0.0, 0.0, 0.0, 0.0, 0.0, 0.0, 0.0, 0.0, 0.0, 0.0, 0.0, 0.0, 0.0, 0.0, 0.0, 0.0, 0.0, 0.0, 0.0, 0.0], [0.20655931532382965, 0.6666666666666666, 0.5333333333333333, 0.11764705882352942, 0.5, 0.09090909090909091, 0.0, 0.0, 0.20655932045508352, 0.25122389780259985, 0.25122389780259985, 0.0, 0.0, 0.0, 0.0, 0.0, 1.0, 0.0, 0.0, 0.0, 0.0, 0.0, 0.0, 0.0, 0.0, 0.0, 0.0, 0.0, 0.0, 0.0, 0.0, 0.0], [0.27978599071502686, 0.8333333333333333, 0.5666666666666667, 0.11764705882352942, 0.5, 0.09090909090909091, 0.0, 1.0, 0.2797859969546316, 0.29339172951774495, 0.29339172951774495, 0.0, 0.0, 0.0, 0.0, 0.0, 0.0, 0.0, 0.0, 0.0, 0.0, 0.0, 0.0, 0.0, 0.0, 0.0, 0.0, 0.0, 0.0, 0.0, 0.0, 0.0], [0.2913397550582886, 1.0, 0.6, 0.11764705882352942, 0.5, 0.09090909090909091, 0.0, 1.0, 0.2913397586706913, 0.2572457810078771, 0.2572457810078771, 0.0, 0.0, 0.0, 0.0, 0.0, 0.0, 0.0, 0.0, 0.0, 0.0, 0.0, 0.0, 0.0, 0.0, 0.0, 0.0, 0.0, 0.0, 0.0, 0.0, 0.0], [0.26485002040863037, 0.0, 0.6333333333333333, 0.13725490196078433, 0.5, 0.09090909090909091, 0.0, 0.0, 0.26485001745302816, 0.18352273147625042, 0.18352273147625042, 0.0, 0.0, 0.0, 0.0, 1.0, 0.0, 0.0, 0.0, 0.0, 0.0, 0.0, 0.0, 0.0, 0.0, 0.0, 0.0, 0.0, 0.0, 0.0, 0.0, 0.0], [0.19083593785762787, 0.16666666666666666, 0.6666666666666666, 0.13725490196078433, 0.5, 0.09090909090909091, 0.0, 0.0, 0.19083593699557722, 0.17733976926356965, 0.17733976926356965, 0.0, 0.0, 0.0, 0.0, 0.0, 0.0, 0.0, 0.0, 0.0, 0.0, 0.0, 0.0, 0.0, 0.0, 0.0, 0.0, 0.0, 0.0, 0.0, 0.0, 0.0]]",0.18086019158363342,65.65224954485893,1.0,21.0,8.0,3.0,2.0,1.0,0.0,69.27344512939453,64.37433624267578,64.37433624267578,0.0,0.0,0.0,0.0,0.0,0.0,0.0,0.0,0.0,0.0,0.0,0.0,0.0,0.0,0.0,0.0,0.0,0.0,0.0,0.0,0.0,0.16666666666666666,0.6666666666666666,0.13725490196078433,0.5,0.09090909090909091,0.0,0.0,0.19083593699557722,0.17733976926356965,0.17733976926356965,0.0,0.0,0.0,0.0,0.0,0.0,0.0,0.0,0.0,0.0,0.0,0.0,0.0,0.0,0.0,0.0,0.0,0.0,0.0,0.0,0.0
151,"[[0.2003002017736435, 0.5, 0.5, 0.11764705882352942, 0.5, 0.09090909090909091, 0.0, 0.0, 0.20030021142040075, 0.1915230238733213, 0.1915230238733213, 0.0, 0.0, 0.0, 0.0, 0.0, 0.0, 0.0, 0.0, 0.0, 0.0, 0.0, 0.0, 0.0, 0.0, 0.0, 0.0, 0.0, 0.0, 0.0, 0.0, 0.0], [0.20655931532382965, 0.6666666666666666, 0.5333333333333333, 0.11764705882352942, 0.5, 0.09090909090909091, 0.0, 0.0, 0.20655932045508352, 0.25122389780259985, 0.25122389780259985, 0.0, 0.0, 0.0, 0.0, 0.0, 1.0, 0.0, 0.0, 0.0, 0.0, 0.0, 0.0, 0.0, 0.0, 0.0, 0.0, 0.0, 0.0, 0.0, 0.0, 0.0], [0.27978599071502686, 0.8333333333333333, 0.5666666666666667, 0.11764705882352942, 0.5, 0.09090909090909091, 0.0, 1.0, 0.2797859969546316, 0.29339172951774495, 0.29339172951774495, 0.0, 0.0, 0.0, 0.0, 0.0, 0.0, 0.0, 0.0, 0.0, 0.0, 0.0, 0.0, 0.0, 0.0, 0.0, 0.0, 0.0, 0.0, 0.0, 0.0, 0.0], [0.2913397550582886, 1.0, 0.6, 0.11764705882352942, 0.5, 0.09090909090909091, 0.0, 1.0, 0.2913397586706913, 0.2572457810078771, 0.2572457810078771, 0.0, 0.0, 0.0, 0.0, 0.0, 0.0, 0.0, 0.0, 0.0, 0.0, 0.0, 0.0, 0.0, 0.0, 0.0, 0.0, 0.0, 0.0, 0.0, 0.0, 0.0], [0.26485002040863037, 0.0, 0.6333333333333333, 0.13725490196078433, 0.5, 0.09090909090909091, 0.0, 0.0, 0.26485001745302816, 0.18352273147625042, 0.18352273147625042, 0.0, 0.0, 0.0, 0.0, 1.0, 0.0, 0.0, 0.0, 0.0, 0.0, 0.0, 0.0, 0.0, 0.0, 0.0, 0.0, 0.0, 0.0, 0.0, 0.0, 0.0], [0.19083593785762787, 0.16666666666666666, 0.6666666666666666, 0.13725490196078433, 0.5, 0.09090909090909091, 0.0, 0.0, 0.19083593699557722, 0.17733976926356965, 0.17733976926356965, 0.0, 0.0, 0.0, 0.0, 0.0, 0.0, 0.0, 0.0, 0.0, 0.0, 0.0, 0.0, 0.0, 0.0, 0.0, 0.0, 0.0, 0.0, 0.0, 0.0, 0.0], [0.18086019158363342, 0.3333333333333333, 0.7, 0.13725490196078433, 0.75, 0.09090909090909091, 0.0, 0.0, 0.18086019889053892, 0.20030021142040075, 0.20030021142040075, 0.0, 0.0, 0.0, 0.0, 0.0, 0.0, 0.0, 0.0, 0.0, 0.0, 0.0, 0.0, 0.0, 0.0, 0.0, 0.0, 0.0, 0.0, 0.0, 0.0, 0.0]]",0.20374298095703125,73.95870208740234,2.0,22.0,8.0,4.0,2.0,1.0,0.0,65.65225219726562,72.70897674560547,72.70897674560547,0.0,0.0,0.0,0.0,0.0,0.0,0.0,0.0,0.0,0.0,0.0,0.0,0.0,0.0,0.0,0.0,0.0,0.0,0.0,0.0,0.0,0.3333333333333333,0.7,0.13725490196078433,0.75,0.09090909090909091,0.0,0.0,0.18086019889053892,0.20030021142040075,0.20030021142040075,0.0,0.0,0.0,0.0,0.0,0.0,0.0,0.0,0.0,0.0,0.0,0.0,0.0,0.0,0.0,0.0,0.0,0.0,0.0,0.0,0.0
